Execute     source -notrace -encoding utf-8 /home/tools/Xilinx/Vitis/2024.2/tps/tcl/tcl8.6/clock.tcl 
Execute       source -encoding utf-8 /home/tools/Xilinx/Vitis/2024.2/tps/tcl/tcl8/8.5/msgcat-1.6.1.tm 
INFO-FLOW: Workspace /home/hoinguyen/Documents/Vitis/UpConv_HLS/upconv_core/upconv_core_top/hls opened at Thu Jun 18 11:20:58 +07 2026
Execute     send_msg_by_id INFO @200-1505@%s%s default  vivado 
INFO: [HLS 200-1505] Using default flow_target 'vivado'
Execute   apply_ini /home/hoinguyen/Documents/Vitis/UpConv_HLS/upconv_core/hls_config.cfg 
Execute     send_msg_by_id INFO @200-1465@%s 'syn.file=/home/hoinguyen/Documents/Vitis/UpConv_HLS/gen2/upconv_core_top.cpp' from /home/hoinguyen/Documents/Vitis/UpConv_HLS/upconv_core/hls_config.cfg(8) 
INFO: [HLS 200-1465] Applying ini 'syn.file=/home/hoinguyen/Documents/Vitis/UpConv_HLS/gen2/upconv_core_top.cpp' from /home/hoinguyen/Documents/Vitis/UpConv_HLS/upconv_core/hls_config.cfg(8)
Execute     add_files /home/hoinguyen/Documents/Vitis/UpConv_HLS/gen2/upconv_core_top.cpp 
INFO: [HLS 200-10] Adding design file '/home/hoinguyen/Documents/Vitis/UpConv_HLS/gen2/upconv_core_top.cpp' to the project
Execute     send_msg_by_id INFO @200-1465@%s 'tb.file=/home/hoinguyen/Documents/Vitis/UpConv_HLS/test.cpp' from /home/hoinguyen/Documents/Vitis/UpConv_HLS/upconv_core/hls_config.cfg(9) 
INFO: [HLS 200-1465] Applying ini 'tb.file=/home/hoinguyen/Documents/Vitis/UpConv_HLS/test.cpp' from /home/hoinguyen/Documents/Vitis/UpConv_HLS/upconv_core/hls_config.cfg(9)
Execute     add_files -tb /home/hoinguyen/Documents/Vitis/UpConv_HLS/test.cpp 
INFO: [HLS 200-10] Adding test bench file '/home/hoinguyen/Documents/Vitis/UpConv_HLS/test.cpp' to the project
Execute     send_msg_by_id INFO @200-1465@%s 'syn.top=upconv_core_top' from /home/hoinguyen/Documents/Vitis/UpConv_HLS/upconv_core/hls_config.cfg(7) 
INFO: [HLS 200-1465] Applying ini 'syn.top=upconv_core_top' from /home/hoinguyen/Documents/Vitis/UpConv_HLS/upconv_core/hls_config.cfg(7)
Execute     set_top upconv_core_top 
Execute     send_msg_by_id INFO @200-1465@%s 'flow_target=vivado' from /home/hoinguyen/Documents/Vitis/UpConv_HLS/upconv_core/hls_config.cfg(4) 
INFO: [HLS 200-1465] Applying ini 'flow_target=vivado' from /home/hoinguyen/Documents/Vitis/UpConv_HLS/upconv_core/hls_config.cfg(4)
Execute     send_msg_by_id INFO @200-1505@%s%s  vivado 
INFO: [HLS 200-1505] Using flow_target 'vivado'
Execute     send_msg_by_id INFO @200-1465@%s 'part=xczu7ev-ffvc1156-2-e' from /home/hoinguyen/Documents/Vitis/UpConv_HLS/upconv_core/hls_config.cfg(1) 
INFO: [HLS 200-1465] Applying ini 'part=xczu7ev-ffvc1156-2-e' from /home/hoinguyen/Documents/Vitis/UpConv_HLS/upconv_core/hls_config.cfg(1)
Execute     set_part xczu7ev-ffvc1156-2-e 
Execute       create_platform xczu7ev-ffvc1156-2-e -board  
DBG:HLSDevice: Trying to load device library: /home/tools/Xilinx/Vitis/2024.2/lib/lnx64.o/libxv_hlsvwrap.so
DBG:HLSDevice: first parts/arch.xml in RDI_DATADIR: /home/tools/Xilinx/Vivado/2024.2/data/parts/arch.xml
DBG:HLSDevice: init success
INFO: [HLS 200-1611] Setting target device to 'xczu7ev-ffvc1156-2-e'
Command       create_platform done; 0.65 sec.
Execute       source /home/tools/Xilinx/Vitis/2024.2/common/technology/xilinx/common/xilinx.gen 
Execute         source /home/tools/Xilinx/Vitis/2024.2/common/technology/xilinx/interface/plb46.gen 
Execute         source /home/tools/Xilinx/Vitis/2024.2/common/technology/xilinx/interface/axi4.gen 
Execute         source /home/tools/Xilinx/Vitis/2024.2/common/technology/xilinx/interface/nativeAXI4.gen 
Execute           source /home/tools/Xilinx/Vitis/2024.2/common/technology/xilinx/interface/saxilite.gen 
Execute         source /home/tools/Xilinx/Vitis/2024.2/common/technology/xilinx/scripts/xilinxcoregen.gen 
Execute         source /home/tools/Xilinx/Vitis/2024.2/common/technology/xilinx/interface/XilEDKCoreGen.gen 
Execute         source /home/tools/Xilinx/Vitis/2024.2/common/technology/xilinx/ip/xfft.gen 
Execute         source /home/tools/Xilinx/Vitis/2024.2/common/technology/xilinx/ip/util.gen 
Execute         source /home/tools/Xilinx/Vitis/2024.2/common/technology/xilinx/ip/dds_compiler.gen 
Execute         source /home/tools/Xilinx/Vitis/2024.2/common/technology/xilinx/ip/xfir.gen 
Execute         source /home/tools/Xilinx/Vitis/2024.2/common/technology/xilinx/DSP48/dsp48.gen 
Execute       ap_part_info -name xczu7ev-ffvc1156-2-e -data info 
Execute       config_compile -quiet -complex-mul-dsp=0 
Command     set_part done; 0.73 sec.
Execute     send_msg_by_id INFO @200-1465@%s 'clock=300MHz' from /home/hoinguyen/Documents/Vitis/UpConv_HLS/upconv_core/hls_config.cfg(10) 
INFO: [HLS 200-1465] Applying ini 'clock=300MHz' from /home/hoinguyen/Documents/Vitis/UpConv_HLS/upconv_core/hls_config.cfg(10)
Execute     create_clock -period 300MHz 
Execute       ap_set_clock -name default -period 3.333 -unit ns -default=false 
INFO: [SYN 201-201] Setting up clock 'default' with a period of 3.333ns.
Execute     send_msg_by_id INFO @200-1465@%s 'package.output.format=ip_catalog' from /home/hoinguyen/Documents/Vitis/UpConv_HLS/upconv_core/hls_config.cfg(5) 
INFO: [HLS 200-1465] Applying ini 'package.output.format=ip_catalog' from /home/hoinguyen/Documents/Vitis/UpConv_HLS/upconv_core/hls_config.cfg(5)
Execute     config_export -format=ip_catalog 
Command   apply_ini done; 0.74 sec.
Execute   apply_ini /home/hoinguyen/Documents/Vitis/UpConv_HLS/upconv_core/upconv_core_top/hls/config.cmdline 
Execute   ::AP::init_summary_file csynth 
Execute     AP::app_get_file_relativeroot [AP::app_get_root] {}
Execute   csynth_design 
INFO-FLOW: Running SLX 'csynth' proc: ::SLX::run_csynth
Execute     elaborate -effort=medium -skip_syncheck=0 -keep_printf=0 -skip_cdt=0 -skip_transform=0 -ng=0 -g=0 -opt_fp=0 -from_csynth_design=1 
INFO: [HLS 200-111] Finished File checks and directory preparation: CPU user time: 1.85 seconds. CPU system time: 0.18 seconds. Elapsed time: 1.96 seconds; current allocated memory: 324.934 MB.
Execute       set_directive_top upconv_core_top -name=upconv_core_top 
Execute       source /home/tools/Xilinx/Vitis/2024.2/tps/tcl/tcllib1.11.1/yaml/huddle.tcl 
Execute       source /home/tools/Xilinx/Vitis/2024.2/tps/tcl/tcllib1.11.1/yaml/json2huddle.tcl 
INFO: [HLS 200-10] Analyzing design file '../gen2/upconv_core_top.cpp' ... 
INFO-FLOW: Compiling one TU...
INFO-FLOW: Handling ../gen2/upconv_core_top.cpp as C++
Execute       ap_part_info -name xczu7ev-ffvc1156-2-e -data info 
INFO-FLOW: Running: GCC PP 39
INFO-FLOW: Source preprocessing
INFO-FLOW: run_clang exec: /home/tools/Xilinx/Vitis/2024.2/lnx64/tools/clang-3.9-csynth/bin/clang ../gen2/upconv_core_top.cpp -foptimization-record-file=/home/hoinguyen/Documents/Vitis/UpConv_HLS/upconv_core/upconv_core_top/hls/.autopilot/db/upconv_core_top.cpp.clang.diag.yml -mllvm -pass-remarks-missed=reflow|pasta|unroll|inline -mllvm -pass-remarks=reflow|pasta|unroll|inline -fno-limit-debug-info --gcc-toolchain=/home/tools/Xilinx/Vitis/2024.2/tps/lnx64/gcc-8.3.0 -fhls -fno-exceptions -insert-hls-directive=/home/hoinguyen/Documents/Vitis/UpConv_HLS/upconv_core/upconv_core_top/hls/.autopilot/db/all.directive.json -E -fno-math-errno -c -emit-llvm -mllvm -disable-llvm-optzns -Werror=implicit-function-declaration -Werror=implicit-hls-streams -Werror=return-type -Wpragmas -Wunused-parameter -Wdump-hls-pragmas -Wno-error=dump-hls-pragmas -hls-clock-period=3.333 -fno-threadsafe-statics -fno-use-cxa-atexit -std=gnu++14 -target fpga64-xilinx-linux-gnu -fno-threadsafe-statics -fno-use-cxa-atexit -D__VITIS_HLS__ -DAESL_SYN -D__SYNTHESIS__ -D__HLS_SYN__ -I /home/tools/Xilinx/Vitis/2024.2/common/technology/autopilot -I /home/tools/Xilinx/Vitis/2024.2/common/technology/autopilot/ap_sysc -include etc/autopilot_ssdm_op.h -D__DSP48E2__ -I /usr/include/x86_64-linux-gnu -o /home/hoinguyen/Documents/Vitis/UpConv_HLS/upconv_core/upconv_core_top/hls/.autopilot/db/upconv_core_top.pp.0.cpp -hls-platform-db-name=/home/tools/Xilinx/Vitis/2024.2/common/technology/xilinx/common/platform.db -hls-platform-name=zynquplus_medium -device-resource-info=BRAM_624.000000_DSP_1728.000000_FF_460800.000000_LUT_230400.000000_SLICE_28800.000000_URAM_96.000000 -device-name-info=xczu7ev-ffvc1156-2-e > /home/hoinguyen/Documents/Vitis/UpConv_HLS/upconv_core/upconv_core_top/hls/.autopilot/db/upconv_core_top.cpp.clang.out.log 2> /home/hoinguyen/Documents/Vitis/UpConv_HLS/upconv_core/upconv_core_top/hls/.autopilot/db/upconv_core_top.cpp.clang.err.log
INFO-FLOW: Done: GCC PP 39 time: 0.2 seconds per iteration
INFO-FLOW: Source syntax check for synthesis
INFO-FLOW: run_clang exec: /home/tools/Xilinx/Vitis/2024.2/lnx64/tools/clang-3.9-csynth/bin/clang -foptimization-record-file=/home/hoinguyen/Documents/Vitis/UpConv_HLS/upconv_core/upconv_core_top/hls/.autopilot/db/clang.diag.yml -mllvm -pass-remarks-missed=reflow|pasta|unroll|inline -mllvm -pass-remarks=reflow|pasta|unroll|inline -fsyntax-only -fhls -target fpga64-xilinx-linux-gnu /home/hoinguyen/Documents/Vitis/UpConv_HLS/upconv_core/upconv_core_top/hls/.autopilot/db/upconv_core_top.pp.0.cpp -hls-platform-db-name=/home/tools/Xilinx/Vitis/2024.2/common/technology/xilinx/common/platform.db -hls-platform-name=zynquplus_medium -device-resource-info=BRAM_624.000000_DSP_1728.000000_FF_460800.000000_LUT_230400.000000_SLICE_28800.000000_URAM_96.000000 -device-name-info=xczu7ev-ffvc1156-2-e > /home/hoinguyen/Documents/Vitis/UpConv_HLS/upconv_core/upconv_core_top/hls/.autopilot/db/clang.out.log 2> /home/hoinguyen/Documents/Vitis/UpConv_HLS/upconv_core/upconv_core_top/hls/.autopilot/db/clang.err.log
Execute       clang_tidy xilinx-systemc-detector -desc systemc-detector /home/hoinguyen/Documents/Vitis/UpConv_HLS/upconv_core/upconv_core_top/hls/.autopilot/db/upconv_core_top.pp.0.cpp std=gnu++14 -target fpga  -directive=/home/hoinguyen/Documents/Vitis/UpConv_HLS/upconv_core/upconv_core_top/hls/.autopilot/db/.systemc_flag 
INFO-FLOW: exec /home/tools/Xilinx/Vitis/2024.2/lnx64/tools/clang-3.9-csynth/bin/clang-tidy -header-filter=.* --checks=-*,xilinx-systemc-detector -import-directive=/home/hoinguyen/Documents/Vitis/UpConv_HLS/upconv_core/upconv_core_top/hls/.autopilot/db/.systemc_flag -fix-errors /home/hoinguyen/Documents/Vitis/UpConv_HLS/upconv_core/upconv_core_top/hls/.autopilot/db/upconv_core_top.pp.0.cpp -- -std=gnu++14 -target fpga -fhls -ferror-limit=0
Command       clang_tidy done; 1.75 sec.
INFO-FLOW: Running: clang-tidy CDT preprocess 39
Execute       clang_tidy xilinx-directive2pragma -desc directive2pragma /home/hoinguyen/Documents/Vitis/UpConv_HLS/upconv_core/upconv_core_top/hls/.autopilot/db/upconv_core_top.pp.0.cpp std=gnu++14 -target fpga  -directive=/home/hoinguyen/Documents/Vitis/UpConv_HLS/upconv_core/upconv_core_top/hls/.autopilot/db/all.directive.json 
INFO-FLOW: exec /home/tools/Xilinx/Vitis/2024.2/lnx64/tools/clang-3.9-csynth/bin/clang-tidy -header-filter=.* --checks=-*,xilinx-directive2pragma -import-directive=/home/hoinguyen/Documents/Vitis/UpConv_HLS/upconv_core/upconv_core_top/hls/.autopilot/db/all.directive.json -fix-errors /home/hoinguyen/Documents/Vitis/UpConv_HLS/upconv_core/upconv_core_top/hls/.autopilot/db/upconv_core_top.pp.0.cpp -- -std=gnu++14 -target fpga -fhls -ferror-limit=0
Command       clang_tidy done; 1.95 sec.
INFO-FLOW: Done: clang-tidy CDT preprocess 39 time: 2 seconds per iteration
INFO-FLOW: Calling xilinx-label-all-loops ... 
INFO-FLOW: Calling xilinx-aggregate-on-hls-vector ... 
Execute       clang_tidy -errorcheck -desc loop-label xilinx-label-all-loops,xilinx-aggregate-on-hls-vector,,xilinx-warn-mayneed-no-ctor-attribute /home/hoinguyen/Documents/Vitis/UpConv_HLS/upconv_core/upconv_core_top/hls/.autopilot/db/upconv_core_top.pp.0.cpp std=gnu++14 -target fpga  
INFO-FLOW: run_clang exec: /home/tools/Xilinx/Vitis/2024.2/lnx64/tools/clang-3.9-csynth/bin/clang-tidy -export-fixes=/home/hoinguyen/Documents/Vitis/UpConv_HLS/upconv_core/upconv_core_top/hls/.autopilot/db/upconv_core_top.pp.0.cpp.clang-tidy.loop-label.diag.yml -header-filter=.* --checks=-*,xilinx-label-all-loops,xilinx-aggregate-on-hls-vector,,xilinx-warn-mayneed-no-ctor-attribute -fix-errors /home/hoinguyen/Documents/Vitis/UpConv_HLS/upconv_core/upconv_core_top/hls/.autopilot/db/upconv_core_top.pp.0.cpp -- -std=gnu++14 -target fpga -fhls -ferror-limit=0 > /home/hoinguyen/Documents/Vitis/UpConv_HLS/upconv_core/upconv_core_top/hls/.autopilot/db/upconv_core_top.pp.0.cpp.clang-tidy.loop-label.out.log 2> /home/hoinguyen/Documents/Vitis/UpConv_HLS/upconv_core/upconv_core_top/hls/.autopilot/db/upconv_core_top.pp.0.cpp.clang-tidy.loop-label.err.log
Execute         source /home/tools/Xilinx/Vitis/2024.2/tps/tcl/tcllib1.11.1/yaml/yaml.tcl 
Command       clang_tidy done; 3.38 sec.
INFO-FLOW: run_clang exec: /home/tools/Xilinx/Vitis/2024.2/lnx64/tools/clang-3.9-csynth/bin/xilinx-dataflow-lawyer -export-fixes=/home/hoinguyen/Documents/Vitis/UpConv_HLS/upconv_core/upconv_core_top/hls/.autopilot/db/upconv_core_top.pp.0.cpp.xilinx-dataflow-lawyer.diag.yml /home/hoinguyen/Documents/Vitis/UpConv_HLS/upconv_core/upconv_core_top/hls/.autopilot/db/upconv_core_top.pp.0.cpp -- -std=gnu++14 -target fpga -fhls -ferror-limit=0 -fstrict-dataflow > /home/hoinguyen/Documents/Vitis/UpConv_HLS/upconv_core/upconv_core_top/hls/.autopilot/db/upconv_core_top.pp.0.cpp.xilinx-dataflow-lawyer.out.log 2> /home/hoinguyen/Documents/Vitis/UpConv_HLS/upconv_core/upconv_core_top/hls/.autopilot/db/upconv_core_top.pp.0.cpp.xilinx-dataflow-lawyer.err.log
WARNING: [HLS 214-110] As the loop bound is not a constant or function argument, the compiler may not successfully process the dataflow loop (../gen2/Hls_Layers_UpConv.tpp:213:42)
WARNING: [HLS 214-113] Either use an argument of the function or declare the variable inside the dataflow loop body (../gen2/Hls_Layers_UpConv.tpp:219:40)
WARNING: [HLS 214-113] Either use an argument of the function or declare the variable inside the dataflow loop body (../gen2/Hls_Layers_UpConv.tpp:220:43)
WARNING: [HLS 214-113] Either use an argument of the function or declare the variable inside the dataflow loop body (../gen2/Hls_Layers_UpConv.tpp:220:74)
WARNING: [HLS 214-113] Either use an argument of the function or declare the variable inside the dataflow loop body (../gen2/Hls_Layers_UpConv.tpp:220:84)
Execute       send_msg_by_id WARNING @200-471@%s%s 5 ../gen2/upconv_core_top.cpp 
WARNING: [HLS 200-471] Dataflow form checks found 5 issue(s) in file ../gen2/upconv_core_top.cpp
Execute       ap_part_info -name xczu7ev-ffvc1156-2-e -data info 
INFO-FLOW: compiling source code to llvm bc
INFO-FLOW: run_clang exec: /home/tools/Xilinx/Vitis/2024.2/lnx64/tools/clang-3.9-csynth/bin/clang -foptimization-record-file=/home/hoinguyen/Documents/Vitis/UpConv_HLS/upconv_core/upconv_core_top/hls/.autopilot/db/upconv_core_top.pp.0.cpp.clang.diag.yml -mllvm -pass-remarks-missed=reflow|pasta|unroll|inline -mllvm -pass-remarks=reflow|pasta|unroll|inline -fno-limit-debug-info -fhls -flto -fno-exceptions -Wno-error=c++11-narrowing -hls-emit-hint-scope /home/hoinguyen/Documents/Vitis/UpConv_HLS/upconv_core/upconv_core_top/hls/.autopilot/db/upconv_core_top.pp.0.cpp -fno-math-errno -c -emit-llvm -mllvm -disable-llvm-optzns -Werror=implicit-function-declaration -Werror=implicit-hls-streams -Werror=return-type -Wpragmas -Wunused-parameter -Wdump-hls-pragmas -Wno-error=dump-hls-pragmas -hls-clock-period=3.333 -fno-threadsafe-statics -fno-use-cxa-atexit -std=gnu++14 -target fpga64-xilinx-linux-gnu -D__VITIS_HLS__ -DAESL_SYN -D__SYNTHESIS__ -D__HLS_SYN__ -I /home/tools/Xilinx/Vitis/2024.2/common/technology/autopilot -I /home/tools/Xilinx/Vitis/2024.2/common/technology/autopilot/ap_sysc -include etc/autopilot_ssdm_op.h -D__DSP48E2__ -g -o /home/hoinguyen/Documents/Vitis/UpConv_HLS/upconv_core/upconv_core_top/hls/.autopilot/db/upconv_core_top.bc -hls-platform-db-name=/home/tools/Xilinx/Vitis/2024.2/common/technology/xilinx/common/platform.db -hls-platform-name=zynquplus_medium -device-resource-info=BRAM_624.000000_DSP_1728.000000_FF_460800.000000_LUT_230400.000000_SLICE_28800.000000_URAM_96.000000 -device-name-info=xczu7ev-ffvc1156-2-e > /home/hoinguyen/Documents/Vitis/UpConv_HLS/upconv_core/upconv_core_top/hls/.autopilot/db/upconv_core_top.pp.0.cpp.clang.out.log 2> /home/hoinguyen/Documents/Vitis/UpConv_HLS/upconv_core/upconv_core_top/hls/.autopilot/db/upconv_core_top.pp.0.cpp.clang.err.log
INFO: [HLS 200-111] Finished Source Code Analysis and Preprocessing: CPU user time: 11.37 seconds. CPU system time: 0.76 seconds. Elapsed time: 12.43 seconds; current allocated memory: 331.738 MB.
INFO-FLOW: Linking Debug ...
INFO-FLOW: Linking dut bc code.
Execute       run_link_or_opt -out /home/hoinguyen/Documents/Vitis/UpConv_HLS/upconv_core/upconv_core_top/hls/.autopilot/db/a.g.ld.0.bc -args  "/home/hoinguyen/Documents/Vitis/UpConv_HLS/upconv_core/upconv_core_top/hls/.autopilot/db/upconv_core_top.g.bc"  
INFO-FLOW: run_clang exec: /home/tools/Xilinx/Vitis/2024.2/lnx64/tools/clang-3.9-csynth/bin/llvm-link /home/hoinguyen/Documents/Vitis/UpConv_HLS/upconv_core/upconv_core_top/hls/.autopilot/db/upconv_core_top.g.bc -o /home/hoinguyen/Documents/Vitis/UpConv_HLS/upconv_core/upconv_core_top/hls/.autopilot/db/a.g.ld.0.bc > /home/hoinguyen/Documents/Vitis/UpConv_HLS/upconv_core/upconv_core_top/hls/.autopilot/db/a.g.ld.0.bc.llvm-link.out.log 2> /home/hoinguyen/Documents/Vitis/UpConv_HLS/upconv_core/upconv_core_top/hls/.autopilot/db/a.g.ld.0.bc.llvm-link.err.log
Execute       run_link_or_opt -opt -out /home/hoinguyen/Documents/Vitis/UpConv_HLS/upconv_core/upconv_core_top/hls/.autopilot/db/a.g.ld.1.lower.bc -args /home/hoinguyen/Documents/Vitis/UpConv_HLS/upconv_core/upconv_core_top/hls/.autopilot/db/a.g.ld.0.bc -reflow-lower-math-intrinsics 
INFO-FLOW: run_clang exec: /home/tools/Xilinx/Vitis/2024.2/lnx64/tools/clang-3.9-csynth/bin/opt -pass-remarks-missed=reflow|pasta|unroll|inline -pass-remarks=reflow|pasta|unroll|inline -pass-remarks-output=/home/hoinguyen/Documents/Vitis/UpConv_HLS/upconv_core/upconv_core_top/hls/.autopilot/db/a.g.ld.1.lower.bc.opt.diag.yml /home/hoinguyen/Documents/Vitis/UpConv_HLS/upconv_core/upconv_core_top/hls/.autopilot/db/a.g.ld.0.bc -reflow-lower-math-intrinsics -o /home/hoinguyen/Documents/Vitis/UpConv_HLS/upconv_core/upconv_core_top/hls/.autopilot/db/a.g.ld.1.lower.bc > /home/hoinguyen/Documents/Vitis/UpConv_HLS/upconv_core/upconv_core_top/hls/.autopilot/db/a.g.ld.1.lower.bc.opt.out.log 2> /home/hoinguyen/Documents/Vitis/UpConv_HLS/upconv_core/upconv_core_top/hls/.autopilot/db/a.g.ld.1.lower.bc.opt.err.log
INFO-FLOW: Running: gen_design_size_report post-opt
INFO-FLOW: Done: gen_design_size_report post-opt time: 0 seconds per iteration
Command       run_link_or_opt done; 0.12 sec.
INFO-FLOW: Linking math bc lib
Execute       run_link_or_opt -out /home/hoinguyen/Documents/Vitis/UpConv_HLS/upconv_core/upconv_core_top/hls/.autopilot/db/a.g.ld.2.m1.bc -args /home/hoinguyen/Documents/Vitis/UpConv_HLS/upconv_core/upconv_core_top/hls/.autopilot/db/a.g.ld.1.lower.bc -only-needed /home/tools/Xilinx/Vitis/2024.2/lnx64/lib/libhlsm_39.bc /home/tools/Xilinx/Vitis/2024.2/lnx64/lib/libhlsmc++_39.bc 
INFO-FLOW: run_clang exec: /home/tools/Xilinx/Vitis/2024.2/lnx64/tools/clang-3.9-csynth/bin/llvm-link /home/hoinguyen/Documents/Vitis/UpConv_HLS/upconv_core/upconv_core_top/hls/.autopilot/db/a.g.ld.1.lower.bc -only-needed /home/tools/Xilinx/Vitis/2024.2/lnx64/lib/libhlsm_39.bc /home/tools/Xilinx/Vitis/2024.2/lnx64/lib/libhlsmc++_39.bc -o /home/hoinguyen/Documents/Vitis/UpConv_HLS/upconv_core/upconv_core_top/hls/.autopilot/db/a.g.ld.2.m1.bc > /home/hoinguyen/Documents/Vitis/UpConv_HLS/upconv_core/upconv_core_top/hls/.autopilot/db/a.g.ld.2.m1.bc.llvm-link.out.log 2> /home/hoinguyen/Documents/Vitis/UpConv_HLS/upconv_core/upconv_core_top/hls/.autopilot/db/a.g.ld.2.m1.bc.llvm-link.err.log
Command       run_link_or_opt done; 1.01 sec.
Execute       run_link_or_opt -opt -out /home/hoinguyen/Documents/Vitis/UpConv_HLS/upconv_core/upconv_core_top/hls/.autopilot/db/a.g.ld.3.fpc.bc -args /home/hoinguyen/Documents/Vitis/UpConv_HLS/upconv_core/upconv_core_top/hls/.autopilot/db/a.g.ld.2.m1.bc -reflow-globaldce -hls-top-function-name=upconv_core_top -reflow-float-conversion 
INFO-FLOW: run_clang exec: /home/tools/Xilinx/Vitis/2024.2/lnx64/tools/clang-3.9-csynth/bin/opt -pass-remarks-missed=reflow|pasta|unroll|inline -pass-remarks=reflow|pasta|unroll|inline -pass-remarks-output=/home/hoinguyen/Documents/Vitis/UpConv_HLS/upconv_core/upconv_core_top/hls/.autopilot/db/a.g.ld.3.fpc.bc.opt.diag.yml /home/hoinguyen/Documents/Vitis/UpConv_HLS/upconv_core/upconv_core_top/hls/.autopilot/db/a.g.ld.2.m1.bc -reflow-globaldce -hls-top-function-name=upconv_core_top -reflow-float-conversion -o /home/hoinguyen/Documents/Vitis/UpConv_HLS/upconv_core/upconv_core_top/hls/.autopilot/db/a.g.ld.3.fpc.bc > /home/hoinguyen/Documents/Vitis/UpConv_HLS/upconv_core/upconv_core_top/hls/.autopilot/db/a.g.ld.3.fpc.bc.opt.out.log 2> /home/hoinguyen/Documents/Vitis/UpConv_HLS/upconv_core/upconv_core_top/hls/.autopilot/db/a.g.ld.3.fpc.bc.opt.err.log
INFO-FLOW: Running: gen_design_size_report post-opt
INFO-FLOW: Done: gen_design_size_report post-opt time: 0 seconds per iteration
Command       run_link_or_opt done; 0.42 sec.
Execute       run_link_or_opt -out /home/hoinguyen/Documents/Vitis/UpConv_HLS/upconv_core/upconv_core_top/hls/.autopilot/db/a.g.ld.4.m2.bc -args /home/hoinguyen/Documents/Vitis/UpConv_HLS/upconv_core/upconv_core_top/hls/.autopilot/db/a.g.ld.3.fpc.bc -only-needed /home/tools/Xilinx/Vitis/2024.2/lnx64/lib/libfloatconversion_39.bc 
INFO-FLOW: run_clang exec: /home/tools/Xilinx/Vitis/2024.2/lnx64/tools/clang-3.9-csynth/bin/llvm-link /home/hoinguyen/Documents/Vitis/UpConv_HLS/upconv_core/upconv_core_top/hls/.autopilot/db/a.g.ld.3.fpc.bc -only-needed /home/tools/Xilinx/Vitis/2024.2/lnx64/lib/libfloatconversion_39.bc -o /home/hoinguyen/Documents/Vitis/UpConv_HLS/upconv_core/upconv_core_top/hls/.autopilot/db/a.g.ld.4.m2.bc > /home/hoinguyen/Documents/Vitis/UpConv_HLS/upconv_core/upconv_core_top/hls/.autopilot/db/a.g.ld.4.m2.bc.llvm-link.out.log 2> /home/hoinguyen/Documents/Vitis/UpConv_HLS/upconv_core/upconv_core_top/hls/.autopilot/db/a.g.ld.4.m2.bc.llvm-link.err.log
Execute       run_link_or_opt -opt -out /home/hoinguyen/Documents/Vitis/UpConv_HLS/upconv_core/upconv_core_top/hls/.autopilot/db/a.g.ld.5.gdce.bc -args /home/hoinguyen/Documents/Vitis/UpConv_HLS/upconv_core/upconv_core_top/hls/.autopilot/db/a.g.ld.4.m2.bc -reflow-globaldce -hls-top-function-name=upconv_core_top 
INFO-FLOW: run_clang exec: /home/tools/Xilinx/Vitis/2024.2/lnx64/tools/clang-3.9-csynth/bin/opt -pass-remarks-missed=reflow|pasta|unroll|inline -pass-remarks=reflow|pasta|unroll|inline -pass-remarks-output=/home/hoinguyen/Documents/Vitis/UpConv_HLS/upconv_core/upconv_core_top/hls/.autopilot/db/a.g.ld.5.gdce.bc.opt.diag.yml /home/hoinguyen/Documents/Vitis/UpConv_HLS/upconv_core/upconv_core_top/hls/.autopilot/db/a.g.ld.4.m2.bc -reflow-globaldce -hls-top-function-name=upconv_core_top -o /home/hoinguyen/Documents/Vitis/UpConv_HLS/upconv_core/upconv_core_top/hls/.autopilot/db/a.g.ld.5.gdce.bc > /home/hoinguyen/Documents/Vitis/UpConv_HLS/upconv_core/upconv_core_top/hls/.autopilot/db/a.g.ld.5.gdce.bc.opt.out.log 2> /home/hoinguyen/Documents/Vitis/UpConv_HLS/upconv_core/upconv_core_top/hls/.autopilot/db/a.g.ld.5.gdce.bc.opt.err.log
INFO-FLOW: Running: gen_design_size_report post-opt
INFO-FLOW: Done: gen_design_size_report post-opt time: 0 seconds per iteration
Execute       send_msg_by_id INFO @200-777@%s Vivado 
INFO: [HLS 200-777] Using interface defaults for 'Vivado' flow target.
Execute       is_m_axi_addr64 
INFO-FLOW: Doing LTO.
INFO-FLOW: run_clang (background poll_ms 5000) exec: /home/tools/Xilinx/Vitis/2024.2/lnx64/tools/clang-3.9-csynth/bin/clang -foptimization-record-file=/home/hoinguyen/Documents/Vitis/UpConv_HLS/upconv_core/upconv_core_top/hls/.autopilot/db/a.g.ld.0.bc.clang.reflow.diag.yml -mllvm -pass-remarks-missed=reflow|pasta|unroll|inline -mllvm -pass-remarks=reflow|pasta|unroll|inline -fhls -mllvm -hls-top-function-name=upconv_core_top -mllvm -hls-db-dir -mllvm /home/hoinguyen/Documents/Vitis/UpConv_HLS/upconv_core/upconv_core_top/hls/.autopilot/db -emit-llvm -c -target fpga64-xilinx-none -mllvm -xcl-xmlinfo=/home/hoinguyen/Documents/Vitis/UpConv_HLS/upconv_core/upconv_core_top/hls/.autopilot/db/kernel.internal.xml -mllvm -top-io-mapping-info=/home/hoinguyen/Documents/Vitis/UpConv_HLS/upconv_core/upconv_core_top/hls/.autopilot/db/top-io-fe.xml -mllvm -hls-bitcode-version=3.1 -mllvm -reflow-enable-slave-interface-default-setting=true -mllvm -gen-kernel-xml=false -mllvm -default-maxi-offset=slave -mllvm -maxi-latency=0 -mllvm -hls-maxi-data-size-in-bits=8 -mllvm -hls-maxi-max-data-size-in-bits=1024 -mllvm -hls-max-widen-size-in-bits=0 -mllvm -xcl-kernel-max-mem-ports=0 -mllvm -maxi-read-trans=16 -mllvm -maxi-write-trans=16 -mllvm -maxi-read-burst-len=16 -mllvm -maxi-write-burst-len=16 -mllvm -reflow-enable-saxi-64bits=0 -mllvm -reflow-basic-block-instr-threshold=200000 -mllvm -reflow-auto-pipeline-threshold=64 -mllvm -reflow-enable-maxi-auto-id-channel=0 -mllvm -reflow-bdd-simplify-threshold=1048576 -mllvm -reflow-fanout-threshold=16 -mllvm -reflow-complete-threshold=4 -mllvm -reflow-array-promotion-threshold=64 -mllvm -assume-maxi-align=1 -mllvm -reflow-enable-dataflow-strict-mode-checking=1 -ftime-report -mllvm -time-passes -mllvm -reflow-auto-array-partition-mode=default -mllvm -reflow-enable-auto-small-array-partition=true -mllvm -reflow-enable-auto-array-promotion=true -mllvm -reflow-enable-auto-array-partition-for-flatten=true -mllvm -reflow-enable-auto-parallel-performance-driven=true -mllvm -reflow-enable-partition-for-automation=true -mllvm -reflow-aggregate-bitwidth-threshold=4096 -mllvm -reflow-reserved-saxilite-registers=0 -mllvm -enable-reflow-auto-loop-pipeline -mllvm -reflow-max-unroll-threshold=409600 -mllvm -auto-unroll-tripcount-threshold=0 -mllvm -reflow-assume-no-address-wrap=true -mllvm -reflow-enable-occurrence-inference=true -mllvm -reflow-emit-hint-scope=true -mllvm -reflow-enable-codegen-with-if=true -mllvm -reflow-enable-dataflow-canon=true -mllvm -reflow-enable-dataflow-canon2=true -mllvm -hls -mllvm -disable-inlined-alloca-merging=true -mllvm -default-clock-period=3.333 -mllvm -use_read_first_ram_in_loop=1 -mllvm -default-clock-uncertainty=0.9 -x ir /home/hoinguyen/Documents/Vitis/UpConv_HLS/upconv_core/upconv_core_top/hls/.autopilot/db/a.g.ld.5.gdce.bc -o /home/hoinguyen/Documents/Vitis/UpConv_HLS/upconv_core/upconv_core_top/hls/.autopilot/db/a.g.lto.bc -hls-platform-db-name=/home/tools/Xilinx/Vitis/2024.2/common/technology/xilinx/common/platform.db -hls-platform-name=zynquplus_medium -device-resource-info=BRAM_624.000000_DSP_1728.000000_FF_460800.000000_LUT_230400.000000_SLICE_28800.000000_URAM_96.000000 -device-name-info=xczu7ev-ffvc1156-2-e 2> /home/hoinguyen/Documents/Vitis/UpConv_HLS/upconv_core/upconv_core_top/hls/.autopilot/db/a.g.ld.0.bc.clang.reflow.err.log bg_poll_cmd: ::AP::poll_clang_39_closed_source
Execute       send_msg_by_id INFO @200-1995@%s%s%s 4,118 Compile/Link /home/hoinguyen/Documents/Vitis/UpConv_HLS/upconv_core/upconv_core_top/hls/syn/report/csynth_design_size.rpt 
INFO: [HLS 200-1995] There were 4,118 instructions in the design after the 'Compile/Link' phase of compilation. See the Design Size Report for more details: /home/hoinguyen/Documents/Vitis/UpConv_HLS/upconv_core/upconv_core_top/hls/syn/report/csynth_design_size.rpt
Execute       send_msg_by_id INFO @200-1995@%s%s%s 9,661 Unroll/Inline (step 1) /home/hoinguyen/Documents/Vitis/UpConv_HLS/upconv_core/upconv_core_top/hls/syn/report/csynth_design_size.rpt 
INFO: [HLS 200-1995] There were 9,661 instructions in the design after the 'Unroll/Inline (step 1)' phase of compilation. See the Design Size Report for more details: /home/hoinguyen/Documents/Vitis/UpConv_HLS/upconv_core/upconv_core_top/hls/syn/report/csynth_design_size.rpt
Execute       send_msg_by_id INFO @200-1995@%s%s%s 7,929 Unroll/Inline (step 2) /home/hoinguyen/Documents/Vitis/UpConv_HLS/upconv_core/upconv_core_top/hls/syn/report/csynth_design_size.rpt 
INFO: [HLS 200-1995] There were 7,929 instructions in the design after the 'Unroll/Inline (step 2)' phase of compilation. See the Design Size Report for more details: /home/hoinguyen/Documents/Vitis/UpConv_HLS/upconv_core/upconv_core_top/hls/syn/report/csynth_design_size.rpt
Execute       send_msg_by_id INFO @200-1995@%s%s%s 7,900 Unroll/Inline (step 3) /home/hoinguyen/Documents/Vitis/UpConv_HLS/upconv_core/upconv_core_top/hls/syn/report/csynth_design_size.rpt 
INFO: [HLS 200-1995] There were 7,900 instructions in the design after the 'Unroll/Inline (step 3)' phase of compilation. See the Design Size Report for more details: /home/hoinguyen/Documents/Vitis/UpConv_HLS/upconv_core/upconv_core_top/hls/syn/report/csynth_design_size.rpt
Execute       send_msg_by_id INFO @200-1995@%s%s%s 7,819 Unroll/Inline (step 4) /home/hoinguyen/Documents/Vitis/UpConv_HLS/upconv_core/upconv_core_top/hls/syn/report/csynth_design_size.rpt 
INFO: [HLS 200-1995] There were 7,819 instructions in the design after the 'Unroll/Inline (step 4)' phase of compilation. See the Design Size Report for more details: /home/hoinguyen/Documents/Vitis/UpConv_HLS/upconv_core/upconv_core_top/hls/syn/report/csynth_design_size.rpt
Execute       send_msg_by_id INFO @200-1995@%s%s%s 14,497 Array/Struct (step 1) /home/hoinguyen/Documents/Vitis/UpConv_HLS/upconv_core/upconv_core_top/hls/syn/report/csynth_design_size.rpt 
INFO: [HLS 200-1995] There were 14,497 instructions in the design after the 'Array/Struct (step 1)' phase of compilation. See the Design Size Report for more details: /home/hoinguyen/Documents/Vitis/UpConv_HLS/upconv_core/upconv_core_top/hls/syn/report/csynth_design_size.rpt
Execute       send_msg_by_id INFO @200-1995@%s%s%s 10,260 Array/Struct (step 2) /home/hoinguyen/Documents/Vitis/UpConv_HLS/upconv_core/upconv_core_top/hls/syn/report/csynth_design_size.rpt 
INFO: [HLS 200-1995] There were 10,260 instructions in the design after the 'Array/Struct (step 2)' phase of compilation. See the Design Size Report for more details: /home/hoinguyen/Documents/Vitis/UpConv_HLS/upconv_core/upconv_core_top/hls/syn/report/csynth_design_size.rpt
Execute       send_msg_by_id INFO @200-1995@%s%s%s 10,260 Array/Struct (step 3) /home/hoinguyen/Documents/Vitis/UpConv_HLS/upconv_core/upconv_core_top/hls/syn/report/csynth_design_size.rpt 
INFO: [HLS 200-1995] There were 10,260 instructions in the design after the 'Array/Struct (step 3)' phase of compilation. See the Design Size Report for more details: /home/hoinguyen/Documents/Vitis/UpConv_HLS/upconv_core/upconv_core_top/hls/syn/report/csynth_design_size.rpt
Execute       send_msg_by_id INFO @200-1995@%s%s%s 10,256 Array/Struct (step 4) /home/hoinguyen/Documents/Vitis/UpConv_HLS/upconv_core/upconv_core_top/hls/syn/report/csynth_design_size.rpt 
INFO: [HLS 200-1995] There were 10,256 instructions in the design after the 'Array/Struct (step 4)' phase of compilation. See the Design Size Report for more details: /home/hoinguyen/Documents/Vitis/UpConv_HLS/upconv_core/upconv_core_top/hls/syn/report/csynth_design_size.rpt
Execute       send_msg_by_id INFO @200-1995@%s%s%s 10,327 Array/Struct (step 5) /home/hoinguyen/Documents/Vitis/UpConv_HLS/upconv_core/upconv_core_top/hls/syn/report/csynth_design_size.rpt 
INFO: [HLS 200-1995] There were 10,327 instructions in the design after the 'Array/Struct (step 5)' phase of compilation. See the Design Size Report for more details: /home/hoinguyen/Documents/Vitis/UpConv_HLS/upconv_core/upconv_core_top/hls/syn/report/csynth_design_size.rpt
Execute       send_msg_by_id INFO @200-1995@%s%s%s 10,271 Performance (step 1) /home/hoinguyen/Documents/Vitis/UpConv_HLS/upconv_core/upconv_core_top/hls/syn/report/csynth_design_size.rpt 
INFO: [HLS 200-1995] There were 10,271 instructions in the design after the 'Performance (step 1)' phase of compilation. See the Design Size Report for more details: /home/hoinguyen/Documents/Vitis/UpConv_HLS/upconv_core/upconv_core_top/hls/syn/report/csynth_design_size.rpt
Execute       send_msg_by_id INFO @200-1995@%s%s%s 10,271 Performance (step 2) /home/hoinguyen/Documents/Vitis/UpConv_HLS/upconv_core/upconv_core_top/hls/syn/report/csynth_design_size.rpt 
INFO: [HLS 200-1995] There were 10,271 instructions in the design after the 'Performance (step 2)' phase of compilation. See the Design Size Report for more details: /home/hoinguyen/Documents/Vitis/UpConv_HLS/upconv_core/upconv_core_top/hls/syn/report/csynth_design_size.rpt
Execute       send_msg_by_id INFO @200-1995@%s%s%s 10,249 Performance (step 3) /home/hoinguyen/Documents/Vitis/UpConv_HLS/upconv_core/upconv_core_top/hls/syn/report/csynth_design_size.rpt 
INFO: [HLS 200-1995] There were 10,249 instructions in the design after the 'Performance (step 3)' phase of compilation. See the Design Size Report for more details: /home/hoinguyen/Documents/Vitis/UpConv_HLS/upconv_core/upconv_core_top/hls/syn/report/csynth_design_size.rpt
Execute       send_msg_by_id INFO @200-1995@%s%s%s 10,249 Performance (step 4) /home/hoinguyen/Documents/Vitis/UpConv_HLS/upconv_core/upconv_core_top/hls/syn/report/csynth_design_size.rpt 
INFO: [HLS 200-1995] There were 10,249 instructions in the design after the 'Performance (step 4)' phase of compilation. See the Design Size Report for more details: /home/hoinguyen/Documents/Vitis/UpConv_HLS/upconv_core/upconv_core_top/hls/syn/report/csynth_design_size.rpt
Execute       send_msg_by_id INFO @200-1995@%s%s%s 10,322 HW Transforms (step 1) /home/hoinguyen/Documents/Vitis/UpConv_HLS/upconv_core/upconv_core_top/hls/syn/report/csynth_design_size.rpt 
INFO: [HLS 200-1995] There were 10,322 instructions in the design after the 'HW Transforms (step 1)' phase of compilation. See the Design Size Report for more details: /home/hoinguyen/Documents/Vitis/UpConv_HLS/upconv_core/upconv_core_top/hls/syn/report/csynth_design_size.rpt
Execute       send_msg_by_id INFO @200-1995@%s%s%s 9,734 HW Transforms (step 2) /home/hoinguyen/Documents/Vitis/UpConv_HLS/upconv_core/upconv_core_top/hls/syn/report/csynth_design_size.rpt 
INFO: [HLS 200-1995] There were 9,734 instructions in the design after the 'HW Transforms (step 2)' phase of compilation. See the Design Size Report for more details: /home/hoinguyen/Documents/Vitis/UpConv_HLS/upconv_core/upconv_core_top/hls/syn/report/csynth_design_size.rpt
INFO: [HLS 214-131] Inlining function 'half bits_to_half<half>(ap_uint<16>)' into 'void uc_compute_tile<8>(ap_uint<256> (*) [540], ap_uint<256>*, half (*) [480], int, int, int, int, int, int, int)' (../gen2/Hls_Layers_UpConv.tpp:135:37)
INFO: [HLS 214-131] Inlining function 'ap_uint<16> half_to_bits<half>(half)' into 'void UpConv_Fused_Row<8>(ap_uint<256>*, ap_uint<256> const*, ap_uint<256> const*, ap_uint<256> const*, ap_uint<256> const*, ap_uint<256>*, half, int, int, int, int, int)' (../gen2/Hls_Layers_UpConv.tpp:295:45)
INFO: [HLS 214-131] Inlining function 'half bits_to_half<half>(ap_uint<16>)' into 'void UpConv_Fused_Row<8>(ap_uint<256>*, ap_uint<256> const*, ap_uint<256> const*, ap_uint<256> const*, ap_uint<256> const*, ap_uint<256>*, half, int, int, int, int, int)' (../gen2/Hls_Layers_UpConv.tpp:292:25)
INFO: [HLS 214-131] Inlining function 'my_sqrt_f(float)' into 'void UpConv_Fused_Row<8>(ap_uint<256>*, ap_uint<256> const*, ap_uint<256> const*, ap_uint<256> const*, ap_uint<256> const*, ap_uint<256>*, half, int, int, int, int, int)' (../gen2/Hls_Layers_UpConv.tpp:273:43)
INFO: [HLS 214-291] Loop 'VITIS_LOOP_287_3' is marked as complete unroll implied by the pipeline pragma (../gen2/Hls_Layers_UpConv.tpp:287:27)
INFO: [HLS 214-291] Loop 'VITIS_LOOP_265_2' is marked as complete unroll implied by the pipeline pragma (../gen2/Hls_Layers_UpConv.tpp:265:31)
INFO: [HLS 214-291] Loop 'VITIS_LOOP_203_1' is marked as complete unroll implied by the pipeline pragma (../gen2/Hls_Layers_UpConv.tpp:203:20)
INFO: [HLS 214-291] Loop 'TC_MAC' is marked as complete unroll implied by the pipeline pragma (../gen2/Hls_Layers_UpConv.tpp:128:25)
INFO: [HLS 214-291] Loop 'VITIS_LOOP_132_1' is marked as complete unroll implied by the pipeline pragma (../gen2/Hls_Layers_UpConv.tpp:132:39)
INFO: [HLS 214-291] Loop 'ACC_WRITE' is marked as complete unroll implied by the pipeline pragma (../gen2/Hls_Layers_UpConv.tpp:148:36)
WARNING: [HLS 214-398] Updating loop lower bound from 2 to 3 for loop 'KW_LOOP' (../gen2/Hls_Layers_UpConv.tpp:109:18) in function 'uc_compute_tile<8>'. (../gen2/Hls_Layers_UpConv.tpp:97:0)
INFO: [HLS 214-186] Unrolling loop 'VITIS_LOOP_287_3' (../gen2/Hls_Layers_UpConv.tpp:287:27) in function 'UpConv_Fused_Row<8>' completely with a factor of 16 (../gen2/Hls_Layers_UpConv.tpp:176:0)
INFO: [HLS 214-186] Unrolling loop 'VITIS_LOOP_265_2' (../gen2/Hls_Layers_UpConv.tpp:265:31) in function 'UpConv_Fused_Row<8>' completely with a factor of 8 (../gen2/Hls_Layers_UpConv.tpp:176:0)
INFO: [HLS 214-186] Unrolling loop 'VITIS_LOOP_203_1' (../gen2/Hls_Layers_UpConv.tpp:203:20) in function 'UpConv_Fused_Row<8>' completely with a factor of 16 (../gen2/Hls_Layers_UpConv.tpp:176:0)
INFO: [HLS 214-186] Unrolling loop 'TC_MAC' (../gen2/Hls_Layers_UpConv.tpp:128:25) in function 'uc_compute_tile<8>' completely with a factor of 8 (../gen2/Hls_Layers_UpConv.tpp:97:0)
INFO: [HLS 214-186] Unrolling loop 'VITIS_LOOP_132_1' (../gen2/Hls_Layers_UpConv.tpp:132:39) in function 'uc_compute_tile<8>' completely with a factor of 16 (../gen2/Hls_Layers_UpConv.tpp:97:0)
INFO: [HLS 214-186] Unrolling loop 'ACC_WRITE' (../gen2/Hls_Layers_UpConv.tpp:148:36) in function 'uc_compute_tile<8>' completely with a factor of 8 (../gen2/Hls_Layers_UpConv.tpp:97:0)
INFO: [HLS 214-178] Inlining function 'hls::sqrtf(float)' into 'void UpConv_Fused_Row<8>(ap_uint<256>*, ap_uint<256> const*, ap_uint<256> const*, ap_uint<256> const*, ap_uint<256> const*, ap_uint<256>*, half, int, int, int, int, int)' (../gen2/Hls_Layers_UpConv.tpp:176:0)
INFO: [HLS 214-248] Applying array_partition to '_ZZ16UpConv_Fused_RowILi8EEvP7ap_uintILi256EEPKS1_S4_S4_S4_S2_DhiiiiiE7row_acc': Cyclic partitioning with factor 16 on dimension 2. (../gen2/Hls_Layers_UpConv.tpp:189:0)
INFO: [HLS 214-248] Applying array_partition to 'psum': Complete partitioning on dimension 1. Complete partitioning on dimension 2. (../gen2/Hls_Layers_UpConv.tpp:116:20)
INFO: [HLS 214-248] Applying array_partition to 'wbuf': Complete partitioning on dimension 1. (../gen2/Hls_Layers_UpConv.tpp:216:13)
INFO: [HLS 214-248] Applying array_partition to 'sum_rot': Complete partitioning on dimension 1. (../gen2/Hls_Layers_UpConv.tpp:244:8)
INFO: [HLS 214-248] Applying array_partition to 'sumsq_rot': Complete partitioning on dimension 1. (../gen2/Hls_Layers_UpConv.tpp:244:20)
INFO: [HLS 214-437] Automatically disabling loop flattening for loop 'ROW_LOOP'. (../gen2/upconv_core_top.cpp:67:15)
INFO: [HLS 214-115] Multiple burst reads of variable length and bit width 256 in loop 'W_FLAT'(../gen2/Hls_Layers_UpConv.tpp:83:21) has been inferred on bundle 'gmem_weight'. These burst requests might be further partitioned into multiple requests during RTL generation, based on max_read_burst_length or max_write_burst_length settings. (../gen2/Hls_Layers_UpConv.tpp:83:21)
INFO: [HLS 214-115] Multiple burst reads of variable length and bit width 256 in loop 'VITIS_LOOP_58_1'(../gen2/upconv_core_top.cpp:58:19) has been inferred on bundle 'gmem_in'. These burst requests might be further partitioned into multiple requests during RTL generation, based on max_read_burst_length or max_write_burst_length settings. (../gen2/upconv_core_top.cpp:56:16)
INFO: [HLS 214-115] Multiple burst reads of variable length and bit width 256 in loop 'VITIS_LOOP_72_2'(../gen2/upconv_core_top.cpp:72:19) has been inferred on bundle 'gmem_in'. These burst requests might be further partitioned into multiple requests during RTL generation, based on max_read_burst_length or max_write_burst_length settings. (../gen2/upconv_core_top.cpp:70:19)
INFO-FLOW: DBG:PUTS: copy_raw_kernel_xml ap_link_39: kernel.xml not generated: /home/hoinguyen/Documents/Vitis/UpConv_HLS/upconv_core/upconv_core_top/hls/.autopilot/db/kernel.internal.xml
INFO: [HLS 200-111] Finished Compiling Optimization and Transform: CPU user time: 3.5 seconds. CPU system time: 0.32 seconds. Elapsed time: 7.01 seconds; current allocated memory: 333.078 MB.
INFO: [HLS 200-111] Finished Checking Pragmas: CPU user time: 0 seconds. CPU system time: 0 seconds. Elapsed time: 0 seconds; current allocated memory: 333.078 MB.
Execute       opt_and_import_c a -opt_level=2 -skip_syncheck=0 -ng=0 -keep_printf=0 
Execute         cleanup_all_models 
INFO: [HLS 200-10] Starting code transformations ...
INFO-FLOW: Running Standard Transforms...
Execute         transform -hls -share-std-xform -demangle-name -inline-byval-memcpy -always-inline -promote-dbg-pointer -interface-preproc -mem2reg -scalarrepl -mem2reg -keep-read-access -instcombine -dce -promote-dbg-pointer -bitop-raise -loop-simplify -indvarspre -indvars -loop-simplify -constprop -instcombine -simplifycfg -indvars -simplifycfg -dce -globaldce -basicaa -simplifycfg -mem2reg -globalopt -global-constprop -deadargelim -instcombine -simplifycfg -scalarrepl -instcombine -reassociate -licm -simplifycfg -loop-simplify -indvars -instcombine -simplifycfg -mem2reg -loop-simplify -indvars -instcombine -gvn -gvn -instcombine -adce -break-crit-edges -simplifycfg -loop-delete -global-array-opt -dce -dse -adce -find-syn-modules -top upconv_core_top -deadargelim -mem2reg -instcombine -dce -presyn-prepare -interface-preproc -syn-check -check-rec-only -find-region -simplifycfg -func-extr -function-inline -globaldce -mem2reg -instcombine -dce -gvn -globaldce -adce -adse -constprop -instcombine -bit-constprop -instcombine -dce -simplifycfg -bitop-raise -simplifycfg -dce -loop-delete -reassociate -globalopt -global-privatize -mem2reg -dce -global-constprop -pointer-simplify -constprop -dce -promote-dbg-pointer -norm-name /home/hoinguyen/Documents/Vitis/UpConv_HLS/upconv_core/upconv_core_top/hls/.autopilot/db/a.g.0.bc -o /home/hoinguyen/Documents/Vitis/UpConv_HLS/upconv_core/upconv_core_top/hls/.autopilot/db/a.g.1.bc -f -phase std-opt 
Command         transform done; 0.15 sec.
INFO: [HLS 200-111] Finished Standard Transforms: CPU user time: 0.12 seconds. CPU system time: 0 seconds. Elapsed time: 0.15 seconds; current allocated memory: 335.676 MB.
INFO: [HLS 200-10] Checking synthesizability ...
INFO-FLOW: Checking Synthesizability 1/2..
Execute         transform -hls -syn-check -check-rec-only -scalarrepl -norm-name -dce -mem2reg -instcombine -directive-preproc -mem2reg -dse -dce -dce -pag -array-normalize -instcombine -dce -array-seg-normalize -instcombine -dce -data-pack -instcombine -dce -inst-simplify -array-flatten -instcombine -dce -array-burst -dce -deadargelim -promote-global-argument -simplifycfg -mem2reg -globaldce -dce -deadargelim -dce -instcombine -function-inline -globaldce -dce -doublePtrSimplify -doublePtrElim -dce -doublePtrSimplify -promote-dbg-pointer -dce -scalarrepl -dse -adse -instcombine -ptrLegalization -simplifycfg -dce -instcombine -pointer-simplify -ptrArgReplace -dce -instcombine -resolve-double-ptr -scalarrepl -norm-name -dce -mem2reg -instcombine -ptrLegalization -simplifycfg -deadargelim -instcombine -dce -inst-simplify -directive-preproc -mem2reg -dse -dce -globaldce /home/hoinguyen/Documents/Vitis/UpConv_HLS/upconv_core/upconv_core_top/hls/.autopilot/db/a.g.1.bc -o /home/hoinguyen/Documents/Vitis/UpConv_HLS/upconv_core/upconv_core_top/hls/.autopilot/db/a.g.2.prechk.bc -f 
Command         transform done; 0.11 sec.
INFO-FLOW: Checking Synthesizability 2/2..
Execute         transform -syn-check /home/hoinguyen/Documents/Vitis/UpConv_HLS/upconv_core/upconv_core_top/hls/.autopilot/db/a.g.2.prechk.bc -o /home/hoinguyen/Documents/Vitis/UpConv_HLS/upconv_core/upconv_core_top/hls/.autopilot/db/a.g.2.bc -f -phase syn-check 
WARNING: [SYNCHK 200-23] ../gen2/Hls_Layers_UpConv.tpp:256: variable-indexed range selection may cause suboptimal QoR.
INFO: [SYNCHK 200-10] 0 error(s), 1 warning(s).
INFO: [HLS 200-111] Finished Checking Synthesizability: CPU user time: 0.11 seconds. CPU system time: 0.01 seconds. Elapsed time: 0.12 seconds; current allocated memory: 338.488 MB.
INFO-FLOW: Compiler optimizing ...
INFO-FLOW: Share syncheck's 1.bc for syn flow: copy /home/hoinguyen/Documents/Vitis/UpConv_HLS/upconv_core/upconv_core_top/hls/.autopilot/db/a.g.1.bc to /home/hoinguyen/Documents/Vitis/UpConv_HLS/upconv_core/upconv_core_top/hls/.autopilot/db/a.o.1.bc
INFO-FLOW: Presyn 1...
Execute         transform -hls -tmp /home/hoinguyen/Documents/Vitis/UpConv_HLS/upconv_core/upconv_core_top/hls/.autopilot/db -interface-port-rename -directive-preproc -mem2reg -dse -dce -scalarrepl -norm-name -deadargelim -dce -hls-dead-arg-elim -deadargelim -mem2reg -instcombine -dce -simplifycfg -dce -resource-proc -clib-intrinsic-prepare -dce -func-buffer -dce -pag -array-normalize -func-legal -instcombine -gvn -constprop -dce -simplifycfg -mem2reg -globaldce -resolve-double-ptr -dce -deadargelim -dce -instcombine -ptrArgReplace -mem2reg -dce -array-seg-normalize -deadargelim -instcombine -dce -directive-preproc -mem2reg -dse -dce -pointer-simplify -dce -port-alignment -dce -interface-preproc -data-pack -instcombine -dce -basicaa -aggr-aa -aggrmodref-aa -aggr-aa -gvn -gvn -basicaa -aggr-aa -aggrmodref-aa -aggr-aa -dse -adse -adce -loop-simplify -indvars -instcombine -gvn -loop-simplify -mem2reg -dce -find-region -instcombine -inst-simplify -interface-preproc -cfgopt -instcombine -indvars -loop-simplify -loop-bound -constprop -instcombine -simplifycfg -indvars -simplifycfg -dce -globaldce -clean-region -attach-range -gvn -inst-simplify -constprop -simplifycfg -dce -pointer-simplify -dce -globalopt -constprop -dce -ptrArgReplace -mem2reg -simplifycfg -dce -instcombine -dce -array-transform-check -array-reshape -instcombine -simplifycfg -dce -ptrArgReplace -deadargelim -mem2reg -instcombine -simplifycfg -dce -indvars -loop-simplify -loop-bound -constprop -instcombine -simplifycfg -indvars -simplifycfg -dce -globaldce -basicaa -aggr-aa -aggrmodref-aa -aggr-aa -dse -duplicate-dataflow-processes -globaldce -instcombine -array-partition -prepare-dynamic-array-partition -instcombine -simplifycfg -dce -ptrArgReplace -global-constprop -deadargelim -mem2reg -func-legal -dce -global-constprop -deadargelim -mem2reg -simplifycfg -dce -merge-param -deadargelim -globalopt -constprop -dce -ptrArgReplace -mem2reg -simplifycfg -dce -mem-intrinsic-preproc -dce -global-internalize -global-privatize -mem2reg -globaldce -lcssa -loop-simplify -phi-select-elim -promote-global-argument -ptrArgReplace -mem2reg -dce -globalopt -mergereturn -simplify-global-access -mem2reg -dce -pointer-simplify -dce -basicaa -aggr-aa -aggrmodref-aa -aggr-aa -functionattrs -basicaa -aggr-aa -aggrmodref-aa -aggr-aa -gvn -gvn -basicaa -aggr-aa -aggrmodref-aa -aggr-aa -dse -adse -adce -dce -norm-name -basicaa -aggr-aa -aggrmodref-aa -aggr-aa -accesses-merge -function-inline -complex-op-raise -inst-simplify -globaldce -func-legal -dce -loop-bound -arraycheck -bitwidthmin2 -bitwidthmin2 -on-by-dataflow -loop-delete -instcombine -simplifycfg -globaldce -dce -gvn -deadargelim -dce -loop-simplify -clean-region -simplifycfg -propagate-stable-arguments -instcombine -simplifycfg -dce -globaldce -duplicate-dataflow-processes -stream-intrinsic-preproc -dce -check-ap-stream -loop-simplify -eliminate-keepreads -extract-dataflow-in-loop -loop-simplify -dce -gvn -deadargelim -dse -duplicate-dataflow-processes -check-dataflow-syntax -legalize-stream-variable -globaldce -legalize-global -extract-subproc -dce -dead-channel-elimination -canonicalize-gep -globaldce -dce -gvn -hls-dead-arg-elim -deadargelim -directive-preproc -canonicalize-dataflow -dce -globaldce -scalar-preprocessing -scalar-propagation2 -scalar-stream -deadargelim -globaldce -mem2reg -check-dataflow-channels -function-stream -dce -globaldce -prop-fifo-spec -internal-stream-gen -canonicalize-gep -globaldce -dce -gvn -deadargelim -mergereturn -indvars -loop-simplify -instcombine -array-stream -array-seg-normalize -array-partition -clean-array-spec -func-legal -instcombine -simplifycfg -dce -bundle-memfifo-ops -deadargelim -directive-preproc -mem2reg -dse -dce -group-axi-access -licm -simplifycfg -dce -loop-delete -hls-display -norm-name /home/hoinguyen/Documents/Vitis/UpConv_HLS/upconv_core/upconv_core_top/hls/.autopilot/db/a.o.1.bc -o /home/hoinguyen/Documents/Vitis/UpConv_HLS/upconv_core/upconv_core_top/hls/.autopilot/db/a.o.1.tmp.bc -f 
WARNING: [XFORM 203-561] Updating loop upper bound from 2 to 3 for loop 'KH_LOOP' (../gen2/Hls_Layers_UpConv.tpp:102:9) in function 'uc_compute_tile<8>'.
WARNING: [XFORM 203-561] Updating loop lower bound from 1 to 3 for loop 'KH_LOOP' (../gen2/Hls_Layers_UpConv.tpp:102:9) in function 'uc_compute_tile<8>'.
INFO: [XFORM 203-712] Applying dataflow to function 'dataflow_in_loop_TILE_LOOP.1' (../gen2/Hls_Layers_UpConv.tpp:182:13), detected/extracted 3 process function(s): 
	 'entry_proc'
	 'uc_load_tile<8>2'
	 'uc_compute_tile<8>3'.
Command         transform done; 0.41 sec.
INFO-FLOW: Presyn 2...
Execute         transform -hls -keep-callgraph -scalarrepl -mem2reg -port-alignment -attach-range -dce -pipe-mux-gen -indvars -loop-bound -inst-simplify -instcombine -dce -merge-array-access -mem2reg -dce -clean-region -mergereturn -if-conv -instcombine -dce -constprop -basicaa -aggr-aa -aggrmodref-aa -aggr-aa -gvn -gvn -basicaa -aggr-aa -aggrmodref-aa -aggr-aa -dse -adse -adce -scalarrepl -mem2reg -global-constprop -deadargelim -deadargelim -instcombine -dce -simplifycfg -ptrArgReplace -mem2reg -function-inline -globaldce -mem2reg -instcombine -dce -expr-balance -instcombine -dce -bitwidthmin2 -bitwidthmin2 -interface-preproc -directive-preproc -inst-rectify -instcombine -dce -basicaa -aggr-aa -aggrmodref-aa -aggr-aa -functionattrs -constprop -instcombine -bit-constprop -simplify-global-access -globalopt -globaldce -inst-simplify -instcombine -elimdeaddata -dce -loop-delete -simplifycfg -loop-simplify -barrier -norm-name /home/hoinguyen/Documents/Vitis/UpConv_HLS/upconv_core/upconv_core_top/hls/.autopilot/db/a.o.1.tmp.bc -o /home/hoinguyen/Documents/Vitis/UpConv_HLS/upconv_core/upconv_core_top/hls/.autopilot/db/a.o.2.bc -f -phase presyn 
INFO: [XFORM 203-401] Performing if-conversion on hyperblock from (../gen2/Hls_Layers_UpConv.tpp:120:24) in function 'uc_compute_tile<8>3'... converting 3 basic blocks.
INFO: [XFORM 203-401] Performing if-conversion on hyperblock from (../gen2/Hls_Layers_UpConv.tpp:281:17) to (../gen2/Hls_Layers_UpConv.tpp:281:17) in function 'UpConv_Fused_Row<8>'... converting 33 basic blocks.
Command         transform done; 0.18 sec.
INFO: [HLS 200-111] Finished Loop, function and other optimizations: CPU user time: 0.59 seconds. CPU system time: 0 seconds. Elapsed time: 0.59 seconds; current allocated memory: 366.277 MB.
Execute         transform -hls -auto-function-inline -globaldce -ptrArgReplace -mem2reg -dce -reset-lda -loop-simplify -indvars -aggr-aa -licm -loop-dep -loop-bound -licm -loop-simplify -loop-sink-hoist -flattenloopnest -array-flatten -gvn -instcombine -dce -array-map -dce -func-legal -gvn -adce -instcombine -cfgopt -simplifycfg-lite -loop-simplify -array-burst -promote-global-argument -dce -array-seg-normalize -basicaa -aggrmodref-aa -globalsmodref-aa -aggr-aa -gvn -gvn -basicaa -aggrmodref-aa -globalsmodref-aa -aggr-aa -dse -adse -adce -licm -inst-simplify -dce -globaldce -instcombine -array-stream -eliminate-keepreads -instcombine -dce -deadargelim -doublePtrSimplify -doublePtrElim -dce -doublePtrSimplify -promote-dbg-pointer -dce -scalarrepl -mem2reg -norm-name -mem2reg -instcombine -dse -adse -adce -ptrLegalization -dce -array-flatten -dce -instcombine -check-doubleptr -loop-rot -constprop -inst-simplify -cfgopt -simplifycfg-lite -loop-simplify -indvars -pointer-simplify -dce -loop-bound -loop-simplify -loop-preproc -constprop -global-constprop -gvn -mem2reg -instcombine -dce -loop-bound -loop-merge -dce -deadargelim -dce -canonicalize-dataflow -dce -deadargelim -globaldce -mem2reg -bram-byte-enable -inst-simplify -inst-rectify -instcombine -adce -deadargelim -load-elim -read-loop-dep -loop-simplify -loop-rewind-sink-hoist -loop-outline -hls-dead-arg-elim -directive-preproc -bitwidthmin2 -bitwidthmin2 -read-loop-dep -interface-preproc -directive-preproc -interface-gen -bram-byte-enable-spec-prop -mul2addshift -deadargelim -inst-simplify -dce -mem2reg -instcombine -gvn -dce -adse -loop-bound -instcombine -cfgopt -simplifycfg-lite -loop-simplify -clean-region -io-protocol -find-region -mem2reg -bitop-raise -complex-op-raise -inst-simplify -inst-rectify -instcombine -adce -deadargelim -float-op-raise -loop-simplify -phi-opt -bitop-raise -cfgopt -simplifycfg-lite -strip-dead-prototypes -interface-lower -bitop-lower -intrinsic-lower -auto-function-inline -basicaa -aggrmodref-aa -globalsmodref-aa -aggr-aa -inst-simplify -simplifycfg-lite -loop-simplify -mergereturn -inst-simplify -inst-rectify -globaldce -dce -load-elim -bitop-lower -float-op-raise -fma-raise -loop-rewind -pointer-simplify -dce -cfgopt -dce -loop-bound -loop-dep -read-loop-dep -dce -dyn-mem-reuse -dce -recurrence-min -dce -share-scalar-alloca -deadargelim -dce -check-stream -norm-name -legalize -inst-clarity -bitwidth -dce -validate-dataflow -dump-loop-dep-to-ir -check-all-ssdm -dump-complexity-metric /home/hoinguyen/Documents/Vitis/UpConv_HLS/upconv_core/upconv_core_top/hls/.autopilot/db/a.o.2.bc -o /home/hoinguyen/Documents/Vitis/UpConv_HLS/upconv_core/upconv_core_top/hls/.autopilot/db/a.o.3.bc -f -phase build-ssdm 
INFO: [HLS 200-2061] Successfully converted nested loops 'LOAD_ROW0'(../gen2/upconv_core_top.cpp:56:16) and 'VITIS_LOOP_58_1'(../gen2/upconv_core_top.cpp:58:19) in function 'upconv_core_top' into perfectly nested loops.
INFO: [HLS 200-2061] Successfully converted nested loops 'LOAD_ROW'(../gen2/upconv_core_top.cpp:70:19) and 'VITIS_LOOP_72_2'(../gen2/upconv_core_top.cpp:72:19) in function 'upconv_core_top' into perfectly nested loops.
INFO: [HLS 200-2061] Successfully converted nested loops 'KW_LOOP'(../gen2/Hls_Layers_UpConv.tpp:109:18) and 'FLAT_LOOP'(../gen2/Hls_Layers_UpConv.tpp:120:24) in function 'uc_compute_tile<8>3' into perfectly nested loops.
INFO: [XFORM 203-541] Flattening a loop nest 'LOAD_ROW0' (../gen2/upconv_core_top.cpp:56:16) in function 'upconv_core_top'.
INFO: [XFORM 203-541] Flattening a loop nest 'LOAD_ROW' (../gen2/upconv_core_top.cpp:70:19) in function 'upconv_core_top'.
WARNING: [HLS 200-960] Cannot flatten loop 'PRELOAD_W' (../gen2/Hls_Layers_UpConv.tpp:79:16) in function 'uc_load_tile<8>2' the outer loop is not a perfect loop because there is nontrivial logic before entering the inner loop.
INFO: [XFORM 203-541] Flattening a loop nest 'KW_LOOP' (../gen2/Hls_Layers_UpConv.tpp:109:18) in function 'uc_compute_tile<8>3'.
WARNING: [HLS 200-1946] Dependence pragma (../gen2/Hls_Layers_UpConv.tpp:123:9) in loop 'FLAT_LOOP' may become invalid because the loop was flattened with the outer loop 'KW_LOOP'.
WARNING: [HLS 200-1946] Dependence pragma (../gen2/Hls_Layers_UpConv.tpp:123:9) in loop 'FLAT_LOOP' may become invalid because the loop was flattened with the outer loop 'KW_LOOP'.
WARNING: [HLS 200-1946] Dependence pragma (../gen2/Hls_Layers_UpConv.tpp:123:9) in loop 'FLAT_LOOP' may become invalid because the loop was flattened with the outer loop 'KW_LOOP'.
WARNING: [HLS 200-1946] Dependence pragma (../gen2/Hls_Layers_UpConv.tpp:123:9) in loop 'FLAT_LOOP' may become invalid because the loop was flattened with the outer loop 'KW_LOOP'.
WARNING: [HLS 200-1946] Dependence pragma (../gen2/Hls_Layers_UpConv.tpp:123:9) in loop 'FLAT_LOOP' may become invalid because the loop was flattened with the outer loop 'KW_LOOP'.
WARNING: [HLS 200-1946] Dependence pragma (../gen2/Hls_Layers_UpConv.tpp:123:9) in loop 'FLAT_LOOP' may become invalid because the loop was flattened with the outer loop 'KW_LOOP'.
WARNING: [HLS 200-1946] Dependence pragma (../gen2/Hls_Layers_UpConv.tpp:123:9) in loop 'FLAT_LOOP' may become invalid because the loop was flattened with the outer loop 'KW_LOOP'.
WARNING: [HLS 200-1946] Dependence pragma (../gen2/Hls_Layers_UpConv.tpp:123:9) in loop 'FLAT_LOOP' may become invalid because the loop was flattened with the outer loop 'KW_LOOP'.
WARNING: [HLS 200-1946] Dependence pragma (../gen2/Hls_Layers_UpConv.tpp:123:9) in loop 'FLAT_LOOP' may become invalid because the loop was flattened with the outer loop 'KW_LOOP'.
WARNING: [HLS 200-1946] Dependence pragma (../gen2/Hls_Layers_UpConv.tpp:123:9) in loop 'FLAT_LOOP' may become invalid because the loop was flattened with the outer loop 'KW_LOOP'.
WARNING: [HLS 200-1946] Dependence pragma (../gen2/Hls_Layers_UpConv.tpp:123:9) in loop 'FLAT_LOOP' may become invalid because the loop was flattened with the outer loop 'KW_LOOP'.
WARNING: [HLS 200-1946] Dependence pragma (../gen2/Hls_Layers_UpConv.tpp:123:9) in loop 'FLAT_LOOP' may become invalid because the loop was flattened with the outer loop 'KW_LOOP'.
WARNING: [HLS 200-1946] Dependence pragma (../gen2/Hls_Layers_UpConv.tpp:123:9) in loop 'FLAT_LOOP' may become invalid because the loop was flattened with the outer loop 'KW_LOOP'.
WARNING: [HLS 200-1946] Dependence pragma (../gen2/Hls_Layers_UpConv.tpp:123:9) in loop 'FLAT_LOOP' may become invalid because the loop was flattened with the outer loop 'KW_LOOP'.
WARNING: [HLS 200-1946] Dependence pragma (../gen2/Hls_Layers_UpConv.tpp:123:9) in loop 'FLAT_LOOP' may become invalid because the loop was flattened with the outer loop 'KW_LOOP'.
WARNING: [HLS 200-1946] Dependence pragma (../gen2/Hls_Layers_UpConv.tpp:123:9) in loop 'FLAT_LOOP' may become invalid because the loop was flattened with the outer loop 'KW_LOOP'.
WARNING: [HLS 200-1946] Dependence pragma (../gen2/Hls_Layers_UpConv.tpp:123:9) in loop 'FLAT_LOOP' may become invalid because the loop was flattened with the outer loop 'KW_LOOP'.
WARNING: [HLS 200-1946] Dependence pragma (../gen2/Hls_Layers_UpConv.tpp:123:9) in loop 'FLAT_LOOP' may become invalid because the loop was flattened with the outer loop 'KW_LOOP'.
WARNING: [HLS 200-1946] Dependence pragma (../gen2/Hls_Layers_UpConv.tpp:123:9) in loop 'FLAT_LOOP' may become invalid because the loop was flattened with the outer loop 'KW_LOOP'.
WARNING: [HLS 200-1946] Dependence pragma (../gen2/Hls_Layers_UpConv.tpp:123:9) in loop 'FLAT_LOOP' may become invalid because the loop was flattened with the outer loop 'KW_LOOP'.
WARNING: [HLS 200-1946] Dependence pragma (../gen2/Hls_Layers_UpConv.tpp:123:9) in loop 'FLAT_LOOP' may become invalid because the loop was flattened with the outer loop 'KW_LOOP'.
WARNING: [HLS 200-1946] Dependence pragma (../gen2/Hls_Layers_UpConv.tpp:123:9) in loop 'FLAT_LOOP' may become invalid because the loop was flattened with the outer loop 'KW_LOOP'.
WARNING: [HLS 200-1946] Dependence pragma (../gen2/Hls_Layers_UpConv.tpp:123:9) in loop 'FLAT_LOOP' may become invalid because the loop was flattened with the outer loop 'KW_LOOP'.
WARNING: [HLS 200-1946] Dependence pragma (../gen2/Hls_Layers_UpConv.tpp:123:9) in loop 'FLAT_LOOP' may become invalid because the loop was flattened with the outer loop 'KW_LOOP'.
WARNING: [HLS 200-1946] Dependence pragma (../gen2/Hls_Layers_UpConv.tpp:123:9) in loop 'FLAT_LOOP' may become invalid because the loop was flattened with the outer loop 'KW_LOOP'.
WARNING: [HLS 200-1946] Dependence pragma (../gen2/Hls_Layers_UpConv.tpp:123:9) in loop 'FLAT_LOOP' may become invalid because the loop was flattened with the outer loop 'KW_LOOP'.
WARNING: [HLS 200-1946] Dependence pragma (../gen2/Hls_Layers_UpConv.tpp:123:9) in loop 'FLAT_LOOP' may become invalid because the loop was flattened with the outer loop 'KW_LOOP'.
WARNING: [HLS 200-1946] Dependence pragma (../gen2/Hls_Layers_UpConv.tpp:123:9) in loop 'FLAT_LOOP' may become invalid because the loop was flattened with the outer loop 'KW_LOOP'.
WARNING: [HLS 200-1946] Dependence pragma (../gen2/Hls_Layers_UpConv.tpp:123:9) in loop 'FLAT_LOOP' may become invalid because the loop was flattened with the outer loop 'KW_LOOP'.
WARNING: [HLS 200-1946] Dependence pragma (../gen2/Hls_Layers_UpConv.tpp:123:9) in loop 'FLAT_LOOP' may become invalid because the loop was flattened with the outer loop 'KW_LOOP'.
WARNING: [HLS 200-1946] Dependence pragma (../gen2/Hls_Layers_UpConv.tpp:123:9) in loop 'FLAT_LOOP' may become invalid because the loop was flattened with the outer loop 'KW_LOOP'.
WARNING: [HLS 200-1946] Dependence pragma (../gen2/Hls_Layers_UpConv.tpp:123:9) in loop 'FLAT_LOOP' may become invalid because the loop was flattened with the outer loop 'KW_LOOP'.
WARNING: [HLS 200-1946] Dependence pragma (../gen2/Hls_Layers_UpConv.tpp:124:9) in loop 'FLAT_LOOP' may become invalid because the loop was flattened with the outer loop 'KW_LOOP'.
WARNING: [HLS 200-1946] Dependence pragma (../gen2/Hls_Layers_UpConv.tpp:124:9) in loop 'FLAT_LOOP' may become invalid because the loop was flattened with the outer loop 'KW_LOOP'.
WARNING: [HLS 200-1946] Dependence pragma (../gen2/Hls_Layers_UpConv.tpp:124:9) in loop 'FLAT_LOOP' may become invalid because the loop was flattened with the outer loop 'KW_LOOP'.
WARNING: [HLS 200-1946] Dependence pragma (../gen2/Hls_Layers_UpConv.tpp:124:9) in loop 'FLAT_LOOP' may become invalid because the loop was flattened with the outer loop 'KW_LOOP'.
WARNING: [HLS 200-1946] Dependence pragma (../gen2/Hls_Layers_UpConv.tpp:124:9) in loop 'FLAT_LOOP' may become invalid because the loop was flattened with the outer loop 'KW_LOOP'.
WARNING: [HLS 200-1946] Dependence pragma (../gen2/Hls_Layers_UpConv.tpp:124:9) in loop 'FLAT_LOOP' may become invalid because the loop was flattened with the outer loop 'KW_LOOP'.
WARNING: [HLS 200-1946] Dependence pragma (../gen2/Hls_Layers_UpConv.tpp:124:9) in loop 'FLAT_LOOP' may become invalid because the loop was flattened with the outer loop 'KW_LOOP'.
WARNING: [HLS 200-1946] Dependence pragma (../gen2/Hls_Layers_UpConv.tpp:124:9) in loop 'FLAT_LOOP' may become invalid because the loop was flattened with the outer loop 'KW_LOOP'.
WARNING: [HLS 200-1946] Dependence pragma (../gen2/Hls_Layers_UpConv.tpp:124:9) in loop 'FLAT_LOOP' may become invalid because the loop was flattened with the outer loop 'KW_LOOP'.
WARNING: [HLS 200-1946] Dependence pragma (../gen2/Hls_Layers_UpConv.tpp:124:9) in loop 'FLAT_LOOP' may become invalid because the loop was flattened with the outer loop 'KW_LOOP'.
WARNING: [HLS 200-1946] Dependence pragma (../gen2/Hls_Layers_UpConv.tpp:124:9) in loop 'FLAT_LOOP' may become invalid because the loop was flattened with the outer loop 'KW_LOOP'.
WARNING: [HLS 200-1946] Dependence pragma (../gen2/Hls_Layers_UpConv.tpp:124:9) in loop 'FLAT_LOOP' may become invalid because the loop was flattened with the outer loop 'KW_LOOP'.
WARNING: [HLS 200-1946] Dependence pragma (../gen2/Hls_Layers_UpConv.tpp:124:9) in loop 'FLAT_LOOP' may become invalid because the loop was flattened with the outer loop 'KW_LOOP'.
WARNING: [HLS 200-1946] Dependence pragma (../gen2/Hls_Layers_UpConv.tpp:124:9) in loop 'FLAT_LOOP' may become invalid because the loop was flattened with the outer loop 'KW_LOOP'.
WARNING: [HLS 200-1946] Dependence pragma (../gen2/Hls_Layers_UpConv.tpp:124:9) in loop 'FLAT_LOOP' may become invalid because the loop was flattened with the outer loop 'KW_LOOP'.
WARNING: [HLS 200-1946] Dependence pragma (../gen2/Hls_Layers_UpConv.tpp:124:9) in loop 'FLAT_LOOP' may become invalid because the loop was flattened with the outer loop 'KW_LOOP'.
WARNING: [HLS 200-960] Cannot flatten loop 'KH_LOOP' (../gen2/Hls_Layers_UpConv.tpp:101:14) in function 'uc_compute_tile<8>3' the outer loop is not a perfect loop because there is nontrivial logic before entering the inner loop.
WARNING: [ANALYSIS 214-52] Found false inter dependency for variable 'psum.31' (../gen2/Hls_Layers_UpConv.tpp:116).
WARNING: [ANALYSIS 214-52] Found false inter dependency for variable 'psum.30' (../gen2/Hls_Layers_UpConv.tpp:116).
WARNING: [ANALYSIS 214-52] Found false inter dependency for variable 'psum.29' (../gen2/Hls_Layers_UpConv.tpp:116).
WARNING: [ANALYSIS 214-52] Found false inter dependency for variable 'psum.28' (../gen2/Hls_Layers_UpConv.tpp:116).
WARNING: [ANALYSIS 214-52] Found false inter dependency for variable 'psum.27' (../gen2/Hls_Layers_UpConv.tpp:116).
WARNING: [ANALYSIS 214-52] Found false inter dependency for variable 'psum.26' (../gen2/Hls_Layers_UpConv.tpp:116).
WARNING: [ANALYSIS 214-52] Found false inter dependency for variable 'psum.25' (../gen2/Hls_Layers_UpConv.tpp:116).
WARNING: [ANALYSIS 214-52] Found false inter dependency for variable 'psum.24' (../gen2/Hls_Layers_UpConv.tpp:116).
WARNING: [ANALYSIS 214-52] Found false inter dependency for variable 'psum.23' (../gen2/Hls_Layers_UpConv.tpp:116).
WARNING: [ANALYSIS 214-52] Found false inter dependency for variable 'psum.22' (../gen2/Hls_Layers_UpConv.tpp:116).
WARNING: [ANALYSIS 214-52] Found false inter dependency for variable 'psum.21' (../gen2/Hls_Layers_UpConv.tpp:116).
WARNING: [ANALYSIS 214-52] Found false inter dependency for variable 'psum.20' (../gen2/Hls_Layers_UpConv.tpp:116).
WARNING: [ANALYSIS 214-52] Found false inter dependency for variable 'psum.19' (../gen2/Hls_Layers_UpConv.tpp:116).
WARNING: [ANALYSIS 214-52] Found false inter dependency for variable 'psum.18' (../gen2/Hls_Layers_UpConv.tpp:116).
WARNING: [ANALYSIS 214-52] Found false inter dependency for variable 'psum.17' (../gen2/Hls_Layers_UpConv.tpp:116).
WARNING: [ANALYSIS 214-52] Found false inter dependency for variable 'psum.16' (../gen2/Hls_Layers_UpConv.tpp:116).
WARNING: [ANALYSIS 214-52] Found false inter dependency for variable 'psum.15' (../gen2/Hls_Layers_UpConv.tpp:116).
WARNING: [ANALYSIS 214-52] Found false inter dependency for variable 'psum.14' (../gen2/Hls_Layers_UpConv.tpp:116).
WARNING: [ANALYSIS 214-52] Found false inter dependency for variable 'psum.13' (../gen2/Hls_Layers_UpConv.tpp:116).
WARNING: [ANALYSIS 214-52] Found false inter dependency for variable 'psum.12' (../gen2/Hls_Layers_UpConv.tpp:116).
WARNING: [ANALYSIS 214-52] Found false inter dependency for variable 'psum.11' (../gen2/Hls_Layers_UpConv.tpp:116).
WARNING: [ANALYSIS 214-52] Found false inter dependency for variable 'psum.10' (../gen2/Hls_Layers_UpConv.tpp:116).
WARNING: [ANALYSIS 214-52] Found false inter dependency for variable 'psum.9' (../gen2/Hls_Layers_UpConv.tpp:116).
WARNING: [ANALYSIS 214-52] Found false inter dependency for variable 'psum.8' (../gen2/Hls_Layers_UpConv.tpp:116).
WARNING: [ANALYSIS 214-52] Found false inter dependency for variable 'psum.7' (../gen2/Hls_Layers_UpConv.tpp:116).
WARNING: [ANALYSIS 214-52] Found false inter dependency for variable 'psum.6' (../gen2/Hls_Layers_UpConv.tpp:116).
WARNING: [ANALYSIS 214-52] Found false inter dependency for variable 'psum.5' (../gen2/Hls_Layers_UpConv.tpp:116).
WARNING: [ANALYSIS 214-52] Found false inter dependency for variable 'psum.4' (../gen2/Hls_Layers_UpConv.tpp:116).
WARNING: [ANALYSIS 214-52] Found false inter dependency for variable 'psum.3' (../gen2/Hls_Layers_UpConv.tpp:116).
WARNING: [ANALYSIS 214-52] Found false inter dependency for variable 'psum.2' (../gen2/Hls_Layers_UpConv.tpp:116).
WARNING: [ANALYSIS 214-52] Found false inter dependency for variable 'psum.1' (../gen2/Hls_Layers_UpConv.tpp:116).
WARNING: [ANALYSIS 214-52] Found false inter dependency for variable 'psum' (../gen2/Hls_Layers_UpConv.tpp:116).
WARNING: [ANALYSIS 214-52] Found false inter dependency for variable '_ZZ16UpConv_Fused_RowILi8EEvP7ap_uintILi256EEPKS1_S4_S4_S4_S2_DhiiiiiE7row_acc_1'.
WARNING: [ANALYSIS 214-52] Found false inter dependency for variable '_ZZ16UpConv_Fused_RowILi8EEvP7ap_uintILi256EEPKS1_S4_S4_S4_S2_DhiiiiiE7row_acc_1.1'.
WARNING: [ANALYSIS 214-52] Found false inter dependency for variable '_ZZ16UpConv_Fused_RowILi8EEvP7ap_uintILi256EEPKS1_S4_S4_S4_S2_DhiiiiiE7row_acc_1.2'.
WARNING: [ANALYSIS 214-52] Found false inter dependency for variable '_ZZ16UpConv_Fused_RowILi8EEvP7ap_uintILi256EEPKS1_S4_S4_S4_S2_DhiiiiiE7row_acc_1.3'.
WARNING: [ANALYSIS 214-52] Found false inter dependency for variable '_ZZ16UpConv_Fused_RowILi8EEvP7ap_uintILi256EEPKS1_S4_S4_S4_S2_DhiiiiiE7row_acc_1.4'.
WARNING: [ANALYSIS 214-52] Found false inter dependency for variable '_ZZ16UpConv_Fused_RowILi8EEvP7ap_uintILi256EEPKS1_S4_S4_S4_S2_DhiiiiiE7row_acc_1.5'.
WARNING: [ANALYSIS 214-52] Found false inter dependency for variable 'void UpConv_Fused_Row(ap_uint*,ap_uint const*,ap_uint const*,ap_uint const*,ap_u'.
WARNING: [ANALYSIS 214-52] Found false inter dependency for variable 'void UpConv_Fused_Row(ap_uint*,ap_uint const*,ap_uint const*,ap_uint const*,ap_u.1'.
WARNING: [ANALYSIS 214-52] Found false inter dependency for variable 'void UpConv_Fused_Row(ap_uint*,ap_uint const*,ap_uint const*,ap_uint const*,ap_u.2'.
WARNING: [ANALYSIS 214-52] Found false inter dependency for variable 'void UpConv_Fused_Row(ap_uint*,ap_uint const*,ap_uint const*,ap_uint const*,ap_u.3'.
WARNING: [ANALYSIS 214-52] Found false inter dependency for variable 'void UpConv_Fused_Row(ap_uint*,ap_uint const*,ap_uint const*,ap_uint const*,ap_u.4'.
WARNING: [ANALYSIS 214-52] Found false inter dependency for variable 'void UpConv_Fused_Row(ap_uint*,ap_uint const*,ap_uint const*,ap_uint const*,ap_u.5'.
WARNING: [ANALYSIS 214-52] Found false inter dependency for variable 'void UpConv_Fused_Row(ap_uint*,ap_uint const*,ap_uint const*,ap_uint const*,ap_u.6'.
WARNING: [ANALYSIS 214-52] Found false inter dependency for variable 'void UpConv_Fused_Row(ap_uint*,ap_uint const*,ap_uint const*,ap_uint const*,ap_u.7'.
WARNING: [ANALYSIS 214-52] Found false inter dependency for variable 'void UpConv_Fused_Row(ap_uint*,ap_uint const*,ap_uint const*,ap_uint const*,ap_u.8'.
WARNING: [ANALYSIS 214-52] Found false inter dependency for variable 'void UpConv_Fused_Row(ap_uint*,ap_uint const*,ap_uint const*,ap_uint const*,ap_u.9'.
WARNING: [ANALYSIS 214-52] Found false inter dependency for variable 'sum_rot.7' (../gen2/Hls_Layers_UpConv.tpp:244).
WARNING: [ANALYSIS 214-52] Found false inter dependency for variable 'sum_rot.6' (../gen2/Hls_Layers_UpConv.tpp:244).
WARNING: [ANALYSIS 214-52] Found false inter dependency for variable 'sum_rot.5' (../gen2/Hls_Layers_UpConv.tpp:244).
WARNING: [ANALYSIS 214-52] Found false inter dependency for variable 'sum_rot.4' (../gen2/Hls_Layers_UpConv.tpp:244).
WARNING: [ANALYSIS 214-52] Found false inter dependency for variable 'sum_rot.3' (../gen2/Hls_Layers_UpConv.tpp:244).
WARNING: [ANALYSIS 214-52] Found false inter dependency for variable 'sum_rot.2' (../gen2/Hls_Layers_UpConv.tpp:244).
WARNING: [ANALYSIS 214-52] Found false inter dependency for variable 'sum_rot.1' (../gen2/Hls_Layers_UpConv.tpp:244).
WARNING: [ANALYSIS 214-52] Found false inter dependency for variable 'sum_rot' (../gen2/Hls_Layers_UpConv.tpp:244).
WARNING: [ANALYSIS 214-52] Found false inter dependency for variable 'sumsq_rot.7' (../gen2/Hls_Layers_UpConv.tpp:244).
WARNING: [ANALYSIS 214-52] Found false inter dependency for variable 'sumsq_rot.6' (../gen2/Hls_Layers_UpConv.tpp:244).
WARNING: [ANALYSIS 214-52] Found false inter dependency for variable 'sumsq_rot.5' (../gen2/Hls_Layers_UpConv.tpp:244).
WARNING: [ANALYSIS 214-52] Found false inter dependency for variable 'sumsq_rot.4' (../gen2/Hls_Layers_UpConv.tpp:244).
WARNING: [ANALYSIS 214-52] Found false inter dependency for variable 'sumsq_rot.3' (../gen2/Hls_Layers_UpConv.tpp:244).
WARNING: [ANALYSIS 214-52] Found false inter dependency for variable 'sumsq_rot.2' (../gen2/Hls_Layers_UpConv.tpp:244).
WARNING: [ANALYSIS 214-52] Found false inter dependency for variable 'sumsq_rot.1' (../gen2/Hls_Layers_UpConv.tpp:244).
WARNING: [ANALYSIS 214-52] Found false inter dependency for variable 'sumsq_rot' (../gen2/Hls_Layers_UpConv.tpp:244).
WARNING: [ANALYSIS 214-52] Found false inter dependency for variable '_ZZ16UpConv_Fused_RowILi8EEvP7ap_uintILi256EEPKS1_S4_S4_S4_S2_DhiiiiiE7row_acc_1'.
WARNING: [ANALYSIS 214-52] Found false inter dependency for variable '_ZZ16UpConv_Fused_RowILi8EEvP7ap_uintILi256EEPKS1_S4_S4_S4_S2_DhiiiiiE7row_acc_1.1'.
WARNING: [ANALYSIS 214-52] Found false inter dependency for variable '_ZZ16UpConv_Fused_RowILi8EEvP7ap_uintILi256EEPKS1_S4_S4_S4_S2_DhiiiiiE7row_acc_1.2'.
WARNING: [ANALYSIS 214-52] Found false inter dependency for variable '_ZZ16UpConv_Fused_RowILi8EEvP7ap_uintILi256EEPKS1_S4_S4_S4_S2_DhiiiiiE7row_acc_1.3'.
WARNING: [ANALYSIS 214-52] Found false inter dependency for variable '_ZZ16UpConv_Fused_RowILi8EEvP7ap_uintILi256EEPKS1_S4_S4_S4_S2_DhiiiiiE7row_acc_1.4'.
WARNING: [ANALYSIS 214-52] Found false inter dependency for variable '_ZZ16UpConv_Fused_RowILi8EEvP7ap_uintILi256EEPKS1_S4_S4_S4_S2_DhiiiiiE7row_acc_1.5'.
WARNING: [ANALYSIS 214-52] Found false inter dependency for variable 'void UpConv_Fused_Row(ap_uint*,ap_uint const*,ap_uint const*,ap_uint const*,ap_u'.
WARNING: [ANALYSIS 214-52] Found false inter dependency for variable 'void UpConv_Fused_Row(ap_uint*,ap_uint const*,ap_uint const*,ap_uint const*,ap_u.1'.
WARNING: [ANALYSIS 214-52] Found false inter dependency for variable 'void UpConv_Fused_Row(ap_uint*,ap_uint const*,ap_uint const*,ap_uint const*,ap_u.2'.
WARNING: [ANALYSIS 214-52] Found false inter dependency for variable 'void UpConv_Fused_Row(ap_uint*,ap_uint const*,ap_uint const*,ap_uint const*,ap_u.3'.
WARNING: [ANALYSIS 214-52] Found false inter dependency for variable 'void UpConv_Fused_Row(ap_uint*,ap_uint const*,ap_uint const*,ap_uint const*,ap_u.4'.
WARNING: [ANALYSIS 214-52] Found false inter dependency for variable 'void UpConv_Fused_Row(ap_uint*,ap_uint const*,ap_uint const*,ap_uint const*,ap_u.5'.
WARNING: [ANALYSIS 214-52] Found false inter dependency for variable 'void UpConv_Fused_Row(ap_uint*,ap_uint const*,ap_uint const*,ap_uint const*,ap_u.6'.
WARNING: [ANALYSIS 214-52] Found false inter dependency for variable 'void UpConv_Fused_Row(ap_uint*,ap_uint const*,ap_uint const*,ap_uint const*,ap_u.7'.
WARNING: [ANALYSIS 214-52] Found false inter dependency for variable 'void UpConv_Fused_Row(ap_uint*,ap_uint const*,ap_uint const*,ap_uint const*,ap_u.8'.
WARNING: [ANALYSIS 214-52] Found false inter dependency for variable 'void UpConv_Fused_Row(ap_uint*,ap_uint const*,ap_uint const*,ap_uint const*,ap_u.9'.
WARNING: [ANALYSIS 214-52] Found false inter dependency for variable 'psum.31' (../gen2/Hls_Layers_UpConv.tpp:116).
WARNING: [ANALYSIS 214-52] Found false inter dependency for variable 'psum.30' (../gen2/Hls_Layers_UpConv.tpp:116).
WARNING: [ANALYSIS 214-52] Found false inter dependency for variable 'psum.29' (../gen2/Hls_Layers_UpConv.tpp:116).
WARNING: [ANALYSIS 214-52] Found false inter dependency for variable 'psum.28' (../gen2/Hls_Layers_UpConv.tpp:116).
WARNING: [ANALYSIS 214-52] Found false inter dependency for variable 'psum.27' (../gen2/Hls_Layers_UpConv.tpp:116).
WARNING: [ANALYSIS 214-52] Found false inter dependency for variable 'psum.26' (../gen2/Hls_Layers_UpConv.tpp:116).
WARNING: [ANALYSIS 214-52] Found false inter dependency for variable 'psum.25' (../gen2/Hls_Layers_UpConv.tpp:116).
WARNING: [ANALYSIS 214-52] Found false inter dependency for variable 'psum.24' (../gen2/Hls_Layers_UpConv.tpp:116).
WARNING: [ANALYSIS 214-52] Found false inter dependency for variable 'psum.23' (../gen2/Hls_Layers_UpConv.tpp:116).
WARNING: [ANALYSIS 214-52] Found false inter dependency for variable 'psum.22' (../gen2/Hls_Layers_UpConv.tpp:116).
WARNING: [ANALYSIS 214-52] Found false inter dependency for variable 'psum.21' (../gen2/Hls_Layers_UpConv.tpp:116).
WARNING: [ANALYSIS 214-52] Found false inter dependency for variable 'psum.20' (../gen2/Hls_Layers_UpConv.tpp:116).
WARNING: [ANALYSIS 214-52] Found false inter dependency for variable 'psum.19' (../gen2/Hls_Layers_UpConv.tpp:116).
WARNING: [ANALYSIS 214-52] Found false inter dependency for variable 'psum.18' (../gen2/Hls_Layers_UpConv.tpp:116).
WARNING: [ANALYSIS 214-52] Found false inter dependency for variable 'psum.17' (../gen2/Hls_Layers_UpConv.tpp:116).
WARNING: [ANALYSIS 214-52] Found false inter dependency for variable 'psum.16' (../gen2/Hls_Layers_UpConv.tpp:116).
WARNING: [ANALYSIS 214-52] Found false inter dependency for variable 'psum.15' (../gen2/Hls_Layers_UpConv.tpp:116).
WARNING: [ANALYSIS 214-52] Found false inter dependency for variable 'psum.14' (../gen2/Hls_Layers_UpConv.tpp:116).
WARNING: [ANALYSIS 214-52] Found false inter dependency for variable 'psum.13' (../gen2/Hls_Layers_UpConv.tpp:116).
WARNING: [ANALYSIS 214-52] Found false inter dependency for variable 'psum.12' (../gen2/Hls_Layers_UpConv.tpp:116).
WARNING: [ANALYSIS 214-52] Found false inter dependency for variable 'psum.11' (../gen2/Hls_Layers_UpConv.tpp:116).
WARNING: [ANALYSIS 214-52] Found false inter dependency for variable 'psum.10' (../gen2/Hls_Layers_UpConv.tpp:116).
WARNING: [ANALYSIS 214-52] Found false inter dependency for variable 'psum.9' (../gen2/Hls_Layers_UpConv.tpp:116).
WARNING: [ANALYSIS 214-52] Found false inter dependency for variable 'psum.8' (../gen2/Hls_Layers_UpConv.tpp:116).
WARNING: [ANALYSIS 214-52] Found false inter dependency for variable 'psum.7' (../gen2/Hls_Layers_UpConv.tpp:116).
WARNING: [ANALYSIS 214-52] Found false inter dependency for variable 'psum.6' (../gen2/Hls_Layers_UpConv.tpp:116).
WARNING: [ANALYSIS 214-52] Found false inter dependency for variable 'psum.5' (../gen2/Hls_Layers_UpConv.tpp:116).
WARNING: [ANALYSIS 214-52] Found false inter dependency for variable 'psum.4' (../gen2/Hls_Layers_UpConv.tpp:116).
WARNING: [ANALYSIS 214-52] Found false inter dependency for variable 'psum.3' (../gen2/Hls_Layers_UpConv.tpp:116).
WARNING: [ANALYSIS 214-52] Found false inter dependency for variable 'psum.2' (../gen2/Hls_Layers_UpConv.tpp:116).
WARNING: [ANALYSIS 214-52] Found false inter dependency for variable 'psum.1' (../gen2/Hls_Layers_UpConv.tpp:116).
WARNING: [ANALYSIS 214-52] Found false inter dependency for variable 'psum' (../gen2/Hls_Layers_UpConv.tpp:116).
WARNING: [ANALYSIS 214-52] Found false inter dependency for variable '_ZZ16UpConv_Fused_RowILi8EEvP7ap_uintILi256EEPKS1_S4_S4_S4_S2_DhiiiiiE7row_acc_1'.
WARNING: [ANALYSIS 214-52] Found false inter dependency for variable '_ZZ16UpConv_Fused_RowILi8EEvP7ap_uintILi256EEPKS1_S4_S4_S4_S2_DhiiiiiE7row_acc_1.1'.
WARNING: [ANALYSIS 214-52] Found false inter dependency for variable '_ZZ16UpConv_Fused_RowILi8EEvP7ap_uintILi256EEPKS1_S4_S4_S4_S2_DhiiiiiE7row_acc_1.2'.
WARNING: [ANALYSIS 214-52] Found false inter dependency for variable '_ZZ16UpConv_Fused_RowILi8EEvP7ap_uintILi256EEPKS1_S4_S4_S4_S2_DhiiiiiE7row_acc_1.3'.
WARNING: [ANALYSIS 214-52] Found false inter dependency for variable '_ZZ16UpConv_Fused_RowILi8EEvP7ap_uintILi256EEPKS1_S4_S4_S4_S2_DhiiiiiE7row_acc_1.4'.
WARNING: [ANALYSIS 214-52] Found false inter dependency for variable '_ZZ16UpConv_Fused_RowILi8EEvP7ap_uintILi256EEPKS1_S4_S4_S4_S2_DhiiiiiE7row_acc_1.5'.
WARNING: [ANALYSIS 214-52] Found false inter dependency for variable 'void UpConv_Fused_Row(ap_uint*,ap_uint const*,ap_uint const*,ap_uint const*,ap_u'.
WARNING: [ANALYSIS 214-52] Found false inter dependency for variable 'void UpConv_Fused_Row(ap_uint*,ap_uint const*,ap_uint const*,ap_uint const*,ap_u.1'.
WARNING: [ANALYSIS 214-52] Found false inter dependency for variable 'void UpConv_Fused_Row(ap_uint*,ap_uint const*,ap_uint const*,ap_uint const*,ap_u.2'.
WARNING: [ANALYSIS 214-52] Found false inter dependency for variable 'void UpConv_Fused_Row(ap_uint*,ap_uint const*,ap_uint const*,ap_uint const*,ap_u.3'.
WARNING: [ANALYSIS 214-52] Found false inter dependency for variable 'void UpConv_Fused_Row(ap_uint*,ap_uint const*,ap_uint const*,ap_uint const*,ap_u.4'.
WARNING: [ANALYSIS 214-52] Found false inter dependency for variable 'void UpConv_Fused_Row(ap_uint*,ap_uint const*,ap_uint const*,ap_uint const*,ap_u.5'.
WARNING: [ANALYSIS 214-52] Found false inter dependency for variable 'void UpConv_Fused_Row(ap_uint*,ap_uint const*,ap_uint const*,ap_uint const*,ap_u.6'.
WARNING: [ANALYSIS 214-52] Found false inter dependency for variable 'void UpConv_Fused_Row(ap_uint*,ap_uint const*,ap_uint const*,ap_uint const*,ap_u.7'.
WARNING: [ANALYSIS 214-52] Found false inter dependency for variable 'void UpConv_Fused_Row(ap_uint*,ap_uint const*,ap_uint const*,ap_uint const*,ap_u.8'.
WARNING: [ANALYSIS 214-52] Found false inter dependency for variable 'void UpConv_Fused_Row(ap_uint*,ap_uint const*,ap_uint const*,ap_uint const*,ap_u.9'.
WARNING: [ANALYSIS 214-52] Found false inter dependency for variable 'sum_rot.7' (../gen2/Hls_Layers_UpConv.tpp:244).
WARNING: [ANALYSIS 214-52] Found false inter dependency for variable 'sum_rot.6' (../gen2/Hls_Layers_UpConv.tpp:244).
WARNING: [ANALYSIS 214-52] Found false inter dependency for variable 'sum_rot.5' (../gen2/Hls_Layers_UpConv.tpp:244).
WARNING: [ANALYSIS 214-52] Found false inter dependency for variable 'sum_rot.4' (../gen2/Hls_Layers_UpConv.tpp:244).
WARNING: [ANALYSIS 214-52] Found false inter dependency for variable 'sum_rot.3' (../gen2/Hls_Layers_UpConv.tpp:244).
WARNING: [ANALYSIS 214-52] Found false inter dependency for variable 'sum_rot.2' (../gen2/Hls_Layers_UpConv.tpp:244).
WARNING: [ANALYSIS 214-52] Found false inter dependency for variable 'sum_rot.1' (../gen2/Hls_Layers_UpConv.tpp:244).
WARNING: [ANALYSIS 214-52] Found false inter dependency for variable 'sum_rot' (../gen2/Hls_Layers_UpConv.tpp:244).
WARNING: [ANALYSIS 214-52] Found false inter dependency for variable 'sumsq_rot.7' (../gen2/Hls_Layers_UpConv.tpp:244).
WARNING: [ANALYSIS 214-52] Found false inter dependency for variable 'sumsq_rot.6' (../gen2/Hls_Layers_UpConv.tpp:244).
WARNING: [ANALYSIS 214-52] Found false inter dependency for variable 'sumsq_rot.5' (../gen2/Hls_Layers_UpConv.tpp:244).
WARNING: [ANALYSIS 214-52] Found false inter dependency for variable 'sumsq_rot.4' (../gen2/Hls_Layers_UpConv.tpp:244).
WARNING: [ANALYSIS 214-52] Found false inter dependency for variable 'sumsq_rot.3' (../gen2/Hls_Layers_UpConv.tpp:244).
WARNING: [ANALYSIS 214-52] Found false inter dependency for variable 'sumsq_rot.2' (../gen2/Hls_Layers_UpConv.tpp:244).
WARNING: [ANALYSIS 214-52] Found false inter dependency for variable 'sumsq_rot.1' (../gen2/Hls_Layers_UpConv.tpp:244).
WARNING: [ANALYSIS 214-52] Found false inter dependency for variable 'sumsq_rot' (../gen2/Hls_Layers_UpConv.tpp:244).
WARNING: [ANALYSIS 214-52] Found false inter dependency for variable '_ZZ16UpConv_Fused_RowILi8EEvP7ap_uintILi256EEPKS1_S4_S4_S4_S2_DhiiiiiE7row_acc_1'.
WARNING: [ANALYSIS 214-52] Found false inter dependency for variable '_ZZ16UpConv_Fused_RowILi8EEvP7ap_uintILi256EEPKS1_S4_S4_S4_S2_DhiiiiiE7row_acc_1.1'.
WARNING: [ANALYSIS 214-52] Found false inter dependency for variable '_ZZ16UpConv_Fused_RowILi8EEvP7ap_uintILi256EEPKS1_S4_S4_S4_S2_DhiiiiiE7row_acc_1.2'.
WARNING: [ANALYSIS 214-52] Found false inter dependency for variable '_ZZ16UpConv_Fused_RowILi8EEvP7ap_uintILi256EEPKS1_S4_S4_S4_S2_DhiiiiiE7row_acc_1.3'.
WARNING: [ANALYSIS 214-52] Found false inter dependency for variable '_ZZ16UpConv_Fused_RowILi8EEvP7ap_uintILi256EEPKS1_S4_S4_S4_S2_DhiiiiiE7row_acc_1.4'.
WARNING: [ANALYSIS 214-52] Found false inter dependency for variable '_ZZ16UpConv_Fused_RowILi8EEvP7ap_uintILi256EEPKS1_S4_S4_S4_S2_DhiiiiiE7row_acc_1.5'.
WARNING: [ANALYSIS 214-52] Found false inter dependency for variable 'void UpConv_Fused_Row(ap_uint*,ap_uint const*,ap_uint const*,ap_uint const*,ap_u'.
WARNING: [ANALYSIS 214-52] Found false inter dependency for variable 'void UpConv_Fused_Row(ap_uint*,ap_uint const*,ap_uint const*,ap_uint const*,ap_u.1'.
WARNING: [ANALYSIS 214-52] Found false inter dependency for variable 'void UpConv_Fused_Row(ap_uint*,ap_uint const*,ap_uint const*,ap_uint const*,ap_u.2'.
WARNING: [ANALYSIS 214-52] Found false inter dependency for variable 'void UpConv_Fused_Row(ap_uint*,ap_uint const*,ap_uint const*,ap_uint const*,ap_u.3'.
WARNING: [ANALYSIS 214-52] Found false inter dependency for variable 'void UpConv_Fused_Row(ap_uint*,ap_uint const*,ap_uint const*,ap_uint const*,ap_u.4'.
WARNING: [ANALYSIS 214-52] Found false inter dependency for variable 'void UpConv_Fused_Row(ap_uint*,ap_uint const*,ap_uint const*,ap_uint const*,ap_u.5'.
WARNING: [ANALYSIS 214-52] Found false inter dependency for variable 'void UpConv_Fused_Row(ap_uint*,ap_uint const*,ap_uint const*,ap_uint const*,ap_u.6'.
WARNING: [ANALYSIS 214-52] Found false inter dependency for variable 'void UpConv_Fused_Row(ap_uint*,ap_uint const*,ap_uint const*,ap_uint const*,ap_u.7'.
WARNING: [ANALYSIS 214-52] Found false inter dependency for variable 'void UpConv_Fused_Row(ap_uint*,ap_uint const*,ap_uint const*,ap_uint const*,ap_u.8'.
WARNING: [ANALYSIS 214-52] Found false inter dependency for variable 'void UpConv_Fused_Row(ap_uint*,ap_uint const*,ap_uint const*,ap_uint const*,ap_u.9'.
Execute           auto_get_db
Command         transform done; 0.64 sec.
INFO-FLOW: Building ssdm...
Execute         transform -hls -cdfg-build /home/hoinguyen/Documents/Vitis/UpConv_HLS/upconv_core/upconv_core_top/hls/.autopilot/db/a.o.3.bc -o /home/hoinguyen/Documents/Vitis/UpConv_HLS/upconv_core/upconv_core_top/hls/.autopilot/db/a.o.3.bc -f -phase build-ssdm 
WARNING: [HLS 200-1449] Process uc_compute_tile<8>3 has both a predecessor and reads an input from its caller (see the GUI dataflow viewer). This may lead to lower throughput. Consider copying this input via a predecessor process.
WARNING: [HLS 200-1449] Process dataflow_in_loop_TILE_LOOP.1 has both a predecessor and reads an input from its caller (see the GUI dataflow viewer). This may lead to lower throughput. Consider copying this input via a predecessor process.
Command         transform done; 0.12 sec.
INFO: [HLS 200-111] Finished Architecture Synthesis: CPU user time: 0.69 seconds. CPU system time: 0.06 seconds. Elapsed time: 0.76 seconds; current allocated memory: 497.074 MB.
INFO-FLOW: Finish building internal data model.
Command       opt_and_import_c done; 1.63 sec.
Command     elaborate done; 21.07 sec.
Execute     ap_eval exec zip -j /home/hoinguyen/Documents/Vitis/UpConv_HLS/upconv_core/upconv_core_top/hls/.autopilot/db/dut.hcp $dbDir/a.o.3.bc $dbDir/${topname}.rtl_wrap.cfg.tcl $dbDir/apatb_${topname}.cpp $dbDir/apatb_${topname}_util.cpp $dbDir/apatb_${topname}_ir.ll $dbDir/mapper_${topname}.cpp $dbDir/top-io-fe.xml $dbDir/kernel.internal.xml $workdir/../hls.app 
Execute     autosyn -from_csynth_design=1 
INFO: [HLS 200-10] Starting hardware synthesis ...
INFO-FLOW: Synthesizing C/C++ design ...
INFO: [HLS 200-10] Synthesizing 'upconv_core_top' ...
Execute       ap_set_top_model upconv_core_top 
WARNING: [SYN 201-103] Legalizing function name 'UpConv_Fused_Row<8>_Pipeline_RESET_ROW_ACC' to 'UpConv_Fused_Row_8_Pipeline_RESET_ROW_ACC'.
WARNING: [SYN 201-103] Legalizing function name 'uc_load_tile<8>2_Pipeline_W_FLAT' to 'uc_load_tile_8_2_Pipeline_W_FLAT'.
WARNING: [SYN 201-103] Legalizing function name 'uc_load_tile<8>2' to 'uc_load_tile_8_2'.
WARNING: [SYN 201-103] Legalizing function name 'uc_compute_tile<8>3_Pipeline_KW_LOOP_FLAT_LOOP' to 'uc_compute_tile_8_3_Pipeline_KW_LOOP_FLAT_LOOP'.
WARNING: [SYN 201-103] Legalizing function name 'uc_compute_tile<8>3' to 'uc_compute_tile_8_3'.
WARNING: [SYN 201-103] Legalizing function name 'dataflow_in_loop_TILE_LOOP.1' to 'dataflow_in_loop_TILE_LOOP_1'.
WARNING: [SYN 201-103] Legalizing function name 'UpConv_Fused_Row<8>_Pipeline_LOAD_PARAMS' to 'UpConv_Fused_Row_8_Pipeline_LOAD_PARAMS'.
WARNING: [SYN 201-103] Legalizing function name 'UpConv_Fused_Row<8>_Pipeline_PIXEL_STATS' to 'UpConv_Fused_Row_8_Pipeline_PIXEL_STATS'.
WARNING: [SYN 201-103] Legalizing function name 'UpConv_Fused_Row<8>_Pipeline_PIXEL_NORM' to 'UpConv_Fused_Row_8_Pipeline_PIXEL_NORM'.
WARNING: [SYN 201-103] Legalizing function name 'UpConv_Fused_Row<8>' to 'UpConv_Fused_Row_8_s'.
Execute       get_model_list upconv_core_top -filter all-wo-channel -topdown 
Execute       preproc_iomode -model upconv_core_top 
Execute       preproc_iomode -model upconv_core_top_Pipeline_LOAD_ROW_VITIS_LOOP_72_2 
Execute       preproc_iomode -model UpConv_Fused_Row<8> 
Execute       preproc_iomode -model UpConv_Fused_Row<8>_Pipeline_PIXEL_NORM 
Execute       preproc_iomode -model UpConv_Fused_Row<8>_Pipeline_PIXEL_STATS 
Execute       preproc_iomode -model UpConv_Fused_Row<8>_Pipeline_LOAD_PARAMS 
Execute       preproc_iomode -model dataflow_parent_loop_proc 
Execute       preproc_iomode -model dataflow_in_loop_TILE_LOOP.1 
Execute       preproc_iomode -model uc_compute_tile<8>3 
Execute       preproc_iomode -model uc_compute_tile<8>3_Pipeline_KW_LOOP_FLAT_LOOP 
Execute       preproc_iomode -model uc_load_tile<8>2 
Execute       preproc_iomode -model uc_load_tile<8>2_Pipeline_W_FLAT 
Execute       preproc_iomode -model entry_proc 
Execute       preproc_iomode -model UpConv_Fused_Row<8>_Pipeline_RESET_ROW_ACC 
Execute       preproc_iomode -model upconv_core_top_Pipeline_LOAD_ROW0_VITIS_LOOP_58_1 
Execute       get_model_list upconv_core_top -filter all-wo-channel 
INFO-FLOW: Model list for configure: upconv_core_top_Pipeline_LOAD_ROW0_VITIS_LOOP_58_1 UpConv_Fused_Row<8>_Pipeline_RESET_ROW_ACC entry_proc uc_load_tile<8>2_Pipeline_W_FLAT uc_load_tile<8>2 uc_compute_tile<8>3_Pipeline_KW_LOOP_FLAT_LOOP uc_compute_tile<8>3 dataflow_in_loop_TILE_LOOP.1 dataflow_parent_loop_proc UpConv_Fused_Row<8>_Pipeline_LOAD_PARAMS UpConv_Fused_Row<8>_Pipeline_PIXEL_STATS UpConv_Fused_Row<8>_Pipeline_PIXEL_NORM UpConv_Fused_Row<8> upconv_core_top_Pipeline_LOAD_ROW_VITIS_LOOP_72_2 upconv_core_top
INFO-FLOW: Configuring Module : upconv_core_top_Pipeline_LOAD_ROW0_VITIS_LOOP_58_1 ...
Execute       set_default_model upconv_core_top_Pipeline_LOAD_ROW0_VITIS_LOOP_58_1 
Execute       apply_spec_resource_limit upconv_core_top_Pipeline_LOAD_ROW0_VITIS_LOOP_58_1 
INFO-FLOW: Configuring Module : UpConv_Fused_Row<8>_Pipeline_RESET_ROW_ACC ...
Execute       set_default_model UpConv_Fused_Row<8>_Pipeline_RESET_ROW_ACC 
Execute       apply_spec_resource_limit UpConv_Fused_Row<8>_Pipeline_RESET_ROW_ACC 
INFO-FLOW: Configuring Module : entry_proc ...
Execute       set_default_model entry_proc 
Execute       apply_spec_resource_limit entry_proc 
INFO-FLOW: Configuring Module : uc_load_tile<8>2_Pipeline_W_FLAT ...
Execute       set_default_model uc_load_tile<8>2_Pipeline_W_FLAT 
Execute       apply_spec_resource_limit uc_load_tile<8>2_Pipeline_W_FLAT 
INFO-FLOW: Configuring Module : uc_load_tile<8>2 ...
Execute       set_default_model uc_load_tile<8>2 
Execute       apply_spec_resource_limit uc_load_tile<8>2 
INFO-FLOW: Configuring Module : uc_compute_tile<8>3_Pipeline_KW_LOOP_FLAT_LOOP ...
Execute       set_default_model uc_compute_tile<8>3_Pipeline_KW_LOOP_FLAT_LOOP 
Execute       apply_spec_resource_limit uc_compute_tile<8>3_Pipeline_KW_LOOP_FLAT_LOOP 
INFO-FLOW: Configuring Module : uc_compute_tile<8>3 ...
Execute       set_default_model uc_compute_tile<8>3 
Execute       apply_spec_resource_limit uc_compute_tile<8>3 
INFO-FLOW: Configuring Module : dataflow_in_loop_TILE_LOOP.1 ...
Execute       set_default_model dataflow_in_loop_TILE_LOOP.1 
Execute       apply_spec_resource_limit dataflow_in_loop_TILE_LOOP.1 
INFO-FLOW: Configuring Module : dataflow_parent_loop_proc ...
Execute       set_default_model dataflow_parent_loop_proc 
Execute       apply_spec_resource_limit dataflow_parent_loop_proc 
INFO-FLOW: Configuring Module : UpConv_Fused_Row<8>_Pipeline_LOAD_PARAMS ...
Execute       set_default_model UpConv_Fused_Row<8>_Pipeline_LOAD_PARAMS 
Execute       apply_spec_resource_limit UpConv_Fused_Row<8>_Pipeline_LOAD_PARAMS 
INFO-FLOW: Configuring Module : UpConv_Fused_Row<8>_Pipeline_PIXEL_STATS ...
Execute       set_default_model UpConv_Fused_Row<8>_Pipeline_PIXEL_STATS 
Execute       apply_spec_resource_limit UpConv_Fused_Row<8>_Pipeline_PIXEL_STATS 
INFO-FLOW: Configuring Module : UpConv_Fused_Row<8>_Pipeline_PIXEL_NORM ...
Execute       set_default_model UpConv_Fused_Row<8>_Pipeline_PIXEL_NORM 
Execute       apply_spec_resource_limit UpConv_Fused_Row<8>_Pipeline_PIXEL_NORM 
INFO-FLOW: Configuring Module : UpConv_Fused_Row<8> ...
Execute       set_default_model UpConv_Fused_Row<8> 
Execute       apply_spec_resource_limit UpConv_Fused_Row<8> 
INFO-FLOW: Configuring Module : upconv_core_top_Pipeline_LOAD_ROW_VITIS_LOOP_72_2 ...
Execute       set_default_model upconv_core_top_Pipeline_LOAD_ROW_VITIS_LOOP_72_2 
Execute       apply_spec_resource_limit upconv_core_top_Pipeline_LOAD_ROW_VITIS_LOOP_72_2 
INFO-FLOW: Configuring Module : upconv_core_top ...
Execute       set_default_model upconv_core_top 
Execute       apply_spec_resource_limit upconv_core_top 
INFO-FLOW: Model list for preprocess: upconv_core_top_Pipeline_LOAD_ROW0_VITIS_LOOP_58_1 UpConv_Fused_Row<8>_Pipeline_RESET_ROW_ACC entry_proc uc_load_tile<8>2_Pipeline_W_FLAT uc_load_tile<8>2 uc_compute_tile<8>3_Pipeline_KW_LOOP_FLAT_LOOP uc_compute_tile<8>3 dataflow_in_loop_TILE_LOOP.1 dataflow_parent_loop_proc UpConv_Fused_Row<8>_Pipeline_LOAD_PARAMS UpConv_Fused_Row<8>_Pipeline_PIXEL_STATS UpConv_Fused_Row<8>_Pipeline_PIXEL_NORM UpConv_Fused_Row<8> upconv_core_top_Pipeline_LOAD_ROW_VITIS_LOOP_72_2 upconv_core_top
INFO-FLOW: Preprocessing Module: upconv_core_top_Pipeline_LOAD_ROW0_VITIS_LOOP_58_1 ...
Execute       set_default_model upconv_core_top_Pipeline_LOAD_ROW0_VITIS_LOOP_58_1 
Execute       cdfg_preprocess -model upconv_core_top_Pipeline_LOAD_ROW0_VITIS_LOOP_58_1 
Execute       rtl_gen_preprocess upconv_core_top_Pipeline_LOAD_ROW0_VITIS_LOOP_58_1 
INFO-FLOW: Preprocessing Module: UpConv_Fused_Row<8>_Pipeline_RESET_ROW_ACC ...
Execute       set_default_model UpConv_Fused_Row<8>_Pipeline_RESET_ROW_ACC 
Execute       cdfg_preprocess -model UpConv_Fused_Row<8>_Pipeline_RESET_ROW_ACC 
Execute       rtl_gen_preprocess UpConv_Fused_Row<8>_Pipeline_RESET_ROW_ACC 
INFO-FLOW: Preprocessing Module: entry_proc ...
Execute       set_default_model entry_proc 
Execute       cdfg_preprocess -model entry_proc 
Execute       rtl_gen_preprocess entry_proc 
INFO-FLOW: Preprocessing Module: uc_load_tile<8>2_Pipeline_W_FLAT ...
Execute       set_default_model uc_load_tile<8>2_Pipeline_W_FLAT 
Execute       cdfg_preprocess -model uc_load_tile<8>2_Pipeline_W_FLAT 
Execute       rtl_gen_preprocess uc_load_tile<8>2_Pipeline_W_FLAT 
INFO-FLOW: Preprocessing Module: uc_load_tile<8>2 ...
Execute       set_default_model uc_load_tile<8>2 
Execute       cdfg_preprocess -model uc_load_tile<8>2 
Execute       rtl_gen_preprocess uc_load_tile<8>2 
INFO-FLOW: Preprocessing Module: uc_compute_tile<8>3_Pipeline_KW_LOOP_FLAT_LOOP ...
Execute       set_default_model uc_compute_tile<8>3_Pipeline_KW_LOOP_FLAT_LOOP 
Execute       cdfg_preprocess -model uc_compute_tile<8>3_Pipeline_KW_LOOP_FLAT_LOOP 
Execute       rtl_gen_preprocess uc_compute_tile<8>3_Pipeline_KW_LOOP_FLAT_LOOP 
INFO-FLOW: Preprocessing Module: uc_compute_tile<8>3 ...
Execute       set_default_model uc_compute_tile<8>3 
Execute       cdfg_preprocess -model uc_compute_tile<8>3 
Execute       rtl_gen_preprocess uc_compute_tile<8>3 
INFO-FLOW: Preprocessing Module: dataflow_in_loop_TILE_LOOP.1 ...
Execute       set_default_model dataflow_in_loop_TILE_LOOP.1 
Execute       cdfg_preprocess -model dataflow_in_loop_TILE_LOOP.1 
Execute       rtl_gen_preprocess dataflow_in_loop_TILE_LOOP.1 
INFO-FLOW: Preprocessing Module: dataflow_parent_loop_proc ...
Execute       set_default_model dataflow_parent_loop_proc 
Execute       cdfg_preprocess -model dataflow_parent_loop_proc 
Execute       rtl_gen_preprocess dataflow_parent_loop_proc 
INFO-FLOW: Preprocessing Module: UpConv_Fused_Row<8>_Pipeline_LOAD_PARAMS ...
Execute       set_default_model UpConv_Fused_Row<8>_Pipeline_LOAD_PARAMS 
Execute       cdfg_preprocess -model UpConv_Fused_Row<8>_Pipeline_LOAD_PARAMS 
Execute       rtl_gen_preprocess UpConv_Fused_Row<8>_Pipeline_LOAD_PARAMS 
INFO-FLOW: Preprocessing Module: UpConv_Fused_Row<8>_Pipeline_PIXEL_STATS ...
Execute       set_default_model UpConv_Fused_Row<8>_Pipeline_PIXEL_STATS 
Execute       cdfg_preprocess -model UpConv_Fused_Row<8>_Pipeline_PIXEL_STATS 
Execute       rtl_gen_preprocess UpConv_Fused_Row<8>_Pipeline_PIXEL_STATS 
INFO-FLOW: Preprocessing Module: UpConv_Fused_Row<8>_Pipeline_PIXEL_NORM ...
Execute       set_default_model UpConv_Fused_Row<8>_Pipeline_PIXEL_NORM 
Execute       cdfg_preprocess -model UpConv_Fused_Row<8>_Pipeline_PIXEL_NORM 
Execute       rtl_gen_preprocess UpConv_Fused_Row<8>_Pipeline_PIXEL_NORM 
INFO-FLOW: Preprocessing Module: UpConv_Fused_Row<8> ...
Execute       set_default_model UpConv_Fused_Row<8> 
Execute       cdfg_preprocess -model UpConv_Fused_Row<8> 
Execute       rtl_gen_preprocess UpConv_Fused_Row<8> 
INFO-FLOW: Preprocessing Module: upconv_core_top_Pipeline_LOAD_ROW_VITIS_LOOP_72_2 ...
Execute       set_default_model upconv_core_top_Pipeline_LOAD_ROW_VITIS_LOOP_72_2 
Execute       cdfg_preprocess -model upconv_core_top_Pipeline_LOAD_ROW_VITIS_LOOP_72_2 
Execute       rtl_gen_preprocess upconv_core_top_Pipeline_LOAD_ROW_VITIS_LOOP_72_2 
INFO-FLOW: Preprocessing Module: upconv_core_top ...
Execute       set_default_model upconv_core_top 
Execute       cdfg_preprocess -model upconv_core_top 
Execute       rtl_gen_preprocess upconv_core_top 
INFO-FLOW: Model list for synthesis: upconv_core_top_Pipeline_LOAD_ROW0_VITIS_LOOP_58_1 UpConv_Fused_Row<8>_Pipeline_RESET_ROW_ACC entry_proc uc_load_tile<8>2_Pipeline_W_FLAT uc_load_tile<8>2 uc_compute_tile<8>3_Pipeline_KW_LOOP_FLAT_LOOP uc_compute_tile<8>3 dataflow_in_loop_TILE_LOOP.1 dataflow_parent_loop_proc UpConv_Fused_Row<8>_Pipeline_LOAD_PARAMS UpConv_Fused_Row<8>_Pipeline_PIXEL_STATS UpConv_Fused_Row<8>_Pipeline_PIXEL_NORM UpConv_Fused_Row<8> upconv_core_top_Pipeline_LOAD_ROW_VITIS_LOOP_72_2 upconv_core_top
INFO: [HLS 200-10] ----------------------------------------------------------------
INFO: [HLS 200-42] -- Implementing module 'upconv_core_top_Pipeline_LOAD_ROW0_VITIS_LOOP_58_1' 
INFO: [HLS 200-10] ----------------------------------------------------------------
Execute       set_default_model upconv_core_top_Pipeline_LOAD_ROW0_VITIS_LOOP_58_1 
Execute       schedule -model upconv_core_top_Pipeline_LOAD_ROW0_VITIS_LOOP_58_1 
INFO: [SCHED 204-11] Starting scheduling ...
INFO: [HLS 200-486] Changing DSP latency (root=add_ln61) to 3 in order to utilize available DSP registers.
WARNING: [HLS 200-2042] Usage of URAM can potentially cause worse II as Vitis HLS does not exploit read-first mode for URAMs. Consider using BRAMs instead.
INFO: [SCHED 204-61] Pipelining loop 'LOAD_ROW0_VITIS_LOOP_58_1'.
INFO: [HLS 200-1470] Pipelining result : Target II = 1, Final II = 1, Depth = 5, loop 'LOAD_ROW0_VITIS_LOOP_58_1'
INFO: [SCHED 204-11] Finished scheduling.
INFO: [HLS 200-111] Finished Scheduling: CPU user time: 0.08 seconds. CPU system time: 0.02 seconds. Elapsed time: 0.12 seconds; current allocated memory: 499.344 MB.
Execute       syn_report -verbosereport -o /home/hoinguyen/Documents/Vitis/UpConv_HLS/upconv_core/upconv_core_top/hls/.autopilot/db/upconv_core_top_Pipeline_LOAD_ROW0_VITIS_LOOP_58_1.verbose.sched.rpt 
Execute         list_part -family xczu7ev-ffvc1156-2-e 
Execute           ap_family_info -name xczu7ev-ffvc1156-2-e -data names 
Execute           ap_part_info -quiet -name xczu7ev-ffvc1156-2-e -data family 
Execute       db_write -o /home/hoinguyen/Documents/Vitis/UpConv_HLS/upconv_core/upconv_core_top/hls/.autopilot/db/upconv_core_top_Pipeline_LOAD_ROW0_VITIS_LOOP_58_1.sched.adb -f 
INFO-FLOW: Finish scheduling upconv_core_top_Pipeline_LOAD_ROW0_VITIS_LOOP_58_1.
Execute       set_default_model upconv_core_top_Pipeline_LOAD_ROW0_VITIS_LOOP_58_1 
Execute       bind -model upconv_core_top_Pipeline_LOAD_ROW0_VITIS_LOOP_58_1 
INFO: [BIND 205-100] Starting micro-architecture generation ...
INFO: [BIND 205-101] Performing variable lifetime analysis.
INFO: [BIND 205-101] Exploring resource sharing.
INFO: [BIND 205-101] Binding ...
INFO: [BIND 205-100] Finished micro-architecture generation.
INFO: [HLS 200-111] Finished Binding: CPU user time: 0.01 seconds. CPU system time: 0 seconds. Elapsed time: 0.02 seconds; current allocated memory: 499.344 MB.
Execute       syn_report -verbosereport -o /home/hoinguyen/Documents/Vitis/UpConv_HLS/upconv_core/upconv_core_top/hls/.autopilot/db/upconv_core_top_Pipeline_LOAD_ROW0_VITIS_LOOP_58_1.verbose.bind.rpt 
Execute         list_part -family xczu7ev-ffvc1156-2-e 
Execute           ap_family_info -name xczu7ev-ffvc1156-2-e -data names 
Execute           ap_part_info -quiet -name xczu7ev-ffvc1156-2-e -data family 
Execute       db_write -o /home/hoinguyen/Documents/Vitis/UpConv_HLS/upconv_core/upconv_core_top/hls/.autopilot/db/upconv_core_top_Pipeline_LOAD_ROW0_VITIS_LOOP_58_1.bind.adb -f 
INFO-FLOW: Finish binding upconv_core_top_Pipeline_LOAD_ROW0_VITIS_LOOP_58_1.
INFO: [HLS 200-10] ----------------------------------------------------------------
INFO: [HLS 200-42] -- Implementing module 'UpConv_Fused_Row_8_Pipeline_RESET_ROW_ACC' 
INFO: [HLS 200-10] ----------------------------------------------------------------
Execute       set_default_model UpConv_Fused_Row<8>_Pipeline_RESET_ROW_ACC 
Execute       schedule -model UpConv_Fused_Row<8>_Pipeline_RESET_ROW_ACC 
INFO: [SCHED 204-11] Starting scheduling ...
WARNING: [HLS 200-2042] Usage of URAM can potentially cause worse II as Vitis HLS does not exploit read-first mode for URAMs. Consider using BRAMs instead.
WARNING: [HLS 200-2042] Usage of URAM can potentially cause worse II as Vitis HLS does not exploit read-first mode for URAMs. Consider using BRAMs instead.
WARNING: [HLS 200-2042] Usage of URAM can potentially cause worse II as Vitis HLS does not exploit read-first mode for URAMs. Consider using BRAMs instead.
WARNING: [HLS 200-2042] Usage of URAM can potentially cause worse II as Vitis HLS does not exploit read-first mode for URAMs. Consider using BRAMs instead.
WARNING: [HLS 200-2042] Usage of URAM can potentially cause worse II as Vitis HLS does not exploit read-first mode for URAMs. Consider using BRAMs instead.
WARNING: [HLS 200-2042] Usage of URAM can potentially cause worse II as Vitis HLS does not exploit read-first mode for URAMs. Consider using BRAMs instead.
WARNING: [HLS 200-2042] Usage of URAM can potentially cause worse II as Vitis HLS does not exploit read-first mode for URAMs. Consider using BRAMs instead.
WARNING: [HLS 200-2042] Usage of URAM can potentially cause worse II as Vitis HLS does not exploit read-first mode for URAMs. Consider using BRAMs instead.
WARNING: [HLS 200-2042] Usage of URAM can potentially cause worse II as Vitis HLS does not exploit read-first mode for URAMs. Consider using BRAMs instead.
WARNING: [HLS 200-2042] Usage of URAM can potentially cause worse II as Vitis HLS does not exploit read-first mode for URAMs. Consider using BRAMs instead.
WARNING: [HLS 200-2042] Usage of URAM can potentially cause worse II as Vitis HLS does not exploit read-first mode for URAMs. Consider using BRAMs instead.
WARNING: [HLS 200-2042] Usage of URAM can potentially cause worse II as Vitis HLS does not exploit read-first mode for URAMs. Consider using BRAMs instead.
WARNING: [HLS 200-2042] Usage of URAM can potentially cause worse II as Vitis HLS does not exploit read-first mode for URAMs. Consider using BRAMs instead.
WARNING: [HLS 200-2042] Usage of URAM can potentially cause worse II as Vitis HLS does not exploit read-first mode for URAMs. Consider using BRAMs instead.
WARNING: [HLS 200-2042] Usage of URAM can potentially cause worse II as Vitis HLS does not exploit read-first mode for URAMs. Consider using BRAMs instead.
WARNING: [HLS 200-2042] Usage of URAM can potentially cause worse II as Vitis HLS does not exploit read-first mode for URAMs. Consider using BRAMs instead.
INFO: [SCHED 204-61] Pipelining loop 'RESET_ROW_ACC'.
INFO: [HLS 200-1470] Pipelining result : Target II = 1, Final II = 1, Depth = 2, loop 'RESET_ROW_ACC'
INFO: [SCHED 204-11] Finished scheduling.
INFO: [HLS 200-111] Finished Scheduling: CPU user time: 0.06 seconds. CPU system time: 0.01 seconds. Elapsed time: 0.07 seconds; current allocated memory: 500.266 MB.
Execute       syn_report -verbosereport -o /home/hoinguyen/Documents/Vitis/UpConv_HLS/upconv_core/upconv_core_top/hls/.autopilot/db/UpConv_Fused_Row_8_Pipeline_RESET_ROW_ACC.verbose.sched.rpt 
Execute         list_part -family xczu7ev-ffvc1156-2-e 
Execute           ap_family_info -name xczu7ev-ffvc1156-2-e -data names 
Execute           ap_part_info -quiet -name xczu7ev-ffvc1156-2-e -data family 
Execute       db_write -o /home/hoinguyen/Documents/Vitis/UpConv_HLS/upconv_core/upconv_core_top/hls/.autopilot/db/UpConv_Fused_Row_8_Pipeline_RESET_ROW_ACC.sched.adb -f 
INFO-FLOW: Finish scheduling UpConv_Fused_Row<8>_Pipeline_RESET_ROW_ACC.
Execute       set_default_model UpConv_Fused_Row<8>_Pipeline_RESET_ROW_ACC 
Execute       bind -model UpConv_Fused_Row<8>_Pipeline_RESET_ROW_ACC 
INFO: [BIND 205-100] Starting micro-architecture generation ...
INFO: [BIND 205-101] Performing variable lifetime analysis.
INFO: [BIND 205-101] Exploring resource sharing.
INFO: [BIND 205-101] Binding ...
INFO: [BIND 205-100] Finished micro-architecture generation.
INFO: [HLS 200-111] Finished Binding: CPU user time: 0.02 seconds. CPU system time: 0 seconds. Elapsed time: 0.02 seconds; current allocated memory: 500.266 MB.
Execute       syn_report -verbosereport -o /home/hoinguyen/Documents/Vitis/UpConv_HLS/upconv_core/upconv_core_top/hls/.autopilot/db/UpConv_Fused_Row_8_Pipeline_RESET_ROW_ACC.verbose.bind.rpt 
Execute         list_part -family xczu7ev-ffvc1156-2-e 
Execute           ap_family_info -name xczu7ev-ffvc1156-2-e -data names 
Execute           ap_part_info -quiet -name xczu7ev-ffvc1156-2-e -data family 
Execute       db_write -o /home/hoinguyen/Documents/Vitis/UpConv_HLS/upconv_core/upconv_core_top/hls/.autopilot/db/UpConv_Fused_Row_8_Pipeline_RESET_ROW_ACC.bind.adb -f 
INFO-FLOW: Finish binding UpConv_Fused_Row<8>_Pipeline_RESET_ROW_ACC.
INFO: [HLS 200-10] ----------------------------------------------------------------
INFO: [HLS 200-42] -- Implementing module 'entry_proc' 
INFO: [HLS 200-10] ----------------------------------------------------------------
Execute       set_default_model entry_proc 
Execute       schedule -model entry_proc 
INFO: [SCHED 204-11] Starting scheduling ...
INFO: [SCHED 204-11] Finished scheduling.
INFO: [HLS 200-111] Finished Scheduling: CPU user time: 0.02 seconds. CPU system time: 0 seconds. Elapsed time: 0.02 seconds; current allocated memory: 500.266 MB.
Execute       syn_report -verbosereport -o /home/hoinguyen/Documents/Vitis/UpConv_HLS/upconv_core/upconv_core_top/hls/.autopilot/db/entry_proc.verbose.sched.rpt 
Execute         list_part -family xczu7ev-ffvc1156-2-e 
Execute           ap_family_info -name xczu7ev-ffvc1156-2-e -data names 
Execute           ap_part_info -quiet -name xczu7ev-ffvc1156-2-e -data family 
Execute       db_write -o /home/hoinguyen/Documents/Vitis/UpConv_HLS/upconv_core/upconv_core_top/hls/.autopilot/db/entry_proc.sched.adb -f 
INFO-FLOW: Finish scheduling entry_proc.
Execute       set_default_model entry_proc 
Execute       bind -model entry_proc 
INFO: [BIND 205-100] Starting micro-architecture generation ...
INFO: [BIND 205-101] Performing variable lifetime analysis.
INFO: [BIND 205-101] Exploring resource sharing.
INFO: [BIND 205-101] Binding ...
INFO: [BIND 205-100] Finished micro-architecture generation.
INFO: [HLS 200-111] Finished Binding: CPU user time: 0.01 seconds. CPU system time: 0 seconds. Elapsed time: 0.01 seconds; current allocated memory: 500.266 MB.
Execute       syn_report -verbosereport -o /home/hoinguyen/Documents/Vitis/UpConv_HLS/upconv_core/upconv_core_top/hls/.autopilot/db/entry_proc.verbose.bind.rpt 
Execute         list_part -family xczu7ev-ffvc1156-2-e 
Execute           ap_family_info -name xczu7ev-ffvc1156-2-e -data names 
Execute           ap_part_info -quiet -name xczu7ev-ffvc1156-2-e -data family 
Execute       db_write -o /home/hoinguyen/Documents/Vitis/UpConv_HLS/upconv_core/upconv_core_top/hls/.autopilot/db/entry_proc.bind.adb -f 
INFO-FLOW: Finish binding entry_proc.
INFO: [HLS 200-10] ----------------------------------------------------------------
INFO: [HLS 200-42] -- Implementing module 'uc_load_tile_8_2_Pipeline_W_FLAT' 
INFO: [HLS 200-10] ----------------------------------------------------------------
Execute       set_default_model uc_load_tile<8>2_Pipeline_W_FLAT 
Execute       schedule -model uc_load_tile<8>2_Pipeline_W_FLAT 
INFO: [SCHED 204-11] Starting scheduling ...
WARNING: [HLS 200-2042] Usage of URAM can potentially cause worse II as Vitis HLS does not exploit read-first mode for URAMs. Consider using BRAMs instead.
WARNING: [HLS 200-2042] Usage of URAM can potentially cause worse II as Vitis HLS does not exploit read-first mode for URAMs. Consider using BRAMs instead.
WARNING: [HLS 200-2042] Usage of URAM can potentially cause worse II as Vitis HLS does not exploit read-first mode for URAMs. Consider using BRAMs instead.
WARNING: [HLS 200-2042] Usage of URAM can potentially cause worse II as Vitis HLS does not exploit read-first mode for URAMs. Consider using BRAMs instead.
WARNING: [HLS 200-2042] Usage of URAM can potentially cause worse II as Vitis HLS does not exploit read-first mode for URAMs. Consider using BRAMs instead.
WARNING: [HLS 200-2042] Usage of URAM can potentially cause worse II as Vitis HLS does not exploit read-first mode for URAMs. Consider using BRAMs instead.
WARNING: [HLS 200-2042] Usage of URAM can potentially cause worse II as Vitis HLS does not exploit read-first mode for URAMs. Consider using BRAMs instead.
WARNING: [HLS 200-2042] Usage of URAM can potentially cause worse II as Vitis HLS does not exploit read-first mode for URAMs. Consider using BRAMs instead.
INFO: [SCHED 204-61] Pipelining loop 'W_FLAT'.
INFO: [HLS 200-1470] Pipelining result : Target II = 1, Final II = 1, Depth = 3, loop 'W_FLAT'
WARNING: [HLS 200-871] Estimated clock period (3.195 ns) exceeds the target (target clock period: 3.333 ns, clock uncertainty: 0.900 ns, effective delay budget: 2.433 ns).
WARNING: [HLS 200-1016] The critical path in module 'uc_load_tile_8_2_Pipeline_W_FLAT' consists of the following:
	'load' operation 32 bit ('ci_cnt_load_1', ../gen2/Hls_Layers_UpConv.tpp:87->../gen2/Hls_Layers_UpConv.tpp:219->../gen2/Hls_Layers_UpConv.tpp:216) on local variable 'ci_cnt', ../gen2/Hls_Layers_UpConv.tpp:82->../gen2/Hls_Layers_UpConv.tpp:219->../gen2/Hls_Layers_UpConv.tpp:216 [92]  (0.000 ns)
	'add' operation 32 bit ('ci_cnt', ../gen2/Hls_Layers_UpConv.tpp:87->../gen2/Hls_Layers_UpConv.tpp:219->../gen2/Hls_Layers_UpConv.tpp:216) [93]  (1.016 ns)
	'icmp' operation 1 bit ('icmp_ln88', ../gen2/Hls_Layers_UpConv.tpp:88->../gen2/Hls_Layers_UpConv.tpp:219->../gen2/Hls_Layers_UpConv.tpp:216) [94]  (1.016 ns)
	'xor' operation 1 bit ('xor_ln88', ../gen2/Hls_Layers_UpConv.tpp:88->../gen2/Hls_Layers_UpConv.tpp:219->../gen2/Hls_Layers_UpConv.tpp:216) [95]  (0.287 ns)
	'select' operation 32 bit ('ci_cnt', ../gen2/Hls_Layers_UpConv.tpp:88->../gen2/Hls_Layers_UpConv.tpp:219->../gen2/Hls_Layers_UpConv.tpp:216) [98]  (0.449 ns)
	'store' operation 0 bit ('ci_cnt_write_ln82', ../gen2/Hls_Layers_UpConv.tpp:82->../gen2/Hls_Layers_UpConv.tpp:219->../gen2/Hls_Layers_UpConv.tpp:216) of variable 'ci_cnt', ../gen2/Hls_Layers_UpConv.tpp:88->../gen2/Hls_Layers_UpConv.tpp:219->../gen2/Hls_Layers_UpConv.tpp:216 on local variable 'ci_cnt', ../gen2/Hls_Layers_UpConv.tpp:82->../gen2/Hls_Layers_UpConv.tpp:219->../gen2/Hls_Layers_UpConv.tpp:216 [100]  (0.427 ns)

INFO: [SCHED 204-11] Finished scheduling.
INFO: [HLS 200-111] Finished Scheduling: CPU user time: 0.05 seconds. CPU system time: 0 seconds. Elapsed time: 0.06 seconds; current allocated memory: 501.199 MB.
Execute       syn_report -verbosereport -o /home/hoinguyen/Documents/Vitis/UpConv_HLS/upconv_core/upconv_core_top/hls/.autopilot/db/uc_load_tile_8_2_Pipeline_W_FLAT.verbose.sched.rpt 
Execute         list_part -family xczu7ev-ffvc1156-2-e 
Execute           ap_family_info -name xczu7ev-ffvc1156-2-e -data names 
Execute           ap_part_info -quiet -name xczu7ev-ffvc1156-2-e -data family 
Execute       db_write -o /home/hoinguyen/Documents/Vitis/UpConv_HLS/upconv_core/upconv_core_top/hls/.autopilot/db/uc_load_tile_8_2_Pipeline_W_FLAT.sched.adb -f 
INFO-FLOW: Finish scheduling uc_load_tile<8>2_Pipeline_W_FLAT.
Execute       set_default_model uc_load_tile<8>2_Pipeline_W_FLAT 
Execute       bind -model uc_load_tile<8>2_Pipeline_W_FLAT 
INFO: [BIND 205-100] Starting micro-architecture generation ...
INFO: [BIND 205-101] Performing variable lifetime analysis.
INFO: [BIND 205-101] Exploring resource sharing.
INFO: [BIND 205-101] Binding ...
INFO: [BIND 205-100] Finished micro-architecture generation.
INFO: [HLS 200-111] Finished Binding: CPU user time: 0.02 seconds. CPU system time: 0 seconds. Elapsed time: 0.02 seconds; current allocated memory: 501.199 MB.
Execute       syn_report -verbosereport -o /home/hoinguyen/Documents/Vitis/UpConv_HLS/upconv_core/upconv_core_top/hls/.autopilot/db/uc_load_tile_8_2_Pipeline_W_FLAT.verbose.bind.rpt 
Execute         list_part -family xczu7ev-ffvc1156-2-e 
Execute           ap_family_info -name xczu7ev-ffvc1156-2-e -data names 
Execute           ap_part_info -quiet -name xczu7ev-ffvc1156-2-e -data family 
Execute       db_write -o /home/hoinguyen/Documents/Vitis/UpConv_HLS/upconv_core/upconv_core_top/hls/.autopilot/db/uc_load_tile_8_2_Pipeline_W_FLAT.bind.adb -f 
INFO-FLOW: Finish binding uc_load_tile<8>2_Pipeline_W_FLAT.
INFO: [HLS 200-10] ----------------------------------------------------------------
INFO: [HLS 200-42] -- Implementing module 'uc_load_tile_8_2' 
INFO: [HLS 200-10] ----------------------------------------------------------------
Execute       set_default_model uc_load_tile<8>2 
Execute       schedule -model uc_load_tile<8>2 
INFO: [SCHED 204-11] Starting scheduling ...
INFO: [SCHED 204-11] Finished scheduling.
INFO: [HLS 200-111] Finished Scheduling: CPU user time: 0.04 seconds. CPU system time: 0.01 seconds. Elapsed time: 0.04 seconds; current allocated memory: 501.602 MB.
Execute       syn_report -verbosereport -o /home/hoinguyen/Documents/Vitis/UpConv_HLS/upconv_core/upconv_core_top/hls/.autopilot/db/uc_load_tile_8_2.verbose.sched.rpt 
Execute         list_part -family xczu7ev-ffvc1156-2-e 
Execute           ap_family_info -name xczu7ev-ffvc1156-2-e -data names 
Execute           ap_part_info -quiet -name xczu7ev-ffvc1156-2-e -data family 
Execute       db_write -o /home/hoinguyen/Documents/Vitis/UpConv_HLS/upconv_core/upconv_core_top/hls/.autopilot/db/uc_load_tile_8_2.sched.adb -f 
INFO-FLOW: Finish scheduling uc_load_tile<8>2.
Execute       set_default_model uc_load_tile<8>2 
Execute       bind -model uc_load_tile<8>2 
INFO: [BIND 205-100] Starting micro-architecture generation ...
INFO: [BIND 205-101] Performing variable lifetime analysis.
INFO: [BIND 205-101] Exploring resource sharing.
INFO: [BIND 205-101] Binding ...
INFO: [BIND 205-100] Finished micro-architecture generation.
INFO: [HLS 200-111] Finished Binding: CPU user time: 0.02 seconds. CPU system time: 0 seconds. Elapsed time: 0.02 seconds; current allocated memory: 501.602 MB.
Execute       syn_report -verbosereport -o /home/hoinguyen/Documents/Vitis/UpConv_HLS/upconv_core/upconv_core_top/hls/.autopilot/db/uc_load_tile_8_2.verbose.bind.rpt 
Execute         list_part -family xczu7ev-ffvc1156-2-e 
Execute           ap_family_info -name xczu7ev-ffvc1156-2-e -data names 
Execute           ap_part_info -quiet -name xczu7ev-ffvc1156-2-e -data family 
Execute       db_write -o /home/hoinguyen/Documents/Vitis/UpConv_HLS/upconv_core/upconv_core_top/hls/.autopilot/db/uc_load_tile_8_2.bind.adb -f 
INFO-FLOW: Finish binding uc_load_tile<8>2.
INFO: [HLS 200-10] ----------------------------------------------------------------
INFO: [HLS 200-42] -- Implementing module 'uc_compute_tile_8_3_Pipeline_KW_LOOP_FLAT_LOOP' 
INFO: [HLS 200-10] ----------------------------------------------------------------
Execute       set_default_model uc_compute_tile<8>3_Pipeline_KW_LOOP_FLAT_LOOP 
Execute       schedule -model uc_compute_tile<8>3_Pipeline_KW_LOOP_FLAT_LOOP 
INFO: [SCHED 204-11] Starting scheduling ...
WARNING: [HLS 200-2042] Usage of URAM can potentially cause worse II as Vitis HLS does not exploit read-first mode for URAMs. Consider using BRAMs instead.
WARNING: [HLS 200-2042] Usage of URAM can potentially cause worse II as Vitis HLS does not exploit read-first mode for URAMs. Consider using BRAMs instead.
WARNING: [HLS 200-2042] Usage of URAM can potentially cause worse II as Vitis HLS does not exploit read-first mode for URAMs. Consider using BRAMs instead.
WARNING: [HLS 200-2042] Usage of URAM can potentially cause worse II as Vitis HLS does not exploit read-first mode for URAMs. Consider using BRAMs instead.
WARNING: [HLS 200-2042] Usage of URAM can potentially cause worse II as Vitis HLS does not exploit read-first mode for URAMs. Consider using BRAMs instead.
WARNING: [HLS 200-2042] Usage of URAM can potentially cause worse II as Vitis HLS does not exploit read-first mode for URAMs. Consider using BRAMs instead.
WARNING: [HLS 200-2042] Usage of URAM can potentially cause worse II as Vitis HLS does not exploit read-first mode for URAMs. Consider using BRAMs instead.
WARNING: [HLS 200-2042] Usage of URAM can potentially cause worse II as Vitis HLS does not exploit read-first mode for URAMs. Consider using BRAMs instead.
WARNING: [HLS 200-2042] Usage of URAM can potentially cause worse II as Vitis HLS does not exploit read-first mode for URAMs. Consider using BRAMs instead.
WARNING: [HLS 200-2042] Usage of URAM can potentially cause worse II as Vitis HLS does not exploit read-first mode for URAMs. Consider using BRAMs instead.
WARNING: [HLS 200-2042] Usage of URAM can potentially cause worse II as Vitis HLS does not exploit read-first mode for URAMs. Consider using BRAMs instead.
WARNING: [HLS 200-2042] Usage of URAM can potentially cause worse II as Vitis HLS does not exploit read-first mode for URAMs. Consider using BRAMs instead.
WARNING: [HLS 200-2042] Usage of URAM can potentially cause worse II as Vitis HLS does not exploit read-first mode for URAMs. Consider using BRAMs instead.
WARNING: [HLS 200-2042] Usage of URAM can potentially cause worse II as Vitis HLS does not exploit read-first mode for URAMs. Consider using BRAMs instead.
WARNING: [HLS 200-2042] Usage of URAM can potentially cause worse II as Vitis HLS does not exploit read-first mode for URAMs. Consider using BRAMs instead.
WARNING: [HLS 200-2042] Usage of URAM can potentially cause worse II as Vitis HLS does not exploit read-first mode for URAMs. Consider using BRAMs instead.
WARNING: [HLS 200-2042] Usage of URAM can potentially cause worse II as Vitis HLS does not exploit read-first mode for URAMs. Consider using BRAMs instead.
WARNING: [HLS 200-2042] Usage of URAM can potentially cause worse II as Vitis HLS does not exploit read-first mode for URAMs. Consider using BRAMs instead.
WARNING: [HLS 200-2042] Usage of URAM can potentially cause worse II as Vitis HLS does not exploit read-first mode for URAMs. Consider using BRAMs instead.
WARNING: [HLS 200-2042] Usage of URAM can potentially cause worse II as Vitis HLS does not exploit read-first mode for URAMs. Consider using BRAMs instead.
WARNING: [HLS 200-2042] Usage of URAM can potentially cause worse II as Vitis HLS does not exploit read-first mode for URAMs. Consider using BRAMs instead.
WARNING: [HLS 200-2042] Usage of URAM can potentially cause worse II as Vitis HLS does not exploit read-first mode for URAMs. Consider using BRAMs instead.
WARNING: [HLS 200-2042] Usage of URAM can potentially cause worse II as Vitis HLS does not exploit read-first mode for URAMs. Consider using BRAMs instead.
WARNING: [HLS 200-2042] Usage of URAM can potentially cause worse II as Vitis HLS does not exploit read-first mode for URAMs. Consider using BRAMs instead.
WARNING: [HLS 200-2042] Usage of URAM can potentially cause worse II as Vitis HLS does not exploit read-first mode for URAMs. Consider using BRAMs instead.
WARNING: [HLS 200-2042] Usage of URAM can potentially cause worse II as Vitis HLS does not exploit read-first mode for URAMs. Consider using BRAMs instead.
WARNING: [HLS 200-2042] Usage of URAM can potentially cause worse II as Vitis HLS does not exploit read-first mode for URAMs. Consider using BRAMs instead.
WARNING: [HLS 200-2042] Usage of URAM can potentially cause worse II as Vitis HLS does not exploit read-first mode for URAMs. Consider using BRAMs instead.
WARNING: [HLS 200-2042] Usage of URAM can potentially cause worse II as Vitis HLS does not exploit read-first mode for URAMs. Consider using BRAMs instead.
WARNING: [HLS 200-2042] Usage of URAM can potentially cause worse II as Vitis HLS does not exploit read-first mode for URAMs. Consider using BRAMs instead.
WARNING: [HLS 200-2042] Usage of URAM can potentially cause worse II as Vitis HLS does not exploit read-first mode for URAMs. Consider using BRAMs instead.
WARNING: [HLS 200-2042] Usage of URAM can potentially cause worse II as Vitis HLS does not exploit read-first mode for URAMs. Consider using BRAMs instead.
WARNING: [HLS 200-2042] Usage of URAM can potentially cause worse II as Vitis HLS does not exploit read-first mode for URAMs. Consider using BRAMs instead.
WARNING: [HLS 200-2042] Usage of URAM can potentially cause worse II as Vitis HLS does not exploit read-first mode for URAMs. Consider using BRAMs instead.
WARNING: [HLS 200-2042] Usage of URAM can potentially cause worse II as Vitis HLS does not exploit read-first mode for URAMs. Consider using BRAMs instead.
WARNING: [HLS 200-2042] Usage of URAM can potentially cause worse II as Vitis HLS does not exploit read-first mode for URAMs. Consider using BRAMs instead.
WARNING: [HLS 200-2042] Usage of URAM can potentially cause worse II as Vitis HLS does not exploit read-first mode for URAMs. Consider using BRAMs instead.
WARNING: [HLS 200-2042] Usage of URAM can potentially cause worse II as Vitis HLS does not exploit read-first mode for URAMs. Consider using BRAMs instead.
WARNING: [HLS 200-2042] Usage of URAM can potentially cause worse II as Vitis HLS does not exploit read-first mode for URAMs. Consider using BRAMs instead.
WARNING: [HLS 200-2042] Usage of URAM can potentially cause worse II as Vitis HLS does not exploit read-first mode for URAMs. Consider using BRAMs instead.
WARNING: [HLS 200-2042] Usage of URAM can potentially cause worse II as Vitis HLS does not exploit read-first mode for URAMs. Consider using BRAMs instead.
INFO: [SCHED 204-61] Pipelining loop 'KW_LOOP_FLAT_LOOP'.
INFO: [HLS 200-1470] Pipelining result : Target II = 1, Final II = 1, Depth = 116, loop 'KW_LOOP_FLAT_LOOP'
INFO: [SCHED 204-11] Finished scheduling.
Command       schedule done; 0.52 sec.
INFO: [HLS 200-111] Finished Scheduling: CPU user time: 0.52 seconds. CPU system time: 0 seconds. Elapsed time: 0.53 seconds; current allocated memory: 513.352 MB.
Execute       syn_report -verbosereport -o /home/hoinguyen/Documents/Vitis/UpConv_HLS/upconv_core/upconv_core_top/hls/.autopilot/db/uc_compute_tile_8_3_Pipeline_KW_LOOP_FLAT_LOOP.verbose.sched.rpt 
Execute         list_part -family xczu7ev-ffvc1156-2-e 
Execute           ap_family_info -name xczu7ev-ffvc1156-2-e -data names 
Execute           ap_part_info -quiet -name xczu7ev-ffvc1156-2-e -data family 
Execute       db_write -o /home/hoinguyen/Documents/Vitis/UpConv_HLS/upconv_core/upconv_core_top/hls/.autopilot/db/uc_compute_tile_8_3_Pipeline_KW_LOOP_FLAT_LOOP.sched.adb -f 
INFO-FLOW: Finish scheduling uc_compute_tile<8>3_Pipeline_KW_LOOP_FLAT_LOOP.
Execute       set_default_model uc_compute_tile<8>3_Pipeline_KW_LOOP_FLAT_LOOP 
Execute       bind -model uc_compute_tile<8>3_Pipeline_KW_LOOP_FLAT_LOOP 
INFO: [BIND 205-100] Starting micro-architecture generation ...
INFO: [BIND 205-101] Performing variable lifetime analysis.
INFO: [BIND 205-101] Exploring resource sharing.
INFO: [BIND 205-101] Binding ...
INFO: [BIND 205-100] Finished micro-architecture generation.
INFO: [HLS 200-111] Finished Binding: CPU user time: 0.15 seconds. CPU system time: 0.01 seconds. Elapsed time: 0.14 seconds; current allocated memory: 514.559 MB.
Execute       syn_report -verbosereport -o /home/hoinguyen/Documents/Vitis/UpConv_HLS/upconv_core/upconv_core_top/hls/.autopilot/db/uc_compute_tile_8_3_Pipeline_KW_LOOP_FLAT_LOOP.verbose.bind.rpt 
Execute         list_part -family xczu7ev-ffvc1156-2-e 
Execute           ap_family_info -name xczu7ev-ffvc1156-2-e -data names 
Execute           ap_part_info -quiet -name xczu7ev-ffvc1156-2-e -data family 
Execute       db_write -o /home/hoinguyen/Documents/Vitis/UpConv_HLS/upconv_core/upconv_core_top/hls/.autopilot/db/uc_compute_tile_8_3_Pipeline_KW_LOOP_FLAT_LOOP.bind.adb -f 
INFO-FLOW: Finish binding uc_compute_tile<8>3_Pipeline_KW_LOOP_FLAT_LOOP.
INFO: [HLS 200-10] ----------------------------------------------------------------
INFO: [HLS 200-42] -- Implementing module 'uc_compute_tile_8_3' 
INFO: [HLS 200-10] ----------------------------------------------------------------
Execute       set_default_model uc_compute_tile<8>3 
Execute       schedule -model uc_compute_tile<8>3 
INFO: [SCHED 204-11] Starting scheduling ...
INFO: [SCHED 204-11] Finished scheduling.
INFO: [HLS 200-111] Finished Scheduling: CPU user time: 0.1 seconds. CPU system time: 0 seconds. Elapsed time: 0.11 seconds; current allocated memory: 515.953 MB.
Execute       syn_report -verbosereport -o /home/hoinguyen/Documents/Vitis/UpConv_HLS/upconv_core/upconv_core_top/hls/.autopilot/db/uc_compute_tile_8_3.verbose.sched.rpt 
Execute         list_part -family xczu7ev-ffvc1156-2-e 
Execute           ap_family_info -name xczu7ev-ffvc1156-2-e -data names 
Execute           ap_part_info -quiet -name xczu7ev-ffvc1156-2-e -data family 
Execute       db_write -o /home/hoinguyen/Documents/Vitis/UpConv_HLS/upconv_core/upconv_core_top/hls/.autopilot/db/uc_compute_tile_8_3.sched.adb -f 
INFO-FLOW: Finish scheduling uc_compute_tile<8>3.
Execute       set_default_model uc_compute_tile<8>3 
Execute       bind -model uc_compute_tile<8>3 
INFO: [BIND 205-100] Starting micro-architecture generation ...
INFO: [BIND 205-101] Performing variable lifetime analysis.
INFO: [BIND 205-101] Exploring resource sharing.
INFO: [BIND 205-101] Binding ...
INFO: [BIND 205-100] Finished micro-architecture generation.
INFO: [HLS 200-111] Finished Binding: CPU user time: 0.02 seconds. CPU system time: 0 seconds. Elapsed time: 0.03 seconds; current allocated memory: 516.340 MB.
Execute       syn_report -verbosereport -o /home/hoinguyen/Documents/Vitis/UpConv_HLS/upconv_core/upconv_core_top/hls/.autopilot/db/uc_compute_tile_8_3.verbose.bind.rpt 
Execute         list_part -family xczu7ev-ffvc1156-2-e 
Execute           ap_family_info -name xczu7ev-ffvc1156-2-e -data names 
Execute           ap_part_info -quiet -name xczu7ev-ffvc1156-2-e -data family 
Execute       db_write -o /home/hoinguyen/Documents/Vitis/UpConv_HLS/upconv_core/upconv_core_top/hls/.autopilot/db/uc_compute_tile_8_3.bind.adb -f 
INFO-FLOW: Finish binding uc_compute_tile<8>3.
INFO: [HLS 200-10] ----------------------------------------------------------------
INFO: [HLS 200-42] -- Implementing module 'dataflow_in_loop_TILE_LOOP_1' 
INFO: [HLS 200-10] ----------------------------------------------------------------
Execute       set_default_model dataflow_in_loop_TILE_LOOP.1 
Execute       schedule -model dataflow_in_loop_TILE_LOOP.1 
INFO: [SCHED 204-11] Starting scheduling ...
INFO: [SCHED 204-11] Finished scheduling.
INFO: [HLS 200-111] Finished Scheduling: CPU user time: 0.05 seconds. CPU system time: 0 seconds. Elapsed time: 0.05 seconds; current allocated memory: 516.707 MB.
Execute       syn_report -verbosereport -o /home/hoinguyen/Documents/Vitis/UpConv_HLS/upconv_core/upconv_core_top/hls/.autopilot/db/dataflow_in_loop_TILE_LOOP_1.verbose.sched.rpt 
Execute         list_part -family xczu7ev-ffvc1156-2-e 
Execute           ap_family_info -name xczu7ev-ffvc1156-2-e -data names 
Execute           ap_part_info -quiet -name xczu7ev-ffvc1156-2-e -data family 
Execute       db_write -o /home/hoinguyen/Documents/Vitis/UpConv_HLS/upconv_core/upconv_core_top/hls/.autopilot/db/dataflow_in_loop_TILE_LOOP_1.sched.adb -f 
INFO-FLOW: Finish scheduling dataflow_in_loop_TILE_LOOP.1.
Execute       set_default_model dataflow_in_loop_TILE_LOOP.1 
Execute       bind -model dataflow_in_loop_TILE_LOOP.1 
INFO: [BIND 205-100] Starting micro-architecture generation ...
INFO: [BIND 205-101] Performing variable lifetime analysis.
INFO: [BIND 205-101] Exploring resource sharing.
INFO: [BIND 205-101] Binding ...
INFO: [BIND 205-100] Finished micro-architecture generation.
INFO: [HLS 200-111] Finished Binding: CPU user time: 0.02 seconds. CPU system time: 0 seconds. Elapsed time: 0.03 seconds; current allocated memory: 516.859 MB.
Execute       syn_report -verbosereport -o /home/hoinguyen/Documents/Vitis/UpConv_HLS/upconv_core/upconv_core_top/hls/.autopilot/db/dataflow_in_loop_TILE_LOOP_1.verbose.bind.rpt 
Execute         list_part -family xczu7ev-ffvc1156-2-e 
Execute           ap_family_info -name xczu7ev-ffvc1156-2-e -data names 
Execute           ap_part_info -quiet -name xczu7ev-ffvc1156-2-e -data family 
Execute       db_write -o /home/hoinguyen/Documents/Vitis/UpConv_HLS/upconv_core/upconv_core_top/hls/.autopilot/db/dataflow_in_loop_TILE_LOOP_1.bind.adb -f 
INFO-FLOW: Finish binding dataflow_in_loop_TILE_LOOP.1.
INFO: [HLS 200-10] ----------------------------------------------------------------
INFO: [HLS 200-42] -- Implementing module 'dataflow_parent_loop_proc' 
INFO: [HLS 200-10] ----------------------------------------------------------------
Execute       set_default_model dataflow_parent_loop_proc 
Execute       schedule -model dataflow_parent_loop_proc 
INFO: [SCHED 204-11] Starting scheduling ...
INFO: [SCHED 204-11] Finished scheduling.
INFO: [HLS 200-111] Finished Scheduling: CPU user time: 0.03 seconds. CPU system time: 0.01 seconds. Elapsed time: 0.04 seconds; current allocated memory: 517.688 MB.
Execute       syn_report -verbosereport -o /home/hoinguyen/Documents/Vitis/UpConv_HLS/upconv_core/upconv_core_top/hls/.autopilot/db/dataflow_parent_loop_proc.verbose.sched.rpt 
Execute         list_part -family xczu7ev-ffvc1156-2-e 
Execute           ap_family_info -name xczu7ev-ffvc1156-2-e -data names 
Execute           ap_part_info -quiet -name xczu7ev-ffvc1156-2-e -data family 
Execute       db_write -o /home/hoinguyen/Documents/Vitis/UpConv_HLS/upconv_core/upconv_core_top/hls/.autopilot/db/dataflow_parent_loop_proc.sched.adb -f 
INFO-FLOW: Finish scheduling dataflow_parent_loop_proc.
Execute       set_default_model dataflow_parent_loop_proc 
Execute       bind -model dataflow_parent_loop_proc 
INFO: [BIND 205-100] Starting micro-architecture generation ...
INFO: [BIND 205-101] Performing variable lifetime analysis.
INFO: [BIND 205-101] Exploring resource sharing.
INFO: [BIND 205-101] Binding ...
INFO: [BIND 205-100] Finished micro-architecture generation.
INFO: [HLS 200-111] Finished Binding: CPU user time: 0.02 seconds. CPU system time: 0 seconds. Elapsed time: 0.03 seconds; current allocated memory: 517.688 MB.
Execute       syn_report -verbosereport -o /home/hoinguyen/Documents/Vitis/UpConv_HLS/upconv_core/upconv_core_top/hls/.autopilot/db/dataflow_parent_loop_proc.verbose.bind.rpt 
Execute         list_part -family xczu7ev-ffvc1156-2-e 
Execute           ap_family_info -name xczu7ev-ffvc1156-2-e -data names 
Execute           ap_part_info -quiet -name xczu7ev-ffvc1156-2-e -data family 
Execute       db_write -o /home/hoinguyen/Documents/Vitis/UpConv_HLS/upconv_core/upconv_core_top/hls/.autopilot/db/dataflow_parent_loop_proc.bind.adb -f 
INFO-FLOW: Finish binding dataflow_parent_loop_proc.
INFO: [HLS 200-10] ----------------------------------------------------------------
INFO: [HLS 200-42] -- Implementing module 'UpConv_Fused_Row_8_Pipeline_LOAD_PARAMS' 
INFO: [HLS 200-10] ----------------------------------------------------------------
Execute       set_default_model UpConv_Fused_Row<8>_Pipeline_LOAD_PARAMS 
Execute       schedule -model UpConv_Fused_Row<8>_Pipeline_LOAD_PARAMS 
INFO: [SCHED 204-11] Starting scheduling ...
INFO: [SCHED 204-61] Pipelining loop 'LOAD_PARAMS'.
WARNING: [HLS 200-885] The II Violation in module 'UpConv_Fused_Row_8_Pipeline_LOAD_PARAMS' (loop 'LOAD_PARAMS'): Unable to schedule bus request operation ('gmem_param_load_1_req', ../gen2/Hls_Layers_UpConv.tpp:232) on port 'gmem_param' (../gen2/Hls_Layers_UpConv.tpp:232) due to limited memory ports (II = 1). Please consider using a memory core with more ports or partitioning the array.
WARNING: [HLS 200-885] The II Violation in module 'UpConv_Fused_Row_8_Pipeline_LOAD_PARAMS' (loop 'LOAD_PARAMS'): Unable to schedule bus request operation ('gmem_param_load_2_req', ../gen2/Hls_Layers_UpConv.tpp:233) on port 'gmem_param' (../gen2/Hls_Layers_UpConv.tpp:233) due to limited memory ports (II = 2). Please consider using a memory core with more ports or partitioning the array.
INFO: [HLS 200-1470] Pipelining result : Target II = 1, Final II = 3, Depth = 13, loop 'LOAD_PARAMS'
INFO: [SCHED 204-11] Finished scheduling.
INFO: [HLS 200-111] Finished Scheduling: CPU user time: 0.06 seconds. CPU system time: 0 seconds. Elapsed time: 0.06 seconds; current allocated memory: 518.266 MB.
Execute       syn_report -verbosereport -o /home/hoinguyen/Documents/Vitis/UpConv_HLS/upconv_core/upconv_core_top/hls/.autopilot/db/UpConv_Fused_Row_8_Pipeline_LOAD_PARAMS.verbose.sched.rpt 
Execute         list_part -family xczu7ev-ffvc1156-2-e 
Execute           ap_family_info -name xczu7ev-ffvc1156-2-e -data names 
Execute           ap_part_info -quiet -name xczu7ev-ffvc1156-2-e -data family 
Execute       db_write -o /home/hoinguyen/Documents/Vitis/UpConv_HLS/upconv_core/upconv_core_top/hls/.autopilot/db/UpConv_Fused_Row_8_Pipeline_LOAD_PARAMS.sched.adb -f 
INFO-FLOW: Finish scheduling UpConv_Fused_Row<8>_Pipeline_LOAD_PARAMS.
Execute       set_default_model UpConv_Fused_Row<8>_Pipeline_LOAD_PARAMS 
Execute       bind -model UpConv_Fused_Row<8>_Pipeline_LOAD_PARAMS 
INFO: [BIND 205-100] Starting micro-architecture generation ...
INFO: [BIND 205-101] Performing variable lifetime analysis.
INFO: [BIND 205-101] Exploring resource sharing.
INFO: [BIND 205-101] Binding ...
INFO: [BIND 205-100] Finished micro-architecture generation.
INFO: [HLS 200-111] Finished Binding: CPU user time: 0.02 seconds. CPU system time: 0 seconds. Elapsed time: 0.02 seconds; current allocated memory: 518.266 MB.
Execute       syn_report -verbosereport -o /home/hoinguyen/Documents/Vitis/UpConv_HLS/upconv_core/upconv_core_top/hls/.autopilot/db/UpConv_Fused_Row_8_Pipeline_LOAD_PARAMS.verbose.bind.rpt 
Execute         list_part -family xczu7ev-ffvc1156-2-e 
Execute           ap_family_info -name xczu7ev-ffvc1156-2-e -data names 
Execute           ap_part_info -quiet -name xczu7ev-ffvc1156-2-e -data family 
Execute       db_write -o /home/hoinguyen/Documents/Vitis/UpConv_HLS/upconv_core/upconv_core_top/hls/.autopilot/db/UpConv_Fused_Row_8_Pipeline_LOAD_PARAMS.bind.adb -f 
INFO-FLOW: Finish binding UpConv_Fused_Row<8>_Pipeline_LOAD_PARAMS.
INFO: [HLS 200-10] ----------------------------------------------------------------
INFO: [HLS 200-42] -- Implementing module 'UpConv_Fused_Row_8_Pipeline_PIXEL_STATS' 
INFO: [HLS 200-10] ----------------------------------------------------------------
Execute       set_default_model UpConv_Fused_Row<8>_Pipeline_PIXEL_STATS 
Execute       schedule -model UpConv_Fused_Row<8>_Pipeline_PIXEL_STATS 
INFO: [SCHED 204-11] Starting scheduling ...
WARNING: [HLS 200-2042] Usage of URAM can potentially cause worse II as Vitis HLS does not exploit read-first mode for URAMs. Consider using BRAMs instead.
WARNING: [HLS 200-2042] Usage of URAM can potentially cause worse II as Vitis HLS does not exploit read-first mode for URAMs. Consider using BRAMs instead.
WARNING: [HLS 200-2042] Usage of URAM can potentially cause worse II as Vitis HLS does not exploit read-first mode for URAMs. Consider using BRAMs instead.
WARNING: [HLS 200-2042] Usage of URAM can potentially cause worse II as Vitis HLS does not exploit read-first mode for URAMs. Consider using BRAMs instead.
WARNING: [HLS 200-2042] Usage of URAM can potentially cause worse II as Vitis HLS does not exploit read-first mode for URAMs. Consider using BRAMs instead.
WARNING: [HLS 200-2042] Usage of URAM can potentially cause worse II as Vitis HLS does not exploit read-first mode for URAMs. Consider using BRAMs instead.
WARNING: [HLS 200-2042] Usage of URAM can potentially cause worse II as Vitis HLS does not exploit read-first mode for URAMs. Consider using BRAMs instead.
WARNING: [HLS 200-2042] Usage of URAM can potentially cause worse II as Vitis HLS does not exploit read-first mode for URAMs. Consider using BRAMs instead.
WARNING: [HLS 200-2042] Usage of URAM can potentially cause worse II as Vitis HLS does not exploit read-first mode for URAMs. Consider using BRAMs instead.
WARNING: [HLS 200-2042] Usage of URAM can potentially cause worse II as Vitis HLS does not exploit read-first mode for URAMs. Consider using BRAMs instead.
WARNING: [HLS 200-2042] Usage of URAM can potentially cause worse II as Vitis HLS does not exploit read-first mode for URAMs. Consider using BRAMs instead.
WARNING: [HLS 200-2042] Usage of URAM can potentially cause worse II as Vitis HLS does not exploit read-first mode for URAMs. Consider using BRAMs instead.
WARNING: [HLS 200-2042] Usage of URAM can potentially cause worse II as Vitis HLS does not exploit read-first mode for URAMs. Consider using BRAMs instead.
WARNING: [HLS 200-2042] Usage of URAM can potentially cause worse II as Vitis HLS does not exploit read-first mode for URAMs. Consider using BRAMs instead.
WARNING: [HLS 200-2042] Usage of URAM can potentially cause worse II as Vitis HLS does not exploit read-first mode for URAMs. Consider using BRAMs instead.
WARNING: [HLS 200-2042] Usage of URAM can potentially cause worse II as Vitis HLS does not exploit read-first mode for URAMs. Consider using BRAMs instead.
WARNING: [HLS 200-2042] Usage of URAM can potentially cause worse II as Vitis HLS does not exploit read-first mode for URAMs. Consider using BRAMs instead.
WARNING: [HLS 200-2042] Usage of URAM can potentially cause worse II as Vitis HLS does not exploit read-first mode for URAMs. Consider using BRAMs instead.
WARNING: [HLS 200-2042] Usage of URAM can potentially cause worse II as Vitis HLS does not exploit read-first mode for URAMs. Consider using BRAMs instead.
WARNING: [HLS 200-2042] Usage of URAM can potentially cause worse II as Vitis HLS does not exploit read-first mode for URAMs. Consider using BRAMs instead.
WARNING: [HLS 200-2042] Usage of URAM can potentially cause worse II as Vitis HLS does not exploit read-first mode for URAMs. Consider using BRAMs instead.
WARNING: [HLS 200-2042] Usage of URAM can potentially cause worse II as Vitis HLS does not exploit read-first mode for URAMs. Consider using BRAMs instead.
WARNING: [HLS 200-2042] Usage of URAM can potentially cause worse II as Vitis HLS does not exploit read-first mode for URAMs. Consider using BRAMs instead.
WARNING: [HLS 200-2042] Usage of URAM can potentially cause worse II as Vitis HLS does not exploit read-first mode for URAMs. Consider using BRAMs instead.
WARNING: [HLS 200-2042] Usage of URAM can potentially cause worse II as Vitis HLS does not exploit read-first mode for URAMs. Consider using BRAMs instead.
WARNING: [HLS 200-2042] Usage of URAM can potentially cause worse II as Vitis HLS does not exploit read-first mode for URAMs. Consider using BRAMs instead.
WARNING: [HLS 200-2042] Usage of URAM can potentially cause worse II as Vitis HLS does not exploit read-first mode for URAMs. Consider using BRAMs instead.
WARNING: [HLS 200-2042] Usage of URAM can potentially cause worse II as Vitis HLS does not exploit read-first mode for URAMs. Consider using BRAMs instead.
WARNING: [HLS 200-2042] Usage of URAM can potentially cause worse II as Vitis HLS does not exploit read-first mode for URAMs. Consider using BRAMs instead.
WARNING: [HLS 200-2042] Usage of URAM can potentially cause worse II as Vitis HLS does not exploit read-first mode for URAMs. Consider using BRAMs instead.
WARNING: [HLS 200-2042] Usage of URAM can potentially cause worse II as Vitis HLS does not exploit read-first mode for URAMs. Consider using BRAMs instead.
WARNING: [HLS 200-2042] Usage of URAM can potentially cause worse II as Vitis HLS does not exploit read-first mode for URAMs. Consider using BRAMs instead.
INFO: [SCHED 204-61] Pipelining loop 'PIXEL_STATS'.
INFO: [HLS 200-1470] Pipelining result : Target II = 1, Final II = 1, Depth = 231, loop 'PIXEL_STATS'
INFO: [SCHED 204-11] Finished scheduling.
Command       schedule done; 0.2 sec.
INFO: [HLS 200-111] Finished Scheduling: CPU user time: 0.2 seconds. CPU system time: 0.01 seconds. Elapsed time: 0.21 seconds; current allocated memory: 522.027 MB.
Execute       syn_report -verbosereport -o /home/hoinguyen/Documents/Vitis/UpConv_HLS/upconv_core/upconv_core_top/hls/.autopilot/db/UpConv_Fused_Row_8_Pipeline_PIXEL_STATS.verbose.sched.rpt 
Execute         list_part -family xczu7ev-ffvc1156-2-e 
Execute           ap_family_info -name xczu7ev-ffvc1156-2-e -data names 
Execute           ap_part_info -quiet -name xczu7ev-ffvc1156-2-e -data family 
Execute       db_write -o /home/hoinguyen/Documents/Vitis/UpConv_HLS/upconv_core/upconv_core_top/hls/.autopilot/db/UpConv_Fused_Row_8_Pipeline_PIXEL_STATS.sched.adb -f 
INFO-FLOW: Finish scheduling UpConv_Fused_Row<8>_Pipeline_PIXEL_STATS.
Execute       set_default_model UpConv_Fused_Row<8>_Pipeline_PIXEL_STATS 
Execute       bind -model UpConv_Fused_Row<8>_Pipeline_PIXEL_STATS 
INFO: [BIND 205-100] Starting micro-architecture generation ...
INFO: [BIND 205-101] Performing variable lifetime analysis.
INFO: [BIND 205-101] Exploring resource sharing.
INFO: [BIND 205-101] Binding ...
INFO: [BIND 205-100] Finished micro-architecture generation.
INFO: [HLS 200-111] Finished Binding: CPU user time: 0.04 seconds. CPU system time: 0 seconds. Elapsed time: 0.05 seconds; current allocated memory: 522.090 MB.
Execute       syn_report -verbosereport -o /home/hoinguyen/Documents/Vitis/UpConv_HLS/upconv_core/upconv_core_top/hls/.autopilot/db/UpConv_Fused_Row_8_Pipeline_PIXEL_STATS.verbose.bind.rpt 
Execute         list_part -family xczu7ev-ffvc1156-2-e 
Execute           ap_family_info -name xczu7ev-ffvc1156-2-e -data names 
Execute           ap_part_info -quiet -name xczu7ev-ffvc1156-2-e -data family 
Execute       db_write -o /home/hoinguyen/Documents/Vitis/UpConv_HLS/upconv_core/upconv_core_top/hls/.autopilot/db/UpConv_Fused_Row_8_Pipeline_PIXEL_STATS.bind.adb -f 
INFO-FLOW: Finish binding UpConv_Fused_Row<8>_Pipeline_PIXEL_STATS.
INFO: [HLS 200-10] ----------------------------------------------------------------
INFO: [HLS 200-42] -- Implementing module 'UpConv_Fused_Row_8_Pipeline_PIXEL_NORM' 
INFO: [HLS 200-10] ----------------------------------------------------------------
Execute       set_default_model UpConv_Fused_Row<8>_Pipeline_PIXEL_NORM 
Execute       schedule -model UpConv_Fused_Row<8>_Pipeline_PIXEL_NORM 
INFO: [SCHED 204-11] Starting scheduling ...
WARNING: [HLS 200-2042] Usage of URAM can potentially cause worse II as Vitis HLS does not exploit read-first mode for URAMs. Consider using BRAMs instead.
WARNING: [HLS 200-2042] Usage of URAM can potentially cause worse II as Vitis HLS does not exploit read-first mode for URAMs. Consider using BRAMs instead.
WARNING: [HLS 200-2042] Usage of URAM can potentially cause worse II as Vitis HLS does not exploit read-first mode for URAMs. Consider using BRAMs instead.
WARNING: [HLS 200-2042] Usage of URAM can potentially cause worse II as Vitis HLS does not exploit read-first mode for URAMs. Consider using BRAMs instead.
WARNING: [HLS 200-2042] Usage of URAM can potentially cause worse II as Vitis HLS does not exploit read-first mode for URAMs. Consider using BRAMs instead.
WARNING: [HLS 200-2042] Usage of URAM can potentially cause worse II as Vitis HLS does not exploit read-first mode for URAMs. Consider using BRAMs instead.
WARNING: [HLS 200-2042] Usage of URAM can potentially cause worse II as Vitis HLS does not exploit read-first mode for URAMs. Consider using BRAMs instead.
WARNING: [HLS 200-2042] Usage of URAM can potentially cause worse II as Vitis HLS does not exploit read-first mode for URAMs. Consider using BRAMs instead.
WARNING: [HLS 200-2042] Usage of URAM can potentially cause worse II as Vitis HLS does not exploit read-first mode for URAMs. Consider using BRAMs instead.
WARNING: [HLS 200-2042] Usage of URAM can potentially cause worse II as Vitis HLS does not exploit read-first mode for URAMs. Consider using BRAMs instead.
WARNING: [HLS 200-2042] Usage of URAM can potentially cause worse II as Vitis HLS does not exploit read-first mode for URAMs. Consider using BRAMs instead.
WARNING: [HLS 200-2042] Usage of URAM can potentially cause worse II as Vitis HLS does not exploit read-first mode for URAMs. Consider using BRAMs instead.
WARNING: [HLS 200-2042] Usage of URAM can potentially cause worse II as Vitis HLS does not exploit read-first mode for URAMs. Consider using BRAMs instead.
WARNING: [HLS 200-2042] Usage of URAM can potentially cause worse II as Vitis HLS does not exploit read-first mode for URAMs. Consider using BRAMs instead.
WARNING: [HLS 200-2042] Usage of URAM can potentially cause worse II as Vitis HLS does not exploit read-first mode for URAMs. Consider using BRAMs instead.
WARNING: [HLS 200-2042] Usage of URAM can potentially cause worse II as Vitis HLS does not exploit read-first mode for URAMs. Consider using BRAMs instead.
INFO: [SCHED 204-61] Pipelining loop 'PIXEL_NORM'.
INFO: [HLS 200-1470] Pipelining result : Target II = 1, Final II = 1, Depth = 31, loop 'PIXEL_NORM'
INFO: [SCHED 204-11] Finished scheduling.
Command       schedule done; 0.17 sec.
INFO: [HLS 200-111] Finished Scheduling: CPU user time: 0.2 seconds. CPU system time: 0.01 seconds. Elapsed time: 0.2 seconds; current allocated memory: 525.473 MB.
Execute       syn_report -verbosereport -o /home/hoinguyen/Documents/Vitis/UpConv_HLS/upconv_core/upconv_core_top/hls/.autopilot/db/UpConv_Fused_Row_8_Pipeline_PIXEL_NORM.verbose.sched.rpt 
Execute         list_part -family xczu7ev-ffvc1156-2-e 
Execute           ap_family_info -name xczu7ev-ffvc1156-2-e -data names 
Execute           ap_part_info -quiet -name xczu7ev-ffvc1156-2-e -data family 
Execute       db_write -o /home/hoinguyen/Documents/Vitis/UpConv_HLS/upconv_core/upconv_core_top/hls/.autopilot/db/UpConv_Fused_Row_8_Pipeline_PIXEL_NORM.sched.adb -f 
INFO-FLOW: Finish scheduling UpConv_Fused_Row<8>_Pipeline_PIXEL_NORM.
Execute       set_default_model UpConv_Fused_Row<8>_Pipeline_PIXEL_NORM 
Execute       bind -model UpConv_Fused_Row<8>_Pipeline_PIXEL_NORM 
INFO: [BIND 205-100] Starting micro-architecture generation ...
INFO: [BIND 205-101] Performing variable lifetime analysis.
INFO: [BIND 205-101] Exploring resource sharing.
INFO: [BIND 205-101] Binding ...
INFO: [BIND 205-100] Finished micro-architecture generation.
INFO: [HLS 200-111] Finished Binding: CPU user time: 0.04 seconds. CPU system time: 0 seconds. Elapsed time: 0.04 seconds; current allocated memory: 526.215 MB.
Execute       syn_report -verbosereport -o /home/hoinguyen/Documents/Vitis/UpConv_HLS/upconv_core/upconv_core_top/hls/.autopilot/db/UpConv_Fused_Row_8_Pipeline_PIXEL_NORM.verbose.bind.rpt 
Execute         list_part -family xczu7ev-ffvc1156-2-e 
Execute           ap_family_info -name xczu7ev-ffvc1156-2-e -data names 
Execute           ap_part_info -quiet -name xczu7ev-ffvc1156-2-e -data family 
Execute       db_write -o /home/hoinguyen/Documents/Vitis/UpConv_HLS/upconv_core/upconv_core_top/hls/.autopilot/db/UpConv_Fused_Row_8_Pipeline_PIXEL_NORM.bind.adb -f 
INFO-FLOW: Finish binding UpConv_Fused_Row<8>_Pipeline_PIXEL_NORM.
INFO: [HLS 200-10] ----------------------------------------------------------------
INFO: [HLS 200-42] -- Implementing module 'UpConv_Fused_Row_8_s' 
INFO: [HLS 200-10] ----------------------------------------------------------------
Execute       set_default_model UpConv_Fused_Row<8> 
Execute       schedule -model UpConv_Fused_Row<8> 
INFO: [SCHED 204-11] Starting scheduling ...
WARNING: [HLS 200-871] Estimated clock period (3.239 ns) exceeds the target (target clock period: 3.333 ns, clock uncertainty: 0.900 ns, effective delay budget: 2.433 ns).
WARNING: [HLS 200-1016] The critical path in module 'UpConv_Fused_Row_8_s' consists of the following:
	wire read operation ('C_OUT_read') on port 'C_OUT' [35]  (0.000 ns)
	'sitofp' operation 32 bit ('conv1') [93]  (3.239 ns)

INFO: [SCHED 204-11] Finished scheduling.
INFO: [HLS 200-111] Finished Scheduling: CPU user time: 0.05 seconds. CPU system time: 0.01 seconds. Elapsed time: 0.07 seconds; current allocated memory: 527.047 MB.
Execute       syn_report -verbosereport -o /home/hoinguyen/Documents/Vitis/UpConv_HLS/upconv_core/upconv_core_top/hls/.autopilot/db/UpConv_Fused_Row_8_s.verbose.sched.rpt 
Execute         list_part -family xczu7ev-ffvc1156-2-e 
Execute           ap_family_info -name xczu7ev-ffvc1156-2-e -data names 
Execute           ap_part_info -quiet -name xczu7ev-ffvc1156-2-e -data family 
Execute       db_write -o /home/hoinguyen/Documents/Vitis/UpConv_HLS/upconv_core/upconv_core_top/hls/.autopilot/db/UpConv_Fused_Row_8_s.sched.adb -f 
INFO-FLOW: Finish scheduling UpConv_Fused_Row<8>.
Execute       set_default_model UpConv_Fused_Row<8> 
Execute       bind -model UpConv_Fused_Row<8> 
INFO: [BIND 205-100] Starting micro-architecture generation ...
INFO: [BIND 205-101] Performing variable lifetime analysis.
INFO: [BIND 205-101] Exploring resource sharing.
INFO: [BIND 205-101] Binding ...
INFO: [BIND 205-100] Finished micro-architecture generation.
INFO: [HLS 200-111] Finished Binding: CPU user time: 0.03 seconds. CPU system time: 0 seconds. Elapsed time: 0.03 seconds; current allocated memory: 527.273 MB.
Execute       syn_report -verbosereport -o /home/hoinguyen/Documents/Vitis/UpConv_HLS/upconv_core/upconv_core_top/hls/.autopilot/db/UpConv_Fused_Row_8_s.verbose.bind.rpt 
Execute         list_part -family xczu7ev-ffvc1156-2-e 
Execute           ap_family_info -name xczu7ev-ffvc1156-2-e -data names 
Execute           ap_part_info -quiet -name xczu7ev-ffvc1156-2-e -data family 
Execute       db_write -o /home/hoinguyen/Documents/Vitis/UpConv_HLS/upconv_core/upconv_core_top/hls/.autopilot/db/UpConv_Fused_Row_8_s.bind.adb -f 
INFO-FLOW: Finish binding UpConv_Fused_Row<8>.
INFO: [HLS 200-10] ----------------------------------------------------------------
INFO: [HLS 200-42] -- Implementing module 'upconv_core_top_Pipeline_LOAD_ROW_VITIS_LOOP_72_2' 
INFO: [HLS 200-10] ----------------------------------------------------------------
Execute       set_default_model upconv_core_top_Pipeline_LOAD_ROW_VITIS_LOOP_72_2 
Execute       schedule -model upconv_core_top_Pipeline_LOAD_ROW_VITIS_LOOP_72_2 
INFO: [SCHED 204-11] Starting scheduling ...
INFO: [HLS 200-486] Changing DSP latency (root=add_ln75) to 3 in order to utilize available DSP registers.
WARNING: [HLS 200-2042] Usage of URAM can potentially cause worse II as Vitis HLS does not exploit read-first mode for URAMs. Consider using BRAMs instead.
INFO: [SCHED 204-61] Pipelining loop 'LOAD_ROW_VITIS_LOOP_72_2'.
INFO: [HLS 200-1470] Pipelining result : Target II = 1, Final II = 1, Depth = 6, loop 'LOAD_ROW_VITIS_LOOP_72_2'
WARNING: [HLS 200-871] Estimated clock period (2.692 ns) exceeds the target (target clock period: 3.333 ns, clock uncertainty: 0.900 ns, effective delay budget: 2.433 ns).
WARNING: [HLS 200-1016] The critical path in module 'upconv_core_top_Pipeline_LOAD_ROW_VITIS_LOOP_72_2' consists of the following:
	'add' operation 8 bit of DSP[45] ('empty', ../gen2/upconv_core_top.cpp:70) [40]  (1.696 ns)
	'mul' operation 11 bit of DSP[45] ('mul_ln72', ../gen2/upconv_core_top.cpp:72) [42]  (0.996 ns)

INFO: [SCHED 204-11] Finished scheduling.
INFO: [HLS 200-111] Finished Scheduling: CPU user time: 0.07 seconds. CPU system time: 0.01 seconds. Elapsed time: 0.07 seconds; current allocated memory: 528.242 MB.
Execute       syn_report -verbosereport -o /home/hoinguyen/Documents/Vitis/UpConv_HLS/upconv_core/upconv_core_top/hls/.autopilot/db/upconv_core_top_Pipeline_LOAD_ROW_VITIS_LOOP_72_2.verbose.sched.rpt 
Execute         list_part -family xczu7ev-ffvc1156-2-e 
Execute           ap_family_info -name xczu7ev-ffvc1156-2-e -data names 
Execute           ap_part_info -quiet -name xczu7ev-ffvc1156-2-e -data family 
Execute       db_write -o /home/hoinguyen/Documents/Vitis/UpConv_HLS/upconv_core/upconv_core_top/hls/.autopilot/db/upconv_core_top_Pipeline_LOAD_ROW_VITIS_LOOP_72_2.sched.adb -f 
INFO-FLOW: Finish scheduling upconv_core_top_Pipeline_LOAD_ROW_VITIS_LOOP_72_2.
Execute       set_default_model upconv_core_top_Pipeline_LOAD_ROW_VITIS_LOOP_72_2 
Execute       bind -model upconv_core_top_Pipeline_LOAD_ROW_VITIS_LOOP_72_2 
INFO: [BIND 205-100] Starting micro-architecture generation ...
INFO: [BIND 205-101] Performing variable lifetime analysis.
INFO: [BIND 205-101] Exploring resource sharing.
INFO: [BIND 205-101] Binding ...
INFO: [BIND 205-100] Finished micro-architecture generation.
INFO: [HLS 200-111] Finished Binding: CPU user time: 0.03 seconds. CPU system time: 0 seconds. Elapsed time: 0.02 seconds; current allocated memory: 528.242 MB.
Execute       syn_report -verbosereport -o /home/hoinguyen/Documents/Vitis/UpConv_HLS/upconv_core/upconv_core_top/hls/.autopilot/db/upconv_core_top_Pipeline_LOAD_ROW_VITIS_LOOP_72_2.verbose.bind.rpt 
Execute         list_part -family xczu7ev-ffvc1156-2-e 
Execute           ap_family_info -name xczu7ev-ffvc1156-2-e -data names 
Execute           ap_part_info -quiet -name xczu7ev-ffvc1156-2-e -data family 
Execute       db_write -o /home/hoinguyen/Documents/Vitis/UpConv_HLS/upconv_core/upconv_core_top/hls/.autopilot/db/upconv_core_top_Pipeline_LOAD_ROW_VITIS_LOOP_72_2.bind.adb -f 
INFO-FLOW: Finish binding upconv_core_top_Pipeline_LOAD_ROW_VITIS_LOOP_72_2.
INFO: [HLS 200-10] ----------------------------------------------------------------
INFO: [HLS 200-42] -- Implementing module 'upconv_core_top' 
INFO: [HLS 200-10] ----------------------------------------------------------------
Execute       set_default_model upconv_core_top 
Execute       schedule -model upconv_core_top 
INFO: [SCHED 204-11] Starting scheduling ...
INFO: [HLS 200-486] Changing DSP latency (root=add_ln69) to 3 in order to utilize available DSP registers.
WARNING: [HLS 200-871] Estimated clock period (3.239 ns) exceeds the target (target clock period: 3.333 ns, clock uncertainty: 0.900 ns, effective delay budget: 2.433 ns).
WARNING: [HLS 200-1016] The critical path in module 'upconv_core_top' consists of the following:
	'call' operation 0 bit ('_ln64', ../gen2/upconv_core_top.cpp:64) to 'UpConv_Fused_Row<8>' [87]  (3.239 ns)

INFO: [SCHED 204-11] Finished scheduling.
INFO: [HLS 200-111] Finished Scheduling: CPU user time: 0.05 seconds. CPU system time: 0 seconds. Elapsed time: 0.06 seconds; current allocated memory: 528.758 MB.
Execute       syn_report -verbosereport -o /home/hoinguyen/Documents/Vitis/UpConv_HLS/upconv_core/upconv_core_top/hls/.autopilot/db/upconv_core_top.verbose.sched.rpt 
Execute         list_part -family xczu7ev-ffvc1156-2-e 
Execute           ap_family_info -name xczu7ev-ffvc1156-2-e -data names 
Execute           ap_part_info -quiet -name xczu7ev-ffvc1156-2-e -data family 
Execute       db_write -o /home/hoinguyen/Documents/Vitis/UpConv_HLS/upconv_core/upconv_core_top/hls/.autopilot/db/upconv_core_top.sched.adb -f 
INFO-FLOW: Finish scheduling upconv_core_top.
Execute       set_default_model upconv_core_top 
Execute       bind -model upconv_core_top 
INFO: [BIND 205-100] Starting micro-architecture generation ...
INFO: [BIND 205-101] Performing variable lifetime analysis.
INFO: [BIND 205-101] Exploring resource sharing.
INFO: [BIND 205-101] Binding ...
INFO: [BIND 205-100] Finished micro-architecture generation.
INFO: [HLS 200-111] Finished Binding: CPU user time: 0.04 seconds. CPU system time: 0 seconds. Elapsed time: 0.04 seconds; current allocated memory: 528.953 MB.
Execute       syn_report -verbosereport -o /home/hoinguyen/Documents/Vitis/UpConv_HLS/upconv_core/upconv_core_top/hls/.autopilot/db/upconv_core_top.verbose.bind.rpt 
Execute         list_part -family xczu7ev-ffvc1156-2-e 
Execute           ap_family_info -name xczu7ev-ffvc1156-2-e -data names 
Execute           ap_part_info -quiet -name xczu7ev-ffvc1156-2-e -data family 
Execute       db_write -o /home/hoinguyen/Documents/Vitis/UpConv_HLS/upconv_core/upconv_core_top/hls/.autopilot/db/upconv_core_top.bind.adb -f 
INFO-FLOW: Finish binding upconv_core_top.
Execute       get_model_list upconv_core_top -filter all-wo-channel 
INFO-FLOW: Preprocessing for RTLGen ...
Execute       rtl_gen_preprocess upconv_core_top_Pipeline_LOAD_ROW0_VITIS_LOOP_58_1 
Execute       rtl_gen_preprocess UpConv_Fused_Row<8>_Pipeline_RESET_ROW_ACC 
Execute       rtl_gen_preprocess entry_proc 
Execute       rtl_gen_preprocess uc_load_tile<8>2_Pipeline_W_FLAT 
Execute       rtl_gen_preprocess uc_load_tile<8>2 
Execute       rtl_gen_preprocess uc_compute_tile<8>3_Pipeline_KW_LOOP_FLAT_LOOP 
Execute       rtl_gen_preprocess uc_compute_tile<8>3 
Execute       rtl_gen_preprocess dataflow_in_loop_TILE_LOOP.1 
Execute       rtl_gen_preprocess dataflow_parent_loop_proc 
Execute       rtl_gen_preprocess UpConv_Fused_Row<8>_Pipeline_LOAD_PARAMS 
Execute       rtl_gen_preprocess UpConv_Fused_Row<8>_Pipeline_PIXEL_STATS 
Execute       rtl_gen_preprocess UpConv_Fused_Row<8>_Pipeline_PIXEL_NORM 
Execute       rtl_gen_preprocess UpConv_Fused_Row<8> 
Execute       rtl_gen_preprocess upconv_core_top_Pipeline_LOAD_ROW_VITIS_LOOP_72_2 
Execute       rtl_gen_preprocess upconv_core_top 
INFO-FLOW: Model list for RTL generation: upconv_core_top_Pipeline_LOAD_ROW0_VITIS_LOOP_58_1 UpConv_Fused_Row<8>_Pipeline_RESET_ROW_ACC entry_proc uc_load_tile<8>2_Pipeline_W_FLAT uc_load_tile<8>2 uc_compute_tile<8>3_Pipeline_KW_LOOP_FLAT_LOOP uc_compute_tile<8>3 dataflow_in_loop_TILE_LOOP.1 dataflow_parent_loop_proc UpConv_Fused_Row<8>_Pipeline_LOAD_PARAMS UpConv_Fused_Row<8>_Pipeline_PIXEL_STATS UpConv_Fused_Row<8>_Pipeline_PIXEL_NORM UpConv_Fused_Row<8> upconv_core_top_Pipeline_LOAD_ROW_VITIS_LOOP_72_2 upconv_core_top
INFO: [HLS 200-10] ----------------------------------------------------------------
INFO: [HLS 200-10] -- Generating RTL for module 'upconv_core_top_Pipeline_LOAD_ROW0_VITIS_LOOP_58_1' 
INFO: [HLS 200-10] ----------------------------------------------------------------
Execute       create_rtl_model upconv_core_top_Pipeline_LOAD_ROW0_VITIS_LOOP_58_1 -top_prefix upconv_core_top_ -sub_prefix upconv_core_top_ -mg_file /home/hoinguyen/Documents/Vitis/UpConv_HLS/upconv_core/upconv_core_top/hls/.autopilot/db/upconv_core_top_Pipeline_LOAD_ROW0_VITIS_LOOP_58_1.compgen.tcl 
INFO: [HLS 200-1030] Apply Unified Pipeline Control on module 'upconv_core_top_Pipeline_LOAD_ROW0_VITIS_LOOP_58_1' pipeline 'LOAD_ROW0_VITIS_LOOP_58_1' pipeline type 'loop pipeline'
WARNING: [RTGEN 206-101] Setting dangling out port 'upconv_core_top_Pipeline_LOAD_ROW0_VITIS_LOOP_58_1/m_axi_gmem_in_0_ARVALID' to 0.
WARNING: [RTGEN 206-101] Setting dangling out port 'upconv_core_top_Pipeline_LOAD_ROW0_VITIS_LOOP_58_1/m_axi_gmem_in_0_ARADDR' to 0.
WARNING: [RTGEN 206-101] Setting dangling out port 'upconv_core_top_Pipeline_LOAD_ROW0_VITIS_LOOP_58_1/m_axi_gmem_in_0_ARID' to 0.
WARNING: [RTGEN 206-101] Setting dangling out port 'upconv_core_top_Pipeline_LOAD_ROW0_VITIS_LOOP_58_1/m_axi_gmem_in_0_ARLEN' to 0.
WARNING: [RTGEN 206-101] Setting dangling out port 'upconv_core_top_Pipeline_LOAD_ROW0_VITIS_LOOP_58_1/m_axi_gmem_in_0_ARSIZE' to 0.
WARNING: [RTGEN 206-101] Setting dangling out port 'upconv_core_top_Pipeline_LOAD_ROW0_VITIS_LOOP_58_1/m_axi_gmem_in_0_ARBURST' to 0.
WARNING: [RTGEN 206-101] Setting dangling out port 'upconv_core_top_Pipeline_LOAD_ROW0_VITIS_LOOP_58_1/m_axi_gmem_in_0_ARLOCK' to 0.
WARNING: [RTGEN 206-101] Setting dangling out port 'upconv_core_top_Pipeline_LOAD_ROW0_VITIS_LOOP_58_1/m_axi_gmem_in_0_ARCACHE' to 0.
WARNING: [RTGEN 206-101] Setting dangling out port 'upconv_core_top_Pipeline_LOAD_ROW0_VITIS_LOOP_58_1/m_axi_gmem_in_0_ARPROT' to 0.
WARNING: [RTGEN 206-101] Setting dangling out port 'upconv_core_top_Pipeline_LOAD_ROW0_VITIS_LOOP_58_1/m_axi_gmem_in_0_ARQOS' to 0.
WARNING: [RTGEN 206-101] Setting dangling out port 'upconv_core_top_Pipeline_LOAD_ROW0_VITIS_LOOP_58_1/m_axi_gmem_in_0_ARREGION' to 0.
WARNING: [RTGEN 206-101] Setting dangling out port 'upconv_core_top_Pipeline_LOAD_ROW0_VITIS_LOOP_58_1/m_axi_gmem_in_0_ARUSER' to 0.
INFO: [RTGEN 206-100] Generating core module 'mac_muladd_8ns_6ns_6ns_11_4_1': 1 instance(s).
INFO: [RTGEN 206-100] Finished creating RTL model for 'upconv_core_top_Pipeline_LOAD_ROW0_VITIS_LOOP_58_1'.
INFO: [HLS 200-111] Finished Creating RTL model: CPU user time: 0.12 seconds. CPU system time: 0 seconds. Elapsed time: 0.12 seconds; current allocated memory: 529.812 MB.
Execute       source /home/hoinguyen/Documents/Vitis/UpConv_HLS/upconv_core/upconv_core_top/hls/.autopilot/db/upconv_core_top.rtl_wrap.cfg.tcl 
Execute       gen_rtl upconv_core_top_Pipeline_LOAD_ROW0_VITIS_LOOP_58_1 -style xilinx -f -lang vhdl -o /home/hoinguyen/Documents/Vitis/UpConv_HLS/upconv_core/upconv_core_top/hls/syn/vhdl/upconv_core_top_upconv_core_top_Pipeline_LOAD_ROW0_VITIS_LOOP_58_1 
Execute       gen_rtl upconv_core_top_Pipeline_LOAD_ROW0_VITIS_LOOP_58_1 -style xilinx -f -lang vlog -o /home/hoinguyen/Documents/Vitis/UpConv_HLS/upconv_core/upconv_core_top/hls/syn/verilog/upconv_core_top_upconv_core_top_Pipeline_LOAD_ROW0_VITIS_LOOP_58_1 
Execute       syn_report -csynth -model upconv_core_top_Pipeline_LOAD_ROW0_VITIS_LOOP_58_1 -o /home/hoinguyen/Documents/Vitis/UpConv_HLS/upconv_core/upconv_core_top/hls/syn/report/upconv_core_top_Pipeline_LOAD_ROW0_VITIS_LOOP_58_1_csynth.rpt 
Execute         list_part -family xczu7ev-ffvc1156-2-e 
Execute           ap_family_info -name xczu7ev-ffvc1156-2-e -data names 
Execute           ap_part_info -quiet -name xczu7ev-ffvc1156-2-e -data family 
Execute       syn_report -rtlxml -model upconv_core_top_Pipeline_LOAD_ROW0_VITIS_LOOP_58_1 -o /home/hoinguyen/Documents/Vitis/UpConv_HLS/upconv_core/upconv_core_top/hls/syn/report/upconv_core_top_Pipeline_LOAD_ROW0_VITIS_LOOP_58_1_csynth.xml 
Execute         list_part -family xczu7ev-ffvc1156-2-e 
Execute           ap_family_info -name xczu7ev-ffvc1156-2-e -data names 
Execute           ap_part_info -quiet -name xczu7ev-ffvc1156-2-e -data family 
Execute       syn_report -verbosereport -model upconv_core_top_Pipeline_LOAD_ROW0_VITIS_LOOP_58_1 -o /home/hoinguyen/Documents/Vitis/UpConv_HLS/upconv_core/upconv_core_top/hls/.autopilot/db/upconv_core_top_Pipeline_LOAD_ROW0_VITIS_LOOP_58_1.verbose.rpt 
Execute         list_part -family xczu7ev-ffvc1156-2-e 
Execute           ap_family_info -name xczu7ev-ffvc1156-2-e -data names 
Execute           ap_part_info -quiet -name xczu7ev-ffvc1156-2-e -data family 
Execute       db_write -model upconv_core_top_Pipeline_LOAD_ROW0_VITIS_LOOP_58_1 -f -o /home/hoinguyen/Documents/Vitis/UpConv_HLS/upconv_core/upconv_core_top/hls/.autopilot/db/upconv_core_top_Pipeline_LOAD_ROW0_VITIS_LOOP_58_1.adb 
Execute       db_write -model upconv_core_top_Pipeline_LOAD_ROW0_VITIS_LOOP_58_1 -bindview -o /home/hoinguyen/Documents/Vitis/UpConv_HLS/upconv_core/upconv_core_top/hls/.autopilot/db/design.bindinfo.xml 
Execute       gen_tb_info upconv_core_top_Pipeline_LOAD_ROW0_VITIS_LOOP_58_1 -p /home/hoinguyen/Documents/Vitis/UpConv_HLS/upconv_core/upconv_core_top/hls/.autopilot/db -o /home/hoinguyen/Documents/Vitis/UpConv_HLS/upconv_core/upconv_core_top/hls/.autopilot/db/upconv_core_top_Pipeline_LOAD_ROW0_VITIS_LOOP_58_1 
INFO: [HLS 200-10] ----------------------------------------------------------------
INFO: [HLS 200-10] -- Generating RTL for module 'UpConv_Fused_Row_8_Pipeline_RESET_ROW_ACC' 
INFO: [HLS 200-10] ----------------------------------------------------------------
Execute       create_rtl_model UpConv_Fused_Row<8>_Pipeline_RESET_ROW_ACC -top_prefix upconv_core_top_ -sub_prefix upconv_core_top_ -mg_file /home/hoinguyen/Documents/Vitis/UpConv_HLS/upconv_core/upconv_core_top/hls/.autopilot/db/UpConv_Fused_Row_8_Pipeline_RESET_ROW_ACC.compgen.tcl 
INFO: [HLS 200-1030] Apply Unified Pipeline Control on module 'UpConv_Fused_Row_8_Pipeline_RESET_ROW_ACC' pipeline 'RESET_ROW_ACC' pipeline type 'loop pipeline'
INFO: [RTGEN 206-100] Finished creating RTL model for 'UpConv_Fused_Row_8_Pipeline_RESET_ROW_ACC'.
INFO: [HLS 200-111] Finished Creating RTL model: CPU user time: 0.05 seconds. CPU system time: 0.01 seconds. Elapsed time: 0.06 seconds; current allocated memory: 531.344 MB.
Execute       source /home/hoinguyen/Documents/Vitis/UpConv_HLS/upconv_core/upconv_core_top/hls/.autopilot/db/upconv_core_top.rtl_wrap.cfg.tcl 
Execute       gen_rtl UpConv_Fused_Row<8>_Pipeline_RESET_ROW_ACC -style xilinx -f -lang vhdl -o /home/hoinguyen/Documents/Vitis/UpConv_HLS/upconv_core/upconv_core_top/hls/syn/vhdl/upconv_core_top_UpConv_Fused_Row_8_Pipeline_RESET_ROW_ACC 
Execute       gen_rtl UpConv_Fused_Row<8>_Pipeline_RESET_ROW_ACC -style xilinx -f -lang vlog -o /home/hoinguyen/Documents/Vitis/UpConv_HLS/upconv_core/upconv_core_top/hls/syn/verilog/upconv_core_top_UpConv_Fused_Row_8_Pipeline_RESET_ROW_ACC 
Execute       syn_report -csynth -model UpConv_Fused_Row<8>_Pipeline_RESET_ROW_ACC -o /home/hoinguyen/Documents/Vitis/UpConv_HLS/upconv_core/upconv_core_top/hls/syn/report/UpConv_Fused_Row_8_Pipeline_RESET_ROW_ACC_csynth.rpt 
Execute         list_part -family xczu7ev-ffvc1156-2-e 
Execute           ap_family_info -name xczu7ev-ffvc1156-2-e -data names 
Execute           ap_part_info -quiet -name xczu7ev-ffvc1156-2-e -data family 
Execute       syn_report -rtlxml -model UpConv_Fused_Row<8>_Pipeline_RESET_ROW_ACC -o /home/hoinguyen/Documents/Vitis/UpConv_HLS/upconv_core/upconv_core_top/hls/syn/report/UpConv_Fused_Row_8_Pipeline_RESET_ROW_ACC_csynth.xml 
Execute         list_part -family xczu7ev-ffvc1156-2-e 
Execute           ap_family_info -name xczu7ev-ffvc1156-2-e -data names 
Execute           ap_part_info -quiet -name xczu7ev-ffvc1156-2-e -data family 
Execute       syn_report -verbosereport -model UpConv_Fused_Row<8>_Pipeline_RESET_ROW_ACC -o /home/hoinguyen/Documents/Vitis/UpConv_HLS/upconv_core/upconv_core_top/hls/.autopilot/db/UpConv_Fused_Row_8_Pipeline_RESET_ROW_ACC.verbose.rpt 
Execute         list_part -family xczu7ev-ffvc1156-2-e 
Execute           ap_family_info -name xczu7ev-ffvc1156-2-e -data names 
Execute           ap_part_info -quiet -name xczu7ev-ffvc1156-2-e -data family 
Execute       db_write -model UpConv_Fused_Row<8>_Pipeline_RESET_ROW_ACC -f -o /home/hoinguyen/Documents/Vitis/UpConv_HLS/upconv_core/upconv_core_top/hls/.autopilot/db/UpConv_Fused_Row_8_Pipeline_RESET_ROW_ACC.adb 
Execute       db_write -model UpConv_Fused_Row<8>_Pipeline_RESET_ROW_ACC -bindview -o /home/hoinguyen/Documents/Vitis/UpConv_HLS/upconv_core/upconv_core_top/hls/.autopilot/db/design.bindinfo.xml 
Execute       gen_tb_info UpConv_Fused_Row<8>_Pipeline_RESET_ROW_ACC -p /home/hoinguyen/Documents/Vitis/UpConv_HLS/upconv_core/upconv_core_top/hls/.autopilot/db -o /home/hoinguyen/Documents/Vitis/UpConv_HLS/upconv_core/upconv_core_top/hls/.autopilot/db/UpConv_Fused_Row_8_Pipeline_RESET_ROW_ACC 
INFO: [HLS 200-10] ----------------------------------------------------------------
INFO: [HLS 200-10] -- Generating RTL for module 'entry_proc' 
INFO: [HLS 200-10] ----------------------------------------------------------------
Execute       create_rtl_model entry_proc -top_prefix upconv_core_top_ -sub_prefix upconv_core_top_ -mg_file /home/hoinguyen/Documents/Vitis/UpConv_HLS/upconv_core/upconv_core_top/hls/.autopilot/db/entry_proc.compgen.tcl 
INFO: [RTGEN 206-100] Finished creating RTL model for 'entry_proc'.
INFO: [HLS 200-111] Finished Creating RTL model: CPU user time: 0.04 seconds. CPU system time: 0 seconds. Elapsed time: 0.04 seconds; current allocated memory: 532.770 MB.
Execute       source /home/hoinguyen/Documents/Vitis/UpConv_HLS/upconv_core/upconv_core_top/hls/.autopilot/db/upconv_core_top.rtl_wrap.cfg.tcl 
Execute       gen_rtl entry_proc -style xilinx -f -lang vhdl -o /home/hoinguyen/Documents/Vitis/UpConv_HLS/upconv_core/upconv_core_top/hls/syn/vhdl/upconv_core_top_entry_proc 
Execute       gen_rtl entry_proc -style xilinx -f -lang vlog -o /home/hoinguyen/Documents/Vitis/UpConv_HLS/upconv_core/upconv_core_top/hls/syn/verilog/upconv_core_top_entry_proc 
Execute       syn_report -csynth -model entry_proc -o /home/hoinguyen/Documents/Vitis/UpConv_HLS/upconv_core/upconv_core_top/hls/syn/report/entry_proc_csynth.rpt 
Execute         list_part -family xczu7ev-ffvc1156-2-e 
Execute           ap_family_info -name xczu7ev-ffvc1156-2-e -data names 
Execute           ap_part_info -quiet -name xczu7ev-ffvc1156-2-e -data family 
Execute       syn_report -rtlxml -model entry_proc -o /home/hoinguyen/Documents/Vitis/UpConv_HLS/upconv_core/upconv_core_top/hls/syn/report/entry_proc_csynth.xml 
Execute         list_part -family xczu7ev-ffvc1156-2-e 
Execute           ap_family_info -name xczu7ev-ffvc1156-2-e -data names 
Execute           ap_part_info -quiet -name xczu7ev-ffvc1156-2-e -data family 
Execute       syn_report -verbosereport -model entry_proc -o /home/hoinguyen/Documents/Vitis/UpConv_HLS/upconv_core/upconv_core_top/hls/.autopilot/db/entry_proc.verbose.rpt 
Execute         list_part -family xczu7ev-ffvc1156-2-e 
Execute           ap_family_info -name xczu7ev-ffvc1156-2-e -data names 
Execute           ap_part_info -quiet -name xczu7ev-ffvc1156-2-e -data family 
Execute       db_write -model entry_proc -f -o /home/hoinguyen/Documents/Vitis/UpConv_HLS/upconv_core/upconv_core_top/hls/.autopilot/db/entry_proc.adb 
Execute       db_write -model entry_proc -bindview -o /home/hoinguyen/Documents/Vitis/UpConv_HLS/upconv_core/upconv_core_top/hls/.autopilot/db/design.bindinfo.xml 
Execute       gen_tb_info entry_proc -p /home/hoinguyen/Documents/Vitis/UpConv_HLS/upconv_core/upconv_core_top/hls/.autopilot/db -o /home/hoinguyen/Documents/Vitis/UpConv_HLS/upconv_core/upconv_core_top/hls/.autopilot/db/entry_proc 
INFO: [HLS 200-10] ----------------------------------------------------------------
INFO: [HLS 200-10] -- Generating RTL for module 'uc_load_tile_8_2_Pipeline_W_FLAT' 
INFO: [HLS 200-10] ----------------------------------------------------------------
Execute       create_rtl_model uc_load_tile<8>2_Pipeline_W_FLAT -top_prefix upconv_core_top_ -sub_prefix upconv_core_top_ -mg_file /home/hoinguyen/Documents/Vitis/UpConv_HLS/upconv_core/upconv_core_top/hls/.autopilot/db/uc_load_tile_8_2_Pipeline_W_FLAT.compgen.tcl 
INFO: [HLS 200-1030] Apply Unified Pipeline Control on module 'uc_load_tile_8_2_Pipeline_W_FLAT' pipeline 'W_FLAT' pipeline type 'loop pipeline'
WARNING: [RTGEN 206-101] Setting dangling out port 'uc_load_tile_8_2_Pipeline_W_FLAT/m_axi_gmem_weight_0_ARVALID' to 0.
WARNING: [RTGEN 206-101] Setting dangling out port 'uc_load_tile_8_2_Pipeline_W_FLAT/m_axi_gmem_weight_0_ARADDR' to 0.
WARNING: [RTGEN 206-101] Setting dangling out port 'uc_load_tile_8_2_Pipeline_W_FLAT/m_axi_gmem_weight_0_ARID' to 0.
WARNING: [RTGEN 206-101] Setting dangling out port 'uc_load_tile_8_2_Pipeline_W_FLAT/m_axi_gmem_weight_0_ARLEN' to 0.
WARNING: [RTGEN 206-101] Setting dangling out port 'uc_load_tile_8_2_Pipeline_W_FLAT/m_axi_gmem_weight_0_ARSIZE' to 0.
WARNING: [RTGEN 206-101] Setting dangling out port 'uc_load_tile_8_2_Pipeline_W_FLAT/m_axi_gmem_weight_0_ARBURST' to 0.
WARNING: [RTGEN 206-101] Setting dangling out port 'uc_load_tile_8_2_Pipeline_W_FLAT/m_axi_gmem_weight_0_ARLOCK' to 0.
WARNING: [RTGEN 206-101] Setting dangling out port 'uc_load_tile_8_2_Pipeline_W_FLAT/m_axi_gmem_weight_0_ARCACHE' to 0.
WARNING: [RTGEN 206-101] Setting dangling out port 'uc_load_tile_8_2_Pipeline_W_FLAT/m_axi_gmem_weight_0_ARPROT' to 0.
WARNING: [RTGEN 206-101] Setting dangling out port 'uc_load_tile_8_2_Pipeline_W_FLAT/m_axi_gmem_weight_0_ARQOS' to 0.
WARNING: [RTGEN 206-101] Setting dangling out port 'uc_load_tile_8_2_Pipeline_W_FLAT/m_axi_gmem_weight_0_ARREGION' to 0.
WARNING: [RTGEN 206-101] Setting dangling out port 'uc_load_tile_8_2_Pipeline_W_FLAT/m_axi_gmem_weight_0_ARUSER' to 0.
INFO: [RTGEN 206-100] Finished creating RTL model for 'uc_load_tile_8_2_Pipeline_W_FLAT'.
INFO: [HLS 200-111] Finished Creating RTL model: CPU user time: 0.08 seconds. CPU system time: 0 seconds. Elapsed time: 0.08 seconds; current allocated memory: 533.770 MB.
Execute       source /home/hoinguyen/Documents/Vitis/UpConv_HLS/upconv_core/upconv_core_top/hls/.autopilot/db/upconv_core_top.rtl_wrap.cfg.tcl 
Execute       gen_rtl uc_load_tile<8>2_Pipeline_W_FLAT -style xilinx -f -lang vhdl -o /home/hoinguyen/Documents/Vitis/UpConv_HLS/upconv_core/upconv_core_top/hls/syn/vhdl/upconv_core_top_uc_load_tile_8_2_Pipeline_W_FLAT 
Execute       gen_rtl uc_load_tile<8>2_Pipeline_W_FLAT -style xilinx -f -lang vlog -o /home/hoinguyen/Documents/Vitis/UpConv_HLS/upconv_core/upconv_core_top/hls/syn/verilog/upconv_core_top_uc_load_tile_8_2_Pipeline_W_FLAT 
Execute       syn_report -csynth -model uc_load_tile<8>2_Pipeline_W_FLAT -o /home/hoinguyen/Documents/Vitis/UpConv_HLS/upconv_core/upconv_core_top/hls/syn/report/uc_load_tile_8_2_Pipeline_W_FLAT_csynth.rpt 
Execute         list_part -family xczu7ev-ffvc1156-2-e 
Execute           ap_family_info -name xczu7ev-ffvc1156-2-e -data names 
Execute           ap_part_info -quiet -name xczu7ev-ffvc1156-2-e -data family 
Execute       syn_report -rtlxml -model uc_load_tile<8>2_Pipeline_W_FLAT -o /home/hoinguyen/Documents/Vitis/UpConv_HLS/upconv_core/upconv_core_top/hls/syn/report/uc_load_tile_8_2_Pipeline_W_FLAT_csynth.xml 
Execute         list_part -family xczu7ev-ffvc1156-2-e 
Execute           ap_family_info -name xczu7ev-ffvc1156-2-e -data names 
Execute           ap_part_info -quiet -name xczu7ev-ffvc1156-2-e -data family 
Execute       syn_report -verbosereport -model uc_load_tile<8>2_Pipeline_W_FLAT -o /home/hoinguyen/Documents/Vitis/UpConv_HLS/upconv_core/upconv_core_top/hls/.autopilot/db/uc_load_tile_8_2_Pipeline_W_FLAT.verbose.rpt 
Execute         list_part -family xczu7ev-ffvc1156-2-e 
Execute           ap_family_info -name xczu7ev-ffvc1156-2-e -data names 
Execute           ap_part_info -quiet -name xczu7ev-ffvc1156-2-e -data family 
Execute       db_write -model uc_load_tile<8>2_Pipeline_W_FLAT -f -o /home/hoinguyen/Documents/Vitis/UpConv_HLS/upconv_core/upconv_core_top/hls/.autopilot/db/uc_load_tile_8_2_Pipeline_W_FLAT.adb 
Execute       db_write -model uc_load_tile<8>2_Pipeline_W_FLAT -bindview -o /home/hoinguyen/Documents/Vitis/UpConv_HLS/upconv_core/upconv_core_top/hls/.autopilot/db/design.bindinfo.xml 
Execute       gen_tb_info uc_load_tile<8>2_Pipeline_W_FLAT -p /home/hoinguyen/Documents/Vitis/UpConv_HLS/upconv_core/upconv_core_top/hls/.autopilot/db -o /home/hoinguyen/Documents/Vitis/UpConv_HLS/upconv_core/upconv_core_top/hls/.autopilot/db/uc_load_tile_8_2_Pipeline_W_FLAT 
INFO: [HLS 200-10] ----------------------------------------------------------------
INFO: [HLS 200-10] -- Generating RTL for module 'uc_load_tile_8_2' 
INFO: [HLS 200-10] ----------------------------------------------------------------
Execute       create_rtl_model uc_load_tile<8>2 -top_prefix upconv_core_top_ -sub_prefix upconv_core_top_ -mg_file /home/hoinguyen/Documents/Vitis/UpConv_HLS/upconv_core/upconv_core_top/hls/.autopilot/db/uc_load_tile_8_2.compgen.tcl 
INFO: [RTGEN 206-100] Generating core module 'mul_15ns_9ns_24_1_1': 1 instance(s).
INFO: [RTGEN 206-100] Finished creating RTL model for 'uc_load_tile_8_2'.
INFO: [HLS 200-111] Finished Creating RTL model: CPU user time: 0.06 seconds. CPU system time: 0.01 seconds. Elapsed time: 0.06 seconds; current allocated memory: 536.164 MB.
Execute       source /home/hoinguyen/Documents/Vitis/UpConv_HLS/upconv_core/upconv_core_top/hls/.autopilot/db/upconv_core_top.rtl_wrap.cfg.tcl 
Execute       gen_rtl uc_load_tile<8>2 -style xilinx -f -lang vhdl -o /home/hoinguyen/Documents/Vitis/UpConv_HLS/upconv_core/upconv_core_top/hls/syn/vhdl/upconv_core_top_uc_load_tile_8_2 
Execute       gen_rtl uc_load_tile<8>2 -style xilinx -f -lang vlog -o /home/hoinguyen/Documents/Vitis/UpConv_HLS/upconv_core/upconv_core_top/hls/syn/verilog/upconv_core_top_uc_load_tile_8_2 
Execute       syn_report -csynth -model uc_load_tile<8>2 -o /home/hoinguyen/Documents/Vitis/UpConv_HLS/upconv_core/upconv_core_top/hls/syn/report/uc_load_tile_8_2_csynth.rpt 
Execute         list_part -family xczu7ev-ffvc1156-2-e 
Execute           ap_family_info -name xczu7ev-ffvc1156-2-e -data names 
Execute           ap_part_info -quiet -name xczu7ev-ffvc1156-2-e -data family 
Execute       syn_report -rtlxml -model uc_load_tile<8>2 -o /home/hoinguyen/Documents/Vitis/UpConv_HLS/upconv_core/upconv_core_top/hls/syn/report/uc_load_tile_8_2_csynth.xml 
Execute         list_part -family xczu7ev-ffvc1156-2-e 
Execute           ap_family_info -name xczu7ev-ffvc1156-2-e -data names 
Execute           ap_part_info -quiet -name xczu7ev-ffvc1156-2-e -data family 
Execute       syn_report -verbosereport -model uc_load_tile<8>2 -o /home/hoinguyen/Documents/Vitis/UpConv_HLS/upconv_core/upconv_core_top/hls/.autopilot/db/uc_load_tile_8_2.verbose.rpt 
Execute         list_part -family xczu7ev-ffvc1156-2-e 
Execute           ap_family_info -name xczu7ev-ffvc1156-2-e -data names 
Execute           ap_part_info -quiet -name xczu7ev-ffvc1156-2-e -data family 
Execute       db_write -model uc_load_tile<8>2 -f -o /home/hoinguyen/Documents/Vitis/UpConv_HLS/upconv_core/upconv_core_top/hls/.autopilot/db/uc_load_tile_8_2.adb 
Execute       db_write -model uc_load_tile<8>2 -bindview -o /home/hoinguyen/Documents/Vitis/UpConv_HLS/upconv_core/upconv_core_top/hls/.autopilot/db/design.bindinfo.xml 
Execute       gen_tb_info uc_load_tile<8>2 -p /home/hoinguyen/Documents/Vitis/UpConv_HLS/upconv_core/upconv_core_top/hls/.autopilot/db -o /home/hoinguyen/Documents/Vitis/UpConv_HLS/upconv_core/upconv_core_top/hls/.autopilot/db/uc_load_tile_8_2 
INFO: [HLS 200-10] ----------------------------------------------------------------
INFO: [HLS 200-10] -- Generating RTL for module 'uc_compute_tile_8_3_Pipeline_KW_LOOP_FLAT_LOOP' 
INFO: [HLS 200-10] ----------------------------------------------------------------
Execute       create_rtl_model uc_compute_tile<8>3_Pipeline_KW_LOOP_FLAT_LOOP -top_prefix upconv_core_top_ -sub_prefix upconv_core_top_ -mg_file /home/hoinguyen/Documents/Vitis/UpConv_HLS/upconv_core/upconv_core_top/hls/.autopilot/db/uc_compute_tile_8_3_Pipeline_KW_LOOP_FLAT_LOOP.compgen.tcl 
INFO: [HLS 200-1030] Apply Unified Pipeline Control on module 'uc_compute_tile_8_3_Pipeline_KW_LOOP_FLAT_LOOP' pipeline 'KW_LOOP_FLAT_LOOP' pipeline type 'loop pipeline'
INFO: [RTGEN 206-104] Estimated max fanout for 'uc_compute_tile_8_3_Pipeline_KW_LOOP_FLAT_LOOP' is 87245 from HDL expression: (1'b0 == ap_block_pp0_stage0_11001)
INFO: [RTGEN 206-100] Generating core module 'hadd_16ns_16ns_16_5_full_dsp_1': 168 instance(s).
INFO: [RTGEN 206-100] Generating core module 'hmul_16ns_16ns_16_4_no_dsp_1': 128 instance(s).
INFO: [RTGEN 206-100] Generating core module 'sparsemux_9_2_16_1_1': 8 instance(s).
INFO: [RTGEN 206-100] Finished creating RTL model for 'uc_compute_tile_8_3_Pipeline_KW_LOOP_FLAT_LOOP'.
Command       create_rtl_model done; 0.59 sec.
INFO: [HLS 200-111] Finished Creating RTL model: CPU user time: 0.61 seconds. CPU system time: 0.01 seconds. Elapsed time: 0.64 seconds; current allocated memory: 572.316 MB.
Execute       source /home/hoinguyen/Documents/Vitis/UpConv_HLS/upconv_core/upconv_core_top/hls/.autopilot/db/upconv_core_top.rtl_wrap.cfg.tcl 
Execute       gen_rtl uc_compute_tile<8>3_Pipeline_KW_LOOP_FLAT_LOOP -style xilinx -f -lang vhdl -o /home/hoinguyen/Documents/Vitis/UpConv_HLS/upconv_core/upconv_core_top/hls/syn/vhdl/upconv_core_top_uc_compute_tile_8_3_Pipeline_KW_LOOP_FLAT_LOOP 
Execute       gen_rtl uc_compute_tile<8>3_Pipeline_KW_LOOP_FLAT_LOOP -style xilinx -f -lang vlog -o /home/hoinguyen/Documents/Vitis/UpConv_HLS/upconv_core/upconv_core_top/hls/syn/verilog/upconv_core_top_uc_compute_tile_8_3_Pipeline_KW_LOOP_FLAT_LOOP 
Execute       syn_report -csynth -model uc_compute_tile<8>3_Pipeline_KW_LOOP_FLAT_LOOP -o /home/hoinguyen/Documents/Vitis/UpConv_HLS/upconv_core/upconv_core_top/hls/syn/report/uc_compute_tile_8_3_Pipeline_KW_LOOP_FLAT_LOOP_csynth.rpt 
Execute         list_part -family xczu7ev-ffvc1156-2-e 
Execute           ap_family_info -name xczu7ev-ffvc1156-2-e -data names 
Execute           ap_part_info -quiet -name xczu7ev-ffvc1156-2-e -data family 
Execute       syn_report -rtlxml -model uc_compute_tile<8>3_Pipeline_KW_LOOP_FLAT_LOOP -o /home/hoinguyen/Documents/Vitis/UpConv_HLS/upconv_core/upconv_core_top/hls/syn/report/uc_compute_tile_8_3_Pipeline_KW_LOOP_FLAT_LOOP_csynth.xml 
Execute         list_part -family xczu7ev-ffvc1156-2-e 
Execute           ap_family_info -name xczu7ev-ffvc1156-2-e -data names 
Execute           ap_part_info -quiet -name xczu7ev-ffvc1156-2-e -data family 
Execute       syn_report -verbosereport -model uc_compute_tile<8>3_Pipeline_KW_LOOP_FLAT_LOOP -o /home/hoinguyen/Documents/Vitis/UpConv_HLS/upconv_core/upconv_core_top/hls/.autopilot/db/uc_compute_tile_8_3_Pipeline_KW_LOOP_FLAT_LOOP.verbose.rpt 
Execute         list_part -family xczu7ev-ffvc1156-2-e 
Execute           ap_family_info -name xczu7ev-ffvc1156-2-e -data names 
Execute           ap_part_info -quiet -name xczu7ev-ffvc1156-2-e -data family 
Execute       db_write -model uc_compute_tile<8>3_Pipeline_KW_LOOP_FLAT_LOOP -f -o /home/hoinguyen/Documents/Vitis/UpConv_HLS/upconv_core/upconv_core_top/hls/.autopilot/db/uc_compute_tile_8_3_Pipeline_KW_LOOP_FLAT_LOOP.adb 
Execute       db_write -model uc_compute_tile<8>3_Pipeline_KW_LOOP_FLAT_LOOP -bindview -o /home/hoinguyen/Documents/Vitis/UpConv_HLS/upconv_core/upconv_core_top/hls/.autopilot/db/design.bindinfo.xml 
Execute       gen_tb_info uc_compute_tile<8>3_Pipeline_KW_LOOP_FLAT_LOOP -p /home/hoinguyen/Documents/Vitis/UpConv_HLS/upconv_core/upconv_core_top/hls/.autopilot/db -o /home/hoinguyen/Documents/Vitis/UpConv_HLS/upconv_core/upconv_core_top/hls/.autopilot/db/uc_compute_tile_8_3_Pipeline_KW_LOOP_FLAT_LOOP 
INFO: [HLS 200-10] ----------------------------------------------------------------
INFO: [HLS 200-10] -- Generating RTL for module 'uc_compute_tile_8_3' 
INFO: [HLS 200-10] ----------------------------------------------------------------
Execute       create_rtl_model uc_compute_tile<8>3 -top_prefix upconv_core_top_ -sub_prefix upconv_core_top_ -mg_file /home/hoinguyen/Documents/Vitis/UpConv_HLS/upconv_core/upconv_core_top/hls/.autopilot/db/uc_compute_tile_8_3.compgen.tcl 
INFO: [RTGEN 206-100] Generating core module 'mul_8ns_6ns_11_1_1': 1 instance(s).
INFO: [RTGEN 206-100] Generating core module 'mul_8ns_6ns_13_1_1': 1 instance(s).
INFO: [RTGEN 206-100] Finished creating RTL model for 'uc_compute_tile_8_3'.
INFO: [HLS 200-111] Finished Creating RTL model: CPU user time: 0.53 seconds. CPU system time: 0.03 seconds. Elapsed time: 0.57 seconds; current allocated memory: 593.500 MB.
Execute       source /home/hoinguyen/Documents/Vitis/UpConv_HLS/upconv_core/upconv_core_top/hls/.autopilot/db/upconv_core_top.rtl_wrap.cfg.tcl 
Execute       gen_rtl uc_compute_tile<8>3 -style xilinx -f -lang vhdl -o /home/hoinguyen/Documents/Vitis/UpConv_HLS/upconv_core/upconv_core_top/hls/syn/vhdl/upconv_core_top_uc_compute_tile_8_3 
Execute       gen_rtl uc_compute_tile<8>3 -style xilinx -f -lang vlog -o /home/hoinguyen/Documents/Vitis/UpConv_HLS/upconv_core/upconv_core_top/hls/syn/verilog/upconv_core_top_uc_compute_tile_8_3 
Execute       syn_report -csynth -model uc_compute_tile<8>3 -o /home/hoinguyen/Documents/Vitis/UpConv_HLS/upconv_core/upconv_core_top/hls/syn/report/uc_compute_tile_8_3_csynth.rpt 
Execute         list_part -family xczu7ev-ffvc1156-2-e 
Execute           ap_family_info -name xczu7ev-ffvc1156-2-e -data names 
Execute           ap_part_info -quiet -name xczu7ev-ffvc1156-2-e -data family 
Execute       syn_report -rtlxml -model uc_compute_tile<8>3 -o /home/hoinguyen/Documents/Vitis/UpConv_HLS/upconv_core/upconv_core_top/hls/syn/report/uc_compute_tile_8_3_csynth.xml 
Execute         list_part -family xczu7ev-ffvc1156-2-e 
Execute           ap_family_info -name xczu7ev-ffvc1156-2-e -data names 
Execute           ap_part_info -quiet -name xczu7ev-ffvc1156-2-e -data family 
Execute       syn_report -verbosereport -model uc_compute_tile<8>3 -o /home/hoinguyen/Documents/Vitis/UpConv_HLS/upconv_core/upconv_core_top/hls/.autopilot/db/uc_compute_tile_8_3.verbose.rpt 
Execute         list_part -family xczu7ev-ffvc1156-2-e 
Execute           ap_family_info -name xczu7ev-ffvc1156-2-e -data names 
Execute           ap_part_info -quiet -name xczu7ev-ffvc1156-2-e -data family 
Execute       db_write -model uc_compute_tile<8>3 -f -o /home/hoinguyen/Documents/Vitis/UpConv_HLS/upconv_core/upconv_core_top/hls/.autopilot/db/uc_compute_tile_8_3.adb 
Execute       db_write -model uc_compute_tile<8>3 -bindview -o /home/hoinguyen/Documents/Vitis/UpConv_HLS/upconv_core/upconv_core_top/hls/.autopilot/db/design.bindinfo.xml 
Execute       gen_tb_info uc_compute_tile<8>3 -p /home/hoinguyen/Documents/Vitis/UpConv_HLS/upconv_core/upconv_core_top/hls/.autopilot/db -o /home/hoinguyen/Documents/Vitis/UpConv_HLS/upconv_core/upconv_core_top/hls/.autopilot/db/uc_compute_tile_8_3 
INFO: [HLS 200-10] ----------------------------------------------------------------
INFO: [HLS 200-10] -- Generating RTL for module 'dataflow_in_loop_TILE_LOOP_1' 
INFO: [HLS 200-10] ----------------------------------------------------------------
Execute       create_rtl_model dataflow_in_loop_TILE_LOOP.1 -top_prefix upconv_core_top_ -sub_prefix upconv_core_top_ -mg_file /home/hoinguyen/Documents/Vitis/UpConv_HLS/upconv_core/upconv_core_top/hls/.autopilot/db/dataflow_in_loop_TILE_LOOP_1.compgen.tcl 
WARNING: [RTGEN 206-101] Setting dangling out port 'dataflow_in_loop_TILE_LOOP_1/m_axi_gmem_weight_0_AWVALID' to 0.
WARNING: [RTGEN 206-101] Setting dangling out port 'dataflow_in_loop_TILE_LOOP_1/m_axi_gmem_weight_0_AWADDR' to 0.
WARNING: [RTGEN 206-101] Setting dangling out port 'dataflow_in_loop_TILE_LOOP_1/m_axi_gmem_weight_0_AWID' to 0.
WARNING: [RTGEN 206-101] Setting dangling out port 'dataflow_in_loop_TILE_LOOP_1/m_axi_gmem_weight_0_AWLEN' to 0.
WARNING: [RTGEN 206-101] Setting dangling out port 'dataflow_in_loop_TILE_LOOP_1/m_axi_gmem_weight_0_AWSIZE' to 0.
WARNING: [RTGEN 206-101] Setting dangling out port 'dataflow_in_loop_TILE_LOOP_1/m_axi_gmem_weight_0_AWBURST' to 0.
WARNING: [RTGEN 206-101] Setting dangling out port 'dataflow_in_loop_TILE_LOOP_1/m_axi_gmem_weight_0_AWLOCK' to 0.
WARNING: [RTGEN 206-101] Setting dangling out port 'dataflow_in_loop_TILE_LOOP_1/m_axi_gmem_weight_0_AWCACHE' to 0.
WARNING: [RTGEN 206-101] Setting dangling out port 'dataflow_in_loop_TILE_LOOP_1/m_axi_gmem_weight_0_AWPROT' to 0.
WARNING: [RTGEN 206-101] Setting dangling out port 'dataflow_in_loop_TILE_LOOP_1/m_axi_gmem_weight_0_AWQOS' to 0.
WARNING: [RTGEN 206-101] Setting dangling out port 'dataflow_in_loop_TILE_LOOP_1/m_axi_gmem_weight_0_AWREGION' to 0.
WARNING: [RTGEN 206-101] Setting dangling out port 'dataflow_in_loop_TILE_LOOP_1/m_axi_gmem_weight_0_AWUSER' to 0.
WARNING: [RTGEN 206-101] Setting dangling out port 'dataflow_in_loop_TILE_LOOP_1/m_axi_gmem_weight_0_WVALID' to 0.
WARNING: [RTGEN 206-101] Setting dangling out port 'dataflow_in_loop_TILE_LOOP_1/m_axi_gmem_weight_0_WDATA' to 0.
WARNING: [RTGEN 206-101] Setting dangling out port 'dataflow_in_loop_TILE_LOOP_1/m_axi_gmem_weight_0_WSTRB' to 0.
WARNING: [RTGEN 206-101] Setting dangling out port 'dataflow_in_loop_TILE_LOOP_1/m_axi_gmem_weight_0_WLAST' to 0.
WARNING: [RTGEN 206-101] Setting dangling out port 'dataflow_in_loop_TILE_LOOP_1/m_axi_gmem_weight_0_WID' to 0.
WARNING: [RTGEN 206-101] Setting dangling out port 'dataflow_in_loop_TILE_LOOP_1/m_axi_gmem_weight_0_WUSER' to 0.
WARNING: [RTGEN 206-101] Setting dangling out port 'dataflow_in_loop_TILE_LOOP_1/m_axi_gmem_weight_0_BREADY' to 0.
INFO: [RTGEN 206-100] Finished creating RTL model for 'dataflow_in_loop_TILE_LOOP_1'.
INFO: [HLS 200-741] Implementing PIPO upconv_core_top_dataflow_in_loop_TILE_LOOP_1_wbuf_RAM_T2P_URAM_1R1W using a single memory for all blocks
INFO: [RTMG 210-278] Implementing memory 'upconv_core_top_dataflow_in_loop_TILE_LOOP_1_wbuf_RAM_T2P_URAM_1R1W_memcore' using ultra RAMs.
INFO: [RTMG 210-285] Implementing FIFO 'ho_c_U(upconv_core_top_fifo_w8_d3_S)' using Shift Registers.
INFO: [RTMG 210-285] Implementing FIFO 'H_IN_c_U(upconv_core_top_fifo_w8_d3_S)' using Shift Registers.
INFO: [RTMG 210-285] Implementing FIFO 'W_IN_c_U(upconv_core_top_fifo_w8_d3_S)' using Shift Registers.
INFO: [RTMG 210-285] Implementing FIFO 'tile_c_channel_U(upconv_core_top_fifo_w6_d2_S)' using Shift Registers.
INFO: [RTMG 210-285] Implementing FIFO 'C_OUT_c_channel_U(upconv_core_top_fifo_w9_d2_S)' using Shift Registers.
INFO: [RTMG 210-285] Implementing FIFO 'C_IN_c_channel_U(upconv_core_top_fifo_w10_d2_S)' using Shift Registers.
INFO: [HLS 200-111] Finished Creating RTL model: CPU user time: 0.15 seconds. CPU system time: 0.01 seconds. Elapsed time: 0.17 seconds; current allocated memory: 593.500 MB.
Execute       source /home/hoinguyen/Documents/Vitis/UpConv_HLS/upconv_core/upconv_core_top/hls/.autopilot/db/upconv_core_top.rtl_wrap.cfg.tcl 
Execute       gen_rtl dataflow_in_loop_TILE_LOOP.1 -style xilinx -f -lang vhdl -o /home/hoinguyen/Documents/Vitis/UpConv_HLS/upconv_core/upconv_core_top/hls/syn/vhdl/upconv_core_top_dataflow_in_loop_TILE_LOOP_1 
Execute       gen_rtl dataflow_in_loop_TILE_LOOP.1 -style xilinx -f -lang vlog -o /home/hoinguyen/Documents/Vitis/UpConv_HLS/upconv_core/upconv_core_top/hls/syn/verilog/upconv_core_top_dataflow_in_loop_TILE_LOOP_1 
Execute       syn_report -csynth -model dataflow_in_loop_TILE_LOOP.1 -o /home/hoinguyen/Documents/Vitis/UpConv_HLS/upconv_core/upconv_core_top/hls/syn/report/dataflow_in_loop_TILE_LOOP_1_csynth.rpt 
Execute         list_part -family xczu7ev-ffvc1156-2-e 
Execute           ap_family_info -name xczu7ev-ffvc1156-2-e -data names 
Execute           ap_part_info -quiet -name xczu7ev-ffvc1156-2-e -data family 
Execute       syn_report -rtlxml -model dataflow_in_loop_TILE_LOOP.1 -o /home/hoinguyen/Documents/Vitis/UpConv_HLS/upconv_core/upconv_core_top/hls/syn/report/dataflow_in_loop_TILE_LOOP_1_csynth.xml 
Execute         list_part -family xczu7ev-ffvc1156-2-e 
Execute           ap_family_info -name xczu7ev-ffvc1156-2-e -data names 
Execute           ap_part_info -quiet -name xczu7ev-ffvc1156-2-e -data family 
Execute       syn_report -verbosereport -model dataflow_in_loop_TILE_LOOP.1 -o /home/hoinguyen/Documents/Vitis/UpConv_HLS/upconv_core/upconv_core_top/hls/.autopilot/db/dataflow_in_loop_TILE_LOOP_1.verbose.rpt 
Execute         list_part -family xczu7ev-ffvc1156-2-e 
Execute           ap_family_info -name xczu7ev-ffvc1156-2-e -data names 
Execute           ap_part_info -quiet -name xczu7ev-ffvc1156-2-e -data family 
Execute       db_write -model dataflow_in_loop_TILE_LOOP.1 -f -o /home/hoinguyen/Documents/Vitis/UpConv_HLS/upconv_core/upconv_core_top/hls/.autopilot/db/dataflow_in_loop_TILE_LOOP_1.adb 
Execute       db_write -model dataflow_in_loop_TILE_LOOP.1 -bindview -o /home/hoinguyen/Documents/Vitis/UpConv_HLS/upconv_core/upconv_core_top/hls/.autopilot/db/design.bindinfo.xml 
Execute       gen_tb_info dataflow_in_loop_TILE_LOOP.1 -p /home/hoinguyen/Documents/Vitis/UpConv_HLS/upconv_core/upconv_core_top/hls/.autopilot/db -o /home/hoinguyen/Documents/Vitis/UpConv_HLS/upconv_core/upconv_core_top/hls/.autopilot/db/dataflow_in_loop_TILE_LOOP_1 
INFO: [HLS 200-10] ----------------------------------------------------------------
INFO: [HLS 200-10] -- Generating RTL for module 'dataflow_parent_loop_proc' 
INFO: [HLS 200-10] ----------------------------------------------------------------
Execute       create_rtl_model dataflow_parent_loop_proc -top_prefix upconv_core_top_ -sub_prefix upconv_core_top_ -mg_file /home/hoinguyen/Documents/Vitis/UpConv_HLS/upconv_core/upconv_core_top/hls/.autopilot/db/dataflow_parent_loop_proc.compgen.tcl 
WARNING: [RTGEN 206-101] Setting dangling out port 'dataflow_parent_loop_proc/m_axi_gmem_weight_0_AWVALID' to 0.
WARNING: [RTGEN 206-101] Setting dangling out port 'dataflow_parent_loop_proc/m_axi_gmem_weight_0_AWADDR' to 0.
WARNING: [RTGEN 206-101] Setting dangling out port 'dataflow_parent_loop_proc/m_axi_gmem_weight_0_AWID' to 0.
WARNING: [RTGEN 206-101] Setting dangling out port 'dataflow_parent_loop_proc/m_axi_gmem_weight_0_AWLEN' to 0.
WARNING: [RTGEN 206-101] Setting dangling out port 'dataflow_parent_loop_proc/m_axi_gmem_weight_0_AWSIZE' to 0.
WARNING: [RTGEN 206-101] Setting dangling out port 'dataflow_parent_loop_proc/m_axi_gmem_weight_0_AWBURST' to 0.
WARNING: [RTGEN 206-101] Setting dangling out port 'dataflow_parent_loop_proc/m_axi_gmem_weight_0_AWLOCK' to 0.
WARNING: [RTGEN 206-101] Setting dangling out port 'dataflow_parent_loop_proc/m_axi_gmem_weight_0_AWCACHE' to 0.
WARNING: [RTGEN 206-101] Setting dangling out port 'dataflow_parent_loop_proc/m_axi_gmem_weight_0_AWPROT' to 0.
WARNING: [RTGEN 206-101] Setting dangling out port 'dataflow_parent_loop_proc/m_axi_gmem_weight_0_AWQOS' to 0.
WARNING: [RTGEN 206-101] Setting dangling out port 'dataflow_parent_loop_proc/m_axi_gmem_weight_0_AWREGION' to 0.
WARNING: [RTGEN 206-101] Setting dangling out port 'dataflow_parent_loop_proc/m_axi_gmem_weight_0_AWUSER' to 0.
WARNING: [RTGEN 206-101] Setting dangling out port 'dataflow_parent_loop_proc/m_axi_gmem_weight_0_WVALID' to 0.
WARNING: [RTGEN 206-101] Setting dangling out port 'dataflow_parent_loop_proc/m_axi_gmem_weight_0_WDATA' to 0.
WARNING: [RTGEN 206-101] Setting dangling out port 'dataflow_parent_loop_proc/m_axi_gmem_weight_0_WSTRB' to 0.
WARNING: [RTGEN 206-101] Setting dangling out port 'dataflow_parent_loop_proc/m_axi_gmem_weight_0_WLAST' to 0.
WARNING: [RTGEN 206-101] Setting dangling out port 'dataflow_parent_loop_proc/m_axi_gmem_weight_0_WID' to 0.
WARNING: [RTGEN 206-101] Setting dangling out port 'dataflow_parent_loop_proc/m_axi_gmem_weight_0_WUSER' to 0.
WARNING: [RTGEN 206-101] Setting dangling out port 'dataflow_parent_loop_proc/m_axi_gmem_weight_0_BREADY' to 0.
INFO: [RTGEN 206-100] Finished creating RTL model for 'dataflow_parent_loop_proc'.
INFO: [HLS 200-111] Finished Creating RTL model: CPU user time: 0.13 seconds. CPU system time: 0.01 seconds. Elapsed time: 0.14 seconds; current allocated memory: 596.195 MB.
Execute       source /home/hoinguyen/Documents/Vitis/UpConv_HLS/upconv_core/upconv_core_top/hls/.autopilot/db/upconv_core_top.rtl_wrap.cfg.tcl 
Execute       gen_rtl dataflow_parent_loop_proc -style xilinx -f -lang vhdl -o /home/hoinguyen/Documents/Vitis/UpConv_HLS/upconv_core/upconv_core_top/hls/syn/vhdl/upconv_core_top_dataflow_parent_loop_proc 
Execute       gen_rtl dataflow_parent_loop_proc -style xilinx -f -lang vlog -o /home/hoinguyen/Documents/Vitis/UpConv_HLS/upconv_core/upconv_core_top/hls/syn/verilog/upconv_core_top_dataflow_parent_loop_proc 
Execute       syn_report -csynth -model dataflow_parent_loop_proc -o /home/hoinguyen/Documents/Vitis/UpConv_HLS/upconv_core/upconv_core_top/hls/syn/report/dataflow_parent_loop_proc_csynth.rpt 
Execute         list_part -family xczu7ev-ffvc1156-2-e 
Execute           ap_family_info -name xczu7ev-ffvc1156-2-e -data names 
Execute           ap_part_info -quiet -name xczu7ev-ffvc1156-2-e -data family 
Execute       syn_report -rtlxml -model dataflow_parent_loop_proc -o /home/hoinguyen/Documents/Vitis/UpConv_HLS/upconv_core/upconv_core_top/hls/syn/report/dataflow_parent_loop_proc_csynth.xml 
Execute         list_part -family xczu7ev-ffvc1156-2-e 
Execute           ap_family_info -name xczu7ev-ffvc1156-2-e -data names 
Execute           ap_part_info -quiet -name xczu7ev-ffvc1156-2-e -data family 
Execute       syn_report -verbosereport -model dataflow_parent_loop_proc -o /home/hoinguyen/Documents/Vitis/UpConv_HLS/upconv_core/upconv_core_top/hls/.autopilot/db/dataflow_parent_loop_proc.verbose.rpt 
Execute         list_part -family xczu7ev-ffvc1156-2-e 
Execute           ap_family_info -name xczu7ev-ffvc1156-2-e -data names 
Execute           ap_part_info -quiet -name xczu7ev-ffvc1156-2-e -data family 
Execute       db_write -model dataflow_parent_loop_proc -f -o /home/hoinguyen/Documents/Vitis/UpConv_HLS/upconv_core/upconv_core_top/hls/.autopilot/db/dataflow_parent_loop_proc.adb 
Execute       db_write -model dataflow_parent_loop_proc -bindview -o /home/hoinguyen/Documents/Vitis/UpConv_HLS/upconv_core/upconv_core_top/hls/.autopilot/db/design.bindinfo.xml 
Execute       gen_tb_info dataflow_parent_loop_proc -p /home/hoinguyen/Documents/Vitis/UpConv_HLS/upconv_core/upconv_core_top/hls/.autopilot/db -o /home/hoinguyen/Documents/Vitis/UpConv_HLS/upconv_core/upconv_core_top/hls/.autopilot/db/dataflow_parent_loop_proc 
INFO: [HLS 200-10] ----------------------------------------------------------------
INFO: [HLS 200-10] -- Generating RTL for module 'UpConv_Fused_Row_8_Pipeline_LOAD_PARAMS' 
INFO: [HLS 200-10] ----------------------------------------------------------------
Execute       create_rtl_model UpConv_Fused_Row<8>_Pipeline_LOAD_PARAMS -top_prefix upconv_core_top_ -sub_prefix upconv_core_top_ -mg_file /home/hoinguyen/Documents/Vitis/UpConv_HLS/upconv_core/upconv_core_top/hls/.autopilot/db/UpConv_Fused_Row_8_Pipeline_LOAD_PARAMS.compgen.tcl 
INFO: [HLS 200-1030] Apply Unified Pipeline Control on module 'UpConv_Fused_Row_8_Pipeline_LOAD_PARAMS' pipeline 'LOAD_PARAMS' pipeline type 'loop pipeline'
INFO: [RTGEN 206-100] Finished creating RTL model for 'UpConv_Fused_Row_8_Pipeline_LOAD_PARAMS'.
INFO: [HLS 200-111] Finished Creating RTL model: CPU user time: 0.08 seconds. CPU system time: 0 seconds. Elapsed time: 0.09 seconds; current allocated memory: 597.676 MB.
Execute       source /home/hoinguyen/Documents/Vitis/UpConv_HLS/upconv_core/upconv_core_top/hls/.autopilot/db/upconv_core_top.rtl_wrap.cfg.tcl 
Execute       gen_rtl UpConv_Fused_Row<8>_Pipeline_LOAD_PARAMS -style xilinx -f -lang vhdl -o /home/hoinguyen/Documents/Vitis/UpConv_HLS/upconv_core/upconv_core_top/hls/syn/vhdl/upconv_core_top_UpConv_Fused_Row_8_Pipeline_LOAD_PARAMS 
Execute       gen_rtl UpConv_Fused_Row<8>_Pipeline_LOAD_PARAMS -style xilinx -f -lang vlog -o /home/hoinguyen/Documents/Vitis/UpConv_HLS/upconv_core/upconv_core_top/hls/syn/verilog/upconv_core_top_UpConv_Fused_Row_8_Pipeline_LOAD_PARAMS 
Execute       syn_report -csynth -model UpConv_Fused_Row<8>_Pipeline_LOAD_PARAMS -o /home/hoinguyen/Documents/Vitis/UpConv_HLS/upconv_core/upconv_core_top/hls/syn/report/UpConv_Fused_Row_8_Pipeline_LOAD_PARAMS_csynth.rpt 
Execute         list_part -family xczu7ev-ffvc1156-2-e 
Execute           ap_family_info -name xczu7ev-ffvc1156-2-e -data names 
Execute           ap_part_info -quiet -name xczu7ev-ffvc1156-2-e -data family 
Execute       syn_report -rtlxml -model UpConv_Fused_Row<8>_Pipeline_LOAD_PARAMS -o /home/hoinguyen/Documents/Vitis/UpConv_HLS/upconv_core/upconv_core_top/hls/syn/report/UpConv_Fused_Row_8_Pipeline_LOAD_PARAMS_csynth.xml 
Execute         list_part -family xczu7ev-ffvc1156-2-e 
Execute           ap_family_info -name xczu7ev-ffvc1156-2-e -data names 
Execute           ap_part_info -quiet -name xczu7ev-ffvc1156-2-e -data family 
Execute       syn_report -verbosereport -model UpConv_Fused_Row<8>_Pipeline_LOAD_PARAMS -o /home/hoinguyen/Documents/Vitis/UpConv_HLS/upconv_core/upconv_core_top/hls/.autopilot/db/UpConv_Fused_Row_8_Pipeline_LOAD_PARAMS.verbose.rpt 
Execute         list_part -family xczu7ev-ffvc1156-2-e 
Execute           ap_family_info -name xczu7ev-ffvc1156-2-e -data names 
Execute           ap_part_info -quiet -name xczu7ev-ffvc1156-2-e -data family 
Execute       db_write -model UpConv_Fused_Row<8>_Pipeline_LOAD_PARAMS -f -o /home/hoinguyen/Documents/Vitis/UpConv_HLS/upconv_core/upconv_core_top/hls/.autopilot/db/UpConv_Fused_Row_8_Pipeline_LOAD_PARAMS.adb 
Execute       db_write -model UpConv_Fused_Row<8>_Pipeline_LOAD_PARAMS -bindview -o /home/hoinguyen/Documents/Vitis/UpConv_HLS/upconv_core/upconv_core_top/hls/.autopilot/db/design.bindinfo.xml 
Execute       gen_tb_info UpConv_Fused_Row<8>_Pipeline_LOAD_PARAMS -p /home/hoinguyen/Documents/Vitis/UpConv_HLS/upconv_core/upconv_core_top/hls/.autopilot/db -o /home/hoinguyen/Documents/Vitis/UpConv_HLS/upconv_core/upconv_core_top/hls/.autopilot/db/UpConv_Fused_Row_8_Pipeline_LOAD_PARAMS 
INFO: [HLS 200-10] ----------------------------------------------------------------
INFO: [HLS 200-10] -- Generating RTL for module 'UpConv_Fused_Row_8_Pipeline_PIXEL_STATS' 
INFO: [HLS 200-10] ----------------------------------------------------------------
Execute       create_rtl_model UpConv_Fused_Row<8>_Pipeline_PIXEL_STATS -top_prefix upconv_core_top_ -sub_prefix upconv_core_top_ -mg_file /home/hoinguyen/Documents/Vitis/UpConv_HLS/upconv_core/upconv_core_top/hls/.autopilot/db/UpConv_Fused_Row_8_Pipeline_PIXEL_STATS.compgen.tcl 
INFO: [HLS 200-1030] Apply Unified Pipeline Control on module 'UpConv_Fused_Row_8_Pipeline_PIXEL_STATS' pipeline 'PIXEL_STATS' pipeline type 'loop pipeline'
INFO: [RTGEN 206-104] Estimated max fanout for 'UpConv_Fused_Row_8_Pipeline_PIXEL_STATS' is 13503 from HDL expression: (1'b0 == ap_block_pp0_stage0_11001)
INFO: [RTGEN 206-100] Generating core module 'fadd_32ns_32ns_32_11_full_dsp_1': 19 instance(s).
INFO: [RTGEN 206-100] Generating core module 'fdiv_32ns_32ns_32_30_no_dsp_1': 3 instance(s).
INFO: [RTGEN 206-100] Generating core module 'fmul_32ns_32ns_32_7_max_dsp_1': 2 instance(s).
INFO: [RTGEN 206-100] Generating core module 'fsqrt_32ns_32ns_32_28_no_dsp_1': 1 instance(s).
INFO: [RTGEN 206-100] Generating core module 'fsub_32ns_32ns_32_11_full_dsp_1': 1 instance(s).
INFO: [RTGEN 206-100] Generating core module 'hadd_16ns_16ns_16_5_full_dsp_1': 1 instance(s).
INFO: [RTGEN 206-100] Generating core module 'hptosp_16ns_32_2_no_dsp_1': 1 instance(s).
INFO: [RTGEN 206-100] Generating core module 'partselect_16ns_256ns_32s_16_1_1': 1 instance(s).
INFO: [RTGEN 206-100] Generating core module 'sparsemux_17_3_32_1_1': 2 instance(s).
INFO: [RTGEN 206-100] Generating core module 'sparsemux_33_4_16_1_1': 1 instance(s).
INFO: [RTGEN 206-100] Generating core module 'sptohp_32ns_16_2_no_dsp_1': 1 instance(s).
INFO: [RTGEN 206-100] Finished creating RTL model for 'UpConv_Fused_Row_8_Pipeline_PIXEL_STATS'.
Command       create_rtl_model done; 0.25 sec.
INFO: [HLS 200-111] Finished Creating RTL model: CPU user time: 0.27 seconds. CPU system time: 0.01 seconds. Elapsed time: 0.29 seconds; current allocated memory: 610.719 MB.
Execute       source /home/hoinguyen/Documents/Vitis/UpConv_HLS/upconv_core/upconv_core_top/hls/.autopilot/db/upconv_core_top.rtl_wrap.cfg.tcl 
Execute       gen_rtl UpConv_Fused_Row<8>_Pipeline_PIXEL_STATS -style xilinx -f -lang vhdl -o /home/hoinguyen/Documents/Vitis/UpConv_HLS/upconv_core/upconv_core_top/hls/syn/vhdl/upconv_core_top_UpConv_Fused_Row_8_Pipeline_PIXEL_STATS 
Execute       gen_rtl UpConv_Fused_Row<8>_Pipeline_PIXEL_STATS -style xilinx -f -lang vlog -o /home/hoinguyen/Documents/Vitis/UpConv_HLS/upconv_core/upconv_core_top/hls/syn/verilog/upconv_core_top_UpConv_Fused_Row_8_Pipeline_PIXEL_STATS 
Execute       syn_report -csynth -model UpConv_Fused_Row<8>_Pipeline_PIXEL_STATS -o /home/hoinguyen/Documents/Vitis/UpConv_HLS/upconv_core/upconv_core_top/hls/syn/report/UpConv_Fused_Row_8_Pipeline_PIXEL_STATS_csynth.rpt 
Execute         list_part -family xczu7ev-ffvc1156-2-e 
Execute           ap_family_info -name xczu7ev-ffvc1156-2-e -data names 
Execute           ap_part_info -quiet -name xczu7ev-ffvc1156-2-e -data family 
Execute       syn_report -rtlxml -model UpConv_Fused_Row<8>_Pipeline_PIXEL_STATS -o /home/hoinguyen/Documents/Vitis/UpConv_HLS/upconv_core/upconv_core_top/hls/syn/report/UpConv_Fused_Row_8_Pipeline_PIXEL_STATS_csynth.xml 
Execute         list_part -family xczu7ev-ffvc1156-2-e 
Execute           ap_family_info -name xczu7ev-ffvc1156-2-e -data names 
Execute           ap_part_info -quiet -name xczu7ev-ffvc1156-2-e -data family 
Execute       syn_report -verbosereport -model UpConv_Fused_Row<8>_Pipeline_PIXEL_STATS -o /home/hoinguyen/Documents/Vitis/UpConv_HLS/upconv_core/upconv_core_top/hls/.autopilot/db/UpConv_Fused_Row_8_Pipeline_PIXEL_STATS.verbose.rpt 
Execute         list_part -family xczu7ev-ffvc1156-2-e 
Execute           ap_family_info -name xczu7ev-ffvc1156-2-e -data names 
Execute           ap_part_info -quiet -name xczu7ev-ffvc1156-2-e -data family 
Execute       db_write -model UpConv_Fused_Row<8>_Pipeline_PIXEL_STATS -f -o /home/hoinguyen/Documents/Vitis/UpConv_HLS/upconv_core/upconv_core_top/hls/.autopilot/db/UpConv_Fused_Row_8_Pipeline_PIXEL_STATS.adb 
Execute       db_write -model UpConv_Fused_Row<8>_Pipeline_PIXEL_STATS -bindview -o /home/hoinguyen/Documents/Vitis/UpConv_HLS/upconv_core/upconv_core_top/hls/.autopilot/db/design.bindinfo.xml 
Execute       gen_tb_info UpConv_Fused_Row<8>_Pipeline_PIXEL_STATS -p /home/hoinguyen/Documents/Vitis/UpConv_HLS/upconv_core/upconv_core_top/hls/.autopilot/db -o /home/hoinguyen/Documents/Vitis/UpConv_HLS/upconv_core/upconv_core_top/hls/.autopilot/db/UpConv_Fused_Row_8_Pipeline_PIXEL_STATS 
INFO: [HLS 200-10] ----------------------------------------------------------------
INFO: [HLS 200-10] -- Generating RTL for module 'UpConv_Fused_Row_8_Pipeline_PIXEL_NORM' 
INFO: [HLS 200-10] ----------------------------------------------------------------
Execute       create_rtl_model UpConv_Fused_Row<8>_Pipeline_PIXEL_NORM -top_prefix upconv_core_top_ -sub_prefix upconv_core_top_ -mg_file /home/hoinguyen/Documents/Vitis/UpConv_HLS/upconv_core/upconv_core_top/hls/.autopilot/db/UpConv_Fused_Row_8_Pipeline_PIXEL_NORM.compgen.tcl 
INFO: [HLS 200-1030] Apply Unified Pipeline Control on module 'UpConv_Fused_Row_8_Pipeline_PIXEL_NORM' pipeline 'PIXEL_NORM' pipeline type 'loop pipeline'
INFO: [RTGEN 206-100] Generating core module 'hadd_16ns_16ns_16_5_full_dsp_1': 16 instance(s).
INFO: [RTGEN 206-100] Generating core module 'hcmp_16ns_16ns_1_2_no_dsp_1': 16 instance(s).
INFO: [RTGEN 206-100] Generating core module 'hmul_16ns_16ns_16_4_max_dsp_1': 32 instance(s).
INFO: [RTGEN 206-100] Generating core module 'hsub_16ns_16ns_16_5_full_dsp_1': 16 instance(s).
INFO: [RTGEN 206-100] Generating core module 'mul_32s_5ns_32_2_1': 1 instance(s).
INFO: [RTGEN 206-100] Generating core module 'sptohp_32ns_16_2_no_dsp_1': 1 instance(s).
INFO: [RTGEN 206-100] Finished creating RTL model for 'UpConv_Fused_Row_8_Pipeline_PIXEL_NORM'.
Command       create_rtl_model done; 0.11 sec.
INFO: [HLS 200-111] Finished Creating RTL model: CPU user time: 0.28 seconds. CPU system time: 0.02 seconds. Elapsed time: 0.29 seconds; current allocated memory: 623.039 MB.
Execute       source /home/hoinguyen/Documents/Vitis/UpConv_HLS/upconv_core/upconv_core_top/hls/.autopilot/db/upconv_core_top.rtl_wrap.cfg.tcl 
Execute       gen_rtl UpConv_Fused_Row<8>_Pipeline_PIXEL_NORM -style xilinx -f -lang vhdl -o /home/hoinguyen/Documents/Vitis/UpConv_HLS/upconv_core/upconv_core_top/hls/syn/vhdl/upconv_core_top_UpConv_Fused_Row_8_Pipeline_PIXEL_NORM 
Execute       gen_rtl UpConv_Fused_Row<8>_Pipeline_PIXEL_NORM -style xilinx -f -lang vlog -o /home/hoinguyen/Documents/Vitis/UpConv_HLS/upconv_core/upconv_core_top/hls/syn/verilog/upconv_core_top_UpConv_Fused_Row_8_Pipeline_PIXEL_NORM 
Execute       syn_report -csynth -model UpConv_Fused_Row<8>_Pipeline_PIXEL_NORM -o /home/hoinguyen/Documents/Vitis/UpConv_HLS/upconv_core/upconv_core_top/hls/syn/report/UpConv_Fused_Row_8_Pipeline_PIXEL_NORM_csynth.rpt 
Execute         list_part -family xczu7ev-ffvc1156-2-e 
Execute           ap_family_info -name xczu7ev-ffvc1156-2-e -data names 
Execute           ap_part_info -quiet -name xczu7ev-ffvc1156-2-e -data family 
Execute       syn_report -rtlxml -model UpConv_Fused_Row<8>_Pipeline_PIXEL_NORM -o /home/hoinguyen/Documents/Vitis/UpConv_HLS/upconv_core/upconv_core_top/hls/syn/report/UpConv_Fused_Row_8_Pipeline_PIXEL_NORM_csynth.xml 
Execute         list_part -family xczu7ev-ffvc1156-2-e 
Execute           ap_family_info -name xczu7ev-ffvc1156-2-e -data names 
Execute           ap_part_info -quiet -name xczu7ev-ffvc1156-2-e -data family 
Execute       syn_report -verbosereport -model UpConv_Fused_Row<8>_Pipeline_PIXEL_NORM -o /home/hoinguyen/Documents/Vitis/UpConv_HLS/upconv_core/upconv_core_top/hls/.autopilot/db/UpConv_Fused_Row_8_Pipeline_PIXEL_NORM.verbose.rpt 
Execute         list_part -family xczu7ev-ffvc1156-2-e 
Execute           ap_family_info -name xczu7ev-ffvc1156-2-e -data names 
Execute           ap_part_info -quiet -name xczu7ev-ffvc1156-2-e -data family 
Execute       db_write -model UpConv_Fused_Row<8>_Pipeline_PIXEL_NORM -f -o /home/hoinguyen/Documents/Vitis/UpConv_HLS/upconv_core/upconv_core_top/hls/.autopilot/db/UpConv_Fused_Row_8_Pipeline_PIXEL_NORM.adb 
Execute       db_write -model UpConv_Fused_Row<8>_Pipeline_PIXEL_NORM -bindview -o /home/hoinguyen/Documents/Vitis/UpConv_HLS/upconv_core/upconv_core_top/hls/.autopilot/db/design.bindinfo.xml 
Execute       gen_tb_info UpConv_Fused_Row<8>_Pipeline_PIXEL_NORM -p /home/hoinguyen/Documents/Vitis/UpConv_HLS/upconv_core/upconv_core_top/hls/.autopilot/db -o /home/hoinguyen/Documents/Vitis/UpConv_HLS/upconv_core/upconv_core_top/hls/.autopilot/db/UpConv_Fused_Row_8_Pipeline_PIXEL_NORM 
INFO: [HLS 200-10] ----------------------------------------------------------------
INFO: [HLS 200-10] -- Generating RTL for module 'UpConv_Fused_Row_8_s' 
INFO: [HLS 200-10] ----------------------------------------------------------------
Execute       create_rtl_model UpConv_Fused_Row<8> -top_prefix upconv_core_top_ -sub_prefix upconv_core_top_ -mg_file /home/hoinguyen/Documents/Vitis/UpConv_HLS/upconv_core/upconv_core_top/hls/.autopilot/db/UpConv_Fused_Row_8_s.compgen.tcl 
INFO: [SYN 201-210] Renamed object name 'UpConv_Fused_Row_8_s_void_UpConv_Fused_Row_ap_uint_ap_uint_const_ap_uint_const_ap_uint_const_ap_u_9_RAM_T2P_URAM_1R1W' to 'UpConv_Fused_Row_8_s_void_UpConv_Fused_Row_ap_uint_ap_uint_const_ap_uint_consbkb' due to the length limit 80
INFO: [SYN 201-210] Renamed object name 'UpConv_Fused_Row_8_s_void_UpConv_Fused_Row_ap_uint_ap_uint_const_ap_uint_const_ap_uint_const_ap_u_8_RAM_T2P_URAM_1R1W' to 'UpConv_Fused_Row_8_s_void_UpConv_Fused_Row_ap_uint_ap_uint_const_ap_uint_conscud' due to the length limit 80
INFO: [SYN 201-210] Renamed object name 'UpConv_Fused_Row_8_s_void_UpConv_Fused_Row_ap_uint_ap_uint_const_ap_uint_const_ap_uint_const_ap_u_7_RAM_T2P_URAM_1R1W' to 'UpConv_Fused_Row_8_s_void_UpConv_Fused_Row_ap_uint_ap_uint_const_ap_uint_consdEe' due to the length limit 80
INFO: [SYN 201-210] Renamed object name 'UpConv_Fused_Row_8_s_void_UpConv_Fused_Row_ap_uint_ap_uint_const_ap_uint_const_ap_uint_const_ap_u_6_RAM_T2P_URAM_1R1W' to 'UpConv_Fused_Row_8_s_void_UpConv_Fused_Row_ap_uint_ap_uint_const_ap_uint_conseOg' due to the length limit 80
INFO: [SYN 201-210] Renamed object name 'UpConv_Fused_Row_8_s_void_UpConv_Fused_Row_ap_uint_ap_uint_const_ap_uint_const_ap_uint_const_ap_u_5_RAM_T2P_URAM_1R1W' to 'UpConv_Fused_Row_8_s_void_UpConv_Fused_Row_ap_uint_ap_uint_const_ap_uint_consfYi' due to the length limit 80
INFO: [SYN 201-210] Renamed object name 'UpConv_Fused_Row_8_s_void_UpConv_Fused_Row_ap_uint_ap_uint_const_ap_uint_const_ap_uint_const_ap_u_4_RAM_T2P_URAM_1R1W' to 'UpConv_Fused_Row_8_s_void_UpConv_Fused_Row_ap_uint_ap_uint_const_ap_uint_consg8j' due to the length limit 80
INFO: [SYN 201-210] Renamed object name 'UpConv_Fused_Row_8_s_void_UpConv_Fused_Row_ap_uint_ap_uint_const_ap_uint_const_ap_uint_const_ap_u_3_RAM_T2P_URAM_1R1W' to 'UpConv_Fused_Row_8_s_void_UpConv_Fused_Row_ap_uint_ap_uint_const_ap_uint_conshbi' due to the length limit 80
INFO: [SYN 201-210] Renamed object name 'UpConv_Fused_Row_8_s_void_UpConv_Fused_Row_ap_uint_ap_uint_const_ap_uint_const_ap_uint_const_ap_u_2_RAM_T2P_URAM_1R1W' to 'UpConv_Fused_Row_8_s_void_UpConv_Fused_Row_ap_uint_ap_uint_const_ap_uint_consibs' due to the length limit 80
INFO: [SYN 201-210] Renamed object name 'UpConv_Fused_Row_8_s_void_UpConv_Fused_Row_ap_uint_ap_uint_const_ap_uint_const_ap_uint_const_ap_u_1_RAM_T2P_URAM_1R1W' to 'UpConv_Fused_Row_8_s_void_UpConv_Fused_Row_ap_uint_ap_uint_const_ap_uint_consjbC' due to the length limit 80
INFO: [SYN 201-210] Renamed object name 'UpConv_Fused_Row_8_s_void_UpConv_Fused_Row_ap_uint_ap_uint_const_ap_uint_const_ap_uint_const_ap_u_RAM_T2P_URAM_1R1W' to 'UpConv_Fused_Row_8_s_void_UpConv_Fused_Row_ap_uint_ap_uint_const_ap_uint_conskbM' due to the length limit 80
INFO: [SYN 201-210] Renamed object name 'UpConv_Fused_Row_8_s_void_UpConv_Fused_Row_8_ap_uint_256_ap_uint_256_const_ap_uint_256_const_ap_uint_256_const_ap_uint_256_const_ap_uint_256_decimal16_int_int_int_int_int_row_acc_RAM_T2P_URAM_1R1W' to 'UpConv_Fused_Row_8_s_void_UpConv_Fused_Row_8_ap_uint_256_ap_uint_256_const_aplbW' due to the length limit 80
INFO: [SYN 201-210] Renamed object name 'UpConv_Fused_Row_8_s_void_UpConv_Fused_Row_8_ap_uint_256_ap_uint_256_const_ap_uint_256_const_ap_uint_256_const_ap_uint_256_const_ap_uint_256_decimal16_int_int_int_int_int_row_acc_0_RAM_T2P_URAM_1R1W' to 'UpConv_Fused_Row_8_s_void_UpConv_Fused_Row_8_ap_uint_256_ap_uint_256_const_apmb6' due to the length limit 80
INFO: [SYN 201-210] Renamed object name 'UpConv_Fused_Row_8_s_void_UpConv_Fused_Row_8_ap_uint_256_ap_uint_256_const_ap_uint_256_const_ap_uint_256_const_ap_uint_256_const_ap_uint_256_decimal16_int_int_int_int_int_row_acc_1_RAM_T2P_URAM_1R1W' to 'UpConv_Fused_Row_8_s_void_UpConv_Fused_Row_8_ap_uint_256_ap_uint_256_const_apncg' due to the length limit 80
INFO: [SYN 201-210] Renamed object name 'UpConv_Fused_Row_8_s_void_UpConv_Fused_Row_8_ap_uint_256_ap_uint_256_const_ap_uint_256_const_ap_uint_256_const_ap_uint_256_const_ap_uint_256_decimal16_int_int_int_int_int_row_acc_2_RAM_T2P_URAM_1R1W' to 'UpConv_Fused_Row_8_s_void_UpConv_Fused_Row_8_ap_uint_256_ap_uint_256_const_apocq' due to the length limit 80
INFO: [SYN 201-210] Renamed object name 'UpConv_Fused_Row_8_s_void_UpConv_Fused_Row_8_ap_uint_256_ap_uint_256_const_ap_uint_256_const_ap_uint_256_const_ap_uint_256_const_ap_uint_256_decimal16_int_int_int_int_int_row_acc_3_RAM_T2P_URAM_1R1W' to 'UpConv_Fused_Row_8_s_void_UpConv_Fused_Row_8_ap_uint_256_ap_uint_256_const_appcA' due to the length limit 80
INFO: [SYN 201-210] Renamed object name 'UpConv_Fused_Row_8_s_void_UpConv_Fused_Row_8_ap_uint_256_ap_uint_256_const_ap_uint_256_const_ap_uint_256_const_ap_uint_256_const_ap_uint_256_decimal16_int_int_int_int_int_row_acc_4_RAM_T2P_URAM_1R1W' to 'UpConv_Fused_Row_8_s_void_UpConv_Fused_Row_8_ap_uint_256_ap_uint_256_const_apqcK' due to the length limit 80
INFO: [RTGEN 206-100] Generating core module 'hadd_16ns_16ns_16_5_full_dsp_1': 1 instance(s).
INFO: [RTGEN 206-100] Generating core module 'hptosp_16ns_32_2_no_dsp_1': 1 instance(s).
INFO: [RTGEN 206-100] Generating core module 'mul_8ns_5ns_12_1_1': 1 instance(s).
INFO: [RTGEN 206-100] Generating core module 'mul_8ns_8ns_15_1_1': 1 instance(s).
INFO: [RTGEN 206-100] Generating core module 'mul_9ns_8ns_16_1_1': 1 instance(s).
INFO: [RTGEN 206-100] Generating core module 'sitofp_32ns_32_7_no_dsp_1': 1 instance(s).
INFO: [RTGEN 206-100] Generating core module 'sptohp_32ns_16_2_no_dsp_1': 1 instance(s).
INFO: [RTGEN 206-100] Finished creating RTL model for 'UpConv_Fused_Row_8_s'.
INFO: [RTMG 210-278] Implementing memory 'upconv_core_top_UpConv_Fused_Row_8_s_void_UpConv_Fused_Row_ap_uint_ap_uint_const_ap_uint_consbkb' using ultra RAMs.
INFO: [RTMG 210-278] Implementing memory 'upconv_core_top_UpConv_Fused_Row_8_s_mean_buf_RAM_2P_LUTRAM_1R1W' using distributed RAMs.
INFO: [RTMG 210-278] Implementing memory 'upconv_core_top_UpConv_Fused_Row_8_s_inv_buf_RAM_2P_LUTRAM_1R1W' using distributed RAMs.
INFO: [RTMG 210-278] Implementing memory 'upconv_core_top_UpConv_Fused_Row_8_s_b_buf_RAM_T2P_BRAM_1R1W' using block RAMs.
Command       create_rtl_model done; 0.12 sec.
INFO: [HLS 200-111] Finished Creating RTL model: CPU user time: 0.26 seconds. CPU system time: 0.01 seconds. Elapsed time: 0.27 seconds; current allocated memory: 634.484 MB.
Execute       source /home/hoinguyen/Documents/Vitis/UpConv_HLS/upconv_core/upconv_core_top/hls/.autopilot/db/upconv_core_top.rtl_wrap.cfg.tcl 
Execute       gen_rtl UpConv_Fused_Row<8> -style xilinx -f -lang vhdl -o /home/hoinguyen/Documents/Vitis/UpConv_HLS/upconv_core/upconv_core_top/hls/syn/vhdl/upconv_core_top_UpConv_Fused_Row_8_s 
Execute       gen_rtl UpConv_Fused_Row<8> -style xilinx -f -lang vlog -o /home/hoinguyen/Documents/Vitis/UpConv_HLS/upconv_core/upconv_core_top/hls/syn/verilog/upconv_core_top_UpConv_Fused_Row_8_s 
Execute       syn_report -csynth -model UpConv_Fused_Row<8> -o /home/hoinguyen/Documents/Vitis/UpConv_HLS/upconv_core/upconv_core_top/hls/syn/report/UpConv_Fused_Row_8_s_csynth.rpt 
Execute         list_part -family xczu7ev-ffvc1156-2-e 
Execute           ap_family_info -name xczu7ev-ffvc1156-2-e -data names 
Execute           ap_part_info -quiet -name xczu7ev-ffvc1156-2-e -data family 
Execute       syn_report -rtlxml -model UpConv_Fused_Row<8> -o /home/hoinguyen/Documents/Vitis/UpConv_HLS/upconv_core/upconv_core_top/hls/syn/report/UpConv_Fused_Row_8_s_csynth.xml 
Execute         list_part -family xczu7ev-ffvc1156-2-e 
Execute           ap_family_info -name xczu7ev-ffvc1156-2-e -data names 
Execute           ap_part_info -quiet -name xczu7ev-ffvc1156-2-e -data family 
Execute       syn_report -verbosereport -model UpConv_Fused_Row<8> -o /home/hoinguyen/Documents/Vitis/UpConv_HLS/upconv_core/upconv_core_top/hls/.autopilot/db/UpConv_Fused_Row_8_s.verbose.rpt 
Execute         list_part -family xczu7ev-ffvc1156-2-e 
Execute           ap_family_info -name xczu7ev-ffvc1156-2-e -data names 
Execute           ap_part_info -quiet -name xczu7ev-ffvc1156-2-e -data family 
Execute       db_write -model UpConv_Fused_Row<8> -f -o /home/hoinguyen/Documents/Vitis/UpConv_HLS/upconv_core/upconv_core_top/hls/.autopilot/db/UpConv_Fused_Row_8_s.adb 
Execute       db_write -model UpConv_Fused_Row<8> -bindview -o /home/hoinguyen/Documents/Vitis/UpConv_HLS/upconv_core/upconv_core_top/hls/.autopilot/db/design.bindinfo.xml 
Execute       gen_tb_info UpConv_Fused_Row<8> -p /home/hoinguyen/Documents/Vitis/UpConv_HLS/upconv_core/upconv_core_top/hls/.autopilot/db -o /home/hoinguyen/Documents/Vitis/UpConv_HLS/upconv_core/upconv_core_top/hls/.autopilot/db/UpConv_Fused_Row_8_s 
INFO: [HLS 200-10] ----------------------------------------------------------------
INFO: [HLS 200-10] -- Generating RTL for module 'upconv_core_top_Pipeline_LOAD_ROW_VITIS_LOOP_72_2' 
INFO: [HLS 200-10] ----------------------------------------------------------------
Execute       create_rtl_model upconv_core_top_Pipeline_LOAD_ROW_VITIS_LOOP_72_2 -top_prefix upconv_core_top_ -sub_prefix upconv_core_top_ -mg_file /home/hoinguyen/Documents/Vitis/UpConv_HLS/upconv_core/upconv_core_top/hls/.autopilot/db/upconv_core_top_Pipeline_LOAD_ROW_VITIS_LOOP_72_2.compgen.tcl 
INFO: [HLS 200-1030] Apply Unified Pipeline Control on module 'upconv_core_top_Pipeline_LOAD_ROW_VITIS_LOOP_72_2' pipeline 'LOAD_ROW_VITIS_LOOP_72_2' pipeline type 'loop pipeline'
WARNING: [RTGEN 206-101] Setting dangling out port 'upconv_core_top_Pipeline_LOAD_ROW_VITIS_LOOP_72_2/m_axi_gmem_in_0_ARVALID' to 0.
WARNING: [RTGEN 206-101] Setting dangling out port 'upconv_core_top_Pipeline_LOAD_ROW_VITIS_LOOP_72_2/m_axi_gmem_in_0_ARADDR' to 0.
WARNING: [RTGEN 206-101] Setting dangling out port 'upconv_core_top_Pipeline_LOAD_ROW_VITIS_LOOP_72_2/m_axi_gmem_in_0_ARID' to 0.
WARNING: [RTGEN 206-101] Setting dangling out port 'upconv_core_top_Pipeline_LOAD_ROW_VITIS_LOOP_72_2/m_axi_gmem_in_0_ARLEN' to 0.
WARNING: [RTGEN 206-101] Setting dangling out port 'upconv_core_top_Pipeline_LOAD_ROW_VITIS_LOOP_72_2/m_axi_gmem_in_0_ARSIZE' to 0.
WARNING: [RTGEN 206-101] Setting dangling out port 'upconv_core_top_Pipeline_LOAD_ROW_VITIS_LOOP_72_2/m_axi_gmem_in_0_ARBURST' to 0.
WARNING: [RTGEN 206-101] Setting dangling out port 'upconv_core_top_Pipeline_LOAD_ROW_VITIS_LOOP_72_2/m_axi_gmem_in_0_ARLOCK' to 0.
WARNING: [RTGEN 206-101] Setting dangling out port 'upconv_core_top_Pipeline_LOAD_ROW_VITIS_LOOP_72_2/m_axi_gmem_in_0_ARCACHE' to 0.
WARNING: [RTGEN 206-101] Setting dangling out port 'upconv_core_top_Pipeline_LOAD_ROW_VITIS_LOOP_72_2/m_axi_gmem_in_0_ARPROT' to 0.
WARNING: [RTGEN 206-101] Setting dangling out port 'upconv_core_top_Pipeline_LOAD_ROW_VITIS_LOOP_72_2/m_axi_gmem_in_0_ARQOS' to 0.
WARNING: [RTGEN 206-101] Setting dangling out port 'upconv_core_top_Pipeline_LOAD_ROW_VITIS_LOOP_72_2/m_axi_gmem_in_0_ARREGION' to 0.
WARNING: [RTGEN 206-101] Setting dangling out port 'upconv_core_top_Pipeline_LOAD_ROW_VITIS_LOOP_72_2/m_axi_gmem_in_0_ARUSER' to 0.
INFO: [RTGEN 206-100] Generating core module 'ama_addmuladd_8ns_8ns_6ns_6ns_11_4_1': 1 instance(s).
INFO: [RTGEN 206-100] Finished creating RTL model for 'upconv_core_top_Pipeline_LOAD_ROW_VITIS_LOOP_72_2'.
INFO: [HLS 200-111] Finished Creating RTL model: CPU user time: 0.15 seconds. CPU system time: 0.01 seconds. Elapsed time: 0.16 seconds; current allocated memory: 636.969 MB.
Execute       source /home/hoinguyen/Documents/Vitis/UpConv_HLS/upconv_core/upconv_core_top/hls/.autopilot/db/upconv_core_top.rtl_wrap.cfg.tcl 
Execute       gen_rtl upconv_core_top_Pipeline_LOAD_ROW_VITIS_LOOP_72_2 -style xilinx -f -lang vhdl -o /home/hoinguyen/Documents/Vitis/UpConv_HLS/upconv_core/upconv_core_top/hls/syn/vhdl/upconv_core_top_upconv_core_top_Pipeline_LOAD_ROW_VITIS_LOOP_72_2 
Execute       gen_rtl upconv_core_top_Pipeline_LOAD_ROW_VITIS_LOOP_72_2 -style xilinx -f -lang vlog -o /home/hoinguyen/Documents/Vitis/UpConv_HLS/upconv_core/upconv_core_top/hls/syn/verilog/upconv_core_top_upconv_core_top_Pipeline_LOAD_ROW_VITIS_LOOP_72_2 
Execute       syn_report -csynth -model upconv_core_top_Pipeline_LOAD_ROW_VITIS_LOOP_72_2 -o /home/hoinguyen/Documents/Vitis/UpConv_HLS/upconv_core/upconv_core_top/hls/syn/report/upconv_core_top_Pipeline_LOAD_ROW_VITIS_LOOP_72_2_csynth.rpt 
Execute         list_part -family xczu7ev-ffvc1156-2-e 
Execute           ap_family_info -name xczu7ev-ffvc1156-2-e -data names 
Execute           ap_part_info -quiet -name xczu7ev-ffvc1156-2-e -data family 
Execute       syn_report -rtlxml -model upconv_core_top_Pipeline_LOAD_ROW_VITIS_LOOP_72_2 -o /home/hoinguyen/Documents/Vitis/UpConv_HLS/upconv_core/upconv_core_top/hls/syn/report/upconv_core_top_Pipeline_LOAD_ROW_VITIS_LOOP_72_2_csynth.xml 
Execute         list_part -family xczu7ev-ffvc1156-2-e 
Execute           ap_family_info -name xczu7ev-ffvc1156-2-e -data names 
Execute           ap_part_info -quiet -name xczu7ev-ffvc1156-2-e -data family 
Execute       syn_report -verbosereport -model upconv_core_top_Pipeline_LOAD_ROW_VITIS_LOOP_72_2 -o /home/hoinguyen/Documents/Vitis/UpConv_HLS/upconv_core/upconv_core_top/hls/.autopilot/db/upconv_core_top_Pipeline_LOAD_ROW_VITIS_LOOP_72_2.verbose.rpt 
Execute         list_part -family xczu7ev-ffvc1156-2-e 
Execute           ap_family_info -name xczu7ev-ffvc1156-2-e -data names 
Execute           ap_part_info -quiet -name xczu7ev-ffvc1156-2-e -data family 
Execute       db_write -model upconv_core_top_Pipeline_LOAD_ROW_VITIS_LOOP_72_2 -f -o /home/hoinguyen/Documents/Vitis/UpConv_HLS/upconv_core/upconv_core_top/hls/.autopilot/db/upconv_core_top_Pipeline_LOAD_ROW_VITIS_LOOP_72_2.adb 
Execute       db_write -model upconv_core_top_Pipeline_LOAD_ROW_VITIS_LOOP_72_2 -bindview -o /home/hoinguyen/Documents/Vitis/UpConv_HLS/upconv_core/upconv_core_top/hls/.autopilot/db/design.bindinfo.xml 
Execute       gen_tb_info upconv_core_top_Pipeline_LOAD_ROW_VITIS_LOOP_72_2 -p /home/hoinguyen/Documents/Vitis/UpConv_HLS/upconv_core/upconv_core_top/hls/.autopilot/db -o /home/hoinguyen/Documents/Vitis/UpConv_HLS/upconv_core/upconv_core_top/hls/.autopilot/db/upconv_core_top_Pipeline_LOAD_ROW_VITIS_LOOP_72_2 
INFO: [HLS 200-10] ----------------------------------------------------------------
INFO: [HLS 200-10] -- Generating RTL for module 'upconv_core_top' 
INFO: [HLS 200-10] ----------------------------------------------------------------
Execute       create_rtl_model upconv_core_top -top_prefix  -sub_prefix upconv_core_top_ -mg_file /home/hoinguyen/Documents/Vitis/UpConv_HLS/upconv_core/upconv_core_top/hls/.autopilot/db/upconv_core_top.compgen.tcl 
WARNING: [RTGEN 206-101] Design contains AXI ports. Reset is fixed to synchronous and active low.
INFO: [RTGEN 206-500] Setting interface mode on port 'upconv_core_top/gmem_in' to 'm_axi'.
INFO: [RTGEN 206-500] Setting interface mode on port 'upconv_core_top/gmem_weight' to 'm_axi'.
INFO: [RTGEN 206-500] Setting interface mode on port 'upconv_core_top/gmem_param' to 'm_axi'.
INFO: [RTGEN 206-500] Setting interface mode on port 'upconv_core_top/gmem_out' to 'm_axi'.
INFO: [RTGEN 206-500] Setting interface mode on port 'upconv_core_top/X' to 's_axilite & ap_none'.
INFO: [RTGEN 206-500] Setting interface mode on port 'upconv_core_top/W' to 's_axilite & ap_none'.
INFO: [RTGEN 206-500] Setting interface mode on port 'upconv_core_top/B' to 's_axilite & ap_none'.
INFO: [RTGEN 206-500] Setting interface mode on port 'upconv_core_top/G' to 's_axilite & ap_none'.
INFO: [RTGEN 206-500] Setting interface mode on port 'upconv_core_top/BE' to 's_axilite & ap_none'.
INFO: [RTGEN 206-500] Setting interface mode on port 'upconv_core_top/Y' to 's_axilite & ap_none'.
INFO: [RTGEN 206-500] Setting interface mode on port 'upconv_core_top/epsilon' to 's_axilite & ap_none'.
INFO: [RTGEN 206-500] Setting interface mode on port 'upconv_core_top/mode' to 's_axilite & ap_none'.
INFO: [RTGEN 206-500] Setting interface mode on function 'upconv_core_top' to 's_axilite & ap_ctrl_hs'.
INFO: [RTGEN 206-100] Bundling port 'X', 'W', 'B', 'G', 'BE', 'Y', 'epsilon', 'mode' and 'return' to AXI-Lite port control.
INFO: [RTGEN 206-100] Generating core module 'mac_muladd_14ns_7ns_14ns_20_4_1': 1 instance(s).
INFO: [RTGEN 206-100] Generating core module 'mul_6ns_8ns_14_1_1': 1 instance(s).
INFO: [RTGEN 206-100] Generating core module 'sparsemux_9_32_10_1_1': 1 instance(s).
INFO: [RTGEN 206-100] Generating core module 'sparsemux_9_32_8_1_1': 1 instance(s).
INFO: [RTGEN 206-100] Generating core module 'sparsemux_9_32_9_1_1': 1 instance(s).
INFO: [RTGEN 206-100] Finished creating RTL model for 'upconv_core_top'.
INFO: [RTMG 210-278] Implementing memory 'upconv_core_top_x_buf_RAM_T2P_URAM_1R1W' using ultra RAMs.
Command       create_rtl_model done; 0.11 sec.
INFO: [HLS 200-111] Finished Creating RTL model: CPU user time: 0.15 seconds. CPU system time: 0.01 seconds. Elapsed time: 0.15 seconds; current allocated memory: 641.020 MB.
Execute       source /home/hoinguyen/Documents/Vitis/UpConv_HLS/upconv_core/upconv_core_top/hls/.autopilot/db/upconv_core_top.rtl_wrap.cfg.tcl 
Execute       gen_rtl upconv_core_top -istop -style xilinx -f -lang vhdl -o /home/hoinguyen/Documents/Vitis/UpConv_HLS/upconv_core/upconv_core_top/hls/syn/vhdl/upconv_core_top 
Execute       gen_rtl upconv_core_top -istop -style xilinx -f -lang vlog -o /home/hoinguyen/Documents/Vitis/UpConv_HLS/upconv_core/upconv_core_top/hls/syn/verilog/upconv_core_top 
Execute       syn_report -csynth -model upconv_core_top -o /home/hoinguyen/Documents/Vitis/UpConv_HLS/upconv_core/upconv_core_top/hls/syn/report/upconv_core_top_csynth.rpt 
Execute         list_part -family xczu7ev-ffvc1156-2-e 
Execute           ap_family_info -name xczu7ev-ffvc1156-2-e -data names 
Execute           ap_part_info -quiet -name xczu7ev-ffvc1156-2-e -data family 
Execute       syn_report -rtlxml -model upconv_core_top -o /home/hoinguyen/Documents/Vitis/UpConv_HLS/upconv_core/upconv_core_top/hls/syn/report/upconv_core_top_csynth.xml 
Execute         list_part -family xczu7ev-ffvc1156-2-e 
Execute           ap_family_info -name xczu7ev-ffvc1156-2-e -data names 
Execute           ap_part_info -quiet -name xczu7ev-ffvc1156-2-e -data family 
Execute       syn_report -verbosereport -model upconv_core_top -o /home/hoinguyen/Documents/Vitis/UpConv_HLS/upconv_core/upconv_core_top/hls/.autopilot/db/upconv_core_top.verbose.rpt 
Execute         list_part -family xczu7ev-ffvc1156-2-e 
Execute           ap_family_info -name xczu7ev-ffvc1156-2-e -data names 
Execute           ap_part_info -quiet -name xczu7ev-ffvc1156-2-e -data family 
Execute       db_write -model upconv_core_top -f -o /home/hoinguyen/Documents/Vitis/UpConv_HLS/upconv_core/upconv_core_top/hls/.autopilot/db/upconv_core_top.adb 
Execute       db_write -model upconv_core_top -bindview -o /home/hoinguyen/Documents/Vitis/UpConv_HLS/upconv_core/upconv_core_top/hls/.autopilot/db/design.bindinfo.xml 
Execute       gen_tb_info upconv_core_top -p /home/hoinguyen/Documents/Vitis/UpConv_HLS/upconv_core/upconv_core_top/hls/.autopilot/db -o /home/hoinguyen/Documents/Vitis/UpConv_HLS/upconv_core/upconv_core_top/hls/.autopilot/db/upconv_core_top 
Execute       export_constraint_db -f -tool general -o /home/hoinguyen/Documents/Vitis/UpConv_HLS/upconv_core/upconv_core_top/hls/.autopilot/db/upconv_core_top.constraint.tcl 
Execute       syn_report -designview -model upconv_core_top -o /home/hoinguyen/Documents/Vitis/UpConv_HLS/upconv_core/upconv_core_top/hls/.autopilot/db/upconv_core_top.design.xml 
Command       syn_report done; 0.12 sec.
Execute       syn_report -csynthDesign -model upconv_core_top -o /home/hoinguyen/Documents/Vitis/UpConv_HLS/upconv_core/upconv_core_top/hls/syn/report/csynth.rpt -MHOut /home/hoinguyen/Documents/Vitis/UpConv_HLS/upconv_core/upconv_core_top/hls/.autopilot/db/kernel_module_hierarchy.tcl 
Execute         list_part -family xczu7ev-ffvc1156-2-e 
Execute           ap_family_info -name xczu7ev-ffvc1156-2-e -data names 
Execute           ap_part_info -quiet -name xczu7ev-ffvc1156-2-e -data family 
Execute       syn_report -wcfg -model upconv_core_top -o /home/hoinguyen/Documents/Vitis/UpConv_HLS/upconv_core/upconv_core_top/hls/.autopilot/db/upconv_core_top_dataflow_ana.wcfg 
Execute       syn_report -protoinst -model upconv_core_top -o /home/hoinguyen/Documents/Vitis/UpConv_HLS/upconv_core/upconv_core_top/hls/.autopilot/db/upconv_core_top.protoinst 
Execute       sc_get_clocks upconv_core_top 
Execute       sc_get_portdomain upconv_core_top 
INFO-FLOW: Model list for RTL component generation: upconv_core_top_Pipeline_LOAD_ROW0_VITIS_LOOP_58_1 UpConv_Fused_Row<8>_Pipeline_RESET_ROW_ACC entry_proc uc_load_tile<8>2_Pipeline_W_FLAT uc_load_tile<8>2 uc_compute_tile<8>3_Pipeline_KW_LOOP_FLAT_LOOP uc_compute_tile<8>3 dataflow_in_loop_TILE_LOOP.1 dataflow_parent_loop_proc UpConv_Fused_Row<8>_Pipeline_LOAD_PARAMS UpConv_Fused_Row<8>_Pipeline_PIXEL_STATS UpConv_Fused_Row<8>_Pipeline_PIXEL_NORM UpConv_Fused_Row<8> upconv_core_top_Pipeline_LOAD_ROW_VITIS_LOOP_72_2 upconv_core_top
INFO-FLOW: Handling components in module [upconv_core_top_Pipeline_LOAD_ROW0_VITIS_LOOP_58_1] ... 
Execute       source /home/hoinguyen/Documents/Vitis/UpConv_HLS/upconv_core/upconv_core_top/hls/.autopilot/db/upconv_core_top_Pipeline_LOAD_ROW0_VITIS_LOOP_58_1.compgen.tcl 
INFO-FLOW: Found component upconv_core_top_mac_muladd_8ns_6ns_6ns_11_4_1.
INFO-FLOW: Append model upconv_core_top_mac_muladd_8ns_6ns_6ns_11_4_1
INFO-FLOW: Found component upconv_core_top_flow_control_loop_pipe_sequential_init.
INFO-FLOW: Append model upconv_core_top_flow_control_loop_pipe_sequential_init
INFO-FLOW: Handling components in module [UpConv_Fused_Row_8_Pipeline_RESET_ROW_ACC] ... 
Execute       source /home/hoinguyen/Documents/Vitis/UpConv_HLS/upconv_core/upconv_core_top/hls/.autopilot/db/UpConv_Fused_Row_8_Pipeline_RESET_ROW_ACC.compgen.tcl 
INFO-FLOW: Found component upconv_core_top_flow_control_loop_pipe_sequential_init.
INFO-FLOW: Append model upconv_core_top_flow_control_loop_pipe_sequential_init
INFO-FLOW: Handling components in module [entry_proc] ... 
Execute       source /home/hoinguyen/Documents/Vitis/UpConv_HLS/upconv_core/upconv_core_top/hls/.autopilot/db/entry_proc.compgen.tcl 
INFO-FLOW: Handling components in module [uc_load_tile_8_2_Pipeline_W_FLAT] ... 
Execute       source /home/hoinguyen/Documents/Vitis/UpConv_HLS/upconv_core/upconv_core_top/hls/.autopilot/db/uc_load_tile_8_2_Pipeline_W_FLAT.compgen.tcl 
INFO-FLOW: Found component upconv_core_top_flow_control_loop_pipe_sequential_init.
INFO-FLOW: Append model upconv_core_top_flow_control_loop_pipe_sequential_init
INFO-FLOW: Handling components in module [uc_load_tile_8_2] ... 
Execute       source /home/hoinguyen/Documents/Vitis/UpConv_HLS/upconv_core/upconv_core_top/hls/.autopilot/db/uc_load_tile_8_2.compgen.tcl 
INFO-FLOW: Found component upconv_core_top_mul_15ns_9ns_24_1_1.
INFO-FLOW: Append model upconv_core_top_mul_15ns_9ns_24_1_1
INFO-FLOW: Handling components in module [uc_compute_tile_8_3_Pipeline_KW_LOOP_FLAT_LOOP] ... 
Execute       source /home/hoinguyen/Documents/Vitis/UpConv_HLS/upconv_core/upconv_core_top/hls/.autopilot/db/uc_compute_tile_8_3_Pipeline_KW_LOOP_FLAT_LOOP.compgen.tcl 
INFO-FLOW: Found component upconv_core_top_hadd_16ns_16ns_16_5_full_dsp_1.
INFO-FLOW: Append model upconv_core_top_hadd_16ns_16ns_16_5_full_dsp_1
INFO-FLOW: Found component upconv_core_top_hmul_16ns_16ns_16_4_no_dsp_1.
INFO-FLOW: Append model upconv_core_top_hmul_16ns_16ns_16_4_no_dsp_1
INFO-FLOW: Found component upconv_core_top_sparsemux_9_2_16_1_1.
INFO-FLOW: Append model upconv_core_top_sparsemux_9_2_16_1_1
INFO-FLOW: Found component upconv_core_top_flow_control_loop_pipe_sequential_init.
INFO-FLOW: Append model upconv_core_top_flow_control_loop_pipe_sequential_init
INFO-FLOW: Handling components in module [uc_compute_tile_8_3] ... 
Execute       source /home/hoinguyen/Documents/Vitis/UpConv_HLS/upconv_core/upconv_core_top/hls/.autopilot/db/uc_compute_tile_8_3.compgen.tcl 
INFO-FLOW: Found component upconv_core_top_mul_8ns_6ns_13_1_1.
INFO-FLOW: Append model upconv_core_top_mul_8ns_6ns_13_1_1
INFO-FLOW: Found component upconv_core_top_mul_8ns_6ns_11_1_1.
INFO-FLOW: Append model upconv_core_top_mul_8ns_6ns_11_1_1
INFO-FLOW: Handling components in module [dataflow_in_loop_TILE_LOOP_1] ... 
Execute       source /home/hoinguyen/Documents/Vitis/UpConv_HLS/upconv_core/upconv_core_top/hls/.autopilot/db/dataflow_in_loop_TILE_LOOP_1.compgen.tcl 
INFO-FLOW: Found component upconv_core_top_dataflow_in_loop_TILE_LOOP_1_wbuf_RAM_T2P_URAM_1R1W_memcore.
INFO-FLOW: Append model upconv_core_top_dataflow_in_loop_TILE_LOOP_1_wbuf_RAM_T2P_URAM_1R1W_memcore
INFO-FLOW: Found component upconv_core_top_dataflow_in_loop_TILE_LOOP_1_wbuf_RAM_T2P_URAM_1R1W.
INFO-FLOW: Append model upconv_core_top_dataflow_in_loop_TILE_LOOP_1_wbuf_RAM_T2P_URAM_1R1W
INFO-FLOW: Found component upconv_core_top_fifo_w8_d3_S.
INFO-FLOW: Append model upconv_core_top_fifo_w8_d3_S
INFO-FLOW: Found component upconv_core_top_fifo_w8_d3_S.
INFO-FLOW: Append model upconv_core_top_fifo_w8_d3_S
INFO-FLOW: Found component upconv_core_top_fifo_w8_d3_S.
INFO-FLOW: Append model upconv_core_top_fifo_w8_d3_S
INFO-FLOW: Found component upconv_core_top_fifo_w6_d2_S.
INFO-FLOW: Append model upconv_core_top_fifo_w6_d2_S
INFO-FLOW: Found component upconv_core_top_fifo_w9_d2_S.
INFO-FLOW: Append model upconv_core_top_fifo_w9_d2_S
INFO-FLOW: Found component upconv_core_top_fifo_w10_d2_S.
INFO-FLOW: Append model upconv_core_top_fifo_w10_d2_S
INFO-FLOW: Handling components in module [dataflow_parent_loop_proc] ... 
Execute       source /home/hoinguyen/Documents/Vitis/UpConv_HLS/upconv_core/upconv_core_top/hls/.autopilot/db/dataflow_parent_loop_proc.compgen.tcl 
INFO-FLOW: Handling components in module [UpConv_Fused_Row_8_Pipeline_LOAD_PARAMS] ... 
Execute       source /home/hoinguyen/Documents/Vitis/UpConv_HLS/upconv_core/upconv_core_top/hls/.autopilot/db/UpConv_Fused_Row_8_Pipeline_LOAD_PARAMS.compgen.tcl 
INFO-FLOW: Found component upconv_core_top_flow_control_loop_pipe_sequential_init.
INFO-FLOW: Append model upconv_core_top_flow_control_loop_pipe_sequential_init
INFO-FLOW: Handling components in module [UpConv_Fused_Row_8_Pipeline_PIXEL_STATS] ... 
Execute       source /home/hoinguyen/Documents/Vitis/UpConv_HLS/upconv_core/upconv_core_top/hls/.autopilot/db/UpConv_Fused_Row_8_Pipeline_PIXEL_STATS.compgen.tcl 
INFO-FLOW: Found component upconv_core_top_fadd_32ns_32ns_32_11_full_dsp_1.
INFO-FLOW: Append model upconv_core_top_fadd_32ns_32ns_32_11_full_dsp_1
INFO-FLOW: Found component upconv_core_top_fsub_32ns_32ns_32_11_full_dsp_1.
INFO-FLOW: Append model upconv_core_top_fsub_32ns_32ns_32_11_full_dsp_1
INFO-FLOW: Found component upconv_core_top_fmul_32ns_32ns_32_7_max_dsp_1.
INFO-FLOW: Append model upconv_core_top_fmul_32ns_32ns_32_7_max_dsp_1
INFO-FLOW: Found component upconv_core_top_fdiv_32ns_32ns_32_30_no_dsp_1.
INFO-FLOW: Append model upconv_core_top_fdiv_32ns_32ns_32_30_no_dsp_1
INFO-FLOW: Found component upconv_core_top_fsqrt_32ns_32ns_32_28_no_dsp_1.
INFO-FLOW: Append model upconv_core_top_fsqrt_32ns_32ns_32_28_no_dsp_1
INFO-FLOW: Found component upconv_core_top_partselect_16ns_256ns_32s_16_1_1.
INFO-FLOW: Append model upconv_core_top_partselect_16ns_256ns_32s_16_1_1
INFO-FLOW: Found component upconv_core_top_sparsemux_33_4_16_1_1.
INFO-FLOW: Append model upconv_core_top_sparsemux_33_4_16_1_1
INFO-FLOW: Found component upconv_core_top_sparsemux_17_3_32_1_1.
INFO-FLOW: Append model upconv_core_top_sparsemux_17_3_32_1_1
INFO-FLOW: Found component upconv_core_top_flow_control_loop_pipe_sequential_init.
INFO-FLOW: Append model upconv_core_top_flow_control_loop_pipe_sequential_init
INFO-FLOW: Handling components in module [UpConv_Fused_Row_8_Pipeline_PIXEL_NORM] ... 
Execute       source /home/hoinguyen/Documents/Vitis/UpConv_HLS/upconv_core/upconv_core_top/hls/.autopilot/db/UpConv_Fused_Row_8_Pipeline_PIXEL_NORM.compgen.tcl 
INFO-FLOW: Found component upconv_core_top_hsub_16ns_16ns_16_5_full_dsp_1.
INFO-FLOW: Append model upconv_core_top_hsub_16ns_16ns_16_5_full_dsp_1
INFO-FLOW: Found component upconv_core_top_hmul_16ns_16ns_16_4_max_dsp_1.
INFO-FLOW: Append model upconv_core_top_hmul_16ns_16ns_16_4_max_dsp_1
INFO-FLOW: Found component upconv_core_top_hcmp_16ns_16ns_1_2_no_dsp_1.
INFO-FLOW: Append model upconv_core_top_hcmp_16ns_16ns_1_2_no_dsp_1
INFO-FLOW: Found component upconv_core_top_mul_32s_5ns_32_2_1.
INFO-FLOW: Append model upconv_core_top_mul_32s_5ns_32_2_1
INFO-FLOW: Found component upconv_core_top_flow_control_loop_pipe_sequential_init.
INFO-FLOW: Append model upconv_core_top_flow_control_loop_pipe_sequential_init
INFO-FLOW: Handling components in module [UpConv_Fused_Row_8_s] ... 
Execute       source /home/hoinguyen/Documents/Vitis/UpConv_HLS/upconv_core/upconv_core_top/hls/.autopilot/db/UpConv_Fused_Row_8_s.compgen.tcl 
INFO-FLOW: Found component upconv_core_top_sitofp_32ns_32_7_no_dsp_1.
INFO-FLOW: Append model upconv_core_top_sitofp_32ns_32_7_no_dsp_1
INFO-FLOW: Found component upconv_core_top_hptosp_16ns_32_2_no_dsp_1.
INFO-FLOW: Append model upconv_core_top_hptosp_16ns_32_2_no_dsp_1
INFO-FLOW: Found component upconv_core_top_mul_8ns_5ns_12_1_1.
INFO-FLOW: Append model upconv_core_top_mul_8ns_5ns_12_1_1
INFO-FLOW: Found component upconv_core_top_mul_9ns_8ns_16_1_1.
INFO-FLOW: Append model upconv_core_top_mul_9ns_8ns_16_1_1
INFO-FLOW: Found component upconv_core_top_mul_8ns_8ns_15_1_1.
INFO-FLOW: Append model upconv_core_top_mul_8ns_8ns_15_1_1
INFO-FLOW: Found component upconv_core_top_sptohp_32ns_16_2_no_dsp_1.
INFO-FLOW: Append model upconv_core_top_sptohp_32ns_16_2_no_dsp_1
INFO-FLOW: Found component upconv_core_top_UpConv_Fused_Row_8_s_void_UpConv_Fused_Row_ap_uint_ap_uint_const_ap_uint_consbkb.
INFO-FLOW: Append model upconv_core_top_UpConv_Fused_Row_8_s_void_UpConv_Fused_Row_ap_uint_ap_uint_const_ap_uint_consbkb
INFO-FLOW: Found component upconv_core_top_UpConv_Fused_Row_8_s_mean_buf_RAM_2P_LUTRAM_1R1W.
INFO-FLOW: Append model upconv_core_top_UpConv_Fused_Row_8_s_mean_buf_RAM_2P_LUTRAM_1R1W
INFO-FLOW: Found component upconv_core_top_UpConv_Fused_Row_8_s_inv_buf_RAM_2P_LUTRAM_1R1W.
INFO-FLOW: Append model upconv_core_top_UpConv_Fused_Row_8_s_inv_buf_RAM_2P_LUTRAM_1R1W
INFO-FLOW: Found component upconv_core_top_UpConv_Fused_Row_8_s_b_buf_RAM_T2P_BRAM_1R1W.
INFO-FLOW: Append model upconv_core_top_UpConv_Fused_Row_8_s_b_buf_RAM_T2P_BRAM_1R1W
INFO-FLOW: Handling components in module [upconv_core_top_Pipeline_LOAD_ROW_VITIS_LOOP_72_2] ... 
Execute       source /home/hoinguyen/Documents/Vitis/UpConv_HLS/upconv_core/upconv_core_top/hls/.autopilot/db/upconv_core_top_Pipeline_LOAD_ROW_VITIS_LOOP_72_2.compgen.tcl 
INFO-FLOW: Found component upconv_core_top_ama_addmuladd_8ns_8ns_6ns_6ns_11_4_1.
INFO-FLOW: Append model upconv_core_top_ama_addmuladd_8ns_8ns_6ns_6ns_11_4_1
INFO-FLOW: Found component upconv_core_top_flow_control_loop_pipe_sequential_init.
INFO-FLOW: Append model upconv_core_top_flow_control_loop_pipe_sequential_init
INFO-FLOW: Handling components in module [upconv_core_top] ... 
Execute       source /home/hoinguyen/Documents/Vitis/UpConv_HLS/upconv_core/upconv_core_top/hls/.autopilot/db/upconv_core_top.compgen.tcl 
INFO-FLOW: Found component upconv_core_top_sparsemux_9_32_9_1_1.
INFO-FLOW: Append model upconv_core_top_sparsemux_9_32_9_1_1
INFO-FLOW: Found component upconv_core_top_sparsemux_9_32_10_1_1.
INFO-FLOW: Append model upconv_core_top_sparsemux_9_32_10_1_1
INFO-FLOW: Found component upconv_core_top_sparsemux_9_32_8_1_1.
INFO-FLOW: Append model upconv_core_top_sparsemux_9_32_8_1_1
INFO-FLOW: Found component upconv_core_top_mul_6ns_8ns_14_1_1.
INFO-FLOW: Append model upconv_core_top_mul_6ns_8ns_14_1_1
INFO-FLOW: Found component upconv_core_top_mac_muladd_14ns_7ns_14ns_20_4_1.
INFO-FLOW: Append model upconv_core_top_mac_muladd_14ns_7ns_14ns_20_4_1
INFO-FLOW: Found component upconv_core_top_x_buf_RAM_T2P_URAM_1R1W.
INFO-FLOW: Append model upconv_core_top_x_buf_RAM_T2P_URAM_1R1W
INFO-FLOW: Found component upconv_core_top_gmem_in_m_axi.
INFO-FLOW: Append model upconv_core_top_gmem_in_m_axi
INFO-FLOW: Found component upconv_core_top_gmem_weight_m_axi.
INFO-FLOW: Append model upconv_core_top_gmem_weight_m_axi
INFO-FLOW: Found component upconv_core_top_gmem_param_m_axi.
INFO-FLOW: Append model upconv_core_top_gmem_param_m_axi
INFO-FLOW: Found component upconv_core_top_gmem_out_m_axi.
INFO-FLOW: Append model upconv_core_top_gmem_out_m_axi
INFO-FLOW: Found component upconv_core_top_control_s_axi.
INFO-FLOW: Append model upconv_core_top_control_s_axi
INFO-FLOW: Append model upconv_core_top_Pipeline_LOAD_ROW0_VITIS_LOOP_58_1
INFO-FLOW: Append model UpConv_Fused_Row_8_Pipeline_RESET_ROW_ACC
INFO-FLOW: Append model entry_proc
INFO-FLOW: Append model uc_load_tile_8_2_Pipeline_W_FLAT
INFO-FLOW: Append model uc_load_tile_8_2
INFO-FLOW: Append model uc_compute_tile_8_3_Pipeline_KW_LOOP_FLAT_LOOP
INFO-FLOW: Append model uc_compute_tile_8_3
INFO-FLOW: Append model dataflow_in_loop_TILE_LOOP_1
INFO-FLOW: Append model dataflow_parent_loop_proc
INFO-FLOW: Append model UpConv_Fused_Row_8_Pipeline_LOAD_PARAMS
INFO-FLOW: Append model UpConv_Fused_Row_8_Pipeline_PIXEL_STATS
INFO-FLOW: Append model UpConv_Fused_Row_8_Pipeline_PIXEL_NORM
INFO-FLOW: Append model UpConv_Fused_Row_8_s
INFO-FLOW: Append model upconv_core_top_Pipeline_LOAD_ROW_VITIS_LOOP_72_2
INFO-FLOW: Append model upconv_core_top
INFO-FLOW: Generating RTL model list ...
INFO-FLOW: All models in this session: upconv_core_top_mac_muladd_8ns_6ns_6ns_11_4_1 upconv_core_top_flow_control_loop_pipe_sequential_init upconv_core_top_flow_control_loop_pipe_sequential_init upconv_core_top_flow_control_loop_pipe_sequential_init upconv_core_top_mul_15ns_9ns_24_1_1 upconv_core_top_hadd_16ns_16ns_16_5_full_dsp_1 upconv_core_top_hmul_16ns_16ns_16_4_no_dsp_1 upconv_core_top_sparsemux_9_2_16_1_1 upconv_core_top_flow_control_loop_pipe_sequential_init upconv_core_top_mul_8ns_6ns_13_1_1 upconv_core_top_mul_8ns_6ns_11_1_1 upconv_core_top_dataflow_in_loop_TILE_LOOP_1_wbuf_RAM_T2P_URAM_1R1W_memcore upconv_core_top_dataflow_in_loop_TILE_LOOP_1_wbuf_RAM_T2P_URAM_1R1W upconv_core_top_fifo_w8_d3_S upconv_core_top_fifo_w8_d3_S upconv_core_top_fifo_w8_d3_S upconv_core_top_fifo_w6_d2_S upconv_core_top_fifo_w9_d2_S upconv_core_top_fifo_w10_d2_S upconv_core_top_flow_control_loop_pipe_sequential_init upconv_core_top_fadd_32ns_32ns_32_11_full_dsp_1 upconv_core_top_fsub_32ns_32ns_32_11_full_dsp_1 upconv_core_top_fmul_32ns_32ns_32_7_max_dsp_1 upconv_core_top_fdiv_32ns_32ns_32_30_no_dsp_1 upconv_core_top_fsqrt_32ns_32ns_32_28_no_dsp_1 upconv_core_top_partselect_16ns_256ns_32s_16_1_1 upconv_core_top_sparsemux_33_4_16_1_1 upconv_core_top_sparsemux_17_3_32_1_1 upconv_core_top_flow_control_loop_pipe_sequential_init upconv_core_top_hsub_16ns_16ns_16_5_full_dsp_1 upconv_core_top_hmul_16ns_16ns_16_4_max_dsp_1 upconv_core_top_hcmp_16ns_16ns_1_2_no_dsp_1 upconv_core_top_mul_32s_5ns_32_2_1 upconv_core_top_flow_control_loop_pipe_sequential_init upconv_core_top_sitofp_32ns_32_7_no_dsp_1 upconv_core_top_hptosp_16ns_32_2_no_dsp_1 upconv_core_top_mul_8ns_5ns_12_1_1 upconv_core_top_mul_9ns_8ns_16_1_1 upconv_core_top_mul_8ns_8ns_15_1_1 upconv_core_top_sptohp_32ns_16_2_no_dsp_1 upconv_core_top_UpConv_Fused_Row_8_s_void_UpConv_Fused_Row_ap_uint_ap_uint_const_ap_uint_consbkb upconv_core_top_UpConv_Fused_Row_8_s_mean_buf_RAM_2P_LUTRAM_1R1W upconv_core_top_UpConv_Fused_Row_8_s_inv_buf_RAM_2P_LUTRAM_1R1W upconv_core_top_UpConv_Fused_Row_8_s_b_buf_RAM_T2P_BRAM_1R1W upconv_core_top_ama_addmuladd_8ns_8ns_6ns_6ns_11_4_1 upconv_core_top_flow_control_loop_pipe_sequential_init upconv_core_top_sparsemux_9_32_9_1_1 upconv_core_top_sparsemux_9_32_10_1_1 upconv_core_top_sparsemux_9_32_8_1_1 upconv_core_top_mul_6ns_8ns_14_1_1 upconv_core_top_mac_muladd_14ns_7ns_14ns_20_4_1 upconv_core_top_x_buf_RAM_T2P_URAM_1R1W upconv_core_top_gmem_in_m_axi upconv_core_top_gmem_weight_m_axi upconv_core_top_gmem_param_m_axi upconv_core_top_gmem_out_m_axi upconv_core_top_control_s_axi upconv_core_top_Pipeline_LOAD_ROW0_VITIS_LOOP_58_1 UpConv_Fused_Row_8_Pipeline_RESET_ROW_ACC entry_proc uc_load_tile_8_2_Pipeline_W_FLAT uc_load_tile_8_2 uc_compute_tile_8_3_Pipeline_KW_LOOP_FLAT_LOOP uc_compute_tile_8_3 dataflow_in_loop_TILE_LOOP_1 dataflow_parent_loop_proc UpConv_Fused_Row_8_Pipeline_LOAD_PARAMS UpConv_Fused_Row_8_Pipeline_PIXEL_STATS UpConv_Fused_Row_8_Pipeline_PIXEL_NORM UpConv_Fused_Row_8_s upconv_core_top_Pipeline_LOAD_ROW_VITIS_LOOP_72_2 upconv_core_top
INFO-FLOW: Generating /home/hoinguyen/Documents/Vitis/UpConv_HLS/upconv_core/upconv_core_top/hls/.autopilot/db/autopilot.rtl.models.txt file...
INFO-FLOW: To file: write model upconv_core_top_mac_muladd_8ns_6ns_6ns_11_4_1
INFO-FLOW: To file: write model upconv_core_top_flow_control_loop_pipe_sequential_init
INFO-FLOW: To file: write model upconv_core_top_flow_control_loop_pipe_sequential_init
INFO-FLOW: To file: write model upconv_core_top_flow_control_loop_pipe_sequential_init
INFO-FLOW: To file: write model upconv_core_top_mul_15ns_9ns_24_1_1
INFO-FLOW: To file: write model upconv_core_top_hadd_16ns_16ns_16_5_full_dsp_1
INFO-FLOW: To file: write model upconv_core_top_hmul_16ns_16ns_16_4_no_dsp_1
INFO-FLOW: To file: write model upconv_core_top_sparsemux_9_2_16_1_1
INFO-FLOW: To file: write model upconv_core_top_flow_control_loop_pipe_sequential_init
INFO-FLOW: To file: write model upconv_core_top_mul_8ns_6ns_13_1_1
INFO-FLOW: To file: write model upconv_core_top_mul_8ns_6ns_11_1_1
INFO-FLOW: To file: write model upconv_core_top_dataflow_in_loop_TILE_LOOP_1_wbuf_RAM_T2P_URAM_1R1W_memcore
INFO-FLOW: To file: write model upconv_core_top_dataflow_in_loop_TILE_LOOP_1_wbuf_RAM_T2P_URAM_1R1W
INFO-FLOW: To file: write model upconv_core_top_fifo_w8_d3_S
INFO-FLOW: To file: write model upconv_core_top_fifo_w8_d3_S
INFO-FLOW: To file: write model upconv_core_top_fifo_w8_d3_S
INFO-FLOW: To file: write model upconv_core_top_fifo_w6_d2_S
INFO-FLOW: To file: write model upconv_core_top_fifo_w9_d2_S
INFO-FLOW: To file: write model upconv_core_top_fifo_w10_d2_S
INFO-FLOW: To file: write model upconv_core_top_flow_control_loop_pipe_sequential_init
INFO-FLOW: To file: write model upconv_core_top_fadd_32ns_32ns_32_11_full_dsp_1
INFO-FLOW: To file: write model upconv_core_top_fsub_32ns_32ns_32_11_full_dsp_1
INFO-FLOW: To file: write model upconv_core_top_fmul_32ns_32ns_32_7_max_dsp_1
INFO-FLOW: To file: write model upconv_core_top_fdiv_32ns_32ns_32_30_no_dsp_1
INFO-FLOW: To file: write model upconv_core_top_fsqrt_32ns_32ns_32_28_no_dsp_1
INFO-FLOW: To file: write model upconv_core_top_partselect_16ns_256ns_32s_16_1_1
INFO-FLOW: To file: write model upconv_core_top_sparsemux_33_4_16_1_1
INFO-FLOW: To file: write model upconv_core_top_sparsemux_17_3_32_1_1
INFO-FLOW: To file: write model upconv_core_top_flow_control_loop_pipe_sequential_init
INFO-FLOW: To file: write model upconv_core_top_hsub_16ns_16ns_16_5_full_dsp_1
INFO-FLOW: To file: write model upconv_core_top_hmul_16ns_16ns_16_4_max_dsp_1
INFO-FLOW: To file: write model upconv_core_top_hcmp_16ns_16ns_1_2_no_dsp_1
INFO-FLOW: To file: write model upconv_core_top_mul_32s_5ns_32_2_1
INFO-FLOW: To file: write model upconv_core_top_flow_control_loop_pipe_sequential_init
INFO-FLOW: To file: write model upconv_core_top_sitofp_32ns_32_7_no_dsp_1
INFO-FLOW: To file: write model upconv_core_top_hptosp_16ns_32_2_no_dsp_1
INFO-FLOW: To file: write model upconv_core_top_mul_8ns_5ns_12_1_1
INFO-FLOW: To file: write model upconv_core_top_mul_9ns_8ns_16_1_1
INFO-FLOW: To file: write model upconv_core_top_mul_8ns_8ns_15_1_1
INFO-FLOW: To file: write model upconv_core_top_sptohp_32ns_16_2_no_dsp_1
INFO-FLOW: To file: write model upconv_core_top_UpConv_Fused_Row_8_s_void_UpConv_Fused_Row_ap_uint_ap_uint_const_ap_uint_consbkb
INFO-FLOW: To file: write model upconv_core_top_UpConv_Fused_Row_8_s_mean_buf_RAM_2P_LUTRAM_1R1W
INFO-FLOW: To file: write model upconv_core_top_UpConv_Fused_Row_8_s_inv_buf_RAM_2P_LUTRAM_1R1W
INFO-FLOW: To file: write model upconv_core_top_UpConv_Fused_Row_8_s_b_buf_RAM_T2P_BRAM_1R1W
INFO-FLOW: To file: write model upconv_core_top_ama_addmuladd_8ns_8ns_6ns_6ns_11_4_1
INFO-FLOW: To file: write model upconv_core_top_flow_control_loop_pipe_sequential_init
INFO-FLOW: To file: write model upconv_core_top_sparsemux_9_32_9_1_1
INFO-FLOW: To file: write model upconv_core_top_sparsemux_9_32_10_1_1
INFO-FLOW: To file: write model upconv_core_top_sparsemux_9_32_8_1_1
INFO-FLOW: To file: write model upconv_core_top_mul_6ns_8ns_14_1_1
INFO-FLOW: To file: write model upconv_core_top_mac_muladd_14ns_7ns_14ns_20_4_1
INFO-FLOW: To file: write model upconv_core_top_x_buf_RAM_T2P_URAM_1R1W
INFO-FLOW: To file: write model upconv_core_top_gmem_in_m_axi
INFO-FLOW: To file: write model upconv_core_top_gmem_weight_m_axi
INFO-FLOW: To file: write model upconv_core_top_gmem_param_m_axi
INFO-FLOW: To file: write model upconv_core_top_gmem_out_m_axi
INFO-FLOW: To file: write model upconv_core_top_control_s_axi
INFO-FLOW: To file: write model upconv_core_top_Pipeline_LOAD_ROW0_VITIS_LOOP_58_1
INFO-FLOW: To file: write model UpConv_Fused_Row_8_Pipeline_RESET_ROW_ACC
INFO-FLOW: To file: write model entry_proc
INFO-FLOW: To file: write model uc_load_tile_8_2_Pipeline_W_FLAT
INFO-FLOW: To file: write model uc_load_tile_8_2
INFO-FLOW: To file: write model uc_compute_tile_8_3_Pipeline_KW_LOOP_FLAT_LOOP
INFO-FLOW: To file: write model uc_compute_tile_8_3
INFO-FLOW: To file: write model dataflow_in_loop_TILE_LOOP_1
INFO-FLOW: To file: write model dataflow_parent_loop_proc
INFO-FLOW: To file: write model UpConv_Fused_Row_8_Pipeline_LOAD_PARAMS
INFO-FLOW: To file: write model UpConv_Fused_Row_8_Pipeline_PIXEL_STATS
INFO-FLOW: To file: write model UpConv_Fused_Row_8_Pipeline_PIXEL_NORM
INFO-FLOW: To file: write model UpConv_Fused_Row_8_s
INFO-FLOW: To file: write model upconv_core_top_Pipeline_LOAD_ROW_VITIS_LOOP_72_2
INFO-FLOW: To file: write model upconv_core_top
INFO-FLOW: Generating /home/hoinguyen/Documents/Vitis/UpConv_HLS/upconv_core/upconv_core_top/hls/.autopilot/db/autopilot.rtl.models.tcl file...
INFO-FLOW: Finished generating RTL model list.


INFO-FLOW: RTL Generation done.
INFO-FLOW: CAS Generation done.
INFO-FLOW: CBC Generation done.
INFO-FLOW: DBG:PROC: ::AESL_AUTOMG::auto_generate_csynth_design
INFO-FLOW: DBG:PUTS: read_platform_lib /home/hoinguyen/Documents/Vitis/UpConv_HLS/upconv_core/upconv_core_top/hls/.autopilot/db/global.setting.tcl
Execute       source /home/tools/Xilinx/Vitis/2024.2/common/technology/generic/autopilot/common.gen 
Execute         source /home/tools/Xilinx/Vitis/2024.2/common/technology/generic/autopilot/APCoreGen.gen 
Execute       source /home/tools/Xilinx/Vitis/2024.2/common/technology/generic/autopilot/op.gen 
Execute       source /home/tools/Xilinx/Vitis/2024.2/common/technology/generic/autopilot/op_simcore.gen 
Execute       source /home/tools/Xilinx/Vitis/2024.2/common/technology/generic/autopilot/interface.gen 
Execute       source /home/hoinguyen/Documents/Vitis/UpConv_HLS/upconv_core/upconv_core_top/hls/.autopilot/db/global.setting.tcl 
Execute       source /home/tools/Xilinx/Vitis/2024.2/common/technology/xilinx/common/xilinx.gen 
Execute         source /home/tools/Xilinx/Vitis/2024.2/common/technology/xilinx/interface/plb46.gen 
Execute         source /home/tools/Xilinx/Vitis/2024.2/common/technology/xilinx/interface/axi4.gen 
Execute         source /home/tools/Xilinx/Vitis/2024.2/common/technology/xilinx/interface/nativeAXI4.gen 
Execute           source /home/tools/Xilinx/Vitis/2024.2/common/technology/xilinx/interface/saxilite.gen 
Execute         source /home/tools/Xilinx/Vitis/2024.2/common/technology/xilinx/scripts/xilinxcoregen.gen 
Execute         source /home/tools/Xilinx/Vitis/2024.2/common/technology/xilinx/interface/XilEDKCoreGen.gen 
Execute         source /home/tools/Xilinx/Vitis/2024.2/common/technology/xilinx/ip/xfft.gen 
Execute         source /home/tools/Xilinx/Vitis/2024.2/common/technology/xilinx/ip/util.gen 
Execute         source /home/tools/Xilinx/Vitis/2024.2/common/technology/xilinx/ip/dds_compiler.gen 
Execute         source /home/tools/Xilinx/Vitis/2024.2/common/technology/xilinx/ip/xfir.gen 
Execute         source /home/tools/Xilinx/Vitis/2024.2/common/technology/xilinx/DSP48/dsp48.gen 
INFO-FLOW: DBG:PUTS:   using AESL_AUTOCG::g_clock_period=3.333 (was NA)
INFO-FLOW: DBG:PROC: ::AESL_AUTOMG::generate_ip_cores gen_sim_model='1' gen_fp_models='0' gen_for_export='0' dstSCDir='' dstVhdlDir='/home/hoinguyen/Documents/Vitis/UpConv_HLS/upconv_core/upconv_core_top/hls/.autopilot/db/vhdl' dstVlogDir='/home/hoinguyen/Documents/Vitis/UpConv_HLS/upconv_core/upconv_core_top/hls/.autopilot/db/vlog' tclDir='/home/hoinguyen/Documents/Vitis/UpConv_HLS/upconv_core/upconv_core_top/hls/.autopilot/db' modelList='upconv_core_top_mac_muladd_8ns_6ns_6ns_11_4_1
upconv_core_top_flow_control_loop_pipe_sequential_init
upconv_core_top_flow_control_loop_pipe_sequential_init
upconv_core_top_flow_control_loop_pipe_sequential_init
upconv_core_top_mul_15ns_9ns_24_1_1
upconv_core_top_hadd_16ns_16ns_16_5_full_dsp_1
upconv_core_top_hmul_16ns_16ns_16_4_no_dsp_1
upconv_core_top_sparsemux_9_2_16_1_1
upconv_core_top_flow_control_loop_pipe_sequential_init
upconv_core_top_mul_8ns_6ns_13_1_1
upconv_core_top_mul_8ns_6ns_11_1_1
upconv_core_top_dataflow_in_loop_TILE_LOOP_1_wbuf_RAM_T2P_URAM_1R1W_memcore
upconv_core_top_dataflow_in_loop_TILE_LOOP_1_wbuf_RAM_T2P_URAM_1R1W
upconv_core_top_fifo_w8_d3_S
upconv_core_top_fifo_w8_d3_S
upconv_core_top_fifo_w8_d3_S
upconv_core_top_fifo_w6_d2_S
upconv_core_top_fifo_w9_d2_S
upconv_core_top_fifo_w10_d2_S
upconv_core_top_flow_control_loop_pipe_sequential_init
upconv_core_top_fadd_32ns_32ns_32_11_full_dsp_1
upconv_core_top_fsub_32ns_32ns_32_11_full_dsp_1
upconv_core_top_fmul_32ns_32ns_32_7_max_dsp_1
upconv_core_top_fdiv_32ns_32ns_32_30_no_dsp_1
upconv_core_top_fsqrt_32ns_32ns_32_28_no_dsp_1
upconv_core_top_partselect_16ns_256ns_32s_16_1_1
upconv_core_top_sparsemux_33_4_16_1_1
upconv_core_top_sparsemux_17_3_32_1_1
upconv_core_top_flow_control_loop_pipe_sequential_init
upconv_core_top_hsub_16ns_16ns_16_5_full_dsp_1
upconv_core_top_hmul_16ns_16ns_16_4_max_dsp_1
upconv_core_top_hcmp_16ns_16ns_1_2_no_dsp_1
upconv_core_top_mul_32s_5ns_32_2_1
upconv_core_top_flow_control_loop_pipe_sequential_init
upconv_core_top_sitofp_32ns_32_7_no_dsp_1
upconv_core_top_hptosp_16ns_32_2_no_dsp_1
upconv_core_top_mul_8ns_5ns_12_1_1
upconv_core_top_mul_9ns_8ns_16_1_1
upconv_core_top_mul_8ns_8ns_15_1_1
upconv_core_top_sptohp_32ns_16_2_no_dsp_1
upconv_core_top_UpConv_Fused_Row_8_s_void_UpConv_Fused_Row_ap_uint_ap_uint_const_ap_uint_consbkb
upconv_core_top_UpConv_Fused_Row_8_s_mean_buf_RAM_2P_LUTRAM_1R1W
upconv_core_top_UpConv_Fused_Row_8_s_inv_buf_RAM_2P_LUTRAM_1R1W
upconv_core_top_UpConv_Fused_Row_8_s_b_buf_RAM_T2P_BRAM_1R1W
upconv_core_top_ama_addmuladd_8ns_8ns_6ns_6ns_11_4_1
upconv_core_top_flow_control_loop_pipe_sequential_init
upconv_core_top_sparsemux_9_32_9_1_1
upconv_core_top_sparsemux_9_32_10_1_1
upconv_core_top_sparsemux_9_32_8_1_1
upconv_core_top_mul_6ns_8ns_14_1_1
upconv_core_top_mac_muladd_14ns_7ns_14ns_20_4_1
upconv_core_top_x_buf_RAM_T2P_URAM_1R1W
upconv_core_top_gmem_in_m_axi
upconv_core_top_gmem_weight_m_axi
upconv_core_top_gmem_param_m_axi
upconv_core_top_gmem_out_m_axi
upconv_core_top_control_s_axi
upconv_core_top_Pipeline_LOAD_ROW0_VITIS_LOOP_58_1
UpConv_Fused_Row_8_Pipeline_RESET_ROW_ACC
entry_proc
uc_load_tile_8_2_Pipeline_W_FLAT
uc_load_tile_8_2
uc_compute_tile_8_3_Pipeline_KW_LOOP_FLAT_LOOP
uc_compute_tile_8_3
dataflow_in_loop_TILE_LOOP_1
dataflow_parent_loop_proc
UpConv_Fused_Row_8_Pipeline_LOAD_PARAMS
UpConv_Fused_Row_8_Pipeline_PIXEL_STATS
UpConv_Fused_Row_8_Pipeline_PIXEL_NORM
UpConv_Fused_Row_8_s
upconv_core_top_Pipeline_LOAD_ROW_VITIS_LOOP_72_2
upconv_core_top
' expOnly='0'
Execute       source /home/hoinguyen/Documents/Vitis/UpConv_HLS/upconv_core/upconv_core_top/hls/.autopilot/db/global.setting.tcl 
Execute       ap_part_info -name xczu7ev-ffvc1156-2-e -data names -quiet 
Execute       ap_part_info -name xczu7ev-ffvc1156-2-e -data info -quiet 
Execute       source /home/hoinguyen/Documents/Vitis/UpConv_HLS/upconv_core/upconv_core_top/hls/.autopilot/db/global.setting.tcl 
Execute       source /home/hoinguyen/Documents/Vitis/UpConv_HLS/upconv_core/upconv_core_top/hls/.autopilot/db/global.setting.tcl 
Execute       source /home/hoinguyen/Documents/Vitis/UpConv_HLS/upconv_core/upconv_core_top/hls/.autopilot/db/upconv_core_top_Pipeline_LOAD_ROW0_VITIS_LOOP_58_1.compgen.tcl 
Execute       source /home/hoinguyen/Documents/Vitis/UpConv_HLS/upconv_core/upconv_core_top/hls/.autopilot/db/UpConv_Fused_Row_8_Pipeline_RESET_ROW_ACC.compgen.tcl 
Execute       source /home/hoinguyen/Documents/Vitis/UpConv_HLS/upconv_core/upconv_core_top/hls/.autopilot/db/entry_proc.compgen.tcl 
Execute       source /home/hoinguyen/Documents/Vitis/UpConv_HLS/upconv_core/upconv_core_top/hls/.autopilot/db/uc_load_tile_8_2_Pipeline_W_FLAT.compgen.tcl 
Execute       source /home/hoinguyen/Documents/Vitis/UpConv_HLS/upconv_core/upconv_core_top/hls/.autopilot/db/uc_load_tile_8_2.compgen.tcl 
Execute       source /home/hoinguyen/Documents/Vitis/UpConv_HLS/upconv_core/upconv_core_top/hls/.autopilot/db/uc_compute_tile_8_3_Pipeline_KW_LOOP_FLAT_LOOP.compgen.tcl 
Execute       source /home/hoinguyen/Documents/Vitis/UpConv_HLS/upconv_core/upconv_core_top/hls/.autopilot/db/uc_compute_tile_8_3.compgen.tcl 
Execute       source /home/hoinguyen/Documents/Vitis/UpConv_HLS/upconv_core/upconv_core_top/hls/.autopilot/db/dataflow_in_loop_TILE_LOOP_1.compgen.tcl 
Execute       source /home/hoinguyen/Documents/Vitis/UpConv_HLS/upconv_core/upconv_core_top/hls/.autopilot/db/dataflow_parent_loop_proc.compgen.tcl 
Execute       source /home/hoinguyen/Documents/Vitis/UpConv_HLS/upconv_core/upconv_core_top/hls/.autopilot/db/UpConv_Fused_Row_8_Pipeline_LOAD_PARAMS.compgen.tcl 
Execute       source /home/hoinguyen/Documents/Vitis/UpConv_HLS/upconv_core/upconv_core_top/hls/.autopilot/db/UpConv_Fused_Row_8_Pipeline_PIXEL_STATS.compgen.tcl 
Execute       source /home/hoinguyen/Documents/Vitis/UpConv_HLS/upconv_core/upconv_core_top/hls/.autopilot/db/UpConv_Fused_Row_8_Pipeline_PIXEL_NORM.compgen.tcl 
Execute       source /home/hoinguyen/Documents/Vitis/UpConv_HLS/upconv_core/upconv_core_top/hls/.autopilot/db/UpConv_Fused_Row_8_s.compgen.tcl 
Execute       source /home/hoinguyen/Documents/Vitis/UpConv_HLS/upconv_core/upconv_core_top/hls/.autopilot/db/upconv_core_top_Pipeline_LOAD_ROW_VITIS_LOOP_72_2.compgen.tcl 
Execute       source /home/hoinguyen/Documents/Vitis/UpConv_HLS/upconv_core/upconv_core_top/hls/.autopilot/db/upconv_core_top.compgen.tcl 
Execute         source ./control.slave.tcl 
INFO: [HLS 200-111] Finished Generating all RTL models: CPU user time: 0.32 seconds. CPU system time: 0.03 seconds. Elapsed time: 0.36 seconds; current allocated memory: 643.523 MB.
INFO-FLOW: DBG:PROC: ::HLSREPORTS::create_csynth_xml bind_info_var='bind_info' RtlSubPrefix='upconv_core_top_' outfile=''
INFO-FLOW: Running: create_csynth_xml read xml data
INFO-FLOW: Done: create_csynth_xml read xml data time: 0 seconds per iteration
INFO-FLOW: Running: create_csynth_xml bind info
INFO-FLOW: No bind nodes found for module_name entry_proc
INFO-FLOW: No bind nodes found for module_name dataflow_parent_loop_proc
INFO-FLOW: Done: create_csynth_xml bind info time: 0 seconds per iteration
INFO-FLOW: Running: create_csynth_xml config info
INFO-FLOW: Done: create_csynth_xml config info time: 0 seconds per iteration
INFO-FLOW: Running: create_csynth_xml write xml
INFO-FLOW: Done: create_csynth_xml write xml time: 0 seconds per iteration
INFO-FLOW: DBG:PUTS:      create_csynth_xml wrote csynth_xml=/home/hoinguyen/Documents/Vitis/UpConv_HLS/upconv_core/upconv_core_top/hls/syn/report/csynth.xml
INFO-FLOW: DBG:PROC: ::AP::DESIGN_DATA::generate_json generate_bd_files='0' generate_xo_files='0' modelList='upconv_core_top_mac_muladd_8ns_6ns_6ns_11_4_1
upconv_core_top_flow_control_loop_pipe_sequential_init
upconv_core_top_flow_control_loop_pipe_sequential_init
upconv_core_top_flow_control_loop_pipe_sequential_init
upconv_core_top_mul_15ns_9ns_24_1_1
upconv_core_top_hadd_16ns_16ns_16_5_full_dsp_1
upconv_core_top_hmul_16ns_16ns_16_4_no_dsp_1
upconv_core_top_sparsemux_9_2_16_1_1
upconv_core_top_flow_control_loop_pipe_sequential_init
upconv_core_top_mul_8ns_6ns_13_1_1
upconv_core_top_mul_8ns_6ns_11_1_1
upconv_core_top_dataflow_in_loop_TILE_LOOP_1_wbuf_RAM_T2P_URAM_1R1W_memcore
upconv_core_top_dataflow_in_loop_TILE_LOOP_1_wbuf_RAM_T2P_URAM_1R1W
upconv_core_top_fifo_w8_d3_S
upconv_core_top_fifo_w8_d3_S
upconv_core_top_fifo_w8_d3_S
upconv_core_top_fifo_w6_d2_S
upconv_core_top_fifo_w9_d2_S
upconv_core_top_fifo_w10_d2_S
upconv_core_top_flow_control_loop_pipe_sequential_init
upconv_core_top_fadd_32ns_32ns_32_11_full_dsp_1
upconv_core_top_fsub_32ns_32ns_32_11_full_dsp_1
upconv_core_top_fmul_32ns_32ns_32_7_max_dsp_1
upconv_core_top_fdiv_32ns_32ns_32_30_no_dsp_1
upconv_core_top_fsqrt_32ns_32ns_32_28_no_dsp_1
upconv_core_top_partselect_16ns_256ns_32s_16_1_1
upconv_core_top_sparsemux_33_4_16_1_1
upconv_core_top_sparsemux_17_3_32_1_1
upconv_core_top_flow_control_loop_pipe_sequential_init
upconv_core_top_hsub_16ns_16ns_16_5_full_dsp_1
upconv_core_top_hmul_16ns_16ns_16_4_max_dsp_1
upconv_core_top_hcmp_16ns_16ns_1_2_no_dsp_1
upconv_core_top_mul_32s_5ns_32_2_1
upconv_core_top_flow_control_loop_pipe_sequential_init
upconv_core_top_sitofp_32ns_32_7_no_dsp_1
upconv_core_top_hptosp_16ns_32_2_no_dsp_1
upconv_core_top_mul_8ns_5ns_12_1_1
upconv_core_top_mul_9ns_8ns_16_1_1
upconv_core_top_mul_8ns_8ns_15_1_1
upconv_core_top_sptohp_32ns_16_2_no_dsp_1
upconv_core_top_UpConv_Fused_Row_8_s_void_UpConv_Fused_Row_ap_uint_ap_uint_const_ap_uint_consbkb
upconv_core_top_UpConv_Fused_Row_8_s_mean_buf_RAM_2P_LUTRAM_1R1W
upconv_core_top_UpConv_Fused_Row_8_s_inv_buf_RAM_2P_LUTRAM_1R1W
upconv_core_top_UpConv_Fused_Row_8_s_b_buf_RAM_T2P_BRAM_1R1W
upconv_core_top_ama_addmuladd_8ns_8ns_6ns_6ns_11_4_1
upconv_core_top_flow_control_loop_pipe_sequential_init
upconv_core_top_sparsemux_9_32_9_1_1
upconv_core_top_sparsemux_9_32_10_1_1
upconv_core_top_sparsemux_9_32_8_1_1
upconv_core_top_mul_6ns_8ns_14_1_1
upconv_core_top_mac_muladd_14ns_7ns_14ns_20_4_1
upconv_core_top_x_buf_RAM_T2P_URAM_1R1W
upconv_core_top_gmem_in_m_axi
upconv_core_top_gmem_weight_m_axi
upconv_core_top_gmem_param_m_axi
upconv_core_top_gmem_out_m_axi
upconv_core_top_control_s_axi
upconv_core_top_Pipeline_LOAD_ROW0_VITIS_LOOP_58_1
UpConv_Fused_Row_8_Pipeline_RESET_ROW_ACC
entry_proc
uc_load_tile_8_2_Pipeline_W_FLAT
uc_load_tile_8_2
uc_compute_tile_8_3_Pipeline_KW_LOOP_FLAT_LOOP
uc_compute_tile_8_3
dataflow_in_loop_TILE_LOOP_1
dataflow_parent_loop_proc
UpConv_Fused_Row_8_Pipeline_LOAD_PARAMS
UpConv_Fused_Row_8_Pipeline_PIXEL_STATS
UpConv_Fused_Row_8_Pipeline_PIXEL_NORM
UpConv_Fused_Row_8_s
upconv_core_top_Pipeline_LOAD_ROW_VITIS_LOOP_72_2
upconv_core_top
' rtl_lang='both' bootstrap_tcl='false' outdir='' outfilename=''
Execute       source /home/hoinguyen/Documents/Vitis/UpConv_HLS/upconv_core/upconv_core_top/hls/.autopilot/db/global.setting.tcl 
Execute       source /home/hoinguyen/Documents/Vitis/UpConv_HLS/upconv_core/upconv_core_top/hls/.autopilot/db/global.setting.tcl 
Execute       source /home/hoinguyen/Documents/Vitis/UpConv_HLS/upconv_core/upconv_core_top/hls/.autopilot/db/top-io-be.tcl 
Execute       source /home/hoinguyen/Documents/Vitis/UpConv_HLS/upconv_core/upconv_core_top/hls/.autopilot/db/upconv_core_top.tbgen.tcl 
Execute       source /home/hoinguyen/Documents/Vitis/UpConv_HLS/upconv_core/upconv_core_top/hls/.autopilot/db/upconv_core_top.compgen.dataonly.tcl 
Execute       source /home/hoinguyen/Documents/Vitis/UpConv_HLS/upconv_core/upconv_core_top/hls/.autopilot/db/upconv_core_top.compgen.dataonly.tcl 
Execute       source /home/hoinguyen/Documents/Vitis/UpConv_HLS/upconv_core/upconv_core_top/hls/.autopilot/db/upconv_core_top.rtl_wrap.cfg.tcl 
Execute       source /home/hoinguyen/Documents/Vitis/UpConv_HLS/upconv_core/upconv_core_top/hls/.autopilot/db/upconv_core_top.compgen.dataonly.tcl 
Execute       source /home/hoinguyen/Documents/Vitis/UpConv_HLS/upconv_core/upconv_core_top/hls/.autopilot/db/upconv_core_top_Pipeline_LOAD_ROW0_VITIS_LOOP_58_1.tbgen.tcl 
Execute       source /home/hoinguyen/Documents/Vitis/UpConv_HLS/upconv_core/upconv_core_top/hls/.autopilot/db/UpConv_Fused_Row_8_Pipeline_RESET_ROW_ACC.tbgen.tcl 
Execute       source /home/hoinguyen/Documents/Vitis/UpConv_HLS/upconv_core/upconv_core_top/hls/.autopilot/db/entry_proc.tbgen.tcl 
Execute       source /home/hoinguyen/Documents/Vitis/UpConv_HLS/upconv_core/upconv_core_top/hls/.autopilot/db/uc_load_tile_8_2_Pipeline_W_FLAT.tbgen.tcl 
Execute       source /home/hoinguyen/Documents/Vitis/UpConv_HLS/upconv_core/upconv_core_top/hls/.autopilot/db/uc_load_tile_8_2.tbgen.tcl 
Execute       source /home/hoinguyen/Documents/Vitis/UpConv_HLS/upconv_core/upconv_core_top/hls/.autopilot/db/uc_compute_tile_8_3_Pipeline_KW_LOOP_FLAT_LOOP.tbgen.tcl 
Execute       source /home/hoinguyen/Documents/Vitis/UpConv_HLS/upconv_core/upconv_core_top/hls/.autopilot/db/uc_compute_tile_8_3.tbgen.tcl 
Execute       source /home/hoinguyen/Documents/Vitis/UpConv_HLS/upconv_core/upconv_core_top/hls/.autopilot/db/dataflow_in_loop_TILE_LOOP_1.tbgen.tcl 
Execute       source /home/hoinguyen/Documents/Vitis/UpConv_HLS/upconv_core/upconv_core_top/hls/.autopilot/db/dataflow_parent_loop_proc.tbgen.tcl 
Execute       source /home/hoinguyen/Documents/Vitis/UpConv_HLS/upconv_core/upconv_core_top/hls/.autopilot/db/UpConv_Fused_Row_8_Pipeline_LOAD_PARAMS.tbgen.tcl 
Execute       source /home/hoinguyen/Documents/Vitis/UpConv_HLS/upconv_core/upconv_core_top/hls/.autopilot/db/UpConv_Fused_Row_8_Pipeline_PIXEL_STATS.tbgen.tcl 
Execute       source /home/hoinguyen/Documents/Vitis/UpConv_HLS/upconv_core/upconv_core_top/hls/.autopilot/db/UpConv_Fused_Row_8_Pipeline_PIXEL_NORM.tbgen.tcl 
Execute       source /home/hoinguyen/Documents/Vitis/UpConv_HLS/upconv_core/upconv_core_top/hls/.autopilot/db/UpConv_Fused_Row_8_s.tbgen.tcl 
Execute       source /home/hoinguyen/Documents/Vitis/UpConv_HLS/upconv_core/upconv_core_top/hls/.autopilot/db/upconv_core_top_Pipeline_LOAD_ROW_VITIS_LOOP_72_2.tbgen.tcl 
Execute       source /home/hoinguyen/Documents/Vitis/UpConv_HLS/upconv_core/upconv_core_top/hls/.autopilot/db/upconv_core_top.tbgen.tcl 
Execute       source /home/hoinguyen/Documents/Vitis/UpConv_HLS/upconv_core/upconv_core_top/hls/.autopilot/db/global.setting.tcl 
Execute       ap_part_info -name xczu7ev-ffvc1156-2-e -data names -quiet 
Execute       ap_part_info -name xczu7ev-ffvc1156-2-e -data info -quiet 
Execute       source /home/hoinguyen/Documents/Vitis/UpConv_HLS/upconv_core/upconv_core_top/hls/.autopilot/db/upconv_core_top.constraint.tcl 
Execute       sc_get_clocks upconv_core_top 
Execute       source /home/hoinguyen/Documents/Vitis/UpConv_HLS/upconv_core/upconv_core_top/hls/.autopilot/db/global.setting.tcl 
Execute       source /home/hoinguyen/Documents/Vitis/UpConv_HLS/upconv_core/upconv_core_top/hls/impl/misc/upconv_core_top_fadd_32ns_32ns_32_11_full_dsp_1_ip.tcl 
Execute       source /home/hoinguyen/Documents/Vitis/UpConv_HLS/upconv_core/upconv_core_top/hls/impl/misc/upconv_core_top_fdiv_32ns_32ns_32_30_no_dsp_1_ip.tcl 
Execute       source /home/hoinguyen/Documents/Vitis/UpConv_HLS/upconv_core/upconv_core_top/hls/impl/misc/upconv_core_top_fmul_32ns_32ns_32_7_max_dsp_1_ip.tcl 
Execute       source /home/hoinguyen/Documents/Vitis/UpConv_HLS/upconv_core/upconv_core_top/hls/impl/misc/upconv_core_top_fsqrt_32ns_32ns_32_28_no_dsp_1_ip.tcl 
Execute       source /home/hoinguyen/Documents/Vitis/UpConv_HLS/upconv_core/upconv_core_top/hls/impl/misc/upconv_core_top_fsub_32ns_32ns_32_11_full_dsp_1_ip.tcl 
Execute       source /home/hoinguyen/Documents/Vitis/UpConv_HLS/upconv_core/upconv_core_top/hls/impl/misc/upconv_core_top_hadd_16ns_16ns_16_5_full_dsp_1_ip.tcl 
Execute       source /home/hoinguyen/Documents/Vitis/UpConv_HLS/upconv_core/upconv_core_top/hls/impl/misc/upconv_core_top_hcmp_16ns_16ns_1_2_no_dsp_1_ip.tcl 
Execute       source /home/hoinguyen/Documents/Vitis/UpConv_HLS/upconv_core/upconv_core_top/hls/impl/misc/upconv_core_top_hmul_16ns_16ns_16_4_max_dsp_1_ip.tcl 
Execute       source /home/hoinguyen/Documents/Vitis/UpConv_HLS/upconv_core/upconv_core_top/hls/impl/misc/upconv_core_top_hmul_16ns_16ns_16_4_no_dsp_1_ip.tcl 
Execute       source /home/hoinguyen/Documents/Vitis/UpConv_HLS/upconv_core/upconv_core_top/hls/impl/misc/upconv_core_top_hptosp_16ns_32_2_no_dsp_1_ip.tcl 
Execute       source /home/hoinguyen/Documents/Vitis/UpConv_HLS/upconv_core/upconv_core_top/hls/impl/misc/upconv_core_top_hsub_16ns_16ns_16_5_full_dsp_1_ip.tcl 
Execute       source /home/hoinguyen/Documents/Vitis/UpConv_HLS/upconv_core/upconv_core_top/hls/impl/misc/upconv_core_top_sitofp_32ns_32_7_no_dsp_1_ip.tcl 
Execute       source /home/hoinguyen/Documents/Vitis/UpConv_HLS/upconv_core/upconv_core_top/hls/impl/misc/upconv_core_top_sptohp_32ns_16_2_no_dsp_1_ip.tcl 
INFO-FLOW: DBG:PROC: ::HLSREPORTS::add_csynth_report_sections bind_info_dict='adapter_nodes {{BINDTYPE adapter ID {} IMPL {} LATENCY {} OPTYPE {} PRAGMA {} RTLNAME control_s_axi_U SOURCE {} VARIABLE {} LOOP {} BUNDLEDNAME control DSP 0 BRAM 0 URAM 0 STORAGESUBTYPE s_axilite STORAGESIZE {} STORAGEUSAGE interface DISPNAME {bind_adapter }} {BINDTYPE adapter ID {} IMPL {} LATENCY {} OPTYPE {} PRAGMA {} RTLNAME gmem_in_m_axi_U SOURCE {} VARIABLE {} LOOP {} BUNDLEDNAME gmem_in DSP 0 BRAM 15 URAM 0 STORAGESUBTYPE m_axi STORAGESIZE {} STORAGEUSAGE interface DISPNAME {bind_adapter }} {BINDTYPE adapter ID {} IMPL {} LATENCY {} OPTYPE {} PRAGMA {} RTLNAME gmem_out_m_axi_U SOURCE {} VARIABLE {} LOOP {} BUNDLEDNAME gmem_out DSP 0 BRAM 15 URAM 0 STORAGESUBTYPE m_axi STORAGESIZE {} STORAGEUSAGE interface DISPNAME {bind_adapter }} {BINDTYPE adapter ID {} IMPL {} LATENCY {} OPTYPE {} PRAGMA {} RTLNAME gmem_param_m_axi_U SOURCE {} VARIABLE {} LOOP {} BUNDLEDNAME gmem_param DSP 0 BRAM 15 URAM 0 STORAGESUBTYPE m_axi STORAGESIZE {} STORAGEUSAGE interface DISPNAME {bind_adapter }} {BINDTYPE adapter ID {} IMPL {} LATENCY {} OPTYPE {} PRAGMA {} RTLNAME gmem_weight_m_axi_U SOURCE {} VARIABLE {} LOOP {} BUNDLEDNAME gmem_weight DSP 0 BRAM 15 URAM 0 STORAGESUBTYPE m_axi STORAGESIZE {} STORAGEUSAGE interface DISPNAME {bind_adapter }}} cache_nodes {} report_dict {TOPINST upconv_core_top MODULE2INSTS {upconv_core_top upconv_core_top upconv_core_top_Pipeline_LOAD_ROW0_VITIS_LOOP_58_1 grp_upconv_core_top_Pipeline_LOAD_ROW0_VITIS_LOOP_58_1_fu_288 UpConv_Fused_Row_8_s grp_UpConv_Fused_Row_8_s_fu_300 UpConv_Fused_Row_8_Pipeline_RESET_ROW_ACC grp_UpConv_Fused_Row_8_Pipeline_RESET_ROW_ACC_fu_232 UpConv_Fused_Row_8_Pipeline_LOAD_PARAMS grp_UpConv_Fused_Row_8_Pipeline_LOAD_PARAMS_fu_270 dataflow_parent_loop_proc grp_dataflow_parent_loop_proc_fu_283 dataflow_in_loop_TILE_LOOP_1 dataflow_in_loop_TILE_LOOP_1_U0 uc_load_tile_8_2 uc_load_tile_8_2_U0 uc_load_tile_8_2_Pipeline_W_FLAT grp_uc_load_tile_8_2_Pipeline_W_FLAT_fu_142 entry_proc entry_proc_U0 uc_compute_tile_8_3 uc_compute_tile_8_3_U0 uc_compute_tile_8_3_Pipeline_KW_LOOP_FLAT_LOOP grp_uc_compute_tile_8_3_Pipeline_KW_LOOP_FLAT_LOOP_fu_206 UpConv_Fused_Row_8_Pipeline_PIXEL_STATS grp_UpConv_Fused_Row_8_Pipeline_PIXEL_STATS_fu_334 UpConv_Fused_Row_8_Pipeline_PIXEL_NORM grp_UpConv_Fused_Row_8_Pipeline_PIXEL_NORM_fu_379 upconv_core_top_Pipeline_LOAD_ROW_VITIS_LOOP_72_2 grp_upconv_core_top_Pipeline_LOAD_ROW_VITIS_LOOP_72_2_fu_360} INST2MODULE {upconv_core_top upconv_core_top grp_upconv_core_top_Pipeline_LOAD_ROW0_VITIS_LOOP_58_1_fu_288 upconv_core_top_Pipeline_LOAD_ROW0_VITIS_LOOP_58_1 grp_UpConv_Fused_Row_8_s_fu_300 UpConv_Fused_Row_8_s grp_UpConv_Fused_Row_8_Pipeline_RESET_ROW_ACC_fu_232 UpConv_Fused_Row_8_Pipeline_RESET_ROW_ACC grp_UpConv_Fused_Row_8_Pipeline_LOAD_PARAMS_fu_270 UpConv_Fused_Row_8_Pipeline_LOAD_PARAMS grp_dataflow_parent_loop_proc_fu_283 dataflow_parent_loop_proc dataflow_in_loop_TILE_LOOP_1_U0 dataflow_in_loop_TILE_LOOP_1 uc_load_tile_8_2_U0 uc_load_tile_8_2 grp_uc_load_tile_8_2_Pipeline_W_FLAT_fu_142 uc_load_tile_8_2_Pipeline_W_FLAT entry_proc_U0 entry_proc uc_compute_tile_8_3_U0 uc_compute_tile_8_3 grp_uc_compute_tile_8_3_Pipeline_KW_LOOP_FLAT_LOOP_fu_206 uc_compute_tile_8_3_Pipeline_KW_LOOP_FLAT_LOOP grp_UpConv_Fused_Row_8_Pipeline_PIXEL_STATS_fu_334 UpConv_Fused_Row_8_Pipeline_PIXEL_STATS grp_UpConv_Fused_Row_8_Pipeline_PIXEL_NORM_fu_379 UpConv_Fused_Row_8_Pipeline_PIXEL_NORM grp_upconv_core_top_Pipeline_LOAD_ROW_VITIS_LOOP_72_2_fu_360 upconv_core_top_Pipeline_LOAD_ROW_VITIS_LOOP_72_2} INSTDATA {upconv_core_top {DEPTH 1 CHILDREN {grp_upconv_core_top_Pipeline_LOAD_ROW0_VITIS_LOOP_58_1_fu_288 grp_UpConv_Fused_Row_8_s_fu_300 grp_upconv_core_top_Pipeline_LOAD_ROW_VITIS_LOOP_72_2_fu_360}} grp_upconv_core_top_Pipeline_LOAD_ROW0_VITIS_LOOP_58_1_fu_288 {DEPTH 2 CHILDREN {}} grp_UpConv_Fused_Row_8_s_fu_300 {DEPTH 2 CHILDREN {grp_UpConv_Fused_Row_8_Pipeline_RESET_ROW_ACC_fu_232 grp_UpConv_Fused_Row_8_Pipeline_LOAD_PARAMS_fu_270 grp_dataflow_parent_loop_proc_fu_283 grp_UpConv_Fused_Row_8_Pipeline_PIXEL_STATS_fu_334 grp_UpConv_Fused_Row_8_Pipeline_PIXEL_NORM_fu_379}} grp_UpConv_Fused_Row_8_Pipeline_RESET_ROW_ACC_fu_232 {DEPTH 3 CHILDREN {}} grp_UpConv_Fused_Row_8_Pipeline_LOAD_PARAMS_fu_270 {DEPTH 3 CHILDREN {}} grp_dataflow_parent_loop_proc_fu_283 {DEPTH 3 CHILDREN dataflow_in_loop_TILE_LOOP_1_U0} dataflow_in_loop_TILE_LOOP_1_U0 {DEPTH 4 CHILDREN {uc_load_tile_8_2_U0 entry_proc_U0 uc_compute_tile_8_3_U0}} uc_load_tile_8_2_U0 {DEPTH 5 CHILDREN grp_uc_load_tile_8_2_Pipeline_W_FLAT_fu_142} grp_uc_load_tile_8_2_Pipeline_W_FLAT_fu_142 {DEPTH 6 CHILDREN {}} entry_proc_U0 {DEPTH 5 CHILDREN {}} uc_compute_tile_8_3_U0 {DEPTH 5 CHILDREN grp_uc_compute_tile_8_3_Pipeline_KW_LOOP_FLAT_LOOP_fu_206} grp_uc_compute_tile_8_3_Pipeline_KW_LOOP_FLAT_LOOP_fu_206 {DEPTH 6 CHILDREN {}} grp_UpConv_Fused_Row_8_Pipeline_PIXEL_STATS_fu_334 {DEPTH 3 CHILDREN {}} grp_UpConv_Fused_Row_8_Pipeline_PIXEL_NORM_fu_379 {DEPTH 3 CHILDREN {}} grp_upconv_core_top_Pipeline_LOAD_ROW_VITIS_LOOP_72_2_fu_360 {DEPTH 2 CHILDREN {}}} MODULEDATA {upconv_core_top_Pipeline_LOAD_ROW0_VITIS_LOOP_58_1 {BINDINFO {{BINDTYPE op ID {} IMPL auto LATENCY 0 OPTYPE seteq PRAGMA {} RTLNAME icmp_ln56_fu_158_p2 SOURCE ../gen2/upconv_core_top.cpp:56 VARIABLE icmp_ln56 LOOP LOAD_ROW0_VITIS_LOOP_58_1 BUNDLEDNAME {} DSP 0 BRAM 0 URAM 0 STORAGESUBTYPE {} DISPNAME {bind_op seteq} VISIBLE false} {BINDTYPE op ID {} IMPL fabric LATENCY 0 OPTYPE add PRAGMA {} RTLNAME add_ln56_1_fu_164_p2 SOURCE ../gen2/upconv_core_top.cpp:56 VARIABLE add_ln56_1 LOOP LOAD_ROW0_VITIS_LOOP_58_1 BUNDLEDNAME {} DSP 0 BRAM 0 URAM 0 STORAGESUBTYPE {} DISPNAME {bind_op add} VISIBLE true} {BINDTYPE op ID {} IMPL fabric LATENCY 0 OPTYPE add PRAGMA {} RTLNAME add_ln56_fu_181_p2 SOURCE ../gen2/upconv_core_top.cpp:56 VARIABLE add_ln56 LOOP LOAD_ROW0_VITIS_LOOP_58_1 BUNDLEDNAME {} DSP 0 BRAM 0 URAM 0 STORAGESUBTYPE {} DISPNAME {bind_op add} VISIBLE true} {BINDTYPE op ID {} IMPL auto LATENCY 0 OPTYPE seteq PRAGMA {} RTLNAME icmp_ln58_fu_187_p2 SOURCE ../gen2/upconv_core_top.cpp:58 VARIABLE icmp_ln58 LOOP LOAD_ROW0_VITIS_LOOP_58_1 BUNDLEDNAME {} DSP 0 BRAM 0 URAM 0 STORAGESUBTYPE {} DISPNAME {bind_op seteq} VISIBLE false} {BINDTYPE op ID {} IMPL auto_sel LATENCY 0 OPTYPE select PRAGMA {} RTLNAME select_ln56_fu_192_p3 SOURCE ../gen2/upconv_core_top.cpp:56 VARIABLE select_ln56 LOOP LOAD_ROW0_VITIS_LOOP_58_1 BUNDLEDNAME {} DSP 0 BRAM 0 URAM 0 STORAGESUBTYPE {} DISPNAME {bind_op select} VISIBLE false} {BINDTYPE op ID {} IMPL auto_sel LATENCY 0 OPTYPE select PRAGMA {} RTLNAME select_ln56_1_fu_200_p3 SOURCE ../gen2/upconv_core_top.cpp:56 VARIABLE select_ln56_1 LOOP LOAD_ROW0_VITIS_LOOP_58_1 BUNDLEDNAME {} DSP 0 BRAM 0 URAM 0 STORAGESUBTYPE {} DISPNAME {bind_op select} VISIBLE false} {BINDTYPE op ID {} IMPL dsp_slice LATENCY 3 OPTYPE mul PRAGMA {} RTLNAME mac_muladd_8ns_6ns_6ns_11_4_1_U1 SOURCE ../gen2/upconv_core_top.cpp:58 VARIABLE mul_ln58 LOOP LOAD_ROW0_VITIS_LOOP_58_1 BUNDLEDNAME {} DSP 1 BRAM 0 URAM 0 STORAGESUBTYPE {} DISPNAME {bind_op mul} VISIBLE true} {BINDTYPE op ID {} IMPL dsp_slice LATENCY 3 OPTYPE add PRAGMA {} RTLNAME mac_muladd_8ns_6ns_6ns_11_4_1_U1 SOURCE ../gen2/upconv_core_top.cpp:61 VARIABLE add_ln61 LOOP LOAD_ROW0_VITIS_LOOP_58_1 BUNDLEDNAME {} DSP 1 BRAM 0 URAM 0 STORAGESUBTYPE {} DISPNAME {bind_op add} VISIBLE true} {BINDTYPE op ID {} IMPL fabric LATENCY 0 OPTYPE add PRAGMA {} RTLNAME add_ln58_fu_212_p2 SOURCE ../gen2/upconv_core_top.cpp:58 VARIABLE add_ln58 LOOP LOAD_ROW0_VITIS_LOOP_58_1 BUNDLEDNAME {} DSP 0 BRAM 0 URAM 0 STORAGESUBTYPE {} DISPNAME {bind_op add} VISIBLE true}} AREA {DSP 1 BRAM 0 URAM 0}} UpConv_Fused_Row_8_Pipeline_RESET_ROW_ACC {BINDINFO {{BINDTYPE op ID {} IMPL auto LATENCY 0 OPTYPE seteq PRAGMA {} RTLNAME icmp_ln200_fu_354_p2 SOURCE ../gen2/Hls_Layers_UpConv.tpp:200 VARIABLE icmp_ln200 LOOP RESET_ROW_ACC BUNDLEDNAME {} DSP 0 BRAM 0 URAM 0 STORAGESUBTYPE {} DISPNAME {bind_op seteq} VISIBLE false} {BINDTYPE op ID {} IMPL fabric LATENCY 0 OPTYPE add PRAGMA {} RTLNAME m_2_fu_360_p2 SOURCE ../gen2/Hls_Layers_UpConv.tpp:200 VARIABLE m_2 LOOP RESET_ROW_ACC BUNDLEDNAME {} DSP 0 BRAM 0 URAM 0 STORAGESUBTYPE {} DISPNAME {bind_op add} VISIBLE true} {BINDTYPE op ID {} IMPL auto LATENCY 0 OPTYPE seteq PRAGMA {} RTLNAME icmp_ln207_fu_437_p2 SOURCE ../gen2/Hls_Layers_UpConv.tpp:207 VARIABLE icmp_ln207 LOOP RESET_ROW_ACC BUNDLEDNAME {} DSP 0 BRAM 0 URAM 0 STORAGESUBTYPE {} DISPNAME {bind_op seteq} VISIBLE false} {BINDTYPE op ID {} IMPL fabric LATENCY 0 OPTYPE add PRAGMA {} RTLNAME rw_1_fu_442_p2 SOURCE ../gen2/Hls_Layers_UpConv.tpp:207 VARIABLE rw_1 LOOP RESET_ROW_ACC BUNDLEDNAME {} DSP 0 BRAM 0 URAM 0 STORAGESUBTYPE {} DISPNAME {bind_op add} VISIBLE true} {BINDTYPE op ID {} IMPL fabric LATENCY 0 OPTYPE add PRAGMA {} RTLNAME rcw_1_fu_448_p2 SOURCE ../gen2/Hls_Layers_UpConv.tpp:207 VARIABLE rcw_1 LOOP RESET_ROW_ACC BUNDLEDNAME {} DSP 0 BRAM 0 URAM 0 STORAGESUBTYPE {} DISPNAME {bind_op add} VISIBLE true} {BINDTYPE op ID {} IMPL auto_sel LATENCY 0 OPTYPE select PRAGMA {} RTLNAME rw_2_fu_454_p3 SOURCE ../gen2/Hls_Layers_UpConv.tpp:207 VARIABLE rw_2 LOOP RESET_ROW_ACC BUNDLEDNAME {} DSP 0 BRAM 0 URAM 0 STORAGESUBTYPE {} DISPNAME {bind_op select} VISIBLE false} {BINDTYPE op ID {} IMPL auto_sel LATENCY 0 OPTYPE select PRAGMA {} RTLNAME rcw_2_fu_462_p3 SOURCE ../gen2/Hls_Layers_UpConv.tpp:207 VARIABLE rcw_2 LOOP RESET_ROW_ACC BUNDLEDNAME {} DSP 0 BRAM 0 URAM 0 STORAGESUBTYPE {} DISPNAME {bind_op select} VISIBLE false}} AREA {DSP 0 BRAM 0 URAM 0}} uc_load_tile_8_2_Pipeline_W_FLAT {BINDINFO {{BINDTYPE op ID {} IMPL auto LATENCY 0 OPTYPE seteq PRAGMA {} RTLNAME icmp_ln83_fu_279_p2 SOURCE ../gen2/Hls_Layers_UpConv.tpp:83 VARIABLE icmp_ln83 LOOP W_FLAT BUNDLEDNAME {} DSP 0 BRAM 0 URAM 0 STORAGESUBTYPE {} DISPNAME {bind_op seteq} VISIBLE false} {BINDTYPE op ID {} IMPL fabric LATENCY 0 OPTYPE add PRAGMA {} RTLNAME add_ln83_fu_285_p2 SOURCE ../gen2/Hls_Layers_UpConv.tpp:83 VARIABLE add_ln83 LOOP W_FLAT BUNDLEDNAME {} DSP 0 BRAM 0 URAM 0 STORAGESUBTYPE {} DISPNAME {bind_op add} VISIBLE true} {BINDTYPE op ID {} IMPL fabric LATENCY 0 OPTYPE add PRAGMA {} RTLNAME ci_cnt_1_fu_312_p2 SOURCE ../gen2/Hls_Layers_UpConv.tpp:87 VARIABLE ci_cnt_1 LOOP W_FLAT BUNDLEDNAME {} DSP 0 BRAM 0 URAM 0 STORAGESUBTYPE {} DISPNAME {bind_op add} VISIBLE true} {BINDTYPE op ID {} IMPL auto LATENCY 0 OPTYPE setlt PRAGMA {} RTLNAME icmp_ln88_fu_318_p2 SOURCE ../gen2/Hls_Layers_UpConv.tpp:88 VARIABLE icmp_ln88 LOOP W_FLAT BUNDLEDNAME {} DSP 0 BRAM 0 URAM 0 STORAGESUBTYPE {} DISPNAME {bind_op setlt} VISIBLE false} {BINDTYPE op ID {} IMPL auto LATENCY 0 OPTYPE xor PRAGMA {} RTLNAME xor_ln88_fu_323_p2 SOURCE ../gen2/Hls_Layers_UpConv.tpp:88 VARIABLE xor_ln88 LOOP W_FLAT BUNDLEDNAME {} DSP 0 BRAM 0 URAM 0 STORAGESUBTYPE {} DISPNAME {bind_op xor} VISIBLE false} {BINDTYPE op ID {} IMPL fabric LATENCY 0 OPTYPE add PRAGMA {} RTLNAME add_ln88_fu_395_p2 SOURCE ../gen2/Hls_Layers_UpConv.tpp:88 VARIABLE add_ln88 LOOP W_FLAT BUNDLEDNAME {} DSP 0 BRAM 0 URAM 0 STORAGESUBTYPE {} DISPNAME {bind_op add} VISIBLE true} {BINDTYPE op ID {} IMPL auto_sel LATENCY 0 OPTYPE select PRAGMA {} RTLNAME k_cnt_1_fu_401_p3 SOURCE ../gen2/Hls_Layers_UpConv.tpp:88 VARIABLE k_cnt_1 LOOP W_FLAT BUNDLEDNAME {} DSP 0 BRAM 0 URAM 0 STORAGESUBTYPE {} DISPNAME {bind_op select} VISIBLE false} {BINDTYPE op ID {} IMPL auto_sel LATENCY 0 OPTYPE select PRAGMA {} RTLNAME ci_cnt_2_fu_329_p3 SOURCE ../gen2/Hls_Layers_UpConv.tpp:88 VARIABLE ci_cnt_2 LOOP W_FLAT BUNDLEDNAME {} DSP 0 BRAM 0 URAM 0 STORAGESUBTYPE {} DISPNAME {bind_op select} VISIBLE false}} AREA {DSP 0 BRAM 0 URAM 0}} uc_load_tile_8_2 {BINDINFO {{BINDTYPE op ID {} IMPL fabric LATENCY 0 OPTYPE add PRAGMA {} RTLNAME add_ln183_fu_168_p2 SOURCE ../gen2/Hls_Layers_UpConv.tpp:183 VARIABLE add_ln183 LOOP {} BUNDLEDNAME {} DSP 0 BRAM 0 URAM 0 STORAGESUBTYPE {} DISPNAME {bind_op add} VISIBLE true} {BINDTYPE op ID {} IMPL fabric LATENCY 0 OPTYPE add PRAGMA {} RTLNAME mul3_i_fu_208_p2 SOURCE ../gen2/Hls_Layers_UpConv.tpp:183 VARIABLE mul3_i LOOP {} BUNDLEDNAME {} DSP 0 BRAM 0 URAM 0 STORAGESUBTYPE {} DISPNAME {bind_op add} VISIBLE true} {BINDTYPE op ID {} IMPL fabric LATENCY 0 OPTYPE add PRAGMA {} RTLNAME add_ln79_2_fu_242_p2 SOURCE ../gen2/Hls_Layers_UpConv.tpp:79 VARIABLE add_ln79_2 LOOP {} BUNDLEDNAME {} DSP 0 BRAM 0 URAM 0 STORAGESUBTYPE {} DISPNAME {bind_op add} VISIBLE true} {BINDTYPE op ID {} IMPL auto LATENCY 0 OPTYPE seteq PRAGMA {} RTLNAME icmp_ln79_fu_260_p2 SOURCE ../gen2/Hls_Layers_UpConv.tpp:79 VARIABLE icmp_ln79 LOOP PRELOAD_W BUNDLEDNAME {} DSP 0 BRAM 0 URAM 0 STORAGESUBTYPE {} DISPNAME {bind_op seteq} VISIBLE false} {BINDTYPE op ID {} IMPL fabric LATENCY 0 OPTYPE add PRAGMA {} RTLNAME add_ln79_1_fu_266_p2 SOURCE ../gen2/Hls_Layers_UpConv.tpp:79 VARIABLE add_ln79_1 LOOP PRELOAD_W BUNDLEDNAME {} DSP 0 BRAM 0 URAM 0 STORAGESUBTYPE {} DISPNAME {bind_op add} VISIBLE true} {BINDTYPE op ID {} IMPL fabric LATENCY 0 OPTYPE add PRAGMA {} RTLNAME empty_fu_280_p2 SOURCE ../gen2/Hls_Layers_UpConv.tpp:78 VARIABLE empty LOOP PRELOAD_W BUNDLEDNAME {} DSP 0 BRAM 0 URAM 0 STORAGESUBTYPE {} DISPNAME {bind_op add} VISIBLE true} {BINDTYPE op ID {} IMPL auto LATENCY 0 OPTYPE mul PRAGMA {} RTLNAME mul_15ns_9ns_24_1_1_U46 SOURCE ../gen2/Hls_Layers_UpConv.tpp:79 VARIABLE mul_ln79 LOOP PRELOAD_W BUNDLEDNAME {} DSP 1 BRAM 0 URAM 0 STORAGESUBTYPE {} DISPNAME {bind_op mul} VISIBLE true} {BINDTYPE op ID {} IMPL fabric LATENCY 0 OPTYPE add PRAGMA {} RTLNAME add_ln79_fu_316_p2 SOURCE ../gen2/Hls_Layers_UpConv.tpp:79 VARIABLE add_ln79 LOOP PRELOAD_W BUNDLEDNAME {} DSP 0 BRAM 0 URAM 0 STORAGESUBTYPE {} DISPNAME {bind_op add} VISIBLE true} {BINDTYPE op ID {} IMPL auto LATENCY 0 OPTYPE setlt PRAGMA {} RTLNAME icmp_ln81_fu_285_p2 SOURCE ../gen2/Hls_Layers_UpConv.tpp:81 VARIABLE icmp_ln81 LOOP PRELOAD_W BUNDLEDNAME {} DSP 0 BRAM 0 URAM 0 STORAGESUBTYPE {} DISPNAME {bind_op setlt} VISIBLE false}} AREA {DSP 1 BRAM 0 URAM 0}} uc_compute_tile_8_3_Pipeline_KW_LOOP_FLAT_LOOP {BINDINFO {{BINDTYPE op ID {} IMPL auto LATENCY 0 OPTYPE setlt PRAGMA {} RTLNAME cmp78_i_fu_2323_p2 SOURCE {} VARIABLE cmp78_i LOOP {} BUNDLEDNAME {} DSP 0 BRAM 0 URAM 0 STORAGESUBTYPE {} DISPNAME {bind_op setlt} VISIBLE false} {BINDTYPE op ID {} IMPL auto LATENCY 0 OPTYPE setlt PRAGMA {} RTLNAME cmp78_1_i_fu_2329_p2 SOURCE {} VARIABLE cmp78_1_i LOOP {} BUNDLEDNAME {} DSP 0 BRAM 0 URAM 0 STORAGESUBTYPE {} DISPNAME {bind_op setlt} VISIBLE false} {BINDTYPE op ID {} IMPL auto LATENCY 0 OPTYPE setlt PRAGMA {} RTLNAME cmp78_2_i_fu_2335_p2 SOURCE {} VARIABLE cmp78_2_i LOOP {} BUNDLEDNAME {} DSP 0 BRAM 0 URAM 0 STORAGESUBTYPE {} DISPNAME {bind_op setlt} VISIBLE false} {BINDTYPE op ID {} IMPL auto LATENCY 0 OPTYPE setlt PRAGMA {} RTLNAME cmp78_3_i_fu_2341_p2 SOURCE {} VARIABLE cmp78_3_i LOOP {} BUNDLEDNAME {} DSP 0 BRAM 0 URAM 0 STORAGESUBTYPE {} DISPNAME {bind_op setlt} VISIBLE false} {BINDTYPE op ID {} IMPL auto LATENCY 0 OPTYPE setlt PRAGMA {} RTLNAME cmp78_4_i_fu_2347_p2 SOURCE {} VARIABLE cmp78_4_i LOOP {} BUNDLEDNAME {} DSP 0 BRAM 0 URAM 0 STORAGESUBTYPE {} DISPNAME {bind_op setlt} VISIBLE false} {BINDTYPE op ID {} IMPL auto LATENCY 0 OPTYPE setlt PRAGMA {} RTLNAME cmp78_5_i_fu_2353_p2 SOURCE {} VARIABLE cmp78_5_i LOOP {} BUNDLEDNAME {} DSP 0 BRAM 0 URAM 0 STORAGESUBTYPE {} DISPNAME {bind_op setlt} VISIBLE false} {BINDTYPE op ID {} IMPL auto LATENCY 0 OPTYPE setlt PRAGMA {} RTLNAME cmp78_6_i_fu_2359_p2 SOURCE {} VARIABLE cmp78_6_i LOOP {} BUNDLEDNAME {} DSP 0 BRAM 0 URAM 0 STORAGESUBTYPE {} DISPNAME {bind_op setlt} VISIBLE false} {BINDTYPE op ID {} IMPL auto LATENCY 0 OPTYPE setlt PRAGMA {} RTLNAME cmp78_7_i_fu_2365_p2 SOURCE {} VARIABLE cmp78_7_i LOOP {} BUNDLEDNAME {} DSP 0 BRAM 0 URAM 0 STORAGESUBTYPE {} DISPNAME {bind_op setlt} VISIBLE false} {BINDTYPE op ID {} IMPL auto LATENCY 0 OPTYPE seteq PRAGMA {} RTLNAME icmp_ln109_fu_2399_p2 SOURCE ../gen2/Hls_Layers_UpConv.tpp:109 VARIABLE icmp_ln109 LOOP KW_LOOP_FLAT_LOOP BUNDLEDNAME {} DSP 0 BRAM 0 URAM 0 STORAGESUBTYPE {} DISPNAME {bind_op seteq} VISIBLE false} {BINDTYPE op ID {} IMPL fabric LATENCY 0 OPTYPE add PRAGMA {} RTLNAME add_ln109_fu_2405_p2 SOURCE ../gen2/Hls_Layers_UpConv.tpp:109 VARIABLE add_ln109 LOOP KW_LOOP_FLAT_LOOP BUNDLEDNAME {} DSP 0 BRAM 0 URAM 0 STORAGESUBTYPE {} DISPNAME {bind_op add} VISIBLE true} {BINDTYPE op ID {} IMPL fabric LATENCY 0 OPTYPE add PRAGMA {} RTLNAME kw_2_fu_2458_p2 SOURCE ../gen2/Hls_Layers_UpConv.tpp:109 VARIABLE kw_2 LOOP KW_LOOP_FLAT_LOOP BUNDLEDNAME {} DSP 0 BRAM 0 URAM 0 STORAGESUBTYPE {} DISPNAME {bind_op add} VISIBLE true} {BINDTYPE op ID {} IMPL auto LATENCY 0 OPTYPE seteq PRAGMA {} RTLNAME icmp_ln120_fu_2419_p2 SOURCE ../gen2/Hls_Layers_UpConv.tpp:120 VARIABLE icmp_ln120 LOOP KW_LOOP_FLAT_LOOP BUNDLEDNAME {} DSP 0 BRAM 0 URAM 0 STORAGESUBTYPE {} DISPNAME {bind_op seteq} VISIBLE false} {BINDTYPE op ID {} IMPL auto_sel LATENCY 0 OPTYPE select PRAGMA {} RTLNAME select_ln109_fu_2424_p3 SOURCE ../gen2/Hls_Layers_UpConv.tpp:109 VARIABLE select_ln109 LOOP KW_LOOP_FLAT_LOOP BUNDLEDNAME {} DSP 0 BRAM 0 URAM 0 STORAGESUBTYPE {} DISPNAME {bind_op select} VISIBLE false} {BINDTYPE op ID {} IMPL auto_sel LATENCY 0 OPTYPE select PRAGMA {} RTLNAME select_ln109_1_fu_2464_p3 SOURCE ../gen2/Hls_Layers_UpConv.tpp:109 VARIABLE select_ln109_1 LOOP KW_LOOP_FLAT_LOOP BUNDLEDNAME {} DSP 0 BRAM 0 URAM 0 STORAGESUBTYPE {} DISPNAME {bind_op select} VISIBLE false} {BINDTYPE op ID {} IMPL auto_sel LATENCY 0 OPTYPE select PRAGMA {} RTLNAME select_ln109_2_fu_4671_p3 SOURCE ../gen2/Hls_Layers_UpConv.tpp:109 VARIABLE select_ln109_2 LOOP KW_LOOP_FLAT_LOOP BUNDLEDNAME {} DSP 0 BRAM 0 URAM 0 STORAGESUBTYPE {} DISPNAME {bind_op select} VISIBLE false} {BINDTYPE op ID {} IMPL auto_sel LATENCY 0 OPTYPE select PRAGMA {} RTLNAME select_ln109_3_fu_2471_p3 SOURCE ../gen2/Hls_Layers_UpConv.tpp:109 VARIABLE select_ln109_3 LOOP KW_LOOP_FLAT_LOOP BUNDLEDNAME {} DSP 0 BRAM 0 URAM 0 STORAGESUBTYPE {} DISPNAME {bind_op select} VISIBLE false} {BINDTYPE op ID {} IMPL fabric LATENCY 0 OPTYPE add PRAGMA {} RTLNAME k_fu_2482_p2 SOURCE ../gen2/Hls_Layers_UpConv.tpp:111 VARIABLE k LOOP KW_LOOP_FLAT_LOOP BUNDLEDNAME {} DSP 0 BRAM 0 URAM 0 STORAGESUBTYPE {} DISPNAME {bind_op add} VISIBLE true} {BINDTYPE op ID {} IMPL fabric LATENCY 0 OPTYPE add PRAGMA {} RTLNAME add_ln126_fu_2436_p2 SOURCE ../gen2/Hls_Layers_UpConv.tpp:126 VARIABLE add_ln126 LOOP KW_LOOP_FLAT_LOOP BUNDLEDNAME {} DSP 0 BRAM 0 URAM 0 STORAGESUBTYPE {} DISPNAME {bind_op add} VISIBLE true} {BINDTYPE op ID {} IMPL auto LATENCY 0 OPTYPE setlt PRAGMA {} RTLNAME icmp163_fu_2537_p2 SOURCE ../gen2/Hls_Layers_UpConv.tpp:109 VARIABLE icmp163 LOOP KW_LOOP_FLAT_LOOP BUNDLEDNAME {} DSP 0 BRAM 0 URAM 0 STORAGESUBTYPE {} DISPNAME {bind_op setlt} VISIBLE false} {BINDTYPE op ID {} IMPL fabric LATENCY 3 OPTYPE hmul PRAGMA yes RTLNAME hmul_16ns_16ns_16_4_no_dsp_1_U229 SOURCE ../gen2/Hls_Layers_UpConv.tpp:138 VARIABLE prod LOOP KW_LOOP_FLAT_LOOP BUNDLEDNAME {} DSP 0 BRAM 0 URAM 0 STORAGESUBTYPE {} DISPNAME {bind_op hmul} VISIBLE true} {BINDTYPE op ID {} IMPL fulldsp LATENCY 4 OPTYPE hadd PRAGMA {} RTLNAME hadd_16ns_16ns_16_5_full_dsp_1_U61 SOURCE ../gen2/Hls_Layers_UpConv.tpp:139 VARIABLE dot LOOP KW_LOOP_FLAT_LOOP BUNDLEDNAME {} DSP 2 BRAM 0 URAM 0 STORAGESUBTYPE {} DISPNAME {bind_op hadd} VISIBLE true} {BINDTYPE op ID {} IMPL fabric LATENCY 3 OPTYPE hmul PRAGMA yes RTLNAME hmul_16ns_16ns_16_4_no_dsp_1_U230 SOURCE ../gen2/Hls_Layers_UpConv.tpp:138 VARIABLE prod_1 LOOP KW_LOOP_FLAT_LOOP BUNDLEDNAME {} DSP 0 BRAM 0 URAM 0 STORAGESUBTYPE {} DISPNAME {bind_op hmul} VISIBLE true} {BINDTYPE op ID {} IMPL fulldsp LATENCY 4 OPTYPE hadd PRAGMA {} RTLNAME hadd_16ns_16ns_16_5_full_dsp_1_U69 SOURCE ../gen2/Hls_Layers_UpConv.tpp:139 VARIABLE dot_1 LOOP KW_LOOP_FLAT_LOOP BUNDLEDNAME {} DSP 2 BRAM 0 URAM 0 STORAGESUBTYPE {} DISPNAME {bind_op hadd} VISIBLE true} {BINDTYPE op ID {} IMPL fabric LATENCY 3 OPTYPE hmul PRAGMA yes RTLNAME hmul_16ns_16ns_16_4_no_dsp_1_U231 SOURCE ../gen2/Hls_Layers_UpConv.tpp:138 VARIABLE prod_2 LOOP KW_LOOP_FLAT_LOOP BUNDLEDNAME {} DSP 0 BRAM 0 URAM 0 STORAGESUBTYPE {} DISPNAME {bind_op hmul} VISIBLE true} {BINDTYPE op ID {} IMPL fulldsp LATENCY 4 OPTYPE hadd PRAGMA {} RTLNAME hadd_16ns_16ns_16_5_full_dsp_1_U77 SOURCE ../gen2/Hls_Layers_UpConv.tpp:139 VARIABLE dot_2 LOOP KW_LOOP_FLAT_LOOP BUNDLEDNAME {} DSP 2 BRAM 0 URAM 0 STORAGESUBTYPE {} DISPNAME {bind_op hadd} VISIBLE true} {BINDTYPE op ID {} IMPL fabric LATENCY 3 OPTYPE hmul PRAGMA yes RTLNAME hmul_16ns_16ns_16_4_no_dsp_1_U232 SOURCE ../gen2/Hls_Layers_UpConv.tpp:138 VARIABLE prod_3 LOOP KW_LOOP_FLAT_LOOP BUNDLEDNAME {} DSP 0 BRAM 0 URAM 0 STORAGESUBTYPE {} DISPNAME {bind_op hmul} VISIBLE true} {BINDTYPE op ID {} IMPL fulldsp LATENCY 4 OPTYPE hadd PRAGMA {} RTLNAME hadd_16ns_16ns_16_5_full_dsp_1_U85 SOURCE ../gen2/Hls_Layers_UpConv.tpp:139 VARIABLE dot_3 LOOP KW_LOOP_FLAT_LOOP BUNDLEDNAME {} DSP 2 BRAM 0 URAM 0 STORAGESUBTYPE {} DISPNAME {bind_op hadd} VISIBLE true} {BINDTYPE op ID {} IMPL fabric LATENCY 3 OPTYPE hmul PRAGMA yes RTLNAME hmul_16ns_16ns_16_4_no_dsp_1_U233 SOURCE ../gen2/Hls_Layers_UpConv.tpp:138 VARIABLE prod_4 LOOP KW_LOOP_FLAT_LOOP BUNDLEDNAME {} DSP 0 BRAM 0 URAM 0 STORAGESUBTYPE {} DISPNAME {bind_op hmul} VISIBLE true} {BINDTYPE op ID {} IMPL fulldsp LATENCY 4 OPTYPE hadd PRAGMA {} RTLNAME hadd_16ns_16ns_16_5_full_dsp_1_U93 SOURCE ../gen2/Hls_Layers_UpConv.tpp:139 VARIABLE dot_4 LOOP KW_LOOP_FLAT_LOOP BUNDLEDNAME {} DSP 2 BRAM 0 URAM 0 STORAGESUBTYPE {} DISPNAME {bind_op hadd} VISIBLE true} {BINDTYPE op ID {} IMPL fabric LATENCY 3 OPTYPE hmul PRAGMA yes RTLNAME hmul_16ns_16ns_16_4_no_dsp_1_U234 SOURCE ../gen2/Hls_Layers_UpConv.tpp:138 VARIABLE prod_5 LOOP KW_LOOP_FLAT_LOOP BUNDLEDNAME {} DSP 0 BRAM 0 URAM 0 STORAGESUBTYPE {} DISPNAME {bind_op hmul} VISIBLE true} {BINDTYPE op ID {} IMPL fulldsp LATENCY 4 OPTYPE hadd PRAGMA {} RTLNAME hadd_16ns_16ns_16_5_full_dsp_1_U101 SOURCE ../gen2/Hls_Layers_UpConv.tpp:139 VARIABLE dot_5 LOOP KW_LOOP_FLAT_LOOP BUNDLEDNAME {} DSP 2 BRAM 0 URAM 0 STORAGESUBTYPE {} DISPNAME {bind_op hadd} VISIBLE true} {BINDTYPE op ID {} IMPL fabric LATENCY 3 OPTYPE hmul PRAGMA yes RTLNAME hmul_16ns_16ns_16_4_no_dsp_1_U235 SOURCE ../gen2/Hls_Layers_UpConv.tpp:138 VARIABLE prod_6 LOOP KW_LOOP_FLAT_LOOP BUNDLEDNAME {} DSP 0 BRAM 0 URAM 0 STORAGESUBTYPE {} DISPNAME {bind_op hmul} VISIBLE true} {BINDTYPE op ID {} IMPL fulldsp LATENCY 4 OPTYPE hadd PRAGMA {} RTLNAME hadd_16ns_16ns_16_5_full_dsp_1_U109 SOURCE ../gen2/Hls_Layers_UpConv.tpp:139 VARIABLE dot_6 LOOP KW_LOOP_FLAT_LOOP BUNDLEDNAME {} DSP 2 BRAM 0 URAM 0 STORAGESUBTYPE {} DISPNAME {bind_op hadd} VISIBLE true} {BINDTYPE op ID {} IMPL fabric LATENCY 3 OPTYPE hmul PRAGMA yes RTLNAME hmul_16ns_16ns_16_4_no_dsp_1_U236 SOURCE ../gen2/Hls_Layers_UpConv.tpp:138 VARIABLE prod_7 LOOP KW_LOOP_FLAT_LOOP BUNDLEDNAME {} DSP 0 BRAM 0 URAM 0 STORAGESUBTYPE {} DISPNAME {bind_op hmul} VISIBLE true} {BINDTYPE op ID {} IMPL fulldsp LATENCY 4 OPTYPE hadd PRAGMA {} RTLNAME hadd_16ns_16ns_16_5_full_dsp_1_U117 SOURCE ../gen2/Hls_Layers_UpConv.tpp:139 VARIABLE dot_7 LOOP KW_LOOP_FLAT_LOOP BUNDLEDNAME {} DSP 2 BRAM 0 URAM 0 STORAGESUBTYPE {} DISPNAME {bind_op hadd} VISIBLE true} {BINDTYPE op ID {} IMPL fabric LATENCY 3 OPTYPE hmul PRAGMA yes RTLNAME hmul_16ns_16ns_16_4_no_dsp_1_U237 SOURCE ../gen2/Hls_Layers_UpConv.tpp:138 VARIABLE prod_8 LOOP KW_LOOP_FLAT_LOOP BUNDLEDNAME {} DSP 0 BRAM 0 URAM 0 STORAGESUBTYPE {} DISPNAME {bind_op hmul} VISIBLE true} {BINDTYPE op ID {} IMPL fulldsp LATENCY 4 OPTYPE hadd PRAGMA {} RTLNAME hadd_16ns_16ns_16_5_full_dsp_1_U125 SOURCE ../gen2/Hls_Layers_UpConv.tpp:139 VARIABLE dot_8 LOOP KW_LOOP_FLAT_LOOP BUNDLEDNAME {} DSP 2 BRAM 0 URAM 0 STORAGESUBTYPE {} DISPNAME {bind_op hadd} VISIBLE true} {BINDTYPE op ID {} IMPL fabric LATENCY 3 OPTYPE hmul PRAGMA yes RTLNAME hmul_16ns_16ns_16_4_no_dsp_1_U238 SOURCE ../gen2/Hls_Layers_UpConv.tpp:138 VARIABLE prod_9 LOOP KW_LOOP_FLAT_LOOP BUNDLEDNAME {} DSP 0 BRAM 0 URAM 0 STORAGESUBTYPE {} DISPNAME {bind_op hmul} VISIBLE true} {BINDTYPE op ID {} IMPL fulldsp LATENCY 4 OPTYPE hadd PRAGMA {} RTLNAME hadd_16ns_16ns_16_5_full_dsp_1_U133 SOURCE ../gen2/Hls_Layers_UpConv.tpp:139 VARIABLE dot_9 LOOP KW_LOOP_FLAT_LOOP BUNDLEDNAME {} DSP 2 BRAM 0 URAM 0 STORAGESUBTYPE {} DISPNAME {bind_op hadd} VISIBLE true} {BINDTYPE op ID {} IMPL fabric LATENCY 3 OPTYPE hmul PRAGMA yes RTLNAME hmul_16ns_16ns_16_4_no_dsp_1_U239 SOURCE ../gen2/Hls_Layers_UpConv.tpp:138 VARIABLE prod_10 LOOP KW_LOOP_FLAT_LOOP BUNDLEDNAME {} DSP 0 BRAM 0 URAM 0 STORAGESUBTYPE {} DISPNAME {bind_op hmul} VISIBLE true} {BINDTYPE op ID {} IMPL fulldsp LATENCY 4 OPTYPE hadd PRAGMA {} RTLNAME hadd_16ns_16ns_16_5_full_dsp_1_U141 SOURCE ../gen2/Hls_Layers_UpConv.tpp:139 VARIABLE dot_10 LOOP KW_LOOP_FLAT_LOOP BUNDLEDNAME {} DSP 2 BRAM 0 URAM 0 STORAGESUBTYPE {} DISPNAME {bind_op hadd} VISIBLE true} {BINDTYPE op ID {} IMPL fabric LATENCY 3 OPTYPE hmul PRAGMA yes RTLNAME hmul_16ns_16ns_16_4_no_dsp_1_U240 SOURCE ../gen2/Hls_Layers_UpConv.tpp:138 VARIABLE prod_11 LOOP KW_LOOP_FLAT_LOOP BUNDLEDNAME {} DSP 0 BRAM 0 URAM 0 STORAGESUBTYPE {} DISPNAME {bind_op hmul} VISIBLE true} {BINDTYPE op ID {} IMPL fulldsp LATENCY 4 OPTYPE hadd PRAGMA {} RTLNAME hadd_16ns_16ns_16_5_full_dsp_1_U149 SOURCE ../gen2/Hls_Layers_UpConv.tpp:139 VARIABLE dot_11 LOOP KW_LOOP_FLAT_LOOP BUNDLEDNAME {} DSP 2 BRAM 0 URAM 0 STORAGESUBTYPE {} DISPNAME {bind_op hadd} VISIBLE true} {BINDTYPE op ID {} IMPL fabric LATENCY 3 OPTYPE hmul PRAGMA yes RTLNAME hmul_16ns_16ns_16_4_no_dsp_1_U241 SOURCE ../gen2/Hls_Layers_UpConv.tpp:138 VARIABLE prod_12 LOOP KW_LOOP_FLAT_LOOP BUNDLEDNAME {} DSP 0 BRAM 0 URAM 0 STORAGESUBTYPE {} DISPNAME {bind_op hmul} VISIBLE true} {BINDTYPE op ID {} IMPL fulldsp LATENCY 4 OPTYPE hadd PRAGMA {} RTLNAME hadd_16ns_16ns_16_5_full_dsp_1_U157 SOURCE ../gen2/Hls_Layers_UpConv.tpp:139 VARIABLE dot_12 LOOP KW_LOOP_FLAT_LOOP BUNDLEDNAME {} DSP 2 BRAM 0 URAM 0 STORAGESUBTYPE {} DISPNAME {bind_op hadd} VISIBLE true} {BINDTYPE op ID {} IMPL fabric LATENCY 3 OPTYPE hmul PRAGMA yes RTLNAME hmul_16ns_16ns_16_4_no_dsp_1_U242 SOURCE ../gen2/Hls_Layers_UpConv.tpp:138 VARIABLE prod_13 LOOP KW_LOOP_FLAT_LOOP BUNDLEDNAME {} DSP 0 BRAM 0 URAM 0 STORAGESUBTYPE {} DISPNAME {bind_op hmul} VISIBLE true} {BINDTYPE op ID {} IMPL fulldsp LATENCY 4 OPTYPE hadd PRAGMA {} RTLNAME hadd_16ns_16ns_16_5_full_dsp_1_U165 SOURCE ../gen2/Hls_Layers_UpConv.tpp:139 VARIABLE dot_13 LOOP KW_LOOP_FLAT_LOOP BUNDLEDNAME {} DSP 2 BRAM 0 URAM 0 STORAGESUBTYPE {} DISPNAME {bind_op hadd} VISIBLE true} {BINDTYPE op ID {} IMPL fabric LATENCY 3 OPTYPE hmul PRAGMA yes RTLNAME hmul_16ns_16ns_16_4_no_dsp_1_U243 SOURCE ../gen2/Hls_Layers_UpConv.tpp:138 VARIABLE prod_14 LOOP KW_LOOP_FLAT_LOOP BUNDLEDNAME {} DSP 0 BRAM 0 URAM 0 STORAGESUBTYPE {} DISPNAME {bind_op hmul} VISIBLE true} {BINDTYPE op ID {} IMPL fulldsp LATENCY 4 OPTYPE hadd PRAGMA {} RTLNAME hadd_16ns_16ns_16_5_full_dsp_1_U173 SOURCE ../gen2/Hls_Layers_UpConv.tpp:139 VARIABLE dot_14 LOOP KW_LOOP_FLAT_LOOP BUNDLEDNAME {} DSP 2 BRAM 0 URAM 0 STORAGESUBTYPE {} DISPNAME {bind_op hadd} VISIBLE true} {BINDTYPE op ID {} IMPL fabric LATENCY 3 OPTYPE hmul PRAGMA yes RTLNAME hmul_16ns_16ns_16_4_no_dsp_1_U244 SOURCE ../gen2/Hls_Layers_UpConv.tpp:138 VARIABLE prod_15 LOOP KW_LOOP_FLAT_LOOP BUNDLEDNAME {} DSP 0 BRAM 0 URAM 0 STORAGESUBTYPE {} DISPNAME {bind_op hmul} VISIBLE true} {BINDTYPE op ID {} IMPL fulldsp LATENCY 4 OPTYPE hadd PRAGMA {} RTLNAME hadd_16ns_16ns_16_5_full_dsp_1_U181 SOURCE ../gen2/Hls_Layers_UpConv.tpp:139 VARIABLE dot_15 LOOP KW_LOOP_FLAT_LOOP BUNDLEDNAME {} DSP 2 BRAM 0 URAM 0 STORAGESUBTYPE {} DISPNAME {bind_op hadd} VISIBLE true} {BINDTYPE op ID {} IMPL fabric LATENCY 3 OPTYPE hmul PRAGMA yes RTLNAME hmul_16ns_16ns_16_4_no_dsp_1_U245 SOURCE ../gen2/Hls_Layers_UpConv.tpp:138 VARIABLE prod_127 LOOP KW_LOOP_FLAT_LOOP BUNDLEDNAME {} DSP 0 BRAM 0 URAM 0 STORAGESUBTYPE {} DISPNAME {bind_op hmul} VISIBLE true} {BINDTYPE op ID {} IMPL fulldsp LATENCY 4 OPTYPE hadd PRAGMA {} RTLNAME hadd_16ns_16ns_16_5_full_dsp_1_U62 SOURCE ../gen2/Hls_Layers_UpConv.tpp:139 VARIABLE dot_127 LOOP KW_LOOP_FLAT_LOOP BUNDLEDNAME {} DSP 2 BRAM 0 URAM 0 STORAGESUBTYPE {} DISPNAME {bind_op hadd} VISIBLE true} {BINDTYPE op ID {} IMPL fabric LATENCY 3 OPTYPE hmul PRAGMA yes RTLNAME hmul_16ns_16ns_16_4_no_dsp_1_U246 SOURCE ../gen2/Hls_Layers_UpConv.tpp:138 VARIABLE prod_16 LOOP KW_LOOP_FLAT_LOOP BUNDLEDNAME {} DSP 0 BRAM 0 URAM 0 STORAGESUBTYPE {} DISPNAME {bind_op hmul} VISIBLE true} {BINDTYPE op ID {} IMPL fulldsp LATENCY 4 OPTYPE hadd PRAGMA {} RTLNAME hadd_16ns_16ns_16_5_full_dsp_1_U70 SOURCE ../gen2/Hls_Layers_UpConv.tpp:139 VARIABLE dot_16 LOOP KW_LOOP_FLAT_LOOP BUNDLEDNAME {} DSP 2 BRAM 0 URAM 0 STORAGESUBTYPE {} DISPNAME {bind_op hadd} VISIBLE true} {BINDTYPE op ID {} IMPL fabric LATENCY 3 OPTYPE hmul PRAGMA yes RTLNAME hmul_16ns_16ns_16_4_no_dsp_1_U247 SOURCE ../gen2/Hls_Layers_UpConv.tpp:138 VARIABLE prod_17 LOOP KW_LOOP_FLAT_LOOP BUNDLEDNAME {} DSP 0 BRAM 0 URAM 0 STORAGESUBTYPE {} DISPNAME {bind_op hmul} VISIBLE true} {BINDTYPE op ID {} IMPL fulldsp LATENCY 4 OPTYPE hadd PRAGMA {} RTLNAME hadd_16ns_16ns_16_5_full_dsp_1_U78 SOURCE ../gen2/Hls_Layers_UpConv.tpp:139 VARIABLE dot_17 LOOP KW_LOOP_FLAT_LOOP BUNDLEDNAME {} DSP 2 BRAM 0 URAM 0 STORAGESUBTYPE {} DISPNAME {bind_op hadd} VISIBLE true} {BINDTYPE op ID {} IMPL fabric LATENCY 3 OPTYPE hmul PRAGMA yes RTLNAME hmul_16ns_16ns_16_4_no_dsp_1_U248 SOURCE ../gen2/Hls_Layers_UpConv.tpp:138 VARIABLE prod_18 LOOP KW_LOOP_FLAT_LOOP BUNDLEDNAME {} DSP 0 BRAM 0 URAM 0 STORAGESUBTYPE {} DISPNAME {bind_op hmul} VISIBLE true} {BINDTYPE op ID {} IMPL fulldsp LATENCY 4 OPTYPE hadd PRAGMA {} RTLNAME hadd_16ns_16ns_16_5_full_dsp_1_U86 SOURCE ../gen2/Hls_Layers_UpConv.tpp:139 VARIABLE dot_18 LOOP KW_LOOP_FLAT_LOOP BUNDLEDNAME {} DSP 2 BRAM 0 URAM 0 STORAGESUBTYPE {} DISPNAME {bind_op hadd} VISIBLE true} {BINDTYPE op ID {} IMPL fabric LATENCY 3 OPTYPE hmul PRAGMA yes RTLNAME hmul_16ns_16ns_16_4_no_dsp_1_U249 SOURCE ../gen2/Hls_Layers_UpConv.tpp:138 VARIABLE prod_19 LOOP KW_LOOP_FLAT_LOOP BUNDLEDNAME {} DSP 0 BRAM 0 URAM 0 STORAGESUBTYPE {} DISPNAME {bind_op hmul} VISIBLE true} {BINDTYPE op ID {} IMPL fulldsp LATENCY 4 OPTYPE hadd PRAGMA {} RTLNAME hadd_16ns_16ns_16_5_full_dsp_1_U94 SOURCE ../gen2/Hls_Layers_UpConv.tpp:139 VARIABLE dot_19 LOOP KW_LOOP_FLAT_LOOP BUNDLEDNAME {} DSP 2 BRAM 0 URAM 0 STORAGESUBTYPE {} DISPNAME {bind_op hadd} VISIBLE true} {BINDTYPE op ID {} IMPL fabric LATENCY 3 OPTYPE hmul PRAGMA yes RTLNAME hmul_16ns_16ns_16_4_no_dsp_1_U250 SOURCE ../gen2/Hls_Layers_UpConv.tpp:138 VARIABLE prod_20 LOOP KW_LOOP_FLAT_LOOP BUNDLEDNAME {} DSP 0 BRAM 0 URAM 0 STORAGESUBTYPE {} DISPNAME {bind_op hmul} VISIBLE true} {BINDTYPE op ID {} IMPL fulldsp LATENCY 4 OPTYPE hadd PRAGMA {} RTLNAME hadd_16ns_16ns_16_5_full_dsp_1_U102 SOURCE ../gen2/Hls_Layers_UpConv.tpp:139 VARIABLE dot_20 LOOP KW_LOOP_FLAT_LOOP BUNDLEDNAME {} DSP 2 BRAM 0 URAM 0 STORAGESUBTYPE {} DISPNAME {bind_op hadd} VISIBLE true} {BINDTYPE op ID {} IMPL fabric LATENCY 3 OPTYPE hmul PRAGMA yes RTLNAME hmul_16ns_16ns_16_4_no_dsp_1_U251 SOURCE ../gen2/Hls_Layers_UpConv.tpp:138 VARIABLE prod_21 LOOP KW_LOOP_FLAT_LOOP BUNDLEDNAME {} DSP 0 BRAM 0 URAM 0 STORAGESUBTYPE {} DISPNAME {bind_op hmul} VISIBLE true} {BINDTYPE op ID {} IMPL fulldsp LATENCY 4 OPTYPE hadd PRAGMA {} RTLNAME hadd_16ns_16ns_16_5_full_dsp_1_U110 SOURCE ../gen2/Hls_Layers_UpConv.tpp:139 VARIABLE dot_21 LOOP KW_LOOP_FLAT_LOOP BUNDLEDNAME {} DSP 2 BRAM 0 URAM 0 STORAGESUBTYPE {} DISPNAME {bind_op hadd} VISIBLE true} {BINDTYPE op ID {} IMPL fabric LATENCY 3 OPTYPE hmul PRAGMA yes RTLNAME hmul_16ns_16ns_16_4_no_dsp_1_U252 SOURCE ../gen2/Hls_Layers_UpConv.tpp:138 VARIABLE prod_22 LOOP KW_LOOP_FLAT_LOOP BUNDLEDNAME {} DSP 0 BRAM 0 URAM 0 STORAGESUBTYPE {} DISPNAME {bind_op hmul} VISIBLE true} {BINDTYPE op ID {} IMPL fulldsp LATENCY 4 OPTYPE hadd PRAGMA {} RTLNAME hadd_16ns_16ns_16_5_full_dsp_1_U118 SOURCE ../gen2/Hls_Layers_UpConv.tpp:139 VARIABLE dot_22 LOOP KW_LOOP_FLAT_LOOP BUNDLEDNAME {} DSP 2 BRAM 0 URAM 0 STORAGESUBTYPE {} DISPNAME {bind_op hadd} VISIBLE true} {BINDTYPE op ID {} IMPL fabric LATENCY 3 OPTYPE hmul PRAGMA yes RTLNAME hmul_16ns_16ns_16_4_no_dsp_1_U253 SOURCE ../gen2/Hls_Layers_UpConv.tpp:138 VARIABLE prod_23 LOOP KW_LOOP_FLAT_LOOP BUNDLEDNAME {} DSP 0 BRAM 0 URAM 0 STORAGESUBTYPE {} DISPNAME {bind_op hmul} VISIBLE true} {BINDTYPE op ID {} IMPL fulldsp LATENCY 4 OPTYPE hadd PRAGMA {} RTLNAME hadd_16ns_16ns_16_5_full_dsp_1_U126 SOURCE ../gen2/Hls_Layers_UpConv.tpp:139 VARIABLE dot_23 LOOP KW_LOOP_FLAT_LOOP BUNDLEDNAME {} DSP 2 BRAM 0 URAM 0 STORAGESUBTYPE {} DISPNAME {bind_op hadd} VISIBLE true} {BINDTYPE op ID {} IMPL fabric LATENCY 3 OPTYPE hmul PRAGMA yes RTLNAME hmul_16ns_16ns_16_4_no_dsp_1_U254 SOURCE ../gen2/Hls_Layers_UpConv.tpp:138 VARIABLE prod_24 LOOP KW_LOOP_FLAT_LOOP BUNDLEDNAME {} DSP 0 BRAM 0 URAM 0 STORAGESUBTYPE {} DISPNAME {bind_op hmul} VISIBLE true} {BINDTYPE op ID {} IMPL fulldsp LATENCY 4 OPTYPE hadd PRAGMA {} RTLNAME hadd_16ns_16ns_16_5_full_dsp_1_U134 SOURCE ../gen2/Hls_Layers_UpConv.tpp:139 VARIABLE dot_24 LOOP KW_LOOP_FLAT_LOOP BUNDLEDNAME {} DSP 2 BRAM 0 URAM 0 STORAGESUBTYPE {} DISPNAME {bind_op hadd} VISIBLE true} {BINDTYPE op ID {} IMPL fabric LATENCY 3 OPTYPE hmul PRAGMA yes RTLNAME hmul_16ns_16ns_16_4_no_dsp_1_U255 SOURCE ../gen2/Hls_Layers_UpConv.tpp:138 VARIABLE prod_25 LOOP KW_LOOP_FLAT_LOOP BUNDLEDNAME {} DSP 0 BRAM 0 URAM 0 STORAGESUBTYPE {} DISPNAME {bind_op hmul} VISIBLE true} {BINDTYPE op ID {} IMPL fulldsp LATENCY 4 OPTYPE hadd PRAGMA {} RTLNAME hadd_16ns_16ns_16_5_full_dsp_1_U142 SOURCE ../gen2/Hls_Layers_UpConv.tpp:139 VARIABLE dot_25 LOOP KW_LOOP_FLAT_LOOP BUNDLEDNAME {} DSP 2 BRAM 0 URAM 0 STORAGESUBTYPE {} DISPNAME {bind_op hadd} VISIBLE true} {BINDTYPE op ID {} IMPL fabric LATENCY 3 OPTYPE hmul PRAGMA yes RTLNAME hmul_16ns_16ns_16_4_no_dsp_1_U256 SOURCE ../gen2/Hls_Layers_UpConv.tpp:138 VARIABLE prod_26 LOOP KW_LOOP_FLAT_LOOP BUNDLEDNAME {} DSP 0 BRAM 0 URAM 0 STORAGESUBTYPE {} DISPNAME {bind_op hmul} VISIBLE true} {BINDTYPE op ID {} IMPL fulldsp LATENCY 4 OPTYPE hadd PRAGMA {} RTLNAME hadd_16ns_16ns_16_5_full_dsp_1_U150 SOURCE ../gen2/Hls_Layers_UpConv.tpp:139 VARIABLE dot_26 LOOP KW_LOOP_FLAT_LOOP BUNDLEDNAME {} DSP 2 BRAM 0 URAM 0 STORAGESUBTYPE {} DISPNAME {bind_op hadd} VISIBLE true} {BINDTYPE op ID {} IMPL fabric LATENCY 3 OPTYPE hmul PRAGMA yes RTLNAME hmul_16ns_16ns_16_4_no_dsp_1_U257 SOURCE ../gen2/Hls_Layers_UpConv.tpp:138 VARIABLE prod_27 LOOP KW_LOOP_FLAT_LOOP BUNDLEDNAME {} DSP 0 BRAM 0 URAM 0 STORAGESUBTYPE {} DISPNAME {bind_op hmul} VISIBLE true} {BINDTYPE op ID {} IMPL fulldsp LATENCY 4 OPTYPE hadd PRAGMA {} RTLNAME hadd_16ns_16ns_16_5_full_dsp_1_U158 SOURCE ../gen2/Hls_Layers_UpConv.tpp:139 VARIABLE dot_27 LOOP KW_LOOP_FLAT_LOOP BUNDLEDNAME {} DSP 2 BRAM 0 URAM 0 STORAGESUBTYPE {} DISPNAME {bind_op hadd} VISIBLE true} {BINDTYPE op ID {} IMPL fabric LATENCY 3 OPTYPE hmul PRAGMA yes RTLNAME hmul_16ns_16ns_16_4_no_dsp_1_U258 SOURCE ../gen2/Hls_Layers_UpConv.tpp:138 VARIABLE prod_28 LOOP KW_LOOP_FLAT_LOOP BUNDLEDNAME {} DSP 0 BRAM 0 URAM 0 STORAGESUBTYPE {} DISPNAME {bind_op hmul} VISIBLE true} {BINDTYPE op ID {} IMPL fulldsp LATENCY 4 OPTYPE hadd PRAGMA {} RTLNAME hadd_16ns_16ns_16_5_full_dsp_1_U166 SOURCE ../gen2/Hls_Layers_UpConv.tpp:139 VARIABLE dot_28 LOOP KW_LOOP_FLAT_LOOP BUNDLEDNAME {} DSP 2 BRAM 0 URAM 0 STORAGESUBTYPE {} DISPNAME {bind_op hadd} VISIBLE true} {BINDTYPE op ID {} IMPL fabric LATENCY 3 OPTYPE hmul PRAGMA yes RTLNAME hmul_16ns_16ns_16_4_no_dsp_1_U259 SOURCE ../gen2/Hls_Layers_UpConv.tpp:138 VARIABLE prod_29 LOOP KW_LOOP_FLAT_LOOP BUNDLEDNAME {} DSP 0 BRAM 0 URAM 0 STORAGESUBTYPE {} DISPNAME {bind_op hmul} VISIBLE true} {BINDTYPE op ID {} IMPL fulldsp LATENCY 4 OPTYPE hadd PRAGMA {} RTLNAME hadd_16ns_16ns_16_5_full_dsp_1_U174 SOURCE ../gen2/Hls_Layers_UpConv.tpp:139 VARIABLE dot_29 LOOP KW_LOOP_FLAT_LOOP BUNDLEDNAME {} DSP 2 BRAM 0 URAM 0 STORAGESUBTYPE {} DISPNAME {bind_op hadd} VISIBLE true} {BINDTYPE op ID {} IMPL fabric LATENCY 3 OPTYPE hmul PRAGMA yes RTLNAME hmul_16ns_16ns_16_4_no_dsp_1_U260 SOURCE ../gen2/Hls_Layers_UpConv.tpp:138 VARIABLE prod_30 LOOP KW_LOOP_FLAT_LOOP BUNDLEDNAME {} DSP 0 BRAM 0 URAM 0 STORAGESUBTYPE {} DISPNAME {bind_op hmul} VISIBLE true} {BINDTYPE op ID {} IMPL fulldsp LATENCY 4 OPTYPE hadd PRAGMA {} RTLNAME hadd_16ns_16ns_16_5_full_dsp_1_U182 SOURCE ../gen2/Hls_Layers_UpConv.tpp:139 VARIABLE dot_30 LOOP KW_LOOP_FLAT_LOOP BUNDLEDNAME {} DSP 2 BRAM 0 URAM 0 STORAGESUBTYPE {} DISPNAME {bind_op hadd} VISIBLE true} {BINDTYPE op ID {} IMPL fabric LATENCY 3 OPTYPE hmul PRAGMA yes RTLNAME hmul_16ns_16ns_16_4_no_dsp_1_U261 SOURCE ../gen2/Hls_Layers_UpConv.tpp:138 VARIABLE prod_31 LOOP KW_LOOP_FLAT_LOOP BUNDLEDNAME {} DSP 0 BRAM 0 URAM 0 STORAGESUBTYPE {} DISPNAME {bind_op hmul} VISIBLE true} {BINDTYPE op ID {} IMPL fulldsp LATENCY 4 OPTYPE hadd PRAGMA {} RTLNAME hadd_16ns_16ns_16_5_full_dsp_1_U63 SOURCE ../gen2/Hls_Layers_UpConv.tpp:139 VARIABLE dot_31 LOOP KW_LOOP_FLAT_LOOP BUNDLEDNAME {} DSP 2 BRAM 0 URAM 0 STORAGESUBTYPE {} DISPNAME {bind_op hadd} VISIBLE true} {BINDTYPE op ID {} IMPL fabric LATENCY 3 OPTYPE hmul PRAGMA yes RTLNAME hmul_16ns_16ns_16_4_no_dsp_1_U262 SOURCE ../gen2/Hls_Layers_UpConv.tpp:138 VARIABLE prod_32 LOOP KW_LOOP_FLAT_LOOP BUNDLEDNAME {} DSP 0 BRAM 0 URAM 0 STORAGESUBTYPE {} DISPNAME {bind_op hmul} VISIBLE true} {BINDTYPE op ID {} IMPL fulldsp LATENCY 4 OPTYPE hadd PRAGMA {} RTLNAME hadd_16ns_16ns_16_5_full_dsp_1_U71 SOURCE ../gen2/Hls_Layers_UpConv.tpp:139 VARIABLE dot_32 LOOP KW_LOOP_FLAT_LOOP BUNDLEDNAME {} DSP 2 BRAM 0 URAM 0 STORAGESUBTYPE {} DISPNAME {bind_op hadd} VISIBLE true} {BINDTYPE op ID {} IMPL fabric LATENCY 3 OPTYPE hmul PRAGMA yes RTLNAME hmul_16ns_16ns_16_4_no_dsp_1_U263 SOURCE ../gen2/Hls_Layers_UpConv.tpp:138 VARIABLE prod_33 LOOP KW_LOOP_FLAT_LOOP BUNDLEDNAME {} DSP 0 BRAM 0 URAM 0 STORAGESUBTYPE {} DISPNAME {bind_op hmul} VISIBLE true} {BINDTYPE op ID {} IMPL fulldsp LATENCY 4 OPTYPE hadd PRAGMA {} RTLNAME hadd_16ns_16ns_16_5_full_dsp_1_U79 SOURCE ../gen2/Hls_Layers_UpConv.tpp:139 VARIABLE dot_33 LOOP KW_LOOP_FLAT_LOOP BUNDLEDNAME {} DSP 2 BRAM 0 URAM 0 STORAGESUBTYPE {} DISPNAME {bind_op hadd} VISIBLE true} {BINDTYPE op ID {} IMPL fabric LATENCY 3 OPTYPE hmul PRAGMA yes RTLNAME hmul_16ns_16ns_16_4_no_dsp_1_U264 SOURCE ../gen2/Hls_Layers_UpConv.tpp:138 VARIABLE prod_34 LOOP KW_LOOP_FLAT_LOOP BUNDLEDNAME {} DSP 0 BRAM 0 URAM 0 STORAGESUBTYPE {} DISPNAME {bind_op hmul} VISIBLE true} {BINDTYPE op ID {} IMPL fulldsp LATENCY 4 OPTYPE hadd PRAGMA {} RTLNAME hadd_16ns_16ns_16_5_full_dsp_1_U87 SOURCE ../gen2/Hls_Layers_UpConv.tpp:139 VARIABLE dot_34 LOOP KW_LOOP_FLAT_LOOP BUNDLEDNAME {} DSP 2 BRAM 0 URAM 0 STORAGESUBTYPE {} DISPNAME {bind_op hadd} VISIBLE true} {BINDTYPE op ID {} IMPL fabric LATENCY 3 OPTYPE hmul PRAGMA yes RTLNAME hmul_16ns_16ns_16_4_no_dsp_1_U265 SOURCE ../gen2/Hls_Layers_UpConv.tpp:138 VARIABLE prod_35 LOOP KW_LOOP_FLAT_LOOP BUNDLEDNAME {} DSP 0 BRAM 0 URAM 0 STORAGESUBTYPE {} DISPNAME {bind_op hmul} VISIBLE true} {BINDTYPE op ID {} IMPL fulldsp LATENCY 4 OPTYPE hadd PRAGMA {} RTLNAME hadd_16ns_16ns_16_5_full_dsp_1_U95 SOURCE ../gen2/Hls_Layers_UpConv.tpp:139 VARIABLE dot_35 LOOP KW_LOOP_FLAT_LOOP BUNDLEDNAME {} DSP 2 BRAM 0 URAM 0 STORAGESUBTYPE {} DISPNAME {bind_op hadd} VISIBLE true} {BINDTYPE op ID {} IMPL fabric LATENCY 3 OPTYPE hmul PRAGMA yes RTLNAME hmul_16ns_16ns_16_4_no_dsp_1_U266 SOURCE ../gen2/Hls_Layers_UpConv.tpp:138 VARIABLE prod_36 LOOP KW_LOOP_FLAT_LOOP BUNDLEDNAME {} DSP 0 BRAM 0 URAM 0 STORAGESUBTYPE {} DISPNAME {bind_op hmul} VISIBLE true} {BINDTYPE op ID {} IMPL fulldsp LATENCY 4 OPTYPE hadd PRAGMA {} RTLNAME hadd_16ns_16ns_16_5_full_dsp_1_U103 SOURCE ../gen2/Hls_Layers_UpConv.tpp:139 VARIABLE dot_36 LOOP KW_LOOP_FLAT_LOOP BUNDLEDNAME {} DSP 2 BRAM 0 URAM 0 STORAGESUBTYPE {} DISPNAME {bind_op hadd} VISIBLE true} {BINDTYPE op ID {} IMPL fabric LATENCY 3 OPTYPE hmul PRAGMA yes RTLNAME hmul_16ns_16ns_16_4_no_dsp_1_U267 SOURCE ../gen2/Hls_Layers_UpConv.tpp:138 VARIABLE prod_37 LOOP KW_LOOP_FLAT_LOOP BUNDLEDNAME {} DSP 0 BRAM 0 URAM 0 STORAGESUBTYPE {} DISPNAME {bind_op hmul} VISIBLE true} {BINDTYPE op ID {} IMPL fulldsp LATENCY 4 OPTYPE hadd PRAGMA {} RTLNAME hadd_16ns_16ns_16_5_full_dsp_1_U111 SOURCE ../gen2/Hls_Layers_UpConv.tpp:139 VARIABLE dot_37 LOOP KW_LOOP_FLAT_LOOP BUNDLEDNAME {} DSP 2 BRAM 0 URAM 0 STORAGESUBTYPE {} DISPNAME {bind_op hadd} VISIBLE true} {BINDTYPE op ID {} IMPL fabric LATENCY 3 OPTYPE hmul PRAGMA yes RTLNAME hmul_16ns_16ns_16_4_no_dsp_1_U268 SOURCE ../gen2/Hls_Layers_UpConv.tpp:138 VARIABLE prod_38 LOOP KW_LOOP_FLAT_LOOP BUNDLEDNAME {} DSP 0 BRAM 0 URAM 0 STORAGESUBTYPE {} DISPNAME {bind_op hmul} VISIBLE true} {BINDTYPE op ID {} IMPL fulldsp LATENCY 4 OPTYPE hadd PRAGMA {} RTLNAME hadd_16ns_16ns_16_5_full_dsp_1_U119 SOURCE ../gen2/Hls_Layers_UpConv.tpp:139 VARIABLE dot_38 LOOP KW_LOOP_FLAT_LOOP BUNDLEDNAME {} DSP 2 BRAM 0 URAM 0 STORAGESUBTYPE {} DISPNAME {bind_op hadd} VISIBLE true} {BINDTYPE op ID {} IMPL fabric LATENCY 3 OPTYPE hmul PRAGMA yes RTLNAME hmul_16ns_16ns_16_4_no_dsp_1_U269 SOURCE ../gen2/Hls_Layers_UpConv.tpp:138 VARIABLE prod_39 LOOP KW_LOOP_FLAT_LOOP BUNDLEDNAME {} DSP 0 BRAM 0 URAM 0 STORAGESUBTYPE {} DISPNAME {bind_op hmul} VISIBLE true} {BINDTYPE op ID {} IMPL fulldsp LATENCY 4 OPTYPE hadd PRAGMA {} RTLNAME hadd_16ns_16ns_16_5_full_dsp_1_U127 SOURCE ../gen2/Hls_Layers_UpConv.tpp:139 VARIABLE dot_39 LOOP KW_LOOP_FLAT_LOOP BUNDLEDNAME {} DSP 2 BRAM 0 URAM 0 STORAGESUBTYPE {} DISPNAME {bind_op hadd} VISIBLE true} {BINDTYPE op ID {} IMPL fabric LATENCY 3 OPTYPE hmul PRAGMA yes RTLNAME hmul_16ns_16ns_16_4_no_dsp_1_U270 SOURCE ../gen2/Hls_Layers_UpConv.tpp:138 VARIABLE prod_40 LOOP KW_LOOP_FLAT_LOOP BUNDLEDNAME {} DSP 0 BRAM 0 URAM 0 STORAGESUBTYPE {} DISPNAME {bind_op hmul} VISIBLE true} {BINDTYPE op ID {} IMPL fulldsp LATENCY 4 OPTYPE hadd PRAGMA {} RTLNAME hadd_16ns_16ns_16_5_full_dsp_1_U135 SOURCE ../gen2/Hls_Layers_UpConv.tpp:139 VARIABLE dot_40 LOOP KW_LOOP_FLAT_LOOP BUNDLEDNAME {} DSP 2 BRAM 0 URAM 0 STORAGESUBTYPE {} DISPNAME {bind_op hadd} VISIBLE true} {BINDTYPE op ID {} IMPL fabric LATENCY 3 OPTYPE hmul PRAGMA yes RTLNAME hmul_16ns_16ns_16_4_no_dsp_1_U271 SOURCE ../gen2/Hls_Layers_UpConv.tpp:138 VARIABLE prod_41 LOOP KW_LOOP_FLAT_LOOP BUNDLEDNAME {} DSP 0 BRAM 0 URAM 0 STORAGESUBTYPE {} DISPNAME {bind_op hmul} VISIBLE true} {BINDTYPE op ID {} IMPL fulldsp LATENCY 4 OPTYPE hadd PRAGMA {} RTLNAME hadd_16ns_16ns_16_5_full_dsp_1_U143 SOURCE ../gen2/Hls_Layers_UpConv.tpp:139 VARIABLE dot_41 LOOP KW_LOOP_FLAT_LOOP BUNDLEDNAME {} DSP 2 BRAM 0 URAM 0 STORAGESUBTYPE {} DISPNAME {bind_op hadd} VISIBLE true} {BINDTYPE op ID {} IMPL fabric LATENCY 3 OPTYPE hmul PRAGMA yes RTLNAME hmul_16ns_16ns_16_4_no_dsp_1_U272 SOURCE ../gen2/Hls_Layers_UpConv.tpp:138 VARIABLE prod_42 LOOP KW_LOOP_FLAT_LOOP BUNDLEDNAME {} DSP 0 BRAM 0 URAM 0 STORAGESUBTYPE {} DISPNAME {bind_op hmul} VISIBLE true} {BINDTYPE op ID {} IMPL fulldsp LATENCY 4 OPTYPE hadd PRAGMA {} RTLNAME hadd_16ns_16ns_16_5_full_dsp_1_U151 SOURCE ../gen2/Hls_Layers_UpConv.tpp:139 VARIABLE dot_42 LOOP KW_LOOP_FLAT_LOOP BUNDLEDNAME {} DSP 2 BRAM 0 URAM 0 STORAGESUBTYPE {} DISPNAME {bind_op hadd} VISIBLE true} {BINDTYPE op ID {} IMPL fabric LATENCY 3 OPTYPE hmul PRAGMA yes RTLNAME hmul_16ns_16ns_16_4_no_dsp_1_U273 SOURCE ../gen2/Hls_Layers_UpConv.tpp:138 VARIABLE prod_43 LOOP KW_LOOP_FLAT_LOOP BUNDLEDNAME {} DSP 0 BRAM 0 URAM 0 STORAGESUBTYPE {} DISPNAME {bind_op hmul} VISIBLE true} {BINDTYPE op ID {} IMPL fulldsp LATENCY 4 OPTYPE hadd PRAGMA {} RTLNAME hadd_16ns_16ns_16_5_full_dsp_1_U159 SOURCE ../gen2/Hls_Layers_UpConv.tpp:139 VARIABLE dot_43 LOOP KW_LOOP_FLAT_LOOP BUNDLEDNAME {} DSP 2 BRAM 0 URAM 0 STORAGESUBTYPE {} DISPNAME {bind_op hadd} VISIBLE true} {BINDTYPE op ID {} IMPL fabric LATENCY 3 OPTYPE hmul PRAGMA yes RTLNAME hmul_16ns_16ns_16_4_no_dsp_1_U274 SOURCE ../gen2/Hls_Layers_UpConv.tpp:138 VARIABLE prod_44 LOOP KW_LOOP_FLAT_LOOP BUNDLEDNAME {} DSP 0 BRAM 0 URAM 0 STORAGESUBTYPE {} DISPNAME {bind_op hmul} VISIBLE true} {BINDTYPE op ID {} IMPL fulldsp LATENCY 4 OPTYPE hadd PRAGMA {} RTLNAME hadd_16ns_16ns_16_5_full_dsp_1_U167 SOURCE ../gen2/Hls_Layers_UpConv.tpp:139 VARIABLE dot_44 LOOP KW_LOOP_FLAT_LOOP BUNDLEDNAME {} DSP 2 BRAM 0 URAM 0 STORAGESUBTYPE {} DISPNAME {bind_op hadd} VISIBLE true} {BINDTYPE op ID {} IMPL fabric LATENCY 3 OPTYPE hmul PRAGMA yes RTLNAME hmul_16ns_16ns_16_4_no_dsp_1_U275 SOURCE ../gen2/Hls_Layers_UpConv.tpp:138 VARIABLE prod_45 LOOP KW_LOOP_FLAT_LOOP BUNDLEDNAME {} DSP 0 BRAM 0 URAM 0 STORAGESUBTYPE {} DISPNAME {bind_op hmul} VISIBLE true} {BINDTYPE op ID {} IMPL fulldsp LATENCY 4 OPTYPE hadd PRAGMA {} RTLNAME hadd_16ns_16ns_16_5_full_dsp_1_U175 SOURCE ../gen2/Hls_Layers_UpConv.tpp:139 VARIABLE dot_45 LOOP KW_LOOP_FLAT_LOOP BUNDLEDNAME {} DSP 2 BRAM 0 URAM 0 STORAGESUBTYPE {} DISPNAME {bind_op hadd} VISIBLE true} {BINDTYPE op ID {} IMPL fabric LATENCY 3 OPTYPE hmul PRAGMA yes RTLNAME hmul_16ns_16ns_16_4_no_dsp_1_U276 SOURCE ../gen2/Hls_Layers_UpConv.tpp:138 VARIABLE prod_46 LOOP KW_LOOP_FLAT_LOOP BUNDLEDNAME {} DSP 0 BRAM 0 URAM 0 STORAGESUBTYPE {} DISPNAME {bind_op hmul} VISIBLE true} {BINDTYPE op ID {} IMPL fulldsp LATENCY 4 OPTYPE hadd PRAGMA {} RTLNAME hadd_16ns_16ns_16_5_full_dsp_1_U183 SOURCE ../gen2/Hls_Layers_UpConv.tpp:139 VARIABLE dot_46 LOOP KW_LOOP_FLAT_LOOP BUNDLEDNAME {} DSP 2 BRAM 0 URAM 0 STORAGESUBTYPE {} DISPNAME {bind_op hadd} VISIBLE true} {BINDTYPE op ID {} IMPL fabric LATENCY 3 OPTYPE hmul PRAGMA yes RTLNAME hmul_16ns_16ns_16_4_no_dsp_1_U277 SOURCE ../gen2/Hls_Layers_UpConv.tpp:138 VARIABLE prod_47 LOOP KW_LOOP_FLAT_LOOP BUNDLEDNAME {} DSP 0 BRAM 0 URAM 0 STORAGESUBTYPE {} DISPNAME {bind_op hmul} VISIBLE true} {BINDTYPE op ID {} IMPL fulldsp LATENCY 4 OPTYPE hadd PRAGMA {} RTLNAME hadd_16ns_16ns_16_5_full_dsp_1_U64 SOURCE ../gen2/Hls_Layers_UpConv.tpp:139 VARIABLE dot_47 LOOP KW_LOOP_FLAT_LOOP BUNDLEDNAME {} DSP 2 BRAM 0 URAM 0 STORAGESUBTYPE {} DISPNAME {bind_op hadd} VISIBLE true} {BINDTYPE op ID {} IMPL fabric LATENCY 3 OPTYPE hmul PRAGMA yes RTLNAME hmul_16ns_16ns_16_4_no_dsp_1_U278 SOURCE ../gen2/Hls_Layers_UpConv.tpp:138 VARIABLE prod_48 LOOP KW_LOOP_FLAT_LOOP BUNDLEDNAME {} DSP 0 BRAM 0 URAM 0 STORAGESUBTYPE {} DISPNAME {bind_op hmul} VISIBLE true} {BINDTYPE op ID {} IMPL fulldsp LATENCY 4 OPTYPE hadd PRAGMA {} RTLNAME hadd_16ns_16ns_16_5_full_dsp_1_U72 SOURCE ../gen2/Hls_Layers_UpConv.tpp:139 VARIABLE dot_48 LOOP KW_LOOP_FLAT_LOOP BUNDLEDNAME {} DSP 2 BRAM 0 URAM 0 STORAGESUBTYPE {} DISPNAME {bind_op hadd} VISIBLE true} {BINDTYPE op ID {} IMPL fabric LATENCY 3 OPTYPE hmul PRAGMA yes RTLNAME hmul_16ns_16ns_16_4_no_dsp_1_U279 SOURCE ../gen2/Hls_Layers_UpConv.tpp:138 VARIABLE prod_49 LOOP KW_LOOP_FLAT_LOOP BUNDLEDNAME {} DSP 0 BRAM 0 URAM 0 STORAGESUBTYPE {} DISPNAME {bind_op hmul} VISIBLE true} {BINDTYPE op ID {} IMPL fulldsp LATENCY 4 OPTYPE hadd PRAGMA {} RTLNAME hadd_16ns_16ns_16_5_full_dsp_1_U80 SOURCE ../gen2/Hls_Layers_UpConv.tpp:139 VARIABLE dot_49 LOOP KW_LOOP_FLAT_LOOP BUNDLEDNAME {} DSP 2 BRAM 0 URAM 0 STORAGESUBTYPE {} DISPNAME {bind_op hadd} VISIBLE true} {BINDTYPE op ID {} IMPL fabric LATENCY 3 OPTYPE hmul PRAGMA yes RTLNAME hmul_16ns_16ns_16_4_no_dsp_1_U280 SOURCE ../gen2/Hls_Layers_UpConv.tpp:138 VARIABLE prod_50 LOOP KW_LOOP_FLAT_LOOP BUNDLEDNAME {} DSP 0 BRAM 0 URAM 0 STORAGESUBTYPE {} DISPNAME {bind_op hmul} VISIBLE true} {BINDTYPE op ID {} IMPL fulldsp LATENCY 4 OPTYPE hadd PRAGMA {} RTLNAME hadd_16ns_16ns_16_5_full_dsp_1_U88 SOURCE ../gen2/Hls_Layers_UpConv.tpp:139 VARIABLE dot_50 LOOP KW_LOOP_FLAT_LOOP BUNDLEDNAME {} DSP 2 BRAM 0 URAM 0 STORAGESUBTYPE {} DISPNAME {bind_op hadd} VISIBLE true} {BINDTYPE op ID {} IMPL fabric LATENCY 3 OPTYPE hmul PRAGMA yes RTLNAME hmul_16ns_16ns_16_4_no_dsp_1_U281 SOURCE ../gen2/Hls_Layers_UpConv.tpp:138 VARIABLE prod_51 LOOP KW_LOOP_FLAT_LOOP BUNDLEDNAME {} DSP 0 BRAM 0 URAM 0 STORAGESUBTYPE {} DISPNAME {bind_op hmul} VISIBLE true} {BINDTYPE op ID {} IMPL fulldsp LATENCY 4 OPTYPE hadd PRAGMA {} RTLNAME hadd_16ns_16ns_16_5_full_dsp_1_U96 SOURCE ../gen2/Hls_Layers_UpConv.tpp:139 VARIABLE dot_51 LOOP KW_LOOP_FLAT_LOOP BUNDLEDNAME {} DSP 2 BRAM 0 URAM 0 STORAGESUBTYPE {} DISPNAME {bind_op hadd} VISIBLE true} {BINDTYPE op ID {} IMPL fabric LATENCY 3 OPTYPE hmul PRAGMA yes RTLNAME hmul_16ns_16ns_16_4_no_dsp_1_U282 SOURCE ../gen2/Hls_Layers_UpConv.tpp:138 VARIABLE prod_52 LOOP KW_LOOP_FLAT_LOOP BUNDLEDNAME {} DSP 0 BRAM 0 URAM 0 STORAGESUBTYPE {} DISPNAME {bind_op hmul} VISIBLE true} {BINDTYPE op ID {} IMPL fulldsp LATENCY 4 OPTYPE hadd PRAGMA {} RTLNAME hadd_16ns_16ns_16_5_full_dsp_1_U104 SOURCE ../gen2/Hls_Layers_UpConv.tpp:139 VARIABLE dot_52 LOOP KW_LOOP_FLAT_LOOP BUNDLEDNAME {} DSP 2 BRAM 0 URAM 0 STORAGESUBTYPE {} DISPNAME {bind_op hadd} VISIBLE true} {BINDTYPE op ID {} IMPL fabric LATENCY 3 OPTYPE hmul PRAGMA yes RTLNAME hmul_16ns_16ns_16_4_no_dsp_1_U283 SOURCE ../gen2/Hls_Layers_UpConv.tpp:138 VARIABLE prod_53 LOOP KW_LOOP_FLAT_LOOP BUNDLEDNAME {} DSP 0 BRAM 0 URAM 0 STORAGESUBTYPE {} DISPNAME {bind_op hmul} VISIBLE true} {BINDTYPE op ID {} IMPL fulldsp LATENCY 4 OPTYPE hadd PRAGMA {} RTLNAME hadd_16ns_16ns_16_5_full_dsp_1_U112 SOURCE ../gen2/Hls_Layers_UpConv.tpp:139 VARIABLE dot_53 LOOP KW_LOOP_FLAT_LOOP BUNDLEDNAME {} DSP 2 BRAM 0 URAM 0 STORAGESUBTYPE {} DISPNAME {bind_op hadd} VISIBLE true} {BINDTYPE op ID {} IMPL fabric LATENCY 3 OPTYPE hmul PRAGMA yes RTLNAME hmul_16ns_16ns_16_4_no_dsp_1_U284 SOURCE ../gen2/Hls_Layers_UpConv.tpp:138 VARIABLE prod_54 LOOP KW_LOOP_FLAT_LOOP BUNDLEDNAME {} DSP 0 BRAM 0 URAM 0 STORAGESUBTYPE {} DISPNAME {bind_op hmul} VISIBLE true} {BINDTYPE op ID {} IMPL fulldsp LATENCY 4 OPTYPE hadd PRAGMA {} RTLNAME hadd_16ns_16ns_16_5_full_dsp_1_U120 SOURCE ../gen2/Hls_Layers_UpConv.tpp:139 VARIABLE dot_54 LOOP KW_LOOP_FLAT_LOOP BUNDLEDNAME {} DSP 2 BRAM 0 URAM 0 STORAGESUBTYPE {} DISPNAME {bind_op hadd} VISIBLE true} {BINDTYPE op ID {} IMPL fabric LATENCY 3 OPTYPE hmul PRAGMA yes RTLNAME hmul_16ns_16ns_16_4_no_dsp_1_U285 SOURCE ../gen2/Hls_Layers_UpConv.tpp:138 VARIABLE prod_55 LOOP KW_LOOP_FLAT_LOOP BUNDLEDNAME {} DSP 0 BRAM 0 URAM 0 STORAGESUBTYPE {} DISPNAME {bind_op hmul} VISIBLE true} {BINDTYPE op ID {} IMPL fulldsp LATENCY 4 OPTYPE hadd PRAGMA {} RTLNAME hadd_16ns_16ns_16_5_full_dsp_1_U128 SOURCE ../gen2/Hls_Layers_UpConv.tpp:139 VARIABLE dot_55 LOOP KW_LOOP_FLAT_LOOP BUNDLEDNAME {} DSP 2 BRAM 0 URAM 0 STORAGESUBTYPE {} DISPNAME {bind_op hadd} VISIBLE true} {BINDTYPE op ID {} IMPL fabric LATENCY 3 OPTYPE hmul PRAGMA yes RTLNAME hmul_16ns_16ns_16_4_no_dsp_1_U286 SOURCE ../gen2/Hls_Layers_UpConv.tpp:138 VARIABLE prod_56 LOOP KW_LOOP_FLAT_LOOP BUNDLEDNAME {} DSP 0 BRAM 0 URAM 0 STORAGESUBTYPE {} DISPNAME {bind_op hmul} VISIBLE true} {BINDTYPE op ID {} IMPL fulldsp LATENCY 4 OPTYPE hadd PRAGMA {} RTLNAME hadd_16ns_16ns_16_5_full_dsp_1_U136 SOURCE ../gen2/Hls_Layers_UpConv.tpp:139 VARIABLE dot_56 LOOP KW_LOOP_FLAT_LOOP BUNDLEDNAME {} DSP 2 BRAM 0 URAM 0 STORAGESUBTYPE {} DISPNAME {bind_op hadd} VISIBLE true} {BINDTYPE op ID {} IMPL fabric LATENCY 3 OPTYPE hmul PRAGMA yes RTLNAME hmul_16ns_16ns_16_4_no_dsp_1_U287 SOURCE ../gen2/Hls_Layers_UpConv.tpp:138 VARIABLE prod_57 LOOP KW_LOOP_FLAT_LOOP BUNDLEDNAME {} DSP 0 BRAM 0 URAM 0 STORAGESUBTYPE {} DISPNAME {bind_op hmul} VISIBLE true} {BINDTYPE op ID {} IMPL fulldsp LATENCY 4 OPTYPE hadd PRAGMA {} RTLNAME hadd_16ns_16ns_16_5_full_dsp_1_U144 SOURCE ../gen2/Hls_Layers_UpConv.tpp:139 VARIABLE dot_57 LOOP KW_LOOP_FLAT_LOOP BUNDLEDNAME {} DSP 2 BRAM 0 URAM 0 STORAGESUBTYPE {} DISPNAME {bind_op hadd} VISIBLE true} {BINDTYPE op ID {} IMPL fabric LATENCY 3 OPTYPE hmul PRAGMA yes RTLNAME hmul_16ns_16ns_16_4_no_dsp_1_U288 SOURCE ../gen2/Hls_Layers_UpConv.tpp:138 VARIABLE prod_58 LOOP KW_LOOP_FLAT_LOOP BUNDLEDNAME {} DSP 0 BRAM 0 URAM 0 STORAGESUBTYPE {} DISPNAME {bind_op hmul} VISIBLE true} {BINDTYPE op ID {} IMPL fulldsp LATENCY 4 OPTYPE hadd PRAGMA {} RTLNAME hadd_16ns_16ns_16_5_full_dsp_1_U152 SOURCE ../gen2/Hls_Layers_UpConv.tpp:139 VARIABLE dot_58 LOOP KW_LOOP_FLAT_LOOP BUNDLEDNAME {} DSP 2 BRAM 0 URAM 0 STORAGESUBTYPE {} DISPNAME {bind_op hadd} VISIBLE true} {BINDTYPE op ID {} IMPL fabric LATENCY 3 OPTYPE hmul PRAGMA yes RTLNAME hmul_16ns_16ns_16_4_no_dsp_1_U289 SOURCE ../gen2/Hls_Layers_UpConv.tpp:138 VARIABLE prod_59 LOOP KW_LOOP_FLAT_LOOP BUNDLEDNAME {} DSP 0 BRAM 0 URAM 0 STORAGESUBTYPE {} DISPNAME {bind_op hmul} VISIBLE true} {BINDTYPE op ID {} IMPL fulldsp LATENCY 4 OPTYPE hadd PRAGMA {} RTLNAME hadd_16ns_16ns_16_5_full_dsp_1_U160 SOURCE ../gen2/Hls_Layers_UpConv.tpp:139 VARIABLE dot_59 LOOP KW_LOOP_FLAT_LOOP BUNDLEDNAME {} DSP 2 BRAM 0 URAM 0 STORAGESUBTYPE {} DISPNAME {bind_op hadd} VISIBLE true} {BINDTYPE op ID {} IMPL fabric LATENCY 3 OPTYPE hmul PRAGMA yes RTLNAME hmul_16ns_16ns_16_4_no_dsp_1_U290 SOURCE ../gen2/Hls_Layers_UpConv.tpp:138 VARIABLE prod_60 LOOP KW_LOOP_FLAT_LOOP BUNDLEDNAME {} DSP 0 BRAM 0 URAM 0 STORAGESUBTYPE {} DISPNAME {bind_op hmul} VISIBLE true} {BINDTYPE op ID {} IMPL fulldsp LATENCY 4 OPTYPE hadd PRAGMA {} RTLNAME hadd_16ns_16ns_16_5_full_dsp_1_U168 SOURCE ../gen2/Hls_Layers_UpConv.tpp:139 VARIABLE dot_60 LOOP KW_LOOP_FLAT_LOOP BUNDLEDNAME {} DSP 2 BRAM 0 URAM 0 STORAGESUBTYPE {} DISPNAME {bind_op hadd} VISIBLE true} {BINDTYPE op ID {} IMPL fabric LATENCY 3 OPTYPE hmul PRAGMA yes RTLNAME hmul_16ns_16ns_16_4_no_dsp_1_U291 SOURCE ../gen2/Hls_Layers_UpConv.tpp:138 VARIABLE prod_61 LOOP KW_LOOP_FLAT_LOOP BUNDLEDNAME {} DSP 0 BRAM 0 URAM 0 STORAGESUBTYPE {} DISPNAME {bind_op hmul} VISIBLE true} {BINDTYPE op ID {} IMPL fulldsp LATENCY 4 OPTYPE hadd PRAGMA {} RTLNAME hadd_16ns_16ns_16_5_full_dsp_1_U176 SOURCE ../gen2/Hls_Layers_UpConv.tpp:139 VARIABLE dot_61 LOOP KW_LOOP_FLAT_LOOP BUNDLEDNAME {} DSP 2 BRAM 0 URAM 0 STORAGESUBTYPE {} DISPNAME {bind_op hadd} VISIBLE true} {BINDTYPE op ID {} IMPL fabric LATENCY 3 OPTYPE hmul PRAGMA yes RTLNAME hmul_16ns_16ns_16_4_no_dsp_1_U292 SOURCE ../gen2/Hls_Layers_UpConv.tpp:138 VARIABLE prod_62 LOOP KW_LOOP_FLAT_LOOP BUNDLEDNAME {} DSP 0 BRAM 0 URAM 0 STORAGESUBTYPE {} DISPNAME {bind_op hmul} VISIBLE true} {BINDTYPE op ID {} IMPL fulldsp LATENCY 4 OPTYPE hadd PRAGMA {} RTLNAME hadd_16ns_16ns_16_5_full_dsp_1_U184 SOURCE ../gen2/Hls_Layers_UpConv.tpp:139 VARIABLE dot_62 LOOP KW_LOOP_FLAT_LOOP BUNDLEDNAME {} DSP 2 BRAM 0 URAM 0 STORAGESUBTYPE {} DISPNAME {bind_op hadd} VISIBLE true} {BINDTYPE op ID {} IMPL fabric LATENCY 3 OPTYPE hmul PRAGMA yes RTLNAME hmul_16ns_16ns_16_4_no_dsp_1_U293 SOURCE ../gen2/Hls_Layers_UpConv.tpp:138 VARIABLE prod_63 LOOP KW_LOOP_FLAT_LOOP BUNDLEDNAME {} DSP 0 BRAM 0 URAM 0 STORAGESUBTYPE {} DISPNAME {bind_op hmul} VISIBLE true} {BINDTYPE op ID {} IMPL fulldsp LATENCY 4 OPTYPE hadd PRAGMA {} RTLNAME hadd_16ns_16ns_16_5_full_dsp_1_U65 SOURCE ../gen2/Hls_Layers_UpConv.tpp:139 VARIABLE dot_63 LOOP KW_LOOP_FLAT_LOOP BUNDLEDNAME {} DSP 2 BRAM 0 URAM 0 STORAGESUBTYPE {} DISPNAME {bind_op hadd} VISIBLE true} {BINDTYPE op ID {} IMPL fabric LATENCY 3 OPTYPE hmul PRAGMA yes RTLNAME hmul_16ns_16ns_16_4_no_dsp_1_U294 SOURCE ../gen2/Hls_Layers_UpConv.tpp:138 VARIABLE prod_64 LOOP KW_LOOP_FLAT_LOOP BUNDLEDNAME {} DSP 0 BRAM 0 URAM 0 STORAGESUBTYPE {} DISPNAME {bind_op hmul} VISIBLE true} {BINDTYPE op ID {} IMPL fulldsp LATENCY 4 OPTYPE hadd PRAGMA {} RTLNAME hadd_16ns_16ns_16_5_full_dsp_1_U73 SOURCE ../gen2/Hls_Layers_UpConv.tpp:139 VARIABLE dot_64 LOOP KW_LOOP_FLAT_LOOP BUNDLEDNAME {} DSP 2 BRAM 0 URAM 0 STORAGESUBTYPE {} DISPNAME {bind_op hadd} VISIBLE true} {BINDTYPE op ID {} IMPL fabric LATENCY 3 OPTYPE hmul PRAGMA yes RTLNAME hmul_16ns_16ns_16_4_no_dsp_1_U295 SOURCE ../gen2/Hls_Layers_UpConv.tpp:138 VARIABLE prod_65 LOOP KW_LOOP_FLAT_LOOP BUNDLEDNAME {} DSP 0 BRAM 0 URAM 0 STORAGESUBTYPE {} DISPNAME {bind_op hmul} VISIBLE true} {BINDTYPE op ID {} IMPL fulldsp LATENCY 4 OPTYPE hadd PRAGMA {} RTLNAME hadd_16ns_16ns_16_5_full_dsp_1_U81 SOURCE ../gen2/Hls_Layers_UpConv.tpp:139 VARIABLE dot_65 LOOP KW_LOOP_FLAT_LOOP BUNDLEDNAME {} DSP 2 BRAM 0 URAM 0 STORAGESUBTYPE {} DISPNAME {bind_op hadd} VISIBLE true} {BINDTYPE op ID {} IMPL fabric LATENCY 3 OPTYPE hmul PRAGMA yes RTLNAME hmul_16ns_16ns_16_4_no_dsp_1_U296 SOURCE ../gen2/Hls_Layers_UpConv.tpp:138 VARIABLE prod_66 LOOP KW_LOOP_FLAT_LOOP BUNDLEDNAME {} DSP 0 BRAM 0 URAM 0 STORAGESUBTYPE {} DISPNAME {bind_op hmul} VISIBLE true} {BINDTYPE op ID {} IMPL fulldsp LATENCY 4 OPTYPE hadd PRAGMA {} RTLNAME hadd_16ns_16ns_16_5_full_dsp_1_U89 SOURCE ../gen2/Hls_Layers_UpConv.tpp:139 VARIABLE dot_66 LOOP KW_LOOP_FLAT_LOOP BUNDLEDNAME {} DSP 2 BRAM 0 URAM 0 STORAGESUBTYPE {} DISPNAME {bind_op hadd} VISIBLE true} {BINDTYPE op ID {} IMPL fabric LATENCY 3 OPTYPE hmul PRAGMA yes RTLNAME hmul_16ns_16ns_16_4_no_dsp_1_U297 SOURCE ../gen2/Hls_Layers_UpConv.tpp:138 VARIABLE prod_67 LOOP KW_LOOP_FLAT_LOOP BUNDLEDNAME {} DSP 0 BRAM 0 URAM 0 STORAGESUBTYPE {} DISPNAME {bind_op hmul} VISIBLE true} {BINDTYPE op ID {} IMPL fulldsp LATENCY 4 OPTYPE hadd PRAGMA {} RTLNAME hadd_16ns_16ns_16_5_full_dsp_1_U97 SOURCE ../gen2/Hls_Layers_UpConv.tpp:139 VARIABLE dot_67 LOOP KW_LOOP_FLAT_LOOP BUNDLEDNAME {} DSP 2 BRAM 0 URAM 0 STORAGESUBTYPE {} DISPNAME {bind_op hadd} VISIBLE true} {BINDTYPE op ID {} IMPL fabric LATENCY 3 OPTYPE hmul PRAGMA yes RTLNAME hmul_16ns_16ns_16_4_no_dsp_1_U298 SOURCE ../gen2/Hls_Layers_UpConv.tpp:138 VARIABLE prod_68 LOOP KW_LOOP_FLAT_LOOP BUNDLEDNAME {} DSP 0 BRAM 0 URAM 0 STORAGESUBTYPE {} DISPNAME {bind_op hmul} VISIBLE true} {BINDTYPE op ID {} IMPL fulldsp LATENCY 4 OPTYPE hadd PRAGMA {} RTLNAME hadd_16ns_16ns_16_5_full_dsp_1_U105 SOURCE ../gen2/Hls_Layers_UpConv.tpp:139 VARIABLE dot_68 LOOP KW_LOOP_FLAT_LOOP BUNDLEDNAME {} DSP 2 BRAM 0 URAM 0 STORAGESUBTYPE {} DISPNAME {bind_op hadd} VISIBLE true} {BINDTYPE op ID {} IMPL fabric LATENCY 3 OPTYPE hmul PRAGMA yes RTLNAME hmul_16ns_16ns_16_4_no_dsp_1_U299 SOURCE ../gen2/Hls_Layers_UpConv.tpp:138 VARIABLE prod_69 LOOP KW_LOOP_FLAT_LOOP BUNDLEDNAME {} DSP 0 BRAM 0 URAM 0 STORAGESUBTYPE {} DISPNAME {bind_op hmul} VISIBLE true} {BINDTYPE op ID {} IMPL fulldsp LATENCY 4 OPTYPE hadd PRAGMA {} RTLNAME hadd_16ns_16ns_16_5_full_dsp_1_U113 SOURCE ../gen2/Hls_Layers_UpConv.tpp:139 VARIABLE dot_69 LOOP KW_LOOP_FLAT_LOOP BUNDLEDNAME {} DSP 2 BRAM 0 URAM 0 STORAGESUBTYPE {} DISPNAME {bind_op hadd} VISIBLE true} {BINDTYPE op ID {} IMPL fabric LATENCY 3 OPTYPE hmul PRAGMA yes RTLNAME hmul_16ns_16ns_16_4_no_dsp_1_U300 SOURCE ../gen2/Hls_Layers_UpConv.tpp:138 VARIABLE prod_70 LOOP KW_LOOP_FLAT_LOOP BUNDLEDNAME {} DSP 0 BRAM 0 URAM 0 STORAGESUBTYPE {} DISPNAME {bind_op hmul} VISIBLE true} {BINDTYPE op ID {} IMPL fulldsp LATENCY 4 OPTYPE hadd PRAGMA {} RTLNAME hadd_16ns_16ns_16_5_full_dsp_1_U121 SOURCE ../gen2/Hls_Layers_UpConv.tpp:139 VARIABLE dot_70 LOOP KW_LOOP_FLAT_LOOP BUNDLEDNAME {} DSP 2 BRAM 0 URAM 0 STORAGESUBTYPE {} DISPNAME {bind_op hadd} VISIBLE true} {BINDTYPE op ID {} IMPL fabric LATENCY 3 OPTYPE hmul PRAGMA yes RTLNAME hmul_16ns_16ns_16_4_no_dsp_1_U301 SOURCE ../gen2/Hls_Layers_UpConv.tpp:138 VARIABLE prod_71 LOOP KW_LOOP_FLAT_LOOP BUNDLEDNAME {} DSP 0 BRAM 0 URAM 0 STORAGESUBTYPE {} DISPNAME {bind_op hmul} VISIBLE true} {BINDTYPE op ID {} IMPL fulldsp LATENCY 4 OPTYPE hadd PRAGMA {} RTLNAME hadd_16ns_16ns_16_5_full_dsp_1_U129 SOURCE ../gen2/Hls_Layers_UpConv.tpp:139 VARIABLE dot_71 LOOP KW_LOOP_FLAT_LOOP BUNDLEDNAME {} DSP 2 BRAM 0 URAM 0 STORAGESUBTYPE {} DISPNAME {bind_op hadd} VISIBLE true} {BINDTYPE op ID {} IMPL fabric LATENCY 3 OPTYPE hmul PRAGMA yes RTLNAME hmul_16ns_16ns_16_4_no_dsp_1_U302 SOURCE ../gen2/Hls_Layers_UpConv.tpp:138 VARIABLE prod_72 LOOP KW_LOOP_FLAT_LOOP BUNDLEDNAME {} DSP 0 BRAM 0 URAM 0 STORAGESUBTYPE {} DISPNAME {bind_op hmul} VISIBLE true} {BINDTYPE op ID {} IMPL fulldsp LATENCY 4 OPTYPE hadd PRAGMA {} RTLNAME hadd_16ns_16ns_16_5_full_dsp_1_U137 SOURCE ../gen2/Hls_Layers_UpConv.tpp:139 VARIABLE dot_72 LOOP KW_LOOP_FLAT_LOOP BUNDLEDNAME {} DSP 2 BRAM 0 URAM 0 STORAGESUBTYPE {} DISPNAME {bind_op hadd} VISIBLE true} {BINDTYPE op ID {} IMPL fabric LATENCY 3 OPTYPE hmul PRAGMA yes RTLNAME hmul_16ns_16ns_16_4_no_dsp_1_U303 SOURCE ../gen2/Hls_Layers_UpConv.tpp:138 VARIABLE prod_73 LOOP KW_LOOP_FLAT_LOOP BUNDLEDNAME {} DSP 0 BRAM 0 URAM 0 STORAGESUBTYPE {} DISPNAME {bind_op hmul} VISIBLE true} {BINDTYPE op ID {} IMPL fulldsp LATENCY 4 OPTYPE hadd PRAGMA {} RTLNAME hadd_16ns_16ns_16_5_full_dsp_1_U145 SOURCE ../gen2/Hls_Layers_UpConv.tpp:139 VARIABLE dot_73 LOOP KW_LOOP_FLAT_LOOP BUNDLEDNAME {} DSP 2 BRAM 0 URAM 0 STORAGESUBTYPE {} DISPNAME {bind_op hadd} VISIBLE true} {BINDTYPE op ID {} IMPL fabric LATENCY 3 OPTYPE hmul PRAGMA yes RTLNAME hmul_16ns_16ns_16_4_no_dsp_1_U304 SOURCE ../gen2/Hls_Layers_UpConv.tpp:138 VARIABLE prod_74 LOOP KW_LOOP_FLAT_LOOP BUNDLEDNAME {} DSP 0 BRAM 0 URAM 0 STORAGESUBTYPE {} DISPNAME {bind_op hmul} VISIBLE true} {BINDTYPE op ID {} IMPL fulldsp LATENCY 4 OPTYPE hadd PRAGMA {} RTLNAME hadd_16ns_16ns_16_5_full_dsp_1_U153 SOURCE ../gen2/Hls_Layers_UpConv.tpp:139 VARIABLE dot_74 LOOP KW_LOOP_FLAT_LOOP BUNDLEDNAME {} DSP 2 BRAM 0 URAM 0 STORAGESUBTYPE {} DISPNAME {bind_op hadd} VISIBLE true} {BINDTYPE op ID {} IMPL fabric LATENCY 3 OPTYPE hmul PRAGMA yes RTLNAME hmul_16ns_16ns_16_4_no_dsp_1_U305 SOURCE ../gen2/Hls_Layers_UpConv.tpp:138 VARIABLE prod_75 LOOP KW_LOOP_FLAT_LOOP BUNDLEDNAME {} DSP 0 BRAM 0 URAM 0 STORAGESUBTYPE {} DISPNAME {bind_op hmul} VISIBLE true} {BINDTYPE op ID {} IMPL fulldsp LATENCY 4 OPTYPE hadd PRAGMA {} RTLNAME hadd_16ns_16ns_16_5_full_dsp_1_U161 SOURCE ../gen2/Hls_Layers_UpConv.tpp:139 VARIABLE dot_75 LOOP KW_LOOP_FLAT_LOOP BUNDLEDNAME {} DSP 2 BRAM 0 URAM 0 STORAGESUBTYPE {} DISPNAME {bind_op hadd} VISIBLE true} {BINDTYPE op ID {} IMPL fabric LATENCY 3 OPTYPE hmul PRAGMA yes RTLNAME hmul_16ns_16ns_16_4_no_dsp_1_U306 SOURCE ../gen2/Hls_Layers_UpConv.tpp:138 VARIABLE prod_76 LOOP KW_LOOP_FLAT_LOOP BUNDLEDNAME {} DSP 0 BRAM 0 URAM 0 STORAGESUBTYPE {} DISPNAME {bind_op hmul} VISIBLE true} {BINDTYPE op ID {} IMPL fulldsp LATENCY 4 OPTYPE hadd PRAGMA {} RTLNAME hadd_16ns_16ns_16_5_full_dsp_1_U169 SOURCE ../gen2/Hls_Layers_UpConv.tpp:139 VARIABLE dot_76 LOOP KW_LOOP_FLAT_LOOP BUNDLEDNAME {} DSP 2 BRAM 0 URAM 0 STORAGESUBTYPE {} DISPNAME {bind_op hadd} VISIBLE true} {BINDTYPE op ID {} IMPL fabric LATENCY 3 OPTYPE hmul PRAGMA yes RTLNAME hmul_16ns_16ns_16_4_no_dsp_1_U307 SOURCE ../gen2/Hls_Layers_UpConv.tpp:138 VARIABLE prod_77 LOOP KW_LOOP_FLAT_LOOP BUNDLEDNAME {} DSP 0 BRAM 0 URAM 0 STORAGESUBTYPE {} DISPNAME {bind_op hmul} VISIBLE true} {BINDTYPE op ID {} IMPL fulldsp LATENCY 4 OPTYPE hadd PRAGMA {} RTLNAME hadd_16ns_16ns_16_5_full_dsp_1_U177 SOURCE ../gen2/Hls_Layers_UpConv.tpp:139 VARIABLE dot_77 LOOP KW_LOOP_FLAT_LOOP BUNDLEDNAME {} DSP 2 BRAM 0 URAM 0 STORAGESUBTYPE {} DISPNAME {bind_op hadd} VISIBLE true} {BINDTYPE op ID {} IMPL fabric LATENCY 3 OPTYPE hmul PRAGMA yes RTLNAME hmul_16ns_16ns_16_4_no_dsp_1_U308 SOURCE ../gen2/Hls_Layers_UpConv.tpp:138 VARIABLE prod_78 LOOP KW_LOOP_FLAT_LOOP BUNDLEDNAME {} DSP 0 BRAM 0 URAM 0 STORAGESUBTYPE {} DISPNAME {bind_op hmul} VISIBLE true} {BINDTYPE op ID {} IMPL fulldsp LATENCY 4 OPTYPE hadd PRAGMA {} RTLNAME hadd_16ns_16ns_16_5_full_dsp_1_U185 SOURCE ../gen2/Hls_Layers_UpConv.tpp:139 VARIABLE dot_78 LOOP KW_LOOP_FLAT_LOOP BUNDLEDNAME {} DSP 2 BRAM 0 URAM 0 STORAGESUBTYPE {} DISPNAME {bind_op hadd} VISIBLE true} {BINDTYPE op ID {} IMPL fabric LATENCY 3 OPTYPE hmul PRAGMA yes RTLNAME hmul_16ns_16ns_16_4_no_dsp_1_U309 SOURCE ../gen2/Hls_Layers_UpConv.tpp:138 VARIABLE prod_79 LOOP KW_LOOP_FLAT_LOOP BUNDLEDNAME {} DSP 0 BRAM 0 URAM 0 STORAGESUBTYPE {} DISPNAME {bind_op hmul} VISIBLE true} {BINDTYPE op ID {} IMPL fulldsp LATENCY 4 OPTYPE hadd PRAGMA {} RTLNAME hadd_16ns_16ns_16_5_full_dsp_1_U66 SOURCE ../gen2/Hls_Layers_UpConv.tpp:139 VARIABLE dot_79 LOOP KW_LOOP_FLAT_LOOP BUNDLEDNAME {} DSP 2 BRAM 0 URAM 0 STORAGESUBTYPE {} DISPNAME {bind_op hadd} VISIBLE true} {BINDTYPE op ID {} IMPL fabric LATENCY 3 OPTYPE hmul PRAGMA yes RTLNAME hmul_16ns_16ns_16_4_no_dsp_1_U310 SOURCE ../gen2/Hls_Layers_UpConv.tpp:138 VARIABLE prod_80 LOOP KW_LOOP_FLAT_LOOP BUNDLEDNAME {} DSP 0 BRAM 0 URAM 0 STORAGESUBTYPE {} DISPNAME {bind_op hmul} VISIBLE true} {BINDTYPE op ID {} IMPL fulldsp LATENCY 4 OPTYPE hadd PRAGMA {} RTLNAME hadd_16ns_16ns_16_5_full_dsp_1_U74 SOURCE ../gen2/Hls_Layers_UpConv.tpp:139 VARIABLE dot_80 LOOP KW_LOOP_FLAT_LOOP BUNDLEDNAME {} DSP 2 BRAM 0 URAM 0 STORAGESUBTYPE {} DISPNAME {bind_op hadd} VISIBLE true} {BINDTYPE op ID {} IMPL fabric LATENCY 3 OPTYPE hmul PRAGMA yes RTLNAME hmul_16ns_16ns_16_4_no_dsp_1_U311 SOURCE ../gen2/Hls_Layers_UpConv.tpp:138 VARIABLE prod_81 LOOP KW_LOOP_FLAT_LOOP BUNDLEDNAME {} DSP 0 BRAM 0 URAM 0 STORAGESUBTYPE {} DISPNAME {bind_op hmul} VISIBLE true} {BINDTYPE op ID {} IMPL fulldsp LATENCY 4 OPTYPE hadd PRAGMA {} RTLNAME hadd_16ns_16ns_16_5_full_dsp_1_U82 SOURCE ../gen2/Hls_Layers_UpConv.tpp:139 VARIABLE dot_81 LOOP KW_LOOP_FLAT_LOOP BUNDLEDNAME {} DSP 2 BRAM 0 URAM 0 STORAGESUBTYPE {} DISPNAME {bind_op hadd} VISIBLE true} {BINDTYPE op ID {} IMPL fabric LATENCY 3 OPTYPE hmul PRAGMA yes RTLNAME hmul_16ns_16ns_16_4_no_dsp_1_U312 SOURCE ../gen2/Hls_Layers_UpConv.tpp:138 VARIABLE prod_82 LOOP KW_LOOP_FLAT_LOOP BUNDLEDNAME {} DSP 0 BRAM 0 URAM 0 STORAGESUBTYPE {} DISPNAME {bind_op hmul} VISIBLE true} {BINDTYPE op ID {} IMPL fulldsp LATENCY 4 OPTYPE hadd PRAGMA {} RTLNAME hadd_16ns_16ns_16_5_full_dsp_1_U90 SOURCE ../gen2/Hls_Layers_UpConv.tpp:139 VARIABLE dot_82 LOOP KW_LOOP_FLAT_LOOP BUNDLEDNAME {} DSP 2 BRAM 0 URAM 0 STORAGESUBTYPE {} DISPNAME {bind_op hadd} VISIBLE true} {BINDTYPE op ID {} IMPL fabric LATENCY 3 OPTYPE hmul PRAGMA yes RTLNAME hmul_16ns_16ns_16_4_no_dsp_1_U313 SOURCE ../gen2/Hls_Layers_UpConv.tpp:138 VARIABLE prod_83 LOOP KW_LOOP_FLAT_LOOP BUNDLEDNAME {} DSP 0 BRAM 0 URAM 0 STORAGESUBTYPE {} DISPNAME {bind_op hmul} VISIBLE true} {BINDTYPE op ID {} IMPL fulldsp LATENCY 4 OPTYPE hadd PRAGMA {} RTLNAME hadd_16ns_16ns_16_5_full_dsp_1_U98 SOURCE ../gen2/Hls_Layers_UpConv.tpp:139 VARIABLE dot_83 LOOP KW_LOOP_FLAT_LOOP BUNDLEDNAME {} DSP 2 BRAM 0 URAM 0 STORAGESUBTYPE {} DISPNAME {bind_op hadd} VISIBLE true} {BINDTYPE op ID {} IMPL fabric LATENCY 3 OPTYPE hmul PRAGMA yes RTLNAME hmul_16ns_16ns_16_4_no_dsp_1_U314 SOURCE ../gen2/Hls_Layers_UpConv.tpp:138 VARIABLE prod_84 LOOP KW_LOOP_FLAT_LOOP BUNDLEDNAME {} DSP 0 BRAM 0 URAM 0 STORAGESUBTYPE {} DISPNAME {bind_op hmul} VISIBLE true} {BINDTYPE op ID {} IMPL fulldsp LATENCY 4 OPTYPE hadd PRAGMA {} RTLNAME hadd_16ns_16ns_16_5_full_dsp_1_U106 SOURCE ../gen2/Hls_Layers_UpConv.tpp:139 VARIABLE dot_84 LOOP KW_LOOP_FLAT_LOOP BUNDLEDNAME {} DSP 2 BRAM 0 URAM 0 STORAGESUBTYPE {} DISPNAME {bind_op hadd} VISIBLE true} {BINDTYPE op ID {} IMPL fabric LATENCY 3 OPTYPE hmul PRAGMA yes RTLNAME hmul_16ns_16ns_16_4_no_dsp_1_U315 SOURCE ../gen2/Hls_Layers_UpConv.tpp:138 VARIABLE prod_85 LOOP KW_LOOP_FLAT_LOOP BUNDLEDNAME {} DSP 0 BRAM 0 URAM 0 STORAGESUBTYPE {} DISPNAME {bind_op hmul} VISIBLE true} {BINDTYPE op ID {} IMPL fulldsp LATENCY 4 OPTYPE hadd PRAGMA {} RTLNAME hadd_16ns_16ns_16_5_full_dsp_1_U114 SOURCE ../gen2/Hls_Layers_UpConv.tpp:139 VARIABLE dot_85 LOOP KW_LOOP_FLAT_LOOP BUNDLEDNAME {} DSP 2 BRAM 0 URAM 0 STORAGESUBTYPE {} DISPNAME {bind_op hadd} VISIBLE true} {BINDTYPE op ID {} IMPL fabric LATENCY 3 OPTYPE hmul PRAGMA yes RTLNAME hmul_16ns_16ns_16_4_no_dsp_1_U316 SOURCE ../gen2/Hls_Layers_UpConv.tpp:138 VARIABLE prod_86 LOOP KW_LOOP_FLAT_LOOP BUNDLEDNAME {} DSP 0 BRAM 0 URAM 0 STORAGESUBTYPE {} DISPNAME {bind_op hmul} VISIBLE true} {BINDTYPE op ID {} IMPL fulldsp LATENCY 4 OPTYPE hadd PRAGMA {} RTLNAME hadd_16ns_16ns_16_5_full_dsp_1_U122 SOURCE ../gen2/Hls_Layers_UpConv.tpp:139 VARIABLE dot_86 LOOP KW_LOOP_FLAT_LOOP BUNDLEDNAME {} DSP 2 BRAM 0 URAM 0 STORAGESUBTYPE {} DISPNAME {bind_op hadd} VISIBLE true} {BINDTYPE op ID {} IMPL fabric LATENCY 3 OPTYPE hmul PRAGMA yes RTLNAME hmul_16ns_16ns_16_4_no_dsp_1_U317 SOURCE ../gen2/Hls_Layers_UpConv.tpp:138 VARIABLE prod_87 LOOP KW_LOOP_FLAT_LOOP BUNDLEDNAME {} DSP 0 BRAM 0 URAM 0 STORAGESUBTYPE {} DISPNAME {bind_op hmul} VISIBLE true} {BINDTYPE op ID {} IMPL fulldsp LATENCY 4 OPTYPE hadd PRAGMA {} RTLNAME hadd_16ns_16ns_16_5_full_dsp_1_U130 SOURCE ../gen2/Hls_Layers_UpConv.tpp:139 VARIABLE dot_87 LOOP KW_LOOP_FLAT_LOOP BUNDLEDNAME {} DSP 2 BRAM 0 URAM 0 STORAGESUBTYPE {} DISPNAME {bind_op hadd} VISIBLE true} {BINDTYPE op ID {} IMPL fabric LATENCY 3 OPTYPE hmul PRAGMA yes RTLNAME hmul_16ns_16ns_16_4_no_dsp_1_U318 SOURCE ../gen2/Hls_Layers_UpConv.tpp:138 VARIABLE prod_88 LOOP KW_LOOP_FLAT_LOOP BUNDLEDNAME {} DSP 0 BRAM 0 URAM 0 STORAGESUBTYPE {} DISPNAME {bind_op hmul} VISIBLE true} {BINDTYPE op ID {} IMPL fulldsp LATENCY 4 OPTYPE hadd PRAGMA {} RTLNAME hadd_16ns_16ns_16_5_full_dsp_1_U138 SOURCE ../gen2/Hls_Layers_UpConv.tpp:139 VARIABLE dot_88 LOOP KW_LOOP_FLAT_LOOP BUNDLEDNAME {} DSP 2 BRAM 0 URAM 0 STORAGESUBTYPE {} DISPNAME {bind_op hadd} VISIBLE true} {BINDTYPE op ID {} IMPL fabric LATENCY 3 OPTYPE hmul PRAGMA yes RTLNAME hmul_16ns_16ns_16_4_no_dsp_1_U319 SOURCE ../gen2/Hls_Layers_UpConv.tpp:138 VARIABLE prod_89 LOOP KW_LOOP_FLAT_LOOP BUNDLEDNAME {} DSP 0 BRAM 0 URAM 0 STORAGESUBTYPE {} DISPNAME {bind_op hmul} VISIBLE true} {BINDTYPE op ID {} IMPL fulldsp LATENCY 4 OPTYPE hadd PRAGMA {} RTLNAME hadd_16ns_16ns_16_5_full_dsp_1_U146 SOURCE ../gen2/Hls_Layers_UpConv.tpp:139 VARIABLE dot_89 LOOP KW_LOOP_FLAT_LOOP BUNDLEDNAME {} DSP 2 BRAM 0 URAM 0 STORAGESUBTYPE {} DISPNAME {bind_op hadd} VISIBLE true} {BINDTYPE op ID {} IMPL fabric LATENCY 3 OPTYPE hmul PRAGMA yes RTLNAME hmul_16ns_16ns_16_4_no_dsp_1_U320 SOURCE ../gen2/Hls_Layers_UpConv.tpp:138 VARIABLE prod_90 LOOP KW_LOOP_FLAT_LOOP BUNDLEDNAME {} DSP 0 BRAM 0 URAM 0 STORAGESUBTYPE {} DISPNAME {bind_op hmul} VISIBLE true} {BINDTYPE op ID {} IMPL fulldsp LATENCY 4 OPTYPE hadd PRAGMA {} RTLNAME hadd_16ns_16ns_16_5_full_dsp_1_U154 SOURCE ../gen2/Hls_Layers_UpConv.tpp:139 VARIABLE dot_90 LOOP KW_LOOP_FLAT_LOOP BUNDLEDNAME {} DSP 2 BRAM 0 URAM 0 STORAGESUBTYPE {} DISPNAME {bind_op hadd} VISIBLE true} {BINDTYPE op ID {} IMPL fabric LATENCY 3 OPTYPE hmul PRAGMA yes RTLNAME hmul_16ns_16ns_16_4_no_dsp_1_U321 SOURCE ../gen2/Hls_Layers_UpConv.tpp:138 VARIABLE prod_91 LOOP KW_LOOP_FLAT_LOOP BUNDLEDNAME {} DSP 0 BRAM 0 URAM 0 STORAGESUBTYPE {} DISPNAME {bind_op hmul} VISIBLE true} {BINDTYPE op ID {} IMPL fulldsp LATENCY 4 OPTYPE hadd PRAGMA {} RTLNAME hadd_16ns_16ns_16_5_full_dsp_1_U162 SOURCE ../gen2/Hls_Layers_UpConv.tpp:139 VARIABLE dot_91 LOOP KW_LOOP_FLAT_LOOP BUNDLEDNAME {} DSP 2 BRAM 0 URAM 0 STORAGESUBTYPE {} DISPNAME {bind_op hadd} VISIBLE true} {BINDTYPE op ID {} IMPL fabric LATENCY 3 OPTYPE hmul PRAGMA yes RTLNAME hmul_16ns_16ns_16_4_no_dsp_1_U322 SOURCE ../gen2/Hls_Layers_UpConv.tpp:138 VARIABLE prod_92 LOOP KW_LOOP_FLAT_LOOP BUNDLEDNAME {} DSP 0 BRAM 0 URAM 0 STORAGESUBTYPE {} DISPNAME {bind_op hmul} VISIBLE true} {BINDTYPE op ID {} IMPL fulldsp LATENCY 4 OPTYPE hadd PRAGMA {} RTLNAME hadd_16ns_16ns_16_5_full_dsp_1_U170 SOURCE ../gen2/Hls_Layers_UpConv.tpp:139 VARIABLE dot_92 LOOP KW_LOOP_FLAT_LOOP BUNDLEDNAME {} DSP 2 BRAM 0 URAM 0 STORAGESUBTYPE {} DISPNAME {bind_op hadd} VISIBLE true} {BINDTYPE op ID {} IMPL fabric LATENCY 3 OPTYPE hmul PRAGMA yes RTLNAME hmul_16ns_16ns_16_4_no_dsp_1_U323 SOURCE ../gen2/Hls_Layers_UpConv.tpp:138 VARIABLE prod_93 LOOP KW_LOOP_FLAT_LOOP BUNDLEDNAME {} DSP 0 BRAM 0 URAM 0 STORAGESUBTYPE {} DISPNAME {bind_op hmul} VISIBLE true} {BINDTYPE op ID {} IMPL fulldsp LATENCY 4 OPTYPE hadd PRAGMA {} RTLNAME hadd_16ns_16ns_16_5_full_dsp_1_U178 SOURCE ../gen2/Hls_Layers_UpConv.tpp:139 VARIABLE dot_93 LOOP KW_LOOP_FLAT_LOOP BUNDLEDNAME {} DSP 2 BRAM 0 URAM 0 STORAGESUBTYPE {} DISPNAME {bind_op hadd} VISIBLE true} {BINDTYPE op ID {} IMPL fabric LATENCY 3 OPTYPE hmul PRAGMA yes RTLNAME hmul_16ns_16ns_16_4_no_dsp_1_U324 SOURCE ../gen2/Hls_Layers_UpConv.tpp:138 VARIABLE prod_94 LOOP KW_LOOP_FLAT_LOOP BUNDLEDNAME {} DSP 0 BRAM 0 URAM 0 STORAGESUBTYPE {} DISPNAME {bind_op hmul} VISIBLE true} {BINDTYPE op ID {} IMPL fulldsp LATENCY 4 OPTYPE hadd PRAGMA {} RTLNAME hadd_16ns_16ns_16_5_full_dsp_1_U186 SOURCE ../gen2/Hls_Layers_UpConv.tpp:139 VARIABLE dot_94 LOOP KW_LOOP_FLAT_LOOP BUNDLEDNAME {} DSP 2 BRAM 0 URAM 0 STORAGESUBTYPE {} DISPNAME {bind_op hadd} VISIBLE true} {BINDTYPE op ID {} IMPL fabric LATENCY 3 OPTYPE hmul PRAGMA yes RTLNAME hmul_16ns_16ns_16_4_no_dsp_1_U325 SOURCE ../gen2/Hls_Layers_UpConv.tpp:138 VARIABLE prod_95 LOOP KW_LOOP_FLAT_LOOP BUNDLEDNAME {} DSP 0 BRAM 0 URAM 0 STORAGESUBTYPE {} DISPNAME {bind_op hmul} VISIBLE true} {BINDTYPE op ID {} IMPL fulldsp LATENCY 4 OPTYPE hadd PRAGMA {} RTLNAME hadd_16ns_16ns_16_5_full_dsp_1_U67 SOURCE ../gen2/Hls_Layers_UpConv.tpp:139 VARIABLE dot_95 LOOP KW_LOOP_FLAT_LOOP BUNDLEDNAME {} DSP 2 BRAM 0 URAM 0 STORAGESUBTYPE {} DISPNAME {bind_op hadd} VISIBLE true} {BINDTYPE op ID {} IMPL fabric LATENCY 3 OPTYPE hmul PRAGMA yes RTLNAME hmul_16ns_16ns_16_4_no_dsp_1_U326 SOURCE ../gen2/Hls_Layers_UpConv.tpp:138 VARIABLE prod_96 LOOP KW_LOOP_FLAT_LOOP BUNDLEDNAME {} DSP 0 BRAM 0 URAM 0 STORAGESUBTYPE {} DISPNAME {bind_op hmul} VISIBLE true} {BINDTYPE op ID {} IMPL fulldsp LATENCY 4 OPTYPE hadd PRAGMA {} RTLNAME hadd_16ns_16ns_16_5_full_dsp_1_U75 SOURCE ../gen2/Hls_Layers_UpConv.tpp:139 VARIABLE dot_96 LOOP KW_LOOP_FLAT_LOOP BUNDLEDNAME {} DSP 2 BRAM 0 URAM 0 STORAGESUBTYPE {} DISPNAME {bind_op hadd} VISIBLE true} {BINDTYPE op ID {} IMPL fabric LATENCY 3 OPTYPE hmul PRAGMA yes RTLNAME hmul_16ns_16ns_16_4_no_dsp_1_U327 SOURCE ../gen2/Hls_Layers_UpConv.tpp:138 VARIABLE prod_97 LOOP KW_LOOP_FLAT_LOOP BUNDLEDNAME {} DSP 0 BRAM 0 URAM 0 STORAGESUBTYPE {} DISPNAME {bind_op hmul} VISIBLE true} {BINDTYPE op ID {} IMPL fulldsp LATENCY 4 OPTYPE hadd PRAGMA {} RTLNAME hadd_16ns_16ns_16_5_full_dsp_1_U83 SOURCE ../gen2/Hls_Layers_UpConv.tpp:139 VARIABLE dot_97 LOOP KW_LOOP_FLAT_LOOP BUNDLEDNAME {} DSP 2 BRAM 0 URAM 0 STORAGESUBTYPE {} DISPNAME {bind_op hadd} VISIBLE true} {BINDTYPE op ID {} IMPL fabric LATENCY 3 OPTYPE hmul PRAGMA yes RTLNAME hmul_16ns_16ns_16_4_no_dsp_1_U328 SOURCE ../gen2/Hls_Layers_UpConv.tpp:138 VARIABLE prod_98 LOOP KW_LOOP_FLAT_LOOP BUNDLEDNAME {} DSP 0 BRAM 0 URAM 0 STORAGESUBTYPE {} DISPNAME {bind_op hmul} VISIBLE true} {BINDTYPE op ID {} IMPL fulldsp LATENCY 4 OPTYPE hadd PRAGMA {} RTLNAME hadd_16ns_16ns_16_5_full_dsp_1_U91 SOURCE ../gen2/Hls_Layers_UpConv.tpp:139 VARIABLE dot_98 LOOP KW_LOOP_FLAT_LOOP BUNDLEDNAME {} DSP 2 BRAM 0 URAM 0 STORAGESUBTYPE {} DISPNAME {bind_op hadd} VISIBLE true} {BINDTYPE op ID {} IMPL fabric LATENCY 3 OPTYPE hmul PRAGMA yes RTLNAME hmul_16ns_16ns_16_4_no_dsp_1_U329 SOURCE ../gen2/Hls_Layers_UpConv.tpp:138 VARIABLE prod_99 LOOP KW_LOOP_FLAT_LOOP BUNDLEDNAME {} DSP 0 BRAM 0 URAM 0 STORAGESUBTYPE {} DISPNAME {bind_op hmul} VISIBLE true} {BINDTYPE op ID {} IMPL fulldsp LATENCY 4 OPTYPE hadd PRAGMA {} RTLNAME hadd_16ns_16ns_16_5_full_dsp_1_U99 SOURCE ../gen2/Hls_Layers_UpConv.tpp:139 VARIABLE dot_99 LOOP KW_LOOP_FLAT_LOOP BUNDLEDNAME {} DSP 2 BRAM 0 URAM 0 STORAGESUBTYPE {} DISPNAME {bind_op hadd} VISIBLE true} {BINDTYPE op ID {} IMPL fabric LATENCY 3 OPTYPE hmul PRAGMA yes RTLNAME hmul_16ns_16ns_16_4_no_dsp_1_U330 SOURCE ../gen2/Hls_Layers_UpConv.tpp:138 VARIABLE prod_100 LOOP KW_LOOP_FLAT_LOOP BUNDLEDNAME {} DSP 0 BRAM 0 URAM 0 STORAGESUBTYPE {} DISPNAME {bind_op hmul} VISIBLE true} {BINDTYPE op ID {} IMPL fulldsp LATENCY 4 OPTYPE hadd PRAGMA {} RTLNAME hadd_16ns_16ns_16_5_full_dsp_1_U107 SOURCE ../gen2/Hls_Layers_UpConv.tpp:139 VARIABLE dot_100 LOOP KW_LOOP_FLAT_LOOP BUNDLEDNAME {} DSP 2 BRAM 0 URAM 0 STORAGESUBTYPE {} DISPNAME {bind_op hadd} VISIBLE true} {BINDTYPE op ID {} IMPL fabric LATENCY 3 OPTYPE hmul PRAGMA yes RTLNAME hmul_16ns_16ns_16_4_no_dsp_1_U331 SOURCE ../gen2/Hls_Layers_UpConv.tpp:138 VARIABLE prod_101 LOOP KW_LOOP_FLAT_LOOP BUNDLEDNAME {} DSP 0 BRAM 0 URAM 0 STORAGESUBTYPE {} DISPNAME {bind_op hmul} VISIBLE true} {BINDTYPE op ID {} IMPL fulldsp LATENCY 4 OPTYPE hadd PRAGMA {} RTLNAME hadd_16ns_16ns_16_5_full_dsp_1_U115 SOURCE ../gen2/Hls_Layers_UpConv.tpp:139 VARIABLE dot_101 LOOP KW_LOOP_FLAT_LOOP BUNDLEDNAME {} DSP 2 BRAM 0 URAM 0 STORAGESUBTYPE {} DISPNAME {bind_op hadd} VISIBLE true} {BINDTYPE op ID {} IMPL fabric LATENCY 3 OPTYPE hmul PRAGMA yes RTLNAME hmul_16ns_16ns_16_4_no_dsp_1_U332 SOURCE ../gen2/Hls_Layers_UpConv.tpp:138 VARIABLE prod_102 LOOP KW_LOOP_FLAT_LOOP BUNDLEDNAME {} DSP 0 BRAM 0 URAM 0 STORAGESUBTYPE {} DISPNAME {bind_op hmul} VISIBLE true} {BINDTYPE op ID {} IMPL fulldsp LATENCY 4 OPTYPE hadd PRAGMA {} RTLNAME hadd_16ns_16ns_16_5_full_dsp_1_U123 SOURCE ../gen2/Hls_Layers_UpConv.tpp:139 VARIABLE dot_102 LOOP KW_LOOP_FLAT_LOOP BUNDLEDNAME {} DSP 2 BRAM 0 URAM 0 STORAGESUBTYPE {} DISPNAME {bind_op hadd} VISIBLE true} {BINDTYPE op ID {} IMPL fabric LATENCY 3 OPTYPE hmul PRAGMA yes RTLNAME hmul_16ns_16ns_16_4_no_dsp_1_U333 SOURCE ../gen2/Hls_Layers_UpConv.tpp:138 VARIABLE prod_103 LOOP KW_LOOP_FLAT_LOOP BUNDLEDNAME {} DSP 0 BRAM 0 URAM 0 STORAGESUBTYPE {} DISPNAME {bind_op hmul} VISIBLE true} {BINDTYPE op ID {} IMPL fulldsp LATENCY 4 OPTYPE hadd PRAGMA {} RTLNAME hadd_16ns_16ns_16_5_full_dsp_1_U131 SOURCE ../gen2/Hls_Layers_UpConv.tpp:139 VARIABLE dot_103 LOOP KW_LOOP_FLAT_LOOP BUNDLEDNAME {} DSP 2 BRAM 0 URAM 0 STORAGESUBTYPE {} DISPNAME {bind_op hadd} VISIBLE true} {BINDTYPE op ID {} IMPL fabric LATENCY 3 OPTYPE hmul PRAGMA yes RTLNAME hmul_16ns_16ns_16_4_no_dsp_1_U334 SOURCE ../gen2/Hls_Layers_UpConv.tpp:138 VARIABLE prod_104 LOOP KW_LOOP_FLAT_LOOP BUNDLEDNAME {} DSP 0 BRAM 0 URAM 0 STORAGESUBTYPE {} DISPNAME {bind_op hmul} VISIBLE true} {BINDTYPE op ID {} IMPL fulldsp LATENCY 4 OPTYPE hadd PRAGMA {} RTLNAME hadd_16ns_16ns_16_5_full_dsp_1_U139 SOURCE ../gen2/Hls_Layers_UpConv.tpp:139 VARIABLE dot_104 LOOP KW_LOOP_FLAT_LOOP BUNDLEDNAME {} DSP 2 BRAM 0 URAM 0 STORAGESUBTYPE {} DISPNAME {bind_op hadd} VISIBLE true} {BINDTYPE op ID {} IMPL fabric LATENCY 3 OPTYPE hmul PRAGMA yes RTLNAME hmul_16ns_16ns_16_4_no_dsp_1_U335 SOURCE ../gen2/Hls_Layers_UpConv.tpp:138 VARIABLE prod_105 LOOP KW_LOOP_FLAT_LOOP BUNDLEDNAME {} DSP 0 BRAM 0 URAM 0 STORAGESUBTYPE {} DISPNAME {bind_op hmul} VISIBLE true} {BINDTYPE op ID {} IMPL fulldsp LATENCY 4 OPTYPE hadd PRAGMA {} RTLNAME hadd_16ns_16ns_16_5_full_dsp_1_U147 SOURCE ../gen2/Hls_Layers_UpConv.tpp:139 VARIABLE dot_105 LOOP KW_LOOP_FLAT_LOOP BUNDLEDNAME {} DSP 2 BRAM 0 URAM 0 STORAGESUBTYPE {} DISPNAME {bind_op hadd} VISIBLE true} {BINDTYPE op ID {} IMPL fabric LATENCY 3 OPTYPE hmul PRAGMA yes RTLNAME hmul_16ns_16ns_16_4_no_dsp_1_U336 SOURCE ../gen2/Hls_Layers_UpConv.tpp:138 VARIABLE prod_106 LOOP KW_LOOP_FLAT_LOOP BUNDLEDNAME {} DSP 0 BRAM 0 URAM 0 STORAGESUBTYPE {} DISPNAME {bind_op hmul} VISIBLE true} {BINDTYPE op ID {} IMPL fulldsp LATENCY 4 OPTYPE hadd PRAGMA {} RTLNAME hadd_16ns_16ns_16_5_full_dsp_1_U155 SOURCE ../gen2/Hls_Layers_UpConv.tpp:139 VARIABLE dot_106 LOOP KW_LOOP_FLAT_LOOP BUNDLEDNAME {} DSP 2 BRAM 0 URAM 0 STORAGESUBTYPE {} DISPNAME {bind_op hadd} VISIBLE true} {BINDTYPE op ID {} IMPL fabric LATENCY 3 OPTYPE hmul PRAGMA yes RTLNAME hmul_16ns_16ns_16_4_no_dsp_1_U337 SOURCE ../gen2/Hls_Layers_UpConv.tpp:138 VARIABLE prod_107 LOOP KW_LOOP_FLAT_LOOP BUNDLEDNAME {} DSP 0 BRAM 0 URAM 0 STORAGESUBTYPE {} DISPNAME {bind_op hmul} VISIBLE true} {BINDTYPE op ID {} IMPL fulldsp LATENCY 4 OPTYPE hadd PRAGMA {} RTLNAME hadd_16ns_16ns_16_5_full_dsp_1_U163 SOURCE ../gen2/Hls_Layers_UpConv.tpp:139 VARIABLE dot_107 LOOP KW_LOOP_FLAT_LOOP BUNDLEDNAME {} DSP 2 BRAM 0 URAM 0 STORAGESUBTYPE {} DISPNAME {bind_op hadd} VISIBLE true} {BINDTYPE op ID {} IMPL fabric LATENCY 3 OPTYPE hmul PRAGMA yes RTLNAME hmul_16ns_16ns_16_4_no_dsp_1_U338 SOURCE ../gen2/Hls_Layers_UpConv.tpp:138 VARIABLE prod_108 LOOP KW_LOOP_FLAT_LOOP BUNDLEDNAME {} DSP 0 BRAM 0 URAM 0 STORAGESUBTYPE {} DISPNAME {bind_op hmul} VISIBLE true} {BINDTYPE op ID {} IMPL fulldsp LATENCY 4 OPTYPE hadd PRAGMA {} RTLNAME hadd_16ns_16ns_16_5_full_dsp_1_U171 SOURCE ../gen2/Hls_Layers_UpConv.tpp:139 VARIABLE dot_108 LOOP KW_LOOP_FLAT_LOOP BUNDLEDNAME {} DSP 2 BRAM 0 URAM 0 STORAGESUBTYPE {} DISPNAME {bind_op hadd} VISIBLE true} {BINDTYPE op ID {} IMPL fabric LATENCY 3 OPTYPE hmul PRAGMA yes RTLNAME hmul_16ns_16ns_16_4_no_dsp_1_U339 SOURCE ../gen2/Hls_Layers_UpConv.tpp:138 VARIABLE prod_109 LOOP KW_LOOP_FLAT_LOOP BUNDLEDNAME {} DSP 0 BRAM 0 URAM 0 STORAGESUBTYPE {} DISPNAME {bind_op hmul} VISIBLE true} {BINDTYPE op ID {} IMPL fulldsp LATENCY 4 OPTYPE hadd PRAGMA {} RTLNAME hadd_16ns_16ns_16_5_full_dsp_1_U179 SOURCE ../gen2/Hls_Layers_UpConv.tpp:139 VARIABLE dot_109 LOOP KW_LOOP_FLAT_LOOP BUNDLEDNAME {} DSP 2 BRAM 0 URAM 0 STORAGESUBTYPE {} DISPNAME {bind_op hadd} VISIBLE true} {BINDTYPE op ID {} IMPL fabric LATENCY 3 OPTYPE hmul PRAGMA yes RTLNAME hmul_16ns_16ns_16_4_no_dsp_1_U340 SOURCE ../gen2/Hls_Layers_UpConv.tpp:138 VARIABLE prod_110 LOOP KW_LOOP_FLAT_LOOP BUNDLEDNAME {} DSP 0 BRAM 0 URAM 0 STORAGESUBTYPE {} DISPNAME {bind_op hmul} VISIBLE true} {BINDTYPE op ID {} IMPL fulldsp LATENCY 4 OPTYPE hadd PRAGMA {} RTLNAME hadd_16ns_16ns_16_5_full_dsp_1_U187 SOURCE ../gen2/Hls_Layers_UpConv.tpp:139 VARIABLE dot_110 LOOP KW_LOOP_FLAT_LOOP BUNDLEDNAME {} DSP 2 BRAM 0 URAM 0 STORAGESUBTYPE {} DISPNAME {bind_op hadd} VISIBLE true} {BINDTYPE op ID {} IMPL fabric LATENCY 3 OPTYPE hmul PRAGMA yes RTLNAME hmul_16ns_16ns_16_4_no_dsp_1_U341 SOURCE ../gen2/Hls_Layers_UpConv.tpp:138 VARIABLE prod_111 LOOP KW_LOOP_FLAT_LOOP BUNDLEDNAME {} DSP 0 BRAM 0 URAM 0 STORAGESUBTYPE {} DISPNAME {bind_op hmul} VISIBLE true} {BINDTYPE op ID {} IMPL fulldsp LATENCY 4 OPTYPE hadd PRAGMA {} RTLNAME hadd_16ns_16ns_16_5_full_dsp_1_U68 SOURCE ../gen2/Hls_Layers_UpConv.tpp:139 VARIABLE dot_111 LOOP KW_LOOP_FLAT_LOOP BUNDLEDNAME {} DSP 2 BRAM 0 URAM 0 STORAGESUBTYPE {} DISPNAME {bind_op hadd} VISIBLE true} {BINDTYPE op ID {} IMPL fabric LATENCY 3 OPTYPE hmul PRAGMA yes RTLNAME hmul_16ns_16ns_16_4_no_dsp_1_U342 SOURCE ../gen2/Hls_Layers_UpConv.tpp:138 VARIABLE prod_112 LOOP KW_LOOP_FLAT_LOOP BUNDLEDNAME {} DSP 0 BRAM 0 URAM 0 STORAGESUBTYPE {} DISPNAME {bind_op hmul} VISIBLE true} {BINDTYPE op ID {} IMPL fulldsp LATENCY 4 OPTYPE hadd PRAGMA {} RTLNAME hadd_16ns_16ns_16_5_full_dsp_1_U76 SOURCE ../gen2/Hls_Layers_UpConv.tpp:139 VARIABLE dot_112 LOOP KW_LOOP_FLAT_LOOP BUNDLEDNAME {} DSP 2 BRAM 0 URAM 0 STORAGESUBTYPE {} DISPNAME {bind_op hadd} VISIBLE true} {BINDTYPE op ID {} IMPL fabric LATENCY 3 OPTYPE hmul PRAGMA yes RTLNAME hmul_16ns_16ns_16_4_no_dsp_1_U343 SOURCE ../gen2/Hls_Layers_UpConv.tpp:138 VARIABLE prod_113 LOOP KW_LOOP_FLAT_LOOP BUNDLEDNAME {} DSP 0 BRAM 0 URAM 0 STORAGESUBTYPE {} DISPNAME {bind_op hmul} VISIBLE true} {BINDTYPE op ID {} IMPL fulldsp LATENCY 4 OPTYPE hadd PRAGMA {} RTLNAME hadd_16ns_16ns_16_5_full_dsp_1_U84 SOURCE ../gen2/Hls_Layers_UpConv.tpp:139 VARIABLE dot_113 LOOP KW_LOOP_FLAT_LOOP BUNDLEDNAME {} DSP 2 BRAM 0 URAM 0 STORAGESUBTYPE {} DISPNAME {bind_op hadd} VISIBLE true} {BINDTYPE op ID {} IMPL fabric LATENCY 3 OPTYPE hmul PRAGMA yes RTLNAME hmul_16ns_16ns_16_4_no_dsp_1_U344 SOURCE ../gen2/Hls_Layers_UpConv.tpp:138 VARIABLE prod_114 LOOP KW_LOOP_FLAT_LOOP BUNDLEDNAME {} DSP 0 BRAM 0 URAM 0 STORAGESUBTYPE {} DISPNAME {bind_op hmul} VISIBLE true} {BINDTYPE op ID {} IMPL fulldsp LATENCY 4 OPTYPE hadd PRAGMA {} RTLNAME hadd_16ns_16ns_16_5_full_dsp_1_U92 SOURCE ../gen2/Hls_Layers_UpConv.tpp:139 VARIABLE dot_114 LOOP KW_LOOP_FLAT_LOOP BUNDLEDNAME {} DSP 2 BRAM 0 URAM 0 STORAGESUBTYPE {} DISPNAME {bind_op hadd} VISIBLE true} {BINDTYPE op ID {} IMPL fabric LATENCY 3 OPTYPE hmul PRAGMA yes RTLNAME hmul_16ns_16ns_16_4_no_dsp_1_U345 SOURCE ../gen2/Hls_Layers_UpConv.tpp:138 VARIABLE prod_115 LOOP KW_LOOP_FLAT_LOOP BUNDLEDNAME {} DSP 0 BRAM 0 URAM 0 STORAGESUBTYPE {} DISPNAME {bind_op hmul} VISIBLE true} {BINDTYPE op ID {} IMPL fulldsp LATENCY 4 OPTYPE hadd PRAGMA {} RTLNAME hadd_16ns_16ns_16_5_full_dsp_1_U100 SOURCE ../gen2/Hls_Layers_UpConv.tpp:139 VARIABLE dot_115 LOOP KW_LOOP_FLAT_LOOP BUNDLEDNAME {} DSP 2 BRAM 0 URAM 0 STORAGESUBTYPE {} DISPNAME {bind_op hadd} VISIBLE true} {BINDTYPE op ID {} IMPL fabric LATENCY 3 OPTYPE hmul PRAGMA yes RTLNAME hmul_16ns_16ns_16_4_no_dsp_1_U346 SOURCE ../gen2/Hls_Layers_UpConv.tpp:138 VARIABLE prod_116 LOOP KW_LOOP_FLAT_LOOP BUNDLEDNAME {} DSP 0 BRAM 0 URAM 0 STORAGESUBTYPE {} DISPNAME {bind_op hmul} VISIBLE true} {BINDTYPE op ID {} IMPL fulldsp LATENCY 4 OPTYPE hadd PRAGMA {} RTLNAME hadd_16ns_16ns_16_5_full_dsp_1_U108 SOURCE ../gen2/Hls_Layers_UpConv.tpp:139 VARIABLE dot_116 LOOP KW_LOOP_FLAT_LOOP BUNDLEDNAME {} DSP 2 BRAM 0 URAM 0 STORAGESUBTYPE {} DISPNAME {bind_op hadd} VISIBLE true} {BINDTYPE op ID {} IMPL fabric LATENCY 3 OPTYPE hmul PRAGMA yes RTLNAME hmul_16ns_16ns_16_4_no_dsp_1_U347 SOURCE ../gen2/Hls_Layers_UpConv.tpp:138 VARIABLE prod_117 LOOP KW_LOOP_FLAT_LOOP BUNDLEDNAME {} DSP 0 BRAM 0 URAM 0 STORAGESUBTYPE {} DISPNAME {bind_op hmul} VISIBLE true} {BINDTYPE op ID {} IMPL fulldsp LATENCY 4 OPTYPE hadd PRAGMA {} RTLNAME hadd_16ns_16ns_16_5_full_dsp_1_U116 SOURCE ../gen2/Hls_Layers_UpConv.tpp:139 VARIABLE dot_117 LOOP KW_LOOP_FLAT_LOOP BUNDLEDNAME {} DSP 2 BRAM 0 URAM 0 STORAGESUBTYPE {} DISPNAME {bind_op hadd} VISIBLE true} {BINDTYPE op ID {} IMPL fabric LATENCY 3 OPTYPE hmul PRAGMA yes RTLNAME hmul_16ns_16ns_16_4_no_dsp_1_U348 SOURCE ../gen2/Hls_Layers_UpConv.tpp:138 VARIABLE prod_118 LOOP KW_LOOP_FLAT_LOOP BUNDLEDNAME {} DSP 0 BRAM 0 URAM 0 STORAGESUBTYPE {} DISPNAME {bind_op hmul} VISIBLE true} {BINDTYPE op ID {} IMPL fulldsp LATENCY 4 OPTYPE hadd PRAGMA {} RTLNAME hadd_16ns_16ns_16_5_full_dsp_1_U124 SOURCE ../gen2/Hls_Layers_UpConv.tpp:139 VARIABLE dot_118 LOOP KW_LOOP_FLAT_LOOP BUNDLEDNAME {} DSP 2 BRAM 0 URAM 0 STORAGESUBTYPE {} DISPNAME {bind_op hadd} VISIBLE true} {BINDTYPE op ID {} IMPL fabric LATENCY 3 OPTYPE hmul PRAGMA yes RTLNAME hmul_16ns_16ns_16_4_no_dsp_1_U349 SOURCE ../gen2/Hls_Layers_UpConv.tpp:138 VARIABLE prod_119 LOOP KW_LOOP_FLAT_LOOP BUNDLEDNAME {} DSP 0 BRAM 0 URAM 0 STORAGESUBTYPE {} DISPNAME {bind_op hmul} VISIBLE true} {BINDTYPE op ID {} IMPL fulldsp LATENCY 4 OPTYPE hadd PRAGMA {} RTLNAME hadd_16ns_16ns_16_5_full_dsp_1_U132 SOURCE ../gen2/Hls_Layers_UpConv.tpp:139 VARIABLE dot_119 LOOP KW_LOOP_FLAT_LOOP BUNDLEDNAME {} DSP 2 BRAM 0 URAM 0 STORAGESUBTYPE {} DISPNAME {bind_op hadd} VISIBLE true} {BINDTYPE op ID {} IMPL fabric LATENCY 3 OPTYPE hmul PRAGMA yes RTLNAME hmul_16ns_16ns_16_4_no_dsp_1_U350 SOURCE ../gen2/Hls_Layers_UpConv.tpp:138 VARIABLE prod_120 LOOP KW_LOOP_FLAT_LOOP BUNDLEDNAME {} DSP 0 BRAM 0 URAM 0 STORAGESUBTYPE {} DISPNAME {bind_op hmul} VISIBLE true} {BINDTYPE op ID {} IMPL fulldsp LATENCY 4 OPTYPE hadd PRAGMA {} RTLNAME hadd_16ns_16ns_16_5_full_dsp_1_U140 SOURCE ../gen2/Hls_Layers_UpConv.tpp:139 VARIABLE dot_120 LOOP KW_LOOP_FLAT_LOOP BUNDLEDNAME {} DSP 2 BRAM 0 URAM 0 STORAGESUBTYPE {} DISPNAME {bind_op hadd} VISIBLE true} {BINDTYPE op ID {} IMPL fabric LATENCY 3 OPTYPE hmul PRAGMA yes RTLNAME hmul_16ns_16ns_16_4_no_dsp_1_U351 SOURCE ../gen2/Hls_Layers_UpConv.tpp:138 VARIABLE prod_121 LOOP KW_LOOP_FLAT_LOOP BUNDLEDNAME {} DSP 0 BRAM 0 URAM 0 STORAGESUBTYPE {} DISPNAME {bind_op hmul} VISIBLE true} {BINDTYPE op ID {} IMPL fulldsp LATENCY 4 OPTYPE hadd PRAGMA {} RTLNAME hadd_16ns_16ns_16_5_full_dsp_1_U148 SOURCE ../gen2/Hls_Layers_UpConv.tpp:139 VARIABLE dot_121 LOOP KW_LOOP_FLAT_LOOP BUNDLEDNAME {} DSP 2 BRAM 0 URAM 0 STORAGESUBTYPE {} DISPNAME {bind_op hadd} VISIBLE true} {BINDTYPE op ID {} IMPL fabric LATENCY 3 OPTYPE hmul PRAGMA yes RTLNAME hmul_16ns_16ns_16_4_no_dsp_1_U352 SOURCE ../gen2/Hls_Layers_UpConv.tpp:138 VARIABLE prod_122 LOOP KW_LOOP_FLAT_LOOP BUNDLEDNAME {} DSP 0 BRAM 0 URAM 0 STORAGESUBTYPE {} DISPNAME {bind_op hmul} VISIBLE true} {BINDTYPE op ID {} IMPL fulldsp LATENCY 4 OPTYPE hadd PRAGMA {} RTLNAME hadd_16ns_16ns_16_5_full_dsp_1_U156 SOURCE ../gen2/Hls_Layers_UpConv.tpp:139 VARIABLE dot_122 LOOP KW_LOOP_FLAT_LOOP BUNDLEDNAME {} DSP 2 BRAM 0 URAM 0 STORAGESUBTYPE {} DISPNAME {bind_op hadd} VISIBLE true} {BINDTYPE op ID {} IMPL fabric LATENCY 3 OPTYPE hmul PRAGMA yes RTLNAME hmul_16ns_16ns_16_4_no_dsp_1_U353 SOURCE ../gen2/Hls_Layers_UpConv.tpp:138 VARIABLE prod_123 LOOP KW_LOOP_FLAT_LOOP BUNDLEDNAME {} DSP 0 BRAM 0 URAM 0 STORAGESUBTYPE {} DISPNAME {bind_op hmul} VISIBLE true} {BINDTYPE op ID {} IMPL fulldsp LATENCY 4 OPTYPE hadd PRAGMA {} RTLNAME hadd_16ns_16ns_16_5_full_dsp_1_U164 SOURCE ../gen2/Hls_Layers_UpConv.tpp:139 VARIABLE dot_123 LOOP KW_LOOP_FLAT_LOOP BUNDLEDNAME {} DSP 2 BRAM 0 URAM 0 STORAGESUBTYPE {} DISPNAME {bind_op hadd} VISIBLE true} {BINDTYPE op ID {} IMPL fabric LATENCY 3 OPTYPE hmul PRAGMA yes RTLNAME hmul_16ns_16ns_16_4_no_dsp_1_U354 SOURCE ../gen2/Hls_Layers_UpConv.tpp:138 VARIABLE prod_124 LOOP KW_LOOP_FLAT_LOOP BUNDLEDNAME {} DSP 0 BRAM 0 URAM 0 STORAGESUBTYPE {} DISPNAME {bind_op hmul} VISIBLE true} {BINDTYPE op ID {} IMPL fulldsp LATENCY 4 OPTYPE hadd PRAGMA {} RTLNAME hadd_16ns_16ns_16_5_full_dsp_1_U172 SOURCE ../gen2/Hls_Layers_UpConv.tpp:139 VARIABLE dot_124 LOOP KW_LOOP_FLAT_LOOP BUNDLEDNAME {} DSP 2 BRAM 0 URAM 0 STORAGESUBTYPE {} DISPNAME {bind_op hadd} VISIBLE true} {BINDTYPE op ID {} IMPL fabric LATENCY 3 OPTYPE hmul PRAGMA yes RTLNAME hmul_16ns_16ns_16_4_no_dsp_1_U355 SOURCE ../gen2/Hls_Layers_UpConv.tpp:138 VARIABLE prod_125 LOOP KW_LOOP_FLAT_LOOP BUNDLEDNAME {} DSP 0 BRAM 0 URAM 0 STORAGESUBTYPE {} DISPNAME {bind_op hmul} VISIBLE true} {BINDTYPE op ID {} IMPL fulldsp LATENCY 4 OPTYPE hadd PRAGMA {} RTLNAME hadd_16ns_16ns_16_5_full_dsp_1_U180 SOURCE ../gen2/Hls_Layers_UpConv.tpp:139 VARIABLE dot_125 LOOP KW_LOOP_FLAT_LOOP BUNDLEDNAME {} DSP 2 BRAM 0 URAM 0 STORAGESUBTYPE {} DISPNAME {bind_op hadd} VISIBLE true} {BINDTYPE op ID {} IMPL fabric LATENCY 3 OPTYPE hmul PRAGMA yes RTLNAME hmul_16ns_16ns_16_4_no_dsp_1_U356 SOURCE ../gen2/Hls_Layers_UpConv.tpp:138 VARIABLE prod_126 LOOP KW_LOOP_FLAT_LOOP BUNDLEDNAME {} DSP 0 BRAM 0 URAM 0 STORAGESUBTYPE {} DISPNAME {bind_op hmul} VISIBLE true} {BINDTYPE op ID {} IMPL fulldsp LATENCY 4 OPTYPE hadd PRAGMA {} RTLNAME hadd_16ns_16ns_16_5_full_dsp_1_U188 SOURCE ../gen2/Hls_Layers_UpConv.tpp:139 VARIABLE dot_126 LOOP KW_LOOP_FLAT_LOOP BUNDLEDNAME {} DSP 2 BRAM 0 URAM 0 STORAGESUBTYPE {} DISPNAME {bind_op hadd} VISIBLE true} {BINDTYPE op ID {} IMPL compactencoding_dontcare LATENCY 0 OPTYPE sparsemux PRAGMA {} RTLNAME sparsemux_9_2_16_1_1_U357 SOURCE ../gen2/Hls_Layers_UpConv.tpp:142 VARIABLE tmp_i LOOP KW_LOOP_FLAT_LOOP BUNDLEDNAME {} DSP 0 BRAM 0 URAM 0 STORAGESUBTYPE {} DISPNAME {bind_op sparsemux} VISIBLE false} {BINDTYPE op ID {} IMPL fulldsp LATENCY 4 OPTYPE hadd PRAGMA {} RTLNAME hadd_16ns_16ns_16_5_full_dsp_1_U189 SOURCE ../gen2/Hls_Layers_UpConv.tpp:142 VARIABLE add2_i LOOP KW_LOOP_FLAT_LOOP BUNDLEDNAME {} DSP 2 BRAM 0 URAM 0 STORAGESUBTYPE {} DISPNAME {bind_op hadd} VISIBLE true} {BINDTYPE op ID {} IMPL compactencoding_dontcare LATENCY 0 OPTYPE sparsemux PRAGMA {} RTLNAME sparsemux_9_2_16_1_1_U358 SOURCE ../gen2/Hls_Layers_UpConv.tpp:142 VARIABLE tmp_i_200 LOOP KW_LOOP_FLAT_LOOP BUNDLEDNAME {} DSP 0 BRAM 0 URAM 0 STORAGESUBTYPE {} DISPNAME {bind_op sparsemux} VISIBLE false} {BINDTYPE op ID {} IMPL fulldsp LATENCY 4 OPTYPE hadd PRAGMA {} RTLNAME hadd_16ns_16ns_16_5_full_dsp_1_U190 SOURCE ../gen2/Hls_Layers_UpConv.tpp:142 VARIABLE add58_1_i LOOP KW_LOOP_FLAT_LOOP BUNDLEDNAME {} DSP 2 BRAM 0 URAM 0 STORAGESUBTYPE {} DISPNAME {bind_op hadd} VISIBLE true} {BINDTYPE op ID {} IMPL compactencoding_dontcare LATENCY 0 OPTYPE sparsemux PRAGMA {} RTLNAME sparsemux_9_2_16_1_1_U359 SOURCE ../gen2/Hls_Layers_UpConv.tpp:142 VARIABLE tmp_1_i LOOP KW_LOOP_FLAT_LOOP BUNDLEDNAME {} DSP 0 BRAM 0 URAM 0 STORAGESUBTYPE {} DISPNAME {bind_op sparsemux} VISIBLE false} {BINDTYPE op ID {} IMPL fulldsp LATENCY 4 OPTYPE hadd PRAGMA {} RTLNAME hadd_16ns_16ns_16_5_full_dsp_1_U191 SOURCE ../gen2/Hls_Layers_UpConv.tpp:142 VARIABLE add58_2_i LOOP KW_LOOP_FLAT_LOOP BUNDLEDNAME {} DSP 2 BRAM 0 URAM 0 STORAGESUBTYPE {} DISPNAME {bind_op hadd} VISIBLE true} {BINDTYPE op ID {} IMPL compactencoding_dontcare LATENCY 0 OPTYPE sparsemux PRAGMA {} RTLNAME sparsemux_9_2_16_1_1_U360 SOURCE ../gen2/Hls_Layers_UpConv.tpp:142 VARIABLE tmp_2_i LOOP KW_LOOP_FLAT_LOOP BUNDLEDNAME {} DSP 0 BRAM 0 URAM 0 STORAGESUBTYPE {} DISPNAME {bind_op sparsemux} VISIBLE false} {BINDTYPE op ID {} IMPL fulldsp LATENCY 4 OPTYPE hadd PRAGMA {} RTLNAME hadd_16ns_16ns_16_5_full_dsp_1_U192 SOURCE ../gen2/Hls_Layers_UpConv.tpp:142 VARIABLE add58_3_i LOOP KW_LOOP_FLAT_LOOP BUNDLEDNAME {} DSP 2 BRAM 0 URAM 0 STORAGESUBTYPE {} DISPNAME {bind_op hadd} VISIBLE true} {BINDTYPE op ID {} IMPL compactencoding_dontcare LATENCY 0 OPTYPE sparsemux PRAGMA {} RTLNAME sparsemux_9_2_16_1_1_U361 SOURCE ../gen2/Hls_Layers_UpConv.tpp:142 VARIABLE tmp_3_i LOOP KW_LOOP_FLAT_LOOP BUNDLEDNAME {} DSP 0 BRAM 0 URAM 0 STORAGESUBTYPE {} DISPNAME {bind_op sparsemux} VISIBLE false} {BINDTYPE op ID {} IMPL fulldsp LATENCY 4 OPTYPE hadd PRAGMA {} RTLNAME hadd_16ns_16ns_16_5_full_dsp_1_U193 SOURCE ../gen2/Hls_Layers_UpConv.tpp:142 VARIABLE add58_4_i LOOP KW_LOOP_FLAT_LOOP BUNDLEDNAME {} DSP 2 BRAM 0 URAM 0 STORAGESUBTYPE {} DISPNAME {bind_op hadd} VISIBLE true} {BINDTYPE op ID {} IMPL compactencoding_dontcare LATENCY 0 OPTYPE sparsemux PRAGMA {} RTLNAME sparsemux_9_2_16_1_1_U362 SOURCE ../gen2/Hls_Layers_UpConv.tpp:142 VARIABLE tmp_4_i LOOP KW_LOOP_FLAT_LOOP BUNDLEDNAME {} DSP 0 BRAM 0 URAM 0 STORAGESUBTYPE {} DISPNAME {bind_op sparsemux} VISIBLE false} {BINDTYPE op ID {} IMPL fulldsp LATENCY 4 OPTYPE hadd PRAGMA {} RTLNAME hadd_16ns_16ns_16_5_full_dsp_1_U194 SOURCE ../gen2/Hls_Layers_UpConv.tpp:142 VARIABLE add58_5_i LOOP KW_LOOP_FLAT_LOOP BUNDLEDNAME {} DSP 2 BRAM 0 URAM 0 STORAGESUBTYPE {} DISPNAME {bind_op hadd} VISIBLE true} {BINDTYPE op ID {} IMPL compactencoding_dontcare LATENCY 0 OPTYPE sparsemux PRAGMA {} RTLNAME sparsemux_9_2_16_1_1_U363 SOURCE ../gen2/Hls_Layers_UpConv.tpp:142 VARIABLE tmp_5_i LOOP KW_LOOP_FLAT_LOOP BUNDLEDNAME {} DSP 0 BRAM 0 URAM 0 STORAGESUBTYPE {} DISPNAME {bind_op sparsemux} VISIBLE false} {BINDTYPE op ID {} IMPL fulldsp LATENCY 4 OPTYPE hadd PRAGMA {} RTLNAME hadd_16ns_16ns_16_5_full_dsp_1_U195 SOURCE ../gen2/Hls_Layers_UpConv.tpp:142 VARIABLE add58_6_i LOOP KW_LOOP_FLAT_LOOP BUNDLEDNAME {} DSP 2 BRAM 0 URAM 0 STORAGESUBTYPE {} DISPNAME {bind_op hadd} VISIBLE true} {BINDTYPE op ID {} IMPL compactencoding_dontcare LATENCY 0 OPTYPE sparsemux PRAGMA {} RTLNAME sparsemux_9_2_16_1_1_U364 SOURCE ../gen2/Hls_Layers_UpConv.tpp:142 VARIABLE tmp_6_i LOOP KW_LOOP_FLAT_LOOP BUNDLEDNAME {} DSP 0 BRAM 0 URAM 0 STORAGESUBTYPE {} DISPNAME {bind_op sparsemux} VISIBLE false} {BINDTYPE op ID {} IMPL fulldsp LATENCY 4 OPTYPE hadd PRAGMA {} RTLNAME hadd_16ns_16ns_16_5_full_dsp_1_U196 SOURCE ../gen2/Hls_Layers_UpConv.tpp:142 VARIABLE add58_7_i LOOP KW_LOOP_FLAT_LOOP BUNDLEDNAME {} DSP 2 BRAM 0 URAM 0 STORAGESUBTYPE {} DISPNAME {bind_op hadd} VISIBLE true} {BINDTYPE op ID {} IMPL auto_sel LATENCY 0 OPTYPE select PRAGMA {} RTLNAME psum_38_fu_4681_p3 SOURCE ../gen2/Hls_Layers_UpConv.tpp:109 VARIABLE psum_38 LOOP KW_LOOP_FLAT_LOOP BUNDLEDNAME {} DSP 0 BRAM 0 URAM 0 STORAGESUBTYPE {} DISPNAME {bind_op select} VISIBLE false} {BINDTYPE op ID {} IMPL auto_sel LATENCY 0 OPTYPE select PRAGMA {} RTLNAME psum_36_fu_4686_p3 SOURCE ../gen2/Hls_Layers_UpConv.tpp:109 VARIABLE psum_36 LOOP KW_LOOP_FLAT_LOOP BUNDLEDNAME {} DSP 0 BRAM 0 URAM 0 STORAGESUBTYPE {} DISPNAME {bind_op select} VISIBLE false} {BINDTYPE op ID {} IMPL auto_sel LATENCY 0 OPTYPE select PRAGMA {} RTLNAME psum_34_fu_4691_p3 SOURCE ../gen2/Hls_Layers_UpConv.tpp:109 VARIABLE psum_34 LOOP KW_LOOP_FLAT_LOOP BUNDLEDNAME {} DSP 0 BRAM 0 URAM 0 STORAGESUBTYPE {} DISPNAME {bind_op select} VISIBLE false} {BINDTYPE op ID {} IMPL auto_sel LATENCY 0 OPTYPE select PRAGMA {} RTLNAME psum_32_fu_4696_p3 SOURCE ../gen2/Hls_Layers_UpConv.tpp:109 VARIABLE psum_32 LOOP KW_LOOP_FLAT_LOOP BUNDLEDNAME {} DSP 0 BRAM 0 URAM 0 STORAGESUBTYPE {} DISPNAME {bind_op select} VISIBLE false} {BINDTYPE op ID {} IMPL auto_sel LATENCY 0 OPTYPE select PRAGMA {} RTLNAME psum_33_fu_4701_p3 SOURCE ../gen2/Hls_Layers_UpConv.tpp:109 VARIABLE psum_33 LOOP KW_LOOP_FLAT_LOOP BUNDLEDNAME {} DSP 0 BRAM 0 URAM 0 STORAGESUBTYPE {} DISPNAME {bind_op select} VISIBLE false} {BINDTYPE op ID {} IMPL auto_sel LATENCY 0 OPTYPE select PRAGMA {} RTLNAME psum_35_fu_4706_p3 SOURCE ../gen2/Hls_Layers_UpConv.tpp:109 VARIABLE psum_35 LOOP KW_LOOP_FLAT_LOOP BUNDLEDNAME {} DSP 0 BRAM 0 URAM 0 STORAGESUBTYPE {} DISPNAME {bind_op select} VISIBLE false} {BINDTYPE op ID {} IMPL auto_sel LATENCY 0 OPTYPE select PRAGMA {} RTLNAME psum_37_fu_4711_p3 SOURCE ../gen2/Hls_Layers_UpConv.tpp:109 VARIABLE psum_37 LOOP KW_LOOP_FLAT_LOOP BUNDLEDNAME {} DSP 0 BRAM 0 URAM 0 STORAGESUBTYPE {} DISPNAME {bind_op select} VISIBLE false} {BINDTYPE op ID {} IMPL auto_sel LATENCY 0 OPTYPE select PRAGMA {} RTLNAME psum_39_fu_4716_p3 SOURCE ../gen2/Hls_Layers_UpConv.tpp:109 VARIABLE psum_39 LOOP KW_LOOP_FLAT_LOOP BUNDLEDNAME {} DSP 0 BRAM 0 URAM 0 STORAGESUBTYPE {} DISPNAME {bind_op select} VISIBLE false} {BINDTYPE op ID {} IMPL auto LATENCY 0 OPTYPE seteq PRAGMA {} RTLNAME icmp_ln145_fu_2543_p2 SOURCE ../gen2/Hls_Layers_UpConv.tpp:145 VARIABLE icmp_ln145 LOOP KW_LOOP_FLAT_LOOP BUNDLEDNAME {} DSP 0 BRAM 0 URAM 0 STORAGESUBTYPE {} DISPNAME {bind_op seteq} VISIBLE false} {BINDTYPE op ID {} IMPL fabric LATENCY 0 OPTYPE add PRAGMA {} RTLNAME ci_w_1_fu_2548_p2 SOURCE ../gen2/Hls_Layers_UpConv.tpp:158 VARIABLE ci_w_1 LOOP KW_LOOP_FLAT_LOOP BUNDLEDNAME {} DSP 0 BRAM 0 URAM 0 STORAGESUBTYPE {} DISPNAME {bind_op add} VISIBLE true} {BINDTYPE op ID {} IMPL fabric LATENCY 0 OPTYPE add PRAGMA {} RTLNAME add_ln146_fu_4892_p2 SOURCE ../gen2/Hls_Layers_UpConv.tpp:146 VARIABLE add_ln146 LOOP KW_LOOP_FLAT_LOOP BUNDLEDNAME {} DSP 0 BRAM 0 URAM 0 STORAGESUBTYPE {} DISPNAME {bind_op add} VISIBLE true} {BINDTYPE op ID {} IMPL fabric LATENCY 0 OPTYPE add PRAGMA {} RTLNAME wo_fu_4909_p2 SOURCE ../gen2/Hls_Layers_UpConv.tpp:146 VARIABLE wo LOOP KW_LOOP_FLAT_LOOP BUNDLEDNAME {} DSP 0 BRAM 0 URAM 0 STORAGESUBTYPE {} DISPNAME {bind_op add} VISIBLE true} {BINDTYPE op ID {} IMPL auto LATENCY 0 OPTYPE setgt PRAGMA {} RTLNAME icmp_ln147_fu_4914_p2 SOURCE ../gen2/Hls_Layers_UpConv.tpp:147 VARIABLE icmp_ln147 LOOP KW_LOOP_FLAT_LOOP BUNDLEDNAME {} DSP 0 BRAM 0 URAM 0 STORAGESUBTYPE {} DISPNAME {bind_op setgt} VISIBLE false} {BINDTYPE op ID {} IMPL auto LATENCY 0 OPTYPE setlt PRAGMA {} RTLNAME icmp_ln147_1_fu_4919_p2 SOURCE ../gen2/Hls_Layers_UpConv.tpp:147 VARIABLE icmp_ln147_1 LOOP KW_LOOP_FLAT_LOOP BUNDLEDNAME {} DSP 0 BRAM 0 URAM 0 STORAGESUBTYPE {} DISPNAME {bind_op setlt} VISIBLE false} {BINDTYPE op ID {} IMPL auto LATENCY 0 OPTYPE and PRAGMA {} RTLNAME and_ln147_fu_4924_p2 SOURCE ../gen2/Hls_Layers_UpConv.tpp:147 VARIABLE and_ln147 LOOP KW_LOOP_FLAT_LOOP BUNDLEDNAME {} DSP 0 BRAM 0 URAM 0 STORAGESUBTYPE {} DISPNAME {bind_op and} VISIBLE false} {BINDTYPE op ID {} IMPL fulldsp LATENCY 4 OPTYPE hadd PRAGMA {} RTLNAME hadd_16ns_16ns_16_5_full_dsp_1_U197 SOURCE ../gen2/Hls_Layers_UpConv.tpp:151 VARIABLE add3_i LOOP KW_LOOP_FLAT_LOOP BUNDLEDNAME {} DSP 2 BRAM 0 URAM 0 STORAGESUBTYPE {} DISPNAME {bind_op hadd} VISIBLE true} {BINDTYPE op ID {} IMPL fulldsp LATENCY 4 OPTYPE hadd PRAGMA {} RTLNAME hadd_16ns_16ns_16_5_full_dsp_1_U205 SOURCE ../gen2/Hls_Layers_UpConv.tpp:151 VARIABLE add4_i LOOP KW_LOOP_FLAT_LOOP BUNDLEDNAME {} DSP 2 BRAM 0 URAM 0 STORAGESUBTYPE {} DISPNAME {bind_op hadd} VISIBLE true} {BINDTYPE op ID {} IMPL fulldsp LATENCY 4 OPTYPE hadd PRAGMA {} RTLNAME hadd_16ns_16ns_16_5_full_dsp_1_U213 SOURCE ../gen2/Hls_Layers_UpConv.tpp:151 VARIABLE total LOOP KW_LOOP_FLAT_LOOP BUNDLEDNAME {} DSP 2 BRAM 0 URAM 0 STORAGESUBTYPE {} DISPNAME {bind_op hadd} VISIBLE true} {BINDTYPE op ID {} IMPL auto_sel LATENCY 0 OPTYPE select PRAGMA {} RTLNAME select_ln152_fu_5112_p3 SOURCE ../gen2/Hls_Layers_UpConv.tpp:152 VARIABLE select_ln152 LOOP KW_LOOP_FLAT_LOOP BUNDLEDNAME {} DSP 0 BRAM 0 URAM 0 STORAGESUBTYPE {} DISPNAME {bind_op select} VISIBLE false} {BINDTYPE op ID {} IMPL fulldsp LATENCY 4 OPTYPE hadd PRAGMA {} RTLNAME hadd_16ns_16ns_16_5_full_dsp_1_U221 SOURCE ../gen2/Hls_Layers_UpConv.tpp:152 VARIABLE add6_i LOOP KW_LOOP_FLAT_LOOP BUNDLEDNAME {} DSP 2 BRAM 0 URAM 0 STORAGESUBTYPE {} DISPNAME {bind_op hadd} VISIBLE true} {BINDTYPE op ID {} IMPL fulldsp LATENCY 4 OPTYPE hadd PRAGMA {} RTLNAME hadd_16ns_16ns_16_5_full_dsp_1_U198 SOURCE ../gen2/Hls_Layers_UpConv.tpp:151 VARIABLE add86_1_i LOOP KW_LOOP_FLAT_LOOP BUNDLEDNAME {} DSP 2 BRAM 0 URAM 0 STORAGESUBTYPE {} DISPNAME {bind_op hadd} VISIBLE true} {BINDTYPE op ID {} IMPL fulldsp LATENCY 4 OPTYPE hadd PRAGMA {} RTLNAME hadd_16ns_16ns_16_5_full_dsp_1_U206 SOURCE ../gen2/Hls_Layers_UpConv.tpp:151 VARIABLE add90_1_i LOOP KW_LOOP_FLAT_LOOP BUNDLEDNAME {} DSP 2 BRAM 0 URAM 0 STORAGESUBTYPE {} DISPNAME {bind_op hadd} VISIBLE true} {BINDTYPE op ID {} IMPL fulldsp LATENCY 4 OPTYPE hadd PRAGMA {} RTLNAME hadd_16ns_16ns_16_5_full_dsp_1_U214 SOURCE ../gen2/Hls_Layers_UpConv.tpp:151 VARIABLE total_1 LOOP KW_LOOP_FLAT_LOOP BUNDLEDNAME {} DSP 2 BRAM 0 URAM 0 STORAGESUBTYPE {} DISPNAME {bind_op hadd} VISIBLE true} {BINDTYPE op ID {} IMPL auto_sel LATENCY 0 OPTYPE select PRAGMA {} RTLNAME select_ln152_1_fu_5119_p3 SOURCE ../gen2/Hls_Layers_UpConv.tpp:152 VARIABLE select_ln152_1 LOOP KW_LOOP_FLAT_LOOP BUNDLEDNAME {} DSP 0 BRAM 0 URAM 0 STORAGESUBTYPE {} DISPNAME {bind_op select} VISIBLE false} {BINDTYPE op ID {} IMPL fulldsp LATENCY 4 OPTYPE hadd PRAGMA {} RTLNAME hadd_16ns_16ns_16_5_full_dsp_1_U222 SOURCE ../gen2/Hls_Layers_UpConv.tpp:152 VARIABLE add100_1_i LOOP KW_LOOP_FLAT_LOOP BUNDLEDNAME {} DSP 2 BRAM 0 URAM 0 STORAGESUBTYPE {} DISPNAME {bind_op hadd} VISIBLE true} {BINDTYPE op ID {} IMPL fulldsp LATENCY 4 OPTYPE hadd PRAGMA {} RTLNAME hadd_16ns_16ns_16_5_full_dsp_1_U199 SOURCE ../gen2/Hls_Layers_UpConv.tpp:151 VARIABLE add86_2_i LOOP KW_LOOP_FLAT_LOOP BUNDLEDNAME {} DSP 2 BRAM 0 URAM 0 STORAGESUBTYPE {} DISPNAME {bind_op hadd} VISIBLE true} {BINDTYPE op ID {} IMPL fulldsp LATENCY 4 OPTYPE hadd PRAGMA {} RTLNAME hadd_16ns_16ns_16_5_full_dsp_1_U207 SOURCE ../gen2/Hls_Layers_UpConv.tpp:151 VARIABLE add90_2_i LOOP KW_LOOP_FLAT_LOOP BUNDLEDNAME {} DSP 2 BRAM 0 URAM 0 STORAGESUBTYPE {} DISPNAME {bind_op hadd} VISIBLE true} {BINDTYPE op ID {} IMPL fulldsp LATENCY 4 OPTYPE hadd PRAGMA {} RTLNAME hadd_16ns_16ns_16_5_full_dsp_1_U215 SOURCE ../gen2/Hls_Layers_UpConv.tpp:151 VARIABLE total_2 LOOP KW_LOOP_FLAT_LOOP BUNDLEDNAME {} DSP 2 BRAM 0 URAM 0 STORAGESUBTYPE {} DISPNAME {bind_op hadd} VISIBLE true} {BINDTYPE op ID {} IMPL auto_sel LATENCY 0 OPTYPE select PRAGMA {} RTLNAME select_ln152_2_fu_5126_p3 SOURCE ../gen2/Hls_Layers_UpConv.tpp:152 VARIABLE select_ln152_2 LOOP KW_LOOP_FLAT_LOOP BUNDLEDNAME {} DSP 0 BRAM 0 URAM 0 STORAGESUBTYPE {} DISPNAME {bind_op select} VISIBLE false} {BINDTYPE op ID {} IMPL fulldsp LATENCY 4 OPTYPE hadd PRAGMA {} RTLNAME hadd_16ns_16ns_16_5_full_dsp_1_U223 SOURCE ../gen2/Hls_Layers_UpConv.tpp:152 VARIABLE add100_2_i LOOP KW_LOOP_FLAT_LOOP BUNDLEDNAME {} DSP 2 BRAM 0 URAM 0 STORAGESUBTYPE {} DISPNAME {bind_op hadd} VISIBLE true} {BINDTYPE op ID {} IMPL fulldsp LATENCY 4 OPTYPE hadd PRAGMA {} RTLNAME hadd_16ns_16ns_16_5_full_dsp_1_U200 SOURCE ../gen2/Hls_Layers_UpConv.tpp:151 VARIABLE add86_3_i LOOP KW_LOOP_FLAT_LOOP BUNDLEDNAME {} DSP 2 BRAM 0 URAM 0 STORAGESUBTYPE {} DISPNAME {bind_op hadd} VISIBLE true} {BINDTYPE op ID {} IMPL fulldsp LATENCY 4 OPTYPE hadd PRAGMA {} RTLNAME hadd_16ns_16ns_16_5_full_dsp_1_U208 SOURCE ../gen2/Hls_Layers_UpConv.tpp:151 VARIABLE add90_3_i LOOP KW_LOOP_FLAT_LOOP BUNDLEDNAME {} DSP 2 BRAM 0 URAM 0 STORAGESUBTYPE {} DISPNAME {bind_op hadd} VISIBLE true} {BINDTYPE op ID {} IMPL fulldsp LATENCY 4 OPTYPE hadd PRAGMA {} RTLNAME hadd_16ns_16ns_16_5_full_dsp_1_U216 SOURCE ../gen2/Hls_Layers_UpConv.tpp:151 VARIABLE total_3 LOOP KW_LOOP_FLAT_LOOP BUNDLEDNAME {} DSP 2 BRAM 0 URAM 0 STORAGESUBTYPE {} DISPNAME {bind_op hadd} VISIBLE true} {BINDTYPE op ID {} IMPL auto_sel LATENCY 0 OPTYPE select PRAGMA {} RTLNAME select_ln152_3_fu_5133_p3 SOURCE ../gen2/Hls_Layers_UpConv.tpp:152 VARIABLE select_ln152_3 LOOP KW_LOOP_FLAT_LOOP BUNDLEDNAME {} DSP 0 BRAM 0 URAM 0 STORAGESUBTYPE {} DISPNAME {bind_op select} VISIBLE false} {BINDTYPE op ID {} IMPL fulldsp LATENCY 4 OPTYPE hadd PRAGMA {} RTLNAME hadd_16ns_16ns_16_5_full_dsp_1_U224 SOURCE ../gen2/Hls_Layers_UpConv.tpp:152 VARIABLE add100_3_i LOOP KW_LOOP_FLAT_LOOP BUNDLEDNAME {} DSP 2 BRAM 0 URAM 0 STORAGESUBTYPE {} DISPNAME {bind_op hadd} VISIBLE true} {BINDTYPE op ID {} IMPL fulldsp LATENCY 4 OPTYPE hadd PRAGMA {} RTLNAME hadd_16ns_16ns_16_5_full_dsp_1_U201 SOURCE ../gen2/Hls_Layers_UpConv.tpp:151 VARIABLE add86_4_i LOOP KW_LOOP_FLAT_LOOP BUNDLEDNAME {} DSP 2 BRAM 0 URAM 0 STORAGESUBTYPE {} DISPNAME {bind_op hadd} VISIBLE true} {BINDTYPE op ID {} IMPL fulldsp LATENCY 4 OPTYPE hadd PRAGMA {} RTLNAME hadd_16ns_16ns_16_5_full_dsp_1_U209 SOURCE ../gen2/Hls_Layers_UpConv.tpp:151 VARIABLE add90_4_i LOOP KW_LOOP_FLAT_LOOP BUNDLEDNAME {} DSP 2 BRAM 0 URAM 0 STORAGESUBTYPE {} DISPNAME {bind_op hadd} VISIBLE true} {BINDTYPE op ID {} IMPL fulldsp LATENCY 4 OPTYPE hadd PRAGMA {} RTLNAME hadd_16ns_16ns_16_5_full_dsp_1_U217 SOURCE ../gen2/Hls_Layers_UpConv.tpp:151 VARIABLE total_4 LOOP KW_LOOP_FLAT_LOOP BUNDLEDNAME {} DSP 2 BRAM 0 URAM 0 STORAGESUBTYPE {} DISPNAME {bind_op hadd} VISIBLE true} {BINDTYPE op ID {} IMPL auto_sel LATENCY 0 OPTYPE select PRAGMA {} RTLNAME select_ln152_4_fu_5140_p3 SOURCE ../gen2/Hls_Layers_UpConv.tpp:152 VARIABLE select_ln152_4 LOOP KW_LOOP_FLAT_LOOP BUNDLEDNAME {} DSP 0 BRAM 0 URAM 0 STORAGESUBTYPE {} DISPNAME {bind_op select} VISIBLE false} {BINDTYPE op ID {} IMPL fulldsp LATENCY 4 OPTYPE hadd PRAGMA {} RTLNAME hadd_16ns_16ns_16_5_full_dsp_1_U225 SOURCE ../gen2/Hls_Layers_UpConv.tpp:152 VARIABLE add100_4_i LOOP KW_LOOP_FLAT_LOOP BUNDLEDNAME {} DSP 2 BRAM 0 URAM 0 STORAGESUBTYPE {} DISPNAME {bind_op hadd} VISIBLE true} {BINDTYPE op ID {} IMPL fulldsp LATENCY 4 OPTYPE hadd PRAGMA {} RTLNAME hadd_16ns_16ns_16_5_full_dsp_1_U202 SOURCE ../gen2/Hls_Layers_UpConv.tpp:151 VARIABLE add86_5_i LOOP KW_LOOP_FLAT_LOOP BUNDLEDNAME {} DSP 2 BRAM 0 URAM 0 STORAGESUBTYPE {} DISPNAME {bind_op hadd} VISIBLE true} {BINDTYPE op ID {} IMPL fulldsp LATENCY 4 OPTYPE hadd PRAGMA {} RTLNAME hadd_16ns_16ns_16_5_full_dsp_1_U210 SOURCE ../gen2/Hls_Layers_UpConv.tpp:151 VARIABLE add90_5_i LOOP KW_LOOP_FLAT_LOOP BUNDLEDNAME {} DSP 2 BRAM 0 URAM 0 STORAGESUBTYPE {} DISPNAME {bind_op hadd} VISIBLE true} {BINDTYPE op ID {} IMPL fulldsp LATENCY 4 OPTYPE hadd PRAGMA {} RTLNAME hadd_16ns_16ns_16_5_full_dsp_1_U218 SOURCE ../gen2/Hls_Layers_UpConv.tpp:151 VARIABLE total_5 LOOP KW_LOOP_FLAT_LOOP BUNDLEDNAME {} DSP 2 BRAM 0 URAM 0 STORAGESUBTYPE {} DISPNAME {bind_op hadd} VISIBLE true} {BINDTYPE op ID {} IMPL auto_sel LATENCY 0 OPTYPE select PRAGMA {} RTLNAME select_ln152_5_fu_5147_p3 SOURCE ../gen2/Hls_Layers_UpConv.tpp:152 VARIABLE select_ln152_5 LOOP KW_LOOP_FLAT_LOOP BUNDLEDNAME {} DSP 0 BRAM 0 URAM 0 STORAGESUBTYPE {} DISPNAME {bind_op select} VISIBLE false} {BINDTYPE op ID {} IMPL fulldsp LATENCY 4 OPTYPE hadd PRAGMA {} RTLNAME hadd_16ns_16ns_16_5_full_dsp_1_U226 SOURCE ../gen2/Hls_Layers_UpConv.tpp:152 VARIABLE add100_5_i LOOP KW_LOOP_FLAT_LOOP BUNDLEDNAME {} DSP 2 BRAM 0 URAM 0 STORAGESUBTYPE {} DISPNAME {bind_op hadd} VISIBLE true} {BINDTYPE op ID {} IMPL fulldsp LATENCY 4 OPTYPE hadd PRAGMA {} RTLNAME hadd_16ns_16ns_16_5_full_dsp_1_U203 SOURCE ../gen2/Hls_Layers_UpConv.tpp:151 VARIABLE add86_6_i LOOP KW_LOOP_FLAT_LOOP BUNDLEDNAME {} DSP 2 BRAM 0 URAM 0 STORAGESUBTYPE {} DISPNAME {bind_op hadd} VISIBLE true} {BINDTYPE op ID {} IMPL fulldsp LATENCY 4 OPTYPE hadd PRAGMA {} RTLNAME hadd_16ns_16ns_16_5_full_dsp_1_U211 SOURCE ../gen2/Hls_Layers_UpConv.tpp:151 VARIABLE add90_6_i LOOP KW_LOOP_FLAT_LOOP BUNDLEDNAME {} DSP 2 BRAM 0 URAM 0 STORAGESUBTYPE {} DISPNAME {bind_op hadd} VISIBLE true} {BINDTYPE op ID {} IMPL fulldsp LATENCY 4 OPTYPE hadd PRAGMA {} RTLNAME hadd_16ns_16ns_16_5_full_dsp_1_U219 SOURCE ../gen2/Hls_Layers_UpConv.tpp:151 VARIABLE total_6 LOOP KW_LOOP_FLAT_LOOP BUNDLEDNAME {} DSP 2 BRAM 0 URAM 0 STORAGESUBTYPE {} DISPNAME {bind_op hadd} VISIBLE true} {BINDTYPE op ID {} IMPL auto_sel LATENCY 0 OPTYPE select PRAGMA {} RTLNAME select_ln152_6_fu_5154_p3 SOURCE ../gen2/Hls_Layers_UpConv.tpp:152 VARIABLE select_ln152_6 LOOP KW_LOOP_FLAT_LOOP BUNDLEDNAME {} DSP 0 BRAM 0 URAM 0 STORAGESUBTYPE {} DISPNAME {bind_op select} VISIBLE false} {BINDTYPE op ID {} IMPL fulldsp LATENCY 4 OPTYPE hadd PRAGMA {} RTLNAME hadd_16ns_16ns_16_5_full_dsp_1_U227 SOURCE ../gen2/Hls_Layers_UpConv.tpp:152 VARIABLE add100_6_i LOOP KW_LOOP_FLAT_LOOP BUNDLEDNAME {} DSP 2 BRAM 0 URAM 0 STORAGESUBTYPE {} DISPNAME {bind_op hadd} VISIBLE true} {BINDTYPE op ID {} IMPL fulldsp LATENCY 4 OPTYPE hadd PRAGMA {} RTLNAME hadd_16ns_16ns_16_5_full_dsp_1_U204 SOURCE ../gen2/Hls_Layers_UpConv.tpp:151 VARIABLE add86_7_i LOOP KW_LOOP_FLAT_LOOP BUNDLEDNAME {} DSP 2 BRAM 0 URAM 0 STORAGESUBTYPE {} DISPNAME {bind_op hadd} VISIBLE true} {BINDTYPE op ID {} IMPL fulldsp LATENCY 4 OPTYPE hadd PRAGMA {} RTLNAME hadd_16ns_16ns_16_5_full_dsp_1_U212 SOURCE ../gen2/Hls_Layers_UpConv.tpp:151 VARIABLE add90_7_i LOOP KW_LOOP_FLAT_LOOP BUNDLEDNAME {} DSP 2 BRAM 0 URAM 0 STORAGESUBTYPE {} DISPNAME {bind_op hadd} VISIBLE true} {BINDTYPE op ID {} IMPL fulldsp LATENCY 4 OPTYPE hadd PRAGMA {} RTLNAME hadd_16ns_16ns_16_5_full_dsp_1_U220 SOURCE ../gen2/Hls_Layers_UpConv.tpp:151 VARIABLE total_7 LOOP KW_LOOP_FLAT_LOOP BUNDLEDNAME {} DSP 2 BRAM 0 URAM 0 STORAGESUBTYPE {} DISPNAME {bind_op hadd} VISIBLE true} {BINDTYPE op ID {} IMPL auto_sel LATENCY 0 OPTYPE select PRAGMA {} RTLNAME select_ln152_7_fu_5161_p3 SOURCE ../gen2/Hls_Layers_UpConv.tpp:152 VARIABLE select_ln152_7 LOOP KW_LOOP_FLAT_LOOP BUNDLEDNAME {} DSP 0 BRAM 0 URAM 0 STORAGESUBTYPE {} DISPNAME {bind_op select} VISIBLE false} {BINDTYPE op ID {} IMPL fulldsp LATENCY 4 OPTYPE hadd PRAGMA {} RTLNAME hadd_16ns_16ns_16_5_full_dsp_1_U228 SOURCE ../gen2/Hls_Layers_UpConv.tpp:152 VARIABLE add100_7_i LOOP KW_LOOP_FLAT_LOOP BUNDLEDNAME {} DSP 2 BRAM 0 URAM 0 STORAGESUBTYPE {} DISPNAME {bind_op hadd} VISIBLE true} {BINDTYPE op ID {} IMPL fabric LATENCY 0 OPTYPE add PRAGMA {} RTLNAME wi_1_fu_4898_p2 SOURCE ../gen2/Hls_Layers_UpConv.tpp:156 VARIABLE wi_1 LOOP KW_LOOP_FLAT_LOOP BUNDLEDNAME {} DSP 0 BRAM 0 URAM 0 STORAGESUBTYPE {} DISPNAME {bind_op add} VISIBLE true} {BINDTYPE op ID {} IMPL fabric LATENCY 0 OPTYPE add PRAGMA {} RTLNAME add_ln120_fu_2441_p2 SOURCE ../gen2/Hls_Layers_UpConv.tpp:120 VARIABLE add_ln120 LOOP KW_LOOP_FLAT_LOOP BUNDLEDNAME {} DSP 0 BRAM 0 URAM 0 STORAGESUBTYPE {} DISPNAME {bind_op add} VISIBLE true}} AREA {DSP 336 BRAM 0 URAM 0}} uc_compute_tile_8_3 {BINDINFO {{BINDTYPE op ID {} IMPL fabric LATENCY 0 OPTYPE add PRAGMA {} RTLNAME add_ln183_fu_277_p2 SOURCE ../gen2/Hls_Layers_UpConv.tpp:183 VARIABLE add_ln183 LOOP {} BUNDLEDNAME {} DSP 0 BRAM 0 URAM 0 STORAGESUBTYPE {} DISPNAME {bind_op add} VISIBLE true} {BINDTYPE op ID {} IMPL fabric LATENCY 0 OPTYPE add PRAGMA {} RTLNAME add_i_fu_345_p2 SOURCE {} VARIABLE add_i LOOP {} BUNDLEDNAME {} DSP 0 BRAM 0 URAM 0 STORAGESUBTYPE {} DISPNAME {bind_op add} VISIBLE true} {BINDTYPE op ID {} IMPL fabric LATENCY 0 OPTYPE add PRAGMA {} RTLNAME sub63_i_fu_355_p2 SOURCE ../gen2/Hls_Layers_UpConv.tpp:183 VARIABLE sub63_i LOOP {} BUNDLEDNAME {} DSP 0 BRAM 0 URAM 0 STORAGESUBTYPE {} DISPNAME {bind_op add} VISIBLE true} {BINDTYPE op ID {} IMPL auto LATENCY 0 OPTYPE mul PRAGMA {} RTLNAME mul_8ns_6ns_13_1_1_U410 SOURCE ../gen2/Hls_Layers_UpConv.tpp:101 VARIABLE mul_ln101 LOOP {} BUNDLEDNAME {} DSP 0 BRAM 0 URAM 0 STORAGESUBTYPE {} DISPNAME {bind_op mul} VISIBLE true} {BINDTYPE op ID {} IMPL fabric LATENCY 0 OPTYPE sub PRAGMA {} RTLNAME bound_fu_429_p2 SOURCE ../gen2/Hls_Layers_UpConv.tpp:101 VARIABLE bound LOOP {} BUNDLEDNAME {} DSP 0 BRAM 0 URAM 0 STORAGESUBTYPE {} DISPNAME {bind_op sub} VISIBLE true} {BINDTYPE op ID {} IMPL auto LATENCY 0 OPTYPE seteq PRAGMA {} RTLNAME icmp_ln101_fu_438_p2 SOURCE ../gen2/Hls_Layers_UpConv.tpp:101 VARIABLE icmp_ln101 LOOP KH_LOOP BUNDLEDNAME {} DSP 0 BRAM 0 URAM 0 STORAGESUBTYPE {} DISPNAME {bind_op seteq} VISIBLE false} {BINDTYPE op ID {} IMPL fabric LATENCY 0 OPTYPE add PRAGMA {} RTLNAME kh_2_fu_444_p2 SOURCE ../gen2/Hls_Layers_UpConv.tpp:101 VARIABLE kh_2 LOOP KH_LOOP BUNDLEDNAME {} DSP 0 BRAM 0 URAM 0 STORAGESUBTYPE {} DISPNAME {bind_op add} VISIBLE true} {BINDTYPE op ID {} IMPL fabric LATENCY 0 OPTYPE sub PRAGMA {} RTLNAME hpk_fu_454_p2 SOURCE ../gen2/Hls_Layers_UpConv.tpp:103 VARIABLE hpk LOOP KH_LOOP BUNDLEDNAME {} DSP 0 BRAM 0 URAM 0 STORAGESUBTYPE {} DISPNAME {bind_op sub} VISIBLE true} {BINDTYPE op ID {} IMPL auto LATENCY 0 OPTYPE seteq PRAGMA {} RTLNAME icmp_ln104_fu_481_p2 SOURCE ../gen2/Hls_Layers_UpConv.tpp:104 VARIABLE icmp_ln104 LOOP KH_LOOP BUNDLEDNAME {} DSP 0 BRAM 0 URAM 0 STORAGESUBTYPE {} DISPNAME {bind_op seteq} VISIBLE false} {BINDTYPE op ID {} IMPL auto LATENCY 0 OPTYPE setlt PRAGMA {} RTLNAME icmp_ln106_fu_505_p2 SOURCE ../gen2/Hls_Layers_UpConv.tpp:106 VARIABLE icmp_ln106 LOOP KH_LOOP BUNDLEDNAME {} DSP 0 BRAM 0 URAM 0 STORAGESUBTYPE {} DISPNAME {bind_op setlt} VISIBLE false} {BINDTYPE op ID {} IMPL fabric LATENCY 0 OPTYPE sub PRAGMA {} RTLNAME empty_214_fu_545_p2 SOURCE {} VARIABLE empty_214 LOOP KH_LOOP BUNDLEDNAME {} DSP 0 BRAM 0 URAM 0 STORAGESUBTYPE {} DISPNAME {bind_op sub} VISIBLE true} {BINDTYPE op ID {} IMPL auto_sel LATENCY 0 OPTYPE select PRAGMA {} RTLNAME p_cast_i_fu_510_p3 SOURCE ../gen2/Hls_Layers_UpConv.tpp:105 VARIABLE p_cast_i LOOP KH_LOOP BUNDLEDNAME {} DSP 0 BRAM 0 URAM 0 STORAGESUBTYPE {} DISPNAME {bind_op select} VISIBLE false} {BINDTYPE op ID {} IMPL auto LATENCY 0 OPTYPE and PRAGMA {} RTLNAME mul16_i_fu_518_p2 SOURCE ../gen2/Hls_Layers_UpConv.tpp:105 VARIABLE mul16_i LOOP KH_LOOP BUNDLEDNAME {} DSP 0 BRAM 0 URAM 0 STORAGESUBTYPE {} DISPNAME {bind_op and} VISIBLE false} {BINDTYPE op ID {} IMPL auto LATENCY 0 OPTYPE mul PRAGMA {} RTLNAME mul_8ns_6ns_11_1_1_U411 SOURCE ../gen2/Hls_Layers_UpConv.tpp:109 VARIABLE mul_ln109 LOOP KH_LOOP BUNDLEDNAME {} DSP 0 BRAM 0 URAM 0 STORAGESUBTYPE {} DISPNAME {bind_op mul} VISIBLE true}} AREA {DSP 336 BRAM 0 URAM 0}} dataflow_in_loop_TILE_LOOP_1 {BINDINFO {{BINDTYPE storage ID {} IMPL srl LATENCY 0 OPTYPE fifo PRAGMA {} RTLNAME ho_c_U SOURCE :0 VARIABLE ho_c LOOP {} BUNDLEDNAME {} DSP 0 BRAM 0 URAM 0 STORAGESUBTYPE {scalar prop} STORAGESIZE {8 3 1} STORAGEUSAGE {fifo channel} DISPNAME {bind_storage fifo} VISIBLE true} {BINDTYPE storage ID {} IMPL srl LATENCY 0 OPTYPE fifo PRAGMA {} RTLNAME H_IN_c_U SOURCE :0 VARIABLE H_IN_c LOOP {} BUNDLEDNAME {} DSP 0 BRAM 0 URAM 0 STORAGESUBTYPE {scalar prop} STORAGESIZE {8 3 1} STORAGEUSAGE {fifo channel} DISPNAME {bind_storage fifo} VISIBLE true} {BINDTYPE storage ID {} IMPL srl LATENCY 0 OPTYPE fifo PRAGMA {} RTLNAME W_IN_c_U SOURCE :0 VARIABLE W_IN_c LOOP {} BUNDLEDNAME {} DSP 0 BRAM 0 URAM 0 STORAGESUBTYPE {scalar prop} STORAGESIZE {8 3 1} STORAGEUSAGE {fifo channel} DISPNAME {bind_storage fifo} VISIBLE true} {BINDTYPE storage ID {} IMPL uram LATENCY 1 OPTYPE ram_t2p PRAGMA {} RTLNAME wbuf_7_U SOURCE ../gen2/Hls_Layers_UpConv.tpp:216 VARIABLE wbuf_7 LOOP {} BUNDLEDNAME {} DSP 0 BRAM 0 URAM 4 STORAGESUBTYPE pipo STORAGESIZE {256 540 2} STORAGEUSAGE {ram_t2p channel} DISPNAME {bind_storage ram_t2p} VISIBLE true} {BINDTYPE storage ID {} IMPL uram LATENCY 1 OPTYPE ram_t2p PRAGMA {} RTLNAME wbuf_6_U SOURCE ../gen2/Hls_Layers_UpConv.tpp:216 VARIABLE wbuf_6 LOOP {} BUNDLEDNAME {} DSP 0 BRAM 0 URAM 4 STORAGESUBTYPE pipo STORAGESIZE {256 540 2} STORAGEUSAGE {ram_t2p channel} DISPNAME {bind_storage ram_t2p} VISIBLE true} {BINDTYPE storage ID {} IMPL uram LATENCY 1 OPTYPE ram_t2p PRAGMA {} RTLNAME wbuf_5_U SOURCE ../gen2/Hls_Layers_UpConv.tpp:216 VARIABLE wbuf_5 LOOP {} BUNDLEDNAME {} DSP 0 BRAM 0 URAM 4 STORAGESUBTYPE pipo STORAGESIZE {256 540 2} STORAGEUSAGE {ram_t2p channel} DISPNAME {bind_storage ram_t2p} VISIBLE true} {BINDTYPE storage ID {} IMPL uram LATENCY 1 OPTYPE ram_t2p PRAGMA {} RTLNAME wbuf_4_U SOURCE ../gen2/Hls_Layers_UpConv.tpp:216 VARIABLE wbuf_4 LOOP {} BUNDLEDNAME {} DSP 0 BRAM 0 URAM 4 STORAGESUBTYPE pipo STORAGESIZE {256 540 2} STORAGEUSAGE {ram_t2p channel} DISPNAME {bind_storage ram_t2p} VISIBLE true} {BINDTYPE storage ID {} IMPL uram LATENCY 1 OPTYPE ram_t2p PRAGMA {} RTLNAME wbuf_3_U SOURCE ../gen2/Hls_Layers_UpConv.tpp:216 VARIABLE wbuf_3 LOOP {} BUNDLEDNAME {} DSP 0 BRAM 0 URAM 4 STORAGESUBTYPE pipo STORAGESIZE {256 540 2} STORAGEUSAGE {ram_t2p channel} DISPNAME {bind_storage ram_t2p} VISIBLE true} {BINDTYPE storage ID {} IMPL uram LATENCY 1 OPTYPE ram_t2p PRAGMA {} RTLNAME wbuf_2_U SOURCE ../gen2/Hls_Layers_UpConv.tpp:216 VARIABLE wbuf_2 LOOP {} BUNDLEDNAME {} DSP 0 BRAM 0 URAM 4 STORAGESUBTYPE pipo STORAGESIZE {256 540 2} STORAGEUSAGE {ram_t2p channel} DISPNAME {bind_storage ram_t2p} VISIBLE true} {BINDTYPE storage ID {} IMPL uram LATENCY 1 OPTYPE ram_t2p PRAGMA {} RTLNAME wbuf_1_U SOURCE ../gen2/Hls_Layers_UpConv.tpp:216 VARIABLE wbuf_1 LOOP {} BUNDLEDNAME {} DSP 0 BRAM 0 URAM 4 STORAGESUBTYPE pipo STORAGESIZE {256 540 2} STORAGEUSAGE {ram_t2p channel} DISPNAME {bind_storage ram_t2p} VISIBLE true} {BINDTYPE storage ID {} IMPL uram LATENCY 1 OPTYPE ram_t2p PRAGMA {} RTLNAME wbuf_U SOURCE ../gen2/Hls_Layers_UpConv.tpp:216 VARIABLE wbuf LOOP {} BUNDLEDNAME {} DSP 0 BRAM 0 URAM 4 STORAGESUBTYPE pipo STORAGESIZE {256 540 2} STORAGEUSAGE {ram_t2p channel} DISPNAME {bind_storage ram_t2p} VISIBLE true} {BINDTYPE storage ID {} IMPL srl LATENCY 0 OPTYPE fifo PRAGMA {} RTLNAME tile_c_channel_U SOURCE ../gen2/Hls_Layers_UpConv.tpp:219 VARIABLE tile_c_channel LOOP {} BUNDLEDNAME {} DSP 0 BRAM 0 URAM 0 STORAGESUBTYPE {task level} STORAGESIZE {6 2 1} STORAGEUSAGE {fifo channel} DISPNAME {bind_storage fifo} VISIBLE true} {BINDTYPE storage ID {} IMPL srl LATENCY 0 OPTYPE fifo PRAGMA {} RTLNAME C_OUT_c_channel_U SOURCE ../gen2/Hls_Layers_UpConv.tpp:219 VARIABLE C_OUT_c_channel LOOP {} BUNDLEDNAME {} DSP 0 BRAM 0 URAM 0 STORAGESUBTYPE {task level} STORAGESIZE {9 2 1} STORAGEUSAGE {fifo channel} DISPNAME {bind_storage fifo} VISIBLE true} {BINDTYPE storage ID {} IMPL srl LATENCY 0 OPTYPE fifo PRAGMA {} RTLNAME C_IN_c_channel_U SOURCE ../gen2/Hls_Layers_UpConv.tpp:219 VARIABLE C_IN_c_channel LOOP {} BUNDLEDNAME {} DSP 0 BRAM 0 URAM 0 STORAGESUBTYPE {task level} STORAGESIZE {10 2 1} STORAGEUSAGE {fifo channel} DISPNAME {bind_storage fifo} VISIBLE true}} AREA {DSP 337 BRAM 0 URAM 32}} UpConv_Fused_Row_8_Pipeline_LOAD_PARAMS {BINDINFO {{BINDTYPE op ID {} IMPL auto LATENCY 0 OPTYPE seteq PRAGMA {} RTLNAME icmp_ln228_fu_195_p2 SOURCE ../gen2/Hls_Layers_UpConv.tpp:228 VARIABLE icmp_ln228 LOOP LOAD_PARAMS BUNDLEDNAME {} DSP 0 BRAM 0 URAM 0 STORAGESUBTYPE {} DISPNAME {bind_op seteq} VISIBLE false} {BINDTYPE op ID {} IMPL fabric LATENCY 0 OPTYPE add PRAGMA {} RTLNAME add_ln228_fu_201_p2 SOURCE ../gen2/Hls_Layers_UpConv.tpp:228 VARIABLE add_ln228 LOOP LOAD_PARAMS BUNDLEDNAME {} DSP 0 BRAM 0 URAM 0 STORAGESUBTYPE {} DISPNAME {bind_op add} VISIBLE true} {BINDTYPE op ID {} IMPL fabric LATENCY 0 OPTYPE add PRAGMA {} RTLNAME add_ln231_fu_211_p2 SOURCE ../gen2/Hls_Layers_UpConv.tpp:231 VARIABLE add_ln231 LOOP LOAD_PARAMS BUNDLEDNAME {} DSP 0 BRAM 0 URAM 0 STORAGESUBTYPE {} DISPNAME {bind_op add} VISIBLE true} {BINDTYPE op ID {} IMPL fabric LATENCY 0 OPTYPE add PRAGMA {} RTLNAME add_ln232_fu_232_p2 SOURCE ../gen2/Hls_Layers_UpConv.tpp:232 VARIABLE add_ln232 LOOP LOAD_PARAMS BUNDLEDNAME {} DSP 0 BRAM 0 URAM 0 STORAGESUBTYPE {} DISPNAME {bind_op add} VISIBLE true} {BINDTYPE op ID {} IMPL fabric LATENCY 0 OPTYPE add PRAGMA {} RTLNAME add_ln233_fu_236_p2 SOURCE ../gen2/Hls_Layers_UpConv.tpp:233 VARIABLE add_ln233 LOOP LOAD_PARAMS BUNDLEDNAME {} DSP 0 BRAM 0 URAM 0 STORAGESUBTYPE {} DISPNAME {bind_op add} VISIBLE true}} AREA {DSP 0 BRAM 0 URAM 0}} UpConv_Fused_Row_8_Pipeline_PIXEL_STATS {BINDINFO {{BINDTYPE op ID {} IMPL auto LATENCY 0 OPTYPE seteq PRAGMA {} RTLNAME icmp_ln249_fu_761_p2 SOURCE ../gen2/Hls_Layers_UpConv.tpp:249 VARIABLE icmp_ln249 LOOP PIXEL_STATS BUNDLEDNAME {} DSP 0 BRAM 0 URAM 0 STORAGESUBTYPE {} DISPNAME {bind_op seteq} VISIBLE false} {BINDTYPE op ID {} IMPL fabric LATENCY 0 OPTYPE add PRAGMA {} RTLNAME m_3_fu_766_p2 SOURCE ../gen2/Hls_Layers_UpConv.tpp:249 VARIABLE m_3 LOOP PIXEL_STATS BUNDLEDNAME {} DSP 0 BRAM 0 URAM 0 STORAGESUBTYPE {} DISPNAME {bind_op add} VISIBLE true} {BINDTYPE op ID {} IMPL fabric LATENCY 0 OPTYPE sub PRAGMA {} RTLNAME sub_ln256_fu_780_p2 SOURCE ../gen2/Hls_Layers_UpConv.tpp:256 VARIABLE sub_ln256 LOOP PIXEL_STATS BUNDLEDNAME {} DSP 0 BRAM 0 URAM 0 STORAGESUBTYPE {} DISPNAME {bind_op sub} VISIBLE true} {BINDTYPE op ID {} IMPL fabric LATENCY 0 OPTYPE sub PRAGMA {} RTLNAME sub_ln256_1_fu_796_p2 SOURCE ../gen2/Hls_Layers_UpConv.tpp:256 VARIABLE sub_ln256_1 LOOP PIXEL_STATS BUNDLEDNAME {} DSP 0 BRAM 0 URAM 0 STORAGESUBTYPE {} DISPNAME {bind_op sub} VISIBLE true} {BINDTYPE op ID {} IMPL auto_sel LATENCY 0 OPTYPE select PRAGMA {} RTLNAME select_ln256_fu_859_p3 SOURCE ../gen2/Hls_Layers_UpConv.tpp:256 VARIABLE select_ln256 LOOP PIXEL_STATS BUNDLEDNAME {} DSP 0 BRAM 0 URAM 0 STORAGESUBTYPE {} DISPNAME {bind_op select} VISIBLE false} {BINDTYPE op ID {} IMPL fabric LATENCY 0 OPTYPE sub PRAGMA {} RTLNAME sub_ln256_2_fu_871_p2 SOURCE ../gen2/Hls_Layers_UpConv.tpp:256 VARIABLE sub_ln256_2 LOOP PIXEL_STATS BUNDLEDNAME {} DSP 0 BRAM 0 URAM 0 STORAGESUBTYPE {} DISPNAME {bind_op sub} VISIBLE true} {BINDTYPE op ID {} IMPL fabric LATENCY 0 OPTYPE sub PRAGMA {} RTLNAME sub_ln256_3_fu_964_p2 SOURCE ../gen2/Hls_Layers_UpConv.tpp:256 VARIABLE sub_ln256_3 LOOP PIXEL_STATS BUNDLEDNAME {} DSP 0 BRAM 0 URAM 0 STORAGESUBTYPE {} DISPNAME {bind_op sub} VISIBLE true} {BINDTYPE op ID {} IMPL auto_sel LATENCY 0 OPTYPE select PRAGMA {} RTLNAME select_ln256_1_fu_973_p3 SOURCE ../gen2/Hls_Layers_UpConv.tpp:256 VARIABLE select_ln256_1 LOOP PIXEL_STATS BUNDLEDNAME {} DSP 0 BRAM 0 URAM 0 STORAGESUBTYPE {} DISPNAME {bind_op select} VISIBLE false} {BINDTYPE op ID {} IMPL auto LATENCY 0 OPTYPE partselect PRAGMA {} RTLNAME partselect_16ns_256ns_32s_16_1_1_U539 SOURCE ../gen2/Hls_Layers_UpConv.tpp:256 VARIABLE u LOOP PIXEL_STATS BUNDLEDNAME {} DSP 0 BRAM 0 URAM 0 STORAGESUBTYPE {} DISPNAME {bind_op partselect} VISIBLE false} {BINDTYPE op ID {} IMPL compactencoding_dontcare LATENCY 0 OPTYPE sparsemux PRAGMA {} RTLNAME sparsemux_33_4_16_1_1_U540 SOURCE ../gen2/Hls_Layers_UpConv.tpp:257 VARIABLE tmp LOOP PIXEL_STATS BUNDLEDNAME {} DSP 0 BRAM 0 URAM 0 STORAGESUBTYPE {} DISPNAME {bind_op sparsemux} VISIBLE false} {BINDTYPE op ID {} IMPL auto LATENCY 0 OPTYPE setlt PRAGMA {} RTLNAME icmp_ln260_fu_941_p2 SOURCE ../gen2/Hls_Layers_UpConv.tpp:260 VARIABLE icmp_ln260 LOOP PIXEL_STATS BUNDLEDNAME {} DSP 0 BRAM 0 URAM 0 STORAGESUBTYPE {} DISPNAME {bind_op setlt} VISIBLE false} {BINDTYPE op ID {} IMPL maxdsp LATENCY 6 OPTYPE fmul PRAGMA {} RTLNAME fmul_32ns_32ns_32_7_max_dsp_1_U530 SOURCE ../gen2/Hls_Layers_UpConv.tpp:260 VARIABLE mul LOOP PIXEL_STATS BUNDLEDNAME {} DSP 3 BRAM 0 URAM 0 STORAGESUBTYPE {} DISPNAME {bind_op fmul} VISIBLE true} {BINDTYPE op ID {} IMPL compactencoding_dontcare LATENCY 0 OPTYPE sparsemux PRAGMA {} RTLNAME sparsemux_17_3_32_1_1_U541 SOURCE ../gen2/Hls_Layers_UpConv.tpp:261 VARIABLE tmp_s LOOP PIXEL_STATS BUNDLEDNAME {} DSP 0 BRAM 0 URAM 0 STORAGESUBTYPE {} DISPNAME {bind_op sparsemux} VISIBLE false} {BINDTYPE op ID {} IMPL fulldsp LATENCY 10 OPTYPE fadd PRAGMA {} RTLNAME fadd_32ns_32ns_32_11_full_dsp_1_U510 SOURCE ../gen2/Hls_Layers_UpConv.tpp:261 VARIABLE sum_rot_9 LOOP PIXEL_STATS BUNDLEDNAME {} DSP 2 BRAM 0 URAM 0 STORAGESUBTYPE {} DISPNAME {bind_op fadd} VISIBLE true} {BINDTYPE op ID {} IMPL compactencoding_dontcare LATENCY 0 OPTYPE sparsemux PRAGMA {} RTLNAME sparsemux_17_3_32_1_1_U542 SOURCE ../gen2/Hls_Layers_UpConv.tpp:261 VARIABLE tmp_1 LOOP PIXEL_STATS BUNDLEDNAME {} DSP 0 BRAM 0 URAM 0 STORAGESUBTYPE {} DISPNAME {bind_op sparsemux} VISIBLE false} {BINDTYPE op ID {} IMPL fulldsp LATENCY 10 OPTYPE fadd PRAGMA {} RTLNAME fadd_32ns_32ns_32_11_full_dsp_1_U511 SOURCE ../gen2/Hls_Layers_UpConv.tpp:261 VARIABLE add LOOP PIXEL_STATS BUNDLEDNAME {} DSP 2 BRAM 0 URAM 0 STORAGESUBTYPE {} DISPNAME {bind_op fadd} VISIBLE true} {BINDTYPE op ID {} IMPL auto LATENCY 0 OPTYPE seteq PRAGMA {} RTLNAME icmp_ln263_fu_802_p2 SOURCE ../gen2/Hls_Layers_UpConv.tpp:263 VARIABLE icmp_ln263 LOOP PIXEL_STATS BUNDLEDNAME {} DSP 0 BRAM 0 URAM 0 STORAGESUBTYPE {} DISPNAME {bind_op seteq} VISIBLE false} {BINDTYPE op ID {} IMPL fabric LATENCY 0 OPTYPE add PRAGMA {} RTLNAME cs_2_fu_807_p2 SOURCE ../gen2/Hls_Layers_UpConv.tpp:276 VARIABLE cs_2 LOOP PIXEL_STATS BUNDLEDNAME {} DSP 0 BRAM 0 URAM 0 STORAGESUBTYPE {} DISPNAME {bind_op add} VISIBLE true} {BINDTYPE op ID {} IMPL fulldsp LATENCY 10 OPTYPE fadd PRAGMA {} RTLNAME fadd_32ns_32ns_32_11_full_dsp_1_U512 SOURCE ../gen2/Hls_Layers_UpConv.tpp:267 VARIABLE sum LOOP PIXEL_STATS BUNDLEDNAME {} DSP 2 BRAM 0 URAM 0 STORAGESUBTYPE {} DISPNAME {bind_op fadd} VISIBLE true} {BINDTYPE op ID {} IMPL fulldsp LATENCY 10 OPTYPE fadd PRAGMA {} RTLNAME fadd_32ns_32ns_32_11_full_dsp_1_U513 SOURCE ../gen2/Hls_Layers_UpConv.tpp:268 VARIABLE sumsq LOOP PIXEL_STATS BUNDLEDNAME {} DSP 2 BRAM 0 URAM 0 STORAGESUBTYPE {} DISPNAME {bind_op fadd} VISIBLE true} {BINDTYPE op ID {} IMPL fulldsp LATENCY 10 OPTYPE fadd PRAGMA {} RTLNAME fadd_32ns_32ns_32_11_full_dsp_1_U514 SOURCE ../gen2/Hls_Layers_UpConv.tpp:267 VARIABLE sum_1 LOOP PIXEL_STATS BUNDLEDNAME {} DSP 2 BRAM 0 URAM 0 STORAGESUBTYPE {} DISPNAME {bind_op fadd} VISIBLE true} {BINDTYPE op ID {} IMPL fulldsp LATENCY 10 OPTYPE fadd PRAGMA {} RTLNAME fadd_32ns_32ns_32_11_full_dsp_1_U515 SOURCE ../gen2/Hls_Layers_UpConv.tpp:268 VARIABLE sumsq_1 LOOP PIXEL_STATS BUNDLEDNAME {} DSP 2 BRAM 0 URAM 0 STORAGESUBTYPE {} DISPNAME {bind_op fadd} VISIBLE true} {BINDTYPE op ID {} IMPL fulldsp LATENCY 10 OPTYPE fadd PRAGMA {} RTLNAME fadd_32ns_32ns_32_11_full_dsp_1_U516 SOURCE ../gen2/Hls_Layers_UpConv.tpp:267 VARIABLE sum_2 LOOP PIXEL_STATS BUNDLEDNAME {} DSP 2 BRAM 0 URAM 0 STORAGESUBTYPE {} DISPNAME {bind_op fadd} VISIBLE true} {BINDTYPE op ID {} IMPL fulldsp LATENCY 10 OPTYPE fadd PRAGMA {} RTLNAME fadd_32ns_32ns_32_11_full_dsp_1_U517 SOURCE ../gen2/Hls_Layers_UpConv.tpp:268 VARIABLE sumsq_2 LOOP PIXEL_STATS BUNDLEDNAME {} DSP 2 BRAM 0 URAM 0 STORAGESUBTYPE {} DISPNAME {bind_op fadd} VISIBLE true} {BINDTYPE op ID {} IMPL fulldsp LATENCY 10 OPTYPE fadd PRAGMA {} RTLNAME fadd_32ns_32ns_32_11_full_dsp_1_U518 SOURCE ../gen2/Hls_Layers_UpConv.tpp:267 VARIABLE sum_3 LOOP PIXEL_STATS BUNDLEDNAME {} DSP 2 BRAM 0 URAM 0 STORAGESUBTYPE {} DISPNAME {bind_op fadd} VISIBLE true} {BINDTYPE op ID {} IMPL fulldsp LATENCY 10 OPTYPE fadd PRAGMA {} RTLNAME fadd_32ns_32ns_32_11_full_dsp_1_U519 SOURCE ../gen2/Hls_Layers_UpConv.tpp:268 VARIABLE sumsq_3 LOOP PIXEL_STATS BUNDLEDNAME {} DSP 2 BRAM 0 URAM 0 STORAGESUBTYPE {} DISPNAME {bind_op fadd} VISIBLE true} {BINDTYPE op ID {} IMPL fulldsp LATENCY 10 OPTYPE fadd PRAGMA {} RTLNAME fadd_32ns_32ns_32_11_full_dsp_1_U520 SOURCE ../gen2/Hls_Layers_UpConv.tpp:267 VARIABLE sum_4 LOOP PIXEL_STATS BUNDLEDNAME {} DSP 2 BRAM 0 URAM 0 STORAGESUBTYPE {} DISPNAME {bind_op fadd} VISIBLE true} {BINDTYPE op ID {} IMPL fulldsp LATENCY 10 OPTYPE fadd PRAGMA {} RTLNAME fadd_32ns_32ns_32_11_full_dsp_1_U521 SOURCE ../gen2/Hls_Layers_UpConv.tpp:268 VARIABLE sumsq_4 LOOP PIXEL_STATS BUNDLEDNAME {} DSP 2 BRAM 0 URAM 0 STORAGESUBTYPE {} DISPNAME {bind_op fadd} VISIBLE true} {BINDTYPE op ID {} IMPL fulldsp LATENCY 10 OPTYPE fadd PRAGMA {} RTLNAME fadd_32ns_32ns_32_11_full_dsp_1_U522 SOURCE ../gen2/Hls_Layers_UpConv.tpp:267 VARIABLE sum_5 LOOP PIXEL_STATS BUNDLEDNAME {} DSP 2 BRAM 0 URAM 0 STORAGESUBTYPE {} DISPNAME {bind_op fadd} VISIBLE true} {BINDTYPE op ID {} IMPL fulldsp LATENCY 10 OPTYPE fadd PRAGMA {} RTLNAME fadd_32ns_32ns_32_11_full_dsp_1_U523 SOURCE ../gen2/Hls_Layers_UpConv.tpp:268 VARIABLE sumsq_5 LOOP PIXEL_STATS BUNDLEDNAME {} DSP 2 BRAM 0 URAM 0 STORAGESUBTYPE {} DISPNAME {bind_op fadd} VISIBLE true} {BINDTYPE op ID {} IMPL fulldsp LATENCY 10 OPTYPE fadd PRAGMA {} RTLNAME fadd_32ns_32ns_32_11_full_dsp_1_U524 SOURCE ../gen2/Hls_Layers_UpConv.tpp:267 VARIABLE sum_6 LOOP PIXEL_STATS BUNDLEDNAME {} DSP 2 BRAM 0 URAM 0 STORAGESUBTYPE {} DISPNAME {bind_op fadd} VISIBLE true} {BINDTYPE op ID {} IMPL fulldsp LATENCY 10 OPTYPE fadd PRAGMA {} RTLNAME fadd_32ns_32ns_32_11_full_dsp_1_U525 SOURCE ../gen2/Hls_Layers_UpConv.tpp:268 VARIABLE sumsq_6 LOOP PIXEL_STATS BUNDLEDNAME {} DSP 2 BRAM 0 URAM 0 STORAGESUBTYPE {} DISPNAME {bind_op fadd} VISIBLE true} {BINDTYPE op ID {} IMPL fulldsp LATENCY 10 OPTYPE fadd PRAGMA {} RTLNAME fadd_32ns_32ns_32_11_full_dsp_1_U526 SOURCE ../gen2/Hls_Layers_UpConv.tpp:267 VARIABLE sum_7 LOOP PIXEL_STATS BUNDLEDNAME {} DSP 2 BRAM 0 URAM 0 STORAGESUBTYPE {} DISPNAME {bind_op fadd} VISIBLE true} {BINDTYPE op ID {} IMPL fulldsp LATENCY 10 OPTYPE fadd PRAGMA {} RTLNAME fadd_32ns_32ns_32_11_full_dsp_1_U527 SOURCE ../gen2/Hls_Layers_UpConv.tpp:268 VARIABLE sumsq_7 LOOP PIXEL_STATS BUNDLEDNAME {} DSP 2 BRAM 0 URAM 0 STORAGESUBTYPE {} DISPNAME {bind_op fadd} VISIBLE true} {BINDTYPE op ID {} IMPL fabric LATENCY 29 OPTYPE fdiv PRAGMA {} RTLNAME fdiv_32ns_32ns_32_30_no_dsp_1_U532 SOURCE ../gen2/Hls_Layers_UpConv.tpp:270 VARIABLE mean LOOP PIXEL_STATS BUNDLEDNAME {} DSP 0 BRAM 0 URAM 0 STORAGESUBTYPE {} DISPNAME {bind_op fdiv} VISIBLE true} {BINDTYPE op ID {} IMPL fabric LATENCY 29 OPTYPE fdiv PRAGMA {} RTLNAME fdiv_32ns_32ns_32_30_no_dsp_1_U533 SOURCE ../gen2/Hls_Layers_UpConv.tpp:271 VARIABLE div LOOP PIXEL_STATS BUNDLEDNAME {} DSP 0 BRAM 0 URAM 0 STORAGESUBTYPE {} DISPNAME {bind_op fdiv} VISIBLE true} {BINDTYPE op ID {} IMPL maxdsp LATENCY 6 OPTYPE fmul PRAGMA {} RTLNAME fmul_32ns_32ns_32_7_max_dsp_1_U531 SOURCE ../gen2/Hls_Layers_UpConv.tpp:271 VARIABLE mul3 LOOP PIXEL_STATS BUNDLEDNAME {} DSP 3 BRAM 0 URAM 0 STORAGESUBTYPE {} DISPNAME {bind_op fmul} VISIBLE true} {BINDTYPE op ID {} IMPL fulldsp LATENCY 10 OPTYPE fsub PRAGMA {} RTLNAME fsub_32ns_32ns_32_11_full_dsp_1_U528 SOURCE ../gen2/Hls_Layers_UpConv.tpp:271 VARIABLE var LOOP PIXEL_STATS BUNDLEDNAME {} DSP 2 BRAM 0 URAM 0 STORAGESUBTYPE {} DISPNAME {bind_op fsub} VISIBLE true} {BINDTYPE op ID {} IMPL fulldsp LATENCY 10 OPTYPE fadd PRAGMA {} RTLNAME fadd_32ns_32ns_32_11_full_dsp_1_U529 SOURCE ../gen2/Hls_Layers_UpConv.tpp:273 VARIABLE x_assign LOOP PIXEL_STATS BUNDLEDNAME {} DSP 2 BRAM 0 URAM 0 STORAGESUBTYPE {} DISPNAME {bind_op fadd} VISIBLE true} {BINDTYPE op ID {} IMPL fabric LATENCY 27 OPTYPE fsqrt PRAGMA {} RTLNAME fsqrt_32ns_32ns_32_28_no_dsp_1_U535 SOURCE /wrk/ci/prod/2024.2/hls_product/continuous/495/2024.2/src/shared/hls/clib/hlsmath/src/c++/sqrtfloat.cpp:13 VARIABLE tmp_2 LOOP PIXEL_STATS BUNDLEDNAME {} DSP 0 BRAM 0 URAM 0 STORAGESUBTYPE {} DISPNAME {bind_op fsqrt} VISIBLE true} {BINDTYPE op ID {} IMPL fabric LATENCY 29 OPTYPE fdiv PRAGMA {} RTLNAME fdiv_32ns_32ns_32_30_no_dsp_1_U534 SOURCE ../gen2/Hls_Layers_UpConv.tpp:273 VARIABLE div1 LOOP PIXEL_STATS BUNDLEDNAME {} DSP 0 BRAM 0 URAM 0 STORAGESUBTYPE {} DISPNAME {bind_op fdiv} VISIBLE true} {BINDTYPE op ID {} IMPL fabric LATENCY 0 OPTYPE add PRAGMA {} RTLNAME ws_1_fu_950_p2 SOURCE ../gen2/Hls_Layers_UpConv.tpp:274 VARIABLE ws_1 LOOP PIXEL_STATS BUNDLEDNAME {} DSP 0 BRAM 0 URAM 0 STORAGESUBTYPE {} DISPNAME {bind_op add} VISIBLE true}} AREA {DSP 46 BRAM 0 URAM 0}} UpConv_Fused_Row_8_Pipeline_PIXEL_NORM {BINDINFO {{BINDTYPE op ID {} IMPL auto LATENCY 0 OPTYPE seteq PRAGMA {} RTLNAME icmp_ln281_fu_905_p2 SOURCE ../gen2/Hls_Layers_UpConv.tpp:281 VARIABLE icmp_ln281 LOOP PIXEL_NORM BUNDLEDNAME {} DSP 0 BRAM 0 URAM 0 STORAGESUBTYPE {} DISPNAME {bind_op seteq} VISIBLE false} {BINDTYPE op ID {} IMPL fabric LATENCY 0 OPTYPE add PRAGMA {} RTLNAME m_4_fu_910_p2 SOURCE ../gen2/Hls_Layers_UpConv.tpp:281 VARIABLE m_4 LOOP PIXEL_NORM BUNDLEDNAME {} DSP 0 BRAM 0 URAM 0 STORAGESUBTYPE {} DISPNAME {bind_op add} VISIBLE true} {BINDTYPE op ID {} IMPL auto LATENCY 0 OPTYPE setlt PRAGMA {} RTLNAME icmp_ln290_fu_977_p2 SOURCE ../gen2/Hls_Layers_UpConv.tpp:290 VARIABLE icmp_ln290 LOOP PIXEL_NORM BUNDLEDNAME {} DSP 0 BRAM 0 URAM 0 STORAGESUBTYPE {} DISPNAME {bind_op setlt} VISIBLE false} {BINDTYPE op ID {} IMPL fulldsp LATENCY 4 OPTYPE hsub PRAGMA {} RTLNAME hsub_16ns_16ns_16_5_full_dsp_1_U591 SOURCE ../gen2/Hls_Layers_UpConv.tpp:293 VARIABLE sub LOOP PIXEL_NORM BUNDLEDNAME {} DSP 2 BRAM 0 URAM 0 STORAGESUBTYPE {} DISPNAME {bind_op hsub} VISIBLE true} {BINDTYPE op ID {} IMPL maxdsp LATENCY 3 OPTYPE hmul PRAGMA {} RTLNAME hmul_16ns_16ns_16_4_max_dsp_1_U607 SOURCE ../gen2/Hls_Layers_UpConv.tpp:293 VARIABLE mul1 LOOP PIXEL_NORM BUNDLEDNAME {} DSP 2 BRAM 0 URAM 0 STORAGESUBTYPE {} DISPNAME {bind_op hmul} VISIBLE true} {BINDTYPE op ID {} IMPL maxdsp LATENCY 3 OPTYPE hmul PRAGMA {} RTLNAME hmul_16ns_16ns_16_4_max_dsp_1_U623 SOURCE ../gen2/Hls_Layers_UpConv.tpp:293 VARIABLE mul2 LOOP PIXEL_NORM BUNDLEDNAME {} DSP 2 BRAM 0 URAM 0 STORAGESUBTYPE {} DISPNAME {bind_op hmul} VISIBLE true} {BINDTYPE op ID {} IMPL auto_sel LATENCY 0 OPTYPE select PRAGMA {} RTLNAME norm_fu_1637_p3 SOURCE ../gen2/Hls_Layers_UpConv.tpp:290 VARIABLE norm LOOP PIXEL_NORM BUNDLEDNAME {} DSP 0 BRAM 0 URAM 0 STORAGESUBTYPE {} DISPNAME {bind_op select} VISIBLE false} {BINDTYPE op ID {} IMPL auto LATENCY 1 OPTYPE hcmp PRAGMA {} RTLNAME hcmp_16ns_16ns_1_2_no_dsp_1_U639 SOURCE ../gen2/Hls_Layers_UpConv.tpp:294 VARIABLE cmp LOOP PIXEL_NORM BUNDLEDNAME {} DSP 0 BRAM 0 URAM 0 STORAGESUBTYPE {} DISPNAME {bind_op hcmp} VISIBLE false} {BINDTYPE op ID {} IMPL auto_sel LATENCY 0 OPTYPE select PRAGMA {} RTLNAME select_ln27_fu_1778_p3 SOURCE ../gen2/Hls_Layers_UpConv.tpp:27 VARIABLE select_ln27 LOOP PIXEL_NORM BUNDLEDNAME {} DSP 0 BRAM 0 URAM 0 STORAGESUBTYPE {} DISPNAME {bind_op select} VISIBLE false} {BINDTYPE op ID {} IMPL auto LATENCY 0 OPTYPE setlt PRAGMA {} RTLNAME icmp_ln290_1_fu_990_p2 SOURCE ../gen2/Hls_Layers_UpConv.tpp:290 VARIABLE icmp_ln290_1 LOOP PIXEL_NORM BUNDLEDNAME {} DSP 0 BRAM 0 URAM 0 STORAGESUBTYPE {} DISPNAME {bind_op setlt} VISIBLE false} {BINDTYPE op ID {} IMPL fulldsp LATENCY 4 OPTYPE hsub PRAGMA {} RTLNAME hsub_16ns_16ns_16_5_full_dsp_1_U592 SOURCE ../gen2/Hls_Layers_UpConv.tpp:293 VARIABLE sub168_1 LOOP PIXEL_NORM BUNDLEDNAME {} DSP 2 BRAM 0 URAM 0 STORAGESUBTYPE {} DISPNAME {bind_op hsub} VISIBLE true} {BINDTYPE op ID {} IMPL maxdsp LATENCY 3 OPTYPE hmul PRAGMA {} RTLNAME hmul_16ns_16ns_16_4_max_dsp_1_U608 SOURCE ../gen2/Hls_Layers_UpConv.tpp:293 VARIABLE mul169_1 LOOP PIXEL_NORM BUNDLEDNAME {} DSP 2 BRAM 0 URAM 0 STORAGESUBTYPE {} DISPNAME {bind_op hmul} VISIBLE true} {BINDTYPE op ID {} IMPL maxdsp LATENCY 3 OPTYPE hmul PRAGMA {} RTLNAME hmul_16ns_16ns_16_4_max_dsp_1_U624 SOURCE ../gen2/Hls_Layers_UpConv.tpp:293 VARIABLE mul170_1 LOOP PIXEL_NORM BUNDLEDNAME {} DSP 2 BRAM 0 URAM 0 STORAGESUBTYPE {} DISPNAME {bind_op hmul} VISIBLE true} {BINDTYPE op ID {} IMPL fulldsp LATENCY 4 OPTYPE hadd PRAGMA {} RTLNAME hadd_16ns_16ns_16_5_full_dsp_1_U576 SOURCE ../gen2/Hls_Layers_UpConv.tpp:293 VARIABLE add171_1 LOOP PIXEL_NORM BUNDLEDNAME {} DSP 2 BRAM 0 URAM 0 STORAGESUBTYPE {} DISPNAME {bind_op hadd} VISIBLE true} {BINDTYPE op ID {} IMPL auto_sel LATENCY 0 OPTYPE select PRAGMA {} RTLNAME norm_1_fu_1644_p3 SOURCE ../gen2/Hls_Layers_UpConv.tpp:290 VARIABLE norm_1 LOOP PIXEL_NORM BUNDLEDNAME {} DSP 0 BRAM 0 URAM 0 STORAGESUBTYPE {} DISPNAME {bind_op select} VISIBLE false} {BINDTYPE op ID {} IMPL auto LATENCY 1 OPTYPE hcmp PRAGMA {} RTLNAME hcmp_16ns_16ns_1_2_no_dsp_1_U640 SOURCE ../gen2/Hls_Layers_UpConv.tpp:294 VARIABLE cmp175_1 LOOP PIXEL_NORM BUNDLEDNAME {} DSP 0 BRAM 0 URAM 0 STORAGESUBTYPE {} DISPNAME {bind_op hcmp} VISIBLE false} {BINDTYPE op ID {} IMPL auto_sel LATENCY 0 OPTYPE select PRAGMA {} RTLNAME select_ln27_1_fu_1789_p3 SOURCE ../gen2/Hls_Layers_UpConv.tpp:27 VARIABLE select_ln27_1 LOOP PIXEL_NORM BUNDLEDNAME {} DSP 0 BRAM 0 URAM 0 STORAGESUBTYPE {} DISPNAME {bind_op select} VISIBLE false} {BINDTYPE op ID {} IMPL auto LATENCY 0 OPTYPE setlt PRAGMA {} RTLNAME icmp_ln290_2_fu_1003_p2 SOURCE ../gen2/Hls_Layers_UpConv.tpp:290 VARIABLE icmp_ln290_2 LOOP PIXEL_NORM BUNDLEDNAME {} DSP 0 BRAM 0 URAM 0 STORAGESUBTYPE {} DISPNAME {bind_op setlt} VISIBLE false} {BINDTYPE op ID {} IMPL fulldsp LATENCY 4 OPTYPE hsub PRAGMA {} RTLNAME hsub_16ns_16ns_16_5_full_dsp_1_U593 SOURCE ../gen2/Hls_Layers_UpConv.tpp:293 VARIABLE sub168_2 LOOP PIXEL_NORM BUNDLEDNAME {} DSP 2 BRAM 0 URAM 0 STORAGESUBTYPE {} DISPNAME {bind_op hsub} VISIBLE true} {BINDTYPE op ID {} IMPL maxdsp LATENCY 3 OPTYPE hmul PRAGMA {} RTLNAME hmul_16ns_16ns_16_4_max_dsp_1_U609 SOURCE ../gen2/Hls_Layers_UpConv.tpp:293 VARIABLE mul169_2 LOOP PIXEL_NORM BUNDLEDNAME {} DSP 2 BRAM 0 URAM 0 STORAGESUBTYPE {} DISPNAME {bind_op hmul} VISIBLE true} {BINDTYPE op ID {} IMPL maxdsp LATENCY 3 OPTYPE hmul PRAGMA {} RTLNAME hmul_16ns_16ns_16_4_max_dsp_1_U625 SOURCE ../gen2/Hls_Layers_UpConv.tpp:293 VARIABLE mul170_2 LOOP PIXEL_NORM BUNDLEDNAME {} DSP 2 BRAM 0 URAM 0 STORAGESUBTYPE {} DISPNAME {bind_op hmul} VISIBLE true} {BINDTYPE op ID {} IMPL fulldsp LATENCY 4 OPTYPE hadd PRAGMA {} RTLNAME hadd_16ns_16ns_16_5_full_dsp_1_U577 SOURCE ../gen2/Hls_Layers_UpConv.tpp:293 VARIABLE add171_2 LOOP PIXEL_NORM BUNDLEDNAME {} DSP 2 BRAM 0 URAM 0 STORAGESUBTYPE {} DISPNAME {bind_op hadd} VISIBLE true} {BINDTYPE op ID {} IMPL auto_sel LATENCY 0 OPTYPE select PRAGMA {} RTLNAME norm_2_fu_1651_p3 SOURCE ../gen2/Hls_Layers_UpConv.tpp:290 VARIABLE norm_2 LOOP PIXEL_NORM BUNDLEDNAME {} DSP 0 BRAM 0 URAM 0 STORAGESUBTYPE {} DISPNAME {bind_op select} VISIBLE false} {BINDTYPE op ID {} IMPL auto LATENCY 1 OPTYPE hcmp PRAGMA {} RTLNAME hcmp_16ns_16ns_1_2_no_dsp_1_U641 SOURCE ../gen2/Hls_Layers_UpConv.tpp:294 VARIABLE cmp175_2 LOOP PIXEL_NORM BUNDLEDNAME {} DSP 0 BRAM 0 URAM 0 STORAGESUBTYPE {} DISPNAME {bind_op hcmp} VISIBLE false} {BINDTYPE op ID {} IMPL auto_sel LATENCY 0 OPTYPE select PRAGMA {} RTLNAME select_ln27_2_fu_1800_p3 SOURCE ../gen2/Hls_Layers_UpConv.tpp:27 VARIABLE select_ln27_2 LOOP PIXEL_NORM BUNDLEDNAME {} DSP 0 BRAM 0 URAM 0 STORAGESUBTYPE {} DISPNAME {bind_op select} VISIBLE false} {BINDTYPE op ID {} IMPL auto LATENCY 0 OPTYPE setlt PRAGMA {} RTLNAME icmp_ln290_3_fu_1016_p2 SOURCE ../gen2/Hls_Layers_UpConv.tpp:290 VARIABLE icmp_ln290_3 LOOP PIXEL_NORM BUNDLEDNAME {} DSP 0 BRAM 0 URAM 0 STORAGESUBTYPE {} DISPNAME {bind_op setlt} VISIBLE false} {BINDTYPE op ID {} IMPL fulldsp LATENCY 4 OPTYPE hsub PRAGMA {} RTLNAME hsub_16ns_16ns_16_5_full_dsp_1_U594 SOURCE ../gen2/Hls_Layers_UpConv.tpp:293 VARIABLE sub168_3 LOOP PIXEL_NORM BUNDLEDNAME {} DSP 2 BRAM 0 URAM 0 STORAGESUBTYPE {} DISPNAME {bind_op hsub} VISIBLE true} {BINDTYPE op ID {} IMPL maxdsp LATENCY 3 OPTYPE hmul PRAGMA {} RTLNAME hmul_16ns_16ns_16_4_max_dsp_1_U610 SOURCE ../gen2/Hls_Layers_UpConv.tpp:293 VARIABLE mul169_3 LOOP PIXEL_NORM BUNDLEDNAME {} DSP 2 BRAM 0 URAM 0 STORAGESUBTYPE {} DISPNAME {bind_op hmul} VISIBLE true} {BINDTYPE op ID {} IMPL maxdsp LATENCY 3 OPTYPE hmul PRAGMA {} RTLNAME hmul_16ns_16ns_16_4_max_dsp_1_U626 SOURCE ../gen2/Hls_Layers_UpConv.tpp:293 VARIABLE mul170_3 LOOP PIXEL_NORM BUNDLEDNAME {} DSP 2 BRAM 0 URAM 0 STORAGESUBTYPE {} DISPNAME {bind_op hmul} VISIBLE true} {BINDTYPE op ID {} IMPL fulldsp LATENCY 4 OPTYPE hadd PRAGMA {} RTLNAME hadd_16ns_16ns_16_5_full_dsp_1_U578 SOURCE ../gen2/Hls_Layers_UpConv.tpp:293 VARIABLE add171_3 LOOP PIXEL_NORM BUNDLEDNAME {} DSP 2 BRAM 0 URAM 0 STORAGESUBTYPE {} DISPNAME {bind_op hadd} VISIBLE true} {BINDTYPE op ID {} IMPL auto_sel LATENCY 0 OPTYPE select PRAGMA {} RTLNAME norm_3_fu_1658_p3 SOURCE ../gen2/Hls_Layers_UpConv.tpp:290 VARIABLE norm_3 LOOP PIXEL_NORM BUNDLEDNAME {} DSP 0 BRAM 0 URAM 0 STORAGESUBTYPE {} DISPNAME {bind_op select} VISIBLE false} {BINDTYPE op ID {} IMPL auto LATENCY 1 OPTYPE hcmp PRAGMA {} RTLNAME hcmp_16ns_16ns_1_2_no_dsp_1_U642 SOURCE ../gen2/Hls_Layers_UpConv.tpp:294 VARIABLE cmp175_3 LOOP PIXEL_NORM BUNDLEDNAME {} DSP 0 BRAM 0 URAM 0 STORAGESUBTYPE {} DISPNAME {bind_op hcmp} VISIBLE false} {BINDTYPE op ID {} IMPL auto_sel LATENCY 0 OPTYPE select PRAGMA {} RTLNAME select_ln27_3_fu_1811_p3 SOURCE ../gen2/Hls_Layers_UpConv.tpp:27 VARIABLE select_ln27_3 LOOP PIXEL_NORM BUNDLEDNAME {} DSP 0 BRAM 0 URAM 0 STORAGESUBTYPE {} DISPNAME {bind_op select} VISIBLE false} {BINDTYPE op ID {} IMPL auto LATENCY 0 OPTYPE setlt PRAGMA {} RTLNAME icmp_ln290_4_fu_1029_p2 SOURCE ../gen2/Hls_Layers_UpConv.tpp:290 VARIABLE icmp_ln290_4 LOOP PIXEL_NORM BUNDLEDNAME {} DSP 0 BRAM 0 URAM 0 STORAGESUBTYPE {} DISPNAME {bind_op setlt} VISIBLE false} {BINDTYPE op ID {} IMPL fulldsp LATENCY 4 OPTYPE hsub PRAGMA {} RTLNAME hsub_16ns_16ns_16_5_full_dsp_1_U595 SOURCE ../gen2/Hls_Layers_UpConv.tpp:293 VARIABLE sub168_4 LOOP PIXEL_NORM BUNDLEDNAME {} DSP 2 BRAM 0 URAM 0 STORAGESUBTYPE {} DISPNAME {bind_op hsub} VISIBLE true} {BINDTYPE op ID {} IMPL maxdsp LATENCY 3 OPTYPE hmul PRAGMA {} RTLNAME hmul_16ns_16ns_16_4_max_dsp_1_U611 SOURCE ../gen2/Hls_Layers_UpConv.tpp:293 VARIABLE mul169_4 LOOP PIXEL_NORM BUNDLEDNAME {} DSP 2 BRAM 0 URAM 0 STORAGESUBTYPE {} DISPNAME {bind_op hmul} VISIBLE true} {BINDTYPE op ID {} IMPL maxdsp LATENCY 3 OPTYPE hmul PRAGMA {} RTLNAME hmul_16ns_16ns_16_4_max_dsp_1_U627 SOURCE ../gen2/Hls_Layers_UpConv.tpp:293 VARIABLE mul170_4 LOOP PIXEL_NORM BUNDLEDNAME {} DSP 2 BRAM 0 URAM 0 STORAGESUBTYPE {} DISPNAME {bind_op hmul} VISIBLE true} {BINDTYPE op ID {} IMPL fulldsp LATENCY 4 OPTYPE hadd PRAGMA {} RTLNAME hadd_16ns_16ns_16_5_full_dsp_1_U579 SOURCE ../gen2/Hls_Layers_UpConv.tpp:293 VARIABLE add171_4 LOOP PIXEL_NORM BUNDLEDNAME {} DSP 2 BRAM 0 URAM 0 STORAGESUBTYPE {} DISPNAME {bind_op hadd} VISIBLE true} {BINDTYPE op ID {} IMPL auto_sel LATENCY 0 OPTYPE select PRAGMA {} RTLNAME norm_4_fu_1665_p3 SOURCE ../gen2/Hls_Layers_UpConv.tpp:290 VARIABLE norm_4 LOOP PIXEL_NORM BUNDLEDNAME {} DSP 0 BRAM 0 URAM 0 STORAGESUBTYPE {} DISPNAME {bind_op select} VISIBLE false} {BINDTYPE op ID {} IMPL auto LATENCY 1 OPTYPE hcmp PRAGMA {} RTLNAME hcmp_16ns_16ns_1_2_no_dsp_1_U643 SOURCE ../gen2/Hls_Layers_UpConv.tpp:294 VARIABLE cmp175_4 LOOP PIXEL_NORM BUNDLEDNAME {} DSP 0 BRAM 0 URAM 0 STORAGESUBTYPE {} DISPNAME {bind_op hcmp} VISIBLE false} {BINDTYPE op ID {} IMPL auto_sel LATENCY 0 OPTYPE select PRAGMA {} RTLNAME select_ln27_4_fu_1822_p3 SOURCE ../gen2/Hls_Layers_UpConv.tpp:27 VARIABLE select_ln27_4 LOOP PIXEL_NORM BUNDLEDNAME {} DSP 0 BRAM 0 URAM 0 STORAGESUBTYPE {} DISPNAME {bind_op select} VISIBLE false} {BINDTYPE op ID {} IMPL auto LATENCY 0 OPTYPE setlt PRAGMA {} RTLNAME icmp_ln290_5_fu_1042_p2 SOURCE ../gen2/Hls_Layers_UpConv.tpp:290 VARIABLE icmp_ln290_5 LOOP PIXEL_NORM BUNDLEDNAME {} DSP 0 BRAM 0 URAM 0 STORAGESUBTYPE {} DISPNAME {bind_op setlt} VISIBLE false} {BINDTYPE op ID {} IMPL fulldsp LATENCY 4 OPTYPE hsub PRAGMA {} RTLNAME hsub_16ns_16ns_16_5_full_dsp_1_U596 SOURCE ../gen2/Hls_Layers_UpConv.tpp:293 VARIABLE sub168_5 LOOP PIXEL_NORM BUNDLEDNAME {} DSP 2 BRAM 0 URAM 0 STORAGESUBTYPE {} DISPNAME {bind_op hsub} VISIBLE true} {BINDTYPE op ID {} IMPL maxdsp LATENCY 3 OPTYPE hmul PRAGMA {} RTLNAME hmul_16ns_16ns_16_4_max_dsp_1_U612 SOURCE ../gen2/Hls_Layers_UpConv.tpp:293 VARIABLE mul169_5 LOOP PIXEL_NORM BUNDLEDNAME {} DSP 2 BRAM 0 URAM 0 STORAGESUBTYPE {} DISPNAME {bind_op hmul} VISIBLE true} {BINDTYPE op ID {} IMPL maxdsp LATENCY 3 OPTYPE hmul PRAGMA {} RTLNAME hmul_16ns_16ns_16_4_max_dsp_1_U628 SOURCE ../gen2/Hls_Layers_UpConv.tpp:293 VARIABLE mul170_5 LOOP PIXEL_NORM BUNDLEDNAME {} DSP 2 BRAM 0 URAM 0 STORAGESUBTYPE {} DISPNAME {bind_op hmul} VISIBLE true} {BINDTYPE op ID {} IMPL fulldsp LATENCY 4 OPTYPE hadd PRAGMA {} RTLNAME hadd_16ns_16ns_16_5_full_dsp_1_U580 SOURCE ../gen2/Hls_Layers_UpConv.tpp:293 VARIABLE add171_5 LOOP PIXEL_NORM BUNDLEDNAME {} DSP 2 BRAM 0 URAM 0 STORAGESUBTYPE {} DISPNAME {bind_op hadd} VISIBLE true} {BINDTYPE op ID {} IMPL auto_sel LATENCY 0 OPTYPE select PRAGMA {} RTLNAME norm_5_fu_1672_p3 SOURCE ../gen2/Hls_Layers_UpConv.tpp:290 VARIABLE norm_5 LOOP PIXEL_NORM BUNDLEDNAME {} DSP 0 BRAM 0 URAM 0 STORAGESUBTYPE {} DISPNAME {bind_op select} VISIBLE false} {BINDTYPE op ID {} IMPL auto LATENCY 1 OPTYPE hcmp PRAGMA {} RTLNAME hcmp_16ns_16ns_1_2_no_dsp_1_U644 SOURCE ../gen2/Hls_Layers_UpConv.tpp:294 VARIABLE cmp175_5 LOOP PIXEL_NORM BUNDLEDNAME {} DSP 0 BRAM 0 URAM 0 STORAGESUBTYPE {} DISPNAME {bind_op hcmp} VISIBLE false} {BINDTYPE op ID {} IMPL auto_sel LATENCY 0 OPTYPE select PRAGMA {} RTLNAME select_ln27_5_fu_1833_p3 SOURCE ../gen2/Hls_Layers_UpConv.tpp:27 VARIABLE select_ln27_5 LOOP PIXEL_NORM BUNDLEDNAME {} DSP 0 BRAM 0 URAM 0 STORAGESUBTYPE {} DISPNAME {bind_op select} VISIBLE false} {BINDTYPE op ID {} IMPL auto LATENCY 0 OPTYPE setlt PRAGMA {} RTLNAME icmp_ln290_6_fu_1055_p2 SOURCE ../gen2/Hls_Layers_UpConv.tpp:290 VARIABLE icmp_ln290_6 LOOP PIXEL_NORM BUNDLEDNAME {} DSP 0 BRAM 0 URAM 0 STORAGESUBTYPE {} DISPNAME {bind_op setlt} VISIBLE false} {BINDTYPE op ID {} IMPL fulldsp LATENCY 4 OPTYPE hsub PRAGMA {} RTLNAME hsub_16ns_16ns_16_5_full_dsp_1_U597 SOURCE ../gen2/Hls_Layers_UpConv.tpp:293 VARIABLE sub168_6 LOOP PIXEL_NORM BUNDLEDNAME {} DSP 2 BRAM 0 URAM 0 STORAGESUBTYPE {} DISPNAME {bind_op hsub} VISIBLE true} {BINDTYPE op ID {} IMPL maxdsp LATENCY 3 OPTYPE hmul PRAGMA {} RTLNAME hmul_16ns_16ns_16_4_max_dsp_1_U613 SOURCE ../gen2/Hls_Layers_UpConv.tpp:293 VARIABLE mul169_6 LOOP PIXEL_NORM BUNDLEDNAME {} DSP 2 BRAM 0 URAM 0 STORAGESUBTYPE {} DISPNAME {bind_op hmul} VISIBLE true} {BINDTYPE op ID {} IMPL maxdsp LATENCY 3 OPTYPE hmul PRAGMA {} RTLNAME hmul_16ns_16ns_16_4_max_dsp_1_U629 SOURCE ../gen2/Hls_Layers_UpConv.tpp:293 VARIABLE mul170_6 LOOP PIXEL_NORM BUNDLEDNAME {} DSP 2 BRAM 0 URAM 0 STORAGESUBTYPE {} DISPNAME {bind_op hmul} VISIBLE true} {BINDTYPE op ID {} IMPL fulldsp LATENCY 4 OPTYPE hadd PRAGMA {} RTLNAME hadd_16ns_16ns_16_5_full_dsp_1_U581 SOURCE ../gen2/Hls_Layers_UpConv.tpp:293 VARIABLE add171_6 LOOP PIXEL_NORM BUNDLEDNAME {} DSP 2 BRAM 0 URAM 0 STORAGESUBTYPE {} DISPNAME {bind_op hadd} VISIBLE true} {BINDTYPE op ID {} IMPL auto_sel LATENCY 0 OPTYPE select PRAGMA {} RTLNAME norm_6_fu_1679_p3 SOURCE ../gen2/Hls_Layers_UpConv.tpp:290 VARIABLE norm_6 LOOP PIXEL_NORM BUNDLEDNAME {} DSP 0 BRAM 0 URAM 0 STORAGESUBTYPE {} DISPNAME {bind_op select} VISIBLE false} {BINDTYPE op ID {} IMPL auto LATENCY 1 OPTYPE hcmp PRAGMA {} RTLNAME hcmp_16ns_16ns_1_2_no_dsp_1_U645 SOURCE ../gen2/Hls_Layers_UpConv.tpp:294 VARIABLE cmp175_6 LOOP PIXEL_NORM BUNDLEDNAME {} DSP 0 BRAM 0 URAM 0 STORAGESUBTYPE {} DISPNAME {bind_op hcmp} VISIBLE false} {BINDTYPE op ID {} IMPL auto_sel LATENCY 0 OPTYPE select PRAGMA {} RTLNAME select_ln27_6_fu_1844_p3 SOURCE ../gen2/Hls_Layers_UpConv.tpp:27 VARIABLE select_ln27_6 LOOP PIXEL_NORM BUNDLEDNAME {} DSP 0 BRAM 0 URAM 0 STORAGESUBTYPE {} DISPNAME {bind_op select} VISIBLE false} {BINDTYPE op ID {} IMPL auto LATENCY 0 OPTYPE setlt PRAGMA {} RTLNAME icmp_ln290_7_fu_1068_p2 SOURCE ../gen2/Hls_Layers_UpConv.tpp:290 VARIABLE icmp_ln290_7 LOOP PIXEL_NORM BUNDLEDNAME {} DSP 0 BRAM 0 URAM 0 STORAGESUBTYPE {} DISPNAME {bind_op setlt} VISIBLE false} {BINDTYPE op ID {} IMPL fulldsp LATENCY 4 OPTYPE hsub PRAGMA {} RTLNAME hsub_16ns_16ns_16_5_full_dsp_1_U598 SOURCE ../gen2/Hls_Layers_UpConv.tpp:293 VARIABLE sub168_7 LOOP PIXEL_NORM BUNDLEDNAME {} DSP 2 BRAM 0 URAM 0 STORAGESUBTYPE {} DISPNAME {bind_op hsub} VISIBLE true} {BINDTYPE op ID {} IMPL maxdsp LATENCY 3 OPTYPE hmul PRAGMA {} RTLNAME hmul_16ns_16ns_16_4_max_dsp_1_U614 SOURCE ../gen2/Hls_Layers_UpConv.tpp:293 VARIABLE mul169_7 LOOP PIXEL_NORM BUNDLEDNAME {} DSP 2 BRAM 0 URAM 0 STORAGESUBTYPE {} DISPNAME {bind_op hmul} VISIBLE true} {BINDTYPE op ID {} IMPL maxdsp LATENCY 3 OPTYPE hmul PRAGMA {} RTLNAME hmul_16ns_16ns_16_4_max_dsp_1_U630 SOURCE ../gen2/Hls_Layers_UpConv.tpp:293 VARIABLE mul170_7 LOOP PIXEL_NORM BUNDLEDNAME {} DSP 2 BRAM 0 URAM 0 STORAGESUBTYPE {} DISPNAME {bind_op hmul} VISIBLE true} {BINDTYPE op ID {} IMPL fulldsp LATENCY 4 OPTYPE hadd PRAGMA {} RTLNAME hadd_16ns_16ns_16_5_full_dsp_1_U582 SOURCE ../gen2/Hls_Layers_UpConv.tpp:293 VARIABLE add171_7 LOOP PIXEL_NORM BUNDLEDNAME {} DSP 2 BRAM 0 URAM 0 STORAGESUBTYPE {} DISPNAME {bind_op hadd} VISIBLE true} {BINDTYPE op ID {} IMPL auto_sel LATENCY 0 OPTYPE select PRAGMA {} RTLNAME norm_7_fu_1686_p3 SOURCE ../gen2/Hls_Layers_UpConv.tpp:290 VARIABLE norm_7 LOOP PIXEL_NORM BUNDLEDNAME {} DSP 0 BRAM 0 URAM 0 STORAGESUBTYPE {} DISPNAME {bind_op select} VISIBLE false} {BINDTYPE op ID {} IMPL auto LATENCY 1 OPTYPE hcmp PRAGMA {} RTLNAME hcmp_16ns_16ns_1_2_no_dsp_1_U646 SOURCE ../gen2/Hls_Layers_UpConv.tpp:294 VARIABLE cmp175_7 LOOP PIXEL_NORM BUNDLEDNAME {} DSP 0 BRAM 0 URAM 0 STORAGESUBTYPE {} DISPNAME {bind_op hcmp} VISIBLE false} {BINDTYPE op ID {} IMPL auto_sel LATENCY 0 OPTYPE select PRAGMA {} RTLNAME select_ln27_7_fu_1855_p3 SOURCE ../gen2/Hls_Layers_UpConv.tpp:27 VARIABLE select_ln27_7 LOOP PIXEL_NORM BUNDLEDNAME {} DSP 0 BRAM 0 URAM 0 STORAGESUBTYPE {} DISPNAME {bind_op select} VISIBLE false} {BINDTYPE op ID {} IMPL auto LATENCY 0 OPTYPE setlt PRAGMA {} RTLNAME icmp_ln290_8_fu_1081_p2 SOURCE ../gen2/Hls_Layers_UpConv.tpp:290 VARIABLE icmp_ln290_8 LOOP PIXEL_NORM BUNDLEDNAME {} DSP 0 BRAM 0 URAM 0 STORAGESUBTYPE {} DISPNAME {bind_op setlt} VISIBLE false} {BINDTYPE op ID {} IMPL fulldsp LATENCY 4 OPTYPE hsub PRAGMA {} RTLNAME hsub_16ns_16ns_16_5_full_dsp_1_U599 SOURCE ../gen2/Hls_Layers_UpConv.tpp:293 VARIABLE sub168_8 LOOP PIXEL_NORM BUNDLEDNAME {} DSP 2 BRAM 0 URAM 0 STORAGESUBTYPE {} DISPNAME {bind_op hsub} VISIBLE true} {BINDTYPE op ID {} IMPL maxdsp LATENCY 3 OPTYPE hmul PRAGMA {} RTLNAME hmul_16ns_16ns_16_4_max_dsp_1_U615 SOURCE ../gen2/Hls_Layers_UpConv.tpp:293 VARIABLE mul169_8 LOOP PIXEL_NORM BUNDLEDNAME {} DSP 2 BRAM 0 URAM 0 STORAGESUBTYPE {} DISPNAME {bind_op hmul} VISIBLE true} {BINDTYPE op ID {} IMPL maxdsp LATENCY 3 OPTYPE hmul PRAGMA {} RTLNAME hmul_16ns_16ns_16_4_max_dsp_1_U631 SOURCE ../gen2/Hls_Layers_UpConv.tpp:293 VARIABLE mul170_8 LOOP PIXEL_NORM BUNDLEDNAME {} DSP 2 BRAM 0 URAM 0 STORAGESUBTYPE {} DISPNAME {bind_op hmul} VISIBLE true} {BINDTYPE op ID {} IMPL fulldsp LATENCY 4 OPTYPE hadd PRAGMA {} RTLNAME hadd_16ns_16ns_16_5_full_dsp_1_U583 SOURCE ../gen2/Hls_Layers_UpConv.tpp:293 VARIABLE add171_8 LOOP PIXEL_NORM BUNDLEDNAME {} DSP 2 BRAM 0 URAM 0 STORAGESUBTYPE {} DISPNAME {bind_op hadd} VISIBLE true} {BINDTYPE op ID {} IMPL auto_sel LATENCY 0 OPTYPE select PRAGMA {} RTLNAME norm_8_fu_1693_p3 SOURCE ../gen2/Hls_Layers_UpConv.tpp:290 VARIABLE norm_8 LOOP PIXEL_NORM BUNDLEDNAME {} DSP 0 BRAM 0 URAM 0 STORAGESUBTYPE {} DISPNAME {bind_op select} VISIBLE false} {BINDTYPE op ID {} IMPL auto LATENCY 1 OPTYPE hcmp PRAGMA {} RTLNAME hcmp_16ns_16ns_1_2_no_dsp_1_U647 SOURCE ../gen2/Hls_Layers_UpConv.tpp:294 VARIABLE cmp175_8 LOOP PIXEL_NORM BUNDLEDNAME {} DSP 0 BRAM 0 URAM 0 STORAGESUBTYPE {} DISPNAME {bind_op hcmp} VISIBLE false} {BINDTYPE op ID {} IMPL auto_sel LATENCY 0 OPTYPE select PRAGMA {} RTLNAME select_ln27_8_fu_1866_p3 SOURCE ../gen2/Hls_Layers_UpConv.tpp:27 VARIABLE select_ln27_8 LOOP PIXEL_NORM BUNDLEDNAME {} DSP 0 BRAM 0 URAM 0 STORAGESUBTYPE {} DISPNAME {bind_op select} VISIBLE false} {BINDTYPE op ID {} IMPL auto LATENCY 0 OPTYPE setlt PRAGMA {} RTLNAME icmp_ln290_9_fu_1094_p2 SOURCE ../gen2/Hls_Layers_UpConv.tpp:290 VARIABLE icmp_ln290_9 LOOP PIXEL_NORM BUNDLEDNAME {} DSP 0 BRAM 0 URAM 0 STORAGESUBTYPE {} DISPNAME {bind_op setlt} VISIBLE false} {BINDTYPE op ID {} IMPL fulldsp LATENCY 4 OPTYPE hsub PRAGMA {} RTLNAME hsub_16ns_16ns_16_5_full_dsp_1_U600 SOURCE ../gen2/Hls_Layers_UpConv.tpp:293 VARIABLE sub168_9 LOOP PIXEL_NORM BUNDLEDNAME {} DSP 2 BRAM 0 URAM 0 STORAGESUBTYPE {} DISPNAME {bind_op hsub} VISIBLE true} {BINDTYPE op ID {} IMPL maxdsp LATENCY 3 OPTYPE hmul PRAGMA {} RTLNAME hmul_16ns_16ns_16_4_max_dsp_1_U616 SOURCE ../gen2/Hls_Layers_UpConv.tpp:293 VARIABLE mul169_9 LOOP PIXEL_NORM BUNDLEDNAME {} DSP 2 BRAM 0 URAM 0 STORAGESUBTYPE {} DISPNAME {bind_op hmul} VISIBLE true} {BINDTYPE op ID {} IMPL maxdsp LATENCY 3 OPTYPE hmul PRAGMA {} RTLNAME hmul_16ns_16ns_16_4_max_dsp_1_U632 SOURCE ../gen2/Hls_Layers_UpConv.tpp:293 VARIABLE mul170_9 LOOP PIXEL_NORM BUNDLEDNAME {} DSP 2 BRAM 0 URAM 0 STORAGESUBTYPE {} DISPNAME {bind_op hmul} VISIBLE true} {BINDTYPE op ID {} IMPL fulldsp LATENCY 4 OPTYPE hadd PRAGMA {} RTLNAME hadd_16ns_16ns_16_5_full_dsp_1_U584 SOURCE ../gen2/Hls_Layers_UpConv.tpp:293 VARIABLE add171_9 LOOP PIXEL_NORM BUNDLEDNAME {} DSP 2 BRAM 0 URAM 0 STORAGESUBTYPE {} DISPNAME {bind_op hadd} VISIBLE true} {BINDTYPE op ID {} IMPL auto_sel LATENCY 0 OPTYPE select PRAGMA {} RTLNAME norm_9_fu_1700_p3 SOURCE ../gen2/Hls_Layers_UpConv.tpp:290 VARIABLE norm_9 LOOP PIXEL_NORM BUNDLEDNAME {} DSP 0 BRAM 0 URAM 0 STORAGESUBTYPE {} DISPNAME {bind_op select} VISIBLE false} {BINDTYPE op ID {} IMPL auto LATENCY 1 OPTYPE hcmp PRAGMA {} RTLNAME hcmp_16ns_16ns_1_2_no_dsp_1_U648 SOURCE ../gen2/Hls_Layers_UpConv.tpp:294 VARIABLE cmp175_9 LOOP PIXEL_NORM BUNDLEDNAME {} DSP 0 BRAM 0 URAM 0 STORAGESUBTYPE {} DISPNAME {bind_op hcmp} VISIBLE false} {BINDTYPE op ID {} IMPL auto_sel LATENCY 0 OPTYPE select PRAGMA {} RTLNAME select_ln27_9_fu_1877_p3 SOURCE ../gen2/Hls_Layers_UpConv.tpp:27 VARIABLE select_ln27_9 LOOP PIXEL_NORM BUNDLEDNAME {} DSP 0 BRAM 0 URAM 0 STORAGESUBTYPE {} DISPNAME {bind_op select} VISIBLE false} {BINDTYPE op ID {} IMPL auto LATENCY 0 OPTYPE setlt PRAGMA {} RTLNAME icmp_ln290_10_fu_1107_p2 SOURCE ../gen2/Hls_Layers_UpConv.tpp:290 VARIABLE icmp_ln290_10 LOOP PIXEL_NORM BUNDLEDNAME {} DSP 0 BRAM 0 URAM 0 STORAGESUBTYPE {} DISPNAME {bind_op setlt} VISIBLE false} {BINDTYPE op ID {} IMPL fulldsp LATENCY 4 OPTYPE hsub PRAGMA {} RTLNAME hsub_16ns_16ns_16_5_full_dsp_1_U601 SOURCE ../gen2/Hls_Layers_UpConv.tpp:293 VARIABLE sub168_s LOOP PIXEL_NORM BUNDLEDNAME {} DSP 2 BRAM 0 URAM 0 STORAGESUBTYPE {} DISPNAME {bind_op hsub} VISIBLE true} {BINDTYPE op ID {} IMPL maxdsp LATENCY 3 OPTYPE hmul PRAGMA {} RTLNAME hmul_16ns_16ns_16_4_max_dsp_1_U617 SOURCE ../gen2/Hls_Layers_UpConv.tpp:293 VARIABLE mul169_s LOOP PIXEL_NORM BUNDLEDNAME {} DSP 2 BRAM 0 URAM 0 STORAGESUBTYPE {} DISPNAME {bind_op hmul} VISIBLE true} {BINDTYPE op ID {} IMPL maxdsp LATENCY 3 OPTYPE hmul PRAGMA {} RTLNAME hmul_16ns_16ns_16_4_max_dsp_1_U633 SOURCE ../gen2/Hls_Layers_UpConv.tpp:293 VARIABLE mul170_s LOOP PIXEL_NORM BUNDLEDNAME {} DSP 2 BRAM 0 URAM 0 STORAGESUBTYPE {} DISPNAME {bind_op hmul} VISIBLE true} {BINDTYPE op ID {} IMPL fulldsp LATENCY 4 OPTYPE hadd PRAGMA {} RTLNAME hadd_16ns_16ns_16_5_full_dsp_1_U585 SOURCE ../gen2/Hls_Layers_UpConv.tpp:293 VARIABLE add171_s LOOP PIXEL_NORM BUNDLEDNAME {} DSP 2 BRAM 0 URAM 0 STORAGESUBTYPE {} DISPNAME {bind_op hadd} VISIBLE true} {BINDTYPE op ID {} IMPL auto_sel LATENCY 0 OPTYPE select PRAGMA {} RTLNAME norm_10_fu_1707_p3 SOURCE ../gen2/Hls_Layers_UpConv.tpp:290 VARIABLE norm_10 LOOP PIXEL_NORM BUNDLEDNAME {} DSP 0 BRAM 0 URAM 0 STORAGESUBTYPE {} DISPNAME {bind_op select} VISIBLE false} {BINDTYPE op ID {} IMPL auto LATENCY 1 OPTYPE hcmp PRAGMA {} RTLNAME hcmp_16ns_16ns_1_2_no_dsp_1_U649 SOURCE ../gen2/Hls_Layers_UpConv.tpp:294 VARIABLE cmp175_s LOOP PIXEL_NORM BUNDLEDNAME {} DSP 0 BRAM 0 URAM 0 STORAGESUBTYPE {} DISPNAME {bind_op hcmp} VISIBLE false} {BINDTYPE op ID {} IMPL auto_sel LATENCY 0 OPTYPE select PRAGMA {} RTLNAME select_ln27_10_fu_1888_p3 SOURCE ../gen2/Hls_Layers_UpConv.tpp:27 VARIABLE select_ln27_10 LOOP PIXEL_NORM BUNDLEDNAME {} DSP 0 BRAM 0 URAM 0 STORAGESUBTYPE {} DISPNAME {bind_op select} VISIBLE false} {BINDTYPE op ID {} IMPL auto LATENCY 0 OPTYPE setlt PRAGMA {} RTLNAME icmp_ln290_11_fu_1120_p2 SOURCE ../gen2/Hls_Layers_UpConv.tpp:290 VARIABLE icmp_ln290_11 LOOP PIXEL_NORM BUNDLEDNAME {} DSP 0 BRAM 0 URAM 0 STORAGESUBTYPE {} DISPNAME {bind_op setlt} VISIBLE false} {BINDTYPE op ID {} IMPL fulldsp LATENCY 4 OPTYPE hsub PRAGMA {} RTLNAME hsub_16ns_16ns_16_5_full_dsp_1_U602 SOURCE ../gen2/Hls_Layers_UpConv.tpp:293 VARIABLE sub168_10 LOOP PIXEL_NORM BUNDLEDNAME {} DSP 2 BRAM 0 URAM 0 STORAGESUBTYPE {} DISPNAME {bind_op hsub} VISIBLE true} {BINDTYPE op ID {} IMPL maxdsp LATENCY 3 OPTYPE hmul PRAGMA {} RTLNAME hmul_16ns_16ns_16_4_max_dsp_1_U618 SOURCE ../gen2/Hls_Layers_UpConv.tpp:293 VARIABLE mul169_10 LOOP PIXEL_NORM BUNDLEDNAME {} DSP 2 BRAM 0 URAM 0 STORAGESUBTYPE {} DISPNAME {bind_op hmul} VISIBLE true} {BINDTYPE op ID {} IMPL maxdsp LATENCY 3 OPTYPE hmul PRAGMA {} RTLNAME hmul_16ns_16ns_16_4_max_dsp_1_U634 SOURCE ../gen2/Hls_Layers_UpConv.tpp:293 VARIABLE mul170_10 LOOP PIXEL_NORM BUNDLEDNAME {} DSP 2 BRAM 0 URAM 0 STORAGESUBTYPE {} DISPNAME {bind_op hmul} VISIBLE true} {BINDTYPE op ID {} IMPL fulldsp LATENCY 4 OPTYPE hadd PRAGMA {} RTLNAME hadd_16ns_16ns_16_5_full_dsp_1_U586 SOURCE ../gen2/Hls_Layers_UpConv.tpp:293 VARIABLE add171_10 LOOP PIXEL_NORM BUNDLEDNAME {} DSP 2 BRAM 0 URAM 0 STORAGESUBTYPE {} DISPNAME {bind_op hadd} VISIBLE true} {BINDTYPE op ID {} IMPL auto_sel LATENCY 0 OPTYPE select PRAGMA {} RTLNAME norm_11_fu_1714_p3 SOURCE ../gen2/Hls_Layers_UpConv.tpp:290 VARIABLE norm_11 LOOP PIXEL_NORM BUNDLEDNAME {} DSP 0 BRAM 0 URAM 0 STORAGESUBTYPE {} DISPNAME {bind_op select} VISIBLE false} {BINDTYPE op ID {} IMPL auto LATENCY 1 OPTYPE hcmp PRAGMA {} RTLNAME hcmp_16ns_16ns_1_2_no_dsp_1_U650 SOURCE ../gen2/Hls_Layers_UpConv.tpp:294 VARIABLE cmp175_10 LOOP PIXEL_NORM BUNDLEDNAME {} DSP 0 BRAM 0 URAM 0 STORAGESUBTYPE {} DISPNAME {bind_op hcmp} VISIBLE false} {BINDTYPE op ID {} IMPL auto_sel LATENCY 0 OPTYPE select PRAGMA {} RTLNAME select_ln27_11_fu_1899_p3 SOURCE ../gen2/Hls_Layers_UpConv.tpp:27 VARIABLE select_ln27_11 LOOP PIXEL_NORM BUNDLEDNAME {} DSP 0 BRAM 0 URAM 0 STORAGESUBTYPE {} DISPNAME {bind_op select} VISIBLE false} {BINDTYPE op ID {} IMPL auto LATENCY 0 OPTYPE setlt PRAGMA {} RTLNAME icmp_ln290_12_fu_1133_p2 SOURCE ../gen2/Hls_Layers_UpConv.tpp:290 VARIABLE icmp_ln290_12 LOOP PIXEL_NORM BUNDLEDNAME {} DSP 0 BRAM 0 URAM 0 STORAGESUBTYPE {} DISPNAME {bind_op setlt} VISIBLE false} {BINDTYPE op ID {} IMPL fulldsp LATENCY 4 OPTYPE hsub PRAGMA {} RTLNAME hsub_16ns_16ns_16_5_full_dsp_1_U603 SOURCE ../gen2/Hls_Layers_UpConv.tpp:293 VARIABLE sub168_11 LOOP PIXEL_NORM BUNDLEDNAME {} DSP 2 BRAM 0 URAM 0 STORAGESUBTYPE {} DISPNAME {bind_op hsub} VISIBLE true} {BINDTYPE op ID {} IMPL maxdsp LATENCY 3 OPTYPE hmul PRAGMA {} RTLNAME hmul_16ns_16ns_16_4_max_dsp_1_U619 SOURCE ../gen2/Hls_Layers_UpConv.tpp:293 VARIABLE mul169_11 LOOP PIXEL_NORM BUNDLEDNAME {} DSP 2 BRAM 0 URAM 0 STORAGESUBTYPE {} DISPNAME {bind_op hmul} VISIBLE true} {BINDTYPE op ID {} IMPL maxdsp LATENCY 3 OPTYPE hmul PRAGMA {} RTLNAME hmul_16ns_16ns_16_4_max_dsp_1_U635 SOURCE ../gen2/Hls_Layers_UpConv.tpp:293 VARIABLE mul170_11 LOOP PIXEL_NORM BUNDLEDNAME {} DSP 2 BRAM 0 URAM 0 STORAGESUBTYPE {} DISPNAME {bind_op hmul} VISIBLE true} {BINDTYPE op ID {} IMPL fulldsp LATENCY 4 OPTYPE hadd PRAGMA {} RTLNAME hadd_16ns_16ns_16_5_full_dsp_1_U587 SOURCE ../gen2/Hls_Layers_UpConv.tpp:293 VARIABLE add171_11 LOOP PIXEL_NORM BUNDLEDNAME {} DSP 2 BRAM 0 URAM 0 STORAGESUBTYPE {} DISPNAME {bind_op hadd} VISIBLE true} {BINDTYPE op ID {} IMPL auto_sel LATENCY 0 OPTYPE select PRAGMA {} RTLNAME norm_12_fu_1721_p3 SOURCE ../gen2/Hls_Layers_UpConv.tpp:290 VARIABLE norm_12 LOOP PIXEL_NORM BUNDLEDNAME {} DSP 0 BRAM 0 URAM 0 STORAGESUBTYPE {} DISPNAME {bind_op select} VISIBLE false} {BINDTYPE op ID {} IMPL auto LATENCY 1 OPTYPE hcmp PRAGMA {} RTLNAME hcmp_16ns_16ns_1_2_no_dsp_1_U651 SOURCE ../gen2/Hls_Layers_UpConv.tpp:294 VARIABLE cmp175_11 LOOP PIXEL_NORM BUNDLEDNAME {} DSP 0 BRAM 0 URAM 0 STORAGESUBTYPE {} DISPNAME {bind_op hcmp} VISIBLE false} {BINDTYPE op ID {} IMPL auto_sel LATENCY 0 OPTYPE select PRAGMA {} RTLNAME select_ln27_12_fu_1910_p3 SOURCE ../gen2/Hls_Layers_UpConv.tpp:27 VARIABLE select_ln27_12 LOOP PIXEL_NORM BUNDLEDNAME {} DSP 0 BRAM 0 URAM 0 STORAGESUBTYPE {} DISPNAME {bind_op select} VISIBLE false} {BINDTYPE op ID {} IMPL auto LATENCY 0 OPTYPE setlt PRAGMA {} RTLNAME icmp_ln290_13_fu_1146_p2 SOURCE ../gen2/Hls_Layers_UpConv.tpp:290 VARIABLE icmp_ln290_13 LOOP PIXEL_NORM BUNDLEDNAME {} DSP 0 BRAM 0 URAM 0 STORAGESUBTYPE {} DISPNAME {bind_op setlt} VISIBLE false} {BINDTYPE op ID {} IMPL fulldsp LATENCY 4 OPTYPE hsub PRAGMA {} RTLNAME hsub_16ns_16ns_16_5_full_dsp_1_U604 SOURCE ../gen2/Hls_Layers_UpConv.tpp:293 VARIABLE sub168_12 LOOP PIXEL_NORM BUNDLEDNAME {} DSP 2 BRAM 0 URAM 0 STORAGESUBTYPE {} DISPNAME {bind_op hsub} VISIBLE true} {BINDTYPE op ID {} IMPL maxdsp LATENCY 3 OPTYPE hmul PRAGMA {} RTLNAME hmul_16ns_16ns_16_4_max_dsp_1_U620 SOURCE ../gen2/Hls_Layers_UpConv.tpp:293 VARIABLE mul169_12 LOOP PIXEL_NORM BUNDLEDNAME {} DSP 2 BRAM 0 URAM 0 STORAGESUBTYPE {} DISPNAME {bind_op hmul} VISIBLE true} {BINDTYPE op ID {} IMPL maxdsp LATENCY 3 OPTYPE hmul PRAGMA {} RTLNAME hmul_16ns_16ns_16_4_max_dsp_1_U636 SOURCE ../gen2/Hls_Layers_UpConv.tpp:293 VARIABLE mul170_12 LOOP PIXEL_NORM BUNDLEDNAME {} DSP 2 BRAM 0 URAM 0 STORAGESUBTYPE {} DISPNAME {bind_op hmul} VISIBLE true} {BINDTYPE op ID {} IMPL fulldsp LATENCY 4 OPTYPE hadd PRAGMA {} RTLNAME hadd_16ns_16ns_16_5_full_dsp_1_U588 SOURCE ../gen2/Hls_Layers_UpConv.tpp:293 VARIABLE add171_12 LOOP PIXEL_NORM BUNDLEDNAME {} DSP 2 BRAM 0 URAM 0 STORAGESUBTYPE {} DISPNAME {bind_op hadd} VISIBLE true} {BINDTYPE op ID {} IMPL auto_sel LATENCY 0 OPTYPE select PRAGMA {} RTLNAME norm_13_fu_1728_p3 SOURCE ../gen2/Hls_Layers_UpConv.tpp:290 VARIABLE norm_13 LOOP PIXEL_NORM BUNDLEDNAME {} DSP 0 BRAM 0 URAM 0 STORAGESUBTYPE {} DISPNAME {bind_op select} VISIBLE false} {BINDTYPE op ID {} IMPL auto LATENCY 1 OPTYPE hcmp PRAGMA {} RTLNAME hcmp_16ns_16ns_1_2_no_dsp_1_U652 SOURCE ../gen2/Hls_Layers_UpConv.tpp:294 VARIABLE cmp175_12 LOOP PIXEL_NORM BUNDLEDNAME {} DSP 0 BRAM 0 URAM 0 STORAGESUBTYPE {} DISPNAME {bind_op hcmp} VISIBLE false} {BINDTYPE op ID {} IMPL auto_sel LATENCY 0 OPTYPE select PRAGMA {} RTLNAME select_ln27_13_fu_1921_p3 SOURCE ../gen2/Hls_Layers_UpConv.tpp:27 VARIABLE select_ln27_13 LOOP PIXEL_NORM BUNDLEDNAME {} DSP 0 BRAM 0 URAM 0 STORAGESUBTYPE {} DISPNAME {bind_op select} VISIBLE false} {BINDTYPE op ID {} IMPL auto LATENCY 0 OPTYPE setlt PRAGMA {} RTLNAME icmp_ln290_14_fu_1159_p2 SOURCE ../gen2/Hls_Layers_UpConv.tpp:290 VARIABLE icmp_ln290_14 LOOP PIXEL_NORM BUNDLEDNAME {} DSP 0 BRAM 0 URAM 0 STORAGESUBTYPE {} DISPNAME {bind_op setlt} VISIBLE false} {BINDTYPE op ID {} IMPL fulldsp LATENCY 4 OPTYPE hsub PRAGMA {} RTLNAME hsub_16ns_16ns_16_5_full_dsp_1_U605 SOURCE ../gen2/Hls_Layers_UpConv.tpp:293 VARIABLE sub168_13 LOOP PIXEL_NORM BUNDLEDNAME {} DSP 2 BRAM 0 URAM 0 STORAGESUBTYPE {} DISPNAME {bind_op hsub} VISIBLE true} {BINDTYPE op ID {} IMPL maxdsp LATENCY 3 OPTYPE hmul PRAGMA {} RTLNAME hmul_16ns_16ns_16_4_max_dsp_1_U621 SOURCE ../gen2/Hls_Layers_UpConv.tpp:293 VARIABLE mul169_13 LOOP PIXEL_NORM BUNDLEDNAME {} DSP 2 BRAM 0 URAM 0 STORAGESUBTYPE {} DISPNAME {bind_op hmul} VISIBLE true} {BINDTYPE op ID {} IMPL maxdsp LATENCY 3 OPTYPE hmul PRAGMA {} RTLNAME hmul_16ns_16ns_16_4_max_dsp_1_U637 SOURCE ../gen2/Hls_Layers_UpConv.tpp:293 VARIABLE mul170_13 LOOP PIXEL_NORM BUNDLEDNAME {} DSP 2 BRAM 0 URAM 0 STORAGESUBTYPE {} DISPNAME {bind_op hmul} VISIBLE true} {BINDTYPE op ID {} IMPL fulldsp LATENCY 4 OPTYPE hadd PRAGMA {} RTLNAME hadd_16ns_16ns_16_5_full_dsp_1_U589 SOURCE ../gen2/Hls_Layers_UpConv.tpp:293 VARIABLE add171_13 LOOP PIXEL_NORM BUNDLEDNAME {} DSP 2 BRAM 0 URAM 0 STORAGESUBTYPE {} DISPNAME {bind_op hadd} VISIBLE true} {BINDTYPE op ID {} IMPL auto_sel LATENCY 0 OPTYPE select PRAGMA {} RTLNAME norm_14_fu_1735_p3 SOURCE ../gen2/Hls_Layers_UpConv.tpp:290 VARIABLE norm_14 LOOP PIXEL_NORM BUNDLEDNAME {} DSP 0 BRAM 0 URAM 0 STORAGESUBTYPE {} DISPNAME {bind_op select} VISIBLE false} {BINDTYPE op ID {} IMPL auto LATENCY 1 OPTYPE hcmp PRAGMA {} RTLNAME hcmp_16ns_16ns_1_2_no_dsp_1_U653 SOURCE ../gen2/Hls_Layers_UpConv.tpp:294 VARIABLE cmp175_13 LOOP PIXEL_NORM BUNDLEDNAME {} DSP 0 BRAM 0 URAM 0 STORAGESUBTYPE {} DISPNAME {bind_op hcmp} VISIBLE false} {BINDTYPE op ID {} IMPL auto_sel LATENCY 0 OPTYPE select PRAGMA {} RTLNAME select_ln27_14_fu_1932_p3 SOURCE ../gen2/Hls_Layers_UpConv.tpp:27 VARIABLE select_ln27_14 LOOP PIXEL_NORM BUNDLEDNAME {} DSP 0 BRAM 0 URAM 0 STORAGESUBTYPE {} DISPNAME {bind_op select} VISIBLE false} {BINDTYPE op ID {} IMPL auto LATENCY 0 OPTYPE setlt PRAGMA {} RTLNAME icmp_ln290_15_fu_1172_p2 SOURCE ../gen2/Hls_Layers_UpConv.tpp:290 VARIABLE icmp_ln290_15 LOOP PIXEL_NORM BUNDLEDNAME {} DSP 0 BRAM 0 URAM 0 STORAGESUBTYPE {} DISPNAME {bind_op setlt} VISIBLE false} {BINDTYPE op ID {} IMPL fulldsp LATENCY 4 OPTYPE hsub PRAGMA {} RTLNAME hsub_16ns_16ns_16_5_full_dsp_1_U606 SOURCE ../gen2/Hls_Layers_UpConv.tpp:293 VARIABLE sub168_14 LOOP PIXEL_NORM BUNDLEDNAME {} DSP 2 BRAM 0 URAM 0 STORAGESUBTYPE {} DISPNAME {bind_op hsub} VISIBLE true} {BINDTYPE op ID {} IMPL maxdsp LATENCY 3 OPTYPE hmul PRAGMA {} RTLNAME hmul_16ns_16ns_16_4_max_dsp_1_U622 SOURCE ../gen2/Hls_Layers_UpConv.tpp:293 VARIABLE mul169_14 LOOP PIXEL_NORM BUNDLEDNAME {} DSP 2 BRAM 0 URAM 0 STORAGESUBTYPE {} DISPNAME {bind_op hmul} VISIBLE true} {BINDTYPE op ID {} IMPL maxdsp LATENCY 3 OPTYPE hmul PRAGMA {} RTLNAME hmul_16ns_16ns_16_4_max_dsp_1_U638 SOURCE ../gen2/Hls_Layers_UpConv.tpp:293 VARIABLE mul170_14 LOOP PIXEL_NORM BUNDLEDNAME {} DSP 2 BRAM 0 URAM 0 STORAGESUBTYPE {} DISPNAME {bind_op hmul} VISIBLE true} {BINDTYPE op ID {} IMPL fulldsp LATENCY 4 OPTYPE hadd PRAGMA {} RTLNAME hadd_16ns_16ns_16_5_full_dsp_1_U590 SOURCE ../gen2/Hls_Layers_UpConv.tpp:293 VARIABLE add171_14 LOOP PIXEL_NORM BUNDLEDNAME {} DSP 2 BRAM 0 URAM 0 STORAGESUBTYPE {} DISPNAME {bind_op hadd} VISIBLE true} {BINDTYPE op ID {} IMPL auto_sel LATENCY 0 OPTYPE select PRAGMA {} RTLNAME norm_15_fu_1742_p3 SOURCE ../gen2/Hls_Layers_UpConv.tpp:290 VARIABLE norm_15 LOOP PIXEL_NORM BUNDLEDNAME {} DSP 0 BRAM 0 URAM 0 STORAGESUBTYPE {} DISPNAME {bind_op select} VISIBLE false} {BINDTYPE op ID {} IMPL auto LATENCY 1 OPTYPE hcmp PRAGMA {} RTLNAME hcmp_16ns_16ns_1_2_no_dsp_1_U654 SOURCE ../gen2/Hls_Layers_UpConv.tpp:294 VARIABLE cmp175_14 LOOP PIXEL_NORM BUNDLEDNAME {} DSP 0 BRAM 0 URAM 0 STORAGESUBTYPE {} DISPNAME {bind_op hcmp} VISIBLE false} {BINDTYPE op ID {} IMPL auto_sel LATENCY 0 OPTYPE select PRAGMA {} RTLNAME select_ln27_15_fu_1943_p3 SOURCE ../gen2/Hls_Layers_UpConv.tpp:27 VARIABLE select_ln27_15 LOOP PIXEL_NORM BUNDLEDNAME {} DSP 0 BRAM 0 URAM 0 STORAGESUBTYPE {} DISPNAME {bind_op select} VISIBLE false} {BINDTYPE op ID {} IMPL fabric LATENCY 0 OPTYPE add PRAGMA {} RTLNAME add_ln297_fu_1177_p2 SOURCE ../gen2/Hls_Layers_UpConv.tpp:297 VARIABLE add_ln297 LOOP PIXEL_NORM BUNDLEDNAME {} DSP 0 BRAM 0 URAM 0 STORAGESUBTYPE {} DISPNAME {bind_op add} VISIBLE true} {BINDTYPE op ID {} IMPL auto LATENCY 1 OPTYPE mul PRAGMA {} RTLNAME mul_32s_5ns_32_2_1_U655 SOURCE ../gen2/Hls_Layers_UpConv.tpp:297 VARIABLE mul_ln297 LOOP PIXEL_NORM BUNDLEDNAME {} DSP 2 BRAM 0 URAM 0 STORAGESUBTYPE {} DISPNAME {bind_op mul} VISIBLE true} {BINDTYPE op ID {} IMPL fabric LATENCY 0 OPTYPE add PRAGMA {} RTLNAME add_ln297_1_fu_1253_p2 SOURCE ../gen2/Hls_Layers_UpConv.tpp:297 VARIABLE add_ln297_1 LOOP PIXEL_NORM BUNDLEDNAME {} DSP 0 BRAM 0 URAM 0 STORAGESUBTYPE {} DISPNAME {bind_op add} VISIBLE true} {BINDTYPE op ID {} IMPL fabric LATENCY 0 OPTYPE add PRAGMA {} RTLNAME add_ln297_2_fu_1760_p2 SOURCE ../gen2/Hls_Layers_UpConv.tpp:297 VARIABLE add_ln297_2 LOOP PIXEL_NORM BUNDLEDNAME {} DSP 0 BRAM 0 URAM 0 STORAGESUBTYPE {} DISPNAME {bind_op add} VISIBLE true} {BINDTYPE op ID {} IMPL auto LATENCY 0 OPTYPE seteq PRAGMA {} RTLNAME icmp_ln298_fu_1182_p2 SOURCE ../gen2/Hls_Layers_UpConv.tpp:298 VARIABLE icmp_ln298 LOOP PIXEL_NORM BUNDLEDNAME {} DSP 0 BRAM 0 URAM 0 STORAGESUBTYPE {} DISPNAME {bind_op seteq} VISIBLE false} {BINDTYPE op ID {} IMPL fabric LATENCY 0 OPTYPE add PRAGMA {} RTLNAME wn_1_fu_1187_p2 SOURCE ../gen2/Hls_Layers_UpConv.tpp:298 VARIABLE wn_1 LOOP PIXEL_NORM BUNDLEDNAME {} DSP 0 BRAM 0 URAM 0 STORAGESUBTYPE {} DISPNAME {bind_op add} VISIBLE true} {BINDTYPE op ID {} IMPL fabric LATENCY 0 OPTYPE add PRAGMA {} RTLNAME cwn_1_fu_1193_p2 SOURCE ../gen2/Hls_Layers_UpConv.tpp:298 VARIABLE cwn_1 LOOP PIXEL_NORM BUNDLEDNAME {} DSP 0 BRAM 0 URAM 0 STORAGESUBTYPE {} DISPNAME {bind_op add} VISIBLE true} {BINDTYPE op ID {} IMPL auto_sel LATENCY 0 OPTYPE select PRAGMA {} RTLNAME wn_2_fu_1199_p3 SOURCE ../gen2/Hls_Layers_UpConv.tpp:298 VARIABLE wn_2 LOOP PIXEL_NORM BUNDLEDNAME {} DSP 0 BRAM 0 URAM 0 STORAGESUBTYPE {} DISPNAME {bind_op select} VISIBLE false} {BINDTYPE op ID {} IMPL auto_sel LATENCY 0 OPTYPE select PRAGMA {} RTLNAME cwn_2_fu_1207_p3 SOURCE ../gen2/Hls_Layers_UpConv.tpp:298 VARIABLE cwn_2 LOOP PIXEL_NORM BUNDLEDNAME {} DSP 0 BRAM 0 URAM 0 STORAGESUBTYPE {} DISPNAME {bind_op select} VISIBLE false}} AREA {DSP 128 BRAM 0 URAM 0}} UpConv_Fused_Row_8_s {BINDINFO {{BINDTYPE storage ID {} IMPL bram LATENCY 1 OPTYPE ram_t2p PRAGMA yes RTLNAME b_buf_U SOURCE ../gen2/Hls_Layers_UpConv.tpp:223 VARIABLE b_buf LOOP {} BUNDLEDNAME {} DSP 0 BRAM 8 URAM 0 STORAGESUBTYPE {} STORAGESIZE {256 30 1} STORAGEUSAGE {ram_t2p array} DISPNAME {bind_storage ram_t2p} VISIBLE true} {BINDTYPE storage ID {} IMPL bram LATENCY 1 OPTYPE ram_t2p PRAGMA yes RTLNAME g_buf_U SOURCE ../gen2/Hls_Layers_UpConv.tpp:223 VARIABLE g_buf LOOP {} BUNDLEDNAME {} DSP 0 BRAM 8 URAM 0 STORAGESUBTYPE {} STORAGESIZE {256 30 1} STORAGEUSAGE {ram_t2p array} DISPNAME {bind_storage ram_t2p} VISIBLE true} {BINDTYPE storage ID {} IMPL bram LATENCY 1 OPTYPE ram_t2p PRAGMA yes RTLNAME be_buf_U SOURCE ../gen2/Hls_Layers_UpConv.tpp:223 VARIABLE be_buf LOOP {} BUNDLEDNAME {} DSP 0 BRAM 8 URAM 0 STORAGESUBTYPE {} STORAGESIZE {256 30 1} STORAGEUSAGE {ram_t2p array} DISPNAME {bind_storage ram_t2p} VISIBLE true} {BINDTYPE op ID {} IMPL fabric LATENCY 0 OPTYPE add PRAGMA {} RTLNAME add_ln184_fu_443_p2 SOURCE ../gen2/Hls_Layers_UpConv.tpp:184 VARIABLE add_ln184 LOOP {} BUNDLEDNAME {} DSP 0 BRAM 0 URAM 0 STORAGESUBTYPE {} DISPNAME {bind_op add} VISIBLE true} {BINDTYPE op ID {} IMPL fabric LATENCY 0 OPTYPE add PRAGMA {} RTLNAME add_ln186_fu_519_p2 SOURCE ../gen2/Hls_Layers_UpConv.tpp:186 VARIABLE add_ln186 LOOP {} BUNDLEDNAME {} DSP 0 BRAM 0 URAM 0 STORAGESUBTYPE {} DISPNAME {bind_op add} VISIBLE true} {BINDTYPE op ID {} IMPL fabric LATENCY 0 OPTYPE add PRAGMA {} RTLNAME sub16_fu_472_p2 SOURCE ../gen2/Hls_Layers_UpConv.tpp:184 VARIABLE sub16 LOOP {} BUNDLEDNAME {} DSP 0 BRAM 0 URAM 0 STORAGESUBTYPE {} DISPNAME {bind_op add} VISIBLE true} {BINDTYPE op ID {} IMPL auto LATENCY 0 OPTYPE mul PRAGMA {} RTLNAME mul_8ns_5ns_12_1_1_U689 SOURCE ../gen2/Hls_Layers_UpConv.tpp:200 VARIABLE mul_ln200 LOOP {} BUNDLEDNAME {} DSP 0 BRAM 0 URAM 0 STORAGESUBTYPE {} DISPNAME {bind_op mul} VISIBLE true} {BINDTYPE op ID {} IMPL fabric LATENCY 0 OPTYPE add PRAGMA {} RTLNAME sub88_fu_547_p2 SOURCE {} VARIABLE sub88 LOOP {} BUNDLEDNAME {} DSP 0 BRAM 0 URAM 0 STORAGESUBTYPE {} DISPNAME {bind_op add} VISIBLE true} {BINDTYPE op ID {} IMPL auto LATENCY 6 OPTYPE sitofp PRAGMA {} RTLNAME sitofp_32ns_32_7_no_dsp_1_U687 SOURCE {} VARIABLE conv1 LOOP {} BUNDLEDNAME {} DSP 0 BRAM 0 URAM 0 STORAGESUBTYPE {} DISPNAME {bind_op sitofp} VISIBLE false} {BINDTYPE op ID {} IMPL auto LATENCY 1 OPTYPE hptosp PRAGMA {} RTLNAME hptosp_16ns_32_2_no_dsp_1_U688 SOURCE {} VARIABLE conv2 LOOP {} BUNDLEDNAME {} DSP 0 BRAM 0 URAM 0 STORAGESUBTYPE {} DISPNAME {bind_op hptosp} VISIBLE false} {BINDTYPE op ID {} IMPL auto LATENCY 0 OPTYPE mul PRAGMA {} RTLNAME mul_9ns_8ns_16_1_1_U690 SOURCE ../gen2/Hls_Layers_UpConv.tpp:249 VARIABLE mul_ln249 LOOP {} BUNDLEDNAME {} DSP 0 BRAM 0 URAM 0 STORAGESUBTYPE {} DISPNAME {bind_op mul} VISIBLE true} {BINDTYPE op ID {} IMPL auto LATENCY 0 OPTYPE mul PRAGMA {} RTLNAME mul_8ns_8ns_15_1_1_U691 SOURCE {} VARIABLE mul18829 LOOP {} BUNDLEDNAME {} DSP 0 BRAM 0 URAM 0 STORAGESUBTYPE {} DISPNAME {bind_op mul} VISIBLE true} {BINDTYPE storage ID {} IMPL uram LATENCY 1 OPTYPE ram_t2p PRAGMA pragma RTLNAME void_UpConv_Fused_Row_ap_uint_ap_uint_const_ap_uint_const_ap_uint_const_ap_u_9_U SOURCE {} VARIABLE void_UpConv_Fused_Row_ap_uint_ap_uint_const_ap_uint_const_ap_uint_const_ap_u_9 LOOP {} BUNDLEDNAME {} DSP 0 BRAM 0 URAM 2 STORAGESUBTYPE {} STORAGESIZE {16 7680 1} STORAGEUSAGE ram_t2p DISPNAME {bind_storage ram_t2p} VISIBLE true} {BINDTYPE storage ID {} IMPL uram LATENCY 1 OPTYPE ram_t2p PRAGMA pragma RTLNAME void_UpConv_Fused_Row_ap_uint_ap_uint_const_ap_uint_const_ap_uint_const_ap_u_8_U SOURCE {} VARIABLE void_UpConv_Fused_Row_ap_uint_ap_uint_const_ap_uint_const_ap_uint_const_ap_u_8 LOOP {} BUNDLEDNAME {} DSP 0 BRAM 0 URAM 2 STORAGESUBTYPE {} STORAGESIZE {16 7680 1} STORAGEUSAGE ram_t2p DISPNAME {bind_storage ram_t2p} VISIBLE true} {BINDTYPE storage ID {} IMPL uram LATENCY 1 OPTYPE ram_t2p PRAGMA pragma RTLNAME void_UpConv_Fused_Row_ap_uint_ap_uint_const_ap_uint_const_ap_uint_const_ap_u_7_U SOURCE {} VARIABLE void_UpConv_Fused_Row_ap_uint_ap_uint_const_ap_uint_const_ap_uint_const_ap_u_7 LOOP {} BUNDLEDNAME {} DSP 0 BRAM 0 URAM 2 STORAGESUBTYPE {} STORAGESIZE {16 7680 1} STORAGEUSAGE ram_t2p DISPNAME {bind_storage ram_t2p} VISIBLE true} {BINDTYPE storage ID {} IMPL uram LATENCY 1 OPTYPE ram_t2p PRAGMA pragma RTLNAME void_UpConv_Fused_Row_ap_uint_ap_uint_const_ap_uint_const_ap_uint_const_ap_u_6_U SOURCE {} VARIABLE void_UpConv_Fused_Row_ap_uint_ap_uint_const_ap_uint_const_ap_uint_const_ap_u_6 LOOP {} BUNDLEDNAME {} DSP 0 BRAM 0 URAM 2 STORAGESUBTYPE {} STORAGESIZE {16 7680 1} STORAGEUSAGE ram_t2p DISPNAME {bind_storage ram_t2p} VISIBLE true} {BINDTYPE storage ID {} IMPL uram LATENCY 1 OPTYPE ram_t2p PRAGMA pragma RTLNAME void_UpConv_Fused_Row_ap_uint_ap_uint_const_ap_uint_const_ap_uint_const_ap_u_5_U SOURCE {} VARIABLE void_UpConv_Fused_Row_ap_uint_ap_uint_const_ap_uint_const_ap_uint_const_ap_u_5 LOOP {} BUNDLEDNAME {} DSP 0 BRAM 0 URAM 2 STORAGESUBTYPE {} STORAGESIZE {16 7680 1} STORAGEUSAGE ram_t2p DISPNAME {bind_storage ram_t2p} VISIBLE true} {BINDTYPE storage ID {} IMPL uram LATENCY 1 OPTYPE ram_t2p PRAGMA pragma RTLNAME void_UpConv_Fused_Row_ap_uint_ap_uint_const_ap_uint_const_ap_uint_const_ap_u_4_U SOURCE {} VARIABLE void_UpConv_Fused_Row_ap_uint_ap_uint_const_ap_uint_const_ap_uint_const_ap_u_4 LOOP {} BUNDLEDNAME {} DSP 0 BRAM 0 URAM 2 STORAGESUBTYPE {} STORAGESIZE {16 7680 1} STORAGEUSAGE ram_t2p DISPNAME {bind_storage ram_t2p} VISIBLE true} {BINDTYPE storage ID {} IMPL uram LATENCY 1 OPTYPE ram_t2p PRAGMA pragma RTLNAME void_UpConv_Fused_Row_ap_uint_ap_uint_const_ap_uint_const_ap_uint_const_ap_u_3_U SOURCE {} VARIABLE void_UpConv_Fused_Row_ap_uint_ap_uint_const_ap_uint_const_ap_uint_const_ap_u_3 LOOP {} BUNDLEDNAME {} DSP 0 BRAM 0 URAM 2 STORAGESUBTYPE {} STORAGESIZE {16 7680 1} STORAGEUSAGE ram_t2p DISPNAME {bind_storage ram_t2p} VISIBLE true} {BINDTYPE storage ID {} IMPL uram LATENCY 1 OPTYPE ram_t2p PRAGMA pragma RTLNAME void_UpConv_Fused_Row_ap_uint_ap_uint_const_ap_uint_const_ap_uint_const_ap_u_2_U SOURCE {} VARIABLE void_UpConv_Fused_Row_ap_uint_ap_uint_const_ap_uint_const_ap_uint_const_ap_u_2 LOOP {} BUNDLEDNAME {} DSP 0 BRAM 0 URAM 2 STORAGESUBTYPE {} STORAGESIZE {16 7680 1} STORAGEUSAGE ram_t2p DISPNAME {bind_storage ram_t2p} VISIBLE true} {BINDTYPE storage ID {} IMPL uram LATENCY 1 OPTYPE ram_t2p PRAGMA pragma RTLNAME void_UpConv_Fused_Row_ap_uint_ap_uint_const_ap_uint_const_ap_uint_const_ap_u_1_U SOURCE {} VARIABLE void_UpConv_Fused_Row_ap_uint_ap_uint_const_ap_uint_const_ap_uint_const_ap_u_1 LOOP {} BUNDLEDNAME {} DSP 0 BRAM 0 URAM 2 STORAGESUBTYPE {} STORAGESIZE {16 7680 1} STORAGEUSAGE ram_t2p DISPNAME {bind_storage ram_t2p} VISIBLE true} {BINDTYPE storage ID {} IMPL uram LATENCY 1 OPTYPE ram_t2p PRAGMA pragma RTLNAME void_UpConv_Fused_Row_ap_uint_ap_uint_const_ap_uint_const_ap_uint_const_ap_u_U SOURCE {} VARIABLE void_UpConv_Fused_Row_ap_uint_ap_uint_const_ap_uint_const_ap_uint_const_ap_u LOOP {} BUNDLEDNAME {} DSP 0 BRAM 0 URAM 2 STORAGESUBTYPE {} STORAGESIZE {16 7680 1} STORAGEUSAGE ram_t2p DISPNAME {bind_storage ram_t2p} VISIBLE true} {BINDTYPE storage ID {} IMPL uram LATENCY 1 OPTYPE ram_t2p PRAGMA pragma RTLNAME void_UpConv_Fused_Row_8_ap_uint_256_ap_uint_256_const_ap_uint_256_const_ap_uint_256_const_ap_uint_256_const_ap_uint_256_decimal16_int_int_int_int_int_row_acc_U SOURCE {} VARIABLE void_UpConv_Fused_Row_8_ap_uint_256_ap_uint_256_const_ap_uint_256_const_ap_uint_256_const_ap_uint_256_const_ap_uint_256_decimal16_int_int_int_int_int_row_acc LOOP {} BUNDLEDNAME {} DSP 0 BRAM 0 URAM 2 STORAGESUBTYPE {} STORAGESIZE {16 7680 1} STORAGEUSAGE ram_t2p DISPNAME {bind_storage ram_t2p} VISIBLE true} {BINDTYPE storage ID {} IMPL uram LATENCY 1 OPTYPE ram_t2p PRAGMA pragma RTLNAME void_UpConv_Fused_Row_8_ap_uint_256_ap_uint_256_const_ap_uint_256_const_ap_uint_256_const_ap_uint_256_const_ap_uint_256_decimal16_int_int_int_int_int_row_acc_0_U SOURCE {} VARIABLE void_UpConv_Fused_Row_8_ap_uint_256_ap_uint_256_const_ap_uint_256_const_ap_uint_256_const_ap_uint_256_const_ap_uint_256_decimal16_int_int_int_int_int_row_acc_0 LOOP {} BUNDLEDNAME {} DSP 0 BRAM 0 URAM 2 STORAGESUBTYPE {} STORAGESIZE {16 7680 1} STORAGEUSAGE ram_t2p DISPNAME {bind_storage ram_t2p} VISIBLE true} {BINDTYPE storage ID {} IMPL uram LATENCY 1 OPTYPE ram_t2p PRAGMA pragma RTLNAME void_UpConv_Fused_Row_8_ap_uint_256_ap_uint_256_const_ap_uint_256_const_ap_uint_256_const_ap_uint_256_const_ap_uint_256_decimal16_int_int_int_int_int_row_acc_1_U SOURCE {} VARIABLE void_UpConv_Fused_Row_8_ap_uint_256_ap_uint_256_const_ap_uint_256_const_ap_uint_256_const_ap_uint_256_const_ap_uint_256_decimal16_int_int_int_int_int_row_acc_1 LOOP {} BUNDLEDNAME {} DSP 0 BRAM 0 URAM 2 STORAGESUBTYPE {} STORAGESIZE {16 7680 1} STORAGEUSAGE ram_t2p DISPNAME {bind_storage ram_t2p} VISIBLE true} {BINDTYPE storage ID {} IMPL uram LATENCY 1 OPTYPE ram_t2p PRAGMA pragma RTLNAME void_UpConv_Fused_Row_8_ap_uint_256_ap_uint_256_const_ap_uint_256_const_ap_uint_256_const_ap_uint_256_const_ap_uint_256_decimal16_int_int_int_int_int_row_acc_2_U SOURCE {} VARIABLE void_UpConv_Fused_Row_8_ap_uint_256_ap_uint_256_const_ap_uint_256_const_ap_uint_256_const_ap_uint_256_const_ap_uint_256_decimal16_int_int_int_int_int_row_acc_2 LOOP {} BUNDLEDNAME {} DSP 0 BRAM 0 URAM 2 STORAGESUBTYPE {} STORAGESIZE {16 7680 1} STORAGEUSAGE ram_t2p DISPNAME {bind_storage ram_t2p} VISIBLE true} {BINDTYPE storage ID {} IMPL uram LATENCY 1 OPTYPE ram_t2p PRAGMA pragma RTLNAME void_UpConv_Fused_Row_8_ap_uint_256_ap_uint_256_const_ap_uint_256_const_ap_uint_256_const_ap_uint_256_const_ap_uint_256_decimal16_int_int_int_int_int_row_acc_3_U SOURCE {} VARIABLE void_UpConv_Fused_Row_8_ap_uint_256_ap_uint_256_const_ap_uint_256_const_ap_uint_256_const_ap_uint_256_const_ap_uint_256_decimal16_int_int_int_int_int_row_acc_3 LOOP {} BUNDLEDNAME {} DSP 0 BRAM 0 URAM 2 STORAGESUBTYPE {} STORAGESIZE {16 7680 1} STORAGEUSAGE ram_t2p DISPNAME {bind_storage ram_t2p} VISIBLE true} {BINDTYPE storage ID {} IMPL uram LATENCY 1 OPTYPE ram_t2p PRAGMA pragma RTLNAME void_UpConv_Fused_Row_8_ap_uint_256_ap_uint_256_const_ap_uint_256_const_ap_uint_256_const_ap_uint_256_const_ap_uint_256_decimal16_int_int_int_int_int_row_acc_4_U SOURCE {} VARIABLE void_UpConv_Fused_Row_8_ap_uint_256_ap_uint_256_const_ap_uint_256_const_ap_uint_256_const_ap_uint_256_const_ap_uint_256_decimal16_int_int_int_int_int_row_acc_4 LOOP {} BUNDLEDNAME {} DSP 0 BRAM 0 URAM 2 STORAGESUBTYPE {} STORAGESIZE {16 7680 1} STORAGEUSAGE ram_t2p DISPNAME {bind_storage ram_t2p} VISIBLE true} {BINDTYPE storage ID {} IMPL lutram LATENCY 1 OPTYPE ram_2p PRAGMA pragma RTLNAME mean_buf_U SOURCE {} VARIABLE mean_buf LOOP {} BUNDLEDNAME {} DSP 0 BRAM 0 URAM 0 STORAGESUBTYPE {} STORAGESIZE {32 256 1} STORAGEUSAGE ram_2p DISPNAME {bind_storage ram_2p} VISIBLE true} {BINDTYPE storage ID {} IMPL lutram LATENCY 1 OPTYPE ram_2p PRAGMA pragma RTLNAME inv_buf_U SOURCE {} VARIABLE inv_buf LOOP {} BUNDLEDNAME {} DSP 0 BRAM 0 URAM 0 STORAGESUBTYPE {} STORAGESIZE {16 256 1} STORAGEUSAGE ram_2p DISPNAME {bind_storage ram_2p} VISIBLE true}} AREA {DSP 513 BRAM 24 URAM 64}} upconv_core_top_Pipeline_LOAD_ROW_VITIS_LOOP_72_2 {BINDINFO {{BINDTYPE op ID {} IMPL auto LATENCY 0 OPTYPE seteq PRAGMA {} RTLNAME icmp_ln70_fu_168_p2 SOURCE ../gen2/upconv_core_top.cpp:70 VARIABLE icmp_ln70 LOOP LOAD_ROW_VITIS_LOOP_72_2 BUNDLEDNAME {} DSP 0 BRAM 0 URAM 0 STORAGESUBTYPE {} DISPNAME {bind_op seteq} VISIBLE false} {BINDTYPE op ID {} IMPL fabric LATENCY 0 OPTYPE add PRAGMA {} RTLNAME add_ln70_1_fu_174_p2 SOURCE ../gen2/upconv_core_top.cpp:70 VARIABLE add_ln70_1 LOOP LOAD_ROW_VITIS_LOOP_72_2 BUNDLEDNAME {} DSP 0 BRAM 0 URAM 0 STORAGESUBTYPE {} DISPNAME {bind_op add} VISIBLE true} {BINDTYPE op ID {} IMPL fabric LATENCY 0 OPTYPE add PRAGMA {} RTLNAME add_ln70_fu_191_p2 SOURCE ../gen2/upconv_core_top.cpp:70 VARIABLE add_ln70 LOOP LOAD_ROW_VITIS_LOOP_72_2 BUNDLEDNAME {} DSP 0 BRAM 0 URAM 0 STORAGESUBTYPE {} DISPNAME {bind_op add} VISIBLE true} {BINDTYPE op ID {} IMPL auto LATENCY 0 OPTYPE seteq PRAGMA {} RTLNAME icmp_ln72_fu_197_p2 SOURCE ../gen2/upconv_core_top.cpp:72 VARIABLE icmp_ln72 LOOP LOAD_ROW_VITIS_LOOP_72_2 BUNDLEDNAME {} DSP 0 BRAM 0 URAM 0 STORAGESUBTYPE {} DISPNAME {bind_op seteq} VISIBLE false} {BINDTYPE op ID {} IMPL auto_sel LATENCY 0 OPTYPE select PRAGMA {} RTLNAME select_ln70_fu_202_p3 SOURCE ../gen2/upconv_core_top.cpp:70 VARIABLE select_ln70 LOOP LOAD_ROW_VITIS_LOOP_72_2 BUNDLEDNAME {} DSP 0 BRAM 0 URAM 0 STORAGESUBTYPE {} DISPNAME {bind_op select} VISIBLE false} {BINDTYPE op ID {} IMPL auto_sel LATENCY 0 OPTYPE select PRAGMA {} RTLNAME select_ln70_1_fu_210_p3 SOURCE ../gen2/upconv_core_top.cpp:70 VARIABLE select_ln70_1 LOOP LOAD_ROW_VITIS_LOOP_72_2 BUNDLEDNAME {} DSP 0 BRAM 0 URAM 0 STORAGESUBTYPE {} DISPNAME {bind_op select} VISIBLE false} {BINDTYPE op ID {} IMPL dsp_slice LATENCY 3 OPTYPE add PRAGMA {} RTLNAME ama_addmuladd_8ns_8ns_6ns_6ns_11_4_1_U719 SOURCE ../gen2/upconv_core_top.cpp:70 VARIABLE empty LOOP LOAD_ROW_VITIS_LOOP_72_2 BUNDLEDNAME {} DSP 1 BRAM 0 URAM 0 STORAGESUBTYPE {} DISPNAME {bind_op add} VISIBLE true} {BINDTYPE op ID {} IMPL dsp_slice LATENCY 3 OPTYPE zext PRAGMA {} RTLNAME ama_addmuladd_8ns_8ns_6ns_6ns_11_4_1_U719 SOURCE ../gen2/upconv_core_top.cpp:70 VARIABLE p_cast1 LOOP LOAD_ROW_VITIS_LOOP_72_2 BUNDLEDNAME {} DSP 1 BRAM 0 URAM 0 STORAGESUBTYPE {} DISPNAME {bind_op zext} VISIBLE false} {BINDTYPE op ID {} IMPL dsp_slice LATENCY 3 OPTYPE mul PRAGMA {} RTLNAME ama_addmuladd_8ns_8ns_6ns_6ns_11_4_1_U719 SOURCE ../gen2/upconv_core_top.cpp:72 VARIABLE mul_ln72 LOOP LOAD_ROW_VITIS_LOOP_72_2 BUNDLEDNAME {} DSP 1 BRAM 0 URAM 0 STORAGESUBTYPE {} DISPNAME {bind_op mul} VISIBLE true} {BINDTYPE op ID {} IMPL dsp_slice LATENCY 3 OPTYPE add PRAGMA {} RTLNAME ama_addmuladd_8ns_8ns_6ns_6ns_11_4_1_U719 SOURCE ../gen2/upconv_core_top.cpp:75 VARIABLE add_ln75 LOOP LOAD_ROW_VITIS_LOOP_72_2 BUNDLEDNAME {} DSP 1 BRAM 0 URAM 0 STORAGESUBTYPE {} DISPNAME {bind_op add} VISIBLE true} {BINDTYPE op ID {} IMPL fabric LATENCY 0 OPTYPE add PRAGMA {} RTLNAME add_ln72_fu_218_p2 SOURCE ../gen2/upconv_core_top.cpp:72 VARIABLE add_ln72 LOOP LOAD_ROW_VITIS_LOOP_72_2 BUNDLEDNAME {} DSP 0 BRAM 0 URAM 0 STORAGESUBTYPE {} DISPNAME {bind_op add} VISIBLE true}} AREA {DSP 1 BRAM 0 URAM 0}} upconv_core_top {BINDINFO {{BINDTYPE op ID {} IMPL compactencoding_realdef LATENCY 0 OPTYPE sparsemux PRAGMA {} RTLNAME sparsemux_9_32_9_1_1_U728 SOURCE ../gen2/upconv_core_top.cpp:7 VARIABLE c_out LOOP {} BUNDLEDNAME {} DSP 0 BRAM 0 URAM 0 STORAGESUBTYPE {} DISPNAME {bind_op sparsemux} VISIBLE false} {BINDTYPE op ID {} IMPL compactencoding_realdef LATENCY 0 OPTYPE sparsemux PRAGMA {} RTLNAME sparsemux_9_32_10_1_1_U729 SOURCE ../gen2/upconv_core_top.cpp:7 VARIABLE c_in LOOP {} BUNDLEDNAME {} DSP 0 BRAM 0 URAM 0 STORAGESUBTYPE {} DISPNAME {bind_op sparsemux} VISIBLE false} {BINDTYPE op ID {} IMPL compactencoding_realdef LATENCY 0 OPTYPE sparsemux PRAGMA {} RTLNAME sparsemux_9_32_8_1_1_U730 SOURCE ../gen2/upconv_core_top.cpp:56 VARIABLE w_in LOOP {} BUNDLEDNAME {} DSP 0 BRAM 0 URAM 0 STORAGESUBTYPE {} DISPNAME {bind_op sparsemux} VISIBLE false} {BINDTYPE op ID {} IMPL fabric LATENCY 0 OPTYPE add PRAGMA {} RTLNAME add_ln53_fu_445_p2 SOURCE ../gen2/upconv_core_top.cpp:53 VARIABLE add_ln53 LOOP {} BUNDLEDNAME {} DSP 0 BRAM 0 URAM 0 STORAGESUBTYPE {} DISPNAME {bind_op add} VISIBLE true} {BINDTYPE op ID {} IMPL auto LATENCY 0 OPTYPE mul PRAGMA {} RTLNAME mul_6ns_8ns_14_1_1_U731 SOURCE ../gen2/upconv_core_top.cpp:56 VARIABLE mul_ln56 LOOP {} BUNDLEDNAME {} DSP 0 BRAM 0 URAM 0 STORAGESUBTYPE {} DISPNAME {bind_op mul} VISIBLE true} {BINDTYPE op ID {} IMPL auto LATENCY 0 OPTYPE setlt PRAGMA {} RTLNAME icmp_ln67_fu_520_p2 SOURCE ../gen2/upconv_core_top.cpp:67 VARIABLE icmp_ln67 LOOP ROW_LOOP BUNDLEDNAME {} DSP 0 BRAM 0 URAM 0 STORAGESUBTYPE {} DISPNAME {bind_op setlt} VISIBLE false} {BINDTYPE op ID {} IMPL fabric LATENCY 0 OPTYPE add PRAGMA {} RTLNAME add_ln67_1_fu_525_p2 SOURCE ../gen2/upconv_core_top.cpp:67 VARIABLE add_ln67_1 LOOP ROW_LOOP BUNDLEDNAME {} DSP 0 BRAM 0 URAM 0 STORAGESUBTYPE {} DISPNAME {bind_op add} VISIBLE true} {BINDTYPE op ID {} IMPL dsp_slice LATENCY 3 OPTYPE mul PRAGMA {} RTLNAME mac_muladd_14ns_7ns_14ns_20_4_1_U732 SOURCE ../gen2/upconv_core_top.cpp:69 VARIABLE mul_ln69 LOOP ROW_LOOP BUNDLEDNAME {} DSP 1 BRAM 0 URAM 0 STORAGESUBTYPE {} DISPNAME {bind_op mul} VISIBLE true} {BINDTYPE op ID {} IMPL dsp_slice LATENCY 3 OPTYPE add PRAGMA {} RTLNAME mac_muladd_14ns_7ns_14ns_20_4_1_U732 SOURCE ../gen2/upconv_core_top.cpp:69 VARIABLE add_ln69 LOOP ROW_LOOP BUNDLEDNAME {} DSP 1 BRAM 0 URAM 0 STORAGESUBTYPE {} DISPNAME {bind_op add} VISIBLE true} {BINDTYPE op ID {} IMPL fabric LATENCY 0 OPTYPE add PRAGMA {} RTLNAME add_ln69_1_fu_573_p2 SOURCE ../gen2/upconv_core_top.cpp:69 VARIABLE add_ln69_1 LOOP ROW_LOOP BUNDLEDNAME {} DSP 0 BRAM 0 URAM 0 STORAGESUBTYPE {} DISPNAME {bind_op add} VISIBLE true} {BINDTYPE op ID {} IMPL auto_sel LATENCY 0 OPTYPE select PRAGMA {} RTLNAME p_cast_fu_601_p3 SOURCE ../gen2/upconv_core_top.cpp:69 VARIABLE p_cast LOOP ROW_LOOP BUNDLEDNAME {} DSP 0 BRAM 0 URAM 0 STORAGESUBTYPE {} DISPNAME {bind_op select} VISIBLE false} {BINDTYPE op ID {} IMPL auto LATENCY 0 OPTYPE and PRAGMA {} RTLNAME mul50_fu_609_p2 SOURCE ../gen2/upconv_core_top.cpp:56 VARIABLE mul50 LOOP ROW_LOOP BUNDLEDNAME {} DSP 0 BRAM 0 URAM 0 STORAGESUBTYPE {} DISPNAME {bind_op and} VISIBLE false} {BINDTYPE op ID {} IMPL fabric LATENCY 0 OPTYPE add PRAGMA {} RTLNAME add_ln78_fu_620_p2 SOURCE ../gen2/upconv_core_top.cpp:78 VARIABLE add_ln78 LOOP ROW_LOOP BUNDLEDNAME {} DSP 0 BRAM 0 URAM 0 STORAGESUBTYPE {} DISPNAME {bind_op add} VISIBLE true} {BINDTYPE op ID {} IMPL fabric LATENCY 0 OPTYPE add PRAGMA {} RTLNAME add_ln67_fu_535_p2 SOURCE ../gen2/upconv_core_top.cpp:67 VARIABLE add_ln67 LOOP ROW_LOOP BUNDLEDNAME {} DSP 0 BRAM 0 URAM 0 STORAGESUBTYPE {} DISPNAME {bind_op add} VISIBLE true} {BINDTYPE op ID {} IMPL fabric LATENCY 0 OPTYPE add PRAGMA {} RTLNAME add_ln83_fu_556_p2 SOURCE ../gen2/upconv_core_top.cpp:83 VARIABLE add_ln83 LOOP {} BUNDLEDNAME {} DSP 0 BRAM 0 URAM 0 STORAGESUBTYPE {} DISPNAME {bind_op add} VISIBLE true} {BINDTYPE storage ID {} IMPL uram LATENCY 1 OPTYPE ram_t2p PRAGMA pragma RTLNAME x_buf_U SOURCE {} VARIABLE x_buf LOOP {} BUNDLEDNAME {} DSP 0 BRAM 0 URAM 4 STORAGESUBTYPE {} STORAGESIZE {256 2048 1} STORAGEUSAGE ram_t2p DISPNAME {bind_storage ram_t2p} VISIBLE true}} AREA {DSP 516 BRAM 84 URAM 68}} entry_proc {AREA {DSP 0 BRAM 0 URAM 0}} dataflow_parent_loop_proc {AREA {DSP 337 BRAM 0 URAM 32}}}}'
INFO-FLOW: DBG:PUTS:      update_csynth_reports json2rpt_hw_sw_interfaces
Execute       send_msg_by_id INFO @200-1603@%s  and missed bursts 
INFO: [HLS 200-1603] Design has inferred MAXI bursts and missed bursts, see Vitis HLS GUI synthesis summary report for detailed information.
INFO-FLOW: Running: gen_csynth_sec_pragma
INFO-FLOW: Done: gen_csynth_sec_pragma time: 0 seconds per iteration
INFO-FLOW: DBG:PUTS:      update_csynth_reports wrote xml
INFO-FLOW: DBG:PUTS:      update_csynth_reports appended to csynth rpt file
INFO: [HLS 200-111] Finished Updating report files: CPU user time: 1.2 seconds. CPU system time: 0.02 seconds. Elapsed time: 1.23 seconds; current allocated memory: 668.473 MB.
INFO: [VHDL 208-304] Generating VHDL RTL for upconv_core_top.
INFO: [VLOG 209-307] Generating Verilog RTL for upconv_core_top.
Execute       syn_report -model upconv_core_top -printsummary 
INFO: [HLS 200-790] **** Loop Constraint Status: All loop constraints were satisfied.
INFO: [HLS 200-789] **** Estimated Fmax: 308.74 MHz
Command     autosyn done; 7.06 sec.
Command   csynth_design done; 28.19 sec.
Execute   close_project 
Execute     close_solution 
Execute       cleanup_all 
Execute       cleanup_all 
