

================================================================
== Vitis HLS Report for 'dataflow_in_loop_TILE_LOOP_1'
================================================================
* Date:           Thu Jun 18 11:21:24 2026

* Version:        2024.2 (Build 5238294 on Nov  8 2024)
* Project:        upconv_core_top
* Solution:       hls (Vivado IP Flow Target)
* Product family: zynquplus
* Target device:  xczu7ev-ffvc1156-2-e


================================================================
== Performance Estimates
================================================================
+ Timing: 
    * Summary: 
    +--------+---------+----------+------------+
    |  Clock |  Target | Estimated| Uncertainty|
    +--------+---------+----------+------------+
    |ap_clk  |  3.33 ns|  3.195 ns|     0.90 ns|
    +--------+---------+----------+------------+

+ Latency: 
    * Summary: 
    +---------+---------+----------+----------+-----+-------+----------+
    |  Latency (cycles) |  Latency (absolute) |   Interval  | Pipeline |
    |   min   |   max   |    min   |    max   | min |  max  |   Type   |
    +---------+---------+----------+----------+-----+-------+----------+
    |       43|    73933|  0.143 us|  0.246 ms|   34|  69484|  dataflow|
    +---------+---------+----------+----------+-----+-------+----------+

    + Detail: 
        * Instance: 
        +------------------------+---------------------+---------+---------+-----------+-----------+-----+-------+---------+
        |                        |                     |  Latency (cycles) |   Latency (absolute)  |   Interval  | Pipeline|
        |        Instance        |        Module       |   min   |   max   |    min    |    max    | min |  max  |   Type  |
        +------------------------+---------------------+---------+---------+-----------+-----------+-----+-------+---------+
        |uc_load_tile_8_2_U0     |uc_load_tile_8_2     |       33|     4449|   0.110 us|  14.829 us|   33|   4449|       no|
        |entry_proc_U0           |entry_proc           |        0|        0|       0 ns|       0 ns|    0|      0|       no|
        |uc_compute_tile_8_3_U0  |uc_compute_tile_8_3  |        9|    69483|  29.997 ns|   0.232 ms|    9|  69483|       no|
        +------------------------+---------------------+---------+---------+-----------+-----------+-----+-------+---------+

        * Loop: 
        N/A



================================================================
== Utilization Estimates
================================================================
* Summary: 
+-----------------+---------+------+--------+--------+-----+
|       Name      | BRAM_18K|  DSP |   FF   |   LUT  | URAM|
+-----------------+---------+------+--------+--------+-----+
|DSP              |        -|     -|       -|       -|    -|
|Expression       |        -|     -|       0|      24|    -|
|FIFO             |        -|     -|     594|     402|    -|
|Instance         |        -|   337|   51058|   48654|    -|
|Memory           |        -|     -|       0|       0|   32|
|Multiplexer      |        -|     -|       0|      45|    -|
|Register         |        -|     -|       5|       -|    -|
+-----------------+---------+------+--------+--------+-----+
|Total            |        0|   337|   51657|   49125|   32|
+-----------------+---------+------+--------+--------+-----+
|Available        |      624|  1728|  460800|  230400|   96|
+-----------------+---------+------+--------+--------+-----+
|Utilization (%)  |        0|    19|      11|      21|   33|
+-----------------+---------+------+--------+--------+-----+

+ Detail: 
    * Instance: 
    +------------------------+---------------------+---------+-----+-------+-------+-----+
    |        Instance        |        Module       | BRAM_18K| DSP |   FF  |  LUT  | URAM|
    +------------------------+---------------------+---------+-----+-------+-------+-----+
    |entry_proc_U0           |entry_proc           |        0|    0|      2|     38|    0|
    |uc_compute_tile_8_3_U0  |uc_compute_tile_8_3  |        0|  336|  50452|  47878|    0|
    |uc_load_tile_8_2_U0     |uc_load_tile_8_2     |        0|    1|    604|    738|    0|
    +------------------------+---------------------+---------+-----+-------+-------+-----+
    |Total                   |                     |        0|  337|  51058|  48654|    0|
    +------------------------+---------------------+---------+-----+-------+-------+-----+

    * DSP: 
    N/A

    * Memory: 
    +----------+-----------------------------------------------------+---------+---+----+-----+------+-----+------+-------------+
    |  Memory  |                        Module                       | BRAM_18K| FF| LUT| URAM| Words| Bits| Banks| W*Bits*Banks|
    +----------+-----------------------------------------------------+---------+---+----+-----+------+-----+------+-------------+
    |wbuf_U    |dataflow_in_loop_TILE_LOOP_1_wbuf_RAM_T2P_URAM_1R1W  |        0|  0|   0|    4|   540|  256|     1|       138240|
    |wbuf_1_U  |dataflow_in_loop_TILE_LOOP_1_wbuf_RAM_T2P_URAM_1R1W  |        0|  0|   0|    4|   540|  256|     1|       138240|
    |wbuf_2_U  |dataflow_in_loop_TILE_LOOP_1_wbuf_RAM_T2P_URAM_1R1W  |        0|  0|   0|    4|   540|  256|     1|       138240|
    |wbuf_3_U  |dataflow_in_loop_TILE_LOOP_1_wbuf_RAM_T2P_URAM_1R1W  |        0|  0|   0|    4|   540|  256|     1|       138240|
    |wbuf_4_U  |dataflow_in_loop_TILE_LOOP_1_wbuf_RAM_T2P_URAM_1R1W  |        0|  0|   0|    4|   540|  256|     1|       138240|
    |wbuf_5_U  |dataflow_in_loop_TILE_LOOP_1_wbuf_RAM_T2P_URAM_1R1W  |        0|  0|   0|    4|   540|  256|     1|       138240|
    |wbuf_6_U  |dataflow_in_loop_TILE_LOOP_1_wbuf_RAM_T2P_URAM_1R1W  |        0|  0|   0|    4|   540|  256|     1|       138240|
    |wbuf_7_U  |dataflow_in_loop_TILE_LOOP_1_wbuf_RAM_T2P_URAM_1R1W  |        0|  0|   0|    4|   540|  256|     1|       138240|
    +----------+-----------------------------------------------------+---------+---+----+-----+------+-----+------+-------------+
    |Total     |                                                     |        0|  0|   0|   32|  4320| 2048|     8|      1105920|
    +----------+-----------------------------------------------------+---------+---+----+-----+------+-----+------+-------------+

    * FIFO: 
    +-------------------+---------+----+----+-----+------+-----+---------+
    |        Name       | BRAM_18K| FF | LUT| URAM| Depth| Bits| Size:D*B|
    +-------------------+---------+----+----+-----+------+-----+---------+
    |C_IN_c_channel_U   |        0|  99|   0|    -|     2|   10|       20|
    |C_OUT_c_channel_U  |        0|  99|   0|    -|     2|    9|       18|
    |H_IN_c_U           |        0|  99|   0|    -|     3|    8|       24|
    |W_IN_c_U           |        0|  99|   0|    -|     3|    8|       24|
    |ho_c_U             |        0|  99|   0|    -|     3|    8|       24|
    |tile_c_channel_U   |        0|  99|   0|    -|     2|    6|       12|
    +-------------------+---------+----+----+-----+------+-----+---------+
    |Total              |        0| 594|   0|    0|    15|   49|      122|
    +-------------------+---------+----+----+-----+------+-----+---------+

    * Expression: 
    +-----------------------------------------+----------+----+---+----+------------+------------+
    |              Variable Name              | Operation| DSP| FF| LUT| Bitwidth P0| Bitwidth P1|
    +-----------------------------------------+----------+----+---+----+------------+------------+
    |ap_channel_done_C_IN_c_channel           |       and|   0|  0|   2|           1|           1|
    |ap_channel_done_wbuf                     |       and|   0|  0|   2|           1|           1|
    |ap_idle                                  |       and|   0|  0|   2|           1|           1|
    |ap_sync_ready                            |       and|   0|  0|   2|           1|           1|
    |entry_proc_U0_ap_start                   |       and|   0|  0|   2|           1|           1|
    |uc_compute_tile_8_3_U0_ap_start          |       and|   0|  0|   2|           1|           1|
    |uc_load_tile_8_2_U0_ap_start             |       and|   0|  0|   2|           1|           1|
    |ap_sync_channel_write_C_IN_c_channel     |        or|   0|  0|   2|           1|           1|
    |ap_sync_channel_write_wbuf               |        or|   0|  0|   2|           1|           1|
    |ap_sync_entry_proc_U0_ap_ready           |        or|   0|  0|   2|           1|           1|
    |ap_sync_uc_compute_tile_8_3_U0_ap_ready  |        or|   0|  0|   2|           1|           1|
    |ap_sync_uc_load_tile_8_2_U0_ap_ready     |        or|   0|  0|   2|           1|           1|
    +-----------------------------------------+----------+----+---+----+------------+------------+
    |Total                                    |          |   0|  0|  24|          12|          12|
    +-----------------------------------------+----------+----+---+----+------------+------------+

    * Multiplexer: 
    +---------------------------------------------+----+-----------+-----+-----------+
    |                     Name                    | LUT| Input Size| Bits| Total Bits|
    +---------------------------------------------+----+-----------+-----+-----------+
    |ap_sync_reg_channel_write_C_IN_c_channel     |   9|          2|    1|          2|
    |ap_sync_reg_channel_write_wbuf               |   9|          2|    1|          2|
    |ap_sync_reg_entry_proc_U0_ap_ready           |   9|          2|    1|          2|
    |ap_sync_reg_uc_compute_tile_8_3_U0_ap_ready  |   9|          2|    1|          2|
    |ap_sync_reg_uc_load_tile_8_2_U0_ap_ready     |   9|          2|    1|          2|
    +---------------------------------------------+----+-----------+-----+-----------+
    |Total                                        |  45|         10|    5|         10|
    +---------------------------------------------+----+-----------+-----+-----------+

    * Register: 
    +---------------------------------------------+---+----+-----+-----------+
    |                     Name                    | FF| LUT| Bits| Const Bits|
    +---------------------------------------------+---+----+-----+-----------+
    |ap_sync_reg_channel_write_C_IN_c_channel     |  1|   0|    1|          0|
    |ap_sync_reg_channel_write_wbuf               |  1|   0|    1|          0|
    |ap_sync_reg_entry_proc_U0_ap_ready           |  1|   0|    1|          0|
    |ap_sync_reg_uc_compute_tile_8_3_U0_ap_ready  |  1|   0|    1|          0|
    |ap_sync_reg_uc_load_tile_8_2_U0_ap_ready     |  1|   0|    1|          0|
    +---------------------------------------------+---+----+-----+-----------+
    |Total                                        |  5|   0|    5|          0|
    +---------------------------------------------+---+----+-----+-----------+



================================================================
== Interface
================================================================
* Summary: 
+--------------------------------------------------------------------------------------------------------------------------------------------------------------------------+-----+-----+------------+-----------------------------------------------------------------------------------------------------------------------------------------------------------------+--------------+
|                                                                                 RTL Ports                                                                                | Dir | Bits|  Protocol  |                                                                          Source Object                                                                          |    C Type    |
+--------------------------------------------------------------------------------------------------------------------------------------------------------------------------+-----+-----+------------+-----------------------------------------------------------------------------------------------------------------------------------------------------------------+--------------+
|ap_clk                                                                                                                                                                    |   in|    1|  ap_ctrl_hs|                                                                                                                                     dataflow_in_loop_TILE_LOOP.1|  return value|
|ap_rst                                                                                                                                                                    |   in|    1|  ap_ctrl_hs|                                                                                                                                     dataflow_in_loop_TILE_LOOP.1|  return value|
|ap_start                                                                                                                                                                  |   in|    1|  ap_ctrl_hs|                                                                                                                                     dataflow_in_loop_TILE_LOOP.1|  return value|
|ap_done                                                                                                                                                                   |  out|    1|  ap_ctrl_hs|                                                                                                                                     dataflow_in_loop_TILE_LOOP.1|  return value|
|ap_ready                                                                                                                                                                  |  out|    1|  ap_ctrl_hs|                                                                                                                                     dataflow_in_loop_TILE_LOOP.1|  return value|
|ap_idle                                                                                                                                                                   |  out|    1|  ap_ctrl_hs|                                                                                                                                     dataflow_in_loop_TILE_LOOP.1|  return value|
|ap_continue                                                                                                                                                               |   in|    1|  ap_ctrl_hs|                                                                                                                                     dataflow_in_loop_TILE_LOOP.1|  return value|
|m_axi_gmem_weight_0_AWVALID                                                                                                                                               |  out|    1|       m_axi|                                                                                                                                                      gmem_weight|       pointer|
|m_axi_gmem_weight_0_AWREADY                                                                                                                                               |   in|    1|       m_axi|                                                                                                                                                      gmem_weight|       pointer|
|m_axi_gmem_weight_0_AWADDR                                                                                                                                                |  out|   64|       m_axi|                                                                                                                                                      gmem_weight|       pointer|
|m_axi_gmem_weight_0_AWID                                                                                                                                                  |  out|    1|       m_axi|                                                                                                                                                      gmem_weight|       pointer|
|m_axi_gmem_weight_0_AWLEN                                                                                                                                                 |  out|   32|       m_axi|                                                                                                                                                      gmem_weight|       pointer|
|m_axi_gmem_weight_0_AWSIZE                                                                                                                                                |  out|    3|       m_axi|                                                                                                                                                      gmem_weight|       pointer|
|m_axi_gmem_weight_0_AWBURST                                                                                                                                               |  out|    2|       m_axi|                                                                                                                                                      gmem_weight|       pointer|
|m_axi_gmem_weight_0_AWLOCK                                                                                                                                                |  out|    2|       m_axi|                                                                                                                                                      gmem_weight|       pointer|
|m_axi_gmem_weight_0_AWCACHE                                                                                                                                               |  out|    4|       m_axi|                                                                                                                                                      gmem_weight|       pointer|
|m_axi_gmem_weight_0_AWPROT                                                                                                                                                |  out|    3|       m_axi|                                                                                                                                                      gmem_weight|       pointer|
|m_axi_gmem_weight_0_AWQOS                                                                                                                                                 |  out|    4|       m_axi|                                                                                                                                                      gmem_weight|       pointer|
|m_axi_gmem_weight_0_AWREGION                                                                                                                                              |  out|    4|       m_axi|                                                                                                                                                      gmem_weight|       pointer|
|m_axi_gmem_weight_0_AWUSER                                                                                                                                                |  out|    1|       m_axi|                                                                                                                                                      gmem_weight|       pointer|
|m_axi_gmem_weight_0_WVALID                                                                                                                                                |  out|    1|       m_axi|                                                                                                                                                      gmem_weight|       pointer|
|m_axi_gmem_weight_0_WREADY                                                                                                                                                |   in|    1|       m_axi|                                                                                                                                                      gmem_weight|       pointer|
|m_axi_gmem_weight_0_WDATA                                                                                                                                                 |  out|  256|       m_axi|                                                                                                                                                      gmem_weight|       pointer|
|m_axi_gmem_weight_0_WSTRB                                                                                                                                                 |  out|   32|       m_axi|                                                                                                                                                      gmem_weight|       pointer|
|m_axi_gmem_weight_0_WLAST                                                                                                                                                 |  out|    1|       m_axi|                                                                                                                                                      gmem_weight|       pointer|
|m_axi_gmem_weight_0_WID                                                                                                                                                   |  out|    1|       m_axi|                                                                                                                                                      gmem_weight|       pointer|
|m_axi_gmem_weight_0_WUSER                                                                                                                                                 |  out|    1|       m_axi|                                                                                                                                                      gmem_weight|       pointer|
|m_axi_gmem_weight_0_ARVALID                                                                                                                                               |  out|    1|       m_axi|                                                                                                                                                      gmem_weight|       pointer|
|m_axi_gmem_weight_0_ARREADY                                                                                                                                               |   in|    1|       m_axi|                                                                                                                                                      gmem_weight|       pointer|
|m_axi_gmem_weight_0_ARADDR                                                                                                                                                |  out|   64|       m_axi|                                                                                                                                                      gmem_weight|       pointer|
|m_axi_gmem_weight_0_ARID                                                                                                                                                  |  out|    1|       m_axi|                                                                                                                                                      gmem_weight|       pointer|
|m_axi_gmem_weight_0_ARLEN                                                                                                                                                 |  out|   32|       m_axi|                                                                                                                                                      gmem_weight|       pointer|
|m_axi_gmem_weight_0_ARSIZE                                                                                                                                                |  out|    3|       m_axi|                                                                                                                                                      gmem_weight|       pointer|
|m_axi_gmem_weight_0_ARBURST                                                                                                                                               |  out|    2|       m_axi|                                                                                                                                                      gmem_weight|       pointer|
|m_axi_gmem_weight_0_ARLOCK                                                                                                                                                |  out|    2|       m_axi|                                                                                                                                                      gmem_weight|       pointer|
|m_axi_gmem_weight_0_ARCACHE                                                                                                                                               |  out|    4|       m_axi|                                                                                                                                                      gmem_weight|       pointer|
|m_axi_gmem_weight_0_ARPROT                                                                                                                                                |  out|    3|       m_axi|                                                                                                                                                      gmem_weight|       pointer|
|m_axi_gmem_weight_0_ARQOS                                                                                                                                                 |  out|    4|       m_axi|                                                                                                                                                      gmem_weight|       pointer|
|m_axi_gmem_weight_0_ARREGION                                                                                                                                              |  out|    4|       m_axi|                                                                                                                                                      gmem_weight|       pointer|
|m_axi_gmem_weight_0_ARUSER                                                                                                                                                |  out|    1|       m_axi|                                                                                                                                                      gmem_weight|       pointer|
|m_axi_gmem_weight_0_RVALID                                                                                                                                                |   in|    1|       m_axi|                                                                                                                                                      gmem_weight|       pointer|
|m_axi_gmem_weight_0_RREADY                                                                                                                                                |  out|    1|       m_axi|                                                                                                                                                      gmem_weight|       pointer|
|m_axi_gmem_weight_0_RDATA                                                                                                                                                 |   in|  256|       m_axi|                                                                                                                                                      gmem_weight|       pointer|
|m_axi_gmem_weight_0_RLAST                                                                                                                                                 |   in|    1|       m_axi|                                                                                                                                                      gmem_weight|       pointer|
|m_axi_gmem_weight_0_RID                                                                                                                                                   |   in|    1|       m_axi|                                                                                                                                                      gmem_weight|       pointer|
|m_axi_gmem_weight_0_RFIFONUM                                                                                                                                              |   in|   11|       m_axi|                                                                                                                                                      gmem_weight|       pointer|
|m_axi_gmem_weight_0_RUSER                                                                                                                                                 |   in|    1|       m_axi|                                                                                                                                                      gmem_weight|       pointer|
|m_axi_gmem_weight_0_RRESP                                                                                                                                                 |   in|    2|       m_axi|                                                                                                                                                      gmem_weight|       pointer|
|m_axi_gmem_weight_0_BVALID                                                                                                                                                |   in|    1|       m_axi|                                                                                                                                                      gmem_weight|       pointer|
|m_axi_gmem_weight_0_BREADY                                                                                                                                                |  out|    1|       m_axi|                                                                                                                                                      gmem_weight|       pointer|
|m_axi_gmem_weight_0_BRESP                                                                                                                                                 |   in|    2|       m_axi|                                                                                                                                                      gmem_weight|       pointer|
|m_axi_gmem_weight_0_BID                                                                                                                                                   |   in|    1|       m_axi|                                                                                                                                                      gmem_weight|       pointer|
|m_axi_gmem_weight_0_BUSER                                                                                                                                                 |   in|    1|       m_axi|                                                                                                                                                      gmem_weight|       pointer|
|W_ptr                                                                                                                                                                     |   in|   64|     ap_none|                                                                                                                                                            W_ptr|        scalar|
|W_ptr_ap_vld                                                                                                                                                              |   in|    1|     ap_none|                                                                                                                                                            W_ptr|        scalar|
|tile                                                                                                                                                                      |   in|    6|     ap_none|                                                                                                                                                             tile|        scalar|
|tile_ap_vld                                                                                                                                                               |   in|    1|     ap_none|                                                                                                                                                             tile|        scalar|
|C_OUT                                                                                                                                                                     |   in|    9|     ap_none|                                                                                                                                                            C_OUT|        scalar|
|C_OUT_ap_vld                                                                                                                                                              |   in|    1|     ap_none|                                                                                                                                                            C_OUT|        scalar|
|C_IN                                                                                                                                                                      |   in|   10|     ap_none|                                                                                                                                                             C_IN|        scalar|
|C_IN_ap_vld                                                                                                                                                               |   in|    1|     ap_none|                                                                                                                                                             C_IN|        scalar|
|ho                                                                                                                                                                        |   in|    8|     ap_none|                                                                                                                                                               ho|        scalar|
|ho_ap_vld                                                                                                                                                                 |   in|    1|     ap_none|                                                                                                                                                               ho|        scalar|
|H_IN                                                                                                                                                                      |   in|    8|     ap_none|                                                                                                                                                             H_IN|        scalar|
|H_IN_ap_vld                                                                                                                                                               |   in|    1|     ap_none|                                                                                                                                                             H_IN|        scalar|
|W_IN                                                                                                                                                                      |   in|    8|     ap_none|                                                                                                                                                             W_IN|        scalar|
|W_IN_ap_vld                                                                                                                                                               |   in|    1|     ap_none|                                                                                                                                                             W_IN|        scalar|
|x_buf_address0                                                                                                                                                            |  out|   11|   ap_memory|                                                                                                                                                            x_buf|         array|
|x_buf_ce0                                                                                                                                                                 |  out|    1|   ap_memory|                                                                                                                                                            x_buf|         array|
|x_buf_d0                                                                                                                                                                  |  out|  256|   ap_memory|                                                                                                                                                            x_buf|         array|
|x_buf_q0                                                                                                                                                                  |   in|  256|   ap_memory|                                                                                                                                                            x_buf|         array|
|x_buf_we0                                                                                                                                                                 |  out|    1|   ap_memory|                                                                                                                                                            x_buf|         array|
|x_buf_address1                                                                                                                                                            |  out|   11|   ap_memory|                                                                                                                                                            x_buf|         array|
|x_buf_ce1                                                                                                                                                                 |  out|    1|   ap_memory|                                                                                                                                                            x_buf|         array|
|x_buf_d1                                                                                                                                                                  |  out|  256|   ap_memory|                                                                                                                                                            x_buf|         array|
|x_buf_q1                                                                                                                                                                  |   in|  256|   ap_memory|                                                                                                                                                            x_buf|         array|
|x_buf_we1                                                                                                                                                                 |  out|    1|   ap_memory|                                                                                                                                                            x_buf|         array|
|void_UpConv_Fused_Row_ap_uint_ap_uint_const_ap_uint_const_ap_uint_const_ap_u_9_address0                                                                                   |  out|   13|   ap_memory|                                                                                   void_UpConv_Fused_Row_ap_uint_ap_uint_const_ap_uint_const_ap_uint_const_ap_u_9|         array|
|void_UpConv_Fused_Row_ap_uint_ap_uint_const_ap_uint_const_ap_uint_const_ap_u_9_ce0                                                                                        |  out|    1|   ap_memory|                                                                                   void_UpConv_Fused_Row_ap_uint_ap_uint_const_ap_uint_const_ap_uint_const_ap_u_9|         array|
|void_UpConv_Fused_Row_ap_uint_ap_uint_const_ap_uint_const_ap_uint_const_ap_u_9_d0                                                                                         |  out|   16|   ap_memory|                                                                                   void_UpConv_Fused_Row_ap_uint_ap_uint_const_ap_uint_const_ap_uint_const_ap_u_9|         array|
|void_UpConv_Fused_Row_ap_uint_ap_uint_const_ap_uint_const_ap_uint_const_ap_u_9_q0                                                                                         |   in|   16|   ap_memory|                                                                                   void_UpConv_Fused_Row_ap_uint_ap_uint_const_ap_uint_const_ap_uint_const_ap_u_9|         array|
|void_UpConv_Fused_Row_ap_uint_ap_uint_const_ap_uint_const_ap_uint_const_ap_u_9_we0                                                                                        |  out|    1|   ap_memory|                                                                                   void_UpConv_Fused_Row_ap_uint_ap_uint_const_ap_uint_const_ap_uint_const_ap_u_9|         array|
|void_UpConv_Fused_Row_ap_uint_ap_uint_const_ap_uint_const_ap_uint_const_ap_u_9_address1                                                                                   |  out|   13|   ap_memory|                                                                                   void_UpConv_Fused_Row_ap_uint_ap_uint_const_ap_uint_const_ap_uint_const_ap_u_9|         array|
|void_UpConv_Fused_Row_ap_uint_ap_uint_const_ap_uint_const_ap_uint_const_ap_u_9_ce1                                                                                        |  out|    1|   ap_memory|                                                                                   void_UpConv_Fused_Row_ap_uint_ap_uint_const_ap_uint_const_ap_uint_const_ap_u_9|         array|
|void_UpConv_Fused_Row_ap_uint_ap_uint_const_ap_uint_const_ap_uint_const_ap_u_9_d1                                                                                         |  out|   16|   ap_memory|                                                                                   void_UpConv_Fused_Row_ap_uint_ap_uint_const_ap_uint_const_ap_uint_const_ap_u_9|         array|
|void_UpConv_Fused_Row_ap_uint_ap_uint_const_ap_uint_const_ap_uint_const_ap_u_9_q1                                                                                         |   in|   16|   ap_memory|                                                                                   void_UpConv_Fused_Row_ap_uint_ap_uint_const_ap_uint_const_ap_uint_const_ap_u_9|         array|
|void_UpConv_Fused_Row_ap_uint_ap_uint_const_ap_uint_const_ap_uint_const_ap_u_9_we1                                                                                        |  out|    1|   ap_memory|                                                                                   void_UpConv_Fused_Row_ap_uint_ap_uint_const_ap_uint_const_ap_uint_const_ap_u_9|         array|
|void_UpConv_Fused_Row_ap_uint_ap_uint_const_ap_uint_const_ap_uint_const_ap_u_1_address0                                                                                   |  out|   13|   ap_memory|                                                                                   void_UpConv_Fused_Row_ap_uint_ap_uint_const_ap_uint_const_ap_uint_const_ap_u_1|         array|
|void_UpConv_Fused_Row_ap_uint_ap_uint_const_ap_uint_const_ap_uint_const_ap_u_1_ce0                                                                                        |  out|    1|   ap_memory|                                                                                   void_UpConv_Fused_Row_ap_uint_ap_uint_const_ap_uint_const_ap_uint_const_ap_u_1|         array|
|void_UpConv_Fused_Row_ap_uint_ap_uint_const_ap_uint_const_ap_uint_const_ap_u_1_d0                                                                                         |  out|   16|   ap_memory|                                                                                   void_UpConv_Fused_Row_ap_uint_ap_uint_const_ap_uint_const_ap_uint_const_ap_u_1|         array|
|void_UpConv_Fused_Row_ap_uint_ap_uint_const_ap_uint_const_ap_uint_const_ap_u_1_q0                                                                                         |   in|   16|   ap_memory|                                                                                   void_UpConv_Fused_Row_ap_uint_ap_uint_const_ap_uint_const_ap_uint_const_ap_u_1|         array|
|void_UpConv_Fused_Row_ap_uint_ap_uint_const_ap_uint_const_ap_uint_const_ap_u_1_we0                                                                                        |  out|    1|   ap_memory|                                                                                   void_UpConv_Fused_Row_ap_uint_ap_uint_const_ap_uint_const_ap_uint_const_ap_u_1|         array|
|void_UpConv_Fused_Row_ap_uint_ap_uint_const_ap_uint_const_ap_uint_const_ap_u_1_address1                                                                                   |  out|   13|   ap_memory|                                                                                   void_UpConv_Fused_Row_ap_uint_ap_uint_const_ap_uint_const_ap_uint_const_ap_u_1|         array|
|void_UpConv_Fused_Row_ap_uint_ap_uint_const_ap_uint_const_ap_uint_const_ap_u_1_ce1                                                                                        |  out|    1|   ap_memory|                                                                                   void_UpConv_Fused_Row_ap_uint_ap_uint_const_ap_uint_const_ap_uint_const_ap_u_1|         array|
|void_UpConv_Fused_Row_ap_uint_ap_uint_const_ap_uint_const_ap_uint_const_ap_u_1_d1                                                                                         |  out|   16|   ap_memory|                                                                                   void_UpConv_Fused_Row_ap_uint_ap_uint_const_ap_uint_const_ap_uint_const_ap_u_1|         array|
|void_UpConv_Fused_Row_ap_uint_ap_uint_const_ap_uint_const_ap_uint_const_ap_u_1_q1                                                                                         |   in|   16|   ap_memory|                                                                                   void_UpConv_Fused_Row_ap_uint_ap_uint_const_ap_uint_const_ap_uint_const_ap_u_1|         array|
|void_UpConv_Fused_Row_ap_uint_ap_uint_const_ap_uint_const_ap_uint_const_ap_u_1_we1                                                                                        |  out|    1|   ap_memory|                                                                                   void_UpConv_Fused_Row_ap_uint_ap_uint_const_ap_uint_const_ap_uint_const_ap_u_1|         array|
|void_UpConv_Fused_Row_ap_uint_ap_uint_const_ap_uint_const_ap_uint_const_ap_u_8_address0                                                                                   |  out|   13|   ap_memory|                                                                                   void_UpConv_Fused_Row_ap_uint_ap_uint_const_ap_uint_const_ap_uint_const_ap_u_8|         array|
|void_UpConv_Fused_Row_ap_uint_ap_uint_const_ap_uint_const_ap_uint_const_ap_u_8_ce0                                                                                        |  out|    1|   ap_memory|                                                                                   void_UpConv_Fused_Row_ap_uint_ap_uint_const_ap_uint_const_ap_uint_const_ap_u_8|         array|
|void_UpConv_Fused_Row_ap_uint_ap_uint_const_ap_uint_const_ap_uint_const_ap_u_8_d0                                                                                         |  out|   16|   ap_memory|                                                                                   void_UpConv_Fused_Row_ap_uint_ap_uint_const_ap_uint_const_ap_uint_const_ap_u_8|         array|
|void_UpConv_Fused_Row_ap_uint_ap_uint_const_ap_uint_const_ap_uint_const_ap_u_8_q0                                                                                         |   in|   16|   ap_memory|                                                                                   void_UpConv_Fused_Row_ap_uint_ap_uint_const_ap_uint_const_ap_uint_const_ap_u_8|         array|
|void_UpConv_Fused_Row_ap_uint_ap_uint_const_ap_uint_const_ap_uint_const_ap_u_8_we0                                                                                        |  out|    1|   ap_memory|                                                                                   void_UpConv_Fused_Row_ap_uint_ap_uint_const_ap_uint_const_ap_uint_const_ap_u_8|         array|
|void_UpConv_Fused_Row_ap_uint_ap_uint_const_ap_uint_const_ap_uint_const_ap_u_8_address1                                                                                   |  out|   13|   ap_memory|                                                                                   void_UpConv_Fused_Row_ap_uint_ap_uint_const_ap_uint_const_ap_uint_const_ap_u_8|         array|
|void_UpConv_Fused_Row_ap_uint_ap_uint_const_ap_uint_const_ap_uint_const_ap_u_8_ce1                                                                                        |  out|    1|   ap_memory|                                                                                   void_UpConv_Fused_Row_ap_uint_ap_uint_const_ap_uint_const_ap_uint_const_ap_u_8|         array|
|void_UpConv_Fused_Row_ap_uint_ap_uint_const_ap_uint_const_ap_uint_const_ap_u_8_d1                                                                                         |  out|   16|   ap_memory|                                                                                   void_UpConv_Fused_Row_ap_uint_ap_uint_const_ap_uint_const_ap_uint_const_ap_u_8|         array|
|void_UpConv_Fused_Row_ap_uint_ap_uint_const_ap_uint_const_ap_uint_const_ap_u_8_q1                                                                                         |   in|   16|   ap_memory|                                                                                   void_UpConv_Fused_Row_ap_uint_ap_uint_const_ap_uint_const_ap_uint_const_ap_u_8|         array|
|void_UpConv_Fused_Row_ap_uint_ap_uint_const_ap_uint_const_ap_uint_const_ap_u_8_we1                                                                                        |  out|    1|   ap_memory|                                                                                   void_UpConv_Fused_Row_ap_uint_ap_uint_const_ap_uint_const_ap_uint_const_ap_u_8|         array|
|void_UpConv_Fused_Row_ap_uint_ap_uint_const_ap_uint_const_ap_uint_const_ap_u_address0                                                                                     |  out|   13|   ap_memory|                                                                                     void_UpConv_Fused_Row_ap_uint_ap_uint_const_ap_uint_const_ap_uint_const_ap_u|         array|
|void_UpConv_Fused_Row_ap_uint_ap_uint_const_ap_uint_const_ap_uint_const_ap_u_ce0                                                                                          |  out|    1|   ap_memory|                                                                                     void_UpConv_Fused_Row_ap_uint_ap_uint_const_ap_uint_const_ap_uint_const_ap_u|         array|
|void_UpConv_Fused_Row_ap_uint_ap_uint_const_ap_uint_const_ap_uint_const_ap_u_d0                                                                                           |  out|   16|   ap_memory|                                                                                     void_UpConv_Fused_Row_ap_uint_ap_uint_const_ap_uint_const_ap_uint_const_ap_u|         array|
|void_UpConv_Fused_Row_ap_uint_ap_uint_const_ap_uint_const_ap_uint_const_ap_u_q0                                                                                           |   in|   16|   ap_memory|                                                                                     void_UpConv_Fused_Row_ap_uint_ap_uint_const_ap_uint_const_ap_uint_const_ap_u|         array|
|void_UpConv_Fused_Row_ap_uint_ap_uint_const_ap_uint_const_ap_uint_const_ap_u_we0                                                                                          |  out|    1|   ap_memory|                                                                                     void_UpConv_Fused_Row_ap_uint_ap_uint_const_ap_uint_const_ap_uint_const_ap_u|         array|
|void_UpConv_Fused_Row_ap_uint_ap_uint_const_ap_uint_const_ap_uint_const_ap_u_address1                                                                                     |  out|   13|   ap_memory|                                                                                     void_UpConv_Fused_Row_ap_uint_ap_uint_const_ap_uint_const_ap_uint_const_ap_u|         array|
|void_UpConv_Fused_Row_ap_uint_ap_uint_const_ap_uint_const_ap_uint_const_ap_u_ce1                                                                                          |  out|    1|   ap_memory|                                                                                     void_UpConv_Fused_Row_ap_uint_ap_uint_const_ap_uint_const_ap_uint_const_ap_u|         array|
|void_UpConv_Fused_Row_ap_uint_ap_uint_const_ap_uint_const_ap_uint_const_ap_u_d1                                                                                           |  out|   16|   ap_memory|                                                                                     void_UpConv_Fused_Row_ap_uint_ap_uint_const_ap_uint_const_ap_uint_const_ap_u|         array|
|void_UpConv_Fused_Row_ap_uint_ap_uint_const_ap_uint_const_ap_uint_const_ap_u_q1                                                                                           |   in|   16|   ap_memory|                                                                                     void_UpConv_Fused_Row_ap_uint_ap_uint_const_ap_uint_const_ap_uint_const_ap_u|         array|
|void_UpConv_Fused_Row_ap_uint_ap_uint_const_ap_uint_const_ap_uint_const_ap_u_we1                                                                                          |  out|    1|   ap_memory|                                                                                     void_UpConv_Fused_Row_ap_uint_ap_uint_const_ap_uint_const_ap_uint_const_ap_u|         array|
|void_UpConv_Fused_Row_ap_uint_ap_uint_const_ap_uint_const_ap_uint_const_ap_u_7_address0                                                                                   |  out|   13|   ap_memory|                                                                                   void_UpConv_Fused_Row_ap_uint_ap_uint_const_ap_uint_const_ap_uint_const_ap_u_7|         array|
|void_UpConv_Fused_Row_ap_uint_ap_uint_const_ap_uint_const_ap_uint_const_ap_u_7_ce0                                                                                        |  out|    1|   ap_memory|                                                                                   void_UpConv_Fused_Row_ap_uint_ap_uint_const_ap_uint_const_ap_uint_const_ap_u_7|         array|
|void_UpConv_Fused_Row_ap_uint_ap_uint_const_ap_uint_const_ap_uint_const_ap_u_7_d0                                                                                         |  out|   16|   ap_memory|                                                                                   void_UpConv_Fused_Row_ap_uint_ap_uint_const_ap_uint_const_ap_uint_const_ap_u_7|         array|
|void_UpConv_Fused_Row_ap_uint_ap_uint_const_ap_uint_const_ap_uint_const_ap_u_7_q0                                                                                         |   in|   16|   ap_memory|                                                                                   void_UpConv_Fused_Row_ap_uint_ap_uint_const_ap_uint_const_ap_uint_const_ap_u_7|         array|
|void_UpConv_Fused_Row_ap_uint_ap_uint_const_ap_uint_const_ap_uint_const_ap_u_7_we0                                                                                        |  out|    1|   ap_memory|                                                                                   void_UpConv_Fused_Row_ap_uint_ap_uint_const_ap_uint_const_ap_uint_const_ap_u_7|         array|
|void_UpConv_Fused_Row_ap_uint_ap_uint_const_ap_uint_const_ap_uint_const_ap_u_7_address1                                                                                   |  out|   13|   ap_memory|                                                                                   void_UpConv_Fused_Row_ap_uint_ap_uint_const_ap_uint_const_ap_uint_const_ap_u_7|         array|
|void_UpConv_Fused_Row_ap_uint_ap_uint_const_ap_uint_const_ap_uint_const_ap_u_7_ce1                                                                                        |  out|    1|   ap_memory|                                                                                   void_UpConv_Fused_Row_ap_uint_ap_uint_const_ap_uint_const_ap_uint_const_ap_u_7|         array|
|void_UpConv_Fused_Row_ap_uint_ap_uint_const_ap_uint_const_ap_uint_const_ap_u_7_d1                                                                                         |  out|   16|   ap_memory|                                                                                   void_UpConv_Fused_Row_ap_uint_ap_uint_const_ap_uint_const_ap_uint_const_ap_u_7|         array|
|void_UpConv_Fused_Row_ap_uint_ap_uint_const_ap_uint_const_ap_uint_const_ap_u_7_q1                                                                                         |   in|   16|   ap_memory|                                                                                   void_UpConv_Fused_Row_ap_uint_ap_uint_const_ap_uint_const_ap_uint_const_ap_u_7|         array|
|void_UpConv_Fused_Row_ap_uint_ap_uint_const_ap_uint_const_ap_uint_const_ap_u_7_we1                                                                                        |  out|    1|   ap_memory|                                                                                   void_UpConv_Fused_Row_ap_uint_ap_uint_const_ap_uint_const_ap_uint_const_ap_u_7|         array|
|void_UpConv_Fused_Row_8_ap_uint_256_ap_uint_256_const_ap_uint_256_const_ap_uint_256_const_ap_uint_256_const_ap_uint_256_decimal16_int_int_int_int_int_row_acc_address0    |  out|   13|   ap_memory|    void_UpConv_Fused_Row_8_ap_uint_256_ap_uint_256_const_ap_uint_256_const_ap_uint_256_const_ap_uint_256_const_ap_uint_256_decimal16_int_int_int_int_int_row_acc|         array|
|void_UpConv_Fused_Row_8_ap_uint_256_ap_uint_256_const_ap_uint_256_const_ap_uint_256_const_ap_uint_256_const_ap_uint_256_decimal16_int_int_int_int_int_row_acc_ce0         |  out|    1|   ap_memory|    void_UpConv_Fused_Row_8_ap_uint_256_ap_uint_256_const_ap_uint_256_const_ap_uint_256_const_ap_uint_256_const_ap_uint_256_decimal16_int_int_int_int_int_row_acc|         array|
|void_UpConv_Fused_Row_8_ap_uint_256_ap_uint_256_const_ap_uint_256_const_ap_uint_256_const_ap_uint_256_const_ap_uint_256_decimal16_int_int_int_int_int_row_acc_d0          |  out|   16|   ap_memory|    void_UpConv_Fused_Row_8_ap_uint_256_ap_uint_256_const_ap_uint_256_const_ap_uint_256_const_ap_uint_256_const_ap_uint_256_decimal16_int_int_int_int_int_row_acc|         array|
|void_UpConv_Fused_Row_8_ap_uint_256_ap_uint_256_const_ap_uint_256_const_ap_uint_256_const_ap_uint_256_const_ap_uint_256_decimal16_int_int_int_int_int_row_acc_q0          |   in|   16|   ap_memory|    void_UpConv_Fused_Row_8_ap_uint_256_ap_uint_256_const_ap_uint_256_const_ap_uint_256_const_ap_uint_256_const_ap_uint_256_decimal16_int_int_int_int_int_row_acc|         array|
|void_UpConv_Fused_Row_8_ap_uint_256_ap_uint_256_const_ap_uint_256_const_ap_uint_256_const_ap_uint_256_const_ap_uint_256_decimal16_int_int_int_int_int_row_acc_we0         |  out|    1|   ap_memory|    void_UpConv_Fused_Row_8_ap_uint_256_ap_uint_256_const_ap_uint_256_const_ap_uint_256_const_ap_uint_256_const_ap_uint_256_decimal16_int_int_int_int_int_row_acc|         array|
|void_UpConv_Fused_Row_8_ap_uint_256_ap_uint_256_const_ap_uint_256_const_ap_uint_256_const_ap_uint_256_const_ap_uint_256_decimal16_int_int_int_int_int_row_acc_address1    |  out|   13|   ap_memory|    void_UpConv_Fused_Row_8_ap_uint_256_ap_uint_256_const_ap_uint_256_const_ap_uint_256_const_ap_uint_256_const_ap_uint_256_decimal16_int_int_int_int_int_row_acc|         array|
|void_UpConv_Fused_Row_8_ap_uint_256_ap_uint_256_const_ap_uint_256_const_ap_uint_256_const_ap_uint_256_const_ap_uint_256_decimal16_int_int_int_int_int_row_acc_ce1         |  out|    1|   ap_memory|    void_UpConv_Fused_Row_8_ap_uint_256_ap_uint_256_const_ap_uint_256_const_ap_uint_256_const_ap_uint_256_const_ap_uint_256_decimal16_int_int_int_int_int_row_acc|         array|
|void_UpConv_Fused_Row_8_ap_uint_256_ap_uint_256_const_ap_uint_256_const_ap_uint_256_const_ap_uint_256_const_ap_uint_256_decimal16_int_int_int_int_int_row_acc_d1          |  out|   16|   ap_memory|    void_UpConv_Fused_Row_8_ap_uint_256_ap_uint_256_const_ap_uint_256_const_ap_uint_256_const_ap_uint_256_const_ap_uint_256_decimal16_int_int_int_int_int_row_acc|         array|
|void_UpConv_Fused_Row_8_ap_uint_256_ap_uint_256_const_ap_uint_256_const_ap_uint_256_const_ap_uint_256_const_ap_uint_256_decimal16_int_int_int_int_int_row_acc_q1          |   in|   16|   ap_memory|    void_UpConv_Fused_Row_8_ap_uint_256_ap_uint_256_const_ap_uint_256_const_ap_uint_256_const_ap_uint_256_const_ap_uint_256_decimal16_int_int_int_int_int_row_acc|         array|
|void_UpConv_Fused_Row_8_ap_uint_256_ap_uint_256_const_ap_uint_256_const_ap_uint_256_const_ap_uint_256_const_ap_uint_256_decimal16_int_int_int_int_int_row_acc_we1         |  out|    1|   ap_memory|    void_UpConv_Fused_Row_8_ap_uint_256_ap_uint_256_const_ap_uint_256_const_ap_uint_256_const_ap_uint_256_const_ap_uint_256_decimal16_int_int_int_int_int_row_acc|         array|
|void_UpConv_Fused_Row_ap_uint_ap_uint_const_ap_uint_const_ap_uint_const_ap_u_6_address0                                                                                   |  out|   13|   ap_memory|                                                                                   void_UpConv_Fused_Row_ap_uint_ap_uint_const_ap_uint_const_ap_uint_const_ap_u_6|         array|
|void_UpConv_Fused_Row_ap_uint_ap_uint_const_ap_uint_const_ap_uint_const_ap_u_6_ce0                                                                                        |  out|    1|   ap_memory|                                                                                   void_UpConv_Fused_Row_ap_uint_ap_uint_const_ap_uint_const_ap_uint_const_ap_u_6|         array|
|void_UpConv_Fused_Row_ap_uint_ap_uint_const_ap_uint_const_ap_uint_const_ap_u_6_d0                                                                                         |  out|   16|   ap_memory|                                                                                   void_UpConv_Fused_Row_ap_uint_ap_uint_const_ap_uint_const_ap_uint_const_ap_u_6|         array|
|void_UpConv_Fused_Row_ap_uint_ap_uint_const_ap_uint_const_ap_uint_const_ap_u_6_q0                                                                                         |   in|   16|   ap_memory|                                                                                   void_UpConv_Fused_Row_ap_uint_ap_uint_const_ap_uint_const_ap_uint_const_ap_u_6|         array|
|void_UpConv_Fused_Row_ap_uint_ap_uint_const_ap_uint_const_ap_uint_const_ap_u_6_we0                                                                                        |  out|    1|   ap_memory|                                                                                   void_UpConv_Fused_Row_ap_uint_ap_uint_const_ap_uint_const_ap_uint_const_ap_u_6|         array|
|void_UpConv_Fused_Row_ap_uint_ap_uint_const_ap_uint_const_ap_uint_const_ap_u_6_address1                                                                                   |  out|   13|   ap_memory|                                                                                   void_UpConv_Fused_Row_ap_uint_ap_uint_const_ap_uint_const_ap_uint_const_ap_u_6|         array|
|void_UpConv_Fused_Row_ap_uint_ap_uint_const_ap_uint_const_ap_uint_const_ap_u_6_ce1                                                                                        |  out|    1|   ap_memory|                                                                                   void_UpConv_Fused_Row_ap_uint_ap_uint_const_ap_uint_const_ap_uint_const_ap_u_6|         array|
|void_UpConv_Fused_Row_ap_uint_ap_uint_const_ap_uint_const_ap_uint_const_ap_u_6_d1                                                                                         |  out|   16|   ap_memory|                                                                                   void_UpConv_Fused_Row_ap_uint_ap_uint_const_ap_uint_const_ap_uint_const_ap_u_6|         array|
|void_UpConv_Fused_Row_ap_uint_ap_uint_const_ap_uint_const_ap_uint_const_ap_u_6_q1                                                                                         |   in|   16|   ap_memory|                                                                                   void_UpConv_Fused_Row_ap_uint_ap_uint_const_ap_uint_const_ap_uint_const_ap_u_6|         array|
|void_UpConv_Fused_Row_ap_uint_ap_uint_const_ap_uint_const_ap_uint_const_ap_u_6_we1                                                                                        |  out|    1|   ap_memory|                                                                                   void_UpConv_Fused_Row_ap_uint_ap_uint_const_ap_uint_const_ap_uint_const_ap_u_6|         array|
|void_UpConv_Fused_Row_8_ap_uint_256_ap_uint_256_const_ap_uint_256_const_ap_uint_256_const_ap_uint_256_const_ap_uint_256_decimal16_int_int_int_int_int_row_acc_0_address0  |  out|   13|   ap_memory|  void_UpConv_Fused_Row_8_ap_uint_256_ap_uint_256_const_ap_uint_256_const_ap_uint_256_const_ap_uint_256_const_ap_uint_256_decimal16_int_int_int_int_int_row_acc_0|         array|
|void_UpConv_Fused_Row_8_ap_uint_256_ap_uint_256_const_ap_uint_256_const_ap_uint_256_const_ap_uint_256_const_ap_uint_256_decimal16_int_int_int_int_int_row_acc_0_ce0       |  out|    1|   ap_memory|  void_UpConv_Fused_Row_8_ap_uint_256_ap_uint_256_const_ap_uint_256_const_ap_uint_256_const_ap_uint_256_const_ap_uint_256_decimal16_int_int_int_int_int_row_acc_0|         array|
|void_UpConv_Fused_Row_8_ap_uint_256_ap_uint_256_const_ap_uint_256_const_ap_uint_256_const_ap_uint_256_const_ap_uint_256_decimal16_int_int_int_int_int_row_acc_0_d0        |  out|   16|   ap_memory|  void_UpConv_Fused_Row_8_ap_uint_256_ap_uint_256_const_ap_uint_256_const_ap_uint_256_const_ap_uint_256_const_ap_uint_256_decimal16_int_int_int_int_int_row_acc_0|         array|
|void_UpConv_Fused_Row_8_ap_uint_256_ap_uint_256_const_ap_uint_256_const_ap_uint_256_const_ap_uint_256_const_ap_uint_256_decimal16_int_int_int_int_int_row_acc_0_q0        |   in|   16|   ap_memory|  void_UpConv_Fused_Row_8_ap_uint_256_ap_uint_256_const_ap_uint_256_const_ap_uint_256_const_ap_uint_256_const_ap_uint_256_decimal16_int_int_int_int_int_row_acc_0|         array|
|void_UpConv_Fused_Row_8_ap_uint_256_ap_uint_256_const_ap_uint_256_const_ap_uint_256_const_ap_uint_256_const_ap_uint_256_decimal16_int_int_int_int_int_row_acc_0_we0       |  out|    1|   ap_memory|  void_UpConv_Fused_Row_8_ap_uint_256_ap_uint_256_const_ap_uint_256_const_ap_uint_256_const_ap_uint_256_const_ap_uint_256_decimal16_int_int_int_int_int_row_acc_0|         array|
|void_UpConv_Fused_Row_8_ap_uint_256_ap_uint_256_const_ap_uint_256_const_ap_uint_256_const_ap_uint_256_const_ap_uint_256_decimal16_int_int_int_int_int_row_acc_0_address1  |  out|   13|   ap_memory|  void_UpConv_Fused_Row_8_ap_uint_256_ap_uint_256_const_ap_uint_256_const_ap_uint_256_const_ap_uint_256_const_ap_uint_256_decimal16_int_int_int_int_int_row_acc_0|         array|
|void_UpConv_Fused_Row_8_ap_uint_256_ap_uint_256_const_ap_uint_256_const_ap_uint_256_const_ap_uint_256_const_ap_uint_256_decimal16_int_int_int_int_int_row_acc_0_ce1       |  out|    1|   ap_memory|  void_UpConv_Fused_Row_8_ap_uint_256_ap_uint_256_const_ap_uint_256_const_ap_uint_256_const_ap_uint_256_const_ap_uint_256_decimal16_int_int_int_int_int_row_acc_0|         array|
|void_UpConv_Fused_Row_8_ap_uint_256_ap_uint_256_const_ap_uint_256_const_ap_uint_256_const_ap_uint_256_const_ap_uint_256_decimal16_int_int_int_int_int_row_acc_0_d1        |  out|   16|   ap_memory|  void_UpConv_Fused_Row_8_ap_uint_256_ap_uint_256_const_ap_uint_256_const_ap_uint_256_const_ap_uint_256_const_ap_uint_256_decimal16_int_int_int_int_int_row_acc_0|         array|
|void_UpConv_Fused_Row_8_ap_uint_256_ap_uint_256_const_ap_uint_256_const_ap_uint_256_const_ap_uint_256_const_ap_uint_256_decimal16_int_int_int_int_int_row_acc_0_q1        |   in|   16|   ap_memory|  void_UpConv_Fused_Row_8_ap_uint_256_ap_uint_256_const_ap_uint_256_const_ap_uint_256_const_ap_uint_256_const_ap_uint_256_decimal16_int_int_int_int_int_row_acc_0|         array|
|void_UpConv_Fused_Row_8_ap_uint_256_ap_uint_256_const_ap_uint_256_const_ap_uint_256_const_ap_uint_256_const_ap_uint_256_decimal16_int_int_int_int_int_row_acc_0_we1       |  out|    1|   ap_memory|  void_UpConv_Fused_Row_8_ap_uint_256_ap_uint_256_const_ap_uint_256_const_ap_uint_256_const_ap_uint_256_const_ap_uint_256_decimal16_int_int_int_int_int_row_acc_0|         array|
|void_UpConv_Fused_Row_ap_uint_ap_uint_const_ap_uint_const_ap_uint_const_ap_u_5_address0                                                                                   |  out|   13|   ap_memory|                                                                                   void_UpConv_Fused_Row_ap_uint_ap_uint_const_ap_uint_const_ap_uint_const_ap_u_5|         array|
|void_UpConv_Fused_Row_ap_uint_ap_uint_const_ap_uint_const_ap_uint_const_ap_u_5_ce0                                                                                        |  out|    1|   ap_memory|                                                                                   void_UpConv_Fused_Row_ap_uint_ap_uint_const_ap_uint_const_ap_uint_const_ap_u_5|         array|
|void_UpConv_Fused_Row_ap_uint_ap_uint_const_ap_uint_const_ap_uint_const_ap_u_5_d0                                                                                         |  out|   16|   ap_memory|                                                                                   void_UpConv_Fused_Row_ap_uint_ap_uint_const_ap_uint_const_ap_uint_const_ap_u_5|         array|
|void_UpConv_Fused_Row_ap_uint_ap_uint_const_ap_uint_const_ap_uint_const_ap_u_5_q0                                                                                         |   in|   16|   ap_memory|                                                                                   void_UpConv_Fused_Row_ap_uint_ap_uint_const_ap_uint_const_ap_uint_const_ap_u_5|         array|
|void_UpConv_Fused_Row_ap_uint_ap_uint_const_ap_uint_const_ap_uint_const_ap_u_5_we0                                                                                        |  out|    1|   ap_memory|                                                                                   void_UpConv_Fused_Row_ap_uint_ap_uint_const_ap_uint_const_ap_uint_const_ap_u_5|         array|
|void_UpConv_Fused_Row_ap_uint_ap_uint_const_ap_uint_const_ap_uint_const_ap_u_5_address1                                                                                   |  out|   13|   ap_memory|                                                                                   void_UpConv_Fused_Row_ap_uint_ap_uint_const_ap_uint_const_ap_uint_const_ap_u_5|         array|
|void_UpConv_Fused_Row_ap_uint_ap_uint_const_ap_uint_const_ap_uint_const_ap_u_5_ce1                                                                                        |  out|    1|   ap_memory|                                                                                   void_UpConv_Fused_Row_ap_uint_ap_uint_const_ap_uint_const_ap_uint_const_ap_u_5|         array|
|void_UpConv_Fused_Row_ap_uint_ap_uint_const_ap_uint_const_ap_uint_const_ap_u_5_d1                                                                                         |  out|   16|   ap_memory|                                                                                   void_UpConv_Fused_Row_ap_uint_ap_uint_const_ap_uint_const_ap_uint_const_ap_u_5|         array|
|void_UpConv_Fused_Row_ap_uint_ap_uint_const_ap_uint_const_ap_uint_const_ap_u_5_q1                                                                                         |   in|   16|   ap_memory|                                                                                   void_UpConv_Fused_Row_ap_uint_ap_uint_const_ap_uint_const_ap_uint_const_ap_u_5|         array|
|void_UpConv_Fused_Row_ap_uint_ap_uint_const_ap_uint_const_ap_uint_const_ap_u_5_we1                                                                                        |  out|    1|   ap_memory|                                                                                   void_UpConv_Fused_Row_ap_uint_ap_uint_const_ap_uint_const_ap_uint_const_ap_u_5|         array|
|void_UpConv_Fused_Row_8_ap_uint_256_ap_uint_256_const_ap_uint_256_const_ap_uint_256_const_ap_uint_256_const_ap_uint_256_decimal16_int_int_int_int_int_row_acc_1_address0  |  out|   13|   ap_memory|  void_UpConv_Fused_Row_8_ap_uint_256_ap_uint_256_const_ap_uint_256_const_ap_uint_256_const_ap_uint_256_const_ap_uint_256_decimal16_int_int_int_int_int_row_acc_1|         array|
|void_UpConv_Fused_Row_8_ap_uint_256_ap_uint_256_const_ap_uint_256_const_ap_uint_256_const_ap_uint_256_const_ap_uint_256_decimal16_int_int_int_int_int_row_acc_1_ce0       |  out|    1|   ap_memory|  void_UpConv_Fused_Row_8_ap_uint_256_ap_uint_256_const_ap_uint_256_const_ap_uint_256_const_ap_uint_256_const_ap_uint_256_decimal16_int_int_int_int_int_row_acc_1|         array|
|void_UpConv_Fused_Row_8_ap_uint_256_ap_uint_256_const_ap_uint_256_const_ap_uint_256_const_ap_uint_256_const_ap_uint_256_decimal16_int_int_int_int_int_row_acc_1_d0        |  out|   16|   ap_memory|  void_UpConv_Fused_Row_8_ap_uint_256_ap_uint_256_const_ap_uint_256_const_ap_uint_256_const_ap_uint_256_const_ap_uint_256_decimal16_int_int_int_int_int_row_acc_1|         array|
|void_UpConv_Fused_Row_8_ap_uint_256_ap_uint_256_const_ap_uint_256_const_ap_uint_256_const_ap_uint_256_const_ap_uint_256_decimal16_int_int_int_int_int_row_acc_1_q0        |   in|   16|   ap_memory|  void_UpConv_Fused_Row_8_ap_uint_256_ap_uint_256_const_ap_uint_256_const_ap_uint_256_const_ap_uint_256_const_ap_uint_256_decimal16_int_int_int_int_int_row_acc_1|         array|
|void_UpConv_Fused_Row_8_ap_uint_256_ap_uint_256_const_ap_uint_256_const_ap_uint_256_const_ap_uint_256_const_ap_uint_256_decimal16_int_int_int_int_int_row_acc_1_we0       |  out|    1|   ap_memory|  void_UpConv_Fused_Row_8_ap_uint_256_ap_uint_256_const_ap_uint_256_const_ap_uint_256_const_ap_uint_256_const_ap_uint_256_decimal16_int_int_int_int_int_row_acc_1|         array|
|void_UpConv_Fused_Row_8_ap_uint_256_ap_uint_256_const_ap_uint_256_const_ap_uint_256_const_ap_uint_256_const_ap_uint_256_decimal16_int_int_int_int_int_row_acc_1_address1  |  out|   13|   ap_memory|  void_UpConv_Fused_Row_8_ap_uint_256_ap_uint_256_const_ap_uint_256_const_ap_uint_256_const_ap_uint_256_const_ap_uint_256_decimal16_int_int_int_int_int_row_acc_1|         array|
|void_UpConv_Fused_Row_8_ap_uint_256_ap_uint_256_const_ap_uint_256_const_ap_uint_256_const_ap_uint_256_const_ap_uint_256_decimal16_int_int_int_int_int_row_acc_1_ce1       |  out|    1|   ap_memory|  void_UpConv_Fused_Row_8_ap_uint_256_ap_uint_256_const_ap_uint_256_const_ap_uint_256_const_ap_uint_256_const_ap_uint_256_decimal16_int_int_int_int_int_row_acc_1|         array|
|void_UpConv_Fused_Row_8_ap_uint_256_ap_uint_256_const_ap_uint_256_const_ap_uint_256_const_ap_uint_256_const_ap_uint_256_decimal16_int_int_int_int_int_row_acc_1_d1        |  out|   16|   ap_memory|  void_UpConv_Fused_Row_8_ap_uint_256_ap_uint_256_const_ap_uint_256_const_ap_uint_256_const_ap_uint_256_const_ap_uint_256_decimal16_int_int_int_int_int_row_acc_1|         array|
|void_UpConv_Fused_Row_8_ap_uint_256_ap_uint_256_const_ap_uint_256_const_ap_uint_256_const_ap_uint_256_const_ap_uint_256_decimal16_int_int_int_int_int_row_acc_1_q1        |   in|   16|   ap_memory|  void_UpConv_Fused_Row_8_ap_uint_256_ap_uint_256_const_ap_uint_256_const_ap_uint_256_const_ap_uint_256_const_ap_uint_256_decimal16_int_int_int_int_int_row_acc_1|         array|
|void_UpConv_Fused_Row_8_ap_uint_256_ap_uint_256_const_ap_uint_256_const_ap_uint_256_const_ap_uint_256_const_ap_uint_256_decimal16_int_int_int_int_int_row_acc_1_we1       |  out|    1|   ap_memory|  void_UpConv_Fused_Row_8_ap_uint_256_ap_uint_256_const_ap_uint_256_const_ap_uint_256_const_ap_uint_256_const_ap_uint_256_decimal16_int_int_int_int_int_row_acc_1|         array|
|void_UpConv_Fused_Row_ap_uint_ap_uint_const_ap_uint_const_ap_uint_const_ap_u_4_address0                                                                                   |  out|   13|   ap_memory|                                                                                   void_UpConv_Fused_Row_ap_uint_ap_uint_const_ap_uint_const_ap_uint_const_ap_u_4|         array|
|void_UpConv_Fused_Row_ap_uint_ap_uint_const_ap_uint_const_ap_uint_const_ap_u_4_ce0                                                                                        |  out|    1|   ap_memory|                                                                                   void_UpConv_Fused_Row_ap_uint_ap_uint_const_ap_uint_const_ap_uint_const_ap_u_4|         array|
|void_UpConv_Fused_Row_ap_uint_ap_uint_const_ap_uint_const_ap_uint_const_ap_u_4_d0                                                                                         |  out|   16|   ap_memory|                                                                                   void_UpConv_Fused_Row_ap_uint_ap_uint_const_ap_uint_const_ap_uint_const_ap_u_4|         array|
|void_UpConv_Fused_Row_ap_uint_ap_uint_const_ap_uint_const_ap_uint_const_ap_u_4_q0                                                                                         |   in|   16|   ap_memory|                                                                                   void_UpConv_Fused_Row_ap_uint_ap_uint_const_ap_uint_const_ap_uint_const_ap_u_4|         array|
|void_UpConv_Fused_Row_ap_uint_ap_uint_const_ap_uint_const_ap_uint_const_ap_u_4_we0                                                                                        |  out|    1|   ap_memory|                                                                                   void_UpConv_Fused_Row_ap_uint_ap_uint_const_ap_uint_const_ap_uint_const_ap_u_4|         array|
|void_UpConv_Fused_Row_ap_uint_ap_uint_const_ap_uint_const_ap_uint_const_ap_u_4_address1                                                                                   |  out|   13|   ap_memory|                                                                                   void_UpConv_Fused_Row_ap_uint_ap_uint_const_ap_uint_const_ap_uint_const_ap_u_4|         array|
|void_UpConv_Fused_Row_ap_uint_ap_uint_const_ap_uint_const_ap_uint_const_ap_u_4_ce1                                                                                        |  out|    1|   ap_memory|                                                                                   void_UpConv_Fused_Row_ap_uint_ap_uint_const_ap_uint_const_ap_uint_const_ap_u_4|         array|
|void_UpConv_Fused_Row_ap_uint_ap_uint_const_ap_uint_const_ap_uint_const_ap_u_4_d1                                                                                         |  out|   16|   ap_memory|                                                                                   void_UpConv_Fused_Row_ap_uint_ap_uint_const_ap_uint_const_ap_uint_const_ap_u_4|         array|
|void_UpConv_Fused_Row_ap_uint_ap_uint_const_ap_uint_const_ap_uint_const_ap_u_4_q1                                                                                         |   in|   16|   ap_memory|                                                                                   void_UpConv_Fused_Row_ap_uint_ap_uint_const_ap_uint_const_ap_uint_const_ap_u_4|         array|
|void_UpConv_Fused_Row_ap_uint_ap_uint_const_ap_uint_const_ap_uint_const_ap_u_4_we1                                                                                        |  out|    1|   ap_memory|                                                                                   void_UpConv_Fused_Row_ap_uint_ap_uint_const_ap_uint_const_ap_uint_const_ap_u_4|         array|
|void_UpConv_Fused_Row_8_ap_uint_256_ap_uint_256_const_ap_uint_256_const_ap_uint_256_const_ap_uint_256_const_ap_uint_256_decimal16_int_int_int_int_int_row_acc_2_address0  |  out|   13|   ap_memory|  void_UpConv_Fused_Row_8_ap_uint_256_ap_uint_256_const_ap_uint_256_const_ap_uint_256_const_ap_uint_256_const_ap_uint_256_decimal16_int_int_int_int_int_row_acc_2|         array|
|void_UpConv_Fused_Row_8_ap_uint_256_ap_uint_256_const_ap_uint_256_const_ap_uint_256_const_ap_uint_256_const_ap_uint_256_decimal16_int_int_int_int_int_row_acc_2_ce0       |  out|    1|   ap_memory|  void_UpConv_Fused_Row_8_ap_uint_256_ap_uint_256_const_ap_uint_256_const_ap_uint_256_const_ap_uint_256_const_ap_uint_256_decimal16_int_int_int_int_int_row_acc_2|         array|
|void_UpConv_Fused_Row_8_ap_uint_256_ap_uint_256_const_ap_uint_256_const_ap_uint_256_const_ap_uint_256_const_ap_uint_256_decimal16_int_int_int_int_int_row_acc_2_d0        |  out|   16|   ap_memory|  void_UpConv_Fused_Row_8_ap_uint_256_ap_uint_256_const_ap_uint_256_const_ap_uint_256_const_ap_uint_256_const_ap_uint_256_decimal16_int_int_int_int_int_row_acc_2|         array|
|void_UpConv_Fused_Row_8_ap_uint_256_ap_uint_256_const_ap_uint_256_const_ap_uint_256_const_ap_uint_256_const_ap_uint_256_decimal16_int_int_int_int_int_row_acc_2_q0        |   in|   16|   ap_memory|  void_UpConv_Fused_Row_8_ap_uint_256_ap_uint_256_const_ap_uint_256_const_ap_uint_256_const_ap_uint_256_const_ap_uint_256_decimal16_int_int_int_int_int_row_acc_2|         array|
|void_UpConv_Fused_Row_8_ap_uint_256_ap_uint_256_const_ap_uint_256_const_ap_uint_256_const_ap_uint_256_const_ap_uint_256_decimal16_int_int_int_int_int_row_acc_2_we0       |  out|    1|   ap_memory|  void_UpConv_Fused_Row_8_ap_uint_256_ap_uint_256_const_ap_uint_256_const_ap_uint_256_const_ap_uint_256_const_ap_uint_256_decimal16_int_int_int_int_int_row_acc_2|         array|
|void_UpConv_Fused_Row_8_ap_uint_256_ap_uint_256_const_ap_uint_256_const_ap_uint_256_const_ap_uint_256_const_ap_uint_256_decimal16_int_int_int_int_int_row_acc_2_address1  |  out|   13|   ap_memory|  void_UpConv_Fused_Row_8_ap_uint_256_ap_uint_256_const_ap_uint_256_const_ap_uint_256_const_ap_uint_256_const_ap_uint_256_decimal16_int_int_int_int_int_row_acc_2|         array|
|void_UpConv_Fused_Row_8_ap_uint_256_ap_uint_256_const_ap_uint_256_const_ap_uint_256_const_ap_uint_256_const_ap_uint_256_decimal16_int_int_int_int_int_row_acc_2_ce1       |  out|    1|   ap_memory|  void_UpConv_Fused_Row_8_ap_uint_256_ap_uint_256_const_ap_uint_256_const_ap_uint_256_const_ap_uint_256_const_ap_uint_256_decimal16_int_int_int_int_int_row_acc_2|         array|
|void_UpConv_Fused_Row_8_ap_uint_256_ap_uint_256_const_ap_uint_256_const_ap_uint_256_const_ap_uint_256_const_ap_uint_256_decimal16_int_int_int_int_int_row_acc_2_d1        |  out|   16|   ap_memory|  void_UpConv_Fused_Row_8_ap_uint_256_ap_uint_256_const_ap_uint_256_const_ap_uint_256_const_ap_uint_256_const_ap_uint_256_decimal16_int_int_int_int_int_row_acc_2|         array|
|void_UpConv_Fused_Row_8_ap_uint_256_ap_uint_256_const_ap_uint_256_const_ap_uint_256_const_ap_uint_256_const_ap_uint_256_decimal16_int_int_int_int_int_row_acc_2_q1        |   in|   16|   ap_memory|  void_UpConv_Fused_Row_8_ap_uint_256_ap_uint_256_const_ap_uint_256_const_ap_uint_256_const_ap_uint_256_const_ap_uint_256_decimal16_int_int_int_int_int_row_acc_2|         array|
|void_UpConv_Fused_Row_8_ap_uint_256_ap_uint_256_const_ap_uint_256_const_ap_uint_256_const_ap_uint_256_const_ap_uint_256_decimal16_int_int_int_int_int_row_acc_2_we1       |  out|    1|   ap_memory|  void_UpConv_Fused_Row_8_ap_uint_256_ap_uint_256_const_ap_uint_256_const_ap_uint_256_const_ap_uint_256_const_ap_uint_256_decimal16_int_int_int_int_int_row_acc_2|         array|
|void_UpConv_Fused_Row_ap_uint_ap_uint_const_ap_uint_const_ap_uint_const_ap_u_3_address0                                                                                   |  out|   13|   ap_memory|                                                                                   void_UpConv_Fused_Row_ap_uint_ap_uint_const_ap_uint_const_ap_uint_const_ap_u_3|         array|
|void_UpConv_Fused_Row_ap_uint_ap_uint_const_ap_uint_const_ap_uint_const_ap_u_3_ce0                                                                                        |  out|    1|   ap_memory|                                                                                   void_UpConv_Fused_Row_ap_uint_ap_uint_const_ap_uint_const_ap_uint_const_ap_u_3|         array|
|void_UpConv_Fused_Row_ap_uint_ap_uint_const_ap_uint_const_ap_uint_const_ap_u_3_d0                                                                                         |  out|   16|   ap_memory|                                                                                   void_UpConv_Fused_Row_ap_uint_ap_uint_const_ap_uint_const_ap_uint_const_ap_u_3|         array|
|void_UpConv_Fused_Row_ap_uint_ap_uint_const_ap_uint_const_ap_uint_const_ap_u_3_q0                                                                                         |   in|   16|   ap_memory|                                                                                   void_UpConv_Fused_Row_ap_uint_ap_uint_const_ap_uint_const_ap_uint_const_ap_u_3|         array|
|void_UpConv_Fused_Row_ap_uint_ap_uint_const_ap_uint_const_ap_uint_const_ap_u_3_we0                                                                                        |  out|    1|   ap_memory|                                                                                   void_UpConv_Fused_Row_ap_uint_ap_uint_const_ap_uint_const_ap_uint_const_ap_u_3|         array|
|void_UpConv_Fused_Row_ap_uint_ap_uint_const_ap_uint_const_ap_uint_const_ap_u_3_address1                                                                                   |  out|   13|   ap_memory|                                                                                   void_UpConv_Fused_Row_ap_uint_ap_uint_const_ap_uint_const_ap_uint_const_ap_u_3|         array|
|void_UpConv_Fused_Row_ap_uint_ap_uint_const_ap_uint_const_ap_uint_const_ap_u_3_ce1                                                                                        |  out|    1|   ap_memory|                                                                                   void_UpConv_Fused_Row_ap_uint_ap_uint_const_ap_uint_const_ap_uint_const_ap_u_3|         array|
|void_UpConv_Fused_Row_ap_uint_ap_uint_const_ap_uint_const_ap_uint_const_ap_u_3_d1                                                                                         |  out|   16|   ap_memory|                                                                                   void_UpConv_Fused_Row_ap_uint_ap_uint_const_ap_uint_const_ap_uint_const_ap_u_3|         array|
|void_UpConv_Fused_Row_ap_uint_ap_uint_const_ap_uint_const_ap_uint_const_ap_u_3_q1                                                                                         |   in|   16|   ap_memory|                                                                                   void_UpConv_Fused_Row_ap_uint_ap_uint_const_ap_uint_const_ap_uint_const_ap_u_3|         array|
|void_UpConv_Fused_Row_ap_uint_ap_uint_const_ap_uint_const_ap_uint_const_ap_u_3_we1                                                                                        |  out|    1|   ap_memory|                                                                                   void_UpConv_Fused_Row_ap_uint_ap_uint_const_ap_uint_const_ap_uint_const_ap_u_3|         array|
|void_UpConv_Fused_Row_8_ap_uint_256_ap_uint_256_const_ap_uint_256_const_ap_uint_256_const_ap_uint_256_const_ap_uint_256_decimal16_int_int_int_int_int_row_acc_3_address0  |  out|   13|   ap_memory|  void_UpConv_Fused_Row_8_ap_uint_256_ap_uint_256_const_ap_uint_256_const_ap_uint_256_const_ap_uint_256_const_ap_uint_256_decimal16_int_int_int_int_int_row_acc_3|         array|
|void_UpConv_Fused_Row_8_ap_uint_256_ap_uint_256_const_ap_uint_256_const_ap_uint_256_const_ap_uint_256_const_ap_uint_256_decimal16_int_int_int_int_int_row_acc_3_ce0       |  out|    1|   ap_memory|  void_UpConv_Fused_Row_8_ap_uint_256_ap_uint_256_const_ap_uint_256_const_ap_uint_256_const_ap_uint_256_const_ap_uint_256_decimal16_int_int_int_int_int_row_acc_3|         array|
|void_UpConv_Fused_Row_8_ap_uint_256_ap_uint_256_const_ap_uint_256_const_ap_uint_256_const_ap_uint_256_const_ap_uint_256_decimal16_int_int_int_int_int_row_acc_3_d0        |  out|   16|   ap_memory|  void_UpConv_Fused_Row_8_ap_uint_256_ap_uint_256_const_ap_uint_256_const_ap_uint_256_const_ap_uint_256_const_ap_uint_256_decimal16_int_int_int_int_int_row_acc_3|         array|
|void_UpConv_Fused_Row_8_ap_uint_256_ap_uint_256_const_ap_uint_256_const_ap_uint_256_const_ap_uint_256_const_ap_uint_256_decimal16_int_int_int_int_int_row_acc_3_q0        |   in|   16|   ap_memory|  void_UpConv_Fused_Row_8_ap_uint_256_ap_uint_256_const_ap_uint_256_const_ap_uint_256_const_ap_uint_256_const_ap_uint_256_decimal16_int_int_int_int_int_row_acc_3|         array|
|void_UpConv_Fused_Row_8_ap_uint_256_ap_uint_256_const_ap_uint_256_const_ap_uint_256_const_ap_uint_256_const_ap_uint_256_decimal16_int_int_int_int_int_row_acc_3_we0       |  out|    1|   ap_memory|  void_UpConv_Fused_Row_8_ap_uint_256_ap_uint_256_const_ap_uint_256_const_ap_uint_256_const_ap_uint_256_const_ap_uint_256_decimal16_int_int_int_int_int_row_acc_3|         array|
|void_UpConv_Fused_Row_8_ap_uint_256_ap_uint_256_const_ap_uint_256_const_ap_uint_256_const_ap_uint_256_const_ap_uint_256_decimal16_int_int_int_int_int_row_acc_3_address1  |  out|   13|   ap_memory|  void_UpConv_Fused_Row_8_ap_uint_256_ap_uint_256_const_ap_uint_256_const_ap_uint_256_const_ap_uint_256_const_ap_uint_256_decimal16_int_int_int_int_int_row_acc_3|         array|
|void_UpConv_Fused_Row_8_ap_uint_256_ap_uint_256_const_ap_uint_256_const_ap_uint_256_const_ap_uint_256_const_ap_uint_256_decimal16_int_int_int_int_int_row_acc_3_ce1       |  out|    1|   ap_memory|  void_UpConv_Fused_Row_8_ap_uint_256_ap_uint_256_const_ap_uint_256_const_ap_uint_256_const_ap_uint_256_const_ap_uint_256_decimal16_int_int_int_int_int_row_acc_3|         array|
|void_UpConv_Fused_Row_8_ap_uint_256_ap_uint_256_const_ap_uint_256_const_ap_uint_256_const_ap_uint_256_const_ap_uint_256_decimal16_int_int_int_int_int_row_acc_3_d1        |  out|   16|   ap_memory|  void_UpConv_Fused_Row_8_ap_uint_256_ap_uint_256_const_ap_uint_256_const_ap_uint_256_const_ap_uint_256_const_ap_uint_256_decimal16_int_int_int_int_int_row_acc_3|         array|
|void_UpConv_Fused_Row_8_ap_uint_256_ap_uint_256_const_ap_uint_256_const_ap_uint_256_const_ap_uint_256_const_ap_uint_256_decimal16_int_int_int_int_int_row_acc_3_q1        |   in|   16|   ap_memory|  void_UpConv_Fused_Row_8_ap_uint_256_ap_uint_256_const_ap_uint_256_const_ap_uint_256_const_ap_uint_256_const_ap_uint_256_decimal16_int_int_int_int_int_row_acc_3|         array|
|void_UpConv_Fused_Row_8_ap_uint_256_ap_uint_256_const_ap_uint_256_const_ap_uint_256_const_ap_uint_256_const_ap_uint_256_decimal16_int_int_int_int_int_row_acc_3_we1       |  out|    1|   ap_memory|  void_UpConv_Fused_Row_8_ap_uint_256_ap_uint_256_const_ap_uint_256_const_ap_uint_256_const_ap_uint_256_const_ap_uint_256_decimal16_int_int_int_int_int_row_acc_3|         array|
|void_UpConv_Fused_Row_ap_uint_ap_uint_const_ap_uint_const_ap_uint_const_ap_u_2_address0                                                                                   |  out|   13|   ap_memory|                                                                                   void_UpConv_Fused_Row_ap_uint_ap_uint_const_ap_uint_const_ap_uint_const_ap_u_2|         array|
|void_UpConv_Fused_Row_ap_uint_ap_uint_const_ap_uint_const_ap_uint_const_ap_u_2_ce0                                                                                        |  out|    1|   ap_memory|                                                                                   void_UpConv_Fused_Row_ap_uint_ap_uint_const_ap_uint_const_ap_uint_const_ap_u_2|         array|
|void_UpConv_Fused_Row_ap_uint_ap_uint_const_ap_uint_const_ap_uint_const_ap_u_2_d0                                                                                         |  out|   16|   ap_memory|                                                                                   void_UpConv_Fused_Row_ap_uint_ap_uint_const_ap_uint_const_ap_uint_const_ap_u_2|         array|
|void_UpConv_Fused_Row_ap_uint_ap_uint_const_ap_uint_const_ap_uint_const_ap_u_2_q0                                                                                         |   in|   16|   ap_memory|                                                                                   void_UpConv_Fused_Row_ap_uint_ap_uint_const_ap_uint_const_ap_uint_const_ap_u_2|         array|
|void_UpConv_Fused_Row_ap_uint_ap_uint_const_ap_uint_const_ap_uint_const_ap_u_2_we0                                                                                        |  out|    1|   ap_memory|                                                                                   void_UpConv_Fused_Row_ap_uint_ap_uint_const_ap_uint_const_ap_uint_const_ap_u_2|         array|
|void_UpConv_Fused_Row_ap_uint_ap_uint_const_ap_uint_const_ap_uint_const_ap_u_2_address1                                                                                   |  out|   13|   ap_memory|                                                                                   void_UpConv_Fused_Row_ap_uint_ap_uint_const_ap_uint_const_ap_uint_const_ap_u_2|         array|
|void_UpConv_Fused_Row_ap_uint_ap_uint_const_ap_uint_const_ap_uint_const_ap_u_2_ce1                                                                                        |  out|    1|   ap_memory|                                                                                   void_UpConv_Fused_Row_ap_uint_ap_uint_const_ap_uint_const_ap_uint_const_ap_u_2|         array|
|void_UpConv_Fused_Row_ap_uint_ap_uint_const_ap_uint_const_ap_uint_const_ap_u_2_d1                                                                                         |  out|   16|   ap_memory|                                                                                   void_UpConv_Fused_Row_ap_uint_ap_uint_const_ap_uint_const_ap_uint_const_ap_u_2|         array|
|void_UpConv_Fused_Row_ap_uint_ap_uint_const_ap_uint_const_ap_uint_const_ap_u_2_q1                                                                                         |   in|   16|   ap_memory|                                                                                   void_UpConv_Fused_Row_ap_uint_ap_uint_const_ap_uint_const_ap_uint_const_ap_u_2|         array|
|void_UpConv_Fused_Row_ap_uint_ap_uint_const_ap_uint_const_ap_uint_const_ap_u_2_we1                                                                                        |  out|    1|   ap_memory|                                                                                   void_UpConv_Fused_Row_ap_uint_ap_uint_const_ap_uint_const_ap_uint_const_ap_u_2|         array|
|void_UpConv_Fused_Row_8_ap_uint_256_ap_uint_256_const_ap_uint_256_const_ap_uint_256_const_ap_uint_256_const_ap_uint_256_decimal16_int_int_int_int_int_row_acc_4_address0  |  out|   13|   ap_memory|  void_UpConv_Fused_Row_8_ap_uint_256_ap_uint_256_const_ap_uint_256_const_ap_uint_256_const_ap_uint_256_const_ap_uint_256_decimal16_int_int_int_int_int_row_acc_4|         array|
|void_UpConv_Fused_Row_8_ap_uint_256_ap_uint_256_const_ap_uint_256_const_ap_uint_256_const_ap_uint_256_const_ap_uint_256_decimal16_int_int_int_int_int_row_acc_4_ce0       |  out|    1|   ap_memory|  void_UpConv_Fused_Row_8_ap_uint_256_ap_uint_256_const_ap_uint_256_const_ap_uint_256_const_ap_uint_256_const_ap_uint_256_decimal16_int_int_int_int_int_row_acc_4|         array|
|void_UpConv_Fused_Row_8_ap_uint_256_ap_uint_256_const_ap_uint_256_const_ap_uint_256_const_ap_uint_256_const_ap_uint_256_decimal16_int_int_int_int_int_row_acc_4_d0        |  out|   16|   ap_memory|  void_UpConv_Fused_Row_8_ap_uint_256_ap_uint_256_const_ap_uint_256_const_ap_uint_256_const_ap_uint_256_const_ap_uint_256_decimal16_int_int_int_int_int_row_acc_4|         array|
|void_UpConv_Fused_Row_8_ap_uint_256_ap_uint_256_const_ap_uint_256_const_ap_uint_256_const_ap_uint_256_const_ap_uint_256_decimal16_int_int_int_int_int_row_acc_4_q0        |   in|   16|   ap_memory|  void_UpConv_Fused_Row_8_ap_uint_256_ap_uint_256_const_ap_uint_256_const_ap_uint_256_const_ap_uint_256_const_ap_uint_256_decimal16_int_int_int_int_int_row_acc_4|         array|
|void_UpConv_Fused_Row_8_ap_uint_256_ap_uint_256_const_ap_uint_256_const_ap_uint_256_const_ap_uint_256_const_ap_uint_256_decimal16_int_int_int_int_int_row_acc_4_we0       |  out|    1|   ap_memory|  void_UpConv_Fused_Row_8_ap_uint_256_ap_uint_256_const_ap_uint_256_const_ap_uint_256_const_ap_uint_256_const_ap_uint_256_decimal16_int_int_int_int_int_row_acc_4|         array|
|void_UpConv_Fused_Row_8_ap_uint_256_ap_uint_256_const_ap_uint_256_const_ap_uint_256_const_ap_uint_256_const_ap_uint_256_decimal16_int_int_int_int_int_row_acc_4_address1  |  out|   13|   ap_memory|  void_UpConv_Fused_Row_8_ap_uint_256_ap_uint_256_const_ap_uint_256_const_ap_uint_256_const_ap_uint_256_const_ap_uint_256_decimal16_int_int_int_int_int_row_acc_4|         array|
|void_UpConv_Fused_Row_8_ap_uint_256_ap_uint_256_const_ap_uint_256_const_ap_uint_256_const_ap_uint_256_const_ap_uint_256_decimal16_int_int_int_int_int_row_acc_4_ce1       |  out|    1|   ap_memory|  void_UpConv_Fused_Row_8_ap_uint_256_ap_uint_256_const_ap_uint_256_const_ap_uint_256_const_ap_uint_256_const_ap_uint_256_decimal16_int_int_int_int_int_row_acc_4|         array|
|void_UpConv_Fused_Row_8_ap_uint_256_ap_uint_256_const_ap_uint_256_const_ap_uint_256_const_ap_uint_256_const_ap_uint_256_decimal16_int_int_int_int_int_row_acc_4_d1        |  out|   16|   ap_memory|  void_UpConv_Fused_Row_8_ap_uint_256_ap_uint_256_const_ap_uint_256_const_ap_uint_256_const_ap_uint_256_const_ap_uint_256_decimal16_int_int_int_int_int_row_acc_4|         array|
|void_UpConv_Fused_Row_8_ap_uint_256_ap_uint_256_const_ap_uint_256_const_ap_uint_256_const_ap_uint_256_const_ap_uint_256_decimal16_int_int_int_int_int_row_acc_4_q1        |   in|   16|   ap_memory|  void_UpConv_Fused_Row_8_ap_uint_256_ap_uint_256_const_ap_uint_256_const_ap_uint_256_const_ap_uint_256_const_ap_uint_256_decimal16_int_int_int_int_int_row_acc_4|         array|
|void_UpConv_Fused_Row_8_ap_uint_256_ap_uint_256_const_ap_uint_256_const_ap_uint_256_const_ap_uint_256_const_ap_uint_256_decimal16_int_int_int_int_int_row_acc_4_we1       |  out|    1|   ap_memory|  void_UpConv_Fused_Row_8_ap_uint_256_ap_uint_256_const_ap_uint_256_const_ap_uint_256_const_ap_uint_256_const_ap_uint_256_decimal16_int_int_int_int_int_row_acc_4|         array|
+--------------------------------------------------------------------------------------------------------------------------------------------------------------------------+-----+-----+------------+-----------------------------------------------------------------------------------------------------------------------------------------------------------------+--------------+

============================================================
+ Verbose Summary: Synthesis Manager
============================================================
InlineROM: 1
ExposeGlobal: 0
============================================================
+ Verbose Summary: CDFG Model
============================================================
IsTopModel: 0
ResetActiveHigh: 1
IsCombinational: 2
IsDatapathOnly: 0
HasWiredReturn: 1
HasMFsm: 0
HasVarLatency: 1
IsPipeline: 0
IsRtlPipelined: 0
IsInstanceOverlapped: 0
IsDontTouch: 0
HasImplIP: 0
IsGatedGlobalClock: 0


============================================================
+ Verbose Summary: Schedule
============================================================
* Number of FSM states : 4
* Pipeline : 0
* Dataflow Pipeline: 1
  DF-Pipeline-0: Size = 4, States = { 1 2 3 4 }

* FSM state transitions: 
1 --> 2 
2 --> 3 
3 --> 4 
4 --> 

* FSM state operations: 

State 1 <SV = 0> <Delay = 2.85>
ST_1 : Operation 5 [1/1] (0.00ns)   --->   "%C_IN_read = read i10 @_ssdm_op_Read.ap_auto.i10, i10 %C_IN"   --->   Operation 5 'read' 'C_IN_read' <Predicate = true> <Delay = 0.00>
ST_1 : Operation 6 [1/1] (0.00ns)   --->   "%C_OUT_read = read i9 @_ssdm_op_Read.ap_auto.i9, i9 %C_OUT"   --->   Operation 6 'read' 'C_OUT_read' <Predicate = true> <Delay = 0.00>
ST_1 : Operation 7 [1/1] (0.00ns)   --->   "%tile_read = read i6 @_ssdm_op_Read.ap_auto.i6, i6 %tile"   --->   Operation 7 'read' 'tile_read' <Predicate = true> <Delay = 0.00>
ST_1 : Operation 8 [1/1] (0.00ns)   --->   "%W_ptr_read = read i64 @_ssdm_op_Read.ap_auto.i64, i64 %W_ptr"   --->   Operation 8 'read' 'W_ptr_read' <Predicate = true> <Delay = 0.00>
ST_1 : Operation 9 [1/1] (0.00ns)   --->   "%W_IN_c = alloca i64 1"   --->   Operation 9 'alloca' 'W_IN_c' <Predicate = true> <Delay = 0.00> <CoreInst = "FIFO_SRL">   --->   Core 80 'FIFO_SRL' <Latency = 0> <II = 1> <Delay = 1.83> <Storage> <Opcode : 'read' 'write' 'nbread' 'nbwrite'> <Ports = 0> <Width = 8> <Depth = 3> <FIFO>
ST_1 : Operation 10 [1/1] (0.00ns)   --->   "%H_IN_c = alloca i64 1"   --->   Operation 10 'alloca' 'H_IN_c' <Predicate = true> <Delay = 0.00> <CoreInst = "FIFO_SRL">   --->   Core 80 'FIFO_SRL' <Latency = 0> <II = 1> <Delay = 1.83> <Storage> <Opcode : 'read' 'write' 'nbread' 'nbwrite'> <Ports = 0> <Width = 8> <Depth = 3> <FIFO>
ST_1 : Operation 11 [1/1] (0.00ns)   --->   "%ho_c = alloca i64 1"   --->   Operation 11 'alloca' 'ho_c' <Predicate = true> <Delay = 0.00> <CoreInst = "FIFO_SRL">   --->   Core 80 'FIFO_SRL' <Latency = 0> <II = 1> <Delay = 1.83> <Storage> <Opcode : 'read' 'write' 'nbread' 'nbwrite'> <Ports = 0> <Width = 8> <Depth = 3> <FIFO>
ST_1 : Operation 12 [1/1] (1.23ns)   --->   "%wbuf = alloca i64 1" [../gen2/Hls_Layers_UpConv.tpp:216->../gen2/Hls_Layers_UpConv.tpp:216]   --->   Operation 12 'alloca' 'wbuf' <Predicate = true> <Delay = 1.23> <CoreInst = "RAM_T2P_URAM">   --->   Core 99 'RAM_T2P_URAM' <Latency = 1> <II = 1> <Delay = 1.23> <Storage> <Opcode : 'load' 'store'> <Ports = 2> <Width = 256> <Depth = 540> <RAM>
ST_1 : Operation 13 [1/1] (1.23ns)   --->   "%wbuf_1 = alloca i64 1" [../gen2/Hls_Layers_UpConv.tpp:216->../gen2/Hls_Layers_UpConv.tpp:216]   --->   Operation 13 'alloca' 'wbuf_1' <Predicate = true> <Delay = 1.23> <CoreInst = "RAM_T2P_URAM">   --->   Core 99 'RAM_T2P_URAM' <Latency = 1> <II = 1> <Delay = 1.23> <Storage> <Opcode : 'load' 'store'> <Ports = 2> <Width = 256> <Depth = 540> <RAM>
ST_1 : Operation 14 [1/1] (1.23ns)   --->   "%wbuf_2 = alloca i64 1" [../gen2/Hls_Layers_UpConv.tpp:216->../gen2/Hls_Layers_UpConv.tpp:216]   --->   Operation 14 'alloca' 'wbuf_2' <Predicate = true> <Delay = 1.23> <CoreInst = "RAM_T2P_URAM">   --->   Core 99 'RAM_T2P_URAM' <Latency = 1> <II = 1> <Delay = 1.23> <Storage> <Opcode : 'load' 'store'> <Ports = 2> <Width = 256> <Depth = 540> <RAM>
ST_1 : Operation 15 [1/1] (1.23ns)   --->   "%wbuf_3 = alloca i64 1" [../gen2/Hls_Layers_UpConv.tpp:216->../gen2/Hls_Layers_UpConv.tpp:216]   --->   Operation 15 'alloca' 'wbuf_3' <Predicate = true> <Delay = 1.23> <CoreInst = "RAM_T2P_URAM">   --->   Core 99 'RAM_T2P_URAM' <Latency = 1> <II = 1> <Delay = 1.23> <Storage> <Opcode : 'load' 'store'> <Ports = 2> <Width = 256> <Depth = 540> <RAM>
ST_1 : Operation 16 [1/1] (1.23ns)   --->   "%wbuf_4 = alloca i64 1" [../gen2/Hls_Layers_UpConv.tpp:216->../gen2/Hls_Layers_UpConv.tpp:216]   --->   Operation 16 'alloca' 'wbuf_4' <Predicate = true> <Delay = 1.23> <CoreInst = "RAM_T2P_URAM">   --->   Core 99 'RAM_T2P_URAM' <Latency = 1> <II = 1> <Delay = 1.23> <Storage> <Opcode : 'load' 'store'> <Ports = 2> <Width = 256> <Depth = 540> <RAM>
ST_1 : Operation 17 [1/1] (1.23ns)   --->   "%wbuf_5 = alloca i64 1" [../gen2/Hls_Layers_UpConv.tpp:216->../gen2/Hls_Layers_UpConv.tpp:216]   --->   Operation 17 'alloca' 'wbuf_5' <Predicate = true> <Delay = 1.23> <CoreInst = "RAM_T2P_URAM">   --->   Core 99 'RAM_T2P_URAM' <Latency = 1> <II = 1> <Delay = 1.23> <Storage> <Opcode : 'load' 'store'> <Ports = 2> <Width = 256> <Depth = 540> <RAM>
ST_1 : Operation 18 [1/1] (1.23ns)   --->   "%wbuf_6 = alloca i64 1" [../gen2/Hls_Layers_UpConv.tpp:216->../gen2/Hls_Layers_UpConv.tpp:216]   --->   Operation 18 'alloca' 'wbuf_6' <Predicate = true> <Delay = 1.23> <CoreInst = "RAM_T2P_URAM">   --->   Core 99 'RAM_T2P_URAM' <Latency = 1> <II = 1> <Delay = 1.23> <Storage> <Opcode : 'load' 'store'> <Ports = 2> <Width = 256> <Depth = 540> <RAM>
ST_1 : Operation 19 [1/1] (1.23ns)   --->   "%wbuf_7 = alloca i64 1" [../gen2/Hls_Layers_UpConv.tpp:216->../gen2/Hls_Layers_UpConv.tpp:216]   --->   Operation 19 'alloca' 'wbuf_7' <Predicate = true> <Delay = 1.23> <CoreInst = "RAM_T2P_URAM">   --->   Core 99 'RAM_T2P_URAM' <Latency = 1> <II = 1> <Delay = 1.23> <Storage> <Opcode : 'load' 'store'> <Ports = 2> <Width = 256> <Depth = 540> <RAM>
ST_1 : Operation 20 [2/2] (1.61ns)   --->   "%call_ret = call i25 @uc_load_tile<8>2, i256 %gmem_weight, i64 %W_ptr_read, i6 %tile_read, i9 %C_OUT_read, i10 %C_IN_read, i256 %wbuf_7, i256 %wbuf_6, i256 %wbuf_5, i256 %wbuf_4, i256 %wbuf_3, i256 %wbuf_2, i256 %wbuf_1, i256 %wbuf" [../gen2/Hls_Layers_UpConv.tpp:219->../gen2/Hls_Layers_UpConv.tpp:216]   --->   Operation 20 'call' 'call_ret' <Predicate = true> <Delay = 1.61> <CoreType = "Generic">   --->   Generic Core

State 2 <SV = 1> <Delay = 1.21>
ST_2 : Operation 21 [1/1] (0.00ns)   --->   "%W_IN_read = read i8 @_ssdm_op_Read.ap_auto.i8, i8 %W_IN"   --->   Operation 21 'read' 'W_IN_read' <Predicate = true> <Delay = 0.00>
ST_2 : Operation 22 [1/1] (0.00ns)   --->   "%H_IN_read = read i8 @_ssdm_op_Read.ap_auto.i8, i8 %H_IN"   --->   Operation 22 'read' 'H_IN_read' <Predicate = true> <Delay = 0.00>
ST_2 : Operation 23 [1/1] (0.00ns)   --->   "%ho_read = read i8 @_ssdm_op_Read.ap_auto.i8, i8 %ho"   --->   Operation 23 'read' 'ho_read' <Predicate = true> <Delay = 0.00>
ST_2 : Operation 24 [1/1] (1.21ns)   --->   "%call_ln0 = call void @entry_proc, i8 %ho_read, i8 %ho_c, i8 %H_IN_read, i8 %H_IN_c, i8 %W_IN_read, i8 %W_IN_c"   --->   Operation 24 'call' 'call_ln0' <Predicate = true> <Delay = 1.21> <CoreType = "Generic">   --->   Generic Core
ST_2 : Operation 25 [1/2] (0.79ns)   --->   "%call_ret = call i25 @uc_load_tile<8>2, i256 %gmem_weight, i64 %W_ptr_read, i6 %tile_read, i9 %C_OUT_read, i10 %C_IN_read, i256 %wbuf_7, i256 %wbuf_6, i256 %wbuf_5, i256 %wbuf_4, i256 %wbuf_3, i256 %wbuf_2, i256 %wbuf_1, i256 %wbuf" [../gen2/Hls_Layers_UpConv.tpp:219->../gen2/Hls_Layers_UpConv.tpp:216]   --->   Operation 25 'call' 'call_ret' <Predicate = true> <Delay = 0.79> <CoreType = "Generic">   --->   Generic Core
ST_2 : Operation 26 [1/1] (0.00ns)   --->   "%tile_c_channel = extractvalue i25 %call_ret" [../gen2/Hls_Layers_UpConv.tpp:219->../gen2/Hls_Layers_UpConv.tpp:216]   --->   Operation 26 'extractvalue' 'tile_c_channel' <Predicate = true> <Delay = 0.00> <CoreInst = "FIFO_SRL">   --->   Core 80 'FIFO_SRL' <Latency = 0> <II = 1> <Delay = 1.83> <Storage> <Opcode : 'read' 'write' 'nbread' 'nbwrite'> <Ports = 0> <Width = 6> <Depth = 2> <FIFO>
ST_2 : Operation 27 [1/1] (0.00ns)   --->   "%C_OUT_c_channel = extractvalue i25 %call_ret" [../gen2/Hls_Layers_UpConv.tpp:219->../gen2/Hls_Layers_UpConv.tpp:216]   --->   Operation 27 'extractvalue' 'C_OUT_c_channel' <Predicate = true> <Delay = 0.00> <CoreInst = "FIFO_SRL">   --->   Core 80 'FIFO_SRL' <Latency = 0> <II = 1> <Delay = 1.83> <Storage> <Opcode : 'read' 'write' 'nbread' 'nbwrite'> <Ports = 0> <Width = 9> <Depth = 2> <FIFO>
ST_2 : Operation 28 [1/1] (0.00ns)   --->   "%C_IN_c_channel = extractvalue i25 %call_ret" [../gen2/Hls_Layers_UpConv.tpp:219->../gen2/Hls_Layers_UpConv.tpp:216]   --->   Operation 28 'extractvalue' 'C_IN_c_channel' <Predicate = true> <Delay = 0.00> <CoreInst = "FIFO_SRL">   --->   Core 80 'FIFO_SRL' <Latency = 0> <II = 1> <Delay = 1.83> <Storage> <Opcode : 'read' 'write' 'nbread' 'nbwrite'> <Ports = 0> <Width = 10> <Depth = 2> <FIFO>

State 3 <SV = 2> <Delay = 2.00>
ST_3 : Operation 29 [2/2] (2.00ns)   --->   "%call_ln220 = call void @uc_compute_tile<8>3, i256 %wbuf_7, i256 %wbuf_6, i256 %wbuf_5, i256 %wbuf_4, i256 %wbuf_3, i256 %wbuf_2, i256 %wbuf_1, i256 %wbuf, i6 %tile_c_channel, i8 %ho_c, i8 %H_IN_c, i8 %W_IN_c, i10 %C_IN_c_channel, i9 %C_OUT_c_channel, i256 %x_buf, i16 %void_UpConv_Fused_Row_ap_uint_ap_uint_const_ap_uint_const_ap_uint_const_ap_u_9, i16 %void_UpConv_Fused_Row_ap_uint_ap_uint_const_ap_uint_const_ap_uint_const_ap_u_1, i16 %void_UpConv_Fused_Row_ap_uint_ap_uint_const_ap_uint_const_ap_uint_const_ap_u_8, i16 %void_UpConv_Fused_Row_ap_uint_ap_uint_const_ap_uint_const_ap_uint_const_ap_u, i16 %void_UpConv_Fused_Row_ap_uint_ap_uint_const_ap_uint_const_ap_uint_const_ap_u_7, i16 %void_UpConv_Fused_Row_8_ap_uint_256_ap_uint_256_const_ap_uint_256_const_ap_uint_256_const_ap_uint_256_const_ap_uint_256_decimal16_int_int_int_int_int_row_acc, i16 %void_UpConv_Fused_Row_ap_uint_ap_uint_const_ap_uint_const_ap_uint_const_ap_u_6, i16 %void_UpConv_Fused_Row_8_ap_uint_256_ap_uint_256_const_ap_uint_256_const_ap_uint_256_const_ap_uint_256_const_ap_uint_256_decimal16_int_int_int_int_int_row_acc_0, i16 %void_UpConv_Fused_Row_ap_uint_ap_uint_const_ap_uint_const_ap_uint_const_ap_u_5, i16 %void_UpConv_Fused_Row_8_ap_uint_256_ap_uint_256_const_ap_uint_256_const_ap_uint_256_const_ap_uint_256_const_ap_uint_256_decimal16_int_int_int_int_int_row_acc_1, i16 %void_UpConv_Fused_Row_ap_uint_ap_uint_const_ap_uint_const_ap_uint_const_ap_u_4, i16 %void_UpConv_Fused_Row_8_ap_uint_256_ap_uint_256_const_ap_uint_256_const_ap_uint_256_const_ap_uint_256_const_ap_uint_256_decimal16_int_int_int_int_int_row_acc_2, i16 %void_UpConv_Fused_Row_ap_uint_ap_uint_const_ap_uint_const_ap_uint_const_ap_u_3, i16 %void_UpConv_Fused_Row_8_ap_uint_256_ap_uint_256_const_ap_uint_256_const_ap_uint_256_const_ap_uint_256_const_ap_uint_256_decimal16_int_int_int_int_int_row_acc_3, i16 %void_UpConv_Fused_Row_ap_uint_ap_uint_const_ap_uint_const_ap_uint_const_ap_u_2, i16 %void_UpConv_Fused_Row_8_ap_uint_256_ap_uint_256_const_ap_uint_256_const_ap_uint_256_const_ap_uint_256_const_ap_uint_256_decimal16_int_int_int_int_int_row_acc_4" [../gen2/Hls_Layers_UpConv.tpp:220->../gen2/Hls_Layers_UpConv.tpp:216]   --->   Operation 29 'call' 'call_ln220' <Predicate = true> <Delay = 2.00> <CoreType = "Generic">   --->   Generic Core

State 4 <SV = 3> <Delay = 0.54>
ST_4 : Operation 30 [1/1] (0.00ns)   --->   "%empty = specchannel i32 @_ssdm_op_SpecChannel, void @W_IN_c_str, i32 1, void @p_str, void @p_str, i32 3, i32 0, i8 %W_IN_c, i8 %W_IN_c"   --->   Operation 30 'specchannel' 'empty' <Predicate = true> <Delay = 0.00>
ST_4 : Operation 31 [1/1] (0.00ns)   --->   "%specinterface_ln0 = specinterface void @_ssdm_op_SpecInterface, i8 %W_IN_c, void @ap_fifo_str, i32 0, i32 0, void @p_str, i32 0, i32 0, void @p_str, void @p_str, void @p_str, i32 2, i32 2, i32 16, i32 16, void @p_str, void @p_str, i32 4294967295, i32 0, i32 0"   --->   Operation 31 'specinterface' 'specinterface_ln0' <Predicate = true> <Delay = 0.00>
ST_4 : Operation 32 [1/1] (0.00ns)   --->   "%empty_215 = specchannel i32 @_ssdm_op_SpecChannel, void @H_IN_c_str, i32 1, void @p_str, void @p_str, i32 3, i32 0, i8 %H_IN_c, i8 %H_IN_c"   --->   Operation 32 'specchannel' 'empty_215' <Predicate = true> <Delay = 0.00>
ST_4 : Operation 33 [1/1] (0.00ns)   --->   "%specinterface_ln0 = specinterface void @_ssdm_op_SpecInterface, i8 %H_IN_c, void @ap_fifo_str, i32 0, i32 0, void @p_str, i32 0, i32 0, void @p_str, void @p_str, void @p_str, i32 2, i32 2, i32 16, i32 16, void @p_str, void @p_str, i32 4294967295, i32 0, i32 0"   --->   Operation 33 'specinterface' 'specinterface_ln0' <Predicate = true> <Delay = 0.00>
ST_4 : Operation 34 [1/1] (0.00ns)   --->   "%empty_216 = specchannel i32 @_ssdm_op_SpecChannel, void @ho_c_str, i32 1, void @p_str, void @p_str, i32 3, i32 0, i8 %ho_c, i8 %ho_c"   --->   Operation 34 'specchannel' 'empty_216' <Predicate = true> <Delay = 0.00>
ST_4 : Operation 35 [1/1] (0.00ns)   --->   "%specinterface_ln0 = specinterface void @_ssdm_op_SpecInterface, i8 %ho_c, void @ap_fifo_str, i32 0, i32 0, void @p_str, i32 0, i32 0, void @p_str, void @p_str, void @p_str, i32 2, i32 2, i32 16, i32 16, void @p_str, void @p_str, i32 4294967295, i32 0, i32 0"   --->   Operation 35 'specinterface' 'specinterface_ln0' <Predicate = true> <Delay = 0.00>
ST_4 : Operation 36 [1/1] (0.00ns)   --->   "%specdataflowpipeline_ln0 = specdataflowpipeline void @_ssdm_op_SpecDataflowPipeline, i32 4294967295, i32 0, void @empty_80"   --->   Operation 36 'specdataflowpipeline' 'specdataflowpipeline_ln0' <Predicate = true> <Delay = 0.00>
ST_4 : Operation 37 [1/1] (0.00ns)   --->   "%specinterface_ln0 = specinterface void @_ssdm_op_SpecInterface, i256 %gmem_weight, void @empty_161, i32 0, i32 0, void @empty_80, i32 0, i32 0, void @empty_56, void @empty_138, void @empty_80, i32 16, i32 16, i32 64, i32 16, void @empty_80, void @empty_80, i32 4294967295, i32 0, i32 0"   --->   Operation 37 'specinterface' 'specinterface_ln0' <Predicate = true> <Delay = 0.00>
ST_4 : Operation 38 [1/1] (0.00ns)   --->   "%specmemcore_ln217 = specmemcore void @_ssdm_op_SpecMemCore, i256 %wbuf, i64 666, i64 31, i64 18446744073709551615" [../gen2/Hls_Layers_UpConv.tpp:217->../gen2/Hls_Layers_UpConv.tpp:216]   --->   Operation 38 'specmemcore' 'specmemcore_ln217' <Predicate = true> <Delay = 0.00>
ST_4 : Operation 39 [1/1] (0.00ns)   --->   "%specmemcore_ln217 = specmemcore void @_ssdm_op_SpecMemCore, i256 %wbuf_1, i64 666, i64 31, i64 18446744073709551615" [../gen2/Hls_Layers_UpConv.tpp:217->../gen2/Hls_Layers_UpConv.tpp:216]   --->   Operation 39 'specmemcore' 'specmemcore_ln217' <Predicate = true> <Delay = 0.00>
ST_4 : Operation 40 [1/1] (0.00ns)   --->   "%specmemcore_ln217 = specmemcore void @_ssdm_op_SpecMemCore, i256 %wbuf_2, i64 666, i64 31, i64 18446744073709551615" [../gen2/Hls_Layers_UpConv.tpp:217->../gen2/Hls_Layers_UpConv.tpp:216]   --->   Operation 40 'specmemcore' 'specmemcore_ln217' <Predicate = true> <Delay = 0.00>
ST_4 : Operation 41 [1/1] (0.00ns)   --->   "%specmemcore_ln217 = specmemcore void @_ssdm_op_SpecMemCore, i256 %wbuf_3, i64 666, i64 31, i64 18446744073709551615" [../gen2/Hls_Layers_UpConv.tpp:217->../gen2/Hls_Layers_UpConv.tpp:216]   --->   Operation 41 'specmemcore' 'specmemcore_ln217' <Predicate = true> <Delay = 0.00>
ST_4 : Operation 42 [1/1] (0.00ns)   --->   "%specmemcore_ln217 = specmemcore void @_ssdm_op_SpecMemCore, i256 %wbuf_4, i64 666, i64 31, i64 18446744073709551615" [../gen2/Hls_Layers_UpConv.tpp:217->../gen2/Hls_Layers_UpConv.tpp:216]   --->   Operation 42 'specmemcore' 'specmemcore_ln217' <Predicate = true> <Delay = 0.00>
ST_4 : Operation 43 [1/1] (0.00ns)   --->   "%specmemcore_ln217 = specmemcore void @_ssdm_op_SpecMemCore, i256 %wbuf_5, i64 666, i64 31, i64 18446744073709551615" [../gen2/Hls_Layers_UpConv.tpp:217->../gen2/Hls_Layers_UpConv.tpp:216]   --->   Operation 43 'specmemcore' 'specmemcore_ln217' <Predicate = true> <Delay = 0.00>
ST_4 : Operation 44 [1/1] (0.00ns)   --->   "%specmemcore_ln217 = specmemcore void @_ssdm_op_SpecMemCore, i256 %wbuf_6, i64 666, i64 31, i64 18446744073709551615" [../gen2/Hls_Layers_UpConv.tpp:217->../gen2/Hls_Layers_UpConv.tpp:216]   --->   Operation 44 'specmemcore' 'specmemcore_ln217' <Predicate = true> <Delay = 0.00>
ST_4 : Operation 45 [1/1] (0.00ns)   --->   "%specmemcore_ln217 = specmemcore void @_ssdm_op_SpecMemCore, i256 %wbuf_7, i64 666, i64 31, i64 18446744073709551615" [../gen2/Hls_Layers_UpConv.tpp:217->../gen2/Hls_Layers_UpConv.tpp:216]   --->   Operation 45 'specmemcore' 'specmemcore_ln217' <Predicate = true> <Delay = 0.00>
ST_4 : Operation 46 [1/2] (0.54ns)   --->   "%call_ln220 = call void @uc_compute_tile<8>3, i256 %wbuf_7, i256 %wbuf_6, i256 %wbuf_5, i256 %wbuf_4, i256 %wbuf_3, i256 %wbuf_2, i256 %wbuf_1, i256 %wbuf, i6 %tile_c_channel, i8 %ho_c, i8 %H_IN_c, i8 %W_IN_c, i10 %C_IN_c_channel, i9 %C_OUT_c_channel, i256 %x_buf, i16 %void_UpConv_Fused_Row_ap_uint_ap_uint_const_ap_uint_const_ap_uint_const_ap_u_9, i16 %void_UpConv_Fused_Row_ap_uint_ap_uint_const_ap_uint_const_ap_uint_const_ap_u_1, i16 %void_UpConv_Fused_Row_ap_uint_ap_uint_const_ap_uint_const_ap_uint_const_ap_u_8, i16 %void_UpConv_Fused_Row_ap_uint_ap_uint_const_ap_uint_const_ap_uint_const_ap_u, i16 %void_UpConv_Fused_Row_ap_uint_ap_uint_const_ap_uint_const_ap_uint_const_ap_u_7, i16 %void_UpConv_Fused_Row_8_ap_uint_256_ap_uint_256_const_ap_uint_256_const_ap_uint_256_const_ap_uint_256_const_ap_uint_256_decimal16_int_int_int_int_int_row_acc, i16 %void_UpConv_Fused_Row_ap_uint_ap_uint_const_ap_uint_const_ap_uint_const_ap_u_6, i16 %void_UpConv_Fused_Row_8_ap_uint_256_ap_uint_256_const_ap_uint_256_const_ap_uint_256_const_ap_uint_256_const_ap_uint_256_decimal16_int_int_int_int_int_row_acc_0, i16 %void_UpConv_Fused_Row_ap_uint_ap_uint_const_ap_uint_const_ap_uint_const_ap_u_5, i16 %void_UpConv_Fused_Row_8_ap_uint_256_ap_uint_256_const_ap_uint_256_const_ap_uint_256_const_ap_uint_256_const_ap_uint_256_decimal16_int_int_int_int_int_row_acc_1, i16 %void_UpConv_Fused_Row_ap_uint_ap_uint_const_ap_uint_const_ap_uint_const_ap_u_4, i16 %void_UpConv_Fused_Row_8_ap_uint_256_ap_uint_256_const_ap_uint_256_const_ap_uint_256_const_ap_uint_256_const_ap_uint_256_decimal16_int_int_int_int_int_row_acc_2, i16 %void_UpConv_Fused_Row_ap_uint_ap_uint_const_ap_uint_const_ap_uint_const_ap_u_3, i16 %void_UpConv_Fused_Row_8_ap_uint_256_ap_uint_256_const_ap_uint_256_const_ap_uint_256_const_ap_uint_256_const_ap_uint_256_decimal16_int_int_int_int_int_row_acc_3, i16 %void_UpConv_Fused_Row_ap_uint_ap_uint_const_ap_uint_const_ap_uint_const_ap_u_2, i16 %void_UpConv_Fused_Row_8_ap_uint_256_ap_uint_256_const_ap_uint_256_const_ap_uint_256_const_ap_uint_256_const_ap_uint_256_decimal16_int_int_int_int_int_row_acc_4" [../gen2/Hls_Layers_UpConv.tpp:220->../gen2/Hls_Layers_UpConv.tpp:216]   --->   Operation 46 'call' 'call_ln220' <Predicate = true> <Delay = 0.54> <CoreType = "Generic">   --->   Generic Core
ST_4 : Operation 47 [1/1] (0.00ns)   --->   "%ret_ln216 = ret" [../gen2/Hls_Layers_UpConv.tpp:216]   --->   Operation 47 'ret' 'ret_ln216' <Predicate = true> <Delay = 0.00>


============================================================
+ Verbose Summary: Binding
============================================================
STG Binding: 
---------------- STG Properties BEGIN ----------------
- Is combinational: 0
- Is one-state seq: 0
- Is datapath-only: 0
- Is pipelined: 0
- Is top level: 0
Port [ Return ] is wired: 1; IO mode=ap_ctrl_hs:ce=0
Port [ gmem_weight]:  wired=1; compound=1; hidden=0; nouse=0; global=0; static=0; extern=0; dir=0; type=4; pingpong=0; private_global=0; IO mode=m_axi:ce=0
Port [ W_ptr]:  wired=1; compound=0; hidden=0; nouse=0; global=0; static=0; extern=0; dir=0; type=0; pingpong=0; private_global=0; IO mode=ap_none:ce=0
Port [ tile]:  wired=1; compound=0; hidden=0; nouse=0; global=0; static=0; extern=0; dir=0; type=0; pingpong=0; private_global=0; IO mode=ap_none:ce=0
Port [ C_OUT]:  wired=1; compound=0; hidden=0; nouse=0; global=0; static=0; extern=0; dir=0; type=0; pingpong=0; private_global=0; IO mode=ap_none:ce=0
Port [ C_IN]:  wired=1; compound=0; hidden=0; nouse=0; global=0; static=0; extern=0; dir=0; type=0; pingpong=0; private_global=0; IO mode=ap_none:ce=0
Port [ ho]:  wired=1; compound=0; hidden=0; nouse=0; global=0; static=0; extern=0; dir=0; type=0; pingpong=0; private_global=0; IO mode=ap_none:ce=0
Port [ H_IN]:  wired=1; compound=0; hidden=0; nouse=0; global=0; static=0; extern=0; dir=0; type=0; pingpong=0; private_global=0; IO mode=ap_none:ce=0
Port [ W_IN]:  wired=1; compound=0; hidden=0; nouse=0; global=0; static=0; extern=0; dir=0; type=0; pingpong=0; private_global=0; IO mode=ap_none:ce=0
Port [ x_buf]:  wired=1; compound=1; hidden=0; nouse=0; global=1; static=1; extern=0; dir=0; type=1; pingpong=0; private_global=0; MemPort=[13]; IO mode=ap_memory:ce=0
Port [ void_UpConv_Fused_Row_ap_uint_ap_uint_const_ap_uint_const_ap_uint_const_ap_u_9]:  wired=1; compound=1; hidden=0; nouse=0; global=1; static=1; extern=0; dir=2; type=1; pingpong=0; private_global=0; MemPort=[01]; IO mode=ap_memory:ce=0
Port [ void_UpConv_Fused_Row_ap_uint_ap_uint_const_ap_uint_const_ap_uint_const_ap_u_1]:  wired=1; compound=1; hidden=0; nouse=0; global=1; static=1; extern=0; dir=2; type=1; pingpong=0; private_global=0; MemPort=[01]; IO mode=ap_memory:ce=0
Port [ void_UpConv_Fused_Row_ap_uint_ap_uint_const_ap_uint_const_ap_uint_const_ap_u_8]:  wired=1; compound=1; hidden=0; nouse=0; global=1; static=1; extern=0; dir=2; type=1; pingpong=0; private_global=0; MemPort=[01]; IO mode=ap_memory:ce=0
Port [ void_UpConv_Fused_Row_ap_uint_ap_uint_const_ap_uint_const_ap_uint_const_ap_u]:  wired=1; compound=1; hidden=0; nouse=0; global=1; static=1; extern=0; dir=2; type=1; pingpong=0; private_global=0; MemPort=[01]; IO mode=ap_memory:ce=0
Port [ void_UpConv_Fused_Row_ap_uint_ap_uint_const_ap_uint_const_ap_uint_const_ap_u_7]:  wired=1; compound=1; hidden=0; nouse=0; global=1; static=1; extern=0; dir=2; type=1; pingpong=0; private_global=0; MemPort=[01]; IO mode=ap_memory:ce=0
Port [ void_UpConv_Fused_Row_8_ap_uint_256_ap_uint_256_const_ap_uint_256_const_ap_uint_256_const_ap_uint_256_const_ap_uint_256_decimal16_int_int_int_int_int_row_acc]:  wired=1; compound=1; hidden=0; nouse=0; global=1; static=1; extern=0; dir=2; type=1; pingpong=0; private_global=0; MemPort=[01]; IO mode=ap_memory:ce=0
Port [ void_UpConv_Fused_Row_ap_uint_ap_uint_const_ap_uint_const_ap_uint_const_ap_u_6]:  wired=1; compound=1; hidden=0; nouse=0; global=1; static=1; extern=0; dir=2; type=1; pingpong=0; private_global=0; MemPort=[01]; IO mode=ap_memory:ce=0
Port [ void_UpConv_Fused_Row_8_ap_uint_256_ap_uint_256_const_ap_uint_256_const_ap_uint_256_const_ap_uint_256_const_ap_uint_256_decimal16_int_int_int_int_int_row_acc_0]:  wired=1; compound=1; hidden=0; nouse=0; global=1; static=1; extern=0; dir=2; type=1; pingpong=0; private_global=0; MemPort=[01]; IO mode=ap_memory:ce=0
Port [ void_UpConv_Fused_Row_ap_uint_ap_uint_const_ap_uint_const_ap_uint_const_ap_u_5]:  wired=1; compound=1; hidden=0; nouse=0; global=1; static=1; extern=0; dir=2; type=1; pingpong=0; private_global=0; MemPort=[01]; IO mode=ap_memory:ce=0
Port [ void_UpConv_Fused_Row_8_ap_uint_256_ap_uint_256_const_ap_uint_256_const_ap_uint_256_const_ap_uint_256_const_ap_uint_256_decimal16_int_int_int_int_int_row_acc_1]:  wired=1; compound=1; hidden=0; nouse=0; global=1; static=1; extern=0; dir=2; type=1; pingpong=0; private_global=0; MemPort=[01]; IO mode=ap_memory:ce=0
Port [ void_UpConv_Fused_Row_ap_uint_ap_uint_const_ap_uint_const_ap_uint_const_ap_u_4]:  wired=1; compound=1; hidden=0; nouse=0; global=1; static=1; extern=0; dir=2; type=1; pingpong=0; private_global=0; MemPort=[01]; IO mode=ap_memory:ce=0
Port [ void_UpConv_Fused_Row_8_ap_uint_256_ap_uint_256_const_ap_uint_256_const_ap_uint_256_const_ap_uint_256_const_ap_uint_256_decimal16_int_int_int_int_int_row_acc_2]:  wired=1; compound=1; hidden=0; nouse=0; global=1; static=1; extern=0; dir=2; type=1; pingpong=0; private_global=0; MemPort=[01]; IO mode=ap_memory:ce=0
Port [ void_UpConv_Fused_Row_ap_uint_ap_uint_const_ap_uint_const_ap_uint_const_ap_u_3]:  wired=1; compound=1; hidden=0; nouse=0; global=1; static=1; extern=0; dir=2; type=1; pingpong=0; private_global=0; MemPort=[01]; IO mode=ap_memory:ce=0
Port [ void_UpConv_Fused_Row_8_ap_uint_256_ap_uint_256_const_ap_uint_256_const_ap_uint_256_const_ap_uint_256_const_ap_uint_256_decimal16_int_int_int_int_int_row_acc_3]:  wired=1; compound=1; hidden=0; nouse=0; global=1; static=1; extern=0; dir=2; type=1; pingpong=0; private_global=0; MemPort=[01]; IO mode=ap_memory:ce=0
Port [ void_UpConv_Fused_Row_ap_uint_ap_uint_const_ap_uint_const_ap_uint_const_ap_u_2]:  wired=1; compound=1; hidden=0; nouse=0; global=1; static=1; extern=0; dir=2; type=1; pingpong=0; private_global=0; MemPort=[01]; IO mode=ap_memory:ce=0
Port [ void_UpConv_Fused_Row_8_ap_uint_256_ap_uint_256_const_ap_uint_256_const_ap_uint_256_const_ap_uint_256_const_ap_uint_256_decimal16_int_int_int_int_int_row_acc_4]:  wired=1; compound=1; hidden=0; nouse=0; global=1; static=1; extern=0; dir=2; type=1; pingpong=0; private_global=0; MemPort=[01]; IO mode=ap_memory:ce=0
---------------- STG Properties END ------------------

---------------- Datapath Model BEGIN ----------------

<LifeTime>
<method=bitvector/>
C_IN_read                (read                ) [ 00100]
C_OUT_read               (read                ) [ 00100]
tile_read                (read                ) [ 00100]
W_ptr_read               (read                ) [ 00100]
W_IN_c                   (alloca              ) [ 00111]
H_IN_c                   (alloca              ) [ 00111]
ho_c                     (alloca              ) [ 00111]
wbuf                     (alloca              ) [ 00111]
wbuf_1                   (alloca              ) [ 00111]
wbuf_2                   (alloca              ) [ 00111]
wbuf_3                   (alloca              ) [ 00111]
wbuf_4                   (alloca              ) [ 00111]
wbuf_5                   (alloca              ) [ 00111]
wbuf_6                   (alloca              ) [ 00111]
wbuf_7                   (alloca              ) [ 00111]
W_IN_read                (read                ) [ 00000]
H_IN_read                (read                ) [ 00000]
ho_read                  (read                ) [ 00000]
call_ln0                 (call                ) [ 00000]
call_ret                 (call                ) [ 00000]
tile_c_channel           (extractvalue        ) [ 00011]
C_OUT_c_channel          (extractvalue        ) [ 00011]
C_IN_c_channel           (extractvalue        ) [ 00011]
empty                    (specchannel         ) [ 00000]
specinterface_ln0        (specinterface       ) [ 00000]
empty_215                (specchannel         ) [ 00000]
specinterface_ln0        (specinterface       ) [ 00000]
empty_216                (specchannel         ) [ 00000]
specinterface_ln0        (specinterface       ) [ 00000]
specdataflowpipeline_ln0 (specdataflowpipeline) [ 00000]
specinterface_ln0        (specinterface       ) [ 00000]
specmemcore_ln217        (specmemcore         ) [ 00000]
specmemcore_ln217        (specmemcore         ) [ 00000]
specmemcore_ln217        (specmemcore         ) [ 00000]
specmemcore_ln217        (specmemcore         ) [ 00000]
specmemcore_ln217        (specmemcore         ) [ 00000]
specmemcore_ln217        (specmemcore         ) [ 00000]
specmemcore_ln217        (specmemcore         ) [ 00000]
specmemcore_ln217        (specmemcore         ) [ 00000]
call_ln220               (call                ) [ 00000]
ret_ln216                (ret                 ) [ 00000]
</LifeTime>

<model>

<comp_list>
<comp id="0" class="1000" name="gmem_weight">
<pin_list>
<pin id="1" dir="1" index="0" bw="1" slack="0"/>
</pin_list>
<bind>
<StgValue><ssdm name="gmem_weight"/><MemPortTyVec>0 </MemPortTyVec>
</StgValue>
</bind>
</comp>

<comp id="2" class="1000" name="W_ptr">
<pin_list>
<pin id="3" dir="1" index="0" bw="1" slack="0"/>
</pin_list>
<bind>
<StgValue><ssdm name="W_ptr"/></StgValue>
</bind>
</comp>

<comp id="4" class="1000" name="tile">
<pin_list>
<pin id="5" dir="1" index="0" bw="1" slack="0"/>
</pin_list>
<bind>
<StgValue><ssdm name="tile"/></StgValue>
</bind>
</comp>

<comp id="6" class="1000" name="C_OUT">
<pin_list>
<pin id="7" dir="1" index="0" bw="1" slack="0"/>
</pin_list>
<bind>
<StgValue><ssdm name="C_OUT"/></StgValue>
</bind>
</comp>

<comp id="8" class="1000" name="C_IN">
<pin_list>
<pin id="9" dir="1" index="0" bw="1" slack="0"/>
</pin_list>
<bind>
<StgValue><ssdm name="C_IN"/></StgValue>
</bind>
</comp>

<comp id="10" class="1000" name="ho">
<pin_list>
<pin id="11" dir="1" index="0" bw="1" slack="0"/>
</pin_list>
<bind>
<StgValue><ssdm name="ho"/></StgValue>
</bind>
</comp>

<comp id="12" class="1000" name="H_IN">
<pin_list>
<pin id="13" dir="1" index="0" bw="1" slack="0"/>
</pin_list>
<bind>
<StgValue><ssdm name="H_IN"/></StgValue>
</bind>
</comp>

<comp id="14" class="1000" name="W_IN">
<pin_list>
<pin id="15" dir="1" index="0" bw="1" slack="0"/>
</pin_list>
<bind>
<StgValue><ssdm name="W_IN"/></StgValue>
</bind>
</comp>

<comp id="16" class="1000" name="x_buf">
<pin_list>
<pin id="17" dir="1" index="0" bw="1" slack="0"/>
</pin_list>
<bind>
<StgValue><ssdm name="x_buf"/><MemPortTyVec>1 3 </MemPortTyVec>
</StgValue>
</bind>
</comp>

<comp id="18" class="1000" name="void_UpConv_Fused_Row_ap_uint_ap_uint_const_ap_uint_const_ap_uint_const_ap_u_9">
<pin_list>
<pin id="19" dir="1" index="0" bw="1" slack="0"/>
</pin_list>
<bind>
<StgValue><ssdm name="void_UpConv_Fused_Row_ap_uint_ap_uint_const_ap_uint_const_ap_uint_const_ap_u_9"/><MemPortTyVec>0 1 </MemPortTyVec>
</StgValue>
</bind>
</comp>

<comp id="20" class="1000" name="void_UpConv_Fused_Row_ap_uint_ap_uint_const_ap_uint_const_ap_uint_const_ap_u_1">
<pin_list>
<pin id="21" dir="1" index="0" bw="1" slack="0"/>
</pin_list>
<bind>
<StgValue><ssdm name="void_UpConv_Fused_Row_ap_uint_ap_uint_const_ap_uint_const_ap_uint_const_ap_u_1"/><MemPortTyVec>0 1 </MemPortTyVec>
</StgValue>
</bind>
</comp>

<comp id="22" class="1000" name="void_UpConv_Fused_Row_ap_uint_ap_uint_const_ap_uint_const_ap_uint_const_ap_u_8">
<pin_list>
<pin id="23" dir="1" index="0" bw="1" slack="0"/>
</pin_list>
<bind>
<StgValue><ssdm name="void_UpConv_Fused_Row_ap_uint_ap_uint_const_ap_uint_const_ap_uint_const_ap_u_8"/><MemPortTyVec>0 1 </MemPortTyVec>
</StgValue>
</bind>
</comp>

<comp id="24" class="1000" name="void_UpConv_Fused_Row_ap_uint_ap_uint_const_ap_uint_const_ap_uint_const_ap_u">
<pin_list>
<pin id="25" dir="1" index="0" bw="1" slack="0"/>
</pin_list>
<bind>
<StgValue><ssdm name="void_UpConv_Fused_Row_ap_uint_ap_uint_const_ap_uint_const_ap_uint_const_ap_u"/><MemPortTyVec>0 1 </MemPortTyVec>
</StgValue>
</bind>
</comp>

<comp id="26" class="1000" name="void_UpConv_Fused_Row_ap_uint_ap_uint_const_ap_uint_const_ap_uint_const_ap_u_7">
<pin_list>
<pin id="27" dir="1" index="0" bw="1" slack="0"/>
</pin_list>
<bind>
<StgValue><ssdm name="void_UpConv_Fused_Row_ap_uint_ap_uint_const_ap_uint_const_ap_uint_const_ap_u_7"/><MemPortTyVec>0 1 </MemPortTyVec>
</StgValue>
</bind>
</comp>

<comp id="28" class="1000" name="void_UpConv_Fused_Row_8_ap_uint_256_ap_uint_256_const_ap_uint_256_const_ap_uint_256_const_ap_uint_256_const_ap_uint_256_decimal16_int_int_int_int_int_row_acc">
<pin_list>
<pin id="29" dir="1" index="0" bw="1" slack="0"/>
</pin_list>
<bind>
<StgValue><ssdm name="void_UpConv_Fused_Row_8_ap_uint_256_ap_uint_256_const_ap_uint_256_const_ap_uint_256_const_ap_uint_256_const_ap_uint_256_decimal16_int_int_int_int_int_row_acc"/><MemPortTyVec>0 1 </MemPortTyVec>
</StgValue>
</bind>
</comp>

<comp id="30" class="1000" name="void_UpConv_Fused_Row_ap_uint_ap_uint_const_ap_uint_const_ap_uint_const_ap_u_6">
<pin_list>
<pin id="31" dir="1" index="0" bw="1" slack="0"/>
</pin_list>
<bind>
<StgValue><ssdm name="void_UpConv_Fused_Row_ap_uint_ap_uint_const_ap_uint_const_ap_uint_const_ap_u_6"/><MemPortTyVec>0 1 </MemPortTyVec>
</StgValue>
</bind>
</comp>

<comp id="32" class="1000" name="void_UpConv_Fused_Row_8_ap_uint_256_ap_uint_256_const_ap_uint_256_const_ap_uint_256_const_ap_uint_256_const_ap_uint_256_decimal16_int_int_int_int_int_row_acc_0">
<pin_list>
<pin id="33" dir="1" index="0" bw="1" slack="0"/>
</pin_list>
<bind>
<StgValue><ssdm name="void_UpConv_Fused_Row_8_ap_uint_256_ap_uint_256_const_ap_uint_256_const_ap_uint_256_const_ap_uint_256_const_ap_uint_256_decimal16_int_int_int_int_int_row_acc_0"/><MemPortTyVec>0 1 </MemPortTyVec>
</StgValue>
</bind>
</comp>

<comp id="34" class="1000" name="void_UpConv_Fused_Row_ap_uint_ap_uint_const_ap_uint_const_ap_uint_const_ap_u_5">
<pin_list>
<pin id="35" dir="1" index="0" bw="1" slack="0"/>
</pin_list>
<bind>
<StgValue><ssdm name="void_UpConv_Fused_Row_ap_uint_ap_uint_const_ap_uint_const_ap_uint_const_ap_u_5"/><MemPortTyVec>0 1 </MemPortTyVec>
</StgValue>
</bind>
</comp>

<comp id="36" class="1000" name="void_UpConv_Fused_Row_8_ap_uint_256_ap_uint_256_const_ap_uint_256_const_ap_uint_256_const_ap_uint_256_const_ap_uint_256_decimal16_int_int_int_int_int_row_acc_1">
<pin_list>
<pin id="37" dir="1" index="0" bw="1" slack="0"/>
</pin_list>
<bind>
<StgValue><ssdm name="void_UpConv_Fused_Row_8_ap_uint_256_ap_uint_256_const_ap_uint_256_const_ap_uint_256_const_ap_uint_256_const_ap_uint_256_decimal16_int_int_int_int_int_row_acc_1"/><MemPortTyVec>0 1 </MemPortTyVec>
</StgValue>
</bind>
</comp>

<comp id="38" class="1000" name="void_UpConv_Fused_Row_ap_uint_ap_uint_const_ap_uint_const_ap_uint_const_ap_u_4">
<pin_list>
<pin id="39" dir="1" index="0" bw="1" slack="0"/>
</pin_list>
<bind>
<StgValue><ssdm name="void_UpConv_Fused_Row_ap_uint_ap_uint_const_ap_uint_const_ap_uint_const_ap_u_4"/><MemPortTyVec>0 1 </MemPortTyVec>
</StgValue>
</bind>
</comp>

<comp id="40" class="1000" name="void_UpConv_Fused_Row_8_ap_uint_256_ap_uint_256_const_ap_uint_256_const_ap_uint_256_const_ap_uint_256_const_ap_uint_256_decimal16_int_int_int_int_int_row_acc_2">
<pin_list>
<pin id="41" dir="1" index="0" bw="1" slack="0"/>
</pin_list>
<bind>
<StgValue><ssdm name="void_UpConv_Fused_Row_8_ap_uint_256_ap_uint_256_const_ap_uint_256_const_ap_uint_256_const_ap_uint_256_const_ap_uint_256_decimal16_int_int_int_int_int_row_acc_2"/><MemPortTyVec>0 1 </MemPortTyVec>
</StgValue>
</bind>
</comp>

<comp id="42" class="1000" name="void_UpConv_Fused_Row_ap_uint_ap_uint_const_ap_uint_const_ap_uint_const_ap_u_3">
<pin_list>
<pin id="43" dir="1" index="0" bw="1" slack="0"/>
</pin_list>
<bind>
<StgValue><ssdm name="void_UpConv_Fused_Row_ap_uint_ap_uint_const_ap_uint_const_ap_uint_const_ap_u_3"/><MemPortTyVec>0 1 </MemPortTyVec>
</StgValue>
</bind>
</comp>

<comp id="44" class="1000" name="void_UpConv_Fused_Row_8_ap_uint_256_ap_uint_256_const_ap_uint_256_const_ap_uint_256_const_ap_uint_256_const_ap_uint_256_decimal16_int_int_int_int_int_row_acc_3">
<pin_list>
<pin id="45" dir="1" index="0" bw="1" slack="0"/>
</pin_list>
<bind>
<StgValue><ssdm name="void_UpConv_Fused_Row_8_ap_uint_256_ap_uint_256_const_ap_uint_256_const_ap_uint_256_const_ap_uint_256_const_ap_uint_256_decimal16_int_int_int_int_int_row_acc_3"/><MemPortTyVec>0 1 </MemPortTyVec>
</StgValue>
</bind>
</comp>

<comp id="46" class="1000" name="void_UpConv_Fused_Row_ap_uint_ap_uint_const_ap_uint_const_ap_uint_const_ap_u_2">
<pin_list>
<pin id="47" dir="1" index="0" bw="1" slack="0"/>
</pin_list>
<bind>
<StgValue><ssdm name="void_UpConv_Fused_Row_ap_uint_ap_uint_const_ap_uint_const_ap_uint_const_ap_u_2"/><MemPortTyVec>0 1 </MemPortTyVec>
</StgValue>
</bind>
</comp>

<comp id="48" class="1000" name="void_UpConv_Fused_Row_8_ap_uint_256_ap_uint_256_const_ap_uint_256_const_ap_uint_256_const_ap_uint_256_const_ap_uint_256_decimal16_int_int_int_int_int_row_acc_4">
<pin_list>
<pin id="49" dir="1" index="0" bw="1" slack="0"/>
</pin_list>
<bind>
<StgValue><ssdm name="void_UpConv_Fused_Row_8_ap_uint_256_ap_uint_256_const_ap_uint_256_const_ap_uint_256_const_ap_uint_256_const_ap_uint_256_decimal16_int_int_int_int_int_row_acc_4"/><MemPortTyVec>0 1 </MemPortTyVec>
</StgValue>
</bind>
</comp>

<comp id="50" class="1001" name="const_50">
<pin_list>
<pin id="51" dir="1" index="0" bw="1" slack="0"/>
</pin_list>
<bind>
<StgValue><ssdm name="_ssdm_op_Read.ap_auto.i10"/></StgValue>
</bind>
</comp>

<comp id="52" class="1001" name="const_52">
<pin_list>
<pin id="53" dir="1" index="0" bw="1" slack="0"/>
</pin_list>
<bind>
<StgValue><ssdm name="_ssdm_op_Read.ap_auto.i9"/></StgValue>
</bind>
</comp>

<comp id="54" class="1001" name="const_54">
<pin_list>
<pin id="55" dir="1" index="0" bw="1" slack="0"/>
</pin_list>
<bind>
<StgValue><ssdm name="_ssdm_op_Read.ap_auto.i6"/></StgValue>
</bind>
</comp>

<comp id="56" class="1001" name="const_56">
<pin_list>
<pin id="57" dir="1" index="0" bw="1" slack="0"/>
</pin_list>
<bind>
<StgValue><ssdm name="_ssdm_op_Read.ap_auto.i64"/></StgValue>
</bind>
</comp>

<comp id="58" class="1001" name="const_58">
<pin_list>
<pin id="59" dir="1" index="0" bw="1" slack="0"/>
</pin_list>
<bind>
<StgValue><ssdm name=""/></StgValue>
</bind>
</comp>

<comp id="60" class="1001" name="const_60">
<pin_list>
<pin id="61" dir="1" index="0" bw="1" slack="0"/>
</pin_list>
<bind>
<StgValue><ssdm name="uc_load_tile<8>2"/></StgValue>
</bind>
</comp>

<comp id="62" class="1001" name="const_62">
<pin_list>
<pin id="63" dir="1" index="0" bw="1" slack="0"/>
</pin_list>
<bind>
<StgValue><ssdm name="_ssdm_op_Read.ap_auto.i8"/></StgValue>
</bind>
</comp>

<comp id="64" class="1001" name="const_64">
<pin_list>
<pin id="65" dir="1" index="0" bw="1" slack="0"/>
</pin_list>
<bind>
<StgValue><ssdm name="entry_proc"/></StgValue>
</bind>
</comp>

<comp id="66" class="1001" name="const_66">
<pin_list>
<pin id="67" dir="1" index="0" bw="1" slack="0"/>
</pin_list>
<bind>
<StgValue><ssdm name="uc_compute_tile<8>3"/></StgValue>
</bind>
</comp>

<comp id="68" class="1001" name="const_68">
<pin_list>
<pin id="69" dir="1" index="0" bw="1" slack="2147483647"/>
</pin_list>
<bind>
<StgValue><ssdm name="_ssdm_op_SpecChannel"/></StgValue>
</bind>
</comp>

<comp id="70" class="1001" name="const_70">
<pin_list>
<pin id="71" dir="1" index="0" bw="1" slack="2147483647"/>
</pin_list>
<bind>
<StgValue><ssdm name="W_IN_c_str"/></StgValue>
</bind>
</comp>

<comp id="72" class="1001" name="const_72">
<pin_list>
<pin id="73" dir="1" index="0" bw="1" slack="2147483647"/>
</pin_list>
<bind>
<StgValue><ssdm name=""/></StgValue>
</bind>
</comp>

<comp id="74" class="1001" name="const_74">
<pin_list>
<pin id="75" dir="1" index="0" bw="1" slack="2147483647"/>
</pin_list>
<bind>
<StgValue><ssdm name="p_str"/></StgValue>
</bind>
</comp>

<comp id="76" class="1001" name="const_76">
<pin_list>
<pin id="77" dir="1" index="0" bw="1" slack="2147483647"/>
</pin_list>
<bind>
<StgValue><ssdm name=""/></StgValue>
</bind>
</comp>

<comp id="78" class="1001" name="const_78">
<pin_list>
<pin id="79" dir="1" index="0" bw="1" slack="2147483647"/>
</pin_list>
<bind>
<StgValue><ssdm name=""/></StgValue>
</bind>
</comp>

<comp id="80" class="1001" name="const_80">
<pin_list>
<pin id="81" dir="1" index="0" bw="1" slack="2147483647"/>
</pin_list>
<bind>
<StgValue><ssdm name="_ssdm_op_SpecInterface"/></StgValue>
</bind>
</comp>

<comp id="82" class="1001" name="const_82">
<pin_list>
<pin id="83" dir="1" index="0" bw="1" slack="2147483647"/>
</pin_list>
<bind>
<StgValue><ssdm name="ap_fifo_str"/></StgValue>
</bind>
</comp>

<comp id="84" class="1001" name="const_84">
<pin_list>
<pin id="85" dir="1" index="0" bw="1" slack="2147483647"/>
</pin_list>
<bind>
<StgValue><ssdm name=""/></StgValue>
</bind>
</comp>

<comp id="86" class="1001" name="const_86">
<pin_list>
<pin id="87" dir="1" index="0" bw="1" slack="2147483647"/>
</pin_list>
<bind>
<StgValue><ssdm name=""/></StgValue>
</bind>
</comp>

<comp id="88" class="1001" name="const_88">
<pin_list>
<pin id="89" dir="1" index="0" bw="1" slack="2147483647"/>
</pin_list>
<bind>
<StgValue><ssdm name=""/></StgValue>
</bind>
</comp>

<comp id="90" class="1001" name="const_90">
<pin_list>
<pin id="91" dir="1" index="0" bw="1" slack="2147483647"/>
</pin_list>
<bind>
<StgValue><ssdm name="H_IN_c_str"/></StgValue>
</bind>
</comp>

<comp id="92" class="1001" name="const_92">
<pin_list>
<pin id="93" dir="1" index="0" bw="1" slack="2147483647"/>
</pin_list>
<bind>
<StgValue><ssdm name="ho_c_str"/></StgValue>
</bind>
</comp>

<comp id="94" class="1001" name="const_94">
<pin_list>
<pin id="95" dir="1" index="0" bw="1" slack="2147483647"/>
</pin_list>
<bind>
<StgValue><ssdm name="_ssdm_op_SpecDataflowPipeline"/></StgValue>
</bind>
</comp>

<comp id="96" class="1001" name="const_96">
<pin_list>
<pin id="97" dir="1" index="0" bw="1" slack="2147483647"/>
</pin_list>
<bind>
<StgValue><ssdm name="empty_80"/></StgValue>
</bind>
</comp>

<comp id="98" class="1001" name="const_98">
<pin_list>
<pin id="99" dir="1" index="0" bw="1" slack="2147483647"/>
</pin_list>
<bind>
<StgValue><ssdm name="empty_161"/></StgValue>
</bind>
</comp>

<comp id="100" class="1001" name="const_100">
<pin_list>
<pin id="101" dir="1" index="0" bw="1" slack="2147483647"/>
</pin_list>
<bind>
<StgValue><ssdm name="empty_56"/></StgValue>
</bind>
</comp>

<comp id="102" class="1001" name="const_102">
<pin_list>
<pin id="103" dir="1" index="0" bw="1" slack="2147483647"/>
</pin_list>
<bind>
<StgValue><ssdm name="empty_138"/></StgValue>
</bind>
</comp>

<comp id="104" class="1001" name="const_104">
<pin_list>
<pin id="105" dir="1" index="0" bw="1" slack="2147483647"/>
</pin_list>
<bind>
<StgValue><ssdm name=""/></StgValue>
</bind>
</comp>

<comp id="106" class="1001" name="const_106">
<pin_list>
<pin id="107" dir="1" index="0" bw="1" slack="2147483647"/>
</pin_list>
<bind>
<StgValue><ssdm name="_ssdm_op_SpecMemCore"/></StgValue>
</bind>
</comp>

<comp id="108" class="1001" name="const_108">
<pin_list>
<pin id="109" dir="1" index="0" bw="1" slack="2147483647"/>
</pin_list>
<bind>
<StgValue><ssdm name=""/></StgValue>
</bind>
</comp>

<comp id="110" class="1001" name="const_110">
<pin_list>
<pin id="111" dir="1" index="0" bw="1" slack="2147483647"/>
</pin_list>
<bind>
<StgValue><ssdm name=""/></StgValue>
</bind>
</comp>

<comp id="112" class="1001" name="const_112">
<pin_list>
<pin id="113" dir="1" index="0" bw="1" slack="2147483647"/>
</pin_list>
<bind>
<StgValue><ssdm name=""/></StgValue>
</bind>
</comp>

<comp id="114" class="1004" name="W_IN_c_fu_114">
<pin_list>
<pin id="115" dir="0" index="0" bw="1" slack="0"/>
<pin id="116" dir="1" index="1" bw="8" slack="1"/>
</pin_list>
<bind>
<opcode="alloca(26) " fcode="alloca"/>
<opset="W_IN_c/1 "/>
</bind>
</comp>

<comp id="118" class="1004" name="H_IN_c_fu_118">
<pin_list>
<pin id="119" dir="0" index="0" bw="1" slack="0"/>
<pin id="120" dir="1" index="1" bw="8" slack="1"/>
</pin_list>
<bind>
<opcode="alloca(26) " fcode="alloca"/>
<opset="H_IN_c/1 "/>
</bind>
</comp>

<comp id="122" class="1004" name="ho_c_fu_122">
<pin_list>
<pin id="123" dir="0" index="0" bw="1" slack="0"/>
<pin id="124" dir="1" index="1" bw="8" slack="1"/>
</pin_list>
<bind>
<opcode="alloca(26) " fcode="alloca"/>
<opset="ho_c/1 "/>
</bind>
</comp>

<comp id="126" class="1004" name="wbuf_alloca_fu_126">
<pin_list>
<pin id="127" dir="0" index="0" bw="1" slack="0"/>
<pin id="128" dir="1" index="1" bw="256" slack="0"/>
</pin_list>
<bind>
<opcode="alloca(26) " fcode="alloca"/>
<opset="wbuf/1 "/>
</bind>
</comp>

<comp id="130" class="1004" name="wbuf_1_alloca_fu_130">
<pin_list>
<pin id="131" dir="0" index="0" bw="1" slack="0"/>
<pin id="132" dir="1" index="1" bw="256" slack="0"/>
</pin_list>
<bind>
<opcode="alloca(26) " fcode="alloca"/>
<opset="wbuf_1/1 "/>
</bind>
</comp>

<comp id="134" class="1004" name="wbuf_2_alloca_fu_134">
<pin_list>
<pin id="135" dir="0" index="0" bw="1" slack="0"/>
<pin id="136" dir="1" index="1" bw="256" slack="0"/>
</pin_list>
<bind>
<opcode="alloca(26) " fcode="alloca"/>
<opset="wbuf_2/1 "/>
</bind>
</comp>

<comp id="138" class="1004" name="wbuf_3_alloca_fu_138">
<pin_list>
<pin id="139" dir="0" index="0" bw="1" slack="0"/>
<pin id="140" dir="1" index="1" bw="256" slack="0"/>
</pin_list>
<bind>
<opcode="alloca(26) " fcode="alloca"/>
<opset="wbuf_3/1 "/>
</bind>
</comp>

<comp id="142" class="1004" name="wbuf_4_alloca_fu_142">
<pin_list>
<pin id="143" dir="0" index="0" bw="1" slack="0"/>
<pin id="144" dir="1" index="1" bw="256" slack="0"/>
</pin_list>
<bind>
<opcode="alloca(26) " fcode="alloca"/>
<opset="wbuf_4/1 "/>
</bind>
</comp>

<comp id="146" class="1004" name="wbuf_5_alloca_fu_146">
<pin_list>
<pin id="147" dir="0" index="0" bw="1" slack="0"/>
<pin id="148" dir="1" index="1" bw="256" slack="0"/>
</pin_list>
<bind>
<opcode="alloca(26) " fcode="alloca"/>
<opset="wbuf_5/1 "/>
</bind>
</comp>

<comp id="150" class="1004" name="wbuf_6_alloca_fu_150">
<pin_list>
<pin id="151" dir="0" index="0" bw="1" slack="0"/>
<pin id="152" dir="1" index="1" bw="256" slack="0"/>
</pin_list>
<bind>
<opcode="alloca(26) " fcode="alloca"/>
<opset="wbuf_6/1 "/>
</bind>
</comp>

<comp id="154" class="1004" name="wbuf_7_alloca_fu_154">
<pin_list>
<pin id="155" dir="0" index="0" bw="1" slack="0"/>
<pin id="156" dir="1" index="1" bw="256" slack="0"/>
</pin_list>
<bind>
<opcode="alloca(26) " fcode="alloca"/>
<opset="wbuf_7/1 "/>
</bind>
</comp>

<comp id="158" class="1004" name="C_IN_read_read_fu_158">
<pin_list>
<pin id="159" dir="0" index="0" bw="10" slack="0"/>
<pin id="160" dir="0" index="1" bw="10" slack="0"/>
<pin id="161" dir="1" index="2" bw="10" slack="0"/>
</pin_list>
<bind>
<opcode="read(1150) " fcode="read"/>
<opset="C_IN_read/1 "/>
</bind>
</comp>

<comp id="164" class="1004" name="C_OUT_read_read_fu_164">
<pin_list>
<pin id="165" dir="0" index="0" bw="9" slack="0"/>
<pin id="166" dir="0" index="1" bw="9" slack="0"/>
<pin id="167" dir="1" index="2" bw="9" slack="0"/>
</pin_list>
<bind>
<opcode="read(1150) " fcode="read"/>
<opset="C_OUT_read/1 "/>
</bind>
</comp>

<comp id="170" class="1004" name="tile_read_read_fu_170">
<pin_list>
<pin id="171" dir="0" index="0" bw="6" slack="0"/>
<pin id="172" dir="0" index="1" bw="6" slack="0"/>
<pin id="173" dir="1" index="2" bw="6" slack="0"/>
</pin_list>
<bind>
<opcode="read(1150) " fcode="read"/>
<opset="tile_read/1 "/>
</bind>
</comp>

<comp id="176" class="1004" name="W_ptr_read_read_fu_176">
<pin_list>
<pin id="177" dir="0" index="0" bw="64" slack="0"/>
<pin id="178" dir="0" index="1" bw="64" slack="0"/>
<pin id="179" dir="1" index="2" bw="64" slack="0"/>
</pin_list>
<bind>
<opcode="read(1150) " fcode="read"/>
<opset="W_ptr_read/1 "/>
</bind>
</comp>

<comp id="182" class="1004" name="W_IN_read_read_fu_182">
<pin_list>
<pin id="183" dir="0" index="0" bw="8" slack="0"/>
<pin id="184" dir="0" index="1" bw="8" slack="0"/>
<pin id="185" dir="1" index="2" bw="8" slack="0"/>
</pin_list>
<bind>
<opcode="read(1150) " fcode="read"/>
<opset="W_IN_read/2 "/>
</bind>
</comp>

<comp id="188" class="1004" name="H_IN_read_read_fu_188">
<pin_list>
<pin id="189" dir="0" index="0" bw="8" slack="0"/>
<pin id="190" dir="0" index="1" bw="8" slack="0"/>
<pin id="191" dir="1" index="2" bw="8" slack="0"/>
</pin_list>
<bind>
<opcode="read(1150) " fcode="read"/>
<opset="H_IN_read/2 "/>
</bind>
</comp>

<comp id="194" class="1004" name="ho_read_read_fu_194">
<pin_list>
<pin id="195" dir="0" index="0" bw="8" slack="0"/>
<pin id="196" dir="0" index="1" bw="8" slack="0"/>
<pin id="197" dir="1" index="2" bw="8" slack="0"/>
</pin_list>
<bind>
<opcode="read(1150) " fcode="read"/>
<opset="ho_read/2 "/>
</bind>
</comp>

<comp id="200" class="1004" name="grp_uc_load_tile_8_2_fu_200">
<pin_list>
<pin id="201" dir="0" index="0" bw="25" slack="0"/>
<pin id="202" dir="0" index="1" bw="256" slack="0"/>
<pin id="203" dir="0" index="2" bw="64" slack="0"/>
<pin id="204" dir="0" index="3" bw="6" slack="0"/>
<pin id="205" dir="0" index="4" bw="9" slack="0"/>
<pin id="206" dir="0" index="5" bw="10" slack="0"/>
<pin id="207" dir="0" index="6" bw="256" slack="0"/>
<pin id="208" dir="0" index="7" bw="256" slack="0"/>
<pin id="209" dir="0" index="8" bw="256" slack="0"/>
<pin id="210" dir="0" index="9" bw="256" slack="0"/>
<pin id="211" dir="0" index="10" bw="256" slack="0"/>
<pin id="212" dir="0" index="11" bw="256" slack="0"/>
<pin id="213" dir="0" index="12" bw="256" slack="0"/>
<pin id="214" dir="0" index="13" bw="256" slack="0"/>
<pin id="215" dir="1" index="14" bw="25" slack="0"/>
</pin_list>
<bind>
<opcode="call(48) " fcode="call"/>
<opset="call_ret/1 "/>
</bind>
</comp>

<comp id="230" class="1004" name="call_ln0_entry_proc_fu_230">
<pin_list>
<pin id="231" dir="0" index="0" bw="0" slack="0"/>
<pin id="232" dir="0" index="1" bw="8" slack="0"/>
<pin id="233" dir="0" index="2" bw="8" slack="1"/>
<pin id="234" dir="0" index="3" bw="8" slack="0"/>
<pin id="235" dir="0" index="4" bw="8" slack="1"/>
<pin id="236" dir="0" index="5" bw="8" slack="0"/>
<pin id="237" dir="0" index="6" bw="8" slack="1"/>
<pin id="238" dir="1" index="7" bw="0" slack="2147483647"/>
</pin_list>
<bind>
<opcode="call(48) " fcode="call"/>
<opset="call_ln0/2 "/>
</bind>
</comp>

<comp id="243" class="1004" name="grp_uc_compute_tile_8_3_fu_243">
<pin_list>
<pin id="244" dir="0" index="0" bw="0" slack="0"/>
<pin id="245" dir="0" index="1" bw="256" slack="2147483647"/>
<pin id="246" dir="0" index="2" bw="256" slack="2147483647"/>
<pin id="247" dir="0" index="3" bw="256" slack="2147483647"/>
<pin id="248" dir="0" index="4" bw="256" slack="2147483647"/>
<pin id="249" dir="0" index="5" bw="256" slack="2147483647"/>
<pin id="250" dir="0" index="6" bw="256" slack="2147483647"/>
<pin id="251" dir="0" index="7" bw="256" slack="2147483647"/>
<pin id="252" dir="0" index="8" bw="256" slack="2147483647"/>
<pin id="253" dir="0" index="9" bw="6" slack="1"/>
<pin id="254" dir="0" index="10" bw="8" slack="2"/>
<pin id="255" dir="0" index="11" bw="8" slack="2"/>
<pin id="256" dir="0" index="12" bw="8" slack="2"/>
<pin id="257" dir="0" index="13" bw="10" slack="1"/>
<pin id="258" dir="0" index="14" bw="9" slack="1"/>
<pin id="259" dir="0" index="15" bw="256" slack="0"/>
<pin id="260" dir="0" index="16" bw="16" slack="0"/>
<pin id="261" dir="0" index="17" bw="16" slack="0"/>
<pin id="262" dir="0" index="18" bw="16" slack="0"/>
<pin id="263" dir="0" index="19" bw="16" slack="0"/>
<pin id="264" dir="0" index="20" bw="16" slack="0"/>
<pin id="265" dir="0" index="21" bw="16" slack="0"/>
<pin id="266" dir="0" index="22" bw="16" slack="0"/>
<pin id="267" dir="0" index="23" bw="16" slack="0"/>
<pin id="268" dir="0" index="24" bw="16" slack="0"/>
<pin id="269" dir="0" index="25" bw="16" slack="0"/>
<pin id="270" dir="0" index="26" bw="16" slack="0"/>
<pin id="271" dir="0" index="27" bw="16" slack="0"/>
<pin id="272" dir="0" index="28" bw="16" slack="0"/>
<pin id="273" dir="0" index="29" bw="16" slack="0"/>
<pin id="274" dir="0" index="30" bw="16" slack="0"/>
<pin id="275" dir="0" index="31" bw="16" slack="0"/>
<pin id="276" dir="1" index="32" bw="0" slack="2147483647"/>
</pin_list>
<bind>
<opcode="call(48) " fcode="call"/>
<opset="call_ln220/3 "/>
</bind>
</comp>

<comp id="295" class="1004" name="tile_c_channel_fu_295">
<pin_list>
<pin id="296" dir="0" index="0" bw="25" slack="0"/>
<pin id="297" dir="1" index="1" bw="6" slack="1"/>
</pin_list>
<bind>
<opcode="extractvalue(56) " fcode="extractvalue"/>
<opset="tile_c_channel/2 "/>
</bind>
</comp>

<comp id="299" class="1004" name="C_OUT_c_channel_fu_299">
<pin_list>
<pin id="300" dir="0" index="0" bw="25" slack="0"/>
<pin id="301" dir="1" index="1" bw="9" slack="1"/>
</pin_list>
<bind>
<opcode="extractvalue(56) " fcode="extractvalue"/>
<opset="C_OUT_c_channel/2 "/>
</bind>
</comp>

<comp id="303" class="1004" name="C_IN_c_channel_fu_303">
<pin_list>
<pin id="304" dir="0" index="0" bw="25" slack="0"/>
<pin id="305" dir="1" index="1" bw="10" slack="1"/>
</pin_list>
<bind>
<opcode="extractvalue(56) " fcode="extractvalue"/>
<opset="C_IN_c_channel/2 "/>
</bind>
</comp>

<comp id="307" class="1005" name="C_IN_read_reg_307">
<pin_list>
<pin id="308" dir="0" index="0" bw="10" slack="1"/>
<pin id="309" dir="1" index="1" bw="10" slack="1"/>
</pin_list>
<bind>
<opset="C_IN_read "/>
</bind>
</comp>

<comp id="312" class="1005" name="C_OUT_read_reg_312">
<pin_list>
<pin id="313" dir="0" index="0" bw="9" slack="1"/>
<pin id="314" dir="1" index="1" bw="9" slack="1"/>
</pin_list>
<bind>
<opset="C_OUT_read "/>
</bind>
</comp>

<comp id="317" class="1005" name="tile_read_reg_317">
<pin_list>
<pin id="318" dir="0" index="0" bw="6" slack="1"/>
<pin id="319" dir="1" index="1" bw="6" slack="1"/>
</pin_list>
<bind>
<opset="tile_read "/>
</bind>
</comp>

<comp id="322" class="1005" name="W_ptr_read_reg_322">
<pin_list>
<pin id="323" dir="0" index="0" bw="64" slack="1"/>
<pin id="324" dir="1" index="1" bw="64" slack="1"/>
</pin_list>
<bind>
<opset="W_ptr_read "/>
</bind>
</comp>

<comp id="327" class="1005" name="W_IN_c_reg_327">
<pin_list>
<pin id="328" dir="0" index="0" bw="8" slack="1"/>
<pin id="329" dir="1" index="1" bw="8" slack="1"/>
</pin_list>
<bind>
<opset="W_IN_c "/>
</bind>
</comp>

<comp id="333" class="1005" name="H_IN_c_reg_333">
<pin_list>
<pin id="334" dir="0" index="0" bw="8" slack="1"/>
<pin id="335" dir="1" index="1" bw="8" slack="1"/>
</pin_list>
<bind>
<opset="H_IN_c "/>
</bind>
</comp>

<comp id="339" class="1005" name="ho_c_reg_339">
<pin_list>
<pin id="340" dir="0" index="0" bw="8" slack="1"/>
<pin id="341" dir="1" index="1" bw="8" slack="1"/>
</pin_list>
<bind>
<opset="ho_c "/>
</bind>
</comp>

<comp id="345" class="1005" name="tile_c_channel_reg_345">
<pin_list>
<pin id="346" dir="0" index="0" bw="6" slack="1"/>
<pin id="347" dir="1" index="1" bw="6" slack="1"/>
</pin_list>
<bind>
<opset="tile_c_channel "/>
</bind>
</comp>

<comp id="350" class="1005" name="C_OUT_c_channel_reg_350">
<pin_list>
<pin id="351" dir="0" index="0" bw="9" slack="1"/>
<pin id="352" dir="1" index="1" bw="9" slack="1"/>
</pin_list>
<bind>
<opset="C_OUT_c_channel "/>
</bind>
</comp>

<comp id="355" class="1005" name="C_IN_c_channel_reg_355">
<pin_list>
<pin id="356" dir="0" index="0" bw="10" slack="1"/>
<pin id="357" dir="1" index="1" bw="10" slack="1"/>
</pin_list>
<bind>
<opset="C_IN_c_channel "/>
</bind>
</comp>

</comp_list>

<net_list>
<net id="117"><net_src comp="58" pin="0"/><net_sink comp="114" pin=0"/></net>

<net id="121"><net_src comp="58" pin="0"/><net_sink comp="118" pin=0"/></net>

<net id="125"><net_src comp="58" pin="0"/><net_sink comp="122" pin=0"/></net>

<net id="129"><net_src comp="58" pin="0"/><net_sink comp="126" pin=0"/></net>

<net id="133"><net_src comp="58" pin="0"/><net_sink comp="130" pin=0"/></net>

<net id="137"><net_src comp="58" pin="0"/><net_sink comp="134" pin=0"/></net>

<net id="141"><net_src comp="58" pin="0"/><net_sink comp="138" pin=0"/></net>

<net id="145"><net_src comp="58" pin="0"/><net_sink comp="142" pin=0"/></net>

<net id="149"><net_src comp="58" pin="0"/><net_sink comp="146" pin=0"/></net>

<net id="153"><net_src comp="58" pin="0"/><net_sink comp="150" pin=0"/></net>

<net id="157"><net_src comp="58" pin="0"/><net_sink comp="154" pin=0"/></net>

<net id="162"><net_src comp="50" pin="0"/><net_sink comp="158" pin=0"/></net>

<net id="163"><net_src comp="8" pin="0"/><net_sink comp="158" pin=1"/></net>

<net id="168"><net_src comp="52" pin="0"/><net_sink comp="164" pin=0"/></net>

<net id="169"><net_src comp="6" pin="0"/><net_sink comp="164" pin=1"/></net>

<net id="174"><net_src comp="54" pin="0"/><net_sink comp="170" pin=0"/></net>

<net id="175"><net_src comp="4" pin="0"/><net_sink comp="170" pin=1"/></net>

<net id="180"><net_src comp="56" pin="0"/><net_sink comp="176" pin=0"/></net>

<net id="181"><net_src comp="2" pin="0"/><net_sink comp="176" pin=1"/></net>

<net id="186"><net_src comp="62" pin="0"/><net_sink comp="182" pin=0"/></net>

<net id="187"><net_src comp="14" pin="0"/><net_sink comp="182" pin=1"/></net>

<net id="192"><net_src comp="62" pin="0"/><net_sink comp="188" pin=0"/></net>

<net id="193"><net_src comp="12" pin="0"/><net_sink comp="188" pin=1"/></net>

<net id="198"><net_src comp="62" pin="0"/><net_sink comp="194" pin=0"/></net>

<net id="199"><net_src comp="10" pin="0"/><net_sink comp="194" pin=1"/></net>

<net id="216"><net_src comp="60" pin="0"/><net_sink comp="200" pin=0"/></net>

<net id="217"><net_src comp="0" pin="0"/><net_sink comp="200" pin=1"/></net>

<net id="218"><net_src comp="176" pin="2"/><net_sink comp="200" pin=2"/></net>

<net id="219"><net_src comp="170" pin="2"/><net_sink comp="200" pin=3"/></net>

<net id="220"><net_src comp="164" pin="2"/><net_sink comp="200" pin=4"/></net>

<net id="221"><net_src comp="158" pin="2"/><net_sink comp="200" pin=5"/></net>

<net id="222"><net_src comp="154" pin="1"/><net_sink comp="200" pin=6"/></net>

<net id="223"><net_src comp="150" pin="1"/><net_sink comp="200" pin=7"/></net>

<net id="224"><net_src comp="146" pin="1"/><net_sink comp="200" pin=8"/></net>

<net id="225"><net_src comp="142" pin="1"/><net_sink comp="200" pin=9"/></net>

<net id="226"><net_src comp="138" pin="1"/><net_sink comp="200" pin=10"/></net>

<net id="227"><net_src comp="134" pin="1"/><net_sink comp="200" pin=11"/></net>

<net id="228"><net_src comp="130" pin="1"/><net_sink comp="200" pin=12"/></net>

<net id="229"><net_src comp="126" pin="1"/><net_sink comp="200" pin=13"/></net>

<net id="239"><net_src comp="64" pin="0"/><net_sink comp="230" pin=0"/></net>

<net id="240"><net_src comp="194" pin="2"/><net_sink comp="230" pin=1"/></net>

<net id="241"><net_src comp="188" pin="2"/><net_sink comp="230" pin=3"/></net>

<net id="242"><net_src comp="182" pin="2"/><net_sink comp="230" pin=5"/></net>

<net id="277"><net_src comp="66" pin="0"/><net_sink comp="243" pin=0"/></net>

<net id="278"><net_src comp="16" pin="0"/><net_sink comp="243" pin=15"/></net>

<net id="279"><net_src comp="18" pin="0"/><net_sink comp="243" pin=16"/></net>

<net id="280"><net_src comp="20" pin="0"/><net_sink comp="243" pin=17"/></net>

<net id="281"><net_src comp="22" pin="0"/><net_sink comp="243" pin=18"/></net>

<net id="282"><net_src comp="24" pin="0"/><net_sink comp="243" pin=19"/></net>

<net id="283"><net_src comp="26" pin="0"/><net_sink comp="243" pin=20"/></net>

<net id="284"><net_src comp="28" pin="0"/><net_sink comp="243" pin=21"/></net>

<net id="285"><net_src comp="30" pin="0"/><net_sink comp="243" pin=22"/></net>

<net id="286"><net_src comp="32" pin="0"/><net_sink comp="243" pin=23"/></net>

<net id="287"><net_src comp="34" pin="0"/><net_sink comp="243" pin=24"/></net>

<net id="288"><net_src comp="36" pin="0"/><net_sink comp="243" pin=25"/></net>

<net id="289"><net_src comp="38" pin="0"/><net_sink comp="243" pin=26"/></net>

<net id="290"><net_src comp="40" pin="0"/><net_sink comp="243" pin=27"/></net>

<net id="291"><net_src comp="42" pin="0"/><net_sink comp="243" pin=28"/></net>

<net id="292"><net_src comp="44" pin="0"/><net_sink comp="243" pin=29"/></net>

<net id="293"><net_src comp="46" pin="0"/><net_sink comp="243" pin=30"/></net>

<net id="294"><net_src comp="48" pin="0"/><net_sink comp="243" pin=31"/></net>

<net id="298"><net_src comp="200" pin="14"/><net_sink comp="295" pin=0"/></net>

<net id="302"><net_src comp="200" pin="14"/><net_sink comp="299" pin=0"/></net>

<net id="306"><net_src comp="200" pin="14"/><net_sink comp="303" pin=0"/></net>

<net id="310"><net_src comp="158" pin="2"/><net_sink comp="307" pin=0"/></net>

<net id="311"><net_src comp="307" pin="1"/><net_sink comp="200" pin=5"/></net>

<net id="315"><net_src comp="164" pin="2"/><net_sink comp="312" pin=0"/></net>

<net id="316"><net_src comp="312" pin="1"/><net_sink comp="200" pin=4"/></net>

<net id="320"><net_src comp="170" pin="2"/><net_sink comp="317" pin=0"/></net>

<net id="321"><net_src comp="317" pin="1"/><net_sink comp="200" pin=3"/></net>

<net id="325"><net_src comp="176" pin="2"/><net_sink comp="322" pin=0"/></net>

<net id="326"><net_src comp="322" pin="1"/><net_sink comp="200" pin=2"/></net>

<net id="330"><net_src comp="114" pin="1"/><net_sink comp="327" pin=0"/></net>

<net id="331"><net_src comp="327" pin="1"/><net_sink comp="230" pin=6"/></net>

<net id="332"><net_src comp="327" pin="1"/><net_sink comp="243" pin=12"/></net>

<net id="336"><net_src comp="118" pin="1"/><net_sink comp="333" pin=0"/></net>

<net id="337"><net_src comp="333" pin="1"/><net_sink comp="230" pin=4"/></net>

<net id="338"><net_src comp="333" pin="1"/><net_sink comp="243" pin=11"/></net>

<net id="342"><net_src comp="122" pin="1"/><net_sink comp="339" pin=0"/></net>

<net id="343"><net_src comp="339" pin="1"/><net_sink comp="230" pin=2"/></net>

<net id="344"><net_src comp="339" pin="1"/><net_sink comp="243" pin=10"/></net>

<net id="348"><net_src comp="295" pin="1"/><net_sink comp="345" pin=0"/></net>

<net id="349"><net_src comp="345" pin="1"/><net_sink comp="243" pin=9"/></net>

<net id="353"><net_src comp="299" pin="1"/><net_sink comp="350" pin=0"/></net>

<net id="354"><net_src comp="350" pin="1"/><net_sink comp="243" pin=14"/></net>

<net id="358"><net_src comp="303" pin="1"/><net_sink comp="355" pin=0"/></net>

<net id="359"><net_src comp="355" pin="1"/><net_sink comp="243" pin=13"/></net>

</net_list>

</model> 
---------------- Datapath Model END ------------------

* FSMD analyzer results:
  - Output states:
	Port: gmem_weight | {}
	Port: x_buf | {}
	Port: void_UpConv_Fused_Row_ap_uint_ap_uint_const_ap_uint_const_ap_uint_const_ap_u_9 | {3 4 }
	Port: void_UpConv_Fused_Row_ap_uint_ap_uint_const_ap_uint_const_ap_uint_const_ap_u_1 | {3 4 }
	Port: void_UpConv_Fused_Row_ap_uint_ap_uint_const_ap_uint_const_ap_uint_const_ap_u_8 | {3 4 }
	Port: void_UpConv_Fused_Row_ap_uint_ap_uint_const_ap_uint_const_ap_uint_const_ap_u | {3 4 }
	Port: void_UpConv_Fused_Row_ap_uint_ap_uint_const_ap_uint_const_ap_uint_const_ap_u_7 | {3 4 }
	Port: void_UpConv_Fused_Row_8_ap_uint_256_ap_uint_256_const_ap_uint_256_const_ap_uint_256_const_ap_uint_256_const_ap_uint_256_decimal16_int_int_int_int_int_row_acc | {3 4 }
	Port: void_UpConv_Fused_Row_ap_uint_ap_uint_const_ap_uint_const_ap_uint_const_ap_u_6 | {3 4 }
	Port: void_UpConv_Fused_Row_8_ap_uint_256_ap_uint_256_const_ap_uint_256_const_ap_uint_256_const_ap_uint_256_const_ap_uint_256_decimal16_int_int_int_int_int_row_acc_0 | {3 4 }
	Port: void_UpConv_Fused_Row_ap_uint_ap_uint_const_ap_uint_const_ap_uint_const_ap_u_5 | {3 4 }
	Port: void_UpConv_Fused_Row_8_ap_uint_256_ap_uint_256_const_ap_uint_256_const_ap_uint_256_const_ap_uint_256_const_ap_uint_256_decimal16_int_int_int_int_int_row_acc_1 | {3 4 }
	Port: void_UpConv_Fused_Row_ap_uint_ap_uint_const_ap_uint_const_ap_uint_const_ap_u_4 | {3 4 }
	Port: void_UpConv_Fused_Row_8_ap_uint_256_ap_uint_256_const_ap_uint_256_const_ap_uint_256_const_ap_uint_256_const_ap_uint_256_decimal16_int_int_int_int_int_row_acc_2 | {3 4 }
	Port: void_UpConv_Fused_Row_ap_uint_ap_uint_const_ap_uint_const_ap_uint_const_ap_u_3 | {3 4 }
	Port: void_UpConv_Fused_Row_8_ap_uint_256_ap_uint_256_const_ap_uint_256_const_ap_uint_256_const_ap_uint_256_const_ap_uint_256_decimal16_int_int_int_int_int_row_acc_3 | {3 4 }
	Port: void_UpConv_Fused_Row_ap_uint_ap_uint_const_ap_uint_const_ap_uint_const_ap_u_2 | {3 4 }
	Port: void_UpConv_Fused_Row_8_ap_uint_256_ap_uint_256_const_ap_uint_256_const_ap_uint_256_const_ap_uint_256_const_ap_uint_256_decimal16_int_int_int_int_int_row_acc_4 | {3 4 }
 - Input state : 
	Port: dataflow_in_loop_TILE_LOOP.1 : gmem_weight | {1 2 }
	Port: dataflow_in_loop_TILE_LOOP.1 : W_ptr | {1 }
	Port: dataflow_in_loop_TILE_LOOP.1 : tile | {1 }
	Port: dataflow_in_loop_TILE_LOOP.1 : C_OUT | {1 }
	Port: dataflow_in_loop_TILE_LOOP.1 : C_IN | {1 }
	Port: dataflow_in_loop_TILE_LOOP.1 : ho | {2 }
	Port: dataflow_in_loop_TILE_LOOP.1 : H_IN | {2 }
	Port: dataflow_in_loop_TILE_LOOP.1 : W_IN | {2 }
	Port: dataflow_in_loop_TILE_LOOP.1 : x_buf | {3 4 }
	Port: dataflow_in_loop_TILE_LOOP.1 : void_UpConv_Fused_Row_ap_uint_ap_uint_const_ap_uint_const_ap_uint_const_ap_u_9 | {3 4 }
	Port: dataflow_in_loop_TILE_LOOP.1 : void_UpConv_Fused_Row_ap_uint_ap_uint_const_ap_uint_const_ap_uint_const_ap_u_1 | {3 4 }
	Port: dataflow_in_loop_TILE_LOOP.1 : void_UpConv_Fused_Row_ap_uint_ap_uint_const_ap_uint_const_ap_uint_const_ap_u_8 | {3 4 }
	Port: dataflow_in_loop_TILE_LOOP.1 : void_UpConv_Fused_Row_ap_uint_ap_uint_const_ap_uint_const_ap_uint_const_ap_u | {3 4 }
	Port: dataflow_in_loop_TILE_LOOP.1 : void_UpConv_Fused_Row_ap_uint_ap_uint_const_ap_uint_const_ap_uint_const_ap_u_7 | {3 4 }
	Port: dataflow_in_loop_TILE_LOOP.1 : void_UpConv_Fused_Row_8_ap_uint_256_ap_uint_256_const_ap_uint_256_const_ap_uint_256_const_ap_uint_256_const_ap_uint_256_decimal16_int_int_int_int_int_row_acc | {3 4 }
	Port: dataflow_in_loop_TILE_LOOP.1 : void_UpConv_Fused_Row_ap_uint_ap_uint_const_ap_uint_const_ap_uint_const_ap_u_6 | {3 4 }
	Port: dataflow_in_loop_TILE_LOOP.1 : void_UpConv_Fused_Row_8_ap_uint_256_ap_uint_256_const_ap_uint_256_const_ap_uint_256_const_ap_uint_256_const_ap_uint_256_decimal16_int_int_int_int_int_row_acc_0 | {3 4 }
	Port: dataflow_in_loop_TILE_LOOP.1 : void_UpConv_Fused_Row_ap_uint_ap_uint_const_ap_uint_const_ap_uint_const_ap_u_5 | {3 4 }
	Port: dataflow_in_loop_TILE_LOOP.1 : void_UpConv_Fused_Row_8_ap_uint_256_ap_uint_256_const_ap_uint_256_const_ap_uint_256_const_ap_uint_256_const_ap_uint_256_decimal16_int_int_int_int_int_row_acc_1 | {3 4 }
	Port: dataflow_in_loop_TILE_LOOP.1 : void_UpConv_Fused_Row_ap_uint_ap_uint_const_ap_uint_const_ap_uint_const_ap_u_4 | {3 4 }
	Port: dataflow_in_loop_TILE_LOOP.1 : void_UpConv_Fused_Row_8_ap_uint_256_ap_uint_256_const_ap_uint_256_const_ap_uint_256_const_ap_uint_256_const_ap_uint_256_decimal16_int_int_int_int_int_row_acc_2 | {3 4 }
	Port: dataflow_in_loop_TILE_LOOP.1 : void_UpConv_Fused_Row_ap_uint_ap_uint_const_ap_uint_const_ap_uint_const_ap_u_3 | {3 4 }
	Port: dataflow_in_loop_TILE_LOOP.1 : void_UpConv_Fused_Row_8_ap_uint_256_ap_uint_256_const_ap_uint_256_const_ap_uint_256_const_ap_uint_256_const_ap_uint_256_decimal16_int_int_int_int_int_row_acc_3 | {3 4 }
	Port: dataflow_in_loop_TILE_LOOP.1 : void_UpConv_Fused_Row_ap_uint_ap_uint_const_ap_uint_const_ap_uint_const_ap_u_2 | {3 4 }
	Port: dataflow_in_loop_TILE_LOOP.1 : void_UpConv_Fused_Row_8_ap_uint_256_ap_uint_256_const_ap_uint_256_const_ap_uint_256_const_ap_uint_256_const_ap_uint_256_decimal16_int_int_int_int_int_row_acc_4 | {3 4 }
  - Chain level:
	State 1
		call_ret : 1
	State 2
		tile_c_channel : 1
		C_OUT_c_channel : 1
		C_IN_c_channel : 1
	State 3
	State 4


============================================================
+ Verbose Summary: Datapath Resource usage 
============================================================

* Functional unit list:
|----------|--------------------------------|---------|---------|---------|---------|
| Operation|         Functional Unit        |   DSP   |  Delay  |    FF   |   LUT   |
|----------|--------------------------------|---------|---------|---------|---------|
|          |   grp_uc_load_tile_8_2_fu_200  |    1    |  0.427  |   1003  |   448   |
|   call   |   call_ln0_entry_proc_fu_230   |    0    |    0    |    0    |    0    |
|          | grp_uc_compute_tile_8_3_fu_243 |   336   | 134.078 |  43560  |  45597  |
|----------|--------------------------------|---------|---------|---------|---------|
|          |      C_IN_read_read_fu_158     |    0    |    0    |    0    |    0    |
|          |     C_OUT_read_read_fu_164     |    0    |    0    |    0    |    0    |
|          |      tile_read_read_fu_170     |    0    |    0    |    0    |    0    |
|   read   |     W_ptr_read_read_fu_176     |    0    |    0    |    0    |    0    |
|          |      W_IN_read_read_fu_182     |    0    |    0    |    0    |    0    |
|          |      H_IN_read_read_fu_188     |    0    |    0    |    0    |    0    |
|          |       ho_read_read_fu_194      |    0    |    0    |    0    |    0    |
|----------|--------------------------------|---------|---------|---------|---------|
|          |      tile_c_channel_fu_295     |    0    |    0    |    0    |    0    |
|extractvalue|     C_OUT_c_channel_fu_299     |    0    |    0    |    0    |    0    |
|          |      C_IN_c_channel_fu_303     |    0    |    0    |    0    |    0    |
|----------|--------------------------------|---------|---------|---------|---------|
|   Total  |                                |   337   | 134.505 |  44563  |  46045  |
|----------|--------------------------------|---------|---------|---------|---------|

Memories:
+------+--------+--------+--------+
|      |   FF   |   LUT  |  URAM  |
+------+--------+--------+--------+
| wbuf |    0   |    0   |    4   |
|wbuf_1|    0   |    0   |    4   |
|wbuf_2|    0   |    0   |    4   |
|wbuf_3|    0   |    0   |    4   |
|wbuf_4|    0   |    0   |    4   |
|wbuf_5|    0   |    0   |    4   |
|wbuf_6|    0   |    0   |    4   |
|wbuf_7|    0   |    0   |    4   |
+------+--------+--------+--------+
| Total|    0   |    0   |   32   |
+------+--------+--------+--------+

* Register list:
+-----------------------+--------+
|                       |   FF   |
+-----------------------+--------+
| C_IN_c_channel_reg_355|   10   |
|   C_IN_read_reg_307   |   10   |
|C_OUT_c_channel_reg_350|    9   |
|   C_OUT_read_reg_312  |    9   |
|     H_IN_c_reg_333    |    8   |
|     W_IN_c_reg_327    |    8   |
|   W_ptr_read_reg_322  |   64   |
|      ho_c_reg_339     |    8   |
| tile_c_channel_reg_345|    6   |
|   tile_read_reg_317   |    6   |
+-----------------------+--------+
|         Total         |   138  |
+-----------------------+--------+

* Multiplexer (MUX) list: 
|-----------------------------|------|------|------|--------||---------||---------||---------|
|             Comp            |  Pin | Size |  BW  | S x BW ||  Delay  ||    FF   ||   LUT   |
|-----------------------------|------|------|------|--------||---------||---------||---------|
| grp_uc_load_tile_8_2_fu_200 |  p2  |   2  |  64  |   128  ||    0    ||    9    |
| grp_uc_load_tile_8_2_fu_200 |  p3  |   2  |   6  |   12   ||    0    ||    9    |
| grp_uc_load_tile_8_2_fu_200 |  p4  |   2  |   9  |   18   ||    0    ||    9    |
| grp_uc_load_tile_8_2_fu_200 |  p5  |   2  |  10  |   20   ||    0    ||    9    |
|-----------------------------|------|------|------|--------||---------||---------||---------|
|            Total            |      |      |      |   178  ||  1.708  ||    0    ||    36   |
|-----------------------------|------|------|------|--------||---------||---------||---------|



* Summary:
+-----------+--------+--------+--------+--------+--------+
|           |   DSP  |  Delay |   FF   |   LUT  |  URAM  |
+-----------+--------+--------+--------+--------+--------+
|  Function |   337  |   134  |  44563 |  46045 |    -   |
|   Memory  |    -   |    -   |    0   |    0   |   32   |
|Multiplexer|    -   |    1   |    0   |   36   |    -   |
|  Register |    -   |    -   |   138  |    -   |    -   |
+-----------+--------+--------+--------+--------+--------+
|   Total   |   337  |   136  |  44701 |  46081 |   32   |
+-----------+--------+--------+--------+--------+--------+
