

================================================================
== Vitis HLS Report for 'UpConv_Fused_Row_8_s'
================================================================
* Date:           Thu Jun 18 11:21:22 2026

* Version:        2024.2 (Build 5238294 on Nov  8 2024)
* Project:        upconv_core_top
* Solution:       hls (Vivado IP Flow Target)
* Product family: zynquplus
* Target device:  xczu7ev-ffvc1156-2-e


================================================================
== Performance Estimates
================================================================
+ Timing: 
    * Summary: 
    +--------+---------+----------+------------+
    |  Clock |  Target | Estimated| Uncertainty|
    +--------+---------+----------+------------+
    |ap_clk  |  3.33 ns|  3.239 ns|     0.90 ns|
    +--------+---------+----------+------------+

+ Latency: 
    * Summary: 
    +---------+---------+----------+----------+------+---------+---------+
    |  Latency (cycles) |  Latency (absolute) |    Interval    | Pipeline|
    |   min   |   max   |    min   |    max   |  min |   max   |   Type  |
    +---------+---------+----------+----------+------+---------+---------+
    |     2662|  2877630|  8.872 us|  9.591 ms|  2662|  2877630|       no|
    +---------+---------+----------+----------+------+---------+---------+

    + Detail: 
        * Instance: 
        +------------------------------------------------------+-------------------------------------------+---------+---------+-----------+-----------+------+---------+------------------------------------------------+
        |                                                      |                                           |  Latency (cycles) |   Latency (absolute)  |    Interval    |                    Pipeline                    |
        |                       Instance                       |                   Module                  |   min   |   max   |    min    |    max    |  min |   max   |                      Type                      |
        +------------------------------------------------------+-------------------------------------------+---------+---------+-----------+-----------+------+---------+------------------------------------------------+
        |grp_UpConv_Fused_Row_8_Pipeline_RESET_ROW_ACC_fu_232  |UpConv_Fused_Row_8_Pipeline_RESET_ROW_ACC  |      130|     1026|   0.433 us|   3.420 us|   129|     1025|  loop auto-rewind stp (delay=0 clock cycles(s))|
        |grp_UpConv_Fused_Row_8_Pipeline_LOAD_PARAMS_fu_270    |UpConv_Fused_Row_8_Pipeline_LOAD_PARAMS    |       23|      101|  76.659 ns|   0.337 us|    15|       93|  loop auto-rewind stp (delay=0 clock cycles(s))|
        |grp_dataflow_parent_loop_proc_fu_283                  |dataflow_parent_loop_proc                  |      215|  2853295|   0.717 us|   9.510 ms|   215|  2853295|                                              no|
        |grp_UpConv_Fused_Row_8_Pipeline_PIXEL_STATS_fu_334    |UpConv_Fused_Row_8_Pipeline_PIXEL_STATS    |     2150|    15590|   7.166 us|  51.961 us|  1921|    15361|  loop auto-rewind stp (delay=0 clock cycles(s))|
        |grp_UpConv_Fused_Row_8_Pipeline_PIXEL_NORM_fu_379     |UpConv_Fused_Row_8_Pipeline_PIXEL_NORM     |      158|     7710|   0.527 us|  25.697 us|   129|     7681|  loop auto-rewind stp (delay=0 clock cycles(s))|
        +------------------------------------------------------+-------------------------------------------+---------+---------+-----------+-----------+------+---------+------------------------------------------------+

        * Loop: 
        N/A

============================================================
+ Verbose Summary: Synthesis Manager
============================================================
InlineROM: 1
ExposeGlobal: 0
============================================================
+ Verbose Summary: CDFG Model
============================================================
IsTopModel: 0
ResetActiveHigh: 1
IsCombinational: 0
IsDatapathOnly: 0
HasWiredReturn: 1
HasMFsm: 0
HasVarLatency: 1
IsPipeline: 0
IsRtlPipelined: 0
IsInstanceOverlapped: 0
IsDontTouch: 0
HasImplIP: 0
IsGatedGlobalClock: 0


============================================================
+ Verbose Summary: Schedule
============================================================
* Number of FSM states : 10
* Pipeline : 0
* Dataflow Pipeline: 0

* FSM state transitions: 
1 --> 2 
2 --> 3 
3 --> 4 
4 --> 5 
5 --> 6 
6 --> 7 
7 --> 8 
8 --> 9 
9 --> 10 
10 --> 

* FSM state operations: 

State 1 <SV = 0> <Delay = 3.23>
ST_1 : Operation 11 [1/1] (0.00ns)   --->   "%C_OUT_read = read i9 @_ssdm_op_Read.ap_auto.i9, i9 %C_OUT"   --->   Operation 11 'read' 'C_OUT_read' <Predicate = true> <Delay = 0.00>
ST_1 : Operation 12 [1/1] (0.00ns)   --->   "%C_OUT_cast8 = zext i9 %C_OUT_read"   --->   Operation 12 'zext' 'C_OUT_cast8' <Predicate = true> <Delay = 0.00>
ST_1 : Operation 13 [1/1] (1.23ns)   --->   "%b_buf = alloca i64 1" [../gen2/Hls_Layers_UpConv.tpp:223]   --->   Operation 13 'alloca' 'b_buf' <Predicate = true> <Delay = 1.23> <CoreInst = "RAM_T2P_BRAM">   --->   Core 98 'RAM_T2P_BRAM' <Latency = 1> <II = 1> <Delay = 1.23> <Storage> <Opcode : 'load' 'store'> <Ports = 2> <Width = 256> <Depth = 30> <RAM>
ST_1 : Operation 14 [1/1] (1.23ns)   --->   "%g_buf = alloca i64 1" [../gen2/Hls_Layers_UpConv.tpp:223]   --->   Operation 14 'alloca' 'g_buf' <Predicate = true> <Delay = 1.23> <CoreInst = "RAM_T2P_BRAM">   --->   Core 98 'RAM_T2P_BRAM' <Latency = 1> <II = 1> <Delay = 1.23> <Storage> <Opcode : 'load' 'store'> <Ports = 2> <Width = 256> <Depth = 30> <RAM>
ST_1 : Operation 15 [1/1] (1.23ns)   --->   "%be_buf = alloca i64 1" [../gen2/Hls_Layers_UpConv.tpp:223]   --->   Operation 15 'alloca' 'be_buf' <Predicate = true> <Delay = 1.23> <CoreInst = "RAM_T2P_BRAM">   --->   Core 98 'RAM_T2P_BRAM' <Latency = 1> <II = 1> <Delay = 1.23> <Storage> <Opcode : 'load' 'store'> <Ports = 2> <Width = 256> <Depth = 30> <RAM>
ST_1 : Operation 16 [7/7] (3.23ns)   --->   "%conv1 = sitofp i32 %C_OUT_cast8"   --->   Operation 16 'sitofp' 'conv1' <Predicate = true> <Delay = 3.23> <CoreInst = "Int2Float">   --->   Core 62 'Int2Float' <Latency = 6> <II = 1> <Delay = 3.23> <FuncUnit> <Opcode : 'uitofp' 'sitofp'> <InPorts = 1> <OutPorts = 1>

State 2 <SV = 1> <Delay = 3.23>
ST_2 : Operation 17 [1/1] (0.00ns)   --->   "%W_IN_read = read i8 @_ssdm_op_Read.ap_auto.i8, i8 %W_IN"   --->   Operation 17 'read' 'W_IN_read' <Predicate = true> <Delay = 0.00>
ST_2 : Operation 18 [1/1] (0.77ns)   --->   "%add_ln184 = add i9 %C_OUT_read, i9 15" [../gen2/Hls_Layers_UpConv.tpp:184]   --->   Operation 18 'add' 'add_ln184' <Predicate = true> <Delay = 0.77> <CoreInst = "Adder">   --->   Core 1 'Adder' <Latency = 0> <II = 1> <Delay = 0.77> <FuncUnit> <Opcode : 'add' 'sub'> <InPorts = 2> <OutPorts = 1>
ST_2 : Operation 19 [1/1] (0.00ns)   --->   "%C_WORDS_OUT = partselect i5 @_ssdm_op_PartSelect.i5.i9.i32.i32, i9 %add_ln184, i32 4, i32 8" [../gen2/Hls_Layers_UpConv.tpp:184]   --->   Operation 19 'partselect' 'C_WORDS_OUT' <Predicate = true> <Delay = 0.00>
ST_2 : Operation 20 [1/1] (0.00ns)   --->   "%zext_ln200_1 = zext i5 %C_WORDS_OUT" [../gen2/Hls_Layers_UpConv.tpp:200]   --->   Operation 20 'zext' 'zext_ln200_1' <Predicate = true> <Delay = 0.00>
ST_2 : Operation 21 [1/1] (0.00ns)   --->   "%zext_ln200 = zext i8 %W_IN_read" [../gen2/Hls_Layers_UpConv.tpp:200]   --->   Operation 21 'zext' 'zext_ln200' <Predicate = true> <Delay = 0.00>
ST_2 : Operation 22 [1/1] (1.65ns)   --->   "%mul_ln200 = mul i12 %zext_ln200, i12 %zext_ln200_1" [../gen2/Hls_Layers_UpConv.tpp:200]   --->   Operation 22 'mul' 'mul_ln200' <Predicate = true> <Delay = 1.65> <CoreInst = "Multiplier">   --->   Core 3 'Multiplier' <Latency = 0> <II = 1> <Delay = 1.65> <FuncUnit> <Opcode : 'mul'> <InPorts = 2> <OutPorts = 1>
ST_2 : Operation 23 [6/7] (3.23ns)   --->   "%conv1 = sitofp i32 %C_OUT_cast8"   --->   Operation 23 'sitofp' 'conv1' <Predicate = true> <Delay = 3.23> <CoreInst = "Int2Float">   --->   Core 62 'Int2Float' <Latency = 6> <II = 1> <Delay = 3.23> <FuncUnit> <Opcode : 'uitofp' 'sitofp'> <InPorts = 1> <OutPorts = 1>

State 3 <SV = 2> <Delay = 3.23>
ST_3 : Operation 24 [1/1] (0.00ns)   --->   "%BE_ptr_read = read i64 @_ssdm_op_Read.ap_auto.i64, i64 %BE_ptr"   --->   Operation 24 'read' 'BE_ptr_read' <Predicate = true> <Delay = 0.00>
ST_3 : Operation 25 [1/1] (0.00ns)   --->   "%G_ptr_read = read i64 @_ssdm_op_Read.ap_auto.i64, i64 %G_ptr"   --->   Operation 25 'read' 'G_ptr_read' <Predicate = true> <Delay = 0.00>
ST_3 : Operation 26 [1/1] (0.00ns)   --->   "%B_ptr_read = read i64 @_ssdm_op_Read.ap_auto.i64, i64 %B_ptr"   --->   Operation 26 'read' 'B_ptr_read' <Predicate = true> <Delay = 0.00>
ST_3 : Operation 27 [1/1] (0.78ns)   --->   "%sub16 = add i5 %C_WORDS_OUT, i5 31" [../gen2/Hls_Layers_UpConv.tpp:184]   --->   Operation 27 'add' 'sub16' <Predicate = true> <Delay = 0.78> <CoreInst = "Adder">   --->   Core 1 'Adder' <Latency = 0> <II = 1> <Delay = 0.78> <FuncUnit> <Opcode : 'add' 'sub'> <InPorts = 2> <OutPorts = 1>
ST_3 : Operation 28 [1/1] (0.00ns)   --->   "%shl_ln = bitconcatenate i13 @_ssdm_op_BitConcatenate.i13.i12.i1, i12 %mul_ln200, i1 0" [../gen2/Hls_Layers_UpConv.tpp:200]   --->   Operation 28 'bitconcatenate' 'shl_ln' <Predicate = true> <Delay = 0.00>
ST_3 : Operation 29 [2/2] (1.24ns)   --->   "%call_ln200 = call void @UpConv_Fused_Row<8>_Pipeline_RESET_ROW_ACC, i13 %shl_ln, i5 %sub16, i16 %void_UpConv_Fused_Row_ap_uint_ap_uint_const_ap_uint_const_ap_uint_const_ap_u_9, i16 %void_UpConv_Fused_Row_ap_uint_ap_uint_const_ap_uint_const_ap_uint_const_ap_u_8, i16 %void_UpConv_Fused_Row_ap_uint_ap_uint_const_ap_uint_const_ap_uint_const_ap_u_7, i16 %void_UpConv_Fused_Row_ap_uint_ap_uint_const_ap_uint_const_ap_uint_const_ap_u_6, i16 %void_UpConv_Fused_Row_ap_uint_ap_uint_const_ap_uint_const_ap_uint_const_ap_u_5, i16 %void_UpConv_Fused_Row_ap_uint_ap_uint_const_ap_uint_const_ap_uint_const_ap_u_4, i16 %void_UpConv_Fused_Row_ap_uint_ap_uint_const_ap_uint_const_ap_uint_const_ap_u_3, i16 %void_UpConv_Fused_Row_ap_uint_ap_uint_const_ap_uint_const_ap_uint_const_ap_u_2, i16 %void_UpConv_Fused_Row_ap_uint_ap_uint_const_ap_uint_const_ap_uint_const_ap_u_1, i16 %void_UpConv_Fused_Row_ap_uint_ap_uint_const_ap_uint_const_ap_uint_const_ap_u, i16 %void_UpConv_Fused_Row_8_ap_uint_256_ap_uint_256_const_ap_uint_256_const_ap_uint_256_const_ap_uint_256_const_ap_uint_256_decimal16_int_int_int_int_int_row_acc, i16 %void_UpConv_Fused_Row_8_ap_uint_256_ap_uint_256_const_ap_uint_256_const_ap_uint_256_const_ap_uint_256_const_ap_uint_256_decimal16_int_int_int_int_int_row_acc_0, i16 %void_UpConv_Fused_Row_8_ap_uint_256_ap_uint_256_const_ap_uint_256_const_ap_uint_256_const_ap_uint_256_const_ap_uint_256_decimal16_int_int_int_int_int_row_acc_1, i16 %void_UpConv_Fused_Row_8_ap_uint_256_ap_uint_256_const_ap_uint_256_const_ap_uint_256_const_ap_uint_256_const_ap_uint_256_decimal16_int_int_int_int_int_row_acc_2, i16 %void_UpConv_Fused_Row_8_ap_uint_256_ap_uint_256_const_ap_uint_256_const_ap_uint_256_const_ap_uint_256_const_ap_uint_256_decimal16_int_int_int_int_int_row_acc_3, i16 %void_UpConv_Fused_Row_8_ap_uint_256_ap_uint_256_const_ap_uint_256_const_ap_uint_256_const_ap_uint_256_const_ap_uint_256_decimal16_int_int_int_int_int_row_acc_4" [../gen2/Hls_Layers_UpConv.tpp:200]   --->   Operation 29 'call' 'call_ln200' <Predicate = true> <Delay = 1.24> <CoreType = "Generic">   --->   Generic Core
ST_3 : Operation 30 [1/1] (0.00ns)   --->   "%trunc_ln3 = partselect i59 @_ssdm_op_PartSelect.i59.i64.i32.i32, i64 %B_ptr_read, i32 5, i32 63" [../gen2/Hls_Layers_UpConv.tpp:228]   --->   Operation 30 'partselect' 'trunc_ln3' <Predicate = true> <Delay = 0.00>
ST_3 : Operation 31 [1/1] (0.00ns)   --->   "%trunc_ln228_1 = partselect i59 @_ssdm_op_PartSelect.i59.i64.i32.i32, i64 %G_ptr_read, i32 5, i32 63" [../gen2/Hls_Layers_UpConv.tpp:228]   --->   Operation 31 'partselect' 'trunc_ln228_1' <Predicate = true> <Delay = 0.00>
ST_3 : Operation 32 [1/1] (0.00ns)   --->   "%trunc_ln228_2 = partselect i59 @_ssdm_op_PartSelect.i59.i64.i32.i32, i64 %BE_ptr_read, i32 5, i32 63" [../gen2/Hls_Layers_UpConv.tpp:228]   --->   Operation 32 'partselect' 'trunc_ln228_2' <Predicate = true> <Delay = 0.00>
ST_3 : Operation 33 [2/2] (1.21ns)   --->   "%call_ln184 = call void @UpConv_Fused_Row<8>_Pipeline_LOAD_PARAMS, i5 %C_WORDS_OUT, i256 %b_buf, i59 %trunc_ln3, i256 %gmem_param, i256 %g_buf, i59 %trunc_ln228_1, i256 %be_buf, i59 %trunc_ln228_2" [../gen2/Hls_Layers_UpConv.tpp:184]   --->   Operation 33 'call' 'call_ln184' <Predicate = true> <Delay = 1.21> <CoreType = "Generic">   --->   Generic Core
ST_3 : Operation 34 [5/7] (3.23ns)   --->   "%conv1 = sitofp i32 %C_OUT_cast8"   --->   Operation 34 'sitofp' 'conv1' <Predicate = true> <Delay = 3.23> <CoreInst = "Int2Float">   --->   Core 62 'Int2Float' <Latency = 6> <II = 1> <Delay = 3.23> <FuncUnit> <Opcode : 'uitofp' 'sitofp'> <InPorts = 1> <OutPorts = 1>

State 4 <SV = 3> <Delay = 3.23>
ST_4 : Operation 35 [1/2] (1.67ns)   --->   "%call_ln200 = call void @UpConv_Fused_Row<8>_Pipeline_RESET_ROW_ACC, i13 %shl_ln, i5 %sub16, i16 %void_UpConv_Fused_Row_ap_uint_ap_uint_const_ap_uint_const_ap_uint_const_ap_u_9, i16 %void_UpConv_Fused_Row_ap_uint_ap_uint_const_ap_uint_const_ap_uint_const_ap_u_8, i16 %void_UpConv_Fused_Row_ap_uint_ap_uint_const_ap_uint_const_ap_uint_const_ap_u_7, i16 %void_UpConv_Fused_Row_ap_uint_ap_uint_const_ap_uint_const_ap_uint_const_ap_u_6, i16 %void_UpConv_Fused_Row_ap_uint_ap_uint_const_ap_uint_const_ap_uint_const_ap_u_5, i16 %void_UpConv_Fused_Row_ap_uint_ap_uint_const_ap_uint_const_ap_uint_const_ap_u_4, i16 %void_UpConv_Fused_Row_ap_uint_ap_uint_const_ap_uint_const_ap_uint_const_ap_u_3, i16 %void_UpConv_Fused_Row_ap_uint_ap_uint_const_ap_uint_const_ap_uint_const_ap_u_2, i16 %void_UpConv_Fused_Row_ap_uint_ap_uint_const_ap_uint_const_ap_uint_const_ap_u_1, i16 %void_UpConv_Fused_Row_ap_uint_ap_uint_const_ap_uint_const_ap_uint_const_ap_u, i16 %void_UpConv_Fused_Row_8_ap_uint_256_ap_uint_256_const_ap_uint_256_const_ap_uint_256_const_ap_uint_256_const_ap_uint_256_decimal16_int_int_int_int_int_row_acc, i16 %void_UpConv_Fused_Row_8_ap_uint_256_ap_uint_256_const_ap_uint_256_const_ap_uint_256_const_ap_uint_256_const_ap_uint_256_decimal16_int_int_int_int_int_row_acc_0, i16 %void_UpConv_Fused_Row_8_ap_uint_256_ap_uint_256_const_ap_uint_256_const_ap_uint_256_const_ap_uint_256_const_ap_uint_256_decimal16_int_int_int_int_int_row_acc_1, i16 %void_UpConv_Fused_Row_8_ap_uint_256_ap_uint_256_const_ap_uint_256_const_ap_uint_256_const_ap_uint_256_const_ap_uint_256_decimal16_int_int_int_int_int_row_acc_2, i16 %void_UpConv_Fused_Row_8_ap_uint_256_ap_uint_256_const_ap_uint_256_const_ap_uint_256_const_ap_uint_256_const_ap_uint_256_decimal16_int_int_int_int_int_row_acc_3, i16 %void_UpConv_Fused_Row_8_ap_uint_256_ap_uint_256_const_ap_uint_256_const_ap_uint_256_const_ap_uint_256_const_ap_uint_256_decimal16_int_int_int_int_int_row_acc_4" [../gen2/Hls_Layers_UpConv.tpp:200]   --->   Operation 35 'call' 'call_ln200' <Predicate = true> <Delay = 1.67> <CoreType = "Generic">   --->   Generic Core
ST_4 : Operation 36 [1/2] (0.00ns)   --->   "%call_ln184 = call void @UpConv_Fused_Row<8>_Pipeline_LOAD_PARAMS, i5 %C_WORDS_OUT, i256 %b_buf, i59 %trunc_ln3, i256 %gmem_param, i256 %g_buf, i59 %trunc_ln228_1, i256 %be_buf, i59 %trunc_ln228_2" [../gen2/Hls_Layers_UpConv.tpp:184]   --->   Operation 36 'call' 'call_ln184' <Predicate = true> <Delay = 0.00> <CoreType = "Generic">   --->   Generic Core
ST_4 : Operation 37 [4/7] (3.23ns)   --->   "%conv1 = sitofp i32 %C_OUT_cast8"   --->   Operation 37 'sitofp' 'conv1' <Predicate = true> <Delay = 3.23> <CoreInst = "Int2Float">   --->   Core 62 'Int2Float' <Latency = 6> <II = 1> <Delay = 3.23> <FuncUnit> <Opcode : 'uitofp' 'sitofp'> <InPorts = 1> <OutPorts = 1>

State 5 <SV = 4> <Delay = 3.23>
ST_5 : Operation 38 [1/1] (0.00ns)   --->   "%ho_read = read i8 @_ssdm_op_Read.ap_auto.i8, i8 %ho"   --->   Operation 38 'read' 'ho_read' <Predicate = true> <Delay = 0.00>
ST_5 : Operation 39 [1/1] (0.00ns)   --->   "%C_IN_read = read i10 @_ssdm_op_Read.ap_auto.i10, i10 %C_IN"   --->   Operation 39 'read' 'C_IN_read' <Predicate = true> <Delay = 0.00>
ST_5 : Operation 40 [1/1] (0.00ns)   --->   "%H_IN_read = read i8 @_ssdm_op_Read.ap_auto.i8, i8 %H_IN"   --->   Operation 40 'read' 'H_IN_read' <Predicate = true> <Delay = 0.00>
ST_5 : Operation 41 [1/1] (0.00ns)   --->   "%epsilon_read = read i16 @_ssdm_op_Read.ap_auto.half, i16 %epsilon"   --->   Operation 41 'read' 'epsilon_read' <Predicate = true> <Delay = 0.00>
ST_5 : Operation 42 [1/1] (0.00ns)   --->   "%W_ptr_read = read i64 @_ssdm_op_Read.ap_auto.i64, i64 %W_ptr"   --->   Operation 42 'read' 'W_ptr_read' <Predicate = true> <Delay = 0.00>
ST_5 : Operation 43 [1/1] (0.77ns)   --->   "%add_ln186 = add i9 %C_OUT_read, i9 7" [../gen2/Hls_Layers_UpConv.tpp:186]   --->   Operation 43 'add' 'add_ln186' <Predicate = true> <Delay = 0.77> <CoreInst = "Adder">   --->   Core 1 'Adder' <Latency = 0> <II = 1> <Delay = 0.77> <FuncUnit> <Opcode : 'add' 'sub'> <InPorts = 2> <OutPorts = 1>
ST_5 : Operation 44 [1/1] (0.00ns)   --->   "%trunc_ln = partselect i6 @_ssdm_op_PartSelect.i6.i9.i32.i32, i9 %add_ln186, i32 3, i32 8" [../gen2/Hls_Layers_UpConv.tpp:186]   --->   Operation 44 'partselect' 'trunc_ln' <Predicate = true> <Delay = 0.00>
ST_5 : Operation 45 [2/2] (0.00ns)   --->   "%call_ln186 = call void @dataflow_parent_loop_proc, i6 %trunc_ln, i256 %gmem_weight, i64 %W_ptr_read, i9 %C_OUT_read, i10 %C_IN_read, i8 %ho_read, i8 %H_IN_read, i8 %W_IN_read, i256 %x_buf, i16 %void_UpConv_Fused_Row_ap_uint_ap_uint_const_ap_uint_const_ap_uint_const_ap_u_9, i16 %void_UpConv_Fused_Row_ap_uint_ap_uint_const_ap_uint_const_ap_uint_const_ap_u_1, i16 %void_UpConv_Fused_Row_ap_uint_ap_uint_const_ap_uint_const_ap_uint_const_ap_u_8, i16 %void_UpConv_Fused_Row_ap_uint_ap_uint_const_ap_uint_const_ap_uint_const_ap_u, i16 %void_UpConv_Fused_Row_ap_uint_ap_uint_const_ap_uint_const_ap_uint_const_ap_u_7, i16 %void_UpConv_Fused_Row_8_ap_uint_256_ap_uint_256_const_ap_uint_256_const_ap_uint_256_const_ap_uint_256_const_ap_uint_256_decimal16_int_int_int_int_int_row_acc, i16 %void_UpConv_Fused_Row_ap_uint_ap_uint_const_ap_uint_const_ap_uint_const_ap_u_6, i16 %void_UpConv_Fused_Row_8_ap_uint_256_ap_uint_256_const_ap_uint_256_const_ap_uint_256_const_ap_uint_256_const_ap_uint_256_decimal16_int_int_int_int_int_row_acc_0, i16 %void_UpConv_Fused_Row_ap_uint_ap_uint_const_ap_uint_const_ap_uint_const_ap_u_5, i16 %void_UpConv_Fused_Row_8_ap_uint_256_ap_uint_256_const_ap_uint_256_const_ap_uint_256_const_ap_uint_256_const_ap_uint_256_decimal16_int_int_int_int_int_row_acc_1, i16 %void_UpConv_Fused_Row_ap_uint_ap_uint_const_ap_uint_const_ap_uint_const_ap_u_4, i16 %void_UpConv_Fused_Row_8_ap_uint_256_ap_uint_256_const_ap_uint_256_const_ap_uint_256_const_ap_uint_256_const_ap_uint_256_decimal16_int_int_int_int_int_row_acc_2, i16 %void_UpConv_Fused_Row_ap_uint_ap_uint_const_ap_uint_const_ap_uint_const_ap_u_3, i16 %void_UpConv_Fused_Row_8_ap_uint_256_ap_uint_256_const_ap_uint_256_const_ap_uint_256_const_ap_uint_256_const_ap_uint_256_decimal16_int_int_int_int_int_row_acc_3, i16 %void_UpConv_Fused_Row_ap_uint_ap_uint_const_ap_uint_const_ap_uint_const_ap_u_2, i16 %void_UpConv_Fused_Row_8_ap_uint_256_ap_uint_256_const_ap_uint_256_const_ap_uint_256_const_ap_uint_256_const_ap_uint_256_decimal16_int_int_int_int_int_row_acc_4" [../gen2/Hls_Layers_UpConv.tpp:186]   --->   Operation 45 'call' 'call_ln186' <Predicate = true> <Delay = 0.00> <CoreType = "Generic">   --->   Generic Core
ST_5 : Operation 46 [3/7] (3.23ns)   --->   "%conv1 = sitofp i32 %C_OUT_cast8"   --->   Operation 46 'sitofp' 'conv1' <Predicate = true> <Delay = 3.23> <CoreInst = "Int2Float">   --->   Core 62 'Int2Float' <Latency = 6> <II = 1> <Delay = 3.23> <FuncUnit> <Opcode : 'uitofp' 'sitofp'> <InPorts = 1> <OutPorts = 1>
ST_5 : Operation 47 [2/2] (1.53ns)   --->   "%conv2 = hptosp i16 %epsilon_read"   --->   Operation 47 'hptosp' 'conv2' <Predicate = true> <Delay = 1.53> <CoreInst = "Half2Float">   --->   Core 68 'Half2Float' <Latency = 1> <II = 1> <Delay = 1.53> <FuncUnit> <Opcode : 'hptosp'> <InPorts = 1> <OutPorts = 1>

State 6 <SV = 5> <Delay = 3.23>
ST_6 : Operation 48 [1/2] (0.78ns)   --->   "%call_ln186 = call void @dataflow_parent_loop_proc, i6 %trunc_ln, i256 %gmem_weight, i64 %W_ptr_read, i9 %C_OUT_read, i10 %C_IN_read, i8 %ho_read, i8 %H_IN_read, i8 %W_IN_read, i256 %x_buf, i16 %void_UpConv_Fused_Row_ap_uint_ap_uint_const_ap_uint_const_ap_uint_const_ap_u_9, i16 %void_UpConv_Fused_Row_ap_uint_ap_uint_const_ap_uint_const_ap_uint_const_ap_u_1, i16 %void_UpConv_Fused_Row_ap_uint_ap_uint_const_ap_uint_const_ap_uint_const_ap_u_8, i16 %void_UpConv_Fused_Row_ap_uint_ap_uint_const_ap_uint_const_ap_uint_const_ap_u, i16 %void_UpConv_Fused_Row_ap_uint_ap_uint_const_ap_uint_const_ap_uint_const_ap_u_7, i16 %void_UpConv_Fused_Row_8_ap_uint_256_ap_uint_256_const_ap_uint_256_const_ap_uint_256_const_ap_uint_256_const_ap_uint_256_decimal16_int_int_int_int_int_row_acc, i16 %void_UpConv_Fused_Row_ap_uint_ap_uint_const_ap_uint_const_ap_uint_const_ap_u_6, i16 %void_UpConv_Fused_Row_8_ap_uint_256_ap_uint_256_const_ap_uint_256_const_ap_uint_256_const_ap_uint_256_const_ap_uint_256_decimal16_int_int_int_int_int_row_acc_0, i16 %void_UpConv_Fused_Row_ap_uint_ap_uint_const_ap_uint_const_ap_uint_const_ap_u_5, i16 %void_UpConv_Fused_Row_8_ap_uint_256_ap_uint_256_const_ap_uint_256_const_ap_uint_256_const_ap_uint_256_const_ap_uint_256_decimal16_int_int_int_int_int_row_acc_1, i16 %void_UpConv_Fused_Row_ap_uint_ap_uint_const_ap_uint_const_ap_uint_const_ap_u_4, i16 %void_UpConv_Fused_Row_8_ap_uint_256_ap_uint_256_const_ap_uint_256_const_ap_uint_256_const_ap_uint_256_const_ap_uint_256_decimal16_int_int_int_int_int_row_acc_2, i16 %void_UpConv_Fused_Row_ap_uint_ap_uint_const_ap_uint_const_ap_uint_const_ap_u_3, i16 %void_UpConv_Fused_Row_8_ap_uint_256_ap_uint_256_const_ap_uint_256_const_ap_uint_256_const_ap_uint_256_const_ap_uint_256_decimal16_int_int_int_int_int_row_acc_3, i16 %void_UpConv_Fused_Row_ap_uint_ap_uint_const_ap_uint_const_ap_uint_const_ap_u_2, i16 %void_UpConv_Fused_Row_8_ap_uint_256_ap_uint_256_const_ap_uint_256_const_ap_uint_256_const_ap_uint_256_const_ap_uint_256_decimal16_int_int_int_int_int_row_acc_4" [../gen2/Hls_Layers_UpConv.tpp:186]   --->   Operation 48 'call' 'call_ln186' <Predicate = true> <Delay = 0.78> <CoreType = "Generic">   --->   Generic Core
ST_6 : Operation 49 [2/7] (3.23ns)   --->   "%conv1 = sitofp i32 %C_OUT_cast8"   --->   Operation 49 'sitofp' 'conv1' <Predicate = true> <Delay = 3.23> <CoreInst = "Int2Float">   --->   Core 62 'Int2Float' <Latency = 6> <II = 1> <Delay = 3.23> <FuncUnit> <Opcode : 'uitofp' 'sitofp'> <InPorts = 1> <OutPorts = 1>
ST_6 : Operation 50 [1/2] (1.53ns)   --->   "%conv2 = hptosp i16 %epsilon_read"   --->   Operation 50 'hptosp' 'conv2' <Predicate = true> <Delay = 1.53> <CoreInst = "Half2Float">   --->   Core 68 'Half2Float' <Latency = 1> <II = 1> <Delay = 1.53> <FuncUnit> <Opcode : 'hptosp'> <InPorts = 1> <OutPorts = 1>

State 7 <SV = 6> <Delay = 3.23>
ST_7 : Operation 51 [1/1] (0.00ns)   --->   "%ho_cast4 = zext i8 %ho_read"   --->   Operation 51 'zext' 'ho_cast4' <Predicate = true> <Delay = 0.00>
ST_7 : Operation 52 [1/1] (0.00ns)   --->   "%W_IN_cast3 = zext i8 %W_IN_read"   --->   Operation 52 'zext' 'W_IN_cast3' <Predicate = true> <Delay = 0.00>
ST_7 : Operation 53 [1/1] (0.00ns)   --->   "%zext_ln249 = zext i8 %W_IN_read" [../gen2/Hls_Layers_UpConv.tpp:249]   --->   Operation 53 'zext' 'zext_ln249' <Predicate = true> <Delay = 0.00>
ST_7 : Operation 54 [1/1] (0.00ns)   --->   "%zext_ln249_1 = zext i9 %C_OUT_read" [../gen2/Hls_Layers_UpConv.tpp:249]   --->   Operation 54 'zext' 'zext_ln249_1' <Predicate = true> <Delay = 0.00>
ST_7 : Operation 55 [1/1] (0.77ns)   --->   "%sub88 = add i9 %C_OUT_read, i9 511"   --->   Operation 55 'add' 'sub88' <Predicate = true> <Delay = 0.77> <CoreInst = "Adder">   --->   Core 1 'Adder' <Latency = 0> <II = 1> <Delay = 0.77> <FuncUnit> <Opcode : 'add' 'sub'> <InPorts = 2> <OutPorts = 1>
ST_7 : Operation 56 [1/7] (3.23ns)   --->   "%conv1 = sitofp i32 %C_OUT_cast8"   --->   Operation 56 'sitofp' 'conv1' <Predicate = true> <Delay = 3.23> <CoreInst = "Int2Float">   --->   Core 62 'Int2Float' <Latency = 6> <II = 1> <Delay = 3.23> <FuncUnit> <Opcode : 'uitofp' 'sitofp'> <InPorts = 1> <OutPorts = 1>
ST_7 : Operation 57 [1/1] (1.74ns)   --->   "%mul_ln249 = mul i16 %zext_ln249_1, i16 %zext_ln249" [../gen2/Hls_Layers_UpConv.tpp:249]   --->   Operation 57 'mul' 'mul_ln249' <Predicate = true> <Delay = 1.74> <CoreInst = "Multiplier">   --->   Core 3 'Multiplier' <Latency = 0> <II = 1> <Delay = 1.74> <FuncUnit> <Opcode : 'mul'> <InPorts = 2> <OutPorts = 1>
ST_7 : Operation 58 [1/1] (0.00ns)   --->   "%shl_ln3 = bitconcatenate i17 @_ssdm_op_BitConcatenate.i17.i16.i1, i16 %mul_ln249, i1 0" [../gen2/Hls_Layers_UpConv.tpp:249]   --->   Operation 58 'bitconcatenate' 'shl_ln3' <Predicate = true> <Delay = 0.00>
ST_7 : Operation 59 [2/2] (0.00ns)   --->   "%call_ln249 = call void @UpConv_Fused_Row<8>_Pipeline_PIXEL_STATS, i17 %shl_ln3, i32 %conv1, i32 %conv2, i9 %sub88, i256 %b_buf, i32 %mean_buf, i16 %inv_buf, i16 %void_UpConv_Fused_Row_ap_uint_ap_uint_const_ap_uint_const_ap_uint_const_ap_u_9, i16 %void_UpConv_Fused_Row_ap_uint_ap_uint_const_ap_uint_const_ap_uint_const_ap_u_8, i16 %void_UpConv_Fused_Row_ap_uint_ap_uint_const_ap_uint_const_ap_uint_const_ap_u_7, i16 %void_UpConv_Fused_Row_ap_uint_ap_uint_const_ap_uint_const_ap_uint_const_ap_u_6, i16 %void_UpConv_Fused_Row_ap_uint_ap_uint_const_ap_uint_const_ap_uint_const_ap_u_5, i16 %void_UpConv_Fused_Row_ap_uint_ap_uint_const_ap_uint_const_ap_uint_const_ap_u_4, i16 %void_UpConv_Fused_Row_ap_uint_ap_uint_const_ap_uint_const_ap_uint_const_ap_u_3, i16 %void_UpConv_Fused_Row_ap_uint_ap_uint_const_ap_uint_const_ap_uint_const_ap_u_2, i16 %void_UpConv_Fused_Row_ap_uint_ap_uint_const_ap_uint_const_ap_uint_const_ap_u_1, i16 %void_UpConv_Fused_Row_ap_uint_ap_uint_const_ap_uint_const_ap_uint_const_ap_u, i16 %void_UpConv_Fused_Row_8_ap_uint_256_ap_uint_256_const_ap_uint_256_const_ap_uint_256_const_ap_uint_256_const_ap_uint_256_decimal16_int_int_int_int_int_row_acc, i16 %void_UpConv_Fused_Row_8_ap_uint_256_ap_uint_256_const_ap_uint_256_const_ap_uint_256_const_ap_uint_256_const_ap_uint_256_decimal16_int_int_int_int_int_row_acc_0, i16 %void_UpConv_Fused_Row_8_ap_uint_256_ap_uint_256_const_ap_uint_256_const_ap_uint_256_const_ap_uint_256_const_ap_uint_256_decimal16_int_int_int_int_int_row_acc_1, i16 %void_UpConv_Fused_Row_8_ap_uint_256_ap_uint_256_const_ap_uint_256_const_ap_uint_256_const_ap_uint_256_const_ap_uint_256_decimal16_int_int_int_int_int_row_acc_2, i16 %void_UpConv_Fused_Row_8_ap_uint_256_ap_uint_256_const_ap_uint_256_const_ap_uint_256_const_ap_uint_256_const_ap_uint_256_decimal16_int_int_int_int_int_row_acc_3, i16 %void_UpConv_Fused_Row_8_ap_uint_256_ap_uint_256_const_ap_uint_256_const_ap_uint_256_const_ap_uint_256_const_ap_uint_256_decimal16_int_int_int_int_int_row_acc_4" [../gen2/Hls_Layers_UpConv.tpp:249]   --->   Operation 59 'call' 'call_ln249' <Predicate = true> <Delay = 0.00> <CoreType = "Generic">   --->   Generic Core
ST_7 : Operation 60 [1/1] (1.65ns)   --->   "%mul18829 = mul i15 %W_IN_cast3, i15 %ho_cast4"   --->   Operation 60 'mul' 'mul18829' <Predicate = true> <Delay = 1.65> <CoreInst = "Multiplier">   --->   Core 3 'Multiplier' <Latency = 0> <II = 1> <Delay = 1.65> <FuncUnit> <Opcode : 'mul'> <InPorts = 2> <OutPorts = 1>

State 8 <SV = 7> <Delay = 0.00>
ST_8 : Operation 61 [1/2] (0.00ns)   --->   "%call_ln249 = call void @UpConv_Fused_Row<8>_Pipeline_PIXEL_STATS, i17 %shl_ln3, i32 %conv1, i32 %conv2, i9 %sub88, i256 %b_buf, i32 %mean_buf, i16 %inv_buf, i16 %void_UpConv_Fused_Row_ap_uint_ap_uint_const_ap_uint_const_ap_uint_const_ap_u_9, i16 %void_UpConv_Fused_Row_ap_uint_ap_uint_const_ap_uint_const_ap_uint_const_ap_u_8, i16 %void_UpConv_Fused_Row_ap_uint_ap_uint_const_ap_uint_const_ap_uint_const_ap_u_7, i16 %void_UpConv_Fused_Row_ap_uint_ap_uint_const_ap_uint_const_ap_uint_const_ap_u_6, i16 %void_UpConv_Fused_Row_ap_uint_ap_uint_const_ap_uint_const_ap_uint_const_ap_u_5, i16 %void_UpConv_Fused_Row_ap_uint_ap_uint_const_ap_uint_const_ap_uint_const_ap_u_4, i16 %void_UpConv_Fused_Row_ap_uint_ap_uint_const_ap_uint_const_ap_uint_const_ap_u_3, i16 %void_UpConv_Fused_Row_ap_uint_ap_uint_const_ap_uint_const_ap_uint_const_ap_u_2, i16 %void_UpConv_Fused_Row_ap_uint_ap_uint_const_ap_uint_const_ap_uint_const_ap_u_1, i16 %void_UpConv_Fused_Row_ap_uint_ap_uint_const_ap_uint_const_ap_uint_const_ap_u, i16 %void_UpConv_Fused_Row_8_ap_uint_256_ap_uint_256_const_ap_uint_256_const_ap_uint_256_const_ap_uint_256_const_ap_uint_256_decimal16_int_int_int_int_int_row_acc, i16 %void_UpConv_Fused_Row_8_ap_uint_256_ap_uint_256_const_ap_uint_256_const_ap_uint_256_const_ap_uint_256_const_ap_uint_256_decimal16_int_int_int_int_int_row_acc_0, i16 %void_UpConv_Fused_Row_8_ap_uint_256_ap_uint_256_const_ap_uint_256_const_ap_uint_256_const_ap_uint_256_const_ap_uint_256_decimal16_int_int_int_int_int_row_acc_1, i16 %void_UpConv_Fused_Row_8_ap_uint_256_ap_uint_256_const_ap_uint_256_const_ap_uint_256_const_ap_uint_256_const_ap_uint_256_decimal16_int_int_int_int_int_row_acc_2, i16 %void_UpConv_Fused_Row_8_ap_uint_256_ap_uint_256_const_ap_uint_256_const_ap_uint_256_const_ap_uint_256_const_ap_uint_256_decimal16_int_int_int_int_int_row_acc_3, i16 %void_UpConv_Fused_Row_8_ap_uint_256_ap_uint_256_const_ap_uint_256_const_ap_uint_256_const_ap_uint_256_const_ap_uint_256_decimal16_int_int_int_int_int_row_acc_4" [../gen2/Hls_Layers_UpConv.tpp:249]   --->   Operation 61 'call' 'call_ln249' <Predicate = true> <Delay = 0.00> <CoreType = "Generic">   --->   Generic Core

State 9 <SV = 8> <Delay = 0.00>
ST_9 : Operation 62 [1/1] (0.00ns)   --->   "%Y_read = read i64 @_ssdm_op_Read.ap_auto.i64, i64 %Y"   --->   Operation 62 'read' 'Y_read' <Predicate = true> <Delay = 0.00>
ST_9 : Operation 63 [1/1] (0.00ns)   --->   "%mul4 = bitconcatenate i16 @_ssdm_op_BitConcatenate.i16.i15.i1, i15 %mul18829, i1 0"   --->   Operation 63 'bitconcatenate' 'mul4' <Predicate = true> <Delay = 0.00>
ST_9 : Operation 64 [2/2] (0.00ns)   --->   "%call_ln200 = call void @UpConv_Fused_Row<8>_Pipeline_PIXEL_NORM, i13 %shl_ln, i256 %g_buf, i256 %be_buf, i9 %C_OUT_read, i16 %mul4, i5 %C_WORDS_OUT, i64 %Y_read, i256 %gmem_out, i5 %sub16, i32 %mean_buf, i16 %inv_buf, i16 %void_UpConv_Fused_Row_ap_uint_ap_uint_const_ap_uint_const_ap_uint_const_ap_u_9, i16 %void_UpConv_Fused_Row_ap_uint_ap_uint_const_ap_uint_const_ap_uint_const_ap_u_8, i16 %void_UpConv_Fused_Row_ap_uint_ap_uint_const_ap_uint_const_ap_uint_const_ap_u_7, i16 %void_UpConv_Fused_Row_ap_uint_ap_uint_const_ap_uint_const_ap_uint_const_ap_u_6, i16 %void_UpConv_Fused_Row_ap_uint_ap_uint_const_ap_uint_const_ap_uint_const_ap_u_5, i16 %void_UpConv_Fused_Row_ap_uint_ap_uint_const_ap_uint_const_ap_uint_const_ap_u_4, i16 %void_UpConv_Fused_Row_ap_uint_ap_uint_const_ap_uint_const_ap_uint_const_ap_u_3, i16 %void_UpConv_Fused_Row_ap_uint_ap_uint_const_ap_uint_const_ap_uint_const_ap_u_2, i16 %void_UpConv_Fused_Row_ap_uint_ap_uint_const_ap_uint_const_ap_uint_const_ap_u_1, i16 %void_UpConv_Fused_Row_ap_uint_ap_uint_const_ap_uint_const_ap_uint_const_ap_u, i16 %void_UpConv_Fused_Row_8_ap_uint_256_ap_uint_256_const_ap_uint_256_const_ap_uint_256_const_ap_uint_256_const_ap_uint_256_decimal16_int_int_int_int_int_row_acc, i16 %void_UpConv_Fused_Row_8_ap_uint_256_ap_uint_256_const_ap_uint_256_const_ap_uint_256_const_ap_uint_256_const_ap_uint_256_decimal16_int_int_int_int_int_row_acc_0, i16 %void_UpConv_Fused_Row_8_ap_uint_256_ap_uint_256_const_ap_uint_256_const_ap_uint_256_const_ap_uint_256_const_ap_uint_256_decimal16_int_int_int_int_int_row_acc_1, i16 %void_UpConv_Fused_Row_8_ap_uint_256_ap_uint_256_const_ap_uint_256_const_ap_uint_256_const_ap_uint_256_const_ap_uint_256_decimal16_int_int_int_int_int_row_acc_2, i16 %void_UpConv_Fused_Row_8_ap_uint_256_ap_uint_256_const_ap_uint_256_const_ap_uint_256_const_ap_uint_256_const_ap_uint_256_decimal16_int_int_int_int_int_row_acc_3, i16 %void_UpConv_Fused_Row_8_ap_uint_256_ap_uint_256_const_ap_uint_256_const_ap_uint_256_const_ap_uint_256_const_ap_uint_256_decimal16_int_int_int_int_int_row_acc_4" [../gen2/Hls_Layers_UpConv.tpp:200]   --->   Operation 64 'call' 'call_ln200' <Predicate = true> <Delay = 0.00> <CoreType = "Generic">   --->   Generic Core

State 10 <SV = 9> <Delay = 0.00>
ST_10 : Operation 65 [1/1] (0.00ns)   --->   "%specinterface_ln0 = specinterface void @_ssdm_op_SpecInterface, i256 %gmem_out, void @empty_161, i32 0, i32 0, void @empty_80, i32 0, i32 0, void @empty_155, void @empty_138, void @empty_80, i32 16, i32 16, i32 16, i32 64, void @empty_80, void @empty_80, i32 4294967295, i32 0, i32 0"   --->   Operation 65 'specinterface' 'specinterface_ln0' <Predicate = true> <Delay = 0.00>
ST_10 : Operation 66 [1/1] (0.00ns)   --->   "%specinterface_ln0 = specinterface void @_ssdm_op_SpecInterface, i256 %gmem_param, void @empty_161, i32 0, i32 0, void @empty_80, i32 0, i32 0, void @empty_100, void @empty_138, void @empty_80, i32 16, i32 16, i32 64, i32 16, void @empty_80, void @empty_80, i32 4294967295, i32 0, i32 0"   --->   Operation 66 'specinterface' 'specinterface_ln0' <Predicate = true> <Delay = 0.00>
ST_10 : Operation 67 [1/1] (0.00ns)   --->   "%specinterface_ln0 = specinterface void @_ssdm_op_SpecInterface, i256 %gmem_weight, void @empty_161, i32 0, i32 0, void @empty_80, i32 0, i32 0, void @empty_56, void @empty_138, void @empty_80, i32 16, i32 16, i32 64, i32 16, void @empty_80, void @empty_80, i32 4294967295, i32 0, i32 0"   --->   Operation 67 'specinterface' 'specinterface_ln0' <Predicate = true> <Delay = 0.00>
ST_10 : Operation 68 [1/1] (0.00ns)   --->   "%specmemcore_ln190 = specmemcore void @_ssdm_op_SpecMemCore, i16 %void_UpConv_Fused_Row_8_ap_uint_256_ap_uint_256_const_ap_uint_256_const_ap_uint_256_const_ap_uint_256_const_ap_uint_256_decimal16_int_int_int_int_int_row_acc_4, i64 666, i64 31, i64 18446744073709551615" [../gen2/Hls_Layers_UpConv.tpp:190]   --->   Operation 68 'specmemcore' 'specmemcore_ln190' <Predicate = true> <Delay = 0.00>
ST_10 : Operation 69 [1/1] (0.00ns)   --->   "%specmemcore_ln190 = specmemcore void @_ssdm_op_SpecMemCore, i16 %void_UpConv_Fused_Row_8_ap_uint_256_ap_uint_256_const_ap_uint_256_const_ap_uint_256_const_ap_uint_256_const_ap_uint_256_decimal16_int_int_int_int_int_row_acc_3, i64 666, i64 31, i64 18446744073709551615" [../gen2/Hls_Layers_UpConv.tpp:190]   --->   Operation 69 'specmemcore' 'specmemcore_ln190' <Predicate = true> <Delay = 0.00>
ST_10 : Operation 70 [1/1] (0.00ns)   --->   "%specmemcore_ln190 = specmemcore void @_ssdm_op_SpecMemCore, i16 %void_UpConv_Fused_Row_8_ap_uint_256_ap_uint_256_const_ap_uint_256_const_ap_uint_256_const_ap_uint_256_const_ap_uint_256_decimal16_int_int_int_int_int_row_acc_2, i64 666, i64 31, i64 18446744073709551615" [../gen2/Hls_Layers_UpConv.tpp:190]   --->   Operation 70 'specmemcore' 'specmemcore_ln190' <Predicate = true> <Delay = 0.00>
ST_10 : Operation 71 [1/1] (0.00ns)   --->   "%specmemcore_ln190 = specmemcore void @_ssdm_op_SpecMemCore, i16 %void_UpConv_Fused_Row_8_ap_uint_256_ap_uint_256_const_ap_uint_256_const_ap_uint_256_const_ap_uint_256_const_ap_uint_256_decimal16_int_int_int_int_int_row_acc_1, i64 666, i64 31, i64 18446744073709551615" [../gen2/Hls_Layers_UpConv.tpp:190]   --->   Operation 71 'specmemcore' 'specmemcore_ln190' <Predicate = true> <Delay = 0.00>
ST_10 : Operation 72 [1/1] (0.00ns)   --->   "%specmemcore_ln190 = specmemcore void @_ssdm_op_SpecMemCore, i16 %void_UpConv_Fused_Row_8_ap_uint_256_ap_uint_256_const_ap_uint_256_const_ap_uint_256_const_ap_uint_256_const_ap_uint_256_decimal16_int_int_int_int_int_row_acc_0, i64 666, i64 31, i64 18446744073709551615" [../gen2/Hls_Layers_UpConv.tpp:190]   --->   Operation 72 'specmemcore' 'specmemcore_ln190' <Predicate = true> <Delay = 0.00>
ST_10 : Operation 73 [1/1] (0.00ns)   --->   "%specmemcore_ln190 = specmemcore void @_ssdm_op_SpecMemCore, i16 %void_UpConv_Fused_Row_8_ap_uint_256_ap_uint_256_const_ap_uint_256_const_ap_uint_256_const_ap_uint_256_const_ap_uint_256_decimal16_int_int_int_int_int_row_acc, i64 666, i64 31, i64 18446744073709551615" [../gen2/Hls_Layers_UpConv.tpp:190]   --->   Operation 73 'specmemcore' 'specmemcore_ln190' <Predicate = true> <Delay = 0.00>
ST_10 : Operation 74 [1/1] (0.00ns)   --->   "%specmemcore_ln190 = specmemcore void @_ssdm_op_SpecMemCore, i16 %void_UpConv_Fused_Row_ap_uint_ap_uint_const_ap_uint_const_ap_uint_const_ap_u, i64 666, i64 31, i64 18446744073709551615" [../gen2/Hls_Layers_UpConv.tpp:190]   --->   Operation 74 'specmemcore' 'specmemcore_ln190' <Predicate = true> <Delay = 0.00>
ST_10 : Operation 75 [1/1] (0.00ns)   --->   "%specmemcore_ln190 = specmemcore void @_ssdm_op_SpecMemCore, i16 %void_UpConv_Fused_Row_ap_uint_ap_uint_const_ap_uint_const_ap_uint_const_ap_u_1, i64 666, i64 31, i64 18446744073709551615" [../gen2/Hls_Layers_UpConv.tpp:190]   --->   Operation 75 'specmemcore' 'specmemcore_ln190' <Predicate = true> <Delay = 0.00>
ST_10 : Operation 76 [1/1] (0.00ns)   --->   "%specmemcore_ln190 = specmemcore void @_ssdm_op_SpecMemCore, i16 %void_UpConv_Fused_Row_ap_uint_ap_uint_const_ap_uint_const_ap_uint_const_ap_u_2, i64 666, i64 31, i64 18446744073709551615" [../gen2/Hls_Layers_UpConv.tpp:190]   --->   Operation 76 'specmemcore' 'specmemcore_ln190' <Predicate = true> <Delay = 0.00>
ST_10 : Operation 77 [1/1] (0.00ns)   --->   "%specmemcore_ln190 = specmemcore void @_ssdm_op_SpecMemCore, i16 %void_UpConv_Fused_Row_ap_uint_ap_uint_const_ap_uint_const_ap_uint_const_ap_u_3, i64 666, i64 31, i64 18446744073709551615" [../gen2/Hls_Layers_UpConv.tpp:190]   --->   Operation 77 'specmemcore' 'specmemcore_ln190' <Predicate = true> <Delay = 0.00>
ST_10 : Operation 78 [1/1] (0.00ns)   --->   "%specmemcore_ln190 = specmemcore void @_ssdm_op_SpecMemCore, i16 %void_UpConv_Fused_Row_ap_uint_ap_uint_const_ap_uint_const_ap_uint_const_ap_u_4, i64 666, i64 31, i64 18446744073709551615" [../gen2/Hls_Layers_UpConv.tpp:190]   --->   Operation 78 'specmemcore' 'specmemcore_ln190' <Predicate = true> <Delay = 0.00>
ST_10 : Operation 79 [1/1] (0.00ns)   --->   "%specmemcore_ln190 = specmemcore void @_ssdm_op_SpecMemCore, i16 %void_UpConv_Fused_Row_ap_uint_ap_uint_const_ap_uint_const_ap_uint_const_ap_u_5, i64 666, i64 31, i64 18446744073709551615" [../gen2/Hls_Layers_UpConv.tpp:190]   --->   Operation 79 'specmemcore' 'specmemcore_ln190' <Predicate = true> <Delay = 0.00>
ST_10 : Operation 80 [1/1] (0.00ns)   --->   "%specmemcore_ln190 = specmemcore void @_ssdm_op_SpecMemCore, i16 %void_UpConv_Fused_Row_ap_uint_ap_uint_const_ap_uint_const_ap_uint_const_ap_u_6, i64 666, i64 31, i64 18446744073709551615" [../gen2/Hls_Layers_UpConv.tpp:190]   --->   Operation 80 'specmemcore' 'specmemcore_ln190' <Predicate = true> <Delay = 0.00>
ST_10 : Operation 81 [1/1] (0.00ns)   --->   "%specmemcore_ln190 = specmemcore void @_ssdm_op_SpecMemCore, i16 %void_UpConv_Fused_Row_ap_uint_ap_uint_const_ap_uint_const_ap_uint_const_ap_u_7, i64 666, i64 31, i64 18446744073709551615" [../gen2/Hls_Layers_UpConv.tpp:190]   --->   Operation 81 'specmemcore' 'specmemcore_ln190' <Predicate = true> <Delay = 0.00>
ST_10 : Operation 82 [1/1] (0.00ns)   --->   "%specmemcore_ln190 = specmemcore void @_ssdm_op_SpecMemCore, i16 %void_UpConv_Fused_Row_ap_uint_ap_uint_const_ap_uint_const_ap_uint_const_ap_u_8, i64 666, i64 31, i64 18446744073709551615" [../gen2/Hls_Layers_UpConv.tpp:190]   --->   Operation 82 'specmemcore' 'specmemcore_ln190' <Predicate = true> <Delay = 0.00>
ST_10 : Operation 83 [1/1] (0.00ns)   --->   "%specmemcore_ln190 = specmemcore void @_ssdm_op_SpecMemCore, i16 %void_UpConv_Fused_Row_ap_uint_ap_uint_const_ap_uint_const_ap_uint_const_ap_u_9, i64 666, i64 31, i64 18446744073709551615" [../gen2/Hls_Layers_UpConv.tpp:190]   --->   Operation 83 'specmemcore' 'specmemcore_ln190' <Predicate = true> <Delay = 0.00>
ST_10 : Operation 84 [1/1] (0.00ns)   --->   "%specmemcore_ln224 = specmemcore void @_ssdm_op_SpecMemCore, i256 %b_buf, i64 666, i64 30, i64 18446744073709551615" [../gen2/Hls_Layers_UpConv.tpp:224]   --->   Operation 84 'specmemcore' 'specmemcore_ln224' <Predicate = true> <Delay = 0.00>
ST_10 : Operation 85 [1/1] (0.00ns)   --->   "%specmemcore_ln225 = specmemcore void @_ssdm_op_SpecMemCore, i256 %g_buf, i64 666, i64 30, i64 18446744073709551615" [../gen2/Hls_Layers_UpConv.tpp:225]   --->   Operation 85 'specmemcore' 'specmemcore_ln225' <Predicate = true> <Delay = 0.00>
ST_10 : Operation 86 [1/1] (0.00ns)   --->   "%specmemcore_ln226 = specmemcore void @_ssdm_op_SpecMemCore, i256 %be_buf, i64 666, i64 30, i64 18446744073709551615" [../gen2/Hls_Layers_UpConv.tpp:226]   --->   Operation 86 'specmemcore' 'specmemcore_ln226' <Predicate = true> <Delay = 0.00>
ST_10 : Operation 87 [1/1] (0.00ns)   --->   "%specmemcore_ln241 = specmemcore void @_ssdm_op_SpecMemCore, i32 %mean_buf, i64 666, i64 23, i64 18446744073709551615" [../gen2/Hls_Layers_UpConv.tpp:241]   --->   Operation 87 'specmemcore' 'specmemcore_ln241' <Predicate = true> <Delay = 0.00>
ST_10 : Operation 88 [1/1] (0.00ns)   --->   "%specmemcore_ln242 = specmemcore void @_ssdm_op_SpecMemCore, i16 %inv_buf, i64 666, i64 23, i64 18446744073709551615" [../gen2/Hls_Layers_UpConv.tpp:242]   --->   Operation 88 'specmemcore' 'specmemcore_ln242' <Predicate = true> <Delay = 0.00>
ST_10 : Operation 89 [1/2] (0.00ns)   --->   "%call_ln200 = call void @UpConv_Fused_Row<8>_Pipeline_PIXEL_NORM, i13 %shl_ln, i256 %g_buf, i256 %be_buf, i9 %C_OUT_read, i16 %mul4, i5 %C_WORDS_OUT, i64 %Y_read, i256 %gmem_out, i5 %sub16, i32 %mean_buf, i16 %inv_buf, i16 %void_UpConv_Fused_Row_ap_uint_ap_uint_const_ap_uint_const_ap_uint_const_ap_u_9, i16 %void_UpConv_Fused_Row_ap_uint_ap_uint_const_ap_uint_const_ap_uint_const_ap_u_8, i16 %void_UpConv_Fused_Row_ap_uint_ap_uint_const_ap_uint_const_ap_uint_const_ap_u_7, i16 %void_UpConv_Fused_Row_ap_uint_ap_uint_const_ap_uint_const_ap_uint_const_ap_u_6, i16 %void_UpConv_Fused_Row_ap_uint_ap_uint_const_ap_uint_const_ap_uint_const_ap_u_5, i16 %void_UpConv_Fused_Row_ap_uint_ap_uint_const_ap_uint_const_ap_uint_const_ap_u_4, i16 %void_UpConv_Fused_Row_ap_uint_ap_uint_const_ap_uint_const_ap_uint_const_ap_u_3, i16 %void_UpConv_Fused_Row_ap_uint_ap_uint_const_ap_uint_const_ap_uint_const_ap_u_2, i16 %void_UpConv_Fused_Row_ap_uint_ap_uint_const_ap_uint_const_ap_uint_const_ap_u_1, i16 %void_UpConv_Fused_Row_ap_uint_ap_uint_const_ap_uint_const_ap_uint_const_ap_u, i16 %void_UpConv_Fused_Row_8_ap_uint_256_ap_uint_256_const_ap_uint_256_const_ap_uint_256_const_ap_uint_256_const_ap_uint_256_decimal16_int_int_int_int_int_row_acc, i16 %void_UpConv_Fused_Row_8_ap_uint_256_ap_uint_256_const_ap_uint_256_const_ap_uint_256_const_ap_uint_256_const_ap_uint_256_decimal16_int_int_int_int_int_row_acc_0, i16 %void_UpConv_Fused_Row_8_ap_uint_256_ap_uint_256_const_ap_uint_256_const_ap_uint_256_const_ap_uint_256_const_ap_uint_256_decimal16_int_int_int_int_int_row_acc_1, i16 %void_UpConv_Fused_Row_8_ap_uint_256_ap_uint_256_const_ap_uint_256_const_ap_uint_256_const_ap_uint_256_const_ap_uint_256_decimal16_int_int_int_int_int_row_acc_2, i16 %void_UpConv_Fused_Row_8_ap_uint_256_ap_uint_256_const_ap_uint_256_const_ap_uint_256_const_ap_uint_256_const_ap_uint_256_decimal16_int_int_int_int_int_row_acc_3, i16 %void_UpConv_Fused_Row_8_ap_uint_256_ap_uint_256_const_ap_uint_256_const_ap_uint_256_const_ap_uint_256_const_ap_uint_256_decimal16_int_int_int_int_int_row_acc_4" [../gen2/Hls_Layers_UpConv.tpp:200]   --->   Operation 89 'call' 'call_ln200' <Predicate = true> <Delay = 0.00> <CoreType = "Generic">   --->   Generic Core
ST_10 : Operation 90 [1/1] (0.00ns)   --->   "%ret_ln300 = ret" [../gen2/Hls_Layers_UpConv.tpp:300]   --->   Operation 90 'ret' 'ret_ln300' <Predicate = true> <Delay = 0.00>


============================================================
+ Verbose Summary: Binding
============================================================
STG Binding: 
---------------- STG Properties BEGIN ----------------
- Is combinational: 0
- Is one-state seq: 0
- Is datapath-only: 0
- Is pipelined: 0
- Is top level: 0
Port [ Return ] is wired: 1; IO mode=ap_ctrl_hs:ce=0
Port [ gmem_weight]:  wired=1; compound=1; hidden=0; nouse=0; global=0; static=0; extern=0; dir=0; type=4; pingpong=0; private_global=0; IO mode=m_axi:ce=0
Port [ W_ptr]:  wired=1; compound=0; hidden=0; nouse=0; global=0; static=0; extern=0; dir=0; type=0; pingpong=0; private_global=0; IO mode=ap_none:ce=0
Port [ gmem_param]:  wired=1; compound=1; hidden=0; nouse=0; global=0; static=0; extern=0; dir=0; type=4; pingpong=0; private_global=0; IO mode=m_axi:ce=0
Port [ B_ptr]:  wired=1; compound=0; hidden=0; nouse=0; global=0; static=0; extern=0; dir=0; type=0; pingpong=0; private_global=0; IO mode=ap_none:ce=0
Port [ G_ptr]:  wired=1; compound=0; hidden=0; nouse=0; global=0; static=0; extern=0; dir=0; type=0; pingpong=0; private_global=0; IO mode=ap_none:ce=0
Port [ BE_ptr]:  wired=1; compound=0; hidden=0; nouse=0; global=0; static=0; extern=0; dir=0; type=0; pingpong=0; private_global=0; IO mode=ap_none:ce=0
Port [ gmem_out]:  wired=1; compound=1; hidden=0; nouse=0; global=0; static=0; extern=0; dir=1; type=4; pingpong=0; private_global=0; IO mode=m_axi:ce=0
Port [ Y]:  wired=1; compound=0; hidden=0; nouse=0; global=0; static=0; extern=0; dir=0; type=0; pingpong=0; private_global=0; IO mode=ap_none:ce=0
Port [ epsilon]:  wired=1; compound=0; hidden=0; nouse=0; global=0; static=0; extern=0; dir=0; type=0; pingpong=0; private_global=0; IO mode=ap_none:ce=0
Port [ H_IN]:  wired=1; compound=0; hidden=0; nouse=0; global=0; static=0; extern=0; dir=0; type=0; pingpong=0; private_global=0; IO mode=ap_none:ce=0
Port [ W_IN]:  wired=1; compound=0; hidden=0; nouse=0; global=0; static=0; extern=0; dir=0; type=0; pingpong=0; private_global=0; IO mode=ap_none:ce=0
Port [ C_IN]:  wired=1; compound=0; hidden=0; nouse=0; global=0; static=0; extern=0; dir=0; type=0; pingpong=0; private_global=0; IO mode=ap_none:ce=0
Port [ C_OUT]:  wired=1; compound=0; hidden=0; nouse=0; global=0; static=0; extern=0; dir=0; type=0; pingpong=0; private_global=0; IO mode=ap_none:ce=0
Port [ ho]:  wired=1; compound=0; hidden=0; nouse=0; global=0; static=0; extern=0; dir=0; type=0; pingpong=0; private_global=0; IO mode=ap_none:ce=0
Port [ void_UpConv_Fused_Row_ap_uint_ap_uint_const_ap_uint_const_ap_uint_const_ap_u_9]:  wired=0; compound=1; hidden=1; nouse=0; global=1; static=1; extern=0; dir=2; type=1; pingpong=0; private_global=1; MemPort=[21]; IO mode=ap_memory:ce=0
Port [ void_UpConv_Fused_Row_ap_uint_ap_uint_const_ap_uint_const_ap_uint_const_ap_u_8]:  wired=0; compound=1; hidden=1; nouse=0; global=1; static=1; extern=0; dir=2; type=1; pingpong=0; private_global=1; MemPort=[21]; IO mode=ap_memory:ce=0
Port [ void_UpConv_Fused_Row_ap_uint_ap_uint_const_ap_uint_const_ap_uint_const_ap_u_7]:  wired=0; compound=1; hidden=1; nouse=0; global=1; static=1; extern=0; dir=2; type=1; pingpong=0; private_global=1; MemPort=[21]; IO mode=ap_memory:ce=0
Port [ void_UpConv_Fused_Row_ap_uint_ap_uint_const_ap_uint_const_ap_uint_const_ap_u_6]:  wired=0; compound=1; hidden=1; nouse=0; global=1; static=1; extern=0; dir=2; type=1; pingpong=0; private_global=1; MemPort=[21]; IO mode=ap_memory:ce=0
Port [ void_UpConv_Fused_Row_ap_uint_ap_uint_const_ap_uint_const_ap_uint_const_ap_u_5]:  wired=0; compound=1; hidden=1; nouse=0; global=1; static=1; extern=0; dir=2; type=1; pingpong=0; private_global=1; MemPort=[21]; IO mode=ap_memory:ce=0
Port [ void_UpConv_Fused_Row_ap_uint_ap_uint_const_ap_uint_const_ap_uint_const_ap_u_4]:  wired=0; compound=1; hidden=1; nouse=0; global=1; static=1; extern=0; dir=2; type=1; pingpong=0; private_global=1; MemPort=[21]; IO mode=ap_memory:ce=0
Port [ void_UpConv_Fused_Row_ap_uint_ap_uint_const_ap_uint_const_ap_uint_const_ap_u_3]:  wired=0; compound=1; hidden=1; nouse=0; global=1; static=1; extern=0; dir=2; type=1; pingpong=0; private_global=1; MemPort=[21]; IO mode=ap_memory:ce=0
Port [ void_UpConv_Fused_Row_ap_uint_ap_uint_const_ap_uint_const_ap_uint_const_ap_u_2]:  wired=0; compound=1; hidden=1; nouse=0; global=1; static=1; extern=0; dir=2; type=1; pingpong=0; private_global=1; MemPort=[21]; IO mode=ap_memory:ce=0
Port [ void_UpConv_Fused_Row_ap_uint_ap_uint_const_ap_uint_const_ap_uint_const_ap_u_1]:  wired=0; compound=1; hidden=1; nouse=0; global=1; static=1; extern=0; dir=2; type=1; pingpong=0; private_global=1; MemPort=[21]; IO mode=ap_memory:ce=0
Port [ void_UpConv_Fused_Row_ap_uint_ap_uint_const_ap_uint_const_ap_uint_const_ap_u]:  wired=0; compound=1; hidden=1; nouse=0; global=1; static=1; extern=0; dir=2; type=1; pingpong=0; private_global=1; MemPort=[21]; IO mode=ap_memory:ce=0
Port [ void_UpConv_Fused_Row_8_ap_uint_256_ap_uint_256_const_ap_uint_256_const_ap_uint_256_const_ap_uint_256_const_ap_uint_256_decimal16_int_int_int_int_int_row_acc]:  wired=0; compound=1; hidden=1; nouse=0; global=1; static=1; extern=0; dir=2; type=1; pingpong=0; private_global=1; MemPort=[21]; IO mode=ap_memory:ce=0
Port [ void_UpConv_Fused_Row_8_ap_uint_256_ap_uint_256_const_ap_uint_256_const_ap_uint_256_const_ap_uint_256_const_ap_uint_256_decimal16_int_int_int_int_int_row_acc_0]:  wired=0; compound=1; hidden=1; nouse=0; global=1; static=1; extern=0; dir=2; type=1; pingpong=0; private_global=1; MemPort=[21]; IO mode=ap_memory:ce=0
Port [ void_UpConv_Fused_Row_8_ap_uint_256_ap_uint_256_const_ap_uint_256_const_ap_uint_256_const_ap_uint_256_const_ap_uint_256_decimal16_int_int_int_int_int_row_acc_1]:  wired=0; compound=1; hidden=1; nouse=0; global=1; static=1; extern=0; dir=2; type=1; pingpong=0; private_global=1; MemPort=[21]; IO mode=ap_memory:ce=0
Port [ void_UpConv_Fused_Row_8_ap_uint_256_ap_uint_256_const_ap_uint_256_const_ap_uint_256_const_ap_uint_256_const_ap_uint_256_decimal16_int_int_int_int_int_row_acc_2]:  wired=0; compound=1; hidden=1; nouse=0; global=1; static=1; extern=0; dir=2; type=1; pingpong=0; private_global=1; MemPort=[21]; IO mode=ap_memory:ce=0
Port [ void_UpConv_Fused_Row_8_ap_uint_256_ap_uint_256_const_ap_uint_256_const_ap_uint_256_const_ap_uint_256_const_ap_uint_256_decimal16_int_int_int_int_int_row_acc_3]:  wired=0; compound=1; hidden=1; nouse=0; global=1; static=1; extern=0; dir=2; type=1; pingpong=0; private_global=1; MemPort=[21]; IO mode=ap_memory:ce=0
Port [ void_UpConv_Fused_Row_8_ap_uint_256_ap_uint_256_const_ap_uint_256_const_ap_uint_256_const_ap_uint_256_const_ap_uint_256_decimal16_int_int_int_int_int_row_acc_4]:  wired=0; compound=1; hidden=1; nouse=0; global=1; static=1; extern=0; dir=2; type=1; pingpong=0; private_global=1; MemPort=[21]; IO mode=ap_memory:ce=0
Port [ x_buf]:  wired=1; compound=1; hidden=0; nouse=0; global=1; static=1; extern=0; dir=0; type=1; pingpong=0; private_global=0; MemPort=[13]; IO mode=ap_memory:ce=0
Port [ mean_buf]:  wired=0; compound=1; hidden=1; nouse=0; global=1; static=1; extern=0; dir=2; type=1; pingpong=0; private_global=1; MemPort=[10]; IO mode=ap_memory:ce=0
Port [ inv_buf]:  wired=0; compound=1; hidden=1; nouse=0; global=1; static=1; extern=0; dir=2; type=1; pingpong=0; private_global=1; MemPort=[10]; IO mode=ap_memory:ce=0
---------------- STG Properties END ------------------

---------------- Datapath Model BEGIN ----------------

<LifeTime>
<method=bitvector/>
C_OUT_read        (read          ) [ 00111111111]
C_OUT_cast8       (zext          ) [ 00111111000]
b_buf             (alloca        ) [ 00111111111]
g_buf             (alloca        ) [ 00111111111]
be_buf            (alloca        ) [ 00111111111]
W_IN_read         (read          ) [ 00011111000]
add_ln184         (add           ) [ 00000000000]
C_WORDS_OUT       (partselect    ) [ 00011111111]
zext_ln200_1      (zext          ) [ 00000000000]
zext_ln200        (zext          ) [ 00000000000]
mul_ln200         (mul           ) [ 00010000000]
BE_ptr_read       (read          ) [ 00000000000]
G_ptr_read        (read          ) [ 00000000000]
B_ptr_read        (read          ) [ 00000000000]
sub16             (add           ) [ 00001111111]
shl_ln            (bitconcatenate) [ 00001111111]
trunc_ln3         (partselect    ) [ 00001000000]
trunc_ln228_1     (partselect    ) [ 00001000000]
trunc_ln228_2     (partselect    ) [ 00001000000]
call_ln200        (call          ) [ 00000000000]
call_ln184        (call          ) [ 00000000000]
ho_read           (read          ) [ 00000011000]
C_IN_read         (read          ) [ 00000010000]
H_IN_read         (read          ) [ 00000010000]
epsilon_read      (read          ) [ 00000010000]
W_ptr_read        (read          ) [ 00000010000]
add_ln186         (add           ) [ 00000000000]
trunc_ln          (partselect    ) [ 00000010000]
call_ln186        (call          ) [ 00000000000]
conv2             (hptosp        ) [ 00000001100]
ho_cast4          (zext          ) [ 00000000000]
W_IN_cast3        (zext          ) [ 00000000000]
zext_ln249        (zext          ) [ 00000000000]
zext_ln249_1      (zext          ) [ 00000000000]
sub88             (add           ) [ 00000000100]
conv1             (sitofp        ) [ 00000000100]
mul_ln249         (mul           ) [ 00000000000]
shl_ln3           (bitconcatenate) [ 00000000100]
mul18829          (mul           ) [ 00000000110]
call_ln249        (call          ) [ 00000000000]
Y_read            (read          ) [ 00000000001]
mul4              (bitconcatenate) [ 00000000001]
specinterface_ln0 (specinterface ) [ 00000000000]
specinterface_ln0 (specinterface ) [ 00000000000]
specinterface_ln0 (specinterface ) [ 00000000000]
specmemcore_ln190 (specmemcore   ) [ 00000000000]
specmemcore_ln190 (specmemcore   ) [ 00000000000]
specmemcore_ln190 (specmemcore   ) [ 00000000000]
specmemcore_ln190 (specmemcore   ) [ 00000000000]
specmemcore_ln190 (specmemcore   ) [ 00000000000]
specmemcore_ln190 (specmemcore   ) [ 00000000000]
specmemcore_ln190 (specmemcore   ) [ 00000000000]
specmemcore_ln190 (specmemcore   ) [ 00000000000]
specmemcore_ln190 (specmemcore   ) [ 00000000000]
specmemcore_ln190 (specmemcore   ) [ 00000000000]
specmemcore_ln190 (specmemcore   ) [ 00000000000]
specmemcore_ln190 (specmemcore   ) [ 00000000000]
specmemcore_ln190 (specmemcore   ) [ 00000000000]
specmemcore_ln190 (specmemcore   ) [ 00000000000]
specmemcore_ln190 (specmemcore   ) [ 00000000000]
specmemcore_ln190 (specmemcore   ) [ 00000000000]
specmemcore_ln224 (specmemcore   ) [ 00000000000]
specmemcore_ln225 (specmemcore   ) [ 00000000000]
specmemcore_ln226 (specmemcore   ) [ 00000000000]
specmemcore_ln241 (specmemcore   ) [ 00000000000]
specmemcore_ln242 (specmemcore   ) [ 00000000000]
call_ln200        (call          ) [ 00000000000]
ret_ln300         (ret           ) [ 00000000000]
</LifeTime>

<model>

<comp_list>
<comp id="0" class="1000" name="gmem_weight">
<pin_list>
<pin id="1" dir="1" index="0" bw="1" slack="0"/>
</pin_list>
<bind>
<StgValue><ssdm name="gmem_weight"/><MemPortTyVec>0 </MemPortTyVec>
</StgValue>
</bind>
</comp>

<comp id="2" class="1000" name="W_ptr">
<pin_list>
<pin id="3" dir="1" index="0" bw="1" slack="0"/>
</pin_list>
<bind>
<StgValue><ssdm name="W_ptr"/></StgValue>
</bind>
</comp>

<comp id="4" class="1000" name="gmem_param">
<pin_list>
<pin id="5" dir="1" index="0" bw="1" slack="0"/>
</pin_list>
<bind>
<StgValue><ssdm name="gmem_param"/><MemPortTyVec>0 </MemPortTyVec>
</StgValue>
</bind>
</comp>

<comp id="6" class="1000" name="B_ptr">
<pin_list>
<pin id="7" dir="1" index="0" bw="1" slack="0"/>
</pin_list>
<bind>
<StgValue><ssdm name="B_ptr"/></StgValue>
</bind>
</comp>

<comp id="8" class="1000" name="G_ptr">
<pin_list>
<pin id="9" dir="1" index="0" bw="1" slack="0"/>
</pin_list>
<bind>
<StgValue><ssdm name="G_ptr"/></StgValue>
</bind>
</comp>

<comp id="10" class="1000" name="BE_ptr">
<pin_list>
<pin id="11" dir="1" index="0" bw="1" slack="0"/>
</pin_list>
<bind>
<StgValue><ssdm name="BE_ptr"/></StgValue>
</bind>
</comp>

<comp id="12" class="1000" name="gmem_out">
<pin_list>
<pin id="13" dir="1" index="0" bw="1" slack="0"/>
</pin_list>
<bind>
<StgValue><ssdm name="gmem_out"/><MemPortTyVec>1 </MemPortTyVec>
</StgValue>
</bind>
</comp>

<comp id="14" class="1000" name="Y">
<pin_list>
<pin id="15" dir="1" index="0" bw="1" slack="0"/>
</pin_list>
<bind>
<StgValue><ssdm name="Y"/></StgValue>
</bind>
</comp>

<comp id="16" class="1000" name="epsilon">
<pin_list>
<pin id="17" dir="1" index="0" bw="1" slack="0"/>
</pin_list>
<bind>
<StgValue><ssdm name="epsilon"/></StgValue>
</bind>
</comp>

<comp id="18" class="1000" name="H_IN">
<pin_list>
<pin id="19" dir="1" index="0" bw="1" slack="0"/>
</pin_list>
<bind>
<StgValue><ssdm name="H_IN"/></StgValue>
</bind>
</comp>

<comp id="20" class="1000" name="W_IN">
<pin_list>
<pin id="21" dir="1" index="0" bw="1" slack="0"/>
</pin_list>
<bind>
<StgValue><ssdm name="W_IN"/></StgValue>
</bind>
</comp>

<comp id="22" class="1000" name="C_IN">
<pin_list>
<pin id="23" dir="1" index="0" bw="1" slack="0"/>
</pin_list>
<bind>
<StgValue><ssdm name="C_IN"/></StgValue>
</bind>
</comp>

<comp id="24" class="1000" name="C_OUT">
<pin_list>
<pin id="25" dir="1" index="0" bw="1" slack="0"/>
</pin_list>
<bind>
<StgValue><ssdm name="C_OUT"/></StgValue>
</bind>
</comp>

<comp id="26" class="1000" name="ho">
<pin_list>
<pin id="27" dir="1" index="0" bw="1" slack="0"/>
</pin_list>
<bind>
<StgValue><ssdm name="ho"/></StgValue>
</bind>
</comp>

<comp id="28" class="1000" name="void_UpConv_Fused_Row_ap_uint_ap_uint_const_ap_uint_const_ap_uint_const_ap_u_9">
<pin_list>
<pin id="29" dir="1" index="0" bw="1" slack="0"/>
</pin_list>
<bind>
<StgValue><ssdm name="void_UpConv_Fused_Row_ap_uint_ap_uint_const_ap_uint_const_ap_uint_const_ap_u_9"/><MemPortTyVec>2 1 </MemPortTyVec>
</StgValue>
</bind>
</comp>

<comp id="30" class="1000" name="void_UpConv_Fused_Row_ap_uint_ap_uint_const_ap_uint_const_ap_uint_const_ap_u_8">
<pin_list>
<pin id="31" dir="1" index="0" bw="1" slack="0"/>
</pin_list>
<bind>
<StgValue><ssdm name="void_UpConv_Fused_Row_ap_uint_ap_uint_const_ap_uint_const_ap_uint_const_ap_u_8"/><MemPortTyVec>2 1 </MemPortTyVec>
</StgValue>
</bind>
</comp>

<comp id="32" class="1000" name="void_UpConv_Fused_Row_ap_uint_ap_uint_const_ap_uint_const_ap_uint_const_ap_u_7">
<pin_list>
<pin id="33" dir="1" index="0" bw="1" slack="0"/>
</pin_list>
<bind>
<StgValue><ssdm name="void_UpConv_Fused_Row_ap_uint_ap_uint_const_ap_uint_const_ap_uint_const_ap_u_7"/><MemPortTyVec>2 1 </MemPortTyVec>
</StgValue>
</bind>
</comp>

<comp id="34" class="1000" name="void_UpConv_Fused_Row_ap_uint_ap_uint_const_ap_uint_const_ap_uint_const_ap_u_6">
<pin_list>
<pin id="35" dir="1" index="0" bw="1" slack="0"/>
</pin_list>
<bind>
<StgValue><ssdm name="void_UpConv_Fused_Row_ap_uint_ap_uint_const_ap_uint_const_ap_uint_const_ap_u_6"/><MemPortTyVec>2 1 </MemPortTyVec>
</StgValue>
</bind>
</comp>

<comp id="36" class="1000" name="void_UpConv_Fused_Row_ap_uint_ap_uint_const_ap_uint_const_ap_uint_const_ap_u_5">
<pin_list>
<pin id="37" dir="1" index="0" bw="1" slack="0"/>
</pin_list>
<bind>
<StgValue><ssdm name="void_UpConv_Fused_Row_ap_uint_ap_uint_const_ap_uint_const_ap_uint_const_ap_u_5"/><MemPortTyVec>2 1 </MemPortTyVec>
</StgValue>
</bind>
</comp>

<comp id="38" class="1000" name="void_UpConv_Fused_Row_ap_uint_ap_uint_const_ap_uint_const_ap_uint_const_ap_u_4">
<pin_list>
<pin id="39" dir="1" index="0" bw="1" slack="0"/>
</pin_list>
<bind>
<StgValue><ssdm name="void_UpConv_Fused_Row_ap_uint_ap_uint_const_ap_uint_const_ap_uint_const_ap_u_4"/><MemPortTyVec>2 1 </MemPortTyVec>
</StgValue>
</bind>
</comp>

<comp id="40" class="1000" name="void_UpConv_Fused_Row_ap_uint_ap_uint_const_ap_uint_const_ap_uint_const_ap_u_3">
<pin_list>
<pin id="41" dir="1" index="0" bw="1" slack="0"/>
</pin_list>
<bind>
<StgValue><ssdm name="void_UpConv_Fused_Row_ap_uint_ap_uint_const_ap_uint_const_ap_uint_const_ap_u_3"/><MemPortTyVec>2 1 </MemPortTyVec>
</StgValue>
</bind>
</comp>

<comp id="42" class="1000" name="void_UpConv_Fused_Row_ap_uint_ap_uint_const_ap_uint_const_ap_uint_const_ap_u_2">
<pin_list>
<pin id="43" dir="1" index="0" bw="1" slack="0"/>
</pin_list>
<bind>
<StgValue><ssdm name="void_UpConv_Fused_Row_ap_uint_ap_uint_const_ap_uint_const_ap_uint_const_ap_u_2"/><MemPortTyVec>2 1 </MemPortTyVec>
</StgValue>
</bind>
</comp>

<comp id="44" class="1000" name="void_UpConv_Fused_Row_ap_uint_ap_uint_const_ap_uint_const_ap_uint_const_ap_u_1">
<pin_list>
<pin id="45" dir="1" index="0" bw="1" slack="0"/>
</pin_list>
<bind>
<StgValue><ssdm name="void_UpConv_Fused_Row_ap_uint_ap_uint_const_ap_uint_const_ap_uint_const_ap_u_1"/><MemPortTyVec>2 1 </MemPortTyVec>
</StgValue>
</bind>
</comp>

<comp id="46" class="1000" name="void_UpConv_Fused_Row_ap_uint_ap_uint_const_ap_uint_const_ap_uint_const_ap_u">
<pin_list>
<pin id="47" dir="1" index="0" bw="1" slack="0"/>
</pin_list>
<bind>
<StgValue><ssdm name="void_UpConv_Fused_Row_ap_uint_ap_uint_const_ap_uint_const_ap_uint_const_ap_u"/><MemPortTyVec>2 1 </MemPortTyVec>
</StgValue>
</bind>
</comp>

<comp id="48" class="1000" name="void_UpConv_Fused_Row_8_ap_uint_256_ap_uint_256_const_ap_uint_256_const_ap_uint_256_const_ap_uint_256_const_ap_uint_256_decimal16_int_int_int_int_int_row_acc">
<pin_list>
<pin id="49" dir="1" index="0" bw="1" slack="0"/>
</pin_list>
<bind>
<StgValue><ssdm name="void_UpConv_Fused_Row_8_ap_uint_256_ap_uint_256_const_ap_uint_256_const_ap_uint_256_const_ap_uint_256_const_ap_uint_256_decimal16_int_int_int_int_int_row_acc"/><MemPortTyVec>2 1 </MemPortTyVec>
</StgValue>
</bind>
</comp>

<comp id="50" class="1000" name="void_UpConv_Fused_Row_8_ap_uint_256_ap_uint_256_const_ap_uint_256_const_ap_uint_256_const_ap_uint_256_const_ap_uint_256_decimal16_int_int_int_int_int_row_acc_0">
<pin_list>
<pin id="51" dir="1" index="0" bw="1" slack="0"/>
</pin_list>
<bind>
<StgValue><ssdm name="void_UpConv_Fused_Row_8_ap_uint_256_ap_uint_256_const_ap_uint_256_const_ap_uint_256_const_ap_uint_256_const_ap_uint_256_decimal16_int_int_int_int_int_row_acc_0"/><MemPortTyVec>2 1 </MemPortTyVec>
</StgValue>
</bind>
</comp>

<comp id="52" class="1000" name="void_UpConv_Fused_Row_8_ap_uint_256_ap_uint_256_const_ap_uint_256_const_ap_uint_256_const_ap_uint_256_const_ap_uint_256_decimal16_int_int_int_int_int_row_acc_1">
<pin_list>
<pin id="53" dir="1" index="0" bw="1" slack="0"/>
</pin_list>
<bind>
<StgValue><ssdm name="void_UpConv_Fused_Row_8_ap_uint_256_ap_uint_256_const_ap_uint_256_const_ap_uint_256_const_ap_uint_256_const_ap_uint_256_decimal16_int_int_int_int_int_row_acc_1"/><MemPortTyVec>2 1 </MemPortTyVec>
</StgValue>
</bind>
</comp>

<comp id="54" class="1000" name="void_UpConv_Fused_Row_8_ap_uint_256_ap_uint_256_const_ap_uint_256_const_ap_uint_256_const_ap_uint_256_const_ap_uint_256_decimal16_int_int_int_int_int_row_acc_2">
<pin_list>
<pin id="55" dir="1" index="0" bw="1" slack="0"/>
</pin_list>
<bind>
<StgValue><ssdm name="void_UpConv_Fused_Row_8_ap_uint_256_ap_uint_256_const_ap_uint_256_const_ap_uint_256_const_ap_uint_256_const_ap_uint_256_decimal16_int_int_int_int_int_row_acc_2"/><MemPortTyVec>2 1 </MemPortTyVec>
</StgValue>
</bind>
</comp>

<comp id="56" class="1000" name="void_UpConv_Fused_Row_8_ap_uint_256_ap_uint_256_const_ap_uint_256_const_ap_uint_256_const_ap_uint_256_const_ap_uint_256_decimal16_int_int_int_int_int_row_acc_3">
<pin_list>
<pin id="57" dir="1" index="0" bw="1" slack="0"/>
</pin_list>
<bind>
<StgValue><ssdm name="void_UpConv_Fused_Row_8_ap_uint_256_ap_uint_256_const_ap_uint_256_const_ap_uint_256_const_ap_uint_256_const_ap_uint_256_decimal16_int_int_int_int_int_row_acc_3"/><MemPortTyVec>2 1 </MemPortTyVec>
</StgValue>
</bind>
</comp>

<comp id="58" class="1000" name="void_UpConv_Fused_Row_8_ap_uint_256_ap_uint_256_const_ap_uint_256_const_ap_uint_256_const_ap_uint_256_const_ap_uint_256_decimal16_int_int_int_int_int_row_acc_4">
<pin_list>
<pin id="59" dir="1" index="0" bw="1" slack="0"/>
</pin_list>
<bind>
<StgValue><ssdm name="void_UpConv_Fused_Row_8_ap_uint_256_ap_uint_256_const_ap_uint_256_const_ap_uint_256_const_ap_uint_256_const_ap_uint_256_decimal16_int_int_int_int_int_row_acc_4"/><MemPortTyVec>2 1 </MemPortTyVec>
</StgValue>
</bind>
</comp>

<comp id="60" class="1000" name="x_buf">
<pin_list>
<pin id="61" dir="1" index="0" bw="1" slack="0"/>
</pin_list>
<bind>
<StgValue><ssdm name="x_buf"/><MemPortTyVec>1 3 </MemPortTyVec>
</StgValue>
</bind>
</comp>

<comp id="62" class="1000" name="mean_buf">
<pin_list>
<pin id="63" dir="1" index="0" bw="1" slack="0"/>
</pin_list>
<bind>
<StgValue><ssdm name="mean_buf"/><MemPortTyVec>1 0 </MemPortTyVec>
</StgValue>
</bind>
</comp>

<comp id="64" class="1000" name="inv_buf">
<pin_list>
<pin id="65" dir="1" index="0" bw="1" slack="0"/>
</pin_list>
<bind>
<StgValue><ssdm name="inv_buf"/><MemPortTyVec>1 0 </MemPortTyVec>
</StgValue>
</bind>
</comp>

<comp id="66" class="1001" name="const_66">
<pin_list>
<pin id="67" dir="1" index="0" bw="1" slack="0"/>
</pin_list>
<bind>
<StgValue><ssdm name="_ssdm_op_Read.ap_auto.i9"/></StgValue>
</bind>
</comp>

<comp id="68" class="1001" name="const_68">
<pin_list>
<pin id="69" dir="1" index="0" bw="1" slack="0"/>
</pin_list>
<bind>
<StgValue><ssdm name=""/></StgValue>
</bind>
</comp>

<comp id="70" class="1001" name="const_70">
<pin_list>
<pin id="71" dir="1" index="0" bw="1" slack="0"/>
</pin_list>
<bind>
<StgValue><ssdm name="_ssdm_op_Read.ap_auto.i8"/></StgValue>
</bind>
</comp>

<comp id="72" class="1001" name="const_72">
<pin_list>
<pin id="73" dir="1" index="0" bw="1" slack="0"/>
</pin_list>
<bind>
<StgValue><ssdm name=""/></StgValue>
</bind>
</comp>

<comp id="74" class="1001" name="const_74">
<pin_list>
<pin id="75" dir="1" index="0" bw="1" slack="0"/>
</pin_list>
<bind>
<StgValue><ssdm name="_ssdm_op_PartSelect.i5.i9.i32.i32"/></StgValue>
</bind>
</comp>

<comp id="76" class="1001" name="const_76">
<pin_list>
<pin id="77" dir="1" index="0" bw="1" slack="0"/>
</pin_list>
<bind>
<StgValue><ssdm name=""/></StgValue>
</bind>
</comp>

<comp id="78" class="1001" name="const_78">
<pin_list>
<pin id="79" dir="1" index="0" bw="1" slack="0"/>
</pin_list>
<bind>
<StgValue><ssdm name=""/></StgValue>
</bind>
</comp>

<comp id="80" class="1001" name="const_80">
<pin_list>
<pin id="81" dir="1" index="0" bw="1" slack="0"/>
</pin_list>
<bind>
<StgValue><ssdm name="_ssdm_op_Read.ap_auto.i64"/></StgValue>
</bind>
</comp>

<comp id="82" class="1001" name="const_82">
<pin_list>
<pin id="83" dir="1" index="0" bw="1" slack="0"/>
</pin_list>
<bind>
<StgValue><ssdm name=""/></StgValue>
</bind>
</comp>

<comp id="84" class="1001" name="const_84">
<pin_list>
<pin id="85" dir="1" index="0" bw="1" slack="0"/>
</pin_list>
<bind>
<StgValue><ssdm name="_ssdm_op_BitConcatenate.i13.i12.i1"/></StgValue>
</bind>
</comp>

<comp id="86" class="1001" name="const_86">
<pin_list>
<pin id="87" dir="1" index="0" bw="1" slack="0"/>
</pin_list>
<bind>
<StgValue><ssdm name=""/></StgValue>
</bind>
</comp>

<comp id="88" class="1001" name="const_88">
<pin_list>
<pin id="89" dir="1" index="0" bw="1" slack="0"/>
</pin_list>
<bind>
<StgValue><ssdm name="UpConv_Fused_Row<8>_Pipeline_RESET_ROW_ACC"/></StgValue>
</bind>
</comp>

<comp id="90" class="1001" name="const_90">
<pin_list>
<pin id="91" dir="1" index="0" bw="1" slack="0"/>
</pin_list>
<bind>
<StgValue><ssdm name="_ssdm_op_PartSelect.i59.i64.i32.i32"/></StgValue>
</bind>
</comp>

<comp id="92" class="1001" name="const_92">
<pin_list>
<pin id="93" dir="1" index="0" bw="1" slack="0"/>
</pin_list>
<bind>
<StgValue><ssdm name=""/></StgValue>
</bind>
</comp>

<comp id="94" class="1001" name="const_94">
<pin_list>
<pin id="95" dir="1" index="0" bw="1" slack="0"/>
</pin_list>
<bind>
<StgValue><ssdm name=""/></StgValue>
</bind>
</comp>

<comp id="96" class="1001" name="const_96">
<pin_list>
<pin id="97" dir="1" index="0" bw="1" slack="0"/>
</pin_list>
<bind>
<StgValue><ssdm name="UpConv_Fused_Row<8>_Pipeline_LOAD_PARAMS"/></StgValue>
</bind>
</comp>

<comp id="98" class="1001" name="const_98">
<pin_list>
<pin id="99" dir="1" index="0" bw="1" slack="0"/>
</pin_list>
<bind>
<StgValue><ssdm name="_ssdm_op_Read.ap_auto.i10"/></StgValue>
</bind>
</comp>

<comp id="100" class="1001" name="const_100">
<pin_list>
<pin id="101" dir="1" index="0" bw="1" slack="0"/>
</pin_list>
<bind>
<StgValue><ssdm name="_ssdm_op_Read.ap_auto.half"/></StgValue>
</bind>
</comp>

<comp id="102" class="1001" name="const_102">
<pin_list>
<pin id="103" dir="1" index="0" bw="1" slack="0"/>
</pin_list>
<bind>
<StgValue><ssdm name=""/></StgValue>
</bind>
</comp>

<comp id="104" class="1001" name="const_104">
<pin_list>
<pin id="105" dir="1" index="0" bw="1" slack="0"/>
</pin_list>
<bind>
<StgValue><ssdm name="_ssdm_op_PartSelect.i6.i9.i32.i32"/></StgValue>
</bind>
</comp>

<comp id="106" class="1001" name="const_106">
<pin_list>
<pin id="107" dir="1" index="0" bw="1" slack="0"/>
</pin_list>
<bind>
<StgValue><ssdm name=""/></StgValue>
</bind>
</comp>

<comp id="108" class="1001" name="const_108">
<pin_list>
<pin id="109" dir="1" index="0" bw="1" slack="0"/>
</pin_list>
<bind>
<StgValue><ssdm name="dataflow_parent_loop_proc"/></StgValue>
</bind>
</comp>

<comp id="110" class="1001" name="const_110">
<pin_list>
<pin id="111" dir="1" index="0" bw="1" slack="0"/>
</pin_list>
<bind>
<StgValue><ssdm name=""/></StgValue>
</bind>
</comp>

<comp id="112" class="1001" name="const_112">
<pin_list>
<pin id="113" dir="1" index="0" bw="1" slack="0"/>
</pin_list>
<bind>
<StgValue><ssdm name="_ssdm_op_BitConcatenate.i17.i16.i1"/></StgValue>
</bind>
</comp>

<comp id="114" class="1001" name="const_114">
<pin_list>
<pin id="115" dir="1" index="0" bw="1" slack="0"/>
</pin_list>
<bind>
<StgValue><ssdm name="UpConv_Fused_Row<8>_Pipeline_PIXEL_STATS"/></StgValue>
</bind>
</comp>

<comp id="116" class="1001" name="const_116">
<pin_list>
<pin id="117" dir="1" index="0" bw="1" slack="0"/>
</pin_list>
<bind>
<StgValue><ssdm name="_ssdm_op_BitConcatenate.i16.i15.i1"/></StgValue>
</bind>
</comp>

<comp id="118" class="1001" name="const_118">
<pin_list>
<pin id="119" dir="1" index="0" bw="1" slack="0"/>
</pin_list>
<bind>
<StgValue><ssdm name="UpConv_Fused_Row<8>_Pipeline_PIXEL_NORM"/></StgValue>
</bind>
</comp>

<comp id="120" class="1001" name="const_120">
<pin_list>
<pin id="121" dir="1" index="0" bw="1" slack="2147483647"/>
</pin_list>
<bind>
<StgValue><ssdm name="_ssdm_op_SpecInterface"/></StgValue>
</bind>
</comp>

<comp id="122" class="1001" name="const_122">
<pin_list>
<pin id="123" dir="1" index="0" bw="1" slack="2147483647"/>
</pin_list>
<bind>
<StgValue><ssdm name="empty_161"/></StgValue>
</bind>
</comp>

<comp id="124" class="1001" name="const_124">
<pin_list>
<pin id="125" dir="1" index="0" bw="1" slack="2147483647"/>
</pin_list>
<bind>
<StgValue><ssdm name=""/></StgValue>
</bind>
</comp>

<comp id="126" class="1001" name="const_126">
<pin_list>
<pin id="127" dir="1" index="0" bw="1" slack="2147483647"/>
</pin_list>
<bind>
<StgValue><ssdm name="empty_80"/></StgValue>
</bind>
</comp>

<comp id="128" class="1001" name="const_128">
<pin_list>
<pin id="129" dir="1" index="0" bw="1" slack="2147483647"/>
</pin_list>
<bind>
<StgValue><ssdm name="empty_155"/></StgValue>
</bind>
</comp>

<comp id="130" class="1001" name="const_130">
<pin_list>
<pin id="131" dir="1" index="0" bw="1" slack="2147483647"/>
</pin_list>
<bind>
<StgValue><ssdm name="empty_138"/></StgValue>
</bind>
</comp>

<comp id="132" class="1001" name="const_132">
<pin_list>
<pin id="133" dir="1" index="0" bw="1" slack="2147483647"/>
</pin_list>
<bind>
<StgValue><ssdm name=""/></StgValue>
</bind>
</comp>

<comp id="134" class="1001" name="const_134">
<pin_list>
<pin id="135" dir="1" index="0" bw="1" slack="2147483647"/>
</pin_list>
<bind>
<StgValue><ssdm name=""/></StgValue>
</bind>
</comp>

<comp id="136" class="1001" name="const_136">
<pin_list>
<pin id="137" dir="1" index="0" bw="1" slack="2147483647"/>
</pin_list>
<bind>
<StgValue><ssdm name=""/></StgValue>
</bind>
</comp>

<comp id="138" class="1001" name="const_138">
<pin_list>
<pin id="139" dir="1" index="0" bw="1" slack="2147483647"/>
</pin_list>
<bind>
<StgValue><ssdm name="empty_100"/></StgValue>
</bind>
</comp>

<comp id="140" class="1001" name="const_140">
<pin_list>
<pin id="141" dir="1" index="0" bw="1" slack="2147483647"/>
</pin_list>
<bind>
<StgValue><ssdm name="empty_56"/></StgValue>
</bind>
</comp>

<comp id="142" class="1001" name="const_142">
<pin_list>
<pin id="143" dir="1" index="0" bw="1" slack="2147483647"/>
</pin_list>
<bind>
<StgValue><ssdm name="_ssdm_op_SpecMemCore"/></StgValue>
</bind>
</comp>

<comp id="144" class="1001" name="const_144">
<pin_list>
<pin id="145" dir="1" index="0" bw="1" slack="2147483647"/>
</pin_list>
<bind>
<StgValue><ssdm name=""/></StgValue>
</bind>
</comp>

<comp id="146" class="1001" name="const_146">
<pin_list>
<pin id="147" dir="1" index="0" bw="1" slack="2147483647"/>
</pin_list>
<bind>
<StgValue><ssdm name=""/></StgValue>
</bind>
</comp>

<comp id="148" class="1001" name="const_148">
<pin_list>
<pin id="149" dir="1" index="0" bw="1" slack="2147483647"/>
</pin_list>
<bind>
<StgValue><ssdm name=""/></StgValue>
</bind>
</comp>

<comp id="150" class="1001" name="const_150">
<pin_list>
<pin id="151" dir="1" index="0" bw="1" slack="2147483647"/>
</pin_list>
<bind>
<StgValue><ssdm name=""/></StgValue>
</bind>
</comp>

<comp id="152" class="1001" name="const_152">
<pin_list>
<pin id="153" dir="1" index="0" bw="1" slack="2147483647"/>
</pin_list>
<bind>
<StgValue><ssdm name=""/></StgValue>
</bind>
</comp>

<comp id="154" class="1004" name="b_buf_alloca_fu_154">
<pin_list>
<pin id="155" dir="0" index="0" bw="1" slack="0"/>
<pin id="156" dir="1" index="1" bw="256" slack="2147483647"/>
</pin_list>
<bind>
<opcode="alloca(26) " fcode="alloca"/>
<opset="b_buf/1 "/>
</bind>
</comp>

<comp id="158" class="1004" name="g_buf_alloca_fu_158">
<pin_list>
<pin id="159" dir="0" index="0" bw="1" slack="0"/>
<pin id="160" dir="1" index="1" bw="256" slack="2147483647"/>
</pin_list>
<bind>
<opcode="alloca(26) " fcode="alloca"/>
<opset="g_buf/1 "/>
</bind>
</comp>

<comp id="162" class="1004" name="be_buf_alloca_fu_162">
<pin_list>
<pin id="163" dir="0" index="0" bw="1" slack="0"/>
<pin id="164" dir="1" index="1" bw="256" slack="2147483647"/>
</pin_list>
<bind>
<opcode="alloca(26) " fcode="alloca"/>
<opset="be_buf/1 "/>
</bind>
</comp>

<comp id="166" class="1004" name="C_OUT_read_read_fu_166">
<pin_list>
<pin id="167" dir="0" index="0" bw="9" slack="0"/>
<pin id="168" dir="0" index="1" bw="9" slack="0"/>
<pin id="169" dir="1" index="2" bw="9" slack="0"/>
</pin_list>
<bind>
<opcode="read(1150) " fcode="read"/>
<opset="C_OUT_read/1 "/>
</bind>
</comp>

<comp id="172" class="1004" name="W_IN_read_read_fu_172">
<pin_list>
<pin id="173" dir="0" index="0" bw="8" slack="0"/>
<pin id="174" dir="0" index="1" bw="8" slack="0"/>
<pin id="175" dir="1" index="2" bw="8" slack="0"/>
</pin_list>
<bind>
<opcode="read(1150) " fcode="read"/>
<opset="W_IN_read/2 "/>
</bind>
</comp>

<comp id="178" class="1004" name="BE_ptr_read_read_fu_178">
<pin_list>
<pin id="179" dir="0" index="0" bw="64" slack="0"/>
<pin id="180" dir="0" index="1" bw="64" slack="0"/>
<pin id="181" dir="1" index="2" bw="64" slack="0"/>
</pin_list>
<bind>
<opcode="read(1150) " fcode="read"/>
<opset="BE_ptr_read/3 "/>
</bind>
</comp>

<comp id="184" class="1004" name="G_ptr_read_read_fu_184">
<pin_list>
<pin id="185" dir="0" index="0" bw="64" slack="0"/>
<pin id="186" dir="0" index="1" bw="64" slack="0"/>
<pin id="187" dir="1" index="2" bw="64" slack="0"/>
</pin_list>
<bind>
<opcode="read(1150) " fcode="read"/>
<opset="G_ptr_read/3 "/>
</bind>
</comp>

<comp id="190" class="1004" name="B_ptr_read_read_fu_190">
<pin_list>
<pin id="191" dir="0" index="0" bw="64" slack="0"/>
<pin id="192" dir="0" index="1" bw="64" slack="0"/>
<pin id="193" dir="1" index="2" bw="64" slack="0"/>
</pin_list>
<bind>
<opcode="read(1150) " fcode="read"/>
<opset="B_ptr_read/3 "/>
</bind>
</comp>

<comp id="196" class="1004" name="ho_read_read_fu_196">
<pin_list>
<pin id="197" dir="0" index="0" bw="8" slack="0"/>
<pin id="198" dir="0" index="1" bw="8" slack="0"/>
<pin id="199" dir="1" index="2" bw="8" slack="0"/>
</pin_list>
<bind>
<opcode="read(1150) " fcode="read"/>
<opset="ho_read/5 "/>
</bind>
</comp>

<comp id="202" class="1004" name="C_IN_read_read_fu_202">
<pin_list>
<pin id="203" dir="0" index="0" bw="10" slack="0"/>
<pin id="204" dir="0" index="1" bw="10" slack="0"/>
<pin id="205" dir="1" index="2" bw="10" slack="0"/>
</pin_list>
<bind>
<opcode="read(1150) " fcode="read"/>
<opset="C_IN_read/5 "/>
</bind>
</comp>

<comp id="208" class="1004" name="H_IN_read_read_fu_208">
<pin_list>
<pin id="209" dir="0" index="0" bw="8" slack="0"/>
<pin id="210" dir="0" index="1" bw="8" slack="0"/>
<pin id="211" dir="1" index="2" bw="8" slack="0"/>
</pin_list>
<bind>
<opcode="read(1150) " fcode="read"/>
<opset="H_IN_read/5 "/>
</bind>
</comp>

<comp id="214" class="1004" name="epsilon_read_read_fu_214">
<pin_list>
<pin id="215" dir="0" index="0" bw="16" slack="0"/>
<pin id="216" dir="0" index="1" bw="16" slack="0"/>
<pin id="217" dir="1" index="2" bw="16" slack="0"/>
</pin_list>
<bind>
<opcode="read(1150) " fcode="read"/>
<opset="epsilon_read/5 "/>
</bind>
</comp>

<comp id="220" class="1004" name="W_ptr_read_read_fu_220">
<pin_list>
<pin id="221" dir="0" index="0" bw="64" slack="0"/>
<pin id="222" dir="0" index="1" bw="64" slack="0"/>
<pin id="223" dir="1" index="2" bw="64" slack="0"/>
</pin_list>
<bind>
<opcode="read(1150) " fcode="read"/>
<opset="W_ptr_read/5 "/>
</bind>
</comp>

<comp id="226" class="1004" name="Y_read_read_fu_226">
<pin_list>
<pin id="227" dir="0" index="0" bw="64" slack="0"/>
<pin id="228" dir="0" index="1" bw="64" slack="0"/>
<pin id="229" dir="1" index="2" bw="64" slack="0"/>
</pin_list>
<bind>
<opcode="read(1150) " fcode="read"/>
<opset="Y_read/9 "/>
</bind>
</comp>

<comp id="232" class="1004" name="grp_UpConv_Fused_Row_8_Pipeline_RESET_ROW_ACC_fu_232">
<pin_list>
<pin id="233" dir="0" index="0" bw="0" slack="0"/>
<pin id="234" dir="0" index="1" bw="13" slack="0"/>
<pin id="235" dir="0" index="2" bw="5" slack="0"/>
<pin id="236" dir="0" index="3" bw="16" slack="0"/>
<pin id="237" dir="0" index="4" bw="16" slack="0"/>
<pin id="238" dir="0" index="5" bw="16" slack="0"/>
<pin id="239" dir="0" index="6" bw="16" slack="0"/>
<pin id="240" dir="0" index="7" bw="16" slack="0"/>
<pin id="241" dir="0" index="8" bw="16" slack="0"/>
<pin id="242" dir="0" index="9" bw="16" slack="0"/>
<pin id="243" dir="0" index="10" bw="16" slack="0"/>
<pin id="244" dir="0" index="11" bw="16" slack="0"/>
<pin id="245" dir="0" index="12" bw="16" slack="0"/>
<pin id="246" dir="0" index="13" bw="16" slack="0"/>
<pin id="247" dir="0" index="14" bw="16" slack="0"/>
<pin id="248" dir="0" index="15" bw="16" slack="0"/>
<pin id="249" dir="0" index="16" bw="16" slack="0"/>
<pin id="250" dir="0" index="17" bw="16" slack="0"/>
<pin id="251" dir="0" index="18" bw="16" slack="0"/>
<pin id="252" dir="1" index="19" bw="0" slack="2147483647"/>
</pin_list>
<bind>
<opcode="call(48) " fcode="call"/>
<opset="call_ln200/3 "/>
</bind>
</comp>

<comp id="270" class="1004" name="grp_UpConv_Fused_Row_8_Pipeline_LOAD_PARAMS_fu_270">
<pin_list>
<pin id="271" dir="0" index="0" bw="0" slack="0"/>
<pin id="272" dir="0" index="1" bw="5" slack="1"/>
<pin id="273" dir="0" index="2" bw="256" slack="2147483647"/>
<pin id="274" dir="0" index="3" bw="59" slack="0"/>
<pin id="275" dir="0" index="4" bw="256" slack="0"/>
<pin id="276" dir="0" index="5" bw="256" slack="2147483647"/>
<pin id="277" dir="0" index="6" bw="59" slack="0"/>
<pin id="278" dir="0" index="7" bw="256" slack="2147483647"/>
<pin id="279" dir="0" index="8" bw="59" slack="0"/>
<pin id="280" dir="1" index="9" bw="0" slack="2147483647"/>
</pin_list>
<bind>
<opcode="call(48) " fcode="call"/>
<opset="call_ln184/3 "/>
</bind>
</comp>

<comp id="283" class="1004" name="grp_dataflow_parent_loop_proc_fu_283">
<pin_list>
<pin id="284" dir="0" index="0" bw="0" slack="0"/>
<pin id="285" dir="0" index="1" bw="6" slack="0"/>
<pin id="286" dir="0" index="2" bw="256" slack="0"/>
<pin id="287" dir="0" index="3" bw="64" slack="0"/>
<pin id="288" dir="0" index="4" bw="9" slack="4"/>
<pin id="289" dir="0" index="5" bw="10" slack="0"/>
<pin id="290" dir="0" index="6" bw="8" slack="0"/>
<pin id="291" dir="0" index="7" bw="8" slack="0"/>
<pin id="292" dir="0" index="8" bw="8" slack="3"/>
<pin id="293" dir="0" index="9" bw="256" slack="0"/>
<pin id="294" dir="0" index="10" bw="16" slack="0"/>
<pin id="295" dir="0" index="11" bw="16" slack="0"/>
<pin id="296" dir="0" index="12" bw="16" slack="0"/>
<pin id="297" dir="0" index="13" bw="16" slack="0"/>
<pin id="298" dir="0" index="14" bw="16" slack="0"/>
<pin id="299" dir="0" index="15" bw="16" slack="0"/>
<pin id="300" dir="0" index="16" bw="16" slack="0"/>
<pin id="301" dir="0" index="17" bw="16" slack="0"/>
<pin id="302" dir="0" index="18" bw="16" slack="0"/>
<pin id="303" dir="0" index="19" bw="16" slack="0"/>
<pin id="304" dir="0" index="20" bw="16" slack="0"/>
<pin id="305" dir="0" index="21" bw="16" slack="0"/>
<pin id="306" dir="0" index="22" bw="16" slack="0"/>
<pin id="307" dir="0" index="23" bw="16" slack="0"/>
<pin id="308" dir="0" index="24" bw="16" slack="0"/>
<pin id="309" dir="0" index="25" bw="16" slack="0"/>
<pin id="310" dir="1" index="26" bw="0" slack="2147483647"/>
</pin_list>
<bind>
<opcode="call(48) " fcode="call"/>
<opset="call_ln186/5 "/>
</bind>
</comp>

<comp id="334" class="1004" name="grp_UpConv_Fused_Row_8_Pipeline_PIXEL_STATS_fu_334">
<pin_list>
<pin id="335" dir="0" index="0" bw="0" slack="0"/>
<pin id="336" dir="0" index="1" bw="17" slack="0"/>
<pin id="337" dir="0" index="2" bw="32" slack="0"/>
<pin id="338" dir="0" index="3" bw="32" slack="1"/>
<pin id="339" dir="0" index="4" bw="9" slack="0"/>
<pin id="340" dir="0" index="5" bw="256" slack="2147483647"/>
<pin id="341" dir="0" index="6" bw="32" slack="0"/>
<pin id="342" dir="0" index="7" bw="16" slack="0"/>
<pin id="343" dir="0" index="8" bw="16" slack="0"/>
<pin id="344" dir="0" index="9" bw="16" slack="0"/>
<pin id="345" dir="0" index="10" bw="16" slack="0"/>
<pin id="346" dir="0" index="11" bw="16" slack="0"/>
<pin id="347" dir="0" index="12" bw="16" slack="0"/>
<pin id="348" dir="0" index="13" bw="16" slack="0"/>
<pin id="349" dir="0" index="14" bw="16" slack="0"/>
<pin id="350" dir="0" index="15" bw="16" slack="0"/>
<pin id="351" dir="0" index="16" bw="16" slack="0"/>
<pin id="352" dir="0" index="17" bw="16" slack="0"/>
<pin id="353" dir="0" index="18" bw="16" slack="0"/>
<pin id="354" dir="0" index="19" bw="16" slack="0"/>
<pin id="355" dir="0" index="20" bw="16" slack="0"/>
<pin id="356" dir="0" index="21" bw="16" slack="0"/>
<pin id="357" dir="0" index="22" bw="16" slack="0"/>
<pin id="358" dir="0" index="23" bw="16" slack="0"/>
<pin id="359" dir="1" index="24" bw="0" slack="2147483647"/>
</pin_list>
<bind>
<opcode="call(48) " fcode="call"/>
<opset="call_ln249/7 "/>
</bind>
</comp>

<comp id="379" class="1004" name="grp_UpConv_Fused_Row_8_Pipeline_PIXEL_NORM_fu_379">
<pin_list>
<pin id="380" dir="0" index="0" bw="0" slack="0"/>
<pin id="381" dir="0" index="1" bw="13" slack="6"/>
<pin id="382" dir="0" index="2" bw="256" slack="2147483647"/>
<pin id="383" dir="0" index="3" bw="256" slack="2147483647"/>
<pin id="384" dir="0" index="4" bw="9" slack="8"/>
<pin id="385" dir="0" index="5" bw="16" slack="0"/>
<pin id="386" dir="0" index="6" bw="5" slack="7"/>
<pin id="387" dir="0" index="7" bw="64" slack="0"/>
<pin id="388" dir="0" index="8" bw="256" slack="0"/>
<pin id="389" dir="0" index="9" bw="5" slack="6"/>
<pin id="390" dir="0" index="10" bw="32" slack="0"/>
<pin id="391" dir="0" index="11" bw="16" slack="0"/>
<pin id="392" dir="0" index="12" bw="16" slack="0"/>
<pin id="393" dir="0" index="13" bw="16" slack="0"/>
<pin id="394" dir="0" index="14" bw="16" slack="0"/>
<pin id="395" dir="0" index="15" bw="16" slack="0"/>
<pin id="396" dir="0" index="16" bw="16" slack="0"/>
<pin id="397" dir="0" index="17" bw="16" slack="0"/>
<pin id="398" dir="0" index="18" bw="16" slack="0"/>
<pin id="399" dir="0" index="19" bw="16" slack="0"/>
<pin id="400" dir="0" index="20" bw="16" slack="0"/>
<pin id="401" dir="0" index="21" bw="16" slack="0"/>
<pin id="402" dir="0" index="22" bw="16" slack="0"/>
<pin id="403" dir="0" index="23" bw="16" slack="0"/>
<pin id="404" dir="0" index="24" bw="16" slack="0"/>
<pin id="405" dir="0" index="25" bw="16" slack="0"/>
<pin id="406" dir="0" index="26" bw="16" slack="0"/>
<pin id="407" dir="0" index="27" bw="16" slack="0"/>
<pin id="408" dir="1" index="28" bw="0" slack="2147483647"/>
</pin_list>
<bind>
<opcode="call(48) " fcode="call"/>
<opset="call_ln200/9 "/>
</bind>
</comp>

<comp id="430" class="1004" name="grp_fu_430">
<pin_list>
<pin id="431" dir="0" index="0" bw="9" slack="0"/>
<pin id="432" dir="1" index="1" bw="32" slack="0"/>
</pin_list>
<bind>
<opcode="sitofp(39) " fcode="sitofp"/>
<opset="conv1/1 "/>
</bind>
</comp>

<comp id="434" class="1004" name="grp_fu_434">
<pin_list>
<pin id="435" dir="0" index="0" bw="16" slack="0"/>
<pin id="436" dir="1" index="1" bw="32" slack="1"/>
</pin_list>
<bind>
<opcode="hptosp(533) " fcode="hptosp"/>
<opset="conv2/5 "/>
</bind>
</comp>

<comp id="438" class="1004" name="C_OUT_cast8_fu_438">
<pin_list>
<pin id="439" dir="0" index="0" bw="9" slack="0"/>
<pin id="440" dir="1" index="1" bw="32" slack="0"/>
</pin_list>
<bind>
<opcode="zext(34) " fcode="zext"/>
<opset="C_OUT_cast8/1 "/>
</bind>
</comp>

<comp id="443" class="1004" name="add_ln184_fu_443">
<pin_list>
<pin id="444" dir="0" index="0" bw="9" slack="1"/>
<pin id="445" dir="0" index="1" bw="5" slack="0"/>
<pin id="446" dir="1" index="2" bw="9" slack="0"/>
</pin_list>
<bind>
<opcode="add(8) " fcode="add"/>
<opset="add_ln184/2 "/>
</bind>
</comp>

<comp id="448" class="1004" name="C_WORDS_OUT_fu_448">
<pin_list>
<pin id="449" dir="0" index="0" bw="5" slack="0"/>
<pin id="450" dir="0" index="1" bw="9" slack="0"/>
<pin id="451" dir="0" index="2" bw="4" slack="0"/>
<pin id="452" dir="0" index="3" bw="5" slack="0"/>
<pin id="453" dir="1" index="4" bw="5" slack="0"/>
</pin_list>
<bind>
<opcode="partselect(1002) " fcode="partselect"/>
<opset="C_WORDS_OUT/2 "/>
</bind>
</comp>

<comp id="458" class="1004" name="zext_ln200_1_fu_458">
<pin_list>
<pin id="459" dir="0" index="0" bw="5" slack="0"/>
<pin id="460" dir="1" index="1" bw="12" slack="0"/>
</pin_list>
<bind>
<opcode="zext(34) " fcode="zext"/>
<opset="zext_ln200_1/2 "/>
</bind>
</comp>

<comp id="462" class="1004" name="zext_ln200_fu_462">
<pin_list>
<pin id="463" dir="0" index="0" bw="8" slack="0"/>
<pin id="464" dir="1" index="1" bw="12" slack="0"/>
</pin_list>
<bind>
<opcode="zext(34) " fcode="zext"/>
<opset="zext_ln200/2 "/>
</bind>
</comp>

<comp id="466" class="1004" name="mul_ln200_fu_466">
<pin_list>
<pin id="467" dir="0" index="0" bw="8" slack="0"/>
<pin id="468" dir="0" index="1" bw="5" slack="0"/>
<pin id="469" dir="1" index="2" bw="12" slack="1"/>
</pin_list>
<bind>
<opcode="mul(12) " fcode="mul"/>
<opset="mul_ln200/2 "/>
</bind>
</comp>

<comp id="472" class="1004" name="sub16_fu_472">
<pin_list>
<pin id="473" dir="0" index="0" bw="5" slack="1"/>
<pin id="474" dir="0" index="1" bw="1" slack="0"/>
<pin id="475" dir="1" index="2" bw="5" slack="0"/>
</pin_list>
<bind>
<opcode="add(8) " fcode="add"/>
<opset="sub16/3 "/>
</bind>
</comp>

<comp id="478" class="1004" name="shl_ln_fu_478">
<pin_list>
<pin id="479" dir="0" index="0" bw="13" slack="0"/>
<pin id="480" dir="0" index="1" bw="12" slack="1"/>
<pin id="481" dir="0" index="2" bw="1" slack="0"/>
<pin id="482" dir="1" index="3" bw="13" slack="0"/>
</pin_list>
<bind>
<opcode="bitconcatenate(1004) " fcode="bitconcatenate"/>
<opset="shl_ln/3 "/>
</bind>
</comp>

<comp id="486" class="1004" name="trunc_ln3_fu_486">
<pin_list>
<pin id="487" dir="0" index="0" bw="59" slack="0"/>
<pin id="488" dir="0" index="1" bw="64" slack="0"/>
<pin id="489" dir="0" index="2" bw="4" slack="0"/>
<pin id="490" dir="0" index="3" bw="7" slack="0"/>
<pin id="491" dir="1" index="4" bw="59" slack="0"/>
</pin_list>
<bind>
<opcode="partselect(1002) " fcode="partselect"/>
<opset="trunc_ln3/3 "/>
</bind>
</comp>

<comp id="497" class="1004" name="trunc_ln228_1_fu_497">
<pin_list>
<pin id="498" dir="0" index="0" bw="59" slack="0"/>
<pin id="499" dir="0" index="1" bw="64" slack="0"/>
<pin id="500" dir="0" index="2" bw="4" slack="0"/>
<pin id="501" dir="0" index="3" bw="7" slack="0"/>
<pin id="502" dir="1" index="4" bw="59" slack="0"/>
</pin_list>
<bind>
<opcode="partselect(1002) " fcode="partselect"/>
<opset="trunc_ln228_1/3 "/>
</bind>
</comp>

<comp id="508" class="1004" name="trunc_ln228_2_fu_508">
<pin_list>
<pin id="509" dir="0" index="0" bw="59" slack="0"/>
<pin id="510" dir="0" index="1" bw="64" slack="0"/>
<pin id="511" dir="0" index="2" bw="4" slack="0"/>
<pin id="512" dir="0" index="3" bw="7" slack="0"/>
<pin id="513" dir="1" index="4" bw="59" slack="0"/>
</pin_list>
<bind>
<opcode="partselect(1002) " fcode="partselect"/>
<opset="trunc_ln228_2/3 "/>
</bind>
</comp>

<comp id="519" class="1004" name="add_ln186_fu_519">
<pin_list>
<pin id="520" dir="0" index="0" bw="9" slack="4"/>
<pin id="521" dir="0" index="1" bw="4" slack="0"/>
<pin id="522" dir="1" index="2" bw="9" slack="0"/>
</pin_list>
<bind>
<opcode="add(8) " fcode="add"/>
<opset="add_ln186/5 "/>
</bind>
</comp>

<comp id="524" class="1004" name="trunc_ln_fu_524">
<pin_list>
<pin id="525" dir="0" index="0" bw="6" slack="0"/>
<pin id="526" dir="0" index="1" bw="9" slack="0"/>
<pin id="527" dir="0" index="2" bw="3" slack="0"/>
<pin id="528" dir="0" index="3" bw="5" slack="0"/>
<pin id="529" dir="1" index="4" bw="6" slack="0"/>
</pin_list>
<bind>
<opcode="partselect(1002) " fcode="partselect"/>
<opset="trunc_ln/5 "/>
</bind>
</comp>

<comp id="535" class="1004" name="ho_cast4_fu_535">
<pin_list>
<pin id="536" dir="0" index="0" bw="8" slack="2"/>
<pin id="537" dir="1" index="1" bw="15" slack="0"/>
</pin_list>
<bind>
<opcode="zext(34) " fcode="zext"/>
<opset="ho_cast4/7 "/>
</bind>
</comp>

<comp id="538" class="1004" name="W_IN_cast3_fu_538">
<pin_list>
<pin id="539" dir="0" index="0" bw="8" slack="5"/>
<pin id="540" dir="1" index="1" bw="15" slack="0"/>
</pin_list>
<bind>
<opcode="zext(34) " fcode="zext"/>
<opset="W_IN_cast3/7 "/>
</bind>
</comp>

<comp id="541" class="1004" name="zext_ln249_fu_541">
<pin_list>
<pin id="542" dir="0" index="0" bw="8" slack="5"/>
<pin id="543" dir="1" index="1" bw="16" slack="0"/>
</pin_list>
<bind>
<opcode="zext(34) " fcode="zext"/>
<opset="zext_ln249/7 "/>
</bind>
</comp>

<comp id="544" class="1004" name="zext_ln249_1_fu_544">
<pin_list>
<pin id="545" dir="0" index="0" bw="9" slack="6"/>
<pin id="546" dir="1" index="1" bw="16" slack="0"/>
</pin_list>
<bind>
<opcode="zext(34) " fcode="zext"/>
<opset="zext_ln249_1/7 "/>
</bind>
</comp>

<comp id="547" class="1004" name="sub88_fu_547">
<pin_list>
<pin id="548" dir="0" index="0" bw="9" slack="6"/>
<pin id="549" dir="0" index="1" bw="1" slack="0"/>
<pin id="550" dir="1" index="2" bw="9" slack="0"/>
</pin_list>
<bind>
<opcode="add(8) " fcode="add"/>
<opset="sub88/7 "/>
</bind>
</comp>

<comp id="553" class="1004" name="mul_ln249_fu_553">
<pin_list>
<pin id="554" dir="0" index="0" bw="9" slack="0"/>
<pin id="555" dir="0" index="1" bw="8" slack="0"/>
<pin id="556" dir="1" index="2" bw="16" slack="0"/>
</pin_list>
<bind>
<opcode="mul(12) " fcode="mul"/>
<opset="mul_ln249/7 "/>
</bind>
</comp>

<comp id="559" class="1004" name="shl_ln3_fu_559">
<pin_list>
<pin id="560" dir="0" index="0" bw="17" slack="0"/>
<pin id="561" dir="0" index="1" bw="16" slack="0"/>
<pin id="562" dir="0" index="2" bw="1" slack="0"/>
<pin id="563" dir="1" index="3" bw="17" slack="0"/>
</pin_list>
<bind>
<opcode="bitconcatenate(1004) " fcode="bitconcatenate"/>
<opset="shl_ln3/7 "/>
</bind>
</comp>

<comp id="568" class="1004" name="mul18829_fu_568">
<pin_list>
<pin id="569" dir="0" index="0" bw="8" slack="0"/>
<pin id="570" dir="0" index="1" bw="8" slack="0"/>
<pin id="571" dir="1" index="2" bw="15" slack="2"/>
</pin_list>
<bind>
<opcode="mul(12) " fcode="mul"/>
<opset="mul18829/7 "/>
</bind>
</comp>

<comp id="574" class="1004" name="mul4_fu_574">
<pin_list>
<pin id="575" dir="0" index="0" bw="16" slack="0"/>
<pin id="576" dir="0" index="1" bw="15" slack="2"/>
<pin id="577" dir="0" index="2" bw="1" slack="0"/>
<pin id="578" dir="1" index="3" bw="16" slack="0"/>
</pin_list>
<bind>
<opcode="bitconcatenate(1004) " fcode="bitconcatenate"/>
<opset="mul4/9 "/>
</bind>
</comp>

<comp id="582" class="1005" name="C_OUT_read_reg_582">
<pin_list>
<pin id="583" dir="0" index="0" bw="9" slack="1"/>
<pin id="584" dir="1" index="1" bw="9" slack="1"/>
</pin_list>
<bind>
<opset="C_OUT_read "/>
</bind>
</comp>

<comp id="592" class="1005" name="C_OUT_cast8_reg_592">
<pin_list>
<pin id="593" dir="0" index="0" bw="32" slack="1"/>
<pin id="594" dir="1" index="1" bw="32" slack="1"/>
</pin_list>
<bind>
<opset="C_OUT_cast8 "/>
</bind>
</comp>

<comp id="597" class="1005" name="W_IN_read_reg_597">
<pin_list>
<pin id="598" dir="0" index="0" bw="8" slack="3"/>
<pin id="599" dir="1" index="1" bw="8" slack="3"/>
</pin_list>
<bind>
<opset="W_IN_read "/>
</bind>
</comp>

<comp id="604" class="1005" name="C_WORDS_OUT_reg_604">
<pin_list>
<pin id="605" dir="0" index="0" bw="5" slack="1"/>
<pin id="606" dir="1" index="1" bw="5" slack="1"/>
</pin_list>
<bind>
<opset="C_WORDS_OUT "/>
</bind>
</comp>

<comp id="611" class="1005" name="mul_ln200_reg_611">
<pin_list>
<pin id="612" dir="0" index="0" bw="12" slack="1"/>
<pin id="613" dir="1" index="1" bw="12" slack="1"/>
</pin_list>
<bind>
<opset="mul_ln200 "/>
</bind>
</comp>

<comp id="616" class="1005" name="sub16_reg_616">
<pin_list>
<pin id="617" dir="0" index="0" bw="5" slack="1"/>
<pin id="618" dir="1" index="1" bw="5" slack="1"/>
</pin_list>
<bind>
<opset="sub16 "/>
</bind>
</comp>

<comp id="622" class="1005" name="shl_ln_reg_622">
<pin_list>
<pin id="623" dir="0" index="0" bw="13" slack="1"/>
<pin id="624" dir="1" index="1" bw="13" slack="1"/>
</pin_list>
<bind>
<opset="shl_ln "/>
</bind>
</comp>

<comp id="628" class="1005" name="trunc_ln3_reg_628">
<pin_list>
<pin id="629" dir="0" index="0" bw="59" slack="1"/>
<pin id="630" dir="1" index="1" bw="59" slack="1"/>
</pin_list>
<bind>
<opset="trunc_ln3 "/>
</bind>
</comp>

<comp id="633" class="1005" name="trunc_ln228_1_reg_633">
<pin_list>
<pin id="634" dir="0" index="0" bw="59" slack="1"/>
<pin id="635" dir="1" index="1" bw="59" slack="1"/>
</pin_list>
<bind>
<opset="trunc_ln228_1 "/>
</bind>
</comp>

<comp id="638" class="1005" name="trunc_ln228_2_reg_638">
<pin_list>
<pin id="639" dir="0" index="0" bw="59" slack="1"/>
<pin id="640" dir="1" index="1" bw="59" slack="1"/>
</pin_list>
<bind>
<opset="trunc_ln228_2 "/>
</bind>
</comp>

<comp id="643" class="1005" name="ho_read_reg_643">
<pin_list>
<pin id="644" dir="0" index="0" bw="8" slack="1"/>
<pin id="645" dir="1" index="1" bw="8" slack="1"/>
</pin_list>
<bind>
<opset="ho_read "/>
</bind>
</comp>

<comp id="649" class="1005" name="C_IN_read_reg_649">
<pin_list>
<pin id="650" dir="0" index="0" bw="10" slack="1"/>
<pin id="651" dir="1" index="1" bw="10" slack="1"/>
</pin_list>
<bind>
<opset="C_IN_read "/>
</bind>
</comp>

<comp id="654" class="1005" name="H_IN_read_reg_654">
<pin_list>
<pin id="655" dir="0" index="0" bw="8" slack="1"/>
<pin id="656" dir="1" index="1" bw="8" slack="1"/>
</pin_list>
<bind>
<opset="H_IN_read "/>
</bind>
</comp>

<comp id="659" class="1005" name="epsilon_read_reg_659">
<pin_list>
<pin id="660" dir="0" index="0" bw="16" slack="1"/>
<pin id="661" dir="1" index="1" bw="16" slack="1"/>
</pin_list>
<bind>
<opset="epsilon_read "/>
</bind>
</comp>

<comp id="664" class="1005" name="W_ptr_read_reg_664">
<pin_list>
<pin id="665" dir="0" index="0" bw="64" slack="1"/>
<pin id="666" dir="1" index="1" bw="64" slack="1"/>
</pin_list>
<bind>
<opset="W_ptr_read "/>
</bind>
</comp>

<comp id="669" class="1005" name="trunc_ln_reg_669">
<pin_list>
<pin id="670" dir="0" index="0" bw="6" slack="1"/>
<pin id="671" dir="1" index="1" bw="6" slack="1"/>
</pin_list>
<bind>
<opset="trunc_ln "/>
</bind>
</comp>

<comp id="674" class="1005" name="conv2_reg_674">
<pin_list>
<pin id="675" dir="0" index="0" bw="32" slack="1"/>
<pin id="676" dir="1" index="1" bw="32" slack="1"/>
</pin_list>
<bind>
<opset="conv2 "/>
</bind>
</comp>

<comp id="679" class="1005" name="sub88_reg_679">
<pin_list>
<pin id="680" dir="0" index="0" bw="9" slack="1"/>
<pin id="681" dir="1" index="1" bw="9" slack="1"/>
</pin_list>
<bind>
<opset="sub88 "/>
</bind>
</comp>

<comp id="684" class="1005" name="conv1_reg_684">
<pin_list>
<pin id="685" dir="0" index="0" bw="32" slack="1"/>
<pin id="686" dir="1" index="1" bw="32" slack="1"/>
</pin_list>
<bind>
<opset="conv1 "/>
</bind>
</comp>

<comp id="689" class="1005" name="shl_ln3_reg_689">
<pin_list>
<pin id="690" dir="0" index="0" bw="17" slack="1"/>
<pin id="691" dir="1" index="1" bw="17" slack="1"/>
</pin_list>
<bind>
<opset="shl_ln3 "/>
</bind>
</comp>

<comp id="694" class="1005" name="mul18829_reg_694">
<pin_list>
<pin id="695" dir="0" index="0" bw="15" slack="2"/>
<pin id="696" dir="1" index="1" bw="15" slack="2"/>
</pin_list>
<bind>
<opset="mul18829 "/>
</bind>
</comp>

<comp id="699" class="1005" name="Y_read_reg_699">
<pin_list>
<pin id="700" dir="0" index="0" bw="64" slack="1"/>
<pin id="701" dir="1" index="1" bw="64" slack="1"/>
</pin_list>
<bind>
<opset="Y_read "/>
</bind>
</comp>

<comp id="704" class="1005" name="mul4_reg_704">
<pin_list>
<pin id="705" dir="0" index="0" bw="16" slack="1"/>
<pin id="706" dir="1" index="1" bw="16" slack="1"/>
</pin_list>
<bind>
<opset="mul4 "/>
</bind>
</comp>

</comp_list>

<net_list>
<net id="157"><net_src comp="68" pin="0"/><net_sink comp="154" pin=0"/></net>

<net id="161"><net_src comp="68" pin="0"/><net_sink comp="158" pin=0"/></net>

<net id="165"><net_src comp="68" pin="0"/><net_sink comp="162" pin=0"/></net>

<net id="170"><net_src comp="66" pin="0"/><net_sink comp="166" pin=0"/></net>

<net id="171"><net_src comp="24" pin="0"/><net_sink comp="166" pin=1"/></net>

<net id="176"><net_src comp="70" pin="0"/><net_sink comp="172" pin=0"/></net>

<net id="177"><net_src comp="20" pin="0"/><net_sink comp="172" pin=1"/></net>

<net id="182"><net_src comp="80" pin="0"/><net_sink comp="178" pin=0"/></net>

<net id="183"><net_src comp="10" pin="0"/><net_sink comp="178" pin=1"/></net>

<net id="188"><net_src comp="80" pin="0"/><net_sink comp="184" pin=0"/></net>

<net id="189"><net_src comp="8" pin="0"/><net_sink comp="184" pin=1"/></net>

<net id="194"><net_src comp="80" pin="0"/><net_sink comp="190" pin=0"/></net>

<net id="195"><net_src comp="6" pin="0"/><net_sink comp="190" pin=1"/></net>

<net id="200"><net_src comp="70" pin="0"/><net_sink comp="196" pin=0"/></net>

<net id="201"><net_src comp="26" pin="0"/><net_sink comp="196" pin=1"/></net>

<net id="206"><net_src comp="98" pin="0"/><net_sink comp="202" pin=0"/></net>

<net id="207"><net_src comp="22" pin="0"/><net_sink comp="202" pin=1"/></net>

<net id="212"><net_src comp="70" pin="0"/><net_sink comp="208" pin=0"/></net>

<net id="213"><net_src comp="18" pin="0"/><net_sink comp="208" pin=1"/></net>

<net id="218"><net_src comp="100" pin="0"/><net_sink comp="214" pin=0"/></net>

<net id="219"><net_src comp="16" pin="0"/><net_sink comp="214" pin=1"/></net>

<net id="224"><net_src comp="80" pin="0"/><net_sink comp="220" pin=0"/></net>

<net id="225"><net_src comp="2" pin="0"/><net_sink comp="220" pin=1"/></net>

<net id="230"><net_src comp="80" pin="0"/><net_sink comp="226" pin=0"/></net>

<net id="231"><net_src comp="14" pin="0"/><net_sink comp="226" pin=1"/></net>

<net id="253"><net_src comp="88" pin="0"/><net_sink comp="232" pin=0"/></net>

<net id="254"><net_src comp="28" pin="0"/><net_sink comp="232" pin=3"/></net>

<net id="255"><net_src comp="30" pin="0"/><net_sink comp="232" pin=4"/></net>

<net id="256"><net_src comp="32" pin="0"/><net_sink comp="232" pin=5"/></net>

<net id="257"><net_src comp="34" pin="0"/><net_sink comp="232" pin=6"/></net>

<net id="258"><net_src comp="36" pin="0"/><net_sink comp="232" pin=7"/></net>

<net id="259"><net_src comp="38" pin="0"/><net_sink comp="232" pin=8"/></net>

<net id="260"><net_src comp="40" pin="0"/><net_sink comp="232" pin=9"/></net>

<net id="261"><net_src comp="42" pin="0"/><net_sink comp="232" pin=10"/></net>

<net id="262"><net_src comp="44" pin="0"/><net_sink comp="232" pin=11"/></net>

<net id="263"><net_src comp="46" pin="0"/><net_sink comp="232" pin=12"/></net>

<net id="264"><net_src comp="48" pin="0"/><net_sink comp="232" pin=13"/></net>

<net id="265"><net_src comp="50" pin="0"/><net_sink comp="232" pin=14"/></net>

<net id="266"><net_src comp="52" pin="0"/><net_sink comp="232" pin=15"/></net>

<net id="267"><net_src comp="54" pin="0"/><net_sink comp="232" pin=16"/></net>

<net id="268"><net_src comp="56" pin="0"/><net_sink comp="232" pin=17"/></net>

<net id="269"><net_src comp="58" pin="0"/><net_sink comp="232" pin=18"/></net>

<net id="281"><net_src comp="96" pin="0"/><net_sink comp="270" pin=0"/></net>

<net id="282"><net_src comp="4" pin="0"/><net_sink comp="270" pin=4"/></net>

<net id="311"><net_src comp="108" pin="0"/><net_sink comp="283" pin=0"/></net>

<net id="312"><net_src comp="0" pin="0"/><net_sink comp="283" pin=2"/></net>

<net id="313"><net_src comp="220" pin="2"/><net_sink comp="283" pin=3"/></net>

<net id="314"><net_src comp="202" pin="2"/><net_sink comp="283" pin=5"/></net>

<net id="315"><net_src comp="196" pin="2"/><net_sink comp="283" pin=6"/></net>

<net id="316"><net_src comp="208" pin="2"/><net_sink comp="283" pin=7"/></net>

<net id="317"><net_src comp="60" pin="0"/><net_sink comp="283" pin=9"/></net>

<net id="318"><net_src comp="28" pin="0"/><net_sink comp="283" pin=10"/></net>

<net id="319"><net_src comp="44" pin="0"/><net_sink comp="283" pin=11"/></net>

<net id="320"><net_src comp="30" pin="0"/><net_sink comp="283" pin=12"/></net>

<net id="321"><net_src comp="46" pin="0"/><net_sink comp="283" pin=13"/></net>

<net id="322"><net_src comp="32" pin="0"/><net_sink comp="283" pin=14"/></net>

<net id="323"><net_src comp="48" pin="0"/><net_sink comp="283" pin=15"/></net>

<net id="324"><net_src comp="34" pin="0"/><net_sink comp="283" pin=16"/></net>

<net id="325"><net_src comp="50" pin="0"/><net_sink comp="283" pin=17"/></net>

<net id="326"><net_src comp="36" pin="0"/><net_sink comp="283" pin=18"/></net>

<net id="327"><net_src comp="52" pin="0"/><net_sink comp="283" pin=19"/></net>

<net id="328"><net_src comp="38" pin="0"/><net_sink comp="283" pin=20"/></net>

<net id="329"><net_src comp="54" pin="0"/><net_sink comp="283" pin=21"/></net>

<net id="330"><net_src comp="40" pin="0"/><net_sink comp="283" pin=22"/></net>

<net id="331"><net_src comp="56" pin="0"/><net_sink comp="283" pin=23"/></net>

<net id="332"><net_src comp="42" pin="0"/><net_sink comp="283" pin=24"/></net>

<net id="333"><net_src comp="58" pin="0"/><net_sink comp="283" pin=25"/></net>

<net id="360"><net_src comp="114" pin="0"/><net_sink comp="334" pin=0"/></net>

<net id="361"><net_src comp="62" pin="0"/><net_sink comp="334" pin=6"/></net>

<net id="362"><net_src comp="64" pin="0"/><net_sink comp="334" pin=7"/></net>

<net id="363"><net_src comp="28" pin="0"/><net_sink comp="334" pin=8"/></net>

<net id="364"><net_src comp="30" pin="0"/><net_sink comp="334" pin=9"/></net>

<net id="365"><net_src comp="32" pin="0"/><net_sink comp="334" pin=10"/></net>

<net id="366"><net_src comp="34" pin="0"/><net_sink comp="334" pin=11"/></net>

<net id="367"><net_src comp="36" pin="0"/><net_sink comp="334" pin=12"/></net>

<net id="368"><net_src comp="38" pin="0"/><net_sink comp="334" pin=13"/></net>

<net id="369"><net_src comp="40" pin="0"/><net_sink comp="334" pin=14"/></net>

<net id="370"><net_src comp="42" pin="0"/><net_sink comp="334" pin=15"/></net>

<net id="371"><net_src comp="44" pin="0"/><net_sink comp="334" pin=16"/></net>

<net id="372"><net_src comp="46" pin="0"/><net_sink comp="334" pin=17"/></net>

<net id="373"><net_src comp="48" pin="0"/><net_sink comp="334" pin=18"/></net>

<net id="374"><net_src comp="50" pin="0"/><net_sink comp="334" pin=19"/></net>

<net id="375"><net_src comp="52" pin="0"/><net_sink comp="334" pin=20"/></net>

<net id="376"><net_src comp="54" pin="0"/><net_sink comp="334" pin=21"/></net>

<net id="377"><net_src comp="56" pin="0"/><net_sink comp="334" pin=22"/></net>

<net id="378"><net_src comp="58" pin="0"/><net_sink comp="334" pin=23"/></net>

<net id="409"><net_src comp="118" pin="0"/><net_sink comp="379" pin=0"/></net>

<net id="410"><net_src comp="226" pin="2"/><net_sink comp="379" pin=7"/></net>

<net id="411"><net_src comp="12" pin="0"/><net_sink comp="379" pin=8"/></net>

<net id="412"><net_src comp="62" pin="0"/><net_sink comp="379" pin=10"/></net>

<net id="413"><net_src comp="64" pin="0"/><net_sink comp="379" pin=11"/></net>

<net id="414"><net_src comp="28" pin="0"/><net_sink comp="379" pin=12"/></net>

<net id="415"><net_src comp="30" pin="0"/><net_sink comp="379" pin=13"/></net>

<net id="416"><net_src comp="32" pin="0"/><net_sink comp="379" pin=14"/></net>

<net id="417"><net_src comp="34" pin="0"/><net_sink comp="379" pin=15"/></net>

<net id="418"><net_src comp="36" pin="0"/><net_sink comp="379" pin=16"/></net>

<net id="419"><net_src comp="38" pin="0"/><net_sink comp="379" pin=17"/></net>

<net id="420"><net_src comp="40" pin="0"/><net_sink comp="379" pin=18"/></net>

<net id="421"><net_src comp="42" pin="0"/><net_sink comp="379" pin=19"/></net>

<net id="422"><net_src comp="44" pin="0"/><net_sink comp="379" pin=20"/></net>

<net id="423"><net_src comp="46" pin="0"/><net_sink comp="379" pin=21"/></net>

<net id="424"><net_src comp="48" pin="0"/><net_sink comp="379" pin=22"/></net>

<net id="425"><net_src comp="50" pin="0"/><net_sink comp="379" pin=23"/></net>

<net id="426"><net_src comp="52" pin="0"/><net_sink comp="379" pin=24"/></net>

<net id="427"><net_src comp="54" pin="0"/><net_sink comp="379" pin=25"/></net>

<net id="428"><net_src comp="56" pin="0"/><net_sink comp="379" pin=26"/></net>

<net id="429"><net_src comp="58" pin="0"/><net_sink comp="379" pin=27"/></net>

<net id="433"><net_src comp="430" pin="1"/><net_sink comp="334" pin=2"/></net>

<net id="437"><net_src comp="214" pin="2"/><net_sink comp="434" pin=0"/></net>

<net id="441"><net_src comp="166" pin="2"/><net_sink comp="438" pin=0"/></net>

<net id="442"><net_src comp="438" pin="1"/><net_sink comp="430" pin=0"/></net>

<net id="447"><net_src comp="72" pin="0"/><net_sink comp="443" pin=1"/></net>

<net id="454"><net_src comp="74" pin="0"/><net_sink comp="448" pin=0"/></net>

<net id="455"><net_src comp="443" pin="2"/><net_sink comp="448" pin=1"/></net>

<net id="456"><net_src comp="76" pin="0"/><net_sink comp="448" pin=2"/></net>

<net id="457"><net_src comp="78" pin="0"/><net_sink comp="448" pin=3"/></net>

<net id="461"><net_src comp="448" pin="4"/><net_sink comp="458" pin=0"/></net>

<net id="465"><net_src comp="172" pin="2"/><net_sink comp="462" pin=0"/></net>

<net id="470"><net_src comp="462" pin="1"/><net_sink comp="466" pin=0"/></net>

<net id="471"><net_src comp="458" pin="1"/><net_sink comp="466" pin=1"/></net>

<net id="476"><net_src comp="82" pin="0"/><net_sink comp="472" pin=1"/></net>

<net id="477"><net_src comp="472" pin="2"/><net_sink comp="232" pin=2"/></net>

<net id="483"><net_src comp="84" pin="0"/><net_sink comp="478" pin=0"/></net>

<net id="484"><net_src comp="86" pin="0"/><net_sink comp="478" pin=2"/></net>

<net id="485"><net_src comp="478" pin="3"/><net_sink comp="232" pin=1"/></net>

<net id="492"><net_src comp="90" pin="0"/><net_sink comp="486" pin=0"/></net>

<net id="493"><net_src comp="190" pin="2"/><net_sink comp="486" pin=1"/></net>

<net id="494"><net_src comp="92" pin="0"/><net_sink comp="486" pin=2"/></net>

<net id="495"><net_src comp="94" pin="0"/><net_sink comp="486" pin=3"/></net>

<net id="496"><net_src comp="486" pin="4"/><net_sink comp="270" pin=3"/></net>

<net id="503"><net_src comp="90" pin="0"/><net_sink comp="497" pin=0"/></net>

<net id="504"><net_src comp="184" pin="2"/><net_sink comp="497" pin=1"/></net>

<net id="505"><net_src comp="92" pin="0"/><net_sink comp="497" pin=2"/></net>

<net id="506"><net_src comp="94" pin="0"/><net_sink comp="497" pin=3"/></net>

<net id="507"><net_src comp="497" pin="4"/><net_sink comp="270" pin=6"/></net>

<net id="514"><net_src comp="90" pin="0"/><net_sink comp="508" pin=0"/></net>

<net id="515"><net_src comp="178" pin="2"/><net_sink comp="508" pin=1"/></net>

<net id="516"><net_src comp="92" pin="0"/><net_sink comp="508" pin=2"/></net>

<net id="517"><net_src comp="94" pin="0"/><net_sink comp="508" pin=3"/></net>

<net id="518"><net_src comp="508" pin="4"/><net_sink comp="270" pin=8"/></net>

<net id="523"><net_src comp="102" pin="0"/><net_sink comp="519" pin=1"/></net>

<net id="530"><net_src comp="104" pin="0"/><net_sink comp="524" pin=0"/></net>

<net id="531"><net_src comp="519" pin="2"/><net_sink comp="524" pin=1"/></net>

<net id="532"><net_src comp="106" pin="0"/><net_sink comp="524" pin=2"/></net>

<net id="533"><net_src comp="78" pin="0"/><net_sink comp="524" pin=3"/></net>

<net id="534"><net_src comp="524" pin="4"/><net_sink comp="283" pin=1"/></net>

<net id="551"><net_src comp="110" pin="0"/><net_sink comp="547" pin=1"/></net>

<net id="552"><net_src comp="547" pin="2"/><net_sink comp="334" pin=4"/></net>

<net id="557"><net_src comp="544" pin="1"/><net_sink comp="553" pin=0"/></net>

<net id="558"><net_src comp="541" pin="1"/><net_sink comp="553" pin=1"/></net>

<net id="564"><net_src comp="112" pin="0"/><net_sink comp="559" pin=0"/></net>

<net id="565"><net_src comp="553" pin="2"/><net_sink comp="559" pin=1"/></net>

<net id="566"><net_src comp="86" pin="0"/><net_sink comp="559" pin=2"/></net>

<net id="567"><net_src comp="559" pin="3"/><net_sink comp="334" pin=1"/></net>

<net id="572"><net_src comp="538" pin="1"/><net_sink comp="568" pin=0"/></net>

<net id="573"><net_src comp="535" pin="1"/><net_sink comp="568" pin=1"/></net>

<net id="579"><net_src comp="116" pin="0"/><net_sink comp="574" pin=0"/></net>

<net id="580"><net_src comp="86" pin="0"/><net_sink comp="574" pin=2"/></net>

<net id="581"><net_src comp="574" pin="3"/><net_sink comp="379" pin=5"/></net>

<net id="585"><net_src comp="166" pin="2"/><net_sink comp="582" pin=0"/></net>

<net id="586"><net_src comp="582" pin="1"/><net_sink comp="443" pin=0"/></net>

<net id="587"><net_src comp="582" pin="1"/><net_sink comp="519" pin=0"/></net>

<net id="588"><net_src comp="582" pin="1"/><net_sink comp="283" pin=4"/></net>

<net id="589"><net_src comp="582" pin="1"/><net_sink comp="544" pin=0"/></net>

<net id="590"><net_src comp="582" pin="1"/><net_sink comp="547" pin=0"/></net>

<net id="591"><net_src comp="582" pin="1"/><net_sink comp="379" pin=4"/></net>

<net id="595"><net_src comp="438" pin="1"/><net_sink comp="592" pin=0"/></net>

<net id="596"><net_src comp="592" pin="1"/><net_sink comp="430" pin=0"/></net>

<net id="600"><net_src comp="172" pin="2"/><net_sink comp="597" pin=0"/></net>

<net id="601"><net_src comp="597" pin="1"/><net_sink comp="283" pin=8"/></net>

<net id="602"><net_src comp="597" pin="1"/><net_sink comp="538" pin=0"/></net>

<net id="603"><net_src comp="597" pin="1"/><net_sink comp="541" pin=0"/></net>

<net id="607"><net_src comp="448" pin="4"/><net_sink comp="604" pin=0"/></net>

<net id="608"><net_src comp="604" pin="1"/><net_sink comp="472" pin=0"/></net>

<net id="609"><net_src comp="604" pin="1"/><net_sink comp="270" pin=1"/></net>

<net id="610"><net_src comp="604" pin="1"/><net_sink comp="379" pin=6"/></net>

<net id="614"><net_src comp="466" pin="2"/><net_sink comp="611" pin=0"/></net>

<net id="615"><net_src comp="611" pin="1"/><net_sink comp="478" pin=1"/></net>

<net id="619"><net_src comp="472" pin="2"/><net_sink comp="616" pin=0"/></net>

<net id="620"><net_src comp="616" pin="1"/><net_sink comp="232" pin=2"/></net>

<net id="621"><net_src comp="616" pin="1"/><net_sink comp="379" pin=9"/></net>

<net id="625"><net_src comp="478" pin="3"/><net_sink comp="622" pin=0"/></net>

<net id="626"><net_src comp="622" pin="1"/><net_sink comp="232" pin=1"/></net>

<net id="627"><net_src comp="622" pin="1"/><net_sink comp="379" pin=1"/></net>

<net id="631"><net_src comp="486" pin="4"/><net_sink comp="628" pin=0"/></net>

<net id="632"><net_src comp="628" pin="1"/><net_sink comp="270" pin=3"/></net>

<net id="636"><net_src comp="497" pin="4"/><net_sink comp="633" pin=0"/></net>

<net id="637"><net_src comp="633" pin="1"/><net_sink comp="270" pin=6"/></net>

<net id="641"><net_src comp="508" pin="4"/><net_sink comp="638" pin=0"/></net>

<net id="642"><net_src comp="638" pin="1"/><net_sink comp="270" pin=8"/></net>

<net id="646"><net_src comp="196" pin="2"/><net_sink comp="643" pin=0"/></net>

<net id="647"><net_src comp="643" pin="1"/><net_sink comp="283" pin=6"/></net>

<net id="648"><net_src comp="643" pin="1"/><net_sink comp="535" pin=0"/></net>

<net id="652"><net_src comp="202" pin="2"/><net_sink comp="649" pin=0"/></net>

<net id="653"><net_src comp="649" pin="1"/><net_sink comp="283" pin=5"/></net>

<net id="657"><net_src comp="208" pin="2"/><net_sink comp="654" pin=0"/></net>

<net id="658"><net_src comp="654" pin="1"/><net_sink comp="283" pin=7"/></net>

<net id="662"><net_src comp="214" pin="2"/><net_sink comp="659" pin=0"/></net>

<net id="663"><net_src comp="659" pin="1"/><net_sink comp="434" pin=0"/></net>

<net id="667"><net_src comp="220" pin="2"/><net_sink comp="664" pin=0"/></net>

<net id="668"><net_src comp="664" pin="1"/><net_sink comp="283" pin=3"/></net>

<net id="672"><net_src comp="524" pin="4"/><net_sink comp="669" pin=0"/></net>

<net id="673"><net_src comp="669" pin="1"/><net_sink comp="283" pin=1"/></net>

<net id="677"><net_src comp="434" pin="1"/><net_sink comp="674" pin=0"/></net>

<net id="678"><net_src comp="674" pin="1"/><net_sink comp="334" pin=3"/></net>

<net id="682"><net_src comp="547" pin="2"/><net_sink comp="679" pin=0"/></net>

<net id="683"><net_src comp="679" pin="1"/><net_sink comp="334" pin=4"/></net>

<net id="687"><net_src comp="430" pin="1"/><net_sink comp="684" pin=0"/></net>

<net id="688"><net_src comp="684" pin="1"/><net_sink comp="334" pin=2"/></net>

<net id="692"><net_src comp="559" pin="3"/><net_sink comp="689" pin=0"/></net>

<net id="693"><net_src comp="689" pin="1"/><net_sink comp="334" pin=1"/></net>

<net id="697"><net_src comp="568" pin="2"/><net_sink comp="694" pin=0"/></net>

<net id="698"><net_src comp="694" pin="1"/><net_sink comp="574" pin=1"/></net>

<net id="702"><net_src comp="226" pin="2"/><net_sink comp="699" pin=0"/></net>

<net id="703"><net_src comp="699" pin="1"/><net_sink comp="379" pin=7"/></net>

<net id="707"><net_src comp="574" pin="3"/><net_sink comp="704" pin=0"/></net>

<net id="708"><net_src comp="704" pin="1"/><net_sink comp="379" pin=5"/></net>

</net_list>

</model> 
---------------- Datapath Model END ------------------

* FSMD analyzer results:
  - Output states:
	Port: gmem_out | {9 10 }
	Port: void_UpConv_Fused_Row_ap_uint_ap_uint_const_ap_uint_const_ap_uint_const_ap_u_9 | {3 4 5 6 7 8 }
	Port: void_UpConv_Fused_Row_ap_uint_ap_uint_const_ap_uint_const_ap_uint_const_ap_u_8 | {3 4 5 6 7 8 }
	Port: void_UpConv_Fused_Row_ap_uint_ap_uint_const_ap_uint_const_ap_uint_const_ap_u_7 | {3 4 5 6 7 8 }
	Port: void_UpConv_Fused_Row_ap_uint_ap_uint_const_ap_uint_const_ap_uint_const_ap_u_6 | {3 4 5 6 7 8 }
	Port: void_UpConv_Fused_Row_ap_uint_ap_uint_const_ap_uint_const_ap_uint_const_ap_u_5 | {3 4 5 6 7 8 }
	Port: void_UpConv_Fused_Row_ap_uint_ap_uint_const_ap_uint_const_ap_uint_const_ap_u_4 | {3 4 5 6 7 8 }
	Port: void_UpConv_Fused_Row_ap_uint_ap_uint_const_ap_uint_const_ap_uint_const_ap_u_3 | {3 4 5 6 7 8 }
	Port: void_UpConv_Fused_Row_ap_uint_ap_uint_const_ap_uint_const_ap_uint_const_ap_u_2 | {3 4 5 6 7 8 }
	Port: void_UpConv_Fused_Row_ap_uint_ap_uint_const_ap_uint_const_ap_uint_const_ap_u_1 | {3 4 5 6 7 8 }
	Port: void_UpConv_Fused_Row_ap_uint_ap_uint_const_ap_uint_const_ap_uint_const_ap_u | {3 4 5 6 7 8 }
	Port: void_UpConv_Fused_Row_8_ap_uint_256_ap_uint_256_const_ap_uint_256_const_ap_uint_256_const_ap_uint_256_const_ap_uint_256_decimal16_int_int_int_int_int_row_acc | {3 4 5 6 7 8 }
	Port: void_UpConv_Fused_Row_8_ap_uint_256_ap_uint_256_const_ap_uint_256_const_ap_uint_256_const_ap_uint_256_const_ap_uint_256_decimal16_int_int_int_int_int_row_acc_0 | {3 4 5 6 7 8 }
	Port: void_UpConv_Fused_Row_8_ap_uint_256_ap_uint_256_const_ap_uint_256_const_ap_uint_256_const_ap_uint_256_const_ap_uint_256_decimal16_int_int_int_int_int_row_acc_1 | {3 4 5 6 7 8 }
	Port: void_UpConv_Fused_Row_8_ap_uint_256_ap_uint_256_const_ap_uint_256_const_ap_uint_256_const_ap_uint_256_const_ap_uint_256_decimal16_int_int_int_int_int_row_acc_2 | {3 4 5 6 7 8 }
	Port: void_UpConv_Fused_Row_8_ap_uint_256_ap_uint_256_const_ap_uint_256_const_ap_uint_256_const_ap_uint_256_const_ap_uint_256_decimal16_int_int_int_int_int_row_acc_3 | {3 4 5 6 7 8 }
	Port: void_UpConv_Fused_Row_8_ap_uint_256_ap_uint_256_const_ap_uint_256_const_ap_uint_256_const_ap_uint_256_const_ap_uint_256_decimal16_int_int_int_int_int_row_acc_4 | {3 4 5 6 7 8 }
	Port: mean_buf | {7 8 }
	Port: inv_buf | {7 8 }
 - Input state : 
	Port: UpConv_Fused_Row<8> : gmem_weight | {5 6 }
	Port: UpConv_Fused_Row<8> : W_ptr | {5 }
	Port: UpConv_Fused_Row<8> : gmem_param | {3 4 }
	Port: UpConv_Fused_Row<8> : B_ptr | {3 }
	Port: UpConv_Fused_Row<8> : G_ptr | {3 }
	Port: UpConv_Fused_Row<8> : BE_ptr | {3 }
	Port: UpConv_Fused_Row<8> : Y | {9 }
	Port: UpConv_Fused_Row<8> : epsilon | {5 }
	Port: UpConv_Fused_Row<8> : H_IN | {5 }
	Port: UpConv_Fused_Row<8> : W_IN | {2 }
	Port: UpConv_Fused_Row<8> : C_IN | {5 }
	Port: UpConv_Fused_Row<8> : C_OUT | {1 }
	Port: UpConv_Fused_Row<8> : ho | {5 }
	Port: UpConv_Fused_Row<8> : void_UpConv_Fused_Row_ap_uint_ap_uint_const_ap_uint_const_ap_uint_const_ap_u_9 | {5 6 7 8 9 10 }
	Port: UpConv_Fused_Row<8> : void_UpConv_Fused_Row_ap_uint_ap_uint_const_ap_uint_const_ap_uint_const_ap_u_8 | {5 6 7 8 9 10 }
	Port: UpConv_Fused_Row<8> : void_UpConv_Fused_Row_ap_uint_ap_uint_const_ap_uint_const_ap_uint_const_ap_u_7 | {5 6 7 8 9 10 }
	Port: UpConv_Fused_Row<8> : void_UpConv_Fused_Row_ap_uint_ap_uint_const_ap_uint_const_ap_uint_const_ap_u_6 | {5 6 7 8 9 10 }
	Port: UpConv_Fused_Row<8> : void_UpConv_Fused_Row_ap_uint_ap_uint_const_ap_uint_const_ap_uint_const_ap_u_5 | {5 6 7 8 9 10 }
	Port: UpConv_Fused_Row<8> : void_UpConv_Fused_Row_ap_uint_ap_uint_const_ap_uint_const_ap_uint_const_ap_u_4 | {5 6 7 8 9 10 }
	Port: UpConv_Fused_Row<8> : void_UpConv_Fused_Row_ap_uint_ap_uint_const_ap_uint_const_ap_uint_const_ap_u_3 | {5 6 7 8 9 10 }
	Port: UpConv_Fused_Row<8> : void_UpConv_Fused_Row_ap_uint_ap_uint_const_ap_uint_const_ap_uint_const_ap_u_2 | {5 6 7 8 9 10 }
	Port: UpConv_Fused_Row<8> : void_UpConv_Fused_Row_ap_uint_ap_uint_const_ap_uint_const_ap_uint_const_ap_u_1 | {5 6 7 8 9 10 }
	Port: UpConv_Fused_Row<8> : void_UpConv_Fused_Row_ap_uint_ap_uint_const_ap_uint_const_ap_uint_const_ap_u | {5 6 7 8 9 10 }
	Port: UpConv_Fused_Row<8> : void_UpConv_Fused_Row_8_ap_uint_256_ap_uint_256_const_ap_uint_256_const_ap_uint_256_const_ap_uint_256_const_ap_uint_256_decimal16_int_int_int_int_int_row_acc | {5 6 7 8 9 10 }
	Port: UpConv_Fused_Row<8> : void_UpConv_Fused_Row_8_ap_uint_256_ap_uint_256_const_ap_uint_256_const_ap_uint_256_const_ap_uint_256_const_ap_uint_256_decimal16_int_int_int_int_int_row_acc_0 | {5 6 7 8 9 10 }
	Port: UpConv_Fused_Row<8> : void_UpConv_Fused_Row_8_ap_uint_256_ap_uint_256_const_ap_uint_256_const_ap_uint_256_const_ap_uint_256_const_ap_uint_256_decimal16_int_int_int_int_int_row_acc_1 | {5 6 7 8 9 10 }
	Port: UpConv_Fused_Row<8> : void_UpConv_Fused_Row_8_ap_uint_256_ap_uint_256_const_ap_uint_256_const_ap_uint_256_const_ap_uint_256_const_ap_uint_256_decimal16_int_int_int_int_int_row_acc_2 | {5 6 7 8 9 10 }
	Port: UpConv_Fused_Row<8> : void_UpConv_Fused_Row_8_ap_uint_256_ap_uint_256_const_ap_uint_256_const_ap_uint_256_const_ap_uint_256_const_ap_uint_256_decimal16_int_int_int_int_int_row_acc_3 | {5 6 7 8 9 10 }
	Port: UpConv_Fused_Row<8> : void_UpConv_Fused_Row_8_ap_uint_256_ap_uint_256_const_ap_uint_256_const_ap_uint_256_const_ap_uint_256_const_ap_uint_256_decimal16_int_int_int_int_int_row_acc_4 | {5 6 7 8 9 10 }
	Port: UpConv_Fused_Row<8> : x_buf | {5 6 }
	Port: UpConv_Fused_Row<8> : mean_buf | {9 10 }
	Port: UpConv_Fused_Row<8> : inv_buf | {9 10 }
  - Chain level:
	State 1
		conv1 : 1
	State 2
		C_WORDS_OUT : 1
		zext_ln200_1 : 2
		mul_ln200 : 3
	State 3
		call_ln200 : 1
		call_ln184 : 1
	State 4
	State 5
		trunc_ln : 1
		call_ln186 : 2
	State 6
	State 7
		mul_ln249 : 1
		shl_ln3 : 2
		call_ln249 : 3
		mul18829 : 1
	State 8
	State 9
		call_ln200 : 1
	State 10


============================================================
+ Verbose Summary: Datapath Resource usage 
============================================================

* Functional unit list:
|----------|------------------------------------------------------|---------|---------|---------|---------|---------|
| Operation|                    Functional Unit                   |   DSP   |  Delay  |    FF   |   LUT   |   URAM  |
|----------|------------------------------------------------------|---------|---------|---------|---------|---------|
|          | grp_UpConv_Fused_Row_8_Pipeline_RESET_ROW_ACC_fu_232 |    0    |    0    |   109   |   255   |    0    |
|          |  grp_UpConv_Fused_Row_8_Pipeline_LOAD_PARAMS_fu_270  |    0    |  1.281  |   1971  |   249   |    0    |
|   call   |         grp_dataflow_parent_loop_proc_fu_283         |   337   |  136.64 |  44827  |  46110  |    32   |
|          |  grp_UpConv_Fused_Row_8_Pipeline_PIXEL_STATS_fu_334  |    48   |  14.518 |  10502  |   5901  |    0    |
|          |   grp_UpConv_Fused_Row_8_Pipeline_PIXEL_NORM_fu_379  |   130   |  29.89  |  10562  |   6914  |    0    |
|----------|------------------------------------------------------|---------|---------|---------|---------|---------|
|          |                   mul_ln200_fu_466                   |    0    |    0    |    0    |    40   |    0    |
|    mul   |                   mul_ln249_fu_553                   |    0    |    0    |    0    |    50   |    0    |
|          |                    mul18829_fu_568                   |    0    |    0    |    0    |    40   |    0    |
|----------|------------------------------------------------------|---------|---------|---------|---------|---------|
|          |                   add_ln184_fu_443                   |    0    |    0    |    0    |    16   |    0    |
|    add   |                     sub16_fu_472                     |    0    |    0    |    0    |    12   |    0    |
|          |                   add_ln186_fu_519                   |    0    |    0    |    0    |    16   |    0    |
|          |                     sub88_fu_547                     |    0    |    0    |    0    |    16   |    0    |
|----------|------------------------------------------------------|---------|---------|---------|---------|---------|
|          |                C_OUT_read_read_fu_166                |    0    |    0    |    0    |    0    |    0    |
|          |                 W_IN_read_read_fu_172                |    0    |    0    |    0    |    0    |    0    |
|          |                BE_ptr_read_read_fu_178               |    0    |    0    |    0    |    0    |    0    |
|          |                G_ptr_read_read_fu_184                |    0    |    0    |    0    |    0    |    0    |
|          |                B_ptr_read_read_fu_190                |    0    |    0    |    0    |    0    |    0    |
|   read   |                  ho_read_read_fu_196                 |    0    |    0    |    0    |    0    |    0    |
|          |                 C_IN_read_read_fu_202                |    0    |    0    |    0    |    0    |    0    |
|          |                 H_IN_read_read_fu_208                |    0    |    0    |    0    |    0    |    0    |
|          |               epsilon_read_read_fu_214               |    0    |    0    |    0    |    0    |    0    |
|          |                W_ptr_read_read_fu_220                |    0    |    0    |    0    |    0    |    0    |
|          |                  Y_read_read_fu_226                  |    0    |    0    |    0    |    0    |    0    |
|----------|------------------------------------------------------|---------|---------|---------|---------|---------|
|  sitofp  |                      grp_fu_430                      |    0    |    0    |    0    |    0    |    0    |
|----------|------------------------------------------------------|---------|---------|---------|---------|---------|
|  hptosp  |                      grp_fu_434                      |    0    |    0    |    0    |    0    |    0    |
|----------|------------------------------------------------------|---------|---------|---------|---------|---------|
|          |                  C_OUT_cast8_fu_438                  |    0    |    0    |    0    |    0    |    0    |
|          |                  zext_ln200_1_fu_458                 |    0    |    0    |    0    |    0    |    0    |
|          |                   zext_ln200_fu_462                  |    0    |    0    |    0    |    0    |    0    |
|   zext   |                    ho_cast4_fu_535                   |    0    |    0    |    0    |    0    |    0    |
|          |                   W_IN_cast3_fu_538                  |    0    |    0    |    0    |    0    |    0    |
|          |                   zext_ln249_fu_541                  |    0    |    0    |    0    |    0    |    0    |
|          |                  zext_ln249_1_fu_544                 |    0    |    0    |    0    |    0    |    0    |
|----------|------------------------------------------------------|---------|---------|---------|---------|---------|
|          |                  C_WORDS_OUT_fu_448                  |    0    |    0    |    0    |    0    |    0    |
|          |                   trunc_ln3_fu_486                   |    0    |    0    |    0    |    0    |    0    |
|partselect|                 trunc_ln228_1_fu_497                 |    0    |    0    |    0    |    0    |    0    |
|          |                 trunc_ln228_2_fu_508                 |    0    |    0    |    0    |    0    |    0    |
|          |                    trunc_ln_fu_524                   |    0    |    0    |    0    |    0    |    0    |
|----------|------------------------------------------------------|---------|---------|---------|---------|---------|
|          |                     shl_ln_fu_478                    |    0    |    0    |    0    |    0    |    0    |
|bitconcatenate|                    shl_ln3_fu_559                    |    0    |    0    |    0    |    0    |    0    |
|          |                      mul4_fu_574                     |    0    |    0    |    0    |    0    |    0    |
|----------|------------------------------------------------------|---------|---------|---------|---------|---------|
|   Total  |                                                      |   515   | 182.329 |  67971  |  59619  |    32   |
|----------|------------------------------------------------------|---------|---------|---------|---------|---------|

Memories:
+------+--------+--------+--------+
|      |  BRAM  |   FF   |   LUT  |
+------+--------+--------+--------+
| b_buf|    8   |    0   |    0   |
|be_buf|    8   |    0   |    0   |
| g_buf|    8   |    0   |    0   |
+------+--------+--------+--------+
| Total|   24   |    0   |    0   |
+------+--------+--------+--------+

* Register list:
+---------------------+--------+
|                     |   FF   |
+---------------------+--------+
|  C_IN_read_reg_649  |   10   |
| C_OUT_cast8_reg_592 |   32   |
|  C_OUT_read_reg_582 |    9   |
| C_WORDS_OUT_reg_604 |    5   |
|  H_IN_read_reg_654  |    8   |
|  W_IN_read_reg_597  |    8   |
|  W_ptr_read_reg_664 |   64   |
|    Y_read_reg_699   |   64   |
|    conv1_reg_684    |   32   |
|    conv2_reg_674    |   32   |
| epsilon_read_reg_659|   16   |
|   ho_read_reg_643   |    8   |
|   mul18829_reg_694  |   15   |
|     mul4_reg_704    |   16   |
|  mul_ln200_reg_611  |   12   |
|   shl_ln3_reg_689   |   17   |
|    shl_ln_reg_622   |   13   |
|    sub16_reg_616    |    5   |
|    sub88_reg_679    |    9   |
|trunc_ln228_1_reg_633|   59   |
|trunc_ln228_2_reg_638|   59   |
|  trunc_ln3_reg_628  |   59   |
|   trunc_ln_reg_669  |    6   |
+---------------------+--------+
|        Total        |   558  |
+---------------------+--------+

* Multiplexer (MUX) list: 
|------------------------------------------------------|------|------|------|--------||---------||---------||---------|
|                         Comp                         |  Pin | Size |  BW  | S x BW ||  Delay  ||    FF   ||   LUT   |
|------------------------------------------------------|------|------|------|--------||---------||---------||---------|
| grp_UpConv_Fused_Row_8_Pipeline_RESET_ROW_ACC_fu_232 |  p1  |   2  |  13  |   26   ||    0    ||    9    |
| grp_UpConv_Fused_Row_8_Pipeline_RESET_ROW_ACC_fu_232 |  p2  |   2  |   5  |   10   ||    0    ||    9    |
|  grp_UpConv_Fused_Row_8_Pipeline_LOAD_PARAMS_fu_270  |  p3  |   2  |  59  |   118  ||    0    ||    9    |
|  grp_UpConv_Fused_Row_8_Pipeline_LOAD_PARAMS_fu_270  |  p6  |   2  |  59  |   118  ||    0    ||    9    |
|  grp_UpConv_Fused_Row_8_Pipeline_LOAD_PARAMS_fu_270  |  p8  |   2  |  59  |   118  ||    0    ||    9    |
|         grp_dataflow_parent_loop_proc_fu_283         |  p1  |   2  |   6  |   12   ||    0    ||    9    |
|         grp_dataflow_parent_loop_proc_fu_283         |  p3  |   2  |  64  |   128  ||    0    ||    9    |
|         grp_dataflow_parent_loop_proc_fu_283         |  p5  |   2  |  10  |   20   ||    0    ||    9    |
|         grp_dataflow_parent_loop_proc_fu_283         |  p6  |   2  |   8  |   16   ||    0    ||    9    |
|         grp_dataflow_parent_loop_proc_fu_283         |  p7  |   2  |   8  |   16   ||    0    ||    9    |
|  grp_UpConv_Fused_Row_8_Pipeline_PIXEL_STATS_fu_334  |  p1  |   2  |  17  |   34   ||    0    ||    9    |
|  grp_UpConv_Fused_Row_8_Pipeline_PIXEL_STATS_fu_334  |  p2  |   2  |  32  |   64   ||    0    ||    9    |
|  grp_UpConv_Fused_Row_8_Pipeline_PIXEL_STATS_fu_334  |  p4  |   2  |   9  |   18   ||    0    ||    9    |
|   grp_UpConv_Fused_Row_8_Pipeline_PIXEL_NORM_fu_379  |  p5  |   2  |  16  |   32   ||    0    ||    9    |
|   grp_UpConv_Fused_Row_8_Pipeline_PIXEL_NORM_fu_379  |  p7  |   2  |  64  |   128  ||    0    ||    9    |
|                      grp_fu_430                      |  p0  |   2  |   9  |   18   ||    0    ||    9    |
|                      grp_fu_434                      |  p0  |   2  |  16  |   32   ||    0    ||    9    |
|------------------------------------------------------|------|------|------|--------||---------||---------||---------|
|                         Total                        |      |      |      |   908  ||  7.259  ||    0    ||   153   |
|------------------------------------------------------|------|------|------|--------||---------||---------||---------|



* Summary:
+-----------+--------+--------+--------+--------+--------+--------+
|           |  BRAM  |   DSP  |  Delay |   FF   |   LUT  |  URAM  |
+-----------+--------+--------+--------+--------+--------+--------+
|  Function |    -   |   515  |   182  |  67971 |  59619 |   32   |
|   Memory  |   24   |    -   |    -   |    0   |    0   |    -   |
|Multiplexer|    -   |    -   |    7   |    0   |   153  |    -   |
|  Register |    -   |    -   |    -   |   558  |    -   |    -   |
+-----------+--------+--------+--------+--------+--------+--------+
|   Total   |   24   |   515  |   189  |  68529 |  59772 |   32   |
+-----------+--------+--------+--------+--------+--------+--------+
