

================================================================
== Vitis HLS Report for 'UpConv_Fused_Row_8_Pipeline_PIXEL_NORM'
================================================================
* Date:           Thu Jun 18 11:21:22 2026

* Version:        2024.2 (Build 5238294 on Nov  8 2024)
* Project:        upconv_core_top
* Solution:       hls (Vivado IP Flow Target)
* Product family: zynquplus
* Target device:  xczu7ev-ffvc1156-2-e


================================================================
== Performance Estimates
================================================================
+ Timing: 
    * Summary: 
    +--------+---------+----------+------------+
    |  Clock |  Target | Estimated| Uncertainty|
    +--------+---------+----------+------------+
    |ap_clk  |  3.33 ns|  2.433 ns|     0.90 ns|
    +--------+---------+----------+------------+

+ Latency: 
    * Summary: 
    +---------+---------+----------+-----------+-----+------+------------------------------------------------+
    |  Latency (cycles) |  Latency (absolute)  |  Interval  |                    Pipeline                    |
    |   min   |   max   |    min   |    max    | min |  max |                      Type                      |
    +---------+---------+----------+-----------+-----+------+------------------------------------------------+
    |      158|     7710|  0.527 us|  25.697 us|  129|  7681|  loop auto-rewind stp (delay=0 clock cycles(s))|
    +---------+---------+----------+-----------+-----+------+------------------------------------------------+

    + Detail: 
        * Instance: 
        N/A

        * Loop: 
        +--------------+---------+---------+----------+-----------+-----------+------------+----------+
        |              |  Latency (cycles) | Iteration|  Initiation Interval  |    Trip    |          |
        |   Loop Name  |   min   |   max   |  Latency |  achieved |   target  |    Count   | Pipelined|
        +--------------+---------+---------+----------+-----------+-----------+------------+----------+
        |- PIXEL_NORM  |      156|     7708|        30|          1|          1|  128 ~ 7680|       yes|
        +--------------+---------+---------+----------+-----------+-----------+------------+----------+

============================================================
+ Verbose Summary: Synthesis Manager
============================================================
InlineROM: 1
ExposeGlobal: 0
============================================================
+ Verbose Summary: CDFG Model
============================================================
IsTopModel: 0
ResetActiveHigh: 1
IsCombinational: 0
IsDatapathOnly: 0
HasWiredReturn: 1
HasMFsm: 2
HasVarLatency: 1
IsPipeline: 0
IsRtlPipelined: 0
IsInstanceOverlapped: 0
IsDontTouch: 0
HasImplIP: 0
IsGatedGlobalClock: 0

+ Individual pipeline summary: 
  * Pipeline-0: initiation interval (II) = 1, depth = 31


============================================================
+ Verbose Summary: Schedule
============================================================
* Number of FSM states : 31
* Pipeline : 1
  Pipeline-0 : II = 1, D = 31, States = { 1 2 3 4 5 6 7 8 9 10 11 12 13 14 15 16 17 18 19 20 21 22 23 24 25 26 27 28 29 30 31 }
* Dataflow Pipeline: 0

* FSM state transitions: 
1 --> 2 
2 --> 3 
3 --> 4 
4 --> 5 
5 --> 6 
6 --> 7 
7 --> 8 
8 --> 9 
9 --> 10 
10 --> 11 
11 --> 12 
12 --> 13 
13 --> 14 
14 --> 15 
15 --> 16 
16 --> 17 
17 --> 18 
18 --> 19 
19 --> 20 
20 --> 21 
21 --> 22 
22 --> 23 
23 --> 24 
24 --> 25 
25 --> 26 
26 --> 27 
27 --> 28 
28 --> 29 
29 --> 30 
30 --> 31 
31 --> 

* FSM state operations: 

State 1 <SV = 0> <Delay = 0.42>
ST_1 : Operation 33 [1/1] (0.00ns)   --->   "%wn = alloca i32 1" [../gen2/Hls_Layers_UpConv.tpp:280]   --->   Operation 33 'alloca' 'wn' <Predicate = true> <Delay = 0.00>
ST_1 : Operation 34 [1/1] (0.00ns)   --->   "%cwn = alloca i32 1" [../gen2/Hls_Layers_UpConv.tpp:280]   --->   Operation 34 'alloca' 'cwn' <Predicate = true> <Delay = 0.00>
ST_1 : Operation 35 [1/1] (0.00ns)   --->   "%m_3 = alloca i32 1" [../gen2/Hls_Layers_UpConv.tpp:281]   --->   Operation 35 'alloca' 'm_3' <Predicate = true> <Delay = 0.00>
ST_1 : Operation 36 [1/1] (0.00ns)   --->   "%sub16_cast_read = read i5 @_ssdm_op_Read.ap_auto.i5, i5 %sub16_cast"   --->   Operation 36 'read' 'sub16_cast_read' <Predicate = true> <Delay = 0.00>
ST_1 : Operation 37 [1/1] (0.00ns)   --->   "%Y_read = read i64 @_ssdm_op_Read.ap_auto.i64, i64 %Y"   --->   Operation 37 'read' 'Y_read' <Predicate = true> <Delay = 0.00>
ST_1 : Operation 38 [1/1] (0.00ns)   --->   "%zext_ln184_read = read i5 @_ssdm_op_Read.ap_auto.i5, i5 %zext_ln184"   --->   Operation 38 'read' 'zext_ln184_read' <Predicate = true> <Delay = 0.00>
ST_1 : Operation 39 [1/1] (0.00ns)   --->   "%zext_ln281_read = read i16 @_ssdm_op_Read.ap_auto.i16, i16 %zext_ln281"   --->   Operation 39 'read' 'zext_ln281_read' <Predicate = true> <Delay = 0.00>
ST_1 : Operation 40 [1/1] (0.00ns)   --->   "%C_OUT_cast8_read = read i9 @_ssdm_op_Read.ap_auto.i9, i9 %C_OUT_cast8"   --->   Operation 40 'read' 'C_OUT_cast8_read' <Predicate = true> <Delay = 0.00>
ST_1 : Operation 41 [1/1] (0.00ns)   --->   "%shl_ln_read = read i13 @_ssdm_op_Read.ap_auto.i13, i13 %shl_ln"   --->   Operation 41 'read' 'shl_ln_read' <Predicate = true> <Delay = 0.00>
ST_1 : Operation 42 [1/1] (0.00ns)   --->   "%sub16_cast_cast = zext i5 %sub16_cast_read"   --->   Operation 42 'zext' 'sub16_cast_cast' <Predicate = true> <Delay = 0.00>
ST_1 : Operation 43 [1/1] (0.00ns)   --->   "%zext_ln184_cast = zext i5 %zext_ln184_read"   --->   Operation 43 'zext' 'zext_ln184_cast' <Predicate = true> <Delay = 0.00>
ST_1 : Operation 44 [1/1] (0.00ns)   --->   "%zext_ln281_cast = zext i16 %zext_ln281_read"   --->   Operation 44 'zext' 'zext_ln281_cast' <Predicate = true> <Delay = 0.00>
ST_1 : Operation 45 [1/1] (0.00ns)   --->   "%C_OUT_cast8_cast = zext i9 %C_OUT_cast8_read"   --->   Operation 45 'zext' 'C_OUT_cast8_cast' <Predicate = true> <Delay = 0.00>
ST_1 : Operation 46 [1/1] (0.00ns)   --->   "%specmemcore_ln0 = specmemcore void @_ssdm_op_SpecMemCore, i16 %inv_buf, i64 666, i64 23, i64 18446744073709551615"   --->   Operation 46 'specmemcore' 'specmemcore_ln0' <Predicate = true> <Delay = 0.00>
ST_1 : Operation 47 [1/1] (0.00ns)   --->   "%specmemcore_ln0 = specmemcore void @_ssdm_op_SpecMemCore, i32 %mean_buf, i64 666, i64 23, i64 18446744073709551615"   --->   Operation 47 'specmemcore' 'specmemcore_ln0' <Predicate = true> <Delay = 0.00>
ST_1 : Operation 48 [1/1] (0.00ns)   --->   "%specmemcore_ln0 = specmemcore void @_ssdm_op_SpecMemCore, i256 %be_buf, i64 666, i64 30, i64 18446744073709551615"   --->   Operation 48 'specmemcore' 'specmemcore_ln0' <Predicate = true> <Delay = 0.00>
ST_1 : Operation 49 [1/1] (0.00ns)   --->   "%specmemcore_ln0 = specmemcore void @_ssdm_op_SpecMemCore, i256 %g_buf, i64 666, i64 30, i64 18446744073709551615"   --->   Operation 49 'specmemcore' 'specmemcore_ln0' <Predicate = true> <Delay = 0.00>
ST_1 : Operation 50 [1/1] (0.00ns)   --->   "%specmemcore_ln0 = specmemcore void @_ssdm_op_SpecMemCore, i16 %void_UpConv_Fused_Row_ap_uint_ap_uint_const_ap_uint_const_ap_uint_const_ap_u_9, i64 666, i64 31, i64 18446744073709551615"   --->   Operation 50 'specmemcore' 'specmemcore_ln0' <Predicate = true> <Delay = 0.00>
ST_1 : Operation 51 [1/1] (0.00ns)   --->   "%specmemcore_ln0 = specmemcore void @_ssdm_op_SpecMemCore, i16 %void_UpConv_Fused_Row_ap_uint_ap_uint_const_ap_uint_const_ap_uint_const_ap_u_8, i64 666, i64 31, i64 18446744073709551615"   --->   Operation 51 'specmemcore' 'specmemcore_ln0' <Predicate = true> <Delay = 0.00>
ST_1 : Operation 52 [1/1] (0.00ns)   --->   "%specmemcore_ln0 = specmemcore void @_ssdm_op_SpecMemCore, i16 %void_UpConv_Fused_Row_ap_uint_ap_uint_const_ap_uint_const_ap_uint_const_ap_u_7, i64 666, i64 31, i64 18446744073709551615"   --->   Operation 52 'specmemcore' 'specmemcore_ln0' <Predicate = true> <Delay = 0.00>
ST_1 : Operation 53 [1/1] (0.00ns)   --->   "%specmemcore_ln0 = specmemcore void @_ssdm_op_SpecMemCore, i16 %void_UpConv_Fused_Row_ap_uint_ap_uint_const_ap_uint_const_ap_uint_const_ap_u_6, i64 666, i64 31, i64 18446744073709551615"   --->   Operation 53 'specmemcore' 'specmemcore_ln0' <Predicate = true> <Delay = 0.00>
ST_1 : Operation 54 [1/1] (0.00ns)   --->   "%specmemcore_ln0 = specmemcore void @_ssdm_op_SpecMemCore, i16 %void_UpConv_Fused_Row_ap_uint_ap_uint_const_ap_uint_const_ap_uint_const_ap_u_5, i64 666, i64 31, i64 18446744073709551615"   --->   Operation 54 'specmemcore' 'specmemcore_ln0' <Predicate = true> <Delay = 0.00>
ST_1 : Operation 55 [1/1] (0.00ns)   --->   "%specmemcore_ln0 = specmemcore void @_ssdm_op_SpecMemCore, i16 %void_UpConv_Fused_Row_ap_uint_ap_uint_const_ap_uint_const_ap_uint_const_ap_u_4, i64 666, i64 31, i64 18446744073709551615"   --->   Operation 55 'specmemcore' 'specmemcore_ln0' <Predicate = true> <Delay = 0.00>
ST_1 : Operation 56 [1/1] (0.00ns)   --->   "%specmemcore_ln0 = specmemcore void @_ssdm_op_SpecMemCore, i16 %void_UpConv_Fused_Row_ap_uint_ap_uint_const_ap_uint_const_ap_uint_const_ap_u_3, i64 666, i64 31, i64 18446744073709551615"   --->   Operation 56 'specmemcore' 'specmemcore_ln0' <Predicate = true> <Delay = 0.00>
ST_1 : Operation 57 [1/1] (0.00ns)   --->   "%specmemcore_ln0 = specmemcore void @_ssdm_op_SpecMemCore, i16 %void_UpConv_Fused_Row_ap_uint_ap_uint_const_ap_uint_const_ap_uint_const_ap_u_2, i64 666, i64 31, i64 18446744073709551615"   --->   Operation 57 'specmemcore' 'specmemcore_ln0' <Predicate = true> <Delay = 0.00>
ST_1 : Operation 58 [1/1] (0.00ns)   --->   "%specmemcore_ln0 = specmemcore void @_ssdm_op_SpecMemCore, i16 %void_UpConv_Fused_Row_ap_uint_ap_uint_const_ap_uint_const_ap_uint_const_ap_u_1, i64 666, i64 31, i64 18446744073709551615"   --->   Operation 58 'specmemcore' 'specmemcore_ln0' <Predicate = true> <Delay = 0.00>
ST_1 : Operation 59 [1/1] (0.00ns)   --->   "%specmemcore_ln0 = specmemcore void @_ssdm_op_SpecMemCore, i16 %void_UpConv_Fused_Row_ap_uint_ap_uint_const_ap_uint_const_ap_uint_const_ap_u, i64 666, i64 31, i64 18446744073709551615"   --->   Operation 59 'specmemcore' 'specmemcore_ln0' <Predicate = true> <Delay = 0.00>
ST_1 : Operation 60 [1/1] (0.00ns)   --->   "%specmemcore_ln0 = specmemcore void @_ssdm_op_SpecMemCore, i16 %void_UpConv_Fused_Row_8_ap_uint_256_ap_uint_256_const_ap_uint_256_const_ap_uint_256_const_ap_uint_256_const_ap_uint_256_decimal16_int_int_int_int_int_row_acc, i64 666, i64 31, i64 18446744073709551615"   --->   Operation 60 'specmemcore' 'specmemcore_ln0' <Predicate = true> <Delay = 0.00>
ST_1 : Operation 61 [1/1] (0.00ns)   --->   "%specmemcore_ln0 = specmemcore void @_ssdm_op_SpecMemCore, i16 %void_UpConv_Fused_Row_8_ap_uint_256_ap_uint_256_const_ap_uint_256_const_ap_uint_256_const_ap_uint_256_const_ap_uint_256_decimal16_int_int_int_int_int_row_acc_0, i64 666, i64 31, i64 18446744073709551615"   --->   Operation 61 'specmemcore' 'specmemcore_ln0' <Predicate = true> <Delay = 0.00>
ST_1 : Operation 62 [1/1] (0.00ns)   --->   "%specmemcore_ln0 = specmemcore void @_ssdm_op_SpecMemCore, i16 %void_UpConv_Fused_Row_8_ap_uint_256_ap_uint_256_const_ap_uint_256_const_ap_uint_256_const_ap_uint_256_const_ap_uint_256_decimal16_int_int_int_int_int_row_acc_1, i64 666, i64 31, i64 18446744073709551615"   --->   Operation 62 'specmemcore' 'specmemcore_ln0' <Predicate = true> <Delay = 0.00>
ST_1 : Operation 63 [1/1] (0.00ns)   --->   "%specmemcore_ln0 = specmemcore void @_ssdm_op_SpecMemCore, i16 %void_UpConv_Fused_Row_8_ap_uint_256_ap_uint_256_const_ap_uint_256_const_ap_uint_256_const_ap_uint_256_const_ap_uint_256_decimal16_int_int_int_int_int_row_acc_2, i64 666, i64 31, i64 18446744073709551615"   --->   Operation 63 'specmemcore' 'specmemcore_ln0' <Predicate = true> <Delay = 0.00>
ST_1 : Operation 64 [1/1] (0.00ns)   --->   "%specmemcore_ln0 = specmemcore void @_ssdm_op_SpecMemCore, i16 %void_UpConv_Fused_Row_8_ap_uint_256_ap_uint_256_const_ap_uint_256_const_ap_uint_256_const_ap_uint_256_const_ap_uint_256_decimal16_int_int_int_int_int_row_acc_3, i64 666, i64 31, i64 18446744073709551615"   --->   Operation 64 'specmemcore' 'specmemcore_ln0' <Predicate = true> <Delay = 0.00>
ST_1 : Operation 65 [1/1] (0.00ns)   --->   "%specmemcore_ln0 = specmemcore void @_ssdm_op_SpecMemCore, i16 %void_UpConv_Fused_Row_8_ap_uint_256_ap_uint_256_const_ap_uint_256_const_ap_uint_256_const_ap_uint_256_const_ap_uint_256_decimal16_int_int_int_int_int_row_acc_4, i64 666, i64 31, i64 18446744073709551615"   --->   Operation 65 'specmemcore' 'specmemcore_ln0' <Predicate = true> <Delay = 0.00>
ST_1 : Operation 66 [1/1] (0.00ns)   --->   "%specinterface_ln0 = specinterface void @_ssdm_op_SpecInterface, i256 %gmem_out, void @empty_161, i32 0, i32 0, void @empty_80, i32 0, i32 0, void @empty_155, void @empty_138, void @empty_80, i32 16, i32 16, i32 16, i32 64, void @empty_80, void @empty_80, i32 4294967295, i32 0, i32 0"   --->   Operation 66 'specinterface' 'specinterface_ln0' <Predicate = true> <Delay = 0.00>
ST_1 : Operation 67 [1/1] (0.42ns)   --->   "%store_ln281 = store i13 0, i13 %m_3" [../gen2/Hls_Layers_UpConv.tpp:281]   --->   Operation 67 'store' 'store_ln281' <Predicate = true> <Delay = 0.42>
ST_1 : Operation 68 [1/1] (0.42ns)   --->   "%store_ln280 = store i32 0, i32 %cwn" [../gen2/Hls_Layers_UpConv.tpp:280]   --->   Operation 68 'store' 'store_ln280' <Predicate = true> <Delay = 0.42>
ST_1 : Operation 69 [1/1] (0.42ns)   --->   "%store_ln280 = store i32 0, i32 %wn" [../gen2/Hls_Layers_UpConv.tpp:280]   --->   Operation 69 'store' 'store_ln280' <Predicate = true> <Delay = 0.42>
ST_1 : Operation 70 [1/1] (0.00ns)   --->   "%br_ln0 = br void %VITIS_LOOP_287_3"   --->   Operation 70 'br' 'br_ln0' <Predicate = true> <Delay = 0.00>

State 2 <SV = 1> <Delay = 1.89>
ST_2 : Operation 71 [1/1] (0.00ns)   --->   "%m = load i13 %m_3" [../gen2/Hls_Layers_UpConv.tpp:281]   --->   Operation 71 'load' 'm' <Predicate = true> <Delay = 0.00>
ST_2 : Operation 72 [1/1] (0.82ns)   --->   "%icmp_ln281 = icmp_eq  i13 %m, i13 %shl_ln_read" [../gen2/Hls_Layers_UpConv.tpp:281]   --->   Operation 72 'icmp' 'icmp_ln281' <Predicate = true> <Delay = 0.82> <CoreInst = "Cmp">   --->   Core 9 'Cmp' <Latency = 0> <II = 1> <Delay = 0.82> <FuncUnit> <Opcode : 'seteq' 'setne' 'setle' 'setge' 'setlt' 'setgt'> <InPorts = 2> <OutPorts = 1>
ST_2 : Operation 73 [1/1] (0.82ns)   --->   "%m_4 = add i13 %m, i13 1" [../gen2/Hls_Layers_UpConv.tpp:281]   --->   Operation 73 'add' 'm_4' <Predicate = true> <Delay = 0.82> <CoreInst = "Adder">   --->   Core 1 'Adder' <Latency = 0> <II = 1> <Delay = 0.82> <FuncUnit> <Opcode : 'add' 'sub'> <InPorts = 2> <OutPorts = 1>
ST_2 : Operation 74 [1/1] (0.00ns)   --->   "%br_ln281 = br i1 %icmp_ln281, void %VITIS_LOOP_287_3.split_ifconv, void %for.end203.loopexit.exitStub" [../gen2/Hls_Layers_UpConv.tpp:281]   --->   Operation 74 'br' 'br_ln281' <Predicate = true> <Delay = 0.00>
ST_2 : Operation 75 [1/1] (0.00ns)   --->   "%wn_load = load i32 %wn" [../gen2/Hls_Layers_UpConv.tpp:290]   --->   Operation 75 'load' 'wn_load' <Predicate = (!icmp_ln281)> <Delay = 0.00>
ST_2 : Operation 76 [1/1] (0.00ns)   --->   "%cwn_load = load i32 %cwn"   --->   Operation 76 'load' 'cwn_load' <Predicate = (!icmp_ln281)> <Delay = 0.00>
ST_2 : Operation 77 [1/1] (0.00ns)   --->   "%trunc_ln281 = trunc i32 %cwn_load" [../gen2/Hls_Layers_UpConv.tpp:281]   --->   Operation 77 'trunc' 'trunc_ln281' <Predicate = (!icmp_ln281)> <Delay = 0.00>
ST_2 : Operation 78 [1/1] (0.00ns)   --->   "%zext_ln284 = zext i32 %wn_load" [../gen2/Hls_Layers_UpConv.tpp:284]   --->   Operation 78 'zext' 'zext_ln284' <Predicate = (!icmp_ln281)> <Delay = 0.00>
ST_2 : Operation 79 [1/1] (0.00ns)   --->   "%trunc_ln290 = trunc i32 %wn_load" [../gen2/Hls_Layers_UpConv.tpp:290]   --->   Operation 79 'trunc' 'trunc_ln290' <Predicate = (!icmp_ln281)> <Delay = 0.00>
ST_2 : Operation 80 [1/1] (0.00ns)   --->   "%p_shl = bitconcatenate i13 @_ssdm_op_BitConcatenate.i13.i8.i5, i8 %trunc_ln290, i5 0" [../gen2/Hls_Layers_UpConv.tpp:290]   --->   Operation 80 'bitconcatenate' 'p_shl' <Predicate = (!icmp_ln281)> <Delay = 0.00>
ST_2 : Operation 81 [1/1] (0.00ns)   --->   "%trunc_ln290_1 = trunc i32 %wn_load" [../gen2/Hls_Layers_UpConv.tpp:290]   --->   Operation 81 'trunc' 'trunc_ln290_1' <Predicate = (!icmp_ln281)> <Delay = 0.00>
ST_2 : Operation 82 [1/1] (0.00ns)   --->   "%p_shl4 = bitconcatenate i13 @_ssdm_op_BitConcatenate.i13.i12.i1, i12 %trunc_ln290_1, i1 0" [../gen2/Hls_Layers_UpConv.tpp:290]   --->   Operation 82 'bitconcatenate' 'p_shl4' <Predicate = (!icmp_ln281)> <Delay = 0.00>
ST_2 : Operation 83 [1/1] (0.00ns) (grouped into TernaryAdder)   --->   "%sub_ln290 = sub i13 %p_shl, i13 %p_shl4" [../gen2/Hls_Layers_UpConv.tpp:290]   --->   Operation 83 'sub' 'sub_ln290' <Predicate = (!icmp_ln281)> <Delay = 0.00> <CoreInst = "TAddSub">   --->   Core 10 'TAddSub' <Latency = 0> <II = 1> <Delay = 0.41> <IPBlock> <Opcode : '' 'add' 'sub'> <InPorts = 3> <OutPorts = 1> <Sync> <CReg>
ST_2 : Operation 84 [1/1] (0.00ns)   --->   "%mean_buf_addr = getelementptr i32 %mean_buf, i64 0, i64 %zext_ln284" [../gen2/Hls_Layers_UpConv.tpp:284]   --->   Operation 84 'getelementptr' 'mean_buf_addr' <Predicate = (!icmp_ln281)> <Delay = 0.00>
ST_2 : Operation 85 [2/2] (0.67ns)   --->   "%mean_buf_load = load i8 %mean_buf_addr" [../gen2/Hls_Layers_UpConv.tpp:284]   --->   Operation 85 'load' 'mean_buf_load' <Predicate = (!icmp_ln281)> <Delay = 0.67> <CoreInst = "RAM_2P_LUTRAM">   --->   Core 92 'RAM_2P_LUTRAM' <Latency = 1> <II = 1> <Delay = 0.67> <Storage> <Opcode : 'load' 'store'> <Ports = 2> <Width = 32> <Depth = 256> <RAM>
ST_2 : Operation 86 [1/1] (0.00ns)   --->   "%empty = trunc i32 %cwn_load"   --->   Operation 86 'trunc' 'empty' <Predicate = (!icmp_ln281)> <Delay = 0.00>
ST_2 : Operation 87 [1/1] (0.00ns) (grouped into LUT with out node icmp_ln290)   --->   "%c = shl i32 %cwn_load, i32 4"   --->   Operation 87 'shl' 'c' <Predicate = (!icmp_ln281)> <Delay = 0.00>
ST_2 : Operation 88 [1/1] (0.82ns) (root node of TernaryAdder)   --->   "%add_ln290 = add i13 %sub_ln290, i13 %trunc_ln281" [../gen2/Hls_Layers_UpConv.tpp:290]   --->   Operation 88 'add' 'add_ln290' <Predicate = (!icmp_ln281)> <Delay = 0.82> <CoreInst = "TAddSub">   --->   Core 10 'TAddSub' <Latency = 0> <II = 1> <Delay = 0.41> <IPBlock> <Opcode : '' 'add' 'sub'> <InPorts = 3> <OutPorts = 1> <Sync> <CReg>
ST_2 : Operation 89 [1/1] (1.01ns) (out node of the LUT)   --->   "%icmp_ln290 = icmp_slt  i32 %c, i32 %C_OUT_cast8_cast" [../gen2/Hls_Layers_UpConv.tpp:290]   --->   Operation 89 'icmp' 'icmp_ln290' <Predicate = (!icmp_ln281)> <Delay = 1.01> <CoreInst = "Cmp">   --->   Core 9 'Cmp' <Latency = 0> <II = 1> <Delay = 1.01> <FuncUnit> <Opcode : 'seteq' 'setne' 'setle' 'setge' 'setlt' 'setgt'> <InPorts = 2> <OutPorts = 1>
ST_2 : Operation 90 [1/1] (0.00ns)   --->   "%c_1 = bitconcatenate i32 @_ssdm_op_BitConcatenate.i32.i28.i4, i28 %empty, i4 1" [../gen2/Hls_Layers_UpConv.tpp:289]   --->   Operation 90 'bitconcatenate' 'c_1' <Predicate = (!icmp_ln281)> <Delay = 0.00>
ST_2 : Operation 91 [1/1] (1.01ns)   --->   "%icmp_ln290_1 = icmp_slt  i32 %c_1, i32 %C_OUT_cast8_cast" [../gen2/Hls_Layers_UpConv.tpp:290]   --->   Operation 91 'icmp' 'icmp_ln290_1' <Predicate = (!icmp_ln281)> <Delay = 1.01> <CoreInst = "Cmp">   --->   Core 9 'Cmp' <Latency = 0> <II = 1> <Delay = 1.01> <FuncUnit> <Opcode : 'seteq' 'setne' 'setle' 'setge' 'setlt' 'setgt'> <InPorts = 2> <OutPorts = 1>
ST_2 : Operation 92 [1/1] (0.00ns)   --->   "%c_2 = bitconcatenate i32 @_ssdm_op_BitConcatenate.i32.i28.i4, i28 %empty, i4 2" [../gen2/Hls_Layers_UpConv.tpp:289]   --->   Operation 92 'bitconcatenate' 'c_2' <Predicate = (!icmp_ln281)> <Delay = 0.00>
ST_2 : Operation 93 [1/1] (1.01ns)   --->   "%icmp_ln290_2 = icmp_slt  i32 %c_2, i32 %C_OUT_cast8_cast" [../gen2/Hls_Layers_UpConv.tpp:290]   --->   Operation 93 'icmp' 'icmp_ln290_2' <Predicate = (!icmp_ln281)> <Delay = 1.01> <CoreInst = "Cmp">   --->   Core 9 'Cmp' <Latency = 0> <II = 1> <Delay = 1.01> <FuncUnit> <Opcode : 'seteq' 'setne' 'setle' 'setge' 'setlt' 'setgt'> <InPorts = 2> <OutPorts = 1>
ST_2 : Operation 94 [1/1] (0.00ns)   --->   "%c_3 = bitconcatenate i32 @_ssdm_op_BitConcatenate.i32.i28.i4, i28 %empty, i4 3" [../gen2/Hls_Layers_UpConv.tpp:289]   --->   Operation 94 'bitconcatenate' 'c_3' <Predicate = (!icmp_ln281)> <Delay = 0.00>
ST_2 : Operation 95 [1/1] (1.01ns)   --->   "%icmp_ln290_3 = icmp_slt  i32 %c_3, i32 %C_OUT_cast8_cast" [../gen2/Hls_Layers_UpConv.tpp:290]   --->   Operation 95 'icmp' 'icmp_ln290_3' <Predicate = (!icmp_ln281)> <Delay = 1.01> <CoreInst = "Cmp">   --->   Core 9 'Cmp' <Latency = 0> <II = 1> <Delay = 1.01> <FuncUnit> <Opcode : 'seteq' 'setne' 'setle' 'setge' 'setlt' 'setgt'> <InPorts = 2> <OutPorts = 1>
ST_2 : Operation 96 [1/1] (0.00ns)   --->   "%c_4 = bitconcatenate i32 @_ssdm_op_BitConcatenate.i32.i28.i4, i28 %empty, i4 4" [../gen2/Hls_Layers_UpConv.tpp:289]   --->   Operation 96 'bitconcatenate' 'c_4' <Predicate = (!icmp_ln281)> <Delay = 0.00>
ST_2 : Operation 97 [1/1] (1.01ns)   --->   "%icmp_ln290_4 = icmp_slt  i32 %c_4, i32 %C_OUT_cast8_cast" [../gen2/Hls_Layers_UpConv.tpp:290]   --->   Operation 97 'icmp' 'icmp_ln290_4' <Predicate = (!icmp_ln281)> <Delay = 1.01> <CoreInst = "Cmp">   --->   Core 9 'Cmp' <Latency = 0> <II = 1> <Delay = 1.01> <FuncUnit> <Opcode : 'seteq' 'setne' 'setle' 'setge' 'setlt' 'setgt'> <InPorts = 2> <OutPorts = 1>
ST_2 : Operation 98 [1/1] (0.00ns)   --->   "%c_5 = bitconcatenate i32 @_ssdm_op_BitConcatenate.i32.i28.i4, i28 %empty, i4 5" [../gen2/Hls_Layers_UpConv.tpp:289]   --->   Operation 98 'bitconcatenate' 'c_5' <Predicate = (!icmp_ln281)> <Delay = 0.00>
ST_2 : Operation 99 [1/1] (1.01ns)   --->   "%icmp_ln290_5 = icmp_slt  i32 %c_5, i32 %C_OUT_cast8_cast" [../gen2/Hls_Layers_UpConv.tpp:290]   --->   Operation 99 'icmp' 'icmp_ln290_5' <Predicate = (!icmp_ln281)> <Delay = 1.01> <CoreInst = "Cmp">   --->   Core 9 'Cmp' <Latency = 0> <II = 1> <Delay = 1.01> <FuncUnit> <Opcode : 'seteq' 'setne' 'setle' 'setge' 'setlt' 'setgt'> <InPorts = 2> <OutPorts = 1>
ST_2 : Operation 100 [1/1] (0.00ns)   --->   "%c_6 = bitconcatenate i32 @_ssdm_op_BitConcatenate.i32.i28.i4, i28 %empty, i4 6" [../gen2/Hls_Layers_UpConv.tpp:289]   --->   Operation 100 'bitconcatenate' 'c_6' <Predicate = (!icmp_ln281)> <Delay = 0.00>
ST_2 : Operation 101 [1/1] (1.01ns)   --->   "%icmp_ln290_6 = icmp_slt  i32 %c_6, i32 %C_OUT_cast8_cast" [../gen2/Hls_Layers_UpConv.tpp:290]   --->   Operation 101 'icmp' 'icmp_ln290_6' <Predicate = (!icmp_ln281)> <Delay = 1.01> <CoreInst = "Cmp">   --->   Core 9 'Cmp' <Latency = 0> <II = 1> <Delay = 1.01> <FuncUnit> <Opcode : 'seteq' 'setne' 'setle' 'setge' 'setlt' 'setgt'> <InPorts = 2> <OutPorts = 1>
ST_2 : Operation 102 [1/1] (0.00ns)   --->   "%c_7 = bitconcatenate i32 @_ssdm_op_BitConcatenate.i32.i28.i4, i28 %empty, i4 7" [../gen2/Hls_Layers_UpConv.tpp:289]   --->   Operation 102 'bitconcatenate' 'c_7' <Predicate = (!icmp_ln281)> <Delay = 0.00>
ST_2 : Operation 103 [1/1] (1.01ns)   --->   "%icmp_ln290_7 = icmp_slt  i32 %c_7, i32 %C_OUT_cast8_cast" [../gen2/Hls_Layers_UpConv.tpp:290]   --->   Operation 103 'icmp' 'icmp_ln290_7' <Predicate = (!icmp_ln281)> <Delay = 1.01> <CoreInst = "Cmp">   --->   Core 9 'Cmp' <Latency = 0> <II = 1> <Delay = 1.01> <FuncUnit> <Opcode : 'seteq' 'setne' 'setle' 'setge' 'setlt' 'setgt'> <InPorts = 2> <OutPorts = 1>
ST_2 : Operation 104 [1/1] (0.00ns)   --->   "%c_8 = bitconcatenate i32 @_ssdm_op_BitConcatenate.i32.i28.i4, i28 %empty, i4 8" [../gen2/Hls_Layers_UpConv.tpp:289]   --->   Operation 104 'bitconcatenate' 'c_8' <Predicate = (!icmp_ln281)> <Delay = 0.00>
ST_2 : Operation 105 [1/1] (1.01ns)   --->   "%icmp_ln290_8 = icmp_slt  i32 %c_8, i32 %C_OUT_cast8_cast" [../gen2/Hls_Layers_UpConv.tpp:290]   --->   Operation 105 'icmp' 'icmp_ln290_8' <Predicate = (!icmp_ln281)> <Delay = 1.01> <CoreInst = "Cmp">   --->   Core 9 'Cmp' <Latency = 0> <II = 1> <Delay = 1.01> <FuncUnit> <Opcode : 'seteq' 'setne' 'setle' 'setge' 'setlt' 'setgt'> <InPorts = 2> <OutPorts = 1>
ST_2 : Operation 106 [1/1] (0.00ns)   --->   "%c_9 = bitconcatenate i32 @_ssdm_op_BitConcatenate.i32.i28.i4, i28 %empty, i4 9" [../gen2/Hls_Layers_UpConv.tpp:289]   --->   Operation 106 'bitconcatenate' 'c_9' <Predicate = (!icmp_ln281)> <Delay = 0.00>
ST_2 : Operation 107 [1/1] (1.01ns)   --->   "%icmp_ln290_9 = icmp_slt  i32 %c_9, i32 %C_OUT_cast8_cast" [../gen2/Hls_Layers_UpConv.tpp:290]   --->   Operation 107 'icmp' 'icmp_ln290_9' <Predicate = (!icmp_ln281)> <Delay = 1.01> <CoreInst = "Cmp">   --->   Core 9 'Cmp' <Latency = 0> <II = 1> <Delay = 1.01> <FuncUnit> <Opcode : 'seteq' 'setne' 'setle' 'setge' 'setlt' 'setgt'> <InPorts = 2> <OutPorts = 1>
ST_2 : Operation 108 [1/1] (0.00ns)   --->   "%c_10 = bitconcatenate i32 @_ssdm_op_BitConcatenate.i32.i28.i4, i28 %empty, i4 10" [../gen2/Hls_Layers_UpConv.tpp:289]   --->   Operation 108 'bitconcatenate' 'c_10' <Predicate = (!icmp_ln281)> <Delay = 0.00>
ST_2 : Operation 109 [1/1] (1.01ns)   --->   "%icmp_ln290_10 = icmp_slt  i32 %c_10, i32 %C_OUT_cast8_cast" [../gen2/Hls_Layers_UpConv.tpp:290]   --->   Operation 109 'icmp' 'icmp_ln290_10' <Predicate = (!icmp_ln281)> <Delay = 1.01> <CoreInst = "Cmp">   --->   Core 9 'Cmp' <Latency = 0> <II = 1> <Delay = 1.01> <FuncUnit> <Opcode : 'seteq' 'setne' 'setle' 'setge' 'setlt' 'setgt'> <InPorts = 2> <OutPorts = 1>
ST_2 : Operation 110 [1/1] (0.00ns)   --->   "%c_11 = bitconcatenate i32 @_ssdm_op_BitConcatenate.i32.i28.i4, i28 %empty, i4 11" [../gen2/Hls_Layers_UpConv.tpp:289]   --->   Operation 110 'bitconcatenate' 'c_11' <Predicate = (!icmp_ln281)> <Delay = 0.00>
ST_2 : Operation 111 [1/1] (1.01ns)   --->   "%icmp_ln290_11 = icmp_slt  i32 %c_11, i32 %C_OUT_cast8_cast" [../gen2/Hls_Layers_UpConv.tpp:290]   --->   Operation 111 'icmp' 'icmp_ln290_11' <Predicate = (!icmp_ln281)> <Delay = 1.01> <CoreInst = "Cmp">   --->   Core 9 'Cmp' <Latency = 0> <II = 1> <Delay = 1.01> <FuncUnit> <Opcode : 'seteq' 'setne' 'setle' 'setge' 'setlt' 'setgt'> <InPorts = 2> <OutPorts = 1>
ST_2 : Operation 112 [1/1] (0.00ns)   --->   "%c_12 = bitconcatenate i32 @_ssdm_op_BitConcatenate.i32.i28.i4, i28 %empty, i4 12" [../gen2/Hls_Layers_UpConv.tpp:289]   --->   Operation 112 'bitconcatenate' 'c_12' <Predicate = (!icmp_ln281)> <Delay = 0.00>
ST_2 : Operation 113 [1/1] (1.01ns)   --->   "%icmp_ln290_12 = icmp_slt  i32 %c_12, i32 %C_OUT_cast8_cast" [../gen2/Hls_Layers_UpConv.tpp:290]   --->   Operation 113 'icmp' 'icmp_ln290_12' <Predicate = (!icmp_ln281)> <Delay = 1.01> <CoreInst = "Cmp">   --->   Core 9 'Cmp' <Latency = 0> <II = 1> <Delay = 1.01> <FuncUnit> <Opcode : 'seteq' 'setne' 'setle' 'setge' 'setlt' 'setgt'> <InPorts = 2> <OutPorts = 1>
ST_2 : Operation 114 [1/1] (0.00ns)   --->   "%c_13 = bitconcatenate i32 @_ssdm_op_BitConcatenate.i32.i28.i4, i28 %empty, i4 13" [../gen2/Hls_Layers_UpConv.tpp:289]   --->   Operation 114 'bitconcatenate' 'c_13' <Predicate = (!icmp_ln281)> <Delay = 0.00>
ST_2 : Operation 115 [1/1] (1.01ns)   --->   "%icmp_ln290_13 = icmp_slt  i32 %c_13, i32 %C_OUT_cast8_cast" [../gen2/Hls_Layers_UpConv.tpp:290]   --->   Operation 115 'icmp' 'icmp_ln290_13' <Predicate = (!icmp_ln281)> <Delay = 1.01> <CoreInst = "Cmp">   --->   Core 9 'Cmp' <Latency = 0> <II = 1> <Delay = 1.01> <FuncUnit> <Opcode : 'seteq' 'setne' 'setle' 'setge' 'setlt' 'setgt'> <InPorts = 2> <OutPorts = 1>
ST_2 : Operation 116 [1/1] (0.00ns)   --->   "%c_14 = bitconcatenate i32 @_ssdm_op_BitConcatenate.i32.i28.i4, i28 %empty, i4 14" [../gen2/Hls_Layers_UpConv.tpp:289]   --->   Operation 116 'bitconcatenate' 'c_14' <Predicate = (!icmp_ln281)> <Delay = 0.00>
ST_2 : Operation 117 [1/1] (1.01ns)   --->   "%icmp_ln290_14 = icmp_slt  i32 %c_14, i32 %C_OUT_cast8_cast" [../gen2/Hls_Layers_UpConv.tpp:290]   --->   Operation 117 'icmp' 'icmp_ln290_14' <Predicate = (!icmp_ln281)> <Delay = 1.01> <CoreInst = "Cmp">   --->   Core 9 'Cmp' <Latency = 0> <II = 1> <Delay = 1.01> <FuncUnit> <Opcode : 'seteq' 'setne' 'setle' 'setge' 'setlt' 'setgt'> <InPorts = 2> <OutPorts = 1>
ST_2 : Operation 118 [1/1] (0.00ns)   --->   "%c_15 = bitconcatenate i32 @_ssdm_op_BitConcatenate.i32.i28.i4, i28 %empty, i4 15" [../gen2/Hls_Layers_UpConv.tpp:289]   --->   Operation 118 'bitconcatenate' 'c_15' <Predicate = (!icmp_ln281)> <Delay = 0.00>
ST_2 : Operation 119 [1/1] (1.01ns)   --->   "%icmp_ln290_15 = icmp_slt  i32 %c_15, i32 %C_OUT_cast8_cast" [../gen2/Hls_Layers_UpConv.tpp:290]   --->   Operation 119 'icmp' 'icmp_ln290_15' <Predicate = (!icmp_ln281)> <Delay = 1.01> <CoreInst = "Cmp">   --->   Core 9 'Cmp' <Latency = 0> <II = 1> <Delay = 1.01> <FuncUnit> <Opcode : 'seteq' 'setne' 'setle' 'setge' 'setlt' 'setgt'> <InPorts = 2> <OutPorts = 1>
ST_2 : Operation 120 [1/1] (1.01ns)   --->   "%add_ln297 = add i32 %wn_load, i32 %zext_ln281_cast" [../gen2/Hls_Layers_UpConv.tpp:297]   --->   Operation 120 'add' 'add_ln297' <Predicate = (!icmp_ln281)> <Delay = 1.01> <CoreInst = "Adder">   --->   Core 1 'Adder' <Latency = 0> <II = 1> <Delay = 1.01> <FuncUnit> <Opcode : 'add' 'sub'> <InPorts = 2> <OutPorts = 1>
ST_2 : Operation 121 [1/1] (1.01ns)   --->   "%icmp_ln298 = icmp_eq  i32 %cwn_load, i32 %sub16_cast_cast" [../gen2/Hls_Layers_UpConv.tpp:298]   --->   Operation 121 'icmp' 'icmp_ln298' <Predicate = (!icmp_ln281)> <Delay = 1.01> <CoreInst = "Cmp">   --->   Core 9 'Cmp' <Latency = 0> <II = 1> <Delay = 1.01> <FuncUnit> <Opcode : 'seteq' 'setne' 'setle' 'setge' 'setlt' 'setgt'> <InPorts = 2> <OutPorts = 1>
ST_2 : Operation 122 [1/1] (1.01ns)   --->   "%wn_1 = add i32 %wn_load, i32 1" [../gen2/Hls_Layers_UpConv.tpp:298]   --->   Operation 122 'add' 'wn_1' <Predicate = (!icmp_ln281)> <Delay = 1.01> <CoreInst = "Adder">   --->   Core 1 'Adder' <Latency = 0> <II = 1> <Delay = 1.01> <FuncUnit> <Opcode : 'add' 'sub'> <InPorts = 2> <OutPorts = 1>
ST_2 : Operation 123 [1/1] (1.01ns)   --->   "%cwn_1 = add i32 %cwn_load, i32 1" [../gen2/Hls_Layers_UpConv.tpp:298]   --->   Operation 123 'add' 'cwn_1' <Predicate = (!icmp_ln281)> <Delay = 1.01> <CoreInst = "Adder">   --->   Core 1 'Adder' <Latency = 0> <II = 1> <Delay = 1.01> <FuncUnit> <Opcode : 'add' 'sub'> <InPorts = 2> <OutPorts = 1>
ST_2 : Operation 124 [1/1] (0.44ns)   --->   "%wn_2 = select i1 %icmp_ln298, i32 %wn_1, i32 %wn_load" [../gen2/Hls_Layers_UpConv.tpp:298]   --->   Operation 124 'select' 'wn_2' <Predicate = (!icmp_ln281)> <Delay = 0.44> <CoreInst = "Sel">   --->   Core 73 'Sel' <Latency = 0> <II = 1> <Delay = 0.44> <FuncUnit> <Opcode : 'select'> <InPorts = 3> <OutPorts = 1>
ST_2 : Operation 125 [1/1] (0.44ns)   --->   "%cwn_2 = select i1 %icmp_ln298, i32 0, i32 %cwn_1" [../gen2/Hls_Layers_UpConv.tpp:298]   --->   Operation 125 'select' 'cwn_2' <Predicate = (!icmp_ln281)> <Delay = 0.44> <CoreInst = "Sel">   --->   Core 73 'Sel' <Latency = 0> <II = 1> <Delay = 0.44> <FuncUnit> <Opcode : 'select'> <InPorts = 3> <OutPorts = 1>
ST_2 : Operation 126 [1/1] (0.42ns)   --->   "%store_ln281 = store i13 %m_4, i13 %m_3" [../gen2/Hls_Layers_UpConv.tpp:281]   --->   Operation 126 'store' 'store_ln281' <Predicate = (!icmp_ln281)> <Delay = 0.42>
ST_2 : Operation 127 [1/1] (0.42ns)   --->   "%store_ln280 = store i32 %cwn_2, i32 %cwn" [../gen2/Hls_Layers_UpConv.tpp:280]   --->   Operation 127 'store' 'store_ln280' <Predicate = (!icmp_ln281)> <Delay = 0.42>
ST_2 : Operation 128 [1/1] (0.42ns)   --->   "%store_ln280 = store i32 %wn_2, i32 %wn" [../gen2/Hls_Layers_UpConv.tpp:280]   --->   Operation 128 'store' 'store_ln280' <Predicate = (!icmp_ln281)> <Delay = 0.42>

State 3 <SV = 2> <Delay = 2.36>
ST_3 : Operation 129 [1/2] ( I:0.67ns O:0.67ns )   --->   "%mean_buf_load = load i8 %mean_buf_addr" [../gen2/Hls_Layers_UpConv.tpp:284]   --->   Operation 129 'load' 'mean_buf_load' <Predicate = true> <Delay = 0.67> <CoreInst = "RAM_2P_LUTRAM">   --->   Core 92 'RAM_2P_LUTRAM' <Latency = 1> <II = 1> <Delay = 0.67> <Storage> <Opcode : 'load' 'store'> <Ports = 2> <Width = 32> <Depth = 256> <RAM>
ST_3 : Operation 130 [2/2] (2.36ns)   --->   "%mul_ln297 = mul i32 %add_ln297, i32 %zext_ln184_cast" [../gen2/Hls_Layers_UpConv.tpp:297]   --->   Operation 130 'mul' 'mul_ln297' <Predicate = true> <Delay = 2.36> <CoreInst = "Multiplier">   --->   Core 3 'Multiplier' <Latency = 1> <II = 1> <Delay = 2.36> <FuncUnit> <Opcode : 'mul'> <InPorts = 2> <OutPorts = 1>

State 4 <SV = 3> <Delay = 2.36>
ST_4 : Operation 131 [2/2] (1.76ns)   --->   "%mean_w = sptohp i32 %mean_buf_load" [../gen2/Hls_Layers_UpConv.tpp:284]   --->   Operation 131 'sptohp' 'mean_w' <Predicate = true> <Delay = 1.76> <CoreInst = "Float2Half">   --->   Core 69 'Float2Half' <Latency = 1> <II = 1> <Delay = 1.76> <FuncUnit> <Opcode : 'sptohp'> <InPorts = 1> <OutPorts = 1>
ST_4 : Operation 132 [1/1] (0.00ns)   --->   "%zext_ln290 = zext i13 %add_ln290" [../gen2/Hls_Layers_UpConv.tpp:290]   --->   Operation 132 'zext' 'zext_ln290' <Predicate = true> <Delay = 0.00>
ST_4 : Operation 133 [1/1] (0.00ns)   --->   "%void_UpConv_Fused_Row_8_ap_uint_256_ap_uint_256_const_ap_uint_256_const_ap_uint_256_const_ap_uint_256_const_ap_uint_256_decimal16_int_int_int_int_int_row_acc = getelementptr i16 %void_UpConv_Fused_Row_8_ap_uint_256_ap_uint_256_const_ap_uint_256_const_ap_uint_256_const_ap_uint_256_const_ap_uint_256_decimal16_int_int_int_int_int_row_acc, i64 0, i64 %zext_ln290" [../gen2/Hls_Layers_UpConv.tpp:290]   --->   Operation 133 'getelementptr' 'void_UpConv_Fused_Row_8_ap_uint_256_ap_uint_256_const_ap_uint_256_const_ap_uint_256_const_ap_uint_256_const_ap_uint_256_decimal16_int_int_int_int_int_row_acc' <Predicate = (icmp_ln290_10)> <Delay = 0.00>
ST_4 : Operation 134 [1/1] (0.00ns)   --->   "%void_UpConv_Fused_Row_8_ap_uint_256_ap_uint_256_const_ap_uint_256_const_ap_uint_256_const_ap_uint_256_const_ap_uint_256_decimal16_int_int_int_int_int_row_acc_410 = getelementptr i16 %void_UpConv_Fused_Row_8_ap_uint_256_ap_uint_256_const_ap_uint_256_const_ap_uint_256_const_ap_uint_256_const_ap_uint_256_decimal16_int_int_int_int_int_row_acc_0, i64 0, i64 %zext_ln290" [../gen2/Hls_Layers_UpConv.tpp:290]   --->   Operation 134 'getelementptr' 'void_UpConv_Fused_Row_8_ap_uint_256_ap_uint_256_const_ap_uint_256_const_ap_uint_256_const_ap_uint_256_const_ap_uint_256_decimal16_int_int_int_int_int_row_acc_410' <Predicate = (icmp_ln290_11)> <Delay = 0.00>
ST_4 : Operation 135 [1/1] (0.00ns)   --->   "%void_UpConv_Fused_Row_8_ap_uint_256_ap_uint_256_const_ap_uint_256_const_ap_uint_256_const_ap_uint_256_const_ap_uint_256_decimal16_int_int_int_int_int_row_acc_411 = getelementptr i16 %void_UpConv_Fused_Row_8_ap_uint_256_ap_uint_256_const_ap_uint_256_const_ap_uint_256_const_ap_uint_256_const_ap_uint_256_decimal16_int_int_int_int_int_row_acc_1, i64 0, i64 %zext_ln290" [../gen2/Hls_Layers_UpConv.tpp:290]   --->   Operation 135 'getelementptr' 'void_UpConv_Fused_Row_8_ap_uint_256_ap_uint_256_const_ap_uint_256_const_ap_uint_256_const_ap_uint_256_const_ap_uint_256_decimal16_int_int_int_int_int_row_acc_411' <Predicate = (icmp_ln290_12)> <Delay = 0.00>
ST_4 : Operation 136 [1/1] (0.00ns)   --->   "%void_UpConv_Fused_Row_8_ap_uint_256_ap_uint_256_const_ap_uint_256_const_ap_uint_256_const_ap_uint_256_const_ap_uint_256_decimal16_int_int_int_int_int_row_acc_412 = getelementptr i16 %void_UpConv_Fused_Row_8_ap_uint_256_ap_uint_256_const_ap_uint_256_const_ap_uint_256_const_ap_uint_256_const_ap_uint_256_decimal16_int_int_int_int_int_row_acc_2, i64 0, i64 %zext_ln290" [../gen2/Hls_Layers_UpConv.tpp:290]   --->   Operation 136 'getelementptr' 'void_UpConv_Fused_Row_8_ap_uint_256_ap_uint_256_const_ap_uint_256_const_ap_uint_256_const_ap_uint_256_const_ap_uint_256_decimal16_int_int_int_int_int_row_acc_412' <Predicate = (icmp_ln290_13)> <Delay = 0.00>
ST_4 : Operation 137 [1/1] (0.00ns)   --->   "%void_UpConv_Fused_Row_8_ap_uint_256_ap_uint_256_const_ap_uint_256_const_ap_uint_256_const_ap_uint_256_const_ap_uint_256_decimal16_int_int_int_int_int_row_acc_413 = getelementptr i16 %void_UpConv_Fused_Row_8_ap_uint_256_ap_uint_256_const_ap_uint_256_const_ap_uint_256_const_ap_uint_256_const_ap_uint_256_decimal16_int_int_int_int_int_row_acc_3, i64 0, i64 %zext_ln290" [../gen2/Hls_Layers_UpConv.tpp:290]   --->   Operation 137 'getelementptr' 'void_UpConv_Fused_Row_8_ap_uint_256_ap_uint_256_const_ap_uint_256_const_ap_uint_256_const_ap_uint_256_const_ap_uint_256_decimal16_int_int_int_int_int_row_acc_413' <Predicate = (icmp_ln290_14)> <Delay = 0.00>
ST_4 : Operation 138 [1/1] (0.00ns)   --->   "%void_UpConv_Fused_Row_8_ap_uint_256_ap_uint_256_const_ap_uint_256_const_ap_uint_256_const_ap_uint_256_const_ap_uint_256_decimal16_int_int_int_int_int_row_acc_414 = getelementptr i16 %void_UpConv_Fused_Row_8_ap_uint_256_ap_uint_256_const_ap_uint_256_const_ap_uint_256_const_ap_uint_256_const_ap_uint_256_decimal16_int_int_int_int_int_row_acc_4, i64 0, i64 %zext_ln290" [../gen2/Hls_Layers_UpConv.tpp:290]   --->   Operation 138 'getelementptr' 'void_UpConv_Fused_Row_8_ap_uint_256_ap_uint_256_const_ap_uint_256_const_ap_uint_256_const_ap_uint_256_const_ap_uint_256_decimal16_int_int_int_int_int_row_acc_414' <Predicate = (icmp_ln290_15)> <Delay = 0.00>
ST_4 : Operation 139 [1/1] (0.00ns)   --->   "%void_UpConv_Fused_Row_ap_uint_ap_uint_const_ap_uint_const_ap_uint_const_ap_u_60 = getelementptr i16 %void_UpConv_Fused_Row_ap_uint_ap_uint_const_ap_uint_const_ap_uint_const_ap_u_9, i64 0, i64 %zext_ln290" [../gen2/Hls_Layers_UpConv.tpp:290]   --->   Operation 139 'getelementptr' 'void_UpConv_Fused_Row_ap_uint_ap_uint_const_ap_uint_const_ap_uint_const_ap_u_60' <Predicate = (icmp_ln290)> <Delay = 0.00>
ST_4 : Operation 140 [1/1] (0.00ns)   --->   "%void_UpConv_Fused_Row_ap_uint_ap_uint_const_ap_uint_const_ap_uint_const_ap_u_61 = getelementptr i16 %void_UpConv_Fused_Row_ap_uint_ap_uint_const_ap_uint_const_ap_uint_const_ap_u_8, i64 0, i64 %zext_ln290" [../gen2/Hls_Layers_UpConv.tpp:290]   --->   Operation 140 'getelementptr' 'void_UpConv_Fused_Row_ap_uint_ap_uint_const_ap_uint_const_ap_uint_const_ap_u_61' <Predicate = (icmp_ln290_1)> <Delay = 0.00>
ST_4 : Operation 141 [1/1] (0.00ns)   --->   "%void_UpConv_Fused_Row_ap_uint_ap_uint_const_ap_uint_const_ap_uint_const_ap_u_62 = getelementptr i16 %void_UpConv_Fused_Row_ap_uint_ap_uint_const_ap_uint_const_ap_uint_const_ap_u_7, i64 0, i64 %zext_ln290" [../gen2/Hls_Layers_UpConv.tpp:290]   --->   Operation 141 'getelementptr' 'void_UpConv_Fused_Row_ap_uint_ap_uint_const_ap_uint_const_ap_uint_const_ap_u_62' <Predicate = (icmp_ln290_2)> <Delay = 0.00>
ST_4 : Operation 142 [1/1] (0.00ns)   --->   "%void_UpConv_Fused_Row_ap_uint_ap_uint_const_ap_uint_const_ap_uint_const_ap_u_63 = getelementptr i16 %void_UpConv_Fused_Row_ap_uint_ap_uint_const_ap_uint_const_ap_uint_const_ap_u_6, i64 0, i64 %zext_ln290" [../gen2/Hls_Layers_UpConv.tpp:290]   --->   Operation 142 'getelementptr' 'void_UpConv_Fused_Row_ap_uint_ap_uint_const_ap_uint_const_ap_uint_const_ap_u_63' <Predicate = (icmp_ln290_3)> <Delay = 0.00>
ST_4 : Operation 143 [1/1] (0.00ns)   --->   "%void_UpConv_Fused_Row_ap_uint_ap_uint_const_ap_uint_const_ap_uint_const_ap_u_64 = getelementptr i16 %void_UpConv_Fused_Row_ap_uint_ap_uint_const_ap_uint_const_ap_uint_const_ap_u_5, i64 0, i64 %zext_ln290" [../gen2/Hls_Layers_UpConv.tpp:290]   --->   Operation 143 'getelementptr' 'void_UpConv_Fused_Row_ap_uint_ap_uint_const_ap_uint_const_ap_uint_const_ap_u_64' <Predicate = (icmp_ln290_4)> <Delay = 0.00>
ST_4 : Operation 144 [1/1] (0.00ns)   --->   "%void_UpConv_Fused_Row_ap_uint_ap_uint_const_ap_uint_const_ap_uint_const_ap_u_65 = getelementptr i16 %void_UpConv_Fused_Row_ap_uint_ap_uint_const_ap_uint_const_ap_uint_const_ap_u_4, i64 0, i64 %zext_ln290" [../gen2/Hls_Layers_UpConv.tpp:290]   --->   Operation 144 'getelementptr' 'void_UpConv_Fused_Row_ap_uint_ap_uint_const_ap_uint_const_ap_uint_const_ap_u_65' <Predicate = (icmp_ln290_5)> <Delay = 0.00>
ST_4 : Operation 145 [1/1] (0.00ns)   --->   "%void_UpConv_Fused_Row_ap_uint_ap_uint_const_ap_uint_const_ap_uint_const_ap_u_66 = getelementptr i16 %void_UpConv_Fused_Row_ap_uint_ap_uint_const_ap_uint_const_ap_uint_const_ap_u_3, i64 0, i64 %zext_ln290" [../gen2/Hls_Layers_UpConv.tpp:290]   --->   Operation 145 'getelementptr' 'void_UpConv_Fused_Row_ap_uint_ap_uint_const_ap_uint_const_ap_uint_const_ap_u_66' <Predicate = (icmp_ln290_6)> <Delay = 0.00>
ST_4 : Operation 146 [1/1] (0.00ns)   --->   "%void_UpConv_Fused_Row_ap_uint_ap_uint_const_ap_uint_const_ap_uint_const_ap_u_67 = getelementptr i16 %void_UpConv_Fused_Row_ap_uint_ap_uint_const_ap_uint_const_ap_uint_const_ap_u_2, i64 0, i64 %zext_ln290" [../gen2/Hls_Layers_UpConv.tpp:290]   --->   Operation 146 'getelementptr' 'void_UpConv_Fused_Row_ap_uint_ap_uint_const_ap_uint_const_ap_uint_const_ap_u_67' <Predicate = (icmp_ln290_7)> <Delay = 0.00>
ST_4 : Operation 147 [1/1] (0.00ns)   --->   "%void_UpConv_Fused_Row_ap_uint_ap_uint_const_ap_uint_const_ap_uint_const_ap_u_68 = getelementptr i16 %void_UpConv_Fused_Row_ap_uint_ap_uint_const_ap_uint_const_ap_uint_const_ap_u_1, i64 0, i64 %zext_ln290" [../gen2/Hls_Layers_UpConv.tpp:290]   --->   Operation 147 'getelementptr' 'void_UpConv_Fused_Row_ap_uint_ap_uint_const_ap_uint_const_ap_uint_const_ap_u_68' <Predicate = (icmp_ln290_8)> <Delay = 0.00>
ST_4 : Operation 148 [1/1] (0.00ns)   --->   "%void_UpConv_Fused_Row_ap_uint_ap_uint_const_ap_uint_const_ap_uint_const_ap_u_69 = getelementptr i16 %void_UpConv_Fused_Row_ap_uint_ap_uint_const_ap_uint_const_ap_uint_const_ap_u, i64 0, i64 %zext_ln290" [../gen2/Hls_Layers_UpConv.tpp:290]   --->   Operation 148 'getelementptr' 'void_UpConv_Fused_Row_ap_uint_ap_uint_const_ap_uint_const_ap_uint_const_ap_u_69' <Predicate = (icmp_ln290_9)> <Delay = 0.00>
ST_4 : Operation 149 [2/2] (1.23ns)   --->   "%void_UpConv_Fused_Row_ap_uint_ap_uint_const_ap_uint_const_ap_uint_const_ap_u_70 = load i13 %void_UpConv_Fused_Row_ap_uint_ap_uint_const_ap_uint_const_ap_uint_const_ap_u_60" [../gen2/Hls_Layers_UpConv.tpp:290]   --->   Operation 149 'load' 'void_UpConv_Fused_Row_ap_uint_ap_uint_const_ap_uint_const_ap_uint_const_ap_u_70' <Predicate = (icmp_ln290)> <Delay = 1.23> <CoreInst = "RAM_T2P_URAM">   --->   Core 99 'RAM_T2P_URAM' <Latency = 1> <II = 1> <Delay = 1.23> <Storage> <Opcode : 'load' 'store'> <Ports = 2> <Width = 16> <Depth = 7680> <RAM>
ST_4 : Operation 150 [2/2] (1.23ns)   --->   "%void_UpConv_Fused_Row_ap_uint_ap_uint_const_ap_uint_const_ap_uint_const_ap_u_71 = load i13 %void_UpConv_Fused_Row_ap_uint_ap_uint_const_ap_uint_const_ap_uint_const_ap_u_61" [../gen2/Hls_Layers_UpConv.tpp:290]   --->   Operation 150 'load' 'void_UpConv_Fused_Row_ap_uint_ap_uint_const_ap_uint_const_ap_uint_const_ap_u_71' <Predicate = (icmp_ln290_1)> <Delay = 1.23> <CoreInst = "RAM_T2P_URAM">   --->   Core 99 'RAM_T2P_URAM' <Latency = 1> <II = 1> <Delay = 1.23> <Storage> <Opcode : 'load' 'store'> <Ports = 2> <Width = 16> <Depth = 7680> <RAM>
ST_4 : Operation 151 [2/2] (1.23ns)   --->   "%void_UpConv_Fused_Row_ap_uint_ap_uint_const_ap_uint_const_ap_uint_const_ap_u_72 = load i13 %void_UpConv_Fused_Row_ap_uint_ap_uint_const_ap_uint_const_ap_uint_const_ap_u_62" [../gen2/Hls_Layers_UpConv.tpp:290]   --->   Operation 151 'load' 'void_UpConv_Fused_Row_ap_uint_ap_uint_const_ap_uint_const_ap_uint_const_ap_u_72' <Predicate = (icmp_ln290_2)> <Delay = 1.23> <CoreInst = "RAM_T2P_URAM">   --->   Core 99 'RAM_T2P_URAM' <Latency = 1> <II = 1> <Delay = 1.23> <Storage> <Opcode : 'load' 'store'> <Ports = 2> <Width = 16> <Depth = 7680> <RAM>
ST_4 : Operation 152 [2/2] (1.23ns)   --->   "%void_UpConv_Fused_Row_ap_uint_ap_uint_const_ap_uint_const_ap_uint_const_ap_u_73 = load i13 %void_UpConv_Fused_Row_ap_uint_ap_uint_const_ap_uint_const_ap_uint_const_ap_u_63" [../gen2/Hls_Layers_UpConv.tpp:290]   --->   Operation 152 'load' 'void_UpConv_Fused_Row_ap_uint_ap_uint_const_ap_uint_const_ap_uint_const_ap_u_73' <Predicate = (icmp_ln290_3)> <Delay = 1.23> <CoreInst = "RAM_T2P_URAM">   --->   Core 99 'RAM_T2P_URAM' <Latency = 1> <II = 1> <Delay = 1.23> <Storage> <Opcode : 'load' 'store'> <Ports = 2> <Width = 16> <Depth = 7680> <RAM>
ST_4 : Operation 153 [2/2] (1.23ns)   --->   "%void_UpConv_Fused_Row_ap_uint_ap_uint_const_ap_uint_const_ap_uint_const_ap_u_74 = load i13 %void_UpConv_Fused_Row_ap_uint_ap_uint_const_ap_uint_const_ap_uint_const_ap_u_64" [../gen2/Hls_Layers_UpConv.tpp:290]   --->   Operation 153 'load' 'void_UpConv_Fused_Row_ap_uint_ap_uint_const_ap_uint_const_ap_uint_const_ap_u_74' <Predicate = (icmp_ln290_4)> <Delay = 1.23> <CoreInst = "RAM_T2P_URAM">   --->   Core 99 'RAM_T2P_URAM' <Latency = 1> <II = 1> <Delay = 1.23> <Storage> <Opcode : 'load' 'store'> <Ports = 2> <Width = 16> <Depth = 7680> <RAM>
ST_4 : Operation 154 [2/2] (1.23ns)   --->   "%void_UpConv_Fused_Row_ap_uint_ap_uint_const_ap_uint_const_ap_uint_const_ap_u_75 = load i13 %void_UpConv_Fused_Row_ap_uint_ap_uint_const_ap_uint_const_ap_uint_const_ap_u_65" [../gen2/Hls_Layers_UpConv.tpp:290]   --->   Operation 154 'load' 'void_UpConv_Fused_Row_ap_uint_ap_uint_const_ap_uint_const_ap_uint_const_ap_u_75' <Predicate = (icmp_ln290_5)> <Delay = 1.23> <CoreInst = "RAM_T2P_URAM">   --->   Core 99 'RAM_T2P_URAM' <Latency = 1> <II = 1> <Delay = 1.23> <Storage> <Opcode : 'load' 'store'> <Ports = 2> <Width = 16> <Depth = 7680> <RAM>
ST_4 : Operation 155 [2/2] (1.23ns)   --->   "%void_UpConv_Fused_Row_ap_uint_ap_uint_const_ap_uint_const_ap_uint_const_ap_u_76 = load i13 %void_UpConv_Fused_Row_ap_uint_ap_uint_const_ap_uint_const_ap_uint_const_ap_u_66" [../gen2/Hls_Layers_UpConv.tpp:290]   --->   Operation 155 'load' 'void_UpConv_Fused_Row_ap_uint_ap_uint_const_ap_uint_const_ap_uint_const_ap_u_76' <Predicate = (icmp_ln290_6)> <Delay = 1.23> <CoreInst = "RAM_T2P_URAM">   --->   Core 99 'RAM_T2P_URAM' <Latency = 1> <II = 1> <Delay = 1.23> <Storage> <Opcode : 'load' 'store'> <Ports = 2> <Width = 16> <Depth = 7680> <RAM>
ST_4 : Operation 156 [2/2] (1.23ns)   --->   "%void_UpConv_Fused_Row_ap_uint_ap_uint_const_ap_uint_const_ap_uint_const_ap_u_77 = load i13 %void_UpConv_Fused_Row_ap_uint_ap_uint_const_ap_uint_const_ap_uint_const_ap_u_67" [../gen2/Hls_Layers_UpConv.tpp:290]   --->   Operation 156 'load' 'void_UpConv_Fused_Row_ap_uint_ap_uint_const_ap_uint_const_ap_uint_const_ap_u_77' <Predicate = (icmp_ln290_7)> <Delay = 1.23> <CoreInst = "RAM_T2P_URAM">   --->   Core 99 'RAM_T2P_URAM' <Latency = 1> <II = 1> <Delay = 1.23> <Storage> <Opcode : 'load' 'store'> <Ports = 2> <Width = 16> <Depth = 7680> <RAM>
ST_4 : Operation 157 [2/2] (1.23ns)   --->   "%void_UpConv_Fused_Row_ap_uint_ap_uint_const_ap_uint_const_ap_uint_const_ap_u_78 = load i13 %void_UpConv_Fused_Row_ap_uint_ap_uint_const_ap_uint_const_ap_uint_const_ap_u_68" [../gen2/Hls_Layers_UpConv.tpp:290]   --->   Operation 157 'load' 'void_UpConv_Fused_Row_ap_uint_ap_uint_const_ap_uint_const_ap_uint_const_ap_u_78' <Predicate = (icmp_ln290_8)> <Delay = 1.23> <CoreInst = "RAM_T2P_URAM">   --->   Core 99 'RAM_T2P_URAM' <Latency = 1> <II = 1> <Delay = 1.23> <Storage> <Opcode : 'load' 'store'> <Ports = 2> <Width = 16> <Depth = 7680> <RAM>
ST_4 : Operation 158 [2/2] (1.23ns)   --->   "%void_UpConv_Fused_Row_ap_uint_ap_uint_const_ap_uint_const_ap_uint_const_ap_u_79 = load i13 %void_UpConv_Fused_Row_ap_uint_ap_uint_const_ap_uint_const_ap_uint_const_ap_u_69" [../gen2/Hls_Layers_UpConv.tpp:290]   --->   Operation 158 'load' 'void_UpConv_Fused_Row_ap_uint_ap_uint_const_ap_uint_const_ap_uint_const_ap_u_79' <Predicate = (icmp_ln290_9)> <Delay = 1.23> <CoreInst = "RAM_T2P_URAM">   --->   Core 99 'RAM_T2P_URAM' <Latency = 1> <II = 1> <Delay = 1.23> <Storage> <Opcode : 'load' 'store'> <Ports = 2> <Width = 16> <Depth = 7680> <RAM>
ST_4 : Operation 159 [2/2] (1.23ns)   --->   "%void_UpConv_Fused_Row_8_ap_uint_256_ap_uint_256_const_ap_uint_256_const_ap_uint_256_const_ap_uint_256_const_ap_uint_256_decimal16_int_int_int_int_int_row_acc_415 = load i13 %void_UpConv_Fused_Row_8_ap_uint_256_ap_uint_256_const_ap_uint_256_const_ap_uint_256_const_ap_uint_256_const_ap_uint_256_decimal16_int_int_int_int_int_row_acc" [../gen2/Hls_Layers_UpConv.tpp:290]   --->   Operation 159 'load' 'void_UpConv_Fused_Row_8_ap_uint_256_ap_uint_256_const_ap_uint_256_const_ap_uint_256_const_ap_uint_256_const_ap_uint_256_decimal16_int_int_int_int_int_row_acc_415' <Predicate = (icmp_ln290_10)> <Delay = 1.23> <CoreInst = "RAM_T2P_URAM">   --->   Core 99 'RAM_T2P_URAM' <Latency = 1> <II = 1> <Delay = 1.23> <Storage> <Opcode : 'load' 'store'> <Ports = 2> <Width = 16> <Depth = 7680> <RAM>
ST_4 : Operation 160 [2/2] (1.23ns)   --->   "%void_UpConv_Fused_Row_8_ap_uint_256_ap_uint_256_const_ap_uint_256_const_ap_uint_256_const_ap_uint_256_const_ap_uint_256_decimal16_int_int_int_int_int_row_acc_416 = load i13 %void_UpConv_Fused_Row_8_ap_uint_256_ap_uint_256_const_ap_uint_256_const_ap_uint_256_const_ap_uint_256_const_ap_uint_256_decimal16_int_int_int_int_int_row_acc_410" [../gen2/Hls_Layers_UpConv.tpp:290]   --->   Operation 160 'load' 'void_UpConv_Fused_Row_8_ap_uint_256_ap_uint_256_const_ap_uint_256_const_ap_uint_256_const_ap_uint_256_const_ap_uint_256_decimal16_int_int_int_int_int_row_acc_416' <Predicate = (icmp_ln290_11)> <Delay = 1.23> <CoreInst = "RAM_T2P_URAM">   --->   Core 99 'RAM_T2P_URAM' <Latency = 1> <II = 1> <Delay = 1.23> <Storage> <Opcode : 'load' 'store'> <Ports = 2> <Width = 16> <Depth = 7680> <RAM>
ST_4 : Operation 161 [2/2] (1.23ns)   --->   "%void_UpConv_Fused_Row_8_ap_uint_256_ap_uint_256_const_ap_uint_256_const_ap_uint_256_const_ap_uint_256_const_ap_uint_256_decimal16_int_int_int_int_int_row_acc_417 = load i13 %void_UpConv_Fused_Row_8_ap_uint_256_ap_uint_256_const_ap_uint_256_const_ap_uint_256_const_ap_uint_256_const_ap_uint_256_decimal16_int_int_int_int_int_row_acc_411" [../gen2/Hls_Layers_UpConv.tpp:290]   --->   Operation 161 'load' 'void_UpConv_Fused_Row_8_ap_uint_256_ap_uint_256_const_ap_uint_256_const_ap_uint_256_const_ap_uint_256_const_ap_uint_256_decimal16_int_int_int_int_int_row_acc_417' <Predicate = (icmp_ln290_12)> <Delay = 1.23> <CoreInst = "RAM_T2P_URAM">   --->   Core 99 'RAM_T2P_URAM' <Latency = 1> <II = 1> <Delay = 1.23> <Storage> <Opcode : 'load' 'store'> <Ports = 2> <Width = 16> <Depth = 7680> <RAM>
ST_4 : Operation 162 [2/2] (1.23ns)   --->   "%void_UpConv_Fused_Row_8_ap_uint_256_ap_uint_256_const_ap_uint_256_const_ap_uint_256_const_ap_uint_256_const_ap_uint_256_decimal16_int_int_int_int_int_row_acc_418 = load i13 %void_UpConv_Fused_Row_8_ap_uint_256_ap_uint_256_const_ap_uint_256_const_ap_uint_256_const_ap_uint_256_const_ap_uint_256_decimal16_int_int_int_int_int_row_acc_412" [../gen2/Hls_Layers_UpConv.tpp:290]   --->   Operation 162 'load' 'void_UpConv_Fused_Row_8_ap_uint_256_ap_uint_256_const_ap_uint_256_const_ap_uint_256_const_ap_uint_256_const_ap_uint_256_decimal16_int_int_int_int_int_row_acc_418' <Predicate = (icmp_ln290_13)> <Delay = 1.23> <CoreInst = "RAM_T2P_URAM">   --->   Core 99 'RAM_T2P_URAM' <Latency = 1> <II = 1> <Delay = 1.23> <Storage> <Opcode : 'load' 'store'> <Ports = 2> <Width = 16> <Depth = 7680> <RAM>
ST_4 : Operation 163 [2/2] (1.23ns)   --->   "%void_UpConv_Fused_Row_8_ap_uint_256_ap_uint_256_const_ap_uint_256_const_ap_uint_256_const_ap_uint_256_const_ap_uint_256_decimal16_int_int_int_int_int_row_acc_419 = load i13 %void_UpConv_Fused_Row_8_ap_uint_256_ap_uint_256_const_ap_uint_256_const_ap_uint_256_const_ap_uint_256_const_ap_uint_256_decimal16_int_int_int_int_int_row_acc_413" [../gen2/Hls_Layers_UpConv.tpp:290]   --->   Operation 163 'load' 'void_UpConv_Fused_Row_8_ap_uint_256_ap_uint_256_const_ap_uint_256_const_ap_uint_256_const_ap_uint_256_const_ap_uint_256_decimal16_int_int_int_int_int_row_acc_419' <Predicate = (icmp_ln290_14)> <Delay = 1.23> <CoreInst = "RAM_T2P_URAM">   --->   Core 99 'RAM_T2P_URAM' <Latency = 1> <II = 1> <Delay = 1.23> <Storage> <Opcode : 'load' 'store'> <Ports = 2> <Width = 16> <Depth = 7680> <RAM>
ST_4 : Operation 164 [2/2] (1.23ns)   --->   "%void_UpConv_Fused_Row_8_ap_uint_256_ap_uint_256_const_ap_uint_256_const_ap_uint_256_const_ap_uint_256_const_ap_uint_256_decimal16_int_int_int_int_int_row_acc_420 = load i13 %void_UpConv_Fused_Row_8_ap_uint_256_ap_uint_256_const_ap_uint_256_const_ap_uint_256_const_ap_uint_256_const_ap_uint_256_decimal16_int_int_int_int_int_row_acc_414" [../gen2/Hls_Layers_UpConv.tpp:290]   --->   Operation 164 'load' 'void_UpConv_Fused_Row_8_ap_uint_256_ap_uint_256_const_ap_uint_256_const_ap_uint_256_const_ap_uint_256_const_ap_uint_256_decimal16_int_int_int_int_int_row_acc_420' <Predicate = (icmp_ln290_15)> <Delay = 1.23> <CoreInst = "RAM_T2P_URAM">   --->   Core 99 'RAM_T2P_URAM' <Latency = 1> <II = 1> <Delay = 1.23> <Storage> <Opcode : 'load' 'store'> <Ports = 2> <Width = 16> <Depth = 7680> <RAM>
ST_4 : Operation 165 [1/2] (2.36ns)   --->   "%mul_ln297 = mul i32 %add_ln297, i32 %zext_ln184_cast" [../gen2/Hls_Layers_UpConv.tpp:297]   --->   Operation 165 'mul' 'mul_ln297' <Predicate = true> <Delay = 2.36> <CoreInst = "Multiplier">   --->   Core 3 'Multiplier' <Latency = 1> <II = 1> <Delay = 2.36> <FuncUnit> <Opcode : 'mul'> <InPorts = 2> <OutPorts = 1>

State 5 <SV = 4> <Delay = 1.76>
ST_5 : Operation 166 [1/2] (1.76ns)   --->   "%mean_w = sptohp i32 %mean_buf_load" [../gen2/Hls_Layers_UpConv.tpp:284]   --->   Operation 166 'sptohp' 'mean_w' <Predicate = true> <Delay = 1.76> <CoreInst = "Float2Half">   --->   Core 69 'Float2Half' <Latency = 1> <II = 1> <Delay = 1.76> <FuncUnit> <Opcode : 'sptohp'> <InPorts = 1> <OutPorts = 1>
ST_5 : Operation 167 [1/2] ( I:1.23ns O:1.23ns )   --->   "%void_UpConv_Fused_Row_ap_uint_ap_uint_const_ap_uint_const_ap_uint_const_ap_u_70 = load i13 %void_UpConv_Fused_Row_ap_uint_ap_uint_const_ap_uint_const_ap_uint_const_ap_u_60" [../gen2/Hls_Layers_UpConv.tpp:290]   --->   Operation 167 'load' 'void_UpConv_Fused_Row_ap_uint_ap_uint_const_ap_uint_const_ap_uint_const_ap_u_70' <Predicate = (icmp_ln290)> <Delay = 1.23> <CoreInst = "RAM_T2P_URAM">   --->   Core 99 'RAM_T2P_URAM' <Latency = 1> <II = 1> <Delay = 1.23> <Storage> <Opcode : 'load' 'store'> <Ports = 2> <Width = 16> <Depth = 7680> <RAM>
ST_5 : Operation 168 [1/2] ( I:1.23ns O:1.23ns )   --->   "%void_UpConv_Fused_Row_ap_uint_ap_uint_const_ap_uint_const_ap_uint_const_ap_u_71 = load i13 %void_UpConv_Fused_Row_ap_uint_ap_uint_const_ap_uint_const_ap_uint_const_ap_u_61" [../gen2/Hls_Layers_UpConv.tpp:290]   --->   Operation 168 'load' 'void_UpConv_Fused_Row_ap_uint_ap_uint_const_ap_uint_const_ap_uint_const_ap_u_71' <Predicate = (icmp_ln290_1)> <Delay = 1.23> <CoreInst = "RAM_T2P_URAM">   --->   Core 99 'RAM_T2P_URAM' <Latency = 1> <II = 1> <Delay = 1.23> <Storage> <Opcode : 'load' 'store'> <Ports = 2> <Width = 16> <Depth = 7680> <RAM>
ST_5 : Operation 169 [1/2] ( I:1.23ns O:1.23ns )   --->   "%void_UpConv_Fused_Row_ap_uint_ap_uint_const_ap_uint_const_ap_uint_const_ap_u_72 = load i13 %void_UpConv_Fused_Row_ap_uint_ap_uint_const_ap_uint_const_ap_uint_const_ap_u_62" [../gen2/Hls_Layers_UpConv.tpp:290]   --->   Operation 169 'load' 'void_UpConv_Fused_Row_ap_uint_ap_uint_const_ap_uint_const_ap_uint_const_ap_u_72' <Predicate = (icmp_ln290_2)> <Delay = 1.23> <CoreInst = "RAM_T2P_URAM">   --->   Core 99 'RAM_T2P_URAM' <Latency = 1> <II = 1> <Delay = 1.23> <Storage> <Opcode : 'load' 'store'> <Ports = 2> <Width = 16> <Depth = 7680> <RAM>
ST_5 : Operation 170 [1/2] ( I:1.23ns O:1.23ns )   --->   "%void_UpConv_Fused_Row_ap_uint_ap_uint_const_ap_uint_const_ap_uint_const_ap_u_73 = load i13 %void_UpConv_Fused_Row_ap_uint_ap_uint_const_ap_uint_const_ap_uint_const_ap_u_63" [../gen2/Hls_Layers_UpConv.tpp:290]   --->   Operation 170 'load' 'void_UpConv_Fused_Row_ap_uint_ap_uint_const_ap_uint_const_ap_uint_const_ap_u_73' <Predicate = (icmp_ln290_3)> <Delay = 1.23> <CoreInst = "RAM_T2P_URAM">   --->   Core 99 'RAM_T2P_URAM' <Latency = 1> <II = 1> <Delay = 1.23> <Storage> <Opcode : 'load' 'store'> <Ports = 2> <Width = 16> <Depth = 7680> <RAM>
ST_5 : Operation 171 [1/2] ( I:1.23ns O:1.23ns )   --->   "%void_UpConv_Fused_Row_ap_uint_ap_uint_const_ap_uint_const_ap_uint_const_ap_u_74 = load i13 %void_UpConv_Fused_Row_ap_uint_ap_uint_const_ap_uint_const_ap_uint_const_ap_u_64" [../gen2/Hls_Layers_UpConv.tpp:290]   --->   Operation 171 'load' 'void_UpConv_Fused_Row_ap_uint_ap_uint_const_ap_uint_const_ap_uint_const_ap_u_74' <Predicate = (icmp_ln290_4)> <Delay = 1.23> <CoreInst = "RAM_T2P_URAM">   --->   Core 99 'RAM_T2P_URAM' <Latency = 1> <II = 1> <Delay = 1.23> <Storage> <Opcode : 'load' 'store'> <Ports = 2> <Width = 16> <Depth = 7680> <RAM>
ST_5 : Operation 172 [1/2] ( I:1.23ns O:1.23ns )   --->   "%void_UpConv_Fused_Row_ap_uint_ap_uint_const_ap_uint_const_ap_uint_const_ap_u_75 = load i13 %void_UpConv_Fused_Row_ap_uint_ap_uint_const_ap_uint_const_ap_uint_const_ap_u_65" [../gen2/Hls_Layers_UpConv.tpp:290]   --->   Operation 172 'load' 'void_UpConv_Fused_Row_ap_uint_ap_uint_const_ap_uint_const_ap_uint_const_ap_u_75' <Predicate = (icmp_ln290_5)> <Delay = 1.23> <CoreInst = "RAM_T2P_URAM">   --->   Core 99 'RAM_T2P_URAM' <Latency = 1> <II = 1> <Delay = 1.23> <Storage> <Opcode : 'load' 'store'> <Ports = 2> <Width = 16> <Depth = 7680> <RAM>
ST_5 : Operation 173 [1/2] ( I:1.23ns O:1.23ns )   --->   "%void_UpConv_Fused_Row_ap_uint_ap_uint_const_ap_uint_const_ap_uint_const_ap_u_76 = load i13 %void_UpConv_Fused_Row_ap_uint_ap_uint_const_ap_uint_const_ap_uint_const_ap_u_66" [../gen2/Hls_Layers_UpConv.tpp:290]   --->   Operation 173 'load' 'void_UpConv_Fused_Row_ap_uint_ap_uint_const_ap_uint_const_ap_uint_const_ap_u_76' <Predicate = (icmp_ln290_6)> <Delay = 1.23> <CoreInst = "RAM_T2P_URAM">   --->   Core 99 'RAM_T2P_URAM' <Latency = 1> <II = 1> <Delay = 1.23> <Storage> <Opcode : 'load' 'store'> <Ports = 2> <Width = 16> <Depth = 7680> <RAM>
ST_5 : Operation 174 [1/2] ( I:1.23ns O:1.23ns )   --->   "%void_UpConv_Fused_Row_ap_uint_ap_uint_const_ap_uint_const_ap_uint_const_ap_u_77 = load i13 %void_UpConv_Fused_Row_ap_uint_ap_uint_const_ap_uint_const_ap_uint_const_ap_u_67" [../gen2/Hls_Layers_UpConv.tpp:290]   --->   Operation 174 'load' 'void_UpConv_Fused_Row_ap_uint_ap_uint_const_ap_uint_const_ap_uint_const_ap_u_77' <Predicate = (icmp_ln290_7)> <Delay = 1.23> <CoreInst = "RAM_T2P_URAM">   --->   Core 99 'RAM_T2P_URAM' <Latency = 1> <II = 1> <Delay = 1.23> <Storage> <Opcode : 'load' 'store'> <Ports = 2> <Width = 16> <Depth = 7680> <RAM>
ST_5 : Operation 175 [1/2] ( I:1.23ns O:1.23ns )   --->   "%void_UpConv_Fused_Row_ap_uint_ap_uint_const_ap_uint_const_ap_uint_const_ap_u_78 = load i13 %void_UpConv_Fused_Row_ap_uint_ap_uint_const_ap_uint_const_ap_uint_const_ap_u_68" [../gen2/Hls_Layers_UpConv.tpp:290]   --->   Operation 175 'load' 'void_UpConv_Fused_Row_ap_uint_ap_uint_const_ap_uint_const_ap_uint_const_ap_u_78' <Predicate = (icmp_ln290_8)> <Delay = 1.23> <CoreInst = "RAM_T2P_URAM">   --->   Core 99 'RAM_T2P_URAM' <Latency = 1> <II = 1> <Delay = 1.23> <Storage> <Opcode : 'load' 'store'> <Ports = 2> <Width = 16> <Depth = 7680> <RAM>
ST_5 : Operation 176 [1/2] ( I:1.23ns O:1.23ns )   --->   "%void_UpConv_Fused_Row_ap_uint_ap_uint_const_ap_uint_const_ap_uint_const_ap_u_79 = load i13 %void_UpConv_Fused_Row_ap_uint_ap_uint_const_ap_uint_const_ap_uint_const_ap_u_69" [../gen2/Hls_Layers_UpConv.tpp:290]   --->   Operation 176 'load' 'void_UpConv_Fused_Row_ap_uint_ap_uint_const_ap_uint_const_ap_uint_const_ap_u_79' <Predicate = (icmp_ln290_9)> <Delay = 1.23> <CoreInst = "RAM_T2P_URAM">   --->   Core 99 'RAM_T2P_URAM' <Latency = 1> <II = 1> <Delay = 1.23> <Storage> <Opcode : 'load' 'store'> <Ports = 2> <Width = 16> <Depth = 7680> <RAM>
ST_5 : Operation 177 [1/2] ( I:1.23ns O:1.23ns )   --->   "%void_UpConv_Fused_Row_8_ap_uint_256_ap_uint_256_const_ap_uint_256_const_ap_uint_256_const_ap_uint_256_const_ap_uint_256_decimal16_int_int_int_int_int_row_acc_415 = load i13 %void_UpConv_Fused_Row_8_ap_uint_256_ap_uint_256_const_ap_uint_256_const_ap_uint_256_const_ap_uint_256_const_ap_uint_256_decimal16_int_int_int_int_int_row_acc" [../gen2/Hls_Layers_UpConv.tpp:290]   --->   Operation 177 'load' 'void_UpConv_Fused_Row_8_ap_uint_256_ap_uint_256_const_ap_uint_256_const_ap_uint_256_const_ap_uint_256_const_ap_uint_256_decimal16_int_int_int_int_int_row_acc_415' <Predicate = (icmp_ln290_10)> <Delay = 1.23> <CoreInst = "RAM_T2P_URAM">   --->   Core 99 'RAM_T2P_URAM' <Latency = 1> <II = 1> <Delay = 1.23> <Storage> <Opcode : 'load' 'store'> <Ports = 2> <Width = 16> <Depth = 7680> <RAM>
ST_5 : Operation 178 [1/2] ( I:1.23ns O:1.23ns )   --->   "%void_UpConv_Fused_Row_8_ap_uint_256_ap_uint_256_const_ap_uint_256_const_ap_uint_256_const_ap_uint_256_const_ap_uint_256_decimal16_int_int_int_int_int_row_acc_416 = load i13 %void_UpConv_Fused_Row_8_ap_uint_256_ap_uint_256_const_ap_uint_256_const_ap_uint_256_const_ap_uint_256_const_ap_uint_256_decimal16_int_int_int_int_int_row_acc_410" [../gen2/Hls_Layers_UpConv.tpp:290]   --->   Operation 178 'load' 'void_UpConv_Fused_Row_8_ap_uint_256_ap_uint_256_const_ap_uint_256_const_ap_uint_256_const_ap_uint_256_const_ap_uint_256_decimal16_int_int_int_int_int_row_acc_416' <Predicate = (icmp_ln290_11)> <Delay = 1.23> <CoreInst = "RAM_T2P_URAM">   --->   Core 99 'RAM_T2P_URAM' <Latency = 1> <II = 1> <Delay = 1.23> <Storage> <Opcode : 'load' 'store'> <Ports = 2> <Width = 16> <Depth = 7680> <RAM>
ST_5 : Operation 179 [1/2] ( I:1.23ns O:1.23ns )   --->   "%void_UpConv_Fused_Row_8_ap_uint_256_ap_uint_256_const_ap_uint_256_const_ap_uint_256_const_ap_uint_256_const_ap_uint_256_decimal16_int_int_int_int_int_row_acc_417 = load i13 %void_UpConv_Fused_Row_8_ap_uint_256_ap_uint_256_const_ap_uint_256_const_ap_uint_256_const_ap_uint_256_const_ap_uint_256_decimal16_int_int_int_int_int_row_acc_411" [../gen2/Hls_Layers_UpConv.tpp:290]   --->   Operation 179 'load' 'void_UpConv_Fused_Row_8_ap_uint_256_ap_uint_256_const_ap_uint_256_const_ap_uint_256_const_ap_uint_256_const_ap_uint_256_decimal16_int_int_int_int_int_row_acc_417' <Predicate = (icmp_ln290_12)> <Delay = 1.23> <CoreInst = "RAM_T2P_URAM">   --->   Core 99 'RAM_T2P_URAM' <Latency = 1> <II = 1> <Delay = 1.23> <Storage> <Opcode : 'load' 'store'> <Ports = 2> <Width = 16> <Depth = 7680> <RAM>
ST_5 : Operation 180 [1/2] ( I:1.23ns O:1.23ns )   --->   "%void_UpConv_Fused_Row_8_ap_uint_256_ap_uint_256_const_ap_uint_256_const_ap_uint_256_const_ap_uint_256_const_ap_uint_256_decimal16_int_int_int_int_int_row_acc_418 = load i13 %void_UpConv_Fused_Row_8_ap_uint_256_ap_uint_256_const_ap_uint_256_const_ap_uint_256_const_ap_uint_256_const_ap_uint_256_decimal16_int_int_int_int_int_row_acc_412" [../gen2/Hls_Layers_UpConv.tpp:290]   --->   Operation 180 'load' 'void_UpConv_Fused_Row_8_ap_uint_256_ap_uint_256_const_ap_uint_256_const_ap_uint_256_const_ap_uint_256_const_ap_uint_256_decimal16_int_int_int_int_int_row_acc_418' <Predicate = (icmp_ln290_13)> <Delay = 1.23> <CoreInst = "RAM_T2P_URAM">   --->   Core 99 'RAM_T2P_URAM' <Latency = 1> <II = 1> <Delay = 1.23> <Storage> <Opcode : 'load' 'store'> <Ports = 2> <Width = 16> <Depth = 7680> <RAM>
ST_5 : Operation 181 [1/2] ( I:1.23ns O:1.23ns )   --->   "%void_UpConv_Fused_Row_8_ap_uint_256_ap_uint_256_const_ap_uint_256_const_ap_uint_256_const_ap_uint_256_const_ap_uint_256_decimal16_int_int_int_int_int_row_acc_419 = load i13 %void_UpConv_Fused_Row_8_ap_uint_256_ap_uint_256_const_ap_uint_256_const_ap_uint_256_const_ap_uint_256_const_ap_uint_256_decimal16_int_int_int_int_int_row_acc_413" [../gen2/Hls_Layers_UpConv.tpp:290]   --->   Operation 181 'load' 'void_UpConv_Fused_Row_8_ap_uint_256_ap_uint_256_const_ap_uint_256_const_ap_uint_256_const_ap_uint_256_const_ap_uint_256_decimal16_int_int_int_int_int_row_acc_419' <Predicate = (icmp_ln290_14)> <Delay = 1.23> <CoreInst = "RAM_T2P_URAM">   --->   Core 99 'RAM_T2P_URAM' <Latency = 1> <II = 1> <Delay = 1.23> <Storage> <Opcode : 'load' 'store'> <Ports = 2> <Width = 16> <Depth = 7680> <RAM>
ST_5 : Operation 182 [1/2] ( I:1.23ns O:1.23ns )   --->   "%void_UpConv_Fused_Row_8_ap_uint_256_ap_uint_256_const_ap_uint_256_const_ap_uint_256_const_ap_uint_256_const_ap_uint_256_decimal16_int_int_int_int_int_row_acc_420 = load i13 %void_UpConv_Fused_Row_8_ap_uint_256_ap_uint_256_const_ap_uint_256_const_ap_uint_256_const_ap_uint_256_const_ap_uint_256_decimal16_int_int_int_int_int_row_acc_414" [../gen2/Hls_Layers_UpConv.tpp:290]   --->   Operation 182 'load' 'void_UpConv_Fused_Row_8_ap_uint_256_ap_uint_256_const_ap_uint_256_const_ap_uint_256_const_ap_uint_256_const_ap_uint_256_decimal16_int_int_int_int_int_row_acc_420' <Predicate = (icmp_ln290_15)> <Delay = 1.23> <CoreInst = "RAM_T2P_URAM">   --->   Core 99 'RAM_T2P_URAM' <Latency = 1> <II = 1> <Delay = 1.23> <Storage> <Opcode : 'load' 'store'> <Ports = 2> <Width = 16> <Depth = 7680> <RAM>
ST_5 : Operation 183 [1/1] (1.01ns)   --->   "%add_ln297_1 = add i32 %mul_ln297, i32 %cwn_load" [../gen2/Hls_Layers_UpConv.tpp:297]   --->   Operation 183 'add' 'add_ln297_1' <Predicate = true> <Delay = 1.01> <CoreInst = "Adder">   --->   Core 1 'Adder' <Latency = 0> <II = 1> <Delay = 1.01> <FuncUnit> <Opcode : 'add' 'sub'> <InPorts = 2> <OutPorts = 1>

State 6 <SV = 5> <Delay = 2.33>
ST_6 : Operation 184 [5/5] (2.33ns)   --->   "%sub = hsub i16 %void_UpConv_Fused_Row_ap_uint_ap_uint_const_ap_uint_const_ap_uint_const_ap_u_70, i16 %mean_w" [../gen2/Hls_Layers_UpConv.tpp:293]   --->   Operation 184 'hsub' 'sub' <Predicate = (icmp_ln290)> <Delay = 2.33> <CoreInst = "HAddSub_fulldsp">   --->   Core 55 'HAddSub_fulldsp' <Latency = 4> <II = 1> <Delay = 2.33> <FuncUnit> <Opcode : 'hadd' 'hsub'> <InPorts = 2> <OutPorts = 1>
ST_6 : Operation 185 [5/5] (2.33ns)   --->   "%sub168_1 = hsub i16 %void_UpConv_Fused_Row_ap_uint_ap_uint_const_ap_uint_const_ap_uint_const_ap_u_71, i16 %mean_w" [../gen2/Hls_Layers_UpConv.tpp:293]   --->   Operation 185 'hsub' 'sub168_1' <Predicate = (icmp_ln290_1)> <Delay = 2.33> <CoreInst = "HAddSub_fulldsp">   --->   Core 55 'HAddSub_fulldsp' <Latency = 4> <II = 1> <Delay = 2.33> <FuncUnit> <Opcode : 'hadd' 'hsub'> <InPorts = 2> <OutPorts = 1>
ST_6 : Operation 186 [5/5] (2.33ns)   --->   "%sub168_2 = hsub i16 %void_UpConv_Fused_Row_ap_uint_ap_uint_const_ap_uint_const_ap_uint_const_ap_u_72, i16 %mean_w" [../gen2/Hls_Layers_UpConv.tpp:293]   --->   Operation 186 'hsub' 'sub168_2' <Predicate = (icmp_ln290_2)> <Delay = 2.33> <CoreInst = "HAddSub_fulldsp">   --->   Core 55 'HAddSub_fulldsp' <Latency = 4> <II = 1> <Delay = 2.33> <FuncUnit> <Opcode : 'hadd' 'hsub'> <InPorts = 2> <OutPorts = 1>
ST_6 : Operation 187 [5/5] (2.33ns)   --->   "%sub168_3 = hsub i16 %void_UpConv_Fused_Row_ap_uint_ap_uint_const_ap_uint_const_ap_uint_const_ap_u_73, i16 %mean_w" [../gen2/Hls_Layers_UpConv.tpp:293]   --->   Operation 187 'hsub' 'sub168_3' <Predicate = (icmp_ln290_3)> <Delay = 2.33> <CoreInst = "HAddSub_fulldsp">   --->   Core 55 'HAddSub_fulldsp' <Latency = 4> <II = 1> <Delay = 2.33> <FuncUnit> <Opcode : 'hadd' 'hsub'> <InPorts = 2> <OutPorts = 1>
ST_6 : Operation 188 [5/5] (2.33ns)   --->   "%sub168_4 = hsub i16 %void_UpConv_Fused_Row_ap_uint_ap_uint_const_ap_uint_const_ap_uint_const_ap_u_74, i16 %mean_w" [../gen2/Hls_Layers_UpConv.tpp:293]   --->   Operation 188 'hsub' 'sub168_4' <Predicate = (icmp_ln290_4)> <Delay = 2.33> <CoreInst = "HAddSub_fulldsp">   --->   Core 55 'HAddSub_fulldsp' <Latency = 4> <II = 1> <Delay = 2.33> <FuncUnit> <Opcode : 'hadd' 'hsub'> <InPorts = 2> <OutPorts = 1>
ST_6 : Operation 189 [5/5] (2.33ns)   --->   "%sub168_5 = hsub i16 %void_UpConv_Fused_Row_ap_uint_ap_uint_const_ap_uint_const_ap_uint_const_ap_u_75, i16 %mean_w" [../gen2/Hls_Layers_UpConv.tpp:293]   --->   Operation 189 'hsub' 'sub168_5' <Predicate = (icmp_ln290_5)> <Delay = 2.33> <CoreInst = "HAddSub_fulldsp">   --->   Core 55 'HAddSub_fulldsp' <Latency = 4> <II = 1> <Delay = 2.33> <FuncUnit> <Opcode : 'hadd' 'hsub'> <InPorts = 2> <OutPorts = 1>
ST_6 : Operation 190 [5/5] (2.33ns)   --->   "%sub168_6 = hsub i16 %void_UpConv_Fused_Row_ap_uint_ap_uint_const_ap_uint_const_ap_uint_const_ap_u_76, i16 %mean_w" [../gen2/Hls_Layers_UpConv.tpp:293]   --->   Operation 190 'hsub' 'sub168_6' <Predicate = (icmp_ln290_6)> <Delay = 2.33> <CoreInst = "HAddSub_fulldsp">   --->   Core 55 'HAddSub_fulldsp' <Latency = 4> <II = 1> <Delay = 2.33> <FuncUnit> <Opcode : 'hadd' 'hsub'> <InPorts = 2> <OutPorts = 1>
ST_6 : Operation 191 [5/5] (2.33ns)   --->   "%sub168_7 = hsub i16 %void_UpConv_Fused_Row_ap_uint_ap_uint_const_ap_uint_const_ap_uint_const_ap_u_77, i16 %mean_w" [../gen2/Hls_Layers_UpConv.tpp:293]   --->   Operation 191 'hsub' 'sub168_7' <Predicate = (icmp_ln290_7)> <Delay = 2.33> <CoreInst = "HAddSub_fulldsp">   --->   Core 55 'HAddSub_fulldsp' <Latency = 4> <II = 1> <Delay = 2.33> <FuncUnit> <Opcode : 'hadd' 'hsub'> <InPorts = 2> <OutPorts = 1>
ST_6 : Operation 192 [5/5] (2.33ns)   --->   "%sub168_8 = hsub i16 %void_UpConv_Fused_Row_ap_uint_ap_uint_const_ap_uint_const_ap_uint_const_ap_u_78, i16 %mean_w" [../gen2/Hls_Layers_UpConv.tpp:293]   --->   Operation 192 'hsub' 'sub168_8' <Predicate = (icmp_ln290_8)> <Delay = 2.33> <CoreInst = "HAddSub_fulldsp">   --->   Core 55 'HAddSub_fulldsp' <Latency = 4> <II = 1> <Delay = 2.33> <FuncUnit> <Opcode : 'hadd' 'hsub'> <InPorts = 2> <OutPorts = 1>
ST_6 : Operation 193 [5/5] (2.33ns)   --->   "%sub168_9 = hsub i16 %void_UpConv_Fused_Row_ap_uint_ap_uint_const_ap_uint_const_ap_uint_const_ap_u_79, i16 %mean_w" [../gen2/Hls_Layers_UpConv.tpp:293]   --->   Operation 193 'hsub' 'sub168_9' <Predicate = (icmp_ln290_9)> <Delay = 2.33> <CoreInst = "HAddSub_fulldsp">   --->   Core 55 'HAddSub_fulldsp' <Latency = 4> <II = 1> <Delay = 2.33> <FuncUnit> <Opcode : 'hadd' 'hsub'> <InPorts = 2> <OutPorts = 1>
ST_6 : Operation 194 [5/5] (2.33ns)   --->   "%sub168_s = hsub i16 %void_UpConv_Fused_Row_8_ap_uint_256_ap_uint_256_const_ap_uint_256_const_ap_uint_256_const_ap_uint_256_const_ap_uint_256_decimal16_int_int_int_int_int_row_acc_415, i16 %mean_w" [../gen2/Hls_Layers_UpConv.tpp:293]   --->   Operation 194 'hsub' 'sub168_s' <Predicate = (icmp_ln290_10)> <Delay = 2.33> <CoreInst = "HAddSub_fulldsp">   --->   Core 55 'HAddSub_fulldsp' <Latency = 4> <II = 1> <Delay = 2.33> <FuncUnit> <Opcode : 'hadd' 'hsub'> <InPorts = 2> <OutPorts = 1>
ST_6 : Operation 195 [5/5] (2.33ns)   --->   "%sub168_10 = hsub i16 %void_UpConv_Fused_Row_8_ap_uint_256_ap_uint_256_const_ap_uint_256_const_ap_uint_256_const_ap_uint_256_const_ap_uint_256_decimal16_int_int_int_int_int_row_acc_416, i16 %mean_w" [../gen2/Hls_Layers_UpConv.tpp:293]   --->   Operation 195 'hsub' 'sub168_10' <Predicate = (icmp_ln290_11)> <Delay = 2.33> <CoreInst = "HAddSub_fulldsp">   --->   Core 55 'HAddSub_fulldsp' <Latency = 4> <II = 1> <Delay = 2.33> <FuncUnit> <Opcode : 'hadd' 'hsub'> <InPorts = 2> <OutPorts = 1>
ST_6 : Operation 196 [5/5] (2.33ns)   --->   "%sub168_11 = hsub i16 %void_UpConv_Fused_Row_8_ap_uint_256_ap_uint_256_const_ap_uint_256_const_ap_uint_256_const_ap_uint_256_const_ap_uint_256_decimal16_int_int_int_int_int_row_acc_417, i16 %mean_w" [../gen2/Hls_Layers_UpConv.tpp:293]   --->   Operation 196 'hsub' 'sub168_11' <Predicate = (icmp_ln290_12)> <Delay = 2.33> <CoreInst = "HAddSub_fulldsp">   --->   Core 55 'HAddSub_fulldsp' <Latency = 4> <II = 1> <Delay = 2.33> <FuncUnit> <Opcode : 'hadd' 'hsub'> <InPorts = 2> <OutPorts = 1>
ST_6 : Operation 197 [5/5] (2.33ns)   --->   "%sub168_12 = hsub i16 %void_UpConv_Fused_Row_8_ap_uint_256_ap_uint_256_const_ap_uint_256_const_ap_uint_256_const_ap_uint_256_const_ap_uint_256_decimal16_int_int_int_int_int_row_acc_418, i16 %mean_w" [../gen2/Hls_Layers_UpConv.tpp:293]   --->   Operation 197 'hsub' 'sub168_12' <Predicate = (icmp_ln290_13)> <Delay = 2.33> <CoreInst = "HAddSub_fulldsp">   --->   Core 55 'HAddSub_fulldsp' <Latency = 4> <II = 1> <Delay = 2.33> <FuncUnit> <Opcode : 'hadd' 'hsub'> <InPorts = 2> <OutPorts = 1>
ST_6 : Operation 198 [5/5] (2.33ns)   --->   "%sub168_13 = hsub i16 %void_UpConv_Fused_Row_8_ap_uint_256_ap_uint_256_const_ap_uint_256_const_ap_uint_256_const_ap_uint_256_const_ap_uint_256_decimal16_int_int_int_int_int_row_acc_419, i16 %mean_w" [../gen2/Hls_Layers_UpConv.tpp:293]   --->   Operation 198 'hsub' 'sub168_13' <Predicate = (icmp_ln290_14)> <Delay = 2.33> <CoreInst = "HAddSub_fulldsp">   --->   Core 55 'HAddSub_fulldsp' <Latency = 4> <II = 1> <Delay = 2.33> <FuncUnit> <Opcode : 'hadd' 'hsub'> <InPorts = 2> <OutPorts = 1>
ST_6 : Operation 199 [5/5] (2.33ns)   --->   "%sub168_14 = hsub i16 %void_UpConv_Fused_Row_8_ap_uint_256_ap_uint_256_const_ap_uint_256_const_ap_uint_256_const_ap_uint_256_const_ap_uint_256_decimal16_int_int_int_int_int_row_acc_420, i16 %mean_w" [../gen2/Hls_Layers_UpConv.tpp:293]   --->   Operation 199 'hsub' 'sub168_14' <Predicate = (icmp_ln290_15)> <Delay = 2.33> <CoreInst = "HAddSub_fulldsp">   --->   Core 55 'HAddSub_fulldsp' <Latency = 4> <II = 1> <Delay = 2.33> <FuncUnit> <Opcode : 'hadd' 'hsub'> <InPorts = 2> <OutPorts = 1>

State 7 <SV = 6> <Delay = 2.33>
ST_7 : Operation 200 [4/5] (2.33ns)   --->   "%sub = hsub i16 %void_UpConv_Fused_Row_ap_uint_ap_uint_const_ap_uint_const_ap_uint_const_ap_u_70, i16 %mean_w" [../gen2/Hls_Layers_UpConv.tpp:293]   --->   Operation 200 'hsub' 'sub' <Predicate = (icmp_ln290)> <Delay = 2.33> <CoreInst = "HAddSub_fulldsp">   --->   Core 55 'HAddSub_fulldsp' <Latency = 4> <II = 1> <Delay = 2.33> <FuncUnit> <Opcode : 'hadd' 'hsub'> <InPorts = 2> <OutPorts = 1>
ST_7 : Operation 201 [4/5] (2.33ns)   --->   "%sub168_1 = hsub i16 %void_UpConv_Fused_Row_ap_uint_ap_uint_const_ap_uint_const_ap_uint_const_ap_u_71, i16 %mean_w" [../gen2/Hls_Layers_UpConv.tpp:293]   --->   Operation 201 'hsub' 'sub168_1' <Predicate = (icmp_ln290_1)> <Delay = 2.33> <CoreInst = "HAddSub_fulldsp">   --->   Core 55 'HAddSub_fulldsp' <Latency = 4> <II = 1> <Delay = 2.33> <FuncUnit> <Opcode : 'hadd' 'hsub'> <InPorts = 2> <OutPorts = 1>
ST_7 : Operation 202 [4/5] (2.33ns)   --->   "%sub168_2 = hsub i16 %void_UpConv_Fused_Row_ap_uint_ap_uint_const_ap_uint_const_ap_uint_const_ap_u_72, i16 %mean_w" [../gen2/Hls_Layers_UpConv.tpp:293]   --->   Operation 202 'hsub' 'sub168_2' <Predicate = (icmp_ln290_2)> <Delay = 2.33> <CoreInst = "HAddSub_fulldsp">   --->   Core 55 'HAddSub_fulldsp' <Latency = 4> <II = 1> <Delay = 2.33> <FuncUnit> <Opcode : 'hadd' 'hsub'> <InPorts = 2> <OutPorts = 1>
ST_7 : Operation 203 [4/5] (2.33ns)   --->   "%sub168_3 = hsub i16 %void_UpConv_Fused_Row_ap_uint_ap_uint_const_ap_uint_const_ap_uint_const_ap_u_73, i16 %mean_w" [../gen2/Hls_Layers_UpConv.tpp:293]   --->   Operation 203 'hsub' 'sub168_3' <Predicate = (icmp_ln290_3)> <Delay = 2.33> <CoreInst = "HAddSub_fulldsp">   --->   Core 55 'HAddSub_fulldsp' <Latency = 4> <II = 1> <Delay = 2.33> <FuncUnit> <Opcode : 'hadd' 'hsub'> <InPorts = 2> <OutPorts = 1>
ST_7 : Operation 204 [4/5] (2.33ns)   --->   "%sub168_4 = hsub i16 %void_UpConv_Fused_Row_ap_uint_ap_uint_const_ap_uint_const_ap_uint_const_ap_u_74, i16 %mean_w" [../gen2/Hls_Layers_UpConv.tpp:293]   --->   Operation 204 'hsub' 'sub168_4' <Predicate = (icmp_ln290_4)> <Delay = 2.33> <CoreInst = "HAddSub_fulldsp">   --->   Core 55 'HAddSub_fulldsp' <Latency = 4> <II = 1> <Delay = 2.33> <FuncUnit> <Opcode : 'hadd' 'hsub'> <InPorts = 2> <OutPorts = 1>
ST_7 : Operation 205 [4/5] (2.33ns)   --->   "%sub168_5 = hsub i16 %void_UpConv_Fused_Row_ap_uint_ap_uint_const_ap_uint_const_ap_uint_const_ap_u_75, i16 %mean_w" [../gen2/Hls_Layers_UpConv.tpp:293]   --->   Operation 205 'hsub' 'sub168_5' <Predicate = (icmp_ln290_5)> <Delay = 2.33> <CoreInst = "HAddSub_fulldsp">   --->   Core 55 'HAddSub_fulldsp' <Latency = 4> <II = 1> <Delay = 2.33> <FuncUnit> <Opcode : 'hadd' 'hsub'> <InPorts = 2> <OutPorts = 1>
ST_7 : Operation 206 [4/5] (2.33ns)   --->   "%sub168_6 = hsub i16 %void_UpConv_Fused_Row_ap_uint_ap_uint_const_ap_uint_const_ap_uint_const_ap_u_76, i16 %mean_w" [../gen2/Hls_Layers_UpConv.tpp:293]   --->   Operation 206 'hsub' 'sub168_6' <Predicate = (icmp_ln290_6)> <Delay = 2.33> <CoreInst = "HAddSub_fulldsp">   --->   Core 55 'HAddSub_fulldsp' <Latency = 4> <II = 1> <Delay = 2.33> <FuncUnit> <Opcode : 'hadd' 'hsub'> <InPorts = 2> <OutPorts = 1>
ST_7 : Operation 207 [4/5] (2.33ns)   --->   "%sub168_7 = hsub i16 %void_UpConv_Fused_Row_ap_uint_ap_uint_const_ap_uint_const_ap_uint_const_ap_u_77, i16 %mean_w" [../gen2/Hls_Layers_UpConv.tpp:293]   --->   Operation 207 'hsub' 'sub168_7' <Predicate = (icmp_ln290_7)> <Delay = 2.33> <CoreInst = "HAddSub_fulldsp">   --->   Core 55 'HAddSub_fulldsp' <Latency = 4> <II = 1> <Delay = 2.33> <FuncUnit> <Opcode : 'hadd' 'hsub'> <InPorts = 2> <OutPorts = 1>
ST_7 : Operation 208 [4/5] (2.33ns)   --->   "%sub168_8 = hsub i16 %void_UpConv_Fused_Row_ap_uint_ap_uint_const_ap_uint_const_ap_uint_const_ap_u_78, i16 %mean_w" [../gen2/Hls_Layers_UpConv.tpp:293]   --->   Operation 208 'hsub' 'sub168_8' <Predicate = (icmp_ln290_8)> <Delay = 2.33> <CoreInst = "HAddSub_fulldsp">   --->   Core 55 'HAddSub_fulldsp' <Latency = 4> <II = 1> <Delay = 2.33> <FuncUnit> <Opcode : 'hadd' 'hsub'> <InPorts = 2> <OutPorts = 1>
ST_7 : Operation 209 [4/5] (2.33ns)   --->   "%sub168_9 = hsub i16 %void_UpConv_Fused_Row_ap_uint_ap_uint_const_ap_uint_const_ap_uint_const_ap_u_79, i16 %mean_w" [../gen2/Hls_Layers_UpConv.tpp:293]   --->   Operation 209 'hsub' 'sub168_9' <Predicate = (icmp_ln290_9)> <Delay = 2.33> <CoreInst = "HAddSub_fulldsp">   --->   Core 55 'HAddSub_fulldsp' <Latency = 4> <II = 1> <Delay = 2.33> <FuncUnit> <Opcode : 'hadd' 'hsub'> <InPorts = 2> <OutPorts = 1>
ST_7 : Operation 210 [4/5] (2.33ns)   --->   "%sub168_s = hsub i16 %void_UpConv_Fused_Row_8_ap_uint_256_ap_uint_256_const_ap_uint_256_const_ap_uint_256_const_ap_uint_256_const_ap_uint_256_decimal16_int_int_int_int_int_row_acc_415, i16 %mean_w" [../gen2/Hls_Layers_UpConv.tpp:293]   --->   Operation 210 'hsub' 'sub168_s' <Predicate = (icmp_ln290_10)> <Delay = 2.33> <CoreInst = "HAddSub_fulldsp">   --->   Core 55 'HAddSub_fulldsp' <Latency = 4> <II = 1> <Delay = 2.33> <FuncUnit> <Opcode : 'hadd' 'hsub'> <InPorts = 2> <OutPorts = 1>
ST_7 : Operation 211 [4/5] (2.33ns)   --->   "%sub168_10 = hsub i16 %void_UpConv_Fused_Row_8_ap_uint_256_ap_uint_256_const_ap_uint_256_const_ap_uint_256_const_ap_uint_256_const_ap_uint_256_decimal16_int_int_int_int_int_row_acc_416, i16 %mean_w" [../gen2/Hls_Layers_UpConv.tpp:293]   --->   Operation 211 'hsub' 'sub168_10' <Predicate = (icmp_ln290_11)> <Delay = 2.33> <CoreInst = "HAddSub_fulldsp">   --->   Core 55 'HAddSub_fulldsp' <Latency = 4> <II = 1> <Delay = 2.33> <FuncUnit> <Opcode : 'hadd' 'hsub'> <InPorts = 2> <OutPorts = 1>
ST_7 : Operation 212 [4/5] (2.33ns)   --->   "%sub168_11 = hsub i16 %void_UpConv_Fused_Row_8_ap_uint_256_ap_uint_256_const_ap_uint_256_const_ap_uint_256_const_ap_uint_256_const_ap_uint_256_decimal16_int_int_int_int_int_row_acc_417, i16 %mean_w" [../gen2/Hls_Layers_UpConv.tpp:293]   --->   Operation 212 'hsub' 'sub168_11' <Predicate = (icmp_ln290_12)> <Delay = 2.33> <CoreInst = "HAddSub_fulldsp">   --->   Core 55 'HAddSub_fulldsp' <Latency = 4> <II = 1> <Delay = 2.33> <FuncUnit> <Opcode : 'hadd' 'hsub'> <InPorts = 2> <OutPorts = 1>
ST_7 : Operation 213 [4/5] (2.33ns)   --->   "%sub168_12 = hsub i16 %void_UpConv_Fused_Row_8_ap_uint_256_ap_uint_256_const_ap_uint_256_const_ap_uint_256_const_ap_uint_256_const_ap_uint_256_decimal16_int_int_int_int_int_row_acc_418, i16 %mean_w" [../gen2/Hls_Layers_UpConv.tpp:293]   --->   Operation 213 'hsub' 'sub168_12' <Predicate = (icmp_ln290_13)> <Delay = 2.33> <CoreInst = "HAddSub_fulldsp">   --->   Core 55 'HAddSub_fulldsp' <Latency = 4> <II = 1> <Delay = 2.33> <FuncUnit> <Opcode : 'hadd' 'hsub'> <InPorts = 2> <OutPorts = 1>
ST_7 : Operation 214 [4/5] (2.33ns)   --->   "%sub168_13 = hsub i16 %void_UpConv_Fused_Row_8_ap_uint_256_ap_uint_256_const_ap_uint_256_const_ap_uint_256_const_ap_uint_256_const_ap_uint_256_decimal16_int_int_int_int_int_row_acc_419, i16 %mean_w" [../gen2/Hls_Layers_UpConv.tpp:293]   --->   Operation 214 'hsub' 'sub168_13' <Predicate = (icmp_ln290_14)> <Delay = 2.33> <CoreInst = "HAddSub_fulldsp">   --->   Core 55 'HAddSub_fulldsp' <Latency = 4> <II = 1> <Delay = 2.33> <FuncUnit> <Opcode : 'hadd' 'hsub'> <InPorts = 2> <OutPorts = 1>
ST_7 : Operation 215 [4/5] (2.33ns)   --->   "%sub168_14 = hsub i16 %void_UpConv_Fused_Row_8_ap_uint_256_ap_uint_256_const_ap_uint_256_const_ap_uint_256_const_ap_uint_256_const_ap_uint_256_decimal16_int_int_int_int_int_row_acc_420, i16 %mean_w" [../gen2/Hls_Layers_UpConv.tpp:293]   --->   Operation 215 'hsub' 'sub168_14' <Predicate = (icmp_ln290_15)> <Delay = 2.33> <CoreInst = "HAddSub_fulldsp">   --->   Core 55 'HAddSub_fulldsp' <Latency = 4> <II = 1> <Delay = 2.33> <FuncUnit> <Opcode : 'hadd' 'hsub'> <InPorts = 2> <OutPorts = 1>

State 8 <SV = 7> <Delay = 2.33>
ST_8 : Operation 216 [3/5] (2.33ns)   --->   "%sub = hsub i16 %void_UpConv_Fused_Row_ap_uint_ap_uint_const_ap_uint_const_ap_uint_const_ap_u_70, i16 %mean_w" [../gen2/Hls_Layers_UpConv.tpp:293]   --->   Operation 216 'hsub' 'sub' <Predicate = (icmp_ln290)> <Delay = 2.33> <CoreInst = "HAddSub_fulldsp">   --->   Core 55 'HAddSub_fulldsp' <Latency = 4> <II = 1> <Delay = 2.33> <FuncUnit> <Opcode : 'hadd' 'hsub'> <InPorts = 2> <OutPorts = 1>
ST_8 : Operation 217 [3/5] (2.33ns)   --->   "%sub168_1 = hsub i16 %void_UpConv_Fused_Row_ap_uint_ap_uint_const_ap_uint_const_ap_uint_const_ap_u_71, i16 %mean_w" [../gen2/Hls_Layers_UpConv.tpp:293]   --->   Operation 217 'hsub' 'sub168_1' <Predicate = (icmp_ln290_1)> <Delay = 2.33> <CoreInst = "HAddSub_fulldsp">   --->   Core 55 'HAddSub_fulldsp' <Latency = 4> <II = 1> <Delay = 2.33> <FuncUnit> <Opcode : 'hadd' 'hsub'> <InPorts = 2> <OutPorts = 1>
ST_8 : Operation 218 [3/5] (2.33ns)   --->   "%sub168_2 = hsub i16 %void_UpConv_Fused_Row_ap_uint_ap_uint_const_ap_uint_const_ap_uint_const_ap_u_72, i16 %mean_w" [../gen2/Hls_Layers_UpConv.tpp:293]   --->   Operation 218 'hsub' 'sub168_2' <Predicate = (icmp_ln290_2)> <Delay = 2.33> <CoreInst = "HAddSub_fulldsp">   --->   Core 55 'HAddSub_fulldsp' <Latency = 4> <II = 1> <Delay = 2.33> <FuncUnit> <Opcode : 'hadd' 'hsub'> <InPorts = 2> <OutPorts = 1>
ST_8 : Operation 219 [3/5] (2.33ns)   --->   "%sub168_3 = hsub i16 %void_UpConv_Fused_Row_ap_uint_ap_uint_const_ap_uint_const_ap_uint_const_ap_u_73, i16 %mean_w" [../gen2/Hls_Layers_UpConv.tpp:293]   --->   Operation 219 'hsub' 'sub168_3' <Predicate = (icmp_ln290_3)> <Delay = 2.33> <CoreInst = "HAddSub_fulldsp">   --->   Core 55 'HAddSub_fulldsp' <Latency = 4> <II = 1> <Delay = 2.33> <FuncUnit> <Opcode : 'hadd' 'hsub'> <InPorts = 2> <OutPorts = 1>
ST_8 : Operation 220 [3/5] (2.33ns)   --->   "%sub168_4 = hsub i16 %void_UpConv_Fused_Row_ap_uint_ap_uint_const_ap_uint_const_ap_uint_const_ap_u_74, i16 %mean_w" [../gen2/Hls_Layers_UpConv.tpp:293]   --->   Operation 220 'hsub' 'sub168_4' <Predicate = (icmp_ln290_4)> <Delay = 2.33> <CoreInst = "HAddSub_fulldsp">   --->   Core 55 'HAddSub_fulldsp' <Latency = 4> <II = 1> <Delay = 2.33> <FuncUnit> <Opcode : 'hadd' 'hsub'> <InPorts = 2> <OutPorts = 1>
ST_8 : Operation 221 [3/5] (2.33ns)   --->   "%sub168_5 = hsub i16 %void_UpConv_Fused_Row_ap_uint_ap_uint_const_ap_uint_const_ap_uint_const_ap_u_75, i16 %mean_w" [../gen2/Hls_Layers_UpConv.tpp:293]   --->   Operation 221 'hsub' 'sub168_5' <Predicate = (icmp_ln290_5)> <Delay = 2.33> <CoreInst = "HAddSub_fulldsp">   --->   Core 55 'HAddSub_fulldsp' <Latency = 4> <II = 1> <Delay = 2.33> <FuncUnit> <Opcode : 'hadd' 'hsub'> <InPorts = 2> <OutPorts = 1>
ST_8 : Operation 222 [3/5] (2.33ns)   --->   "%sub168_6 = hsub i16 %void_UpConv_Fused_Row_ap_uint_ap_uint_const_ap_uint_const_ap_uint_const_ap_u_76, i16 %mean_w" [../gen2/Hls_Layers_UpConv.tpp:293]   --->   Operation 222 'hsub' 'sub168_6' <Predicate = (icmp_ln290_6)> <Delay = 2.33> <CoreInst = "HAddSub_fulldsp">   --->   Core 55 'HAddSub_fulldsp' <Latency = 4> <II = 1> <Delay = 2.33> <FuncUnit> <Opcode : 'hadd' 'hsub'> <InPorts = 2> <OutPorts = 1>
ST_8 : Operation 223 [3/5] (2.33ns)   --->   "%sub168_7 = hsub i16 %void_UpConv_Fused_Row_ap_uint_ap_uint_const_ap_uint_const_ap_uint_const_ap_u_77, i16 %mean_w" [../gen2/Hls_Layers_UpConv.tpp:293]   --->   Operation 223 'hsub' 'sub168_7' <Predicate = (icmp_ln290_7)> <Delay = 2.33> <CoreInst = "HAddSub_fulldsp">   --->   Core 55 'HAddSub_fulldsp' <Latency = 4> <II = 1> <Delay = 2.33> <FuncUnit> <Opcode : 'hadd' 'hsub'> <InPorts = 2> <OutPorts = 1>
ST_8 : Operation 224 [3/5] (2.33ns)   --->   "%sub168_8 = hsub i16 %void_UpConv_Fused_Row_ap_uint_ap_uint_const_ap_uint_const_ap_uint_const_ap_u_78, i16 %mean_w" [../gen2/Hls_Layers_UpConv.tpp:293]   --->   Operation 224 'hsub' 'sub168_8' <Predicate = (icmp_ln290_8)> <Delay = 2.33> <CoreInst = "HAddSub_fulldsp">   --->   Core 55 'HAddSub_fulldsp' <Latency = 4> <II = 1> <Delay = 2.33> <FuncUnit> <Opcode : 'hadd' 'hsub'> <InPorts = 2> <OutPorts = 1>
ST_8 : Operation 225 [3/5] (2.33ns)   --->   "%sub168_9 = hsub i16 %void_UpConv_Fused_Row_ap_uint_ap_uint_const_ap_uint_const_ap_uint_const_ap_u_79, i16 %mean_w" [../gen2/Hls_Layers_UpConv.tpp:293]   --->   Operation 225 'hsub' 'sub168_9' <Predicate = (icmp_ln290_9)> <Delay = 2.33> <CoreInst = "HAddSub_fulldsp">   --->   Core 55 'HAddSub_fulldsp' <Latency = 4> <II = 1> <Delay = 2.33> <FuncUnit> <Opcode : 'hadd' 'hsub'> <InPorts = 2> <OutPorts = 1>
ST_8 : Operation 226 [3/5] (2.33ns)   --->   "%sub168_s = hsub i16 %void_UpConv_Fused_Row_8_ap_uint_256_ap_uint_256_const_ap_uint_256_const_ap_uint_256_const_ap_uint_256_const_ap_uint_256_decimal16_int_int_int_int_int_row_acc_415, i16 %mean_w" [../gen2/Hls_Layers_UpConv.tpp:293]   --->   Operation 226 'hsub' 'sub168_s' <Predicate = (icmp_ln290_10)> <Delay = 2.33> <CoreInst = "HAddSub_fulldsp">   --->   Core 55 'HAddSub_fulldsp' <Latency = 4> <II = 1> <Delay = 2.33> <FuncUnit> <Opcode : 'hadd' 'hsub'> <InPorts = 2> <OutPorts = 1>
ST_8 : Operation 227 [3/5] (2.33ns)   --->   "%sub168_10 = hsub i16 %void_UpConv_Fused_Row_8_ap_uint_256_ap_uint_256_const_ap_uint_256_const_ap_uint_256_const_ap_uint_256_const_ap_uint_256_decimal16_int_int_int_int_int_row_acc_416, i16 %mean_w" [../gen2/Hls_Layers_UpConv.tpp:293]   --->   Operation 227 'hsub' 'sub168_10' <Predicate = (icmp_ln290_11)> <Delay = 2.33> <CoreInst = "HAddSub_fulldsp">   --->   Core 55 'HAddSub_fulldsp' <Latency = 4> <II = 1> <Delay = 2.33> <FuncUnit> <Opcode : 'hadd' 'hsub'> <InPorts = 2> <OutPorts = 1>
ST_8 : Operation 228 [3/5] (2.33ns)   --->   "%sub168_11 = hsub i16 %void_UpConv_Fused_Row_8_ap_uint_256_ap_uint_256_const_ap_uint_256_const_ap_uint_256_const_ap_uint_256_const_ap_uint_256_decimal16_int_int_int_int_int_row_acc_417, i16 %mean_w" [../gen2/Hls_Layers_UpConv.tpp:293]   --->   Operation 228 'hsub' 'sub168_11' <Predicate = (icmp_ln290_12)> <Delay = 2.33> <CoreInst = "HAddSub_fulldsp">   --->   Core 55 'HAddSub_fulldsp' <Latency = 4> <II = 1> <Delay = 2.33> <FuncUnit> <Opcode : 'hadd' 'hsub'> <InPorts = 2> <OutPorts = 1>
ST_8 : Operation 229 [3/5] (2.33ns)   --->   "%sub168_12 = hsub i16 %void_UpConv_Fused_Row_8_ap_uint_256_ap_uint_256_const_ap_uint_256_const_ap_uint_256_const_ap_uint_256_const_ap_uint_256_decimal16_int_int_int_int_int_row_acc_418, i16 %mean_w" [../gen2/Hls_Layers_UpConv.tpp:293]   --->   Operation 229 'hsub' 'sub168_12' <Predicate = (icmp_ln290_13)> <Delay = 2.33> <CoreInst = "HAddSub_fulldsp">   --->   Core 55 'HAddSub_fulldsp' <Latency = 4> <II = 1> <Delay = 2.33> <FuncUnit> <Opcode : 'hadd' 'hsub'> <InPorts = 2> <OutPorts = 1>
ST_8 : Operation 230 [3/5] (2.33ns)   --->   "%sub168_13 = hsub i16 %void_UpConv_Fused_Row_8_ap_uint_256_ap_uint_256_const_ap_uint_256_const_ap_uint_256_const_ap_uint_256_const_ap_uint_256_decimal16_int_int_int_int_int_row_acc_419, i16 %mean_w" [../gen2/Hls_Layers_UpConv.tpp:293]   --->   Operation 230 'hsub' 'sub168_13' <Predicate = (icmp_ln290_14)> <Delay = 2.33> <CoreInst = "HAddSub_fulldsp">   --->   Core 55 'HAddSub_fulldsp' <Latency = 4> <II = 1> <Delay = 2.33> <FuncUnit> <Opcode : 'hadd' 'hsub'> <InPorts = 2> <OutPorts = 1>
ST_8 : Operation 231 [3/5] (2.33ns)   --->   "%sub168_14 = hsub i16 %void_UpConv_Fused_Row_8_ap_uint_256_ap_uint_256_const_ap_uint_256_const_ap_uint_256_const_ap_uint_256_const_ap_uint_256_decimal16_int_int_int_int_int_row_acc_420, i16 %mean_w" [../gen2/Hls_Layers_UpConv.tpp:293]   --->   Operation 231 'hsub' 'sub168_14' <Predicate = (icmp_ln290_15)> <Delay = 2.33> <CoreInst = "HAddSub_fulldsp">   --->   Core 55 'HAddSub_fulldsp' <Latency = 4> <II = 1> <Delay = 2.33> <FuncUnit> <Opcode : 'hadd' 'hsub'> <InPorts = 2> <OutPorts = 1>

State 9 <SV = 8> <Delay = 2.33>
ST_9 : Operation 232 [1/1] (0.00ns)   --->   "%inv_buf_addr = getelementptr i16 %inv_buf, i64 0, i64 %zext_ln284" [../gen2/Hls_Layers_UpConv.tpp:285]   --->   Operation 232 'getelementptr' 'inv_buf_addr' <Predicate = true> <Delay = 0.00>
ST_9 : Operation 233 [2/2] (0.67ns)   --->   "%inv_w = load i8 %inv_buf_addr" [../gen2/Hls_Layers_UpConv.tpp:285]   --->   Operation 233 'load' 'inv_w' <Predicate = true> <Delay = 0.67> <CoreInst = "RAM_2P_LUTRAM">   --->   Core 92 'RAM_2P_LUTRAM' <Latency = 1> <II = 1> <Delay = 0.67> <Storage> <Opcode : 'load' 'store'> <Ports = 2> <Width = 16> <Depth = 256> <RAM>
ST_9 : Operation 234 [2/5] (2.33ns)   --->   "%sub = hsub i16 %void_UpConv_Fused_Row_ap_uint_ap_uint_const_ap_uint_const_ap_uint_const_ap_u_70, i16 %mean_w" [../gen2/Hls_Layers_UpConv.tpp:293]   --->   Operation 234 'hsub' 'sub' <Predicate = (icmp_ln290)> <Delay = 2.33> <CoreInst = "HAddSub_fulldsp">   --->   Core 55 'HAddSub_fulldsp' <Latency = 4> <II = 1> <Delay = 2.33> <FuncUnit> <Opcode : 'hadd' 'hsub'> <InPorts = 2> <OutPorts = 1>
ST_9 : Operation 235 [2/5] (2.33ns)   --->   "%sub168_1 = hsub i16 %void_UpConv_Fused_Row_ap_uint_ap_uint_const_ap_uint_const_ap_uint_const_ap_u_71, i16 %mean_w" [../gen2/Hls_Layers_UpConv.tpp:293]   --->   Operation 235 'hsub' 'sub168_1' <Predicate = (icmp_ln290_1)> <Delay = 2.33> <CoreInst = "HAddSub_fulldsp">   --->   Core 55 'HAddSub_fulldsp' <Latency = 4> <II = 1> <Delay = 2.33> <FuncUnit> <Opcode : 'hadd' 'hsub'> <InPorts = 2> <OutPorts = 1>
ST_9 : Operation 236 [2/5] (2.33ns)   --->   "%sub168_2 = hsub i16 %void_UpConv_Fused_Row_ap_uint_ap_uint_const_ap_uint_const_ap_uint_const_ap_u_72, i16 %mean_w" [../gen2/Hls_Layers_UpConv.tpp:293]   --->   Operation 236 'hsub' 'sub168_2' <Predicate = (icmp_ln290_2)> <Delay = 2.33> <CoreInst = "HAddSub_fulldsp">   --->   Core 55 'HAddSub_fulldsp' <Latency = 4> <II = 1> <Delay = 2.33> <FuncUnit> <Opcode : 'hadd' 'hsub'> <InPorts = 2> <OutPorts = 1>
ST_9 : Operation 237 [2/5] (2.33ns)   --->   "%sub168_3 = hsub i16 %void_UpConv_Fused_Row_ap_uint_ap_uint_const_ap_uint_const_ap_uint_const_ap_u_73, i16 %mean_w" [../gen2/Hls_Layers_UpConv.tpp:293]   --->   Operation 237 'hsub' 'sub168_3' <Predicate = (icmp_ln290_3)> <Delay = 2.33> <CoreInst = "HAddSub_fulldsp">   --->   Core 55 'HAddSub_fulldsp' <Latency = 4> <II = 1> <Delay = 2.33> <FuncUnit> <Opcode : 'hadd' 'hsub'> <InPorts = 2> <OutPorts = 1>
ST_9 : Operation 238 [2/5] (2.33ns)   --->   "%sub168_4 = hsub i16 %void_UpConv_Fused_Row_ap_uint_ap_uint_const_ap_uint_const_ap_uint_const_ap_u_74, i16 %mean_w" [../gen2/Hls_Layers_UpConv.tpp:293]   --->   Operation 238 'hsub' 'sub168_4' <Predicate = (icmp_ln290_4)> <Delay = 2.33> <CoreInst = "HAddSub_fulldsp">   --->   Core 55 'HAddSub_fulldsp' <Latency = 4> <II = 1> <Delay = 2.33> <FuncUnit> <Opcode : 'hadd' 'hsub'> <InPorts = 2> <OutPorts = 1>
ST_9 : Operation 239 [2/5] (2.33ns)   --->   "%sub168_5 = hsub i16 %void_UpConv_Fused_Row_ap_uint_ap_uint_const_ap_uint_const_ap_uint_const_ap_u_75, i16 %mean_w" [../gen2/Hls_Layers_UpConv.tpp:293]   --->   Operation 239 'hsub' 'sub168_5' <Predicate = (icmp_ln290_5)> <Delay = 2.33> <CoreInst = "HAddSub_fulldsp">   --->   Core 55 'HAddSub_fulldsp' <Latency = 4> <II = 1> <Delay = 2.33> <FuncUnit> <Opcode : 'hadd' 'hsub'> <InPorts = 2> <OutPorts = 1>
ST_9 : Operation 240 [2/5] (2.33ns)   --->   "%sub168_6 = hsub i16 %void_UpConv_Fused_Row_ap_uint_ap_uint_const_ap_uint_const_ap_uint_const_ap_u_76, i16 %mean_w" [../gen2/Hls_Layers_UpConv.tpp:293]   --->   Operation 240 'hsub' 'sub168_6' <Predicate = (icmp_ln290_6)> <Delay = 2.33> <CoreInst = "HAddSub_fulldsp">   --->   Core 55 'HAddSub_fulldsp' <Latency = 4> <II = 1> <Delay = 2.33> <FuncUnit> <Opcode : 'hadd' 'hsub'> <InPorts = 2> <OutPorts = 1>
ST_9 : Operation 241 [2/5] (2.33ns)   --->   "%sub168_7 = hsub i16 %void_UpConv_Fused_Row_ap_uint_ap_uint_const_ap_uint_const_ap_uint_const_ap_u_77, i16 %mean_w" [../gen2/Hls_Layers_UpConv.tpp:293]   --->   Operation 241 'hsub' 'sub168_7' <Predicate = (icmp_ln290_7)> <Delay = 2.33> <CoreInst = "HAddSub_fulldsp">   --->   Core 55 'HAddSub_fulldsp' <Latency = 4> <II = 1> <Delay = 2.33> <FuncUnit> <Opcode : 'hadd' 'hsub'> <InPorts = 2> <OutPorts = 1>
ST_9 : Operation 242 [2/5] (2.33ns)   --->   "%sub168_8 = hsub i16 %void_UpConv_Fused_Row_ap_uint_ap_uint_const_ap_uint_const_ap_uint_const_ap_u_78, i16 %mean_w" [../gen2/Hls_Layers_UpConv.tpp:293]   --->   Operation 242 'hsub' 'sub168_8' <Predicate = (icmp_ln290_8)> <Delay = 2.33> <CoreInst = "HAddSub_fulldsp">   --->   Core 55 'HAddSub_fulldsp' <Latency = 4> <II = 1> <Delay = 2.33> <FuncUnit> <Opcode : 'hadd' 'hsub'> <InPorts = 2> <OutPorts = 1>
ST_9 : Operation 243 [2/5] (2.33ns)   --->   "%sub168_9 = hsub i16 %void_UpConv_Fused_Row_ap_uint_ap_uint_const_ap_uint_const_ap_uint_const_ap_u_79, i16 %mean_w" [../gen2/Hls_Layers_UpConv.tpp:293]   --->   Operation 243 'hsub' 'sub168_9' <Predicate = (icmp_ln290_9)> <Delay = 2.33> <CoreInst = "HAddSub_fulldsp">   --->   Core 55 'HAddSub_fulldsp' <Latency = 4> <II = 1> <Delay = 2.33> <FuncUnit> <Opcode : 'hadd' 'hsub'> <InPorts = 2> <OutPorts = 1>
ST_9 : Operation 244 [2/5] (2.33ns)   --->   "%sub168_s = hsub i16 %void_UpConv_Fused_Row_8_ap_uint_256_ap_uint_256_const_ap_uint_256_const_ap_uint_256_const_ap_uint_256_const_ap_uint_256_decimal16_int_int_int_int_int_row_acc_415, i16 %mean_w" [../gen2/Hls_Layers_UpConv.tpp:293]   --->   Operation 244 'hsub' 'sub168_s' <Predicate = (icmp_ln290_10)> <Delay = 2.33> <CoreInst = "HAddSub_fulldsp">   --->   Core 55 'HAddSub_fulldsp' <Latency = 4> <II = 1> <Delay = 2.33> <FuncUnit> <Opcode : 'hadd' 'hsub'> <InPorts = 2> <OutPorts = 1>
ST_9 : Operation 245 [2/5] (2.33ns)   --->   "%sub168_10 = hsub i16 %void_UpConv_Fused_Row_8_ap_uint_256_ap_uint_256_const_ap_uint_256_const_ap_uint_256_const_ap_uint_256_const_ap_uint_256_decimal16_int_int_int_int_int_row_acc_416, i16 %mean_w" [../gen2/Hls_Layers_UpConv.tpp:293]   --->   Operation 245 'hsub' 'sub168_10' <Predicate = (icmp_ln290_11)> <Delay = 2.33> <CoreInst = "HAddSub_fulldsp">   --->   Core 55 'HAddSub_fulldsp' <Latency = 4> <II = 1> <Delay = 2.33> <FuncUnit> <Opcode : 'hadd' 'hsub'> <InPorts = 2> <OutPorts = 1>
ST_9 : Operation 246 [2/5] (2.33ns)   --->   "%sub168_11 = hsub i16 %void_UpConv_Fused_Row_8_ap_uint_256_ap_uint_256_const_ap_uint_256_const_ap_uint_256_const_ap_uint_256_const_ap_uint_256_decimal16_int_int_int_int_int_row_acc_417, i16 %mean_w" [../gen2/Hls_Layers_UpConv.tpp:293]   --->   Operation 246 'hsub' 'sub168_11' <Predicate = (icmp_ln290_12)> <Delay = 2.33> <CoreInst = "HAddSub_fulldsp">   --->   Core 55 'HAddSub_fulldsp' <Latency = 4> <II = 1> <Delay = 2.33> <FuncUnit> <Opcode : 'hadd' 'hsub'> <InPorts = 2> <OutPorts = 1>
ST_9 : Operation 247 [2/5] (2.33ns)   --->   "%sub168_12 = hsub i16 %void_UpConv_Fused_Row_8_ap_uint_256_ap_uint_256_const_ap_uint_256_const_ap_uint_256_const_ap_uint_256_const_ap_uint_256_decimal16_int_int_int_int_int_row_acc_418, i16 %mean_w" [../gen2/Hls_Layers_UpConv.tpp:293]   --->   Operation 247 'hsub' 'sub168_12' <Predicate = (icmp_ln290_13)> <Delay = 2.33> <CoreInst = "HAddSub_fulldsp">   --->   Core 55 'HAddSub_fulldsp' <Latency = 4> <II = 1> <Delay = 2.33> <FuncUnit> <Opcode : 'hadd' 'hsub'> <InPorts = 2> <OutPorts = 1>
ST_9 : Operation 248 [2/5] (2.33ns)   --->   "%sub168_13 = hsub i16 %void_UpConv_Fused_Row_8_ap_uint_256_ap_uint_256_const_ap_uint_256_const_ap_uint_256_const_ap_uint_256_const_ap_uint_256_decimal16_int_int_int_int_int_row_acc_419, i16 %mean_w" [../gen2/Hls_Layers_UpConv.tpp:293]   --->   Operation 248 'hsub' 'sub168_13' <Predicate = (icmp_ln290_14)> <Delay = 2.33> <CoreInst = "HAddSub_fulldsp">   --->   Core 55 'HAddSub_fulldsp' <Latency = 4> <II = 1> <Delay = 2.33> <FuncUnit> <Opcode : 'hadd' 'hsub'> <InPorts = 2> <OutPorts = 1>
ST_9 : Operation 249 [2/5] (2.33ns)   --->   "%sub168_14 = hsub i16 %void_UpConv_Fused_Row_8_ap_uint_256_ap_uint_256_const_ap_uint_256_const_ap_uint_256_const_ap_uint_256_const_ap_uint_256_decimal16_int_int_int_int_int_row_acc_420, i16 %mean_w" [../gen2/Hls_Layers_UpConv.tpp:293]   --->   Operation 249 'hsub' 'sub168_14' <Predicate = (icmp_ln290_15)> <Delay = 2.33> <CoreInst = "HAddSub_fulldsp">   --->   Core 55 'HAddSub_fulldsp' <Latency = 4> <II = 1> <Delay = 2.33> <FuncUnit> <Opcode : 'hadd' 'hsub'> <InPorts = 2> <OutPorts = 1>

State 10 <SV = 9> <Delay = 2.33>
ST_10 : Operation 250 [1/2] ( I:0.67ns O:0.67ns )   --->   "%inv_w = load i8 %inv_buf_addr" [../gen2/Hls_Layers_UpConv.tpp:285]   --->   Operation 250 'load' 'inv_w' <Predicate = true> <Delay = 0.67> <CoreInst = "RAM_2P_LUTRAM">   --->   Core 92 'RAM_2P_LUTRAM' <Latency = 1> <II = 1> <Delay = 0.67> <Storage> <Opcode : 'load' 'store'> <Ports = 2> <Width = 16> <Depth = 256> <RAM>
ST_10 : Operation 251 [1/5] (2.33ns)   --->   "%sub = hsub i16 %void_UpConv_Fused_Row_ap_uint_ap_uint_const_ap_uint_const_ap_uint_const_ap_u_70, i16 %mean_w" [../gen2/Hls_Layers_UpConv.tpp:293]   --->   Operation 251 'hsub' 'sub' <Predicate = (icmp_ln290)> <Delay = 2.33> <CoreInst = "HAddSub_fulldsp">   --->   Core 55 'HAddSub_fulldsp' <Latency = 4> <II = 1> <Delay = 2.33> <FuncUnit> <Opcode : 'hadd' 'hsub'> <InPorts = 2> <OutPorts = 1>
ST_10 : Operation 252 [1/5] (2.33ns)   --->   "%sub168_1 = hsub i16 %void_UpConv_Fused_Row_ap_uint_ap_uint_const_ap_uint_const_ap_uint_const_ap_u_71, i16 %mean_w" [../gen2/Hls_Layers_UpConv.tpp:293]   --->   Operation 252 'hsub' 'sub168_1' <Predicate = (icmp_ln290_1)> <Delay = 2.33> <CoreInst = "HAddSub_fulldsp">   --->   Core 55 'HAddSub_fulldsp' <Latency = 4> <II = 1> <Delay = 2.33> <FuncUnit> <Opcode : 'hadd' 'hsub'> <InPorts = 2> <OutPorts = 1>
ST_10 : Operation 253 [1/5] (2.33ns)   --->   "%sub168_2 = hsub i16 %void_UpConv_Fused_Row_ap_uint_ap_uint_const_ap_uint_const_ap_uint_const_ap_u_72, i16 %mean_w" [../gen2/Hls_Layers_UpConv.tpp:293]   --->   Operation 253 'hsub' 'sub168_2' <Predicate = (icmp_ln290_2)> <Delay = 2.33> <CoreInst = "HAddSub_fulldsp">   --->   Core 55 'HAddSub_fulldsp' <Latency = 4> <II = 1> <Delay = 2.33> <FuncUnit> <Opcode : 'hadd' 'hsub'> <InPorts = 2> <OutPorts = 1>
ST_10 : Operation 254 [1/5] (2.33ns)   --->   "%sub168_3 = hsub i16 %void_UpConv_Fused_Row_ap_uint_ap_uint_const_ap_uint_const_ap_uint_const_ap_u_73, i16 %mean_w" [../gen2/Hls_Layers_UpConv.tpp:293]   --->   Operation 254 'hsub' 'sub168_3' <Predicate = (icmp_ln290_3)> <Delay = 2.33> <CoreInst = "HAddSub_fulldsp">   --->   Core 55 'HAddSub_fulldsp' <Latency = 4> <II = 1> <Delay = 2.33> <FuncUnit> <Opcode : 'hadd' 'hsub'> <InPorts = 2> <OutPorts = 1>
ST_10 : Operation 255 [1/5] (2.33ns)   --->   "%sub168_4 = hsub i16 %void_UpConv_Fused_Row_ap_uint_ap_uint_const_ap_uint_const_ap_uint_const_ap_u_74, i16 %mean_w" [../gen2/Hls_Layers_UpConv.tpp:293]   --->   Operation 255 'hsub' 'sub168_4' <Predicate = (icmp_ln290_4)> <Delay = 2.33> <CoreInst = "HAddSub_fulldsp">   --->   Core 55 'HAddSub_fulldsp' <Latency = 4> <II = 1> <Delay = 2.33> <FuncUnit> <Opcode : 'hadd' 'hsub'> <InPorts = 2> <OutPorts = 1>
ST_10 : Operation 256 [1/5] (2.33ns)   --->   "%sub168_5 = hsub i16 %void_UpConv_Fused_Row_ap_uint_ap_uint_const_ap_uint_const_ap_uint_const_ap_u_75, i16 %mean_w" [../gen2/Hls_Layers_UpConv.tpp:293]   --->   Operation 256 'hsub' 'sub168_5' <Predicate = (icmp_ln290_5)> <Delay = 2.33> <CoreInst = "HAddSub_fulldsp">   --->   Core 55 'HAddSub_fulldsp' <Latency = 4> <II = 1> <Delay = 2.33> <FuncUnit> <Opcode : 'hadd' 'hsub'> <InPorts = 2> <OutPorts = 1>
ST_10 : Operation 257 [1/5] (2.33ns)   --->   "%sub168_6 = hsub i16 %void_UpConv_Fused_Row_ap_uint_ap_uint_const_ap_uint_const_ap_uint_const_ap_u_76, i16 %mean_w" [../gen2/Hls_Layers_UpConv.tpp:293]   --->   Operation 257 'hsub' 'sub168_6' <Predicate = (icmp_ln290_6)> <Delay = 2.33> <CoreInst = "HAddSub_fulldsp">   --->   Core 55 'HAddSub_fulldsp' <Latency = 4> <II = 1> <Delay = 2.33> <FuncUnit> <Opcode : 'hadd' 'hsub'> <InPorts = 2> <OutPorts = 1>
ST_10 : Operation 258 [1/5] (2.33ns)   --->   "%sub168_7 = hsub i16 %void_UpConv_Fused_Row_ap_uint_ap_uint_const_ap_uint_const_ap_uint_const_ap_u_77, i16 %mean_w" [../gen2/Hls_Layers_UpConv.tpp:293]   --->   Operation 258 'hsub' 'sub168_7' <Predicate = (icmp_ln290_7)> <Delay = 2.33> <CoreInst = "HAddSub_fulldsp">   --->   Core 55 'HAddSub_fulldsp' <Latency = 4> <II = 1> <Delay = 2.33> <FuncUnit> <Opcode : 'hadd' 'hsub'> <InPorts = 2> <OutPorts = 1>
ST_10 : Operation 259 [1/5] (2.33ns)   --->   "%sub168_8 = hsub i16 %void_UpConv_Fused_Row_ap_uint_ap_uint_const_ap_uint_const_ap_uint_const_ap_u_78, i16 %mean_w" [../gen2/Hls_Layers_UpConv.tpp:293]   --->   Operation 259 'hsub' 'sub168_8' <Predicate = (icmp_ln290_8)> <Delay = 2.33> <CoreInst = "HAddSub_fulldsp">   --->   Core 55 'HAddSub_fulldsp' <Latency = 4> <II = 1> <Delay = 2.33> <FuncUnit> <Opcode : 'hadd' 'hsub'> <InPorts = 2> <OutPorts = 1>
ST_10 : Operation 260 [1/5] (2.33ns)   --->   "%sub168_9 = hsub i16 %void_UpConv_Fused_Row_ap_uint_ap_uint_const_ap_uint_const_ap_uint_const_ap_u_79, i16 %mean_w" [../gen2/Hls_Layers_UpConv.tpp:293]   --->   Operation 260 'hsub' 'sub168_9' <Predicate = (icmp_ln290_9)> <Delay = 2.33> <CoreInst = "HAddSub_fulldsp">   --->   Core 55 'HAddSub_fulldsp' <Latency = 4> <II = 1> <Delay = 2.33> <FuncUnit> <Opcode : 'hadd' 'hsub'> <InPorts = 2> <OutPorts = 1>
ST_10 : Operation 261 [1/5] (2.33ns)   --->   "%sub168_s = hsub i16 %void_UpConv_Fused_Row_8_ap_uint_256_ap_uint_256_const_ap_uint_256_const_ap_uint_256_const_ap_uint_256_const_ap_uint_256_decimal16_int_int_int_int_int_row_acc_415, i16 %mean_w" [../gen2/Hls_Layers_UpConv.tpp:293]   --->   Operation 261 'hsub' 'sub168_s' <Predicate = (icmp_ln290_10)> <Delay = 2.33> <CoreInst = "HAddSub_fulldsp">   --->   Core 55 'HAddSub_fulldsp' <Latency = 4> <II = 1> <Delay = 2.33> <FuncUnit> <Opcode : 'hadd' 'hsub'> <InPorts = 2> <OutPorts = 1>
ST_10 : Operation 262 [1/5] (2.33ns)   --->   "%sub168_10 = hsub i16 %void_UpConv_Fused_Row_8_ap_uint_256_ap_uint_256_const_ap_uint_256_const_ap_uint_256_const_ap_uint_256_const_ap_uint_256_decimal16_int_int_int_int_int_row_acc_416, i16 %mean_w" [../gen2/Hls_Layers_UpConv.tpp:293]   --->   Operation 262 'hsub' 'sub168_10' <Predicate = (icmp_ln290_11)> <Delay = 2.33> <CoreInst = "HAddSub_fulldsp">   --->   Core 55 'HAddSub_fulldsp' <Latency = 4> <II = 1> <Delay = 2.33> <FuncUnit> <Opcode : 'hadd' 'hsub'> <InPorts = 2> <OutPorts = 1>
ST_10 : Operation 263 [1/5] (2.33ns)   --->   "%sub168_11 = hsub i16 %void_UpConv_Fused_Row_8_ap_uint_256_ap_uint_256_const_ap_uint_256_const_ap_uint_256_const_ap_uint_256_const_ap_uint_256_decimal16_int_int_int_int_int_row_acc_417, i16 %mean_w" [../gen2/Hls_Layers_UpConv.tpp:293]   --->   Operation 263 'hsub' 'sub168_11' <Predicate = (icmp_ln290_12)> <Delay = 2.33> <CoreInst = "HAddSub_fulldsp">   --->   Core 55 'HAddSub_fulldsp' <Latency = 4> <II = 1> <Delay = 2.33> <FuncUnit> <Opcode : 'hadd' 'hsub'> <InPorts = 2> <OutPorts = 1>
ST_10 : Operation 264 [1/5] (2.33ns)   --->   "%sub168_12 = hsub i16 %void_UpConv_Fused_Row_8_ap_uint_256_ap_uint_256_const_ap_uint_256_const_ap_uint_256_const_ap_uint_256_const_ap_uint_256_decimal16_int_int_int_int_int_row_acc_418, i16 %mean_w" [../gen2/Hls_Layers_UpConv.tpp:293]   --->   Operation 264 'hsub' 'sub168_12' <Predicate = (icmp_ln290_13)> <Delay = 2.33> <CoreInst = "HAddSub_fulldsp">   --->   Core 55 'HAddSub_fulldsp' <Latency = 4> <II = 1> <Delay = 2.33> <FuncUnit> <Opcode : 'hadd' 'hsub'> <InPorts = 2> <OutPorts = 1>
ST_10 : Operation 265 [1/5] (2.33ns)   --->   "%sub168_13 = hsub i16 %void_UpConv_Fused_Row_8_ap_uint_256_ap_uint_256_const_ap_uint_256_const_ap_uint_256_const_ap_uint_256_const_ap_uint_256_decimal16_int_int_int_int_int_row_acc_419, i16 %mean_w" [../gen2/Hls_Layers_UpConv.tpp:293]   --->   Operation 265 'hsub' 'sub168_13' <Predicate = (icmp_ln290_14)> <Delay = 2.33> <CoreInst = "HAddSub_fulldsp">   --->   Core 55 'HAddSub_fulldsp' <Latency = 4> <II = 1> <Delay = 2.33> <FuncUnit> <Opcode : 'hadd' 'hsub'> <InPorts = 2> <OutPorts = 1>
ST_10 : Operation 266 [1/5] (2.33ns)   --->   "%sub168_14 = hsub i16 %void_UpConv_Fused_Row_8_ap_uint_256_ap_uint_256_const_ap_uint_256_const_ap_uint_256_const_ap_uint_256_const_ap_uint_256_decimal16_int_int_int_int_int_row_acc_420, i16 %mean_w" [../gen2/Hls_Layers_UpConv.tpp:293]   --->   Operation 266 'hsub' 'sub168_14' <Predicate = (icmp_ln290_15)> <Delay = 2.33> <CoreInst = "HAddSub_fulldsp">   --->   Core 55 'HAddSub_fulldsp' <Latency = 4> <II = 1> <Delay = 2.33> <FuncUnit> <Opcode : 'hadd' 'hsub'> <InPorts = 2> <OutPorts = 1>

State 11 <SV = 10> <Delay = 2.09>
ST_11 : Operation 267 [4/4] (2.09ns)   --->   "%mul1 = hmul i16 %sub, i16 %inv_w" [../gen2/Hls_Layers_UpConv.tpp:293]   --->   Operation 267 'hmul' 'mul1' <Predicate = (icmp_ln290)> <Delay = 2.09> <CoreInst = "HMul_maxdsp">   --->   Core 60 'HMul_maxdsp' <Latency = 3> <II = 1> <Delay = 2.09> <FuncUnit> <Opcode : 'hmul'> <InPorts = 2> <OutPorts = 1>
ST_11 : Operation 268 [4/4] (2.09ns)   --->   "%mul169_1 = hmul i16 %sub168_1, i16 %inv_w" [../gen2/Hls_Layers_UpConv.tpp:293]   --->   Operation 268 'hmul' 'mul169_1' <Predicate = (icmp_ln290_1)> <Delay = 2.09> <CoreInst = "HMul_maxdsp">   --->   Core 60 'HMul_maxdsp' <Latency = 3> <II = 1> <Delay = 2.09> <FuncUnit> <Opcode : 'hmul'> <InPorts = 2> <OutPorts = 1>
ST_11 : Operation 269 [4/4] (2.09ns)   --->   "%mul169_2 = hmul i16 %sub168_2, i16 %inv_w" [../gen2/Hls_Layers_UpConv.tpp:293]   --->   Operation 269 'hmul' 'mul169_2' <Predicate = (icmp_ln290_2)> <Delay = 2.09> <CoreInst = "HMul_maxdsp">   --->   Core 60 'HMul_maxdsp' <Latency = 3> <II = 1> <Delay = 2.09> <FuncUnit> <Opcode : 'hmul'> <InPorts = 2> <OutPorts = 1>
ST_11 : Operation 270 [4/4] (2.09ns)   --->   "%mul169_3 = hmul i16 %sub168_3, i16 %inv_w" [../gen2/Hls_Layers_UpConv.tpp:293]   --->   Operation 270 'hmul' 'mul169_3' <Predicate = (icmp_ln290_3)> <Delay = 2.09> <CoreInst = "HMul_maxdsp">   --->   Core 60 'HMul_maxdsp' <Latency = 3> <II = 1> <Delay = 2.09> <FuncUnit> <Opcode : 'hmul'> <InPorts = 2> <OutPorts = 1>
ST_11 : Operation 271 [4/4] (2.09ns)   --->   "%mul169_4 = hmul i16 %sub168_4, i16 %inv_w" [../gen2/Hls_Layers_UpConv.tpp:293]   --->   Operation 271 'hmul' 'mul169_4' <Predicate = (icmp_ln290_4)> <Delay = 2.09> <CoreInst = "HMul_maxdsp">   --->   Core 60 'HMul_maxdsp' <Latency = 3> <II = 1> <Delay = 2.09> <FuncUnit> <Opcode : 'hmul'> <InPorts = 2> <OutPorts = 1>
ST_11 : Operation 272 [4/4] (2.09ns)   --->   "%mul169_5 = hmul i16 %sub168_5, i16 %inv_w" [../gen2/Hls_Layers_UpConv.tpp:293]   --->   Operation 272 'hmul' 'mul169_5' <Predicate = (icmp_ln290_5)> <Delay = 2.09> <CoreInst = "HMul_maxdsp">   --->   Core 60 'HMul_maxdsp' <Latency = 3> <II = 1> <Delay = 2.09> <FuncUnit> <Opcode : 'hmul'> <InPorts = 2> <OutPorts = 1>
ST_11 : Operation 273 [4/4] (2.09ns)   --->   "%mul169_6 = hmul i16 %sub168_6, i16 %inv_w" [../gen2/Hls_Layers_UpConv.tpp:293]   --->   Operation 273 'hmul' 'mul169_6' <Predicate = (icmp_ln290_6)> <Delay = 2.09> <CoreInst = "HMul_maxdsp">   --->   Core 60 'HMul_maxdsp' <Latency = 3> <II = 1> <Delay = 2.09> <FuncUnit> <Opcode : 'hmul'> <InPorts = 2> <OutPorts = 1>
ST_11 : Operation 274 [4/4] (2.09ns)   --->   "%mul169_7 = hmul i16 %sub168_7, i16 %inv_w" [../gen2/Hls_Layers_UpConv.tpp:293]   --->   Operation 274 'hmul' 'mul169_7' <Predicate = (icmp_ln290_7)> <Delay = 2.09> <CoreInst = "HMul_maxdsp">   --->   Core 60 'HMul_maxdsp' <Latency = 3> <II = 1> <Delay = 2.09> <FuncUnit> <Opcode : 'hmul'> <InPorts = 2> <OutPorts = 1>
ST_11 : Operation 275 [4/4] (2.09ns)   --->   "%mul169_8 = hmul i16 %sub168_8, i16 %inv_w" [../gen2/Hls_Layers_UpConv.tpp:293]   --->   Operation 275 'hmul' 'mul169_8' <Predicate = (icmp_ln290_8)> <Delay = 2.09> <CoreInst = "HMul_maxdsp">   --->   Core 60 'HMul_maxdsp' <Latency = 3> <II = 1> <Delay = 2.09> <FuncUnit> <Opcode : 'hmul'> <InPorts = 2> <OutPorts = 1>
ST_11 : Operation 276 [4/4] (2.09ns)   --->   "%mul169_9 = hmul i16 %sub168_9, i16 %inv_w" [../gen2/Hls_Layers_UpConv.tpp:293]   --->   Operation 276 'hmul' 'mul169_9' <Predicate = (icmp_ln290_9)> <Delay = 2.09> <CoreInst = "HMul_maxdsp">   --->   Core 60 'HMul_maxdsp' <Latency = 3> <II = 1> <Delay = 2.09> <FuncUnit> <Opcode : 'hmul'> <InPorts = 2> <OutPorts = 1>
ST_11 : Operation 277 [4/4] (2.09ns)   --->   "%mul169_s = hmul i16 %sub168_s, i16 %inv_w" [../gen2/Hls_Layers_UpConv.tpp:293]   --->   Operation 277 'hmul' 'mul169_s' <Predicate = (icmp_ln290_10)> <Delay = 2.09> <CoreInst = "HMul_maxdsp">   --->   Core 60 'HMul_maxdsp' <Latency = 3> <II = 1> <Delay = 2.09> <FuncUnit> <Opcode : 'hmul'> <InPorts = 2> <OutPorts = 1>
ST_11 : Operation 278 [4/4] (2.09ns)   --->   "%mul169_10 = hmul i16 %sub168_10, i16 %inv_w" [../gen2/Hls_Layers_UpConv.tpp:293]   --->   Operation 278 'hmul' 'mul169_10' <Predicate = (icmp_ln290_11)> <Delay = 2.09> <CoreInst = "HMul_maxdsp">   --->   Core 60 'HMul_maxdsp' <Latency = 3> <II = 1> <Delay = 2.09> <FuncUnit> <Opcode : 'hmul'> <InPorts = 2> <OutPorts = 1>
ST_11 : Operation 279 [4/4] (2.09ns)   --->   "%mul169_11 = hmul i16 %sub168_11, i16 %inv_w" [../gen2/Hls_Layers_UpConv.tpp:293]   --->   Operation 279 'hmul' 'mul169_11' <Predicate = (icmp_ln290_12)> <Delay = 2.09> <CoreInst = "HMul_maxdsp">   --->   Core 60 'HMul_maxdsp' <Latency = 3> <II = 1> <Delay = 2.09> <FuncUnit> <Opcode : 'hmul'> <InPorts = 2> <OutPorts = 1>
ST_11 : Operation 280 [4/4] (2.09ns)   --->   "%mul169_12 = hmul i16 %sub168_12, i16 %inv_w" [../gen2/Hls_Layers_UpConv.tpp:293]   --->   Operation 280 'hmul' 'mul169_12' <Predicate = (icmp_ln290_13)> <Delay = 2.09> <CoreInst = "HMul_maxdsp">   --->   Core 60 'HMul_maxdsp' <Latency = 3> <II = 1> <Delay = 2.09> <FuncUnit> <Opcode : 'hmul'> <InPorts = 2> <OutPorts = 1>
ST_11 : Operation 281 [4/4] (2.09ns)   --->   "%mul169_13 = hmul i16 %sub168_13, i16 %inv_w" [../gen2/Hls_Layers_UpConv.tpp:293]   --->   Operation 281 'hmul' 'mul169_13' <Predicate = (icmp_ln290_14)> <Delay = 2.09> <CoreInst = "HMul_maxdsp">   --->   Core 60 'HMul_maxdsp' <Latency = 3> <II = 1> <Delay = 2.09> <FuncUnit> <Opcode : 'hmul'> <InPorts = 2> <OutPorts = 1>
ST_11 : Operation 282 [4/4] (2.09ns)   --->   "%mul169_14 = hmul i16 %sub168_14, i16 %inv_w" [../gen2/Hls_Layers_UpConv.tpp:293]   --->   Operation 282 'hmul' 'mul169_14' <Predicate = (icmp_ln290_15)> <Delay = 2.09> <CoreInst = "HMul_maxdsp">   --->   Core 60 'HMul_maxdsp' <Latency = 3> <II = 1> <Delay = 2.09> <FuncUnit> <Opcode : 'hmul'> <InPorts = 2> <OutPorts = 1>

State 12 <SV = 11> <Delay = 2.09>
ST_12 : Operation 283 [3/4] (2.09ns)   --->   "%mul1 = hmul i16 %sub, i16 %inv_w" [../gen2/Hls_Layers_UpConv.tpp:293]   --->   Operation 283 'hmul' 'mul1' <Predicate = (icmp_ln290)> <Delay = 2.09> <CoreInst = "HMul_maxdsp">   --->   Core 60 'HMul_maxdsp' <Latency = 3> <II = 1> <Delay = 2.09> <FuncUnit> <Opcode : 'hmul'> <InPorts = 2> <OutPorts = 1>
ST_12 : Operation 284 [3/4] (2.09ns)   --->   "%mul169_1 = hmul i16 %sub168_1, i16 %inv_w" [../gen2/Hls_Layers_UpConv.tpp:293]   --->   Operation 284 'hmul' 'mul169_1' <Predicate = (icmp_ln290_1)> <Delay = 2.09> <CoreInst = "HMul_maxdsp">   --->   Core 60 'HMul_maxdsp' <Latency = 3> <II = 1> <Delay = 2.09> <FuncUnit> <Opcode : 'hmul'> <InPorts = 2> <OutPorts = 1>
ST_12 : Operation 285 [3/4] (2.09ns)   --->   "%mul169_2 = hmul i16 %sub168_2, i16 %inv_w" [../gen2/Hls_Layers_UpConv.tpp:293]   --->   Operation 285 'hmul' 'mul169_2' <Predicate = (icmp_ln290_2)> <Delay = 2.09> <CoreInst = "HMul_maxdsp">   --->   Core 60 'HMul_maxdsp' <Latency = 3> <II = 1> <Delay = 2.09> <FuncUnit> <Opcode : 'hmul'> <InPorts = 2> <OutPorts = 1>
ST_12 : Operation 286 [3/4] (2.09ns)   --->   "%mul169_3 = hmul i16 %sub168_3, i16 %inv_w" [../gen2/Hls_Layers_UpConv.tpp:293]   --->   Operation 286 'hmul' 'mul169_3' <Predicate = (icmp_ln290_3)> <Delay = 2.09> <CoreInst = "HMul_maxdsp">   --->   Core 60 'HMul_maxdsp' <Latency = 3> <II = 1> <Delay = 2.09> <FuncUnit> <Opcode : 'hmul'> <InPorts = 2> <OutPorts = 1>
ST_12 : Operation 287 [3/4] (2.09ns)   --->   "%mul169_4 = hmul i16 %sub168_4, i16 %inv_w" [../gen2/Hls_Layers_UpConv.tpp:293]   --->   Operation 287 'hmul' 'mul169_4' <Predicate = (icmp_ln290_4)> <Delay = 2.09> <CoreInst = "HMul_maxdsp">   --->   Core 60 'HMul_maxdsp' <Latency = 3> <II = 1> <Delay = 2.09> <FuncUnit> <Opcode : 'hmul'> <InPorts = 2> <OutPorts = 1>
ST_12 : Operation 288 [3/4] (2.09ns)   --->   "%mul169_5 = hmul i16 %sub168_5, i16 %inv_w" [../gen2/Hls_Layers_UpConv.tpp:293]   --->   Operation 288 'hmul' 'mul169_5' <Predicate = (icmp_ln290_5)> <Delay = 2.09> <CoreInst = "HMul_maxdsp">   --->   Core 60 'HMul_maxdsp' <Latency = 3> <II = 1> <Delay = 2.09> <FuncUnit> <Opcode : 'hmul'> <InPorts = 2> <OutPorts = 1>
ST_12 : Operation 289 [3/4] (2.09ns)   --->   "%mul169_6 = hmul i16 %sub168_6, i16 %inv_w" [../gen2/Hls_Layers_UpConv.tpp:293]   --->   Operation 289 'hmul' 'mul169_6' <Predicate = (icmp_ln290_6)> <Delay = 2.09> <CoreInst = "HMul_maxdsp">   --->   Core 60 'HMul_maxdsp' <Latency = 3> <II = 1> <Delay = 2.09> <FuncUnit> <Opcode : 'hmul'> <InPorts = 2> <OutPorts = 1>
ST_12 : Operation 290 [3/4] (2.09ns)   --->   "%mul169_7 = hmul i16 %sub168_7, i16 %inv_w" [../gen2/Hls_Layers_UpConv.tpp:293]   --->   Operation 290 'hmul' 'mul169_7' <Predicate = (icmp_ln290_7)> <Delay = 2.09> <CoreInst = "HMul_maxdsp">   --->   Core 60 'HMul_maxdsp' <Latency = 3> <II = 1> <Delay = 2.09> <FuncUnit> <Opcode : 'hmul'> <InPorts = 2> <OutPorts = 1>
ST_12 : Operation 291 [3/4] (2.09ns)   --->   "%mul169_8 = hmul i16 %sub168_8, i16 %inv_w" [../gen2/Hls_Layers_UpConv.tpp:293]   --->   Operation 291 'hmul' 'mul169_8' <Predicate = (icmp_ln290_8)> <Delay = 2.09> <CoreInst = "HMul_maxdsp">   --->   Core 60 'HMul_maxdsp' <Latency = 3> <II = 1> <Delay = 2.09> <FuncUnit> <Opcode : 'hmul'> <InPorts = 2> <OutPorts = 1>
ST_12 : Operation 292 [3/4] (2.09ns)   --->   "%mul169_9 = hmul i16 %sub168_9, i16 %inv_w" [../gen2/Hls_Layers_UpConv.tpp:293]   --->   Operation 292 'hmul' 'mul169_9' <Predicate = (icmp_ln290_9)> <Delay = 2.09> <CoreInst = "HMul_maxdsp">   --->   Core 60 'HMul_maxdsp' <Latency = 3> <II = 1> <Delay = 2.09> <FuncUnit> <Opcode : 'hmul'> <InPorts = 2> <OutPorts = 1>
ST_12 : Operation 293 [3/4] (2.09ns)   --->   "%mul169_s = hmul i16 %sub168_s, i16 %inv_w" [../gen2/Hls_Layers_UpConv.tpp:293]   --->   Operation 293 'hmul' 'mul169_s' <Predicate = (icmp_ln290_10)> <Delay = 2.09> <CoreInst = "HMul_maxdsp">   --->   Core 60 'HMul_maxdsp' <Latency = 3> <II = 1> <Delay = 2.09> <FuncUnit> <Opcode : 'hmul'> <InPorts = 2> <OutPorts = 1>
ST_12 : Operation 294 [3/4] (2.09ns)   --->   "%mul169_10 = hmul i16 %sub168_10, i16 %inv_w" [../gen2/Hls_Layers_UpConv.tpp:293]   --->   Operation 294 'hmul' 'mul169_10' <Predicate = (icmp_ln290_11)> <Delay = 2.09> <CoreInst = "HMul_maxdsp">   --->   Core 60 'HMul_maxdsp' <Latency = 3> <II = 1> <Delay = 2.09> <FuncUnit> <Opcode : 'hmul'> <InPorts = 2> <OutPorts = 1>
ST_12 : Operation 295 [3/4] (2.09ns)   --->   "%mul169_11 = hmul i16 %sub168_11, i16 %inv_w" [../gen2/Hls_Layers_UpConv.tpp:293]   --->   Operation 295 'hmul' 'mul169_11' <Predicate = (icmp_ln290_12)> <Delay = 2.09> <CoreInst = "HMul_maxdsp">   --->   Core 60 'HMul_maxdsp' <Latency = 3> <II = 1> <Delay = 2.09> <FuncUnit> <Opcode : 'hmul'> <InPorts = 2> <OutPorts = 1>
ST_12 : Operation 296 [3/4] (2.09ns)   --->   "%mul169_12 = hmul i16 %sub168_12, i16 %inv_w" [../gen2/Hls_Layers_UpConv.tpp:293]   --->   Operation 296 'hmul' 'mul169_12' <Predicate = (icmp_ln290_13)> <Delay = 2.09> <CoreInst = "HMul_maxdsp">   --->   Core 60 'HMul_maxdsp' <Latency = 3> <II = 1> <Delay = 2.09> <FuncUnit> <Opcode : 'hmul'> <InPorts = 2> <OutPorts = 1>
ST_12 : Operation 297 [3/4] (2.09ns)   --->   "%mul169_13 = hmul i16 %sub168_13, i16 %inv_w" [../gen2/Hls_Layers_UpConv.tpp:293]   --->   Operation 297 'hmul' 'mul169_13' <Predicate = (icmp_ln290_14)> <Delay = 2.09> <CoreInst = "HMul_maxdsp">   --->   Core 60 'HMul_maxdsp' <Latency = 3> <II = 1> <Delay = 2.09> <FuncUnit> <Opcode : 'hmul'> <InPorts = 2> <OutPorts = 1>
ST_12 : Operation 298 [3/4] (2.09ns)   --->   "%mul169_14 = hmul i16 %sub168_14, i16 %inv_w" [../gen2/Hls_Layers_UpConv.tpp:293]   --->   Operation 298 'hmul' 'mul169_14' <Predicate = (icmp_ln290_15)> <Delay = 2.09> <CoreInst = "HMul_maxdsp">   --->   Core 60 'HMul_maxdsp' <Latency = 3> <II = 1> <Delay = 2.09> <FuncUnit> <Opcode : 'hmul'> <InPorts = 2> <OutPorts = 1>

State 13 <SV = 12> <Delay = 2.09>
ST_13 : Operation 299 [1/1] (0.00ns)   --->   "%idxprom152 = zext i32 %cwn_load"   --->   Operation 299 'zext' 'idxprom152' <Predicate = true> <Delay = 0.00>
ST_13 : Operation 300 [1/1] (0.00ns)   --->   "%g_buf_addr = getelementptr i256 %g_buf, i64 0, i64 %idxprom152"   --->   Operation 300 'getelementptr' 'g_buf_addr' <Predicate = true> <Delay = 0.00>
ST_13 : Operation 301 [2/2] (1.23ns)   --->   "%g_buf_load = load i5 %g_buf_addr"   --->   Operation 301 'load' 'g_buf_load' <Predicate = true> <Delay = 1.23> <CoreInst = "RAM_T2P_BRAM">   --->   Core 98 'RAM_T2P_BRAM' <Latency = 1> <II = 1> <Delay = 1.23> <Storage> <Opcode : 'load' 'store'> <Ports = 2> <Width = 256> <Depth = 30> <RAM>
ST_13 : Operation 302 [2/4] (2.09ns)   --->   "%mul1 = hmul i16 %sub, i16 %inv_w" [../gen2/Hls_Layers_UpConv.tpp:293]   --->   Operation 302 'hmul' 'mul1' <Predicate = (icmp_ln290)> <Delay = 2.09> <CoreInst = "HMul_maxdsp">   --->   Core 60 'HMul_maxdsp' <Latency = 3> <II = 1> <Delay = 2.09> <FuncUnit> <Opcode : 'hmul'> <InPorts = 2> <OutPorts = 1>
ST_13 : Operation 303 [2/4] (2.09ns)   --->   "%mul169_1 = hmul i16 %sub168_1, i16 %inv_w" [../gen2/Hls_Layers_UpConv.tpp:293]   --->   Operation 303 'hmul' 'mul169_1' <Predicate = (icmp_ln290_1)> <Delay = 2.09> <CoreInst = "HMul_maxdsp">   --->   Core 60 'HMul_maxdsp' <Latency = 3> <II = 1> <Delay = 2.09> <FuncUnit> <Opcode : 'hmul'> <InPorts = 2> <OutPorts = 1>
ST_13 : Operation 304 [2/4] (2.09ns)   --->   "%mul169_2 = hmul i16 %sub168_2, i16 %inv_w" [../gen2/Hls_Layers_UpConv.tpp:293]   --->   Operation 304 'hmul' 'mul169_2' <Predicate = (icmp_ln290_2)> <Delay = 2.09> <CoreInst = "HMul_maxdsp">   --->   Core 60 'HMul_maxdsp' <Latency = 3> <II = 1> <Delay = 2.09> <FuncUnit> <Opcode : 'hmul'> <InPorts = 2> <OutPorts = 1>
ST_13 : Operation 305 [2/4] (2.09ns)   --->   "%mul169_3 = hmul i16 %sub168_3, i16 %inv_w" [../gen2/Hls_Layers_UpConv.tpp:293]   --->   Operation 305 'hmul' 'mul169_3' <Predicate = (icmp_ln290_3)> <Delay = 2.09> <CoreInst = "HMul_maxdsp">   --->   Core 60 'HMul_maxdsp' <Latency = 3> <II = 1> <Delay = 2.09> <FuncUnit> <Opcode : 'hmul'> <InPorts = 2> <OutPorts = 1>
ST_13 : Operation 306 [2/4] (2.09ns)   --->   "%mul169_4 = hmul i16 %sub168_4, i16 %inv_w" [../gen2/Hls_Layers_UpConv.tpp:293]   --->   Operation 306 'hmul' 'mul169_4' <Predicate = (icmp_ln290_4)> <Delay = 2.09> <CoreInst = "HMul_maxdsp">   --->   Core 60 'HMul_maxdsp' <Latency = 3> <II = 1> <Delay = 2.09> <FuncUnit> <Opcode : 'hmul'> <InPorts = 2> <OutPorts = 1>
ST_13 : Operation 307 [2/4] (2.09ns)   --->   "%mul169_5 = hmul i16 %sub168_5, i16 %inv_w" [../gen2/Hls_Layers_UpConv.tpp:293]   --->   Operation 307 'hmul' 'mul169_5' <Predicate = (icmp_ln290_5)> <Delay = 2.09> <CoreInst = "HMul_maxdsp">   --->   Core 60 'HMul_maxdsp' <Latency = 3> <II = 1> <Delay = 2.09> <FuncUnit> <Opcode : 'hmul'> <InPorts = 2> <OutPorts = 1>
ST_13 : Operation 308 [2/4] (2.09ns)   --->   "%mul169_6 = hmul i16 %sub168_6, i16 %inv_w" [../gen2/Hls_Layers_UpConv.tpp:293]   --->   Operation 308 'hmul' 'mul169_6' <Predicate = (icmp_ln290_6)> <Delay = 2.09> <CoreInst = "HMul_maxdsp">   --->   Core 60 'HMul_maxdsp' <Latency = 3> <II = 1> <Delay = 2.09> <FuncUnit> <Opcode : 'hmul'> <InPorts = 2> <OutPorts = 1>
ST_13 : Operation 309 [2/4] (2.09ns)   --->   "%mul169_7 = hmul i16 %sub168_7, i16 %inv_w" [../gen2/Hls_Layers_UpConv.tpp:293]   --->   Operation 309 'hmul' 'mul169_7' <Predicate = (icmp_ln290_7)> <Delay = 2.09> <CoreInst = "HMul_maxdsp">   --->   Core 60 'HMul_maxdsp' <Latency = 3> <II = 1> <Delay = 2.09> <FuncUnit> <Opcode : 'hmul'> <InPorts = 2> <OutPorts = 1>
ST_13 : Operation 310 [2/4] (2.09ns)   --->   "%mul169_8 = hmul i16 %sub168_8, i16 %inv_w" [../gen2/Hls_Layers_UpConv.tpp:293]   --->   Operation 310 'hmul' 'mul169_8' <Predicate = (icmp_ln290_8)> <Delay = 2.09> <CoreInst = "HMul_maxdsp">   --->   Core 60 'HMul_maxdsp' <Latency = 3> <II = 1> <Delay = 2.09> <FuncUnit> <Opcode : 'hmul'> <InPorts = 2> <OutPorts = 1>
ST_13 : Operation 311 [2/4] (2.09ns)   --->   "%mul169_9 = hmul i16 %sub168_9, i16 %inv_w" [../gen2/Hls_Layers_UpConv.tpp:293]   --->   Operation 311 'hmul' 'mul169_9' <Predicate = (icmp_ln290_9)> <Delay = 2.09> <CoreInst = "HMul_maxdsp">   --->   Core 60 'HMul_maxdsp' <Latency = 3> <II = 1> <Delay = 2.09> <FuncUnit> <Opcode : 'hmul'> <InPorts = 2> <OutPorts = 1>
ST_13 : Operation 312 [2/4] (2.09ns)   --->   "%mul169_s = hmul i16 %sub168_s, i16 %inv_w" [../gen2/Hls_Layers_UpConv.tpp:293]   --->   Operation 312 'hmul' 'mul169_s' <Predicate = (icmp_ln290_10)> <Delay = 2.09> <CoreInst = "HMul_maxdsp">   --->   Core 60 'HMul_maxdsp' <Latency = 3> <II = 1> <Delay = 2.09> <FuncUnit> <Opcode : 'hmul'> <InPorts = 2> <OutPorts = 1>
ST_13 : Operation 313 [2/4] (2.09ns)   --->   "%mul169_10 = hmul i16 %sub168_10, i16 %inv_w" [../gen2/Hls_Layers_UpConv.tpp:293]   --->   Operation 313 'hmul' 'mul169_10' <Predicate = (icmp_ln290_11)> <Delay = 2.09> <CoreInst = "HMul_maxdsp">   --->   Core 60 'HMul_maxdsp' <Latency = 3> <II = 1> <Delay = 2.09> <FuncUnit> <Opcode : 'hmul'> <InPorts = 2> <OutPorts = 1>
ST_13 : Operation 314 [2/4] (2.09ns)   --->   "%mul169_11 = hmul i16 %sub168_11, i16 %inv_w" [../gen2/Hls_Layers_UpConv.tpp:293]   --->   Operation 314 'hmul' 'mul169_11' <Predicate = (icmp_ln290_12)> <Delay = 2.09> <CoreInst = "HMul_maxdsp">   --->   Core 60 'HMul_maxdsp' <Latency = 3> <II = 1> <Delay = 2.09> <FuncUnit> <Opcode : 'hmul'> <InPorts = 2> <OutPorts = 1>
ST_13 : Operation 315 [2/4] (2.09ns)   --->   "%mul169_12 = hmul i16 %sub168_12, i16 %inv_w" [../gen2/Hls_Layers_UpConv.tpp:293]   --->   Operation 315 'hmul' 'mul169_12' <Predicate = (icmp_ln290_13)> <Delay = 2.09> <CoreInst = "HMul_maxdsp">   --->   Core 60 'HMul_maxdsp' <Latency = 3> <II = 1> <Delay = 2.09> <FuncUnit> <Opcode : 'hmul'> <InPorts = 2> <OutPorts = 1>
ST_13 : Operation 316 [2/4] (2.09ns)   --->   "%mul169_13 = hmul i16 %sub168_13, i16 %inv_w" [../gen2/Hls_Layers_UpConv.tpp:293]   --->   Operation 316 'hmul' 'mul169_13' <Predicate = (icmp_ln290_14)> <Delay = 2.09> <CoreInst = "HMul_maxdsp">   --->   Core 60 'HMul_maxdsp' <Latency = 3> <II = 1> <Delay = 2.09> <FuncUnit> <Opcode : 'hmul'> <InPorts = 2> <OutPorts = 1>
ST_13 : Operation 317 [2/4] (2.09ns)   --->   "%mul169_14 = hmul i16 %sub168_14, i16 %inv_w" [../gen2/Hls_Layers_UpConv.tpp:293]   --->   Operation 317 'hmul' 'mul169_14' <Predicate = (icmp_ln290_15)> <Delay = 2.09> <CoreInst = "HMul_maxdsp">   --->   Core 60 'HMul_maxdsp' <Latency = 3> <II = 1> <Delay = 2.09> <FuncUnit> <Opcode : 'hmul'> <InPorts = 2> <OutPorts = 1>

State 14 <SV = 13> <Delay = 2.09>
ST_14 : Operation 318 [1/2] ( I:1.23ns O:1.23ns )   --->   "%g_buf_load = load i5 %g_buf_addr"   --->   Operation 318 'load' 'g_buf_load' <Predicate = true> <Delay = 1.23> <CoreInst = "RAM_T2P_BRAM">   --->   Core 98 'RAM_T2P_BRAM' <Latency = 1> <II = 1> <Delay = 1.23> <Storage> <Opcode : 'load' 'store'> <Ports = 2> <Width = 256> <Depth = 30> <RAM>
ST_14 : Operation 319 [1/1] (0.00ns)   --->   "%u = trunc i256 %g_buf_load" [../gen2/Hls_Layers_UpConv.tpp:291]   --->   Operation 319 'trunc' 'u' <Predicate = (icmp_ln290)> <Delay = 0.00>
ST_14 : Operation 320 [1/4] (2.09ns)   --->   "%mul1 = hmul i16 %sub, i16 %inv_w" [../gen2/Hls_Layers_UpConv.tpp:293]   --->   Operation 320 'hmul' 'mul1' <Predicate = (icmp_ln290)> <Delay = 2.09> <CoreInst = "HMul_maxdsp">   --->   Core 60 'HMul_maxdsp' <Latency = 3> <II = 1> <Delay = 2.09> <FuncUnit> <Opcode : 'hmul'> <InPorts = 2> <OutPorts = 1>
ST_14 : Operation 321 [1/1] (0.00ns)   --->   "%u_145 = partselect i16 @_ssdm_op_PartSelect.i16.i256.i32, i256 %g_buf_load, i32 16" [../gen2/Hls_Layers_UpConv.tpp:291]   --->   Operation 321 'partselect' 'u_145' <Predicate = (icmp_ln290_1)> <Delay = 0.00>
ST_14 : Operation 322 [1/4] (2.09ns)   --->   "%mul169_1 = hmul i16 %sub168_1, i16 %inv_w" [../gen2/Hls_Layers_UpConv.tpp:293]   --->   Operation 322 'hmul' 'mul169_1' <Predicate = (icmp_ln290_1)> <Delay = 2.09> <CoreInst = "HMul_maxdsp">   --->   Core 60 'HMul_maxdsp' <Latency = 3> <II = 1> <Delay = 2.09> <FuncUnit> <Opcode : 'hmul'> <InPorts = 2> <OutPorts = 1>
ST_14 : Operation 323 [1/1] (0.00ns)   --->   "%u_146 = partselect i16 @_ssdm_op_PartSelect.i16.i256.i32, i256 %g_buf_load, i32 32" [../gen2/Hls_Layers_UpConv.tpp:291]   --->   Operation 323 'partselect' 'u_146' <Predicate = (icmp_ln290_2)> <Delay = 0.00>
ST_14 : Operation 324 [1/4] (2.09ns)   --->   "%mul169_2 = hmul i16 %sub168_2, i16 %inv_w" [../gen2/Hls_Layers_UpConv.tpp:293]   --->   Operation 324 'hmul' 'mul169_2' <Predicate = (icmp_ln290_2)> <Delay = 2.09> <CoreInst = "HMul_maxdsp">   --->   Core 60 'HMul_maxdsp' <Latency = 3> <II = 1> <Delay = 2.09> <FuncUnit> <Opcode : 'hmul'> <InPorts = 2> <OutPorts = 1>
ST_14 : Operation 325 [1/1] (0.00ns)   --->   "%u_147 = partselect i16 @_ssdm_op_PartSelect.i16.i256.i32, i256 %g_buf_load, i32 48" [../gen2/Hls_Layers_UpConv.tpp:291]   --->   Operation 325 'partselect' 'u_147' <Predicate = (icmp_ln290_3)> <Delay = 0.00>
ST_14 : Operation 326 [1/4] (2.09ns)   --->   "%mul169_3 = hmul i16 %sub168_3, i16 %inv_w" [../gen2/Hls_Layers_UpConv.tpp:293]   --->   Operation 326 'hmul' 'mul169_3' <Predicate = (icmp_ln290_3)> <Delay = 2.09> <CoreInst = "HMul_maxdsp">   --->   Core 60 'HMul_maxdsp' <Latency = 3> <II = 1> <Delay = 2.09> <FuncUnit> <Opcode : 'hmul'> <InPorts = 2> <OutPorts = 1>
ST_14 : Operation 327 [1/1] (0.00ns)   --->   "%u_148 = partselect i16 @_ssdm_op_PartSelect.i16.i256.i32, i256 %g_buf_load, i32 64" [../gen2/Hls_Layers_UpConv.tpp:291]   --->   Operation 327 'partselect' 'u_148' <Predicate = (icmp_ln290_4)> <Delay = 0.00>
ST_14 : Operation 328 [1/4] (2.09ns)   --->   "%mul169_4 = hmul i16 %sub168_4, i16 %inv_w" [../gen2/Hls_Layers_UpConv.tpp:293]   --->   Operation 328 'hmul' 'mul169_4' <Predicate = (icmp_ln290_4)> <Delay = 2.09> <CoreInst = "HMul_maxdsp">   --->   Core 60 'HMul_maxdsp' <Latency = 3> <II = 1> <Delay = 2.09> <FuncUnit> <Opcode : 'hmul'> <InPorts = 2> <OutPorts = 1>
ST_14 : Operation 329 [1/1] (0.00ns)   --->   "%u_149 = partselect i16 @_ssdm_op_PartSelect.i16.i256.i32, i256 %g_buf_load, i32 80" [../gen2/Hls_Layers_UpConv.tpp:291]   --->   Operation 329 'partselect' 'u_149' <Predicate = (icmp_ln290_5)> <Delay = 0.00>
ST_14 : Operation 330 [1/4] (2.09ns)   --->   "%mul169_5 = hmul i16 %sub168_5, i16 %inv_w" [../gen2/Hls_Layers_UpConv.tpp:293]   --->   Operation 330 'hmul' 'mul169_5' <Predicate = (icmp_ln290_5)> <Delay = 2.09> <CoreInst = "HMul_maxdsp">   --->   Core 60 'HMul_maxdsp' <Latency = 3> <II = 1> <Delay = 2.09> <FuncUnit> <Opcode : 'hmul'> <InPorts = 2> <OutPorts = 1>
ST_14 : Operation 331 [1/1] (0.00ns)   --->   "%u_150 = partselect i16 @_ssdm_op_PartSelect.i16.i256.i32, i256 %g_buf_load, i32 96" [../gen2/Hls_Layers_UpConv.tpp:291]   --->   Operation 331 'partselect' 'u_150' <Predicate = (icmp_ln290_6)> <Delay = 0.00>
ST_14 : Operation 332 [1/4] (2.09ns)   --->   "%mul169_6 = hmul i16 %sub168_6, i16 %inv_w" [../gen2/Hls_Layers_UpConv.tpp:293]   --->   Operation 332 'hmul' 'mul169_6' <Predicate = (icmp_ln290_6)> <Delay = 2.09> <CoreInst = "HMul_maxdsp">   --->   Core 60 'HMul_maxdsp' <Latency = 3> <II = 1> <Delay = 2.09> <FuncUnit> <Opcode : 'hmul'> <InPorts = 2> <OutPorts = 1>
ST_14 : Operation 333 [1/1] (0.00ns)   --->   "%u_151 = partselect i16 @_ssdm_op_PartSelect.i16.i256.i32, i256 %g_buf_load, i32 112" [../gen2/Hls_Layers_UpConv.tpp:291]   --->   Operation 333 'partselect' 'u_151' <Predicate = (icmp_ln290_7)> <Delay = 0.00>
ST_14 : Operation 334 [1/4] (2.09ns)   --->   "%mul169_7 = hmul i16 %sub168_7, i16 %inv_w" [../gen2/Hls_Layers_UpConv.tpp:293]   --->   Operation 334 'hmul' 'mul169_7' <Predicate = (icmp_ln290_7)> <Delay = 2.09> <CoreInst = "HMul_maxdsp">   --->   Core 60 'HMul_maxdsp' <Latency = 3> <II = 1> <Delay = 2.09> <FuncUnit> <Opcode : 'hmul'> <InPorts = 2> <OutPorts = 1>
ST_14 : Operation 335 [1/1] (0.00ns)   --->   "%u_152 = partselect i16 @_ssdm_op_PartSelect.i16.i256.i32, i256 %g_buf_load, i32 128" [../gen2/Hls_Layers_UpConv.tpp:291]   --->   Operation 335 'partselect' 'u_152' <Predicate = (icmp_ln290_8)> <Delay = 0.00>
ST_14 : Operation 336 [1/4] (2.09ns)   --->   "%mul169_8 = hmul i16 %sub168_8, i16 %inv_w" [../gen2/Hls_Layers_UpConv.tpp:293]   --->   Operation 336 'hmul' 'mul169_8' <Predicate = (icmp_ln290_8)> <Delay = 2.09> <CoreInst = "HMul_maxdsp">   --->   Core 60 'HMul_maxdsp' <Latency = 3> <II = 1> <Delay = 2.09> <FuncUnit> <Opcode : 'hmul'> <InPorts = 2> <OutPorts = 1>
ST_14 : Operation 337 [1/1] (0.00ns)   --->   "%u_154 = partselect i16 @_ssdm_op_PartSelect.i16.i256.i32, i256 %g_buf_load, i32 144" [../gen2/Hls_Layers_UpConv.tpp:291]   --->   Operation 337 'partselect' 'u_154' <Predicate = (icmp_ln290_9)> <Delay = 0.00>
ST_14 : Operation 338 [1/4] (2.09ns)   --->   "%mul169_9 = hmul i16 %sub168_9, i16 %inv_w" [../gen2/Hls_Layers_UpConv.tpp:293]   --->   Operation 338 'hmul' 'mul169_9' <Predicate = (icmp_ln290_9)> <Delay = 2.09> <CoreInst = "HMul_maxdsp">   --->   Core 60 'HMul_maxdsp' <Latency = 3> <II = 1> <Delay = 2.09> <FuncUnit> <Opcode : 'hmul'> <InPorts = 2> <OutPorts = 1>
ST_14 : Operation 339 [1/1] (0.00ns)   --->   "%u_156 = partselect i16 @_ssdm_op_PartSelect.i16.i256.i32, i256 %g_buf_load, i32 160" [../gen2/Hls_Layers_UpConv.tpp:291]   --->   Operation 339 'partselect' 'u_156' <Predicate = (icmp_ln290_10)> <Delay = 0.00>
ST_14 : Operation 340 [1/4] (2.09ns)   --->   "%mul169_s = hmul i16 %sub168_s, i16 %inv_w" [../gen2/Hls_Layers_UpConv.tpp:293]   --->   Operation 340 'hmul' 'mul169_s' <Predicate = (icmp_ln290_10)> <Delay = 2.09> <CoreInst = "HMul_maxdsp">   --->   Core 60 'HMul_maxdsp' <Latency = 3> <II = 1> <Delay = 2.09> <FuncUnit> <Opcode : 'hmul'> <InPorts = 2> <OutPorts = 1>
ST_14 : Operation 341 [1/1] (0.00ns)   --->   "%u_158 = partselect i16 @_ssdm_op_PartSelect.i16.i256.i32, i256 %g_buf_load, i32 176" [../gen2/Hls_Layers_UpConv.tpp:291]   --->   Operation 341 'partselect' 'u_158' <Predicate = (icmp_ln290_11)> <Delay = 0.00>
ST_14 : Operation 342 [1/4] (2.09ns)   --->   "%mul169_10 = hmul i16 %sub168_10, i16 %inv_w" [../gen2/Hls_Layers_UpConv.tpp:293]   --->   Operation 342 'hmul' 'mul169_10' <Predicate = (icmp_ln290_11)> <Delay = 2.09> <CoreInst = "HMul_maxdsp">   --->   Core 60 'HMul_maxdsp' <Latency = 3> <II = 1> <Delay = 2.09> <FuncUnit> <Opcode : 'hmul'> <InPorts = 2> <OutPorts = 1>
ST_14 : Operation 343 [1/1] (0.00ns)   --->   "%u_160 = partselect i16 @_ssdm_op_PartSelect.i16.i256.i32, i256 %g_buf_load, i32 192" [../gen2/Hls_Layers_UpConv.tpp:291]   --->   Operation 343 'partselect' 'u_160' <Predicate = (icmp_ln290_12)> <Delay = 0.00>
ST_14 : Operation 344 [1/4] (2.09ns)   --->   "%mul169_11 = hmul i16 %sub168_11, i16 %inv_w" [../gen2/Hls_Layers_UpConv.tpp:293]   --->   Operation 344 'hmul' 'mul169_11' <Predicate = (icmp_ln290_12)> <Delay = 2.09> <CoreInst = "HMul_maxdsp">   --->   Core 60 'HMul_maxdsp' <Latency = 3> <II = 1> <Delay = 2.09> <FuncUnit> <Opcode : 'hmul'> <InPorts = 2> <OutPorts = 1>
ST_14 : Operation 345 [1/1] (0.00ns)   --->   "%u_162 = partselect i16 @_ssdm_op_PartSelect.i16.i256.i32, i256 %g_buf_load, i32 208" [../gen2/Hls_Layers_UpConv.tpp:291]   --->   Operation 345 'partselect' 'u_162' <Predicate = (icmp_ln290_13)> <Delay = 0.00>
ST_14 : Operation 346 [1/4] (2.09ns)   --->   "%mul169_12 = hmul i16 %sub168_12, i16 %inv_w" [../gen2/Hls_Layers_UpConv.tpp:293]   --->   Operation 346 'hmul' 'mul169_12' <Predicate = (icmp_ln290_13)> <Delay = 2.09> <CoreInst = "HMul_maxdsp">   --->   Core 60 'HMul_maxdsp' <Latency = 3> <II = 1> <Delay = 2.09> <FuncUnit> <Opcode : 'hmul'> <InPorts = 2> <OutPorts = 1>
ST_14 : Operation 347 [1/1] (0.00ns)   --->   "%u_164 = partselect i16 @_ssdm_op_PartSelect.i16.i256.i32, i256 %g_buf_load, i32 224" [../gen2/Hls_Layers_UpConv.tpp:291]   --->   Operation 347 'partselect' 'u_164' <Predicate = (icmp_ln290_14)> <Delay = 0.00>
ST_14 : Operation 348 [1/4] (2.09ns)   --->   "%mul169_13 = hmul i16 %sub168_13, i16 %inv_w" [../gen2/Hls_Layers_UpConv.tpp:293]   --->   Operation 348 'hmul' 'mul169_13' <Predicate = (icmp_ln290_14)> <Delay = 2.09> <CoreInst = "HMul_maxdsp">   --->   Core 60 'HMul_maxdsp' <Latency = 3> <II = 1> <Delay = 2.09> <FuncUnit> <Opcode : 'hmul'> <InPorts = 2> <OutPorts = 1>
ST_14 : Operation 349 [1/1] (0.00ns)   --->   "%u_166 = partselect i16 @_ssdm_op_PartSelect.i16.i256.i32, i256 %g_buf_load, i32 240" [../gen2/Hls_Layers_UpConv.tpp:291]   --->   Operation 349 'partselect' 'u_166' <Predicate = (icmp_ln290_15)> <Delay = 0.00>
ST_14 : Operation 350 [1/4] (2.09ns)   --->   "%mul169_14 = hmul i16 %sub168_14, i16 %inv_w" [../gen2/Hls_Layers_UpConv.tpp:293]   --->   Operation 350 'hmul' 'mul169_14' <Predicate = (icmp_ln290_15)> <Delay = 2.09> <CoreInst = "HMul_maxdsp">   --->   Core 60 'HMul_maxdsp' <Latency = 3> <II = 1> <Delay = 2.09> <FuncUnit> <Opcode : 'hmul'> <InPorts = 2> <OutPorts = 1>

State 15 <SV = 14> <Delay = 2.09>
ST_15 : Operation 351 [1/1] (0.00ns)   --->   "%g = bitcast i16 %u" [../gen2/Hls_Layers_UpConv.tpp:43->../gen2/Hls_Layers_UpConv.tpp:291]   --->   Operation 351 'bitcast' 'g' <Predicate = (icmp_ln290)> <Delay = 0.00>
ST_15 : Operation 352 [4/4] (2.09ns)   --->   "%mul2 = hmul i16 %mul1, i16 %g" [../gen2/Hls_Layers_UpConv.tpp:293]   --->   Operation 352 'hmul' 'mul2' <Predicate = (icmp_ln290)> <Delay = 2.09> <CoreInst = "HMul_maxdsp">   --->   Core 60 'HMul_maxdsp' <Latency = 3> <II = 1> <Delay = 2.09> <FuncUnit> <Opcode : 'hmul'> <InPorts = 2> <OutPorts = 1>
ST_15 : Operation 353 [1/1] (0.00ns)   --->   "%g_1 = bitcast i16 %u_145" [../gen2/Hls_Layers_UpConv.tpp:43->../gen2/Hls_Layers_UpConv.tpp:291]   --->   Operation 353 'bitcast' 'g_1' <Predicate = (icmp_ln290_1)> <Delay = 0.00>
ST_15 : Operation 354 [4/4] (2.09ns)   --->   "%mul170_1 = hmul i16 %mul169_1, i16 %g_1" [../gen2/Hls_Layers_UpConv.tpp:293]   --->   Operation 354 'hmul' 'mul170_1' <Predicate = (icmp_ln290_1)> <Delay = 2.09> <CoreInst = "HMul_maxdsp">   --->   Core 60 'HMul_maxdsp' <Latency = 3> <II = 1> <Delay = 2.09> <FuncUnit> <Opcode : 'hmul'> <InPorts = 2> <OutPorts = 1>
ST_15 : Operation 355 [1/1] (0.00ns)   --->   "%g_2 = bitcast i16 %u_146" [../gen2/Hls_Layers_UpConv.tpp:43->../gen2/Hls_Layers_UpConv.tpp:291]   --->   Operation 355 'bitcast' 'g_2' <Predicate = (icmp_ln290_2)> <Delay = 0.00>
ST_15 : Operation 356 [4/4] (2.09ns)   --->   "%mul170_2 = hmul i16 %mul169_2, i16 %g_2" [../gen2/Hls_Layers_UpConv.tpp:293]   --->   Operation 356 'hmul' 'mul170_2' <Predicate = (icmp_ln290_2)> <Delay = 2.09> <CoreInst = "HMul_maxdsp">   --->   Core 60 'HMul_maxdsp' <Latency = 3> <II = 1> <Delay = 2.09> <FuncUnit> <Opcode : 'hmul'> <InPorts = 2> <OutPorts = 1>
ST_15 : Operation 357 [1/1] (0.00ns)   --->   "%g_3 = bitcast i16 %u_147" [../gen2/Hls_Layers_UpConv.tpp:43->../gen2/Hls_Layers_UpConv.tpp:291]   --->   Operation 357 'bitcast' 'g_3' <Predicate = (icmp_ln290_3)> <Delay = 0.00>
ST_15 : Operation 358 [4/4] (2.09ns)   --->   "%mul170_3 = hmul i16 %mul169_3, i16 %g_3" [../gen2/Hls_Layers_UpConv.tpp:293]   --->   Operation 358 'hmul' 'mul170_3' <Predicate = (icmp_ln290_3)> <Delay = 2.09> <CoreInst = "HMul_maxdsp">   --->   Core 60 'HMul_maxdsp' <Latency = 3> <II = 1> <Delay = 2.09> <FuncUnit> <Opcode : 'hmul'> <InPorts = 2> <OutPorts = 1>
ST_15 : Operation 359 [1/1] (0.00ns)   --->   "%g_4 = bitcast i16 %u_148" [../gen2/Hls_Layers_UpConv.tpp:43->../gen2/Hls_Layers_UpConv.tpp:291]   --->   Operation 359 'bitcast' 'g_4' <Predicate = (icmp_ln290_4)> <Delay = 0.00>
ST_15 : Operation 360 [4/4] (2.09ns)   --->   "%mul170_4 = hmul i16 %mul169_4, i16 %g_4" [../gen2/Hls_Layers_UpConv.tpp:293]   --->   Operation 360 'hmul' 'mul170_4' <Predicate = (icmp_ln290_4)> <Delay = 2.09> <CoreInst = "HMul_maxdsp">   --->   Core 60 'HMul_maxdsp' <Latency = 3> <II = 1> <Delay = 2.09> <FuncUnit> <Opcode : 'hmul'> <InPorts = 2> <OutPorts = 1>
ST_15 : Operation 361 [1/1] (0.00ns)   --->   "%g_5 = bitcast i16 %u_149" [../gen2/Hls_Layers_UpConv.tpp:43->../gen2/Hls_Layers_UpConv.tpp:291]   --->   Operation 361 'bitcast' 'g_5' <Predicate = (icmp_ln290_5)> <Delay = 0.00>
ST_15 : Operation 362 [4/4] (2.09ns)   --->   "%mul170_5 = hmul i16 %mul169_5, i16 %g_5" [../gen2/Hls_Layers_UpConv.tpp:293]   --->   Operation 362 'hmul' 'mul170_5' <Predicate = (icmp_ln290_5)> <Delay = 2.09> <CoreInst = "HMul_maxdsp">   --->   Core 60 'HMul_maxdsp' <Latency = 3> <II = 1> <Delay = 2.09> <FuncUnit> <Opcode : 'hmul'> <InPorts = 2> <OutPorts = 1>
ST_15 : Operation 363 [1/1] (0.00ns)   --->   "%g_6 = bitcast i16 %u_150" [../gen2/Hls_Layers_UpConv.tpp:43->../gen2/Hls_Layers_UpConv.tpp:291]   --->   Operation 363 'bitcast' 'g_6' <Predicate = (icmp_ln290_6)> <Delay = 0.00>
ST_15 : Operation 364 [4/4] (2.09ns)   --->   "%mul170_6 = hmul i16 %mul169_6, i16 %g_6" [../gen2/Hls_Layers_UpConv.tpp:293]   --->   Operation 364 'hmul' 'mul170_6' <Predicate = (icmp_ln290_6)> <Delay = 2.09> <CoreInst = "HMul_maxdsp">   --->   Core 60 'HMul_maxdsp' <Latency = 3> <II = 1> <Delay = 2.09> <FuncUnit> <Opcode : 'hmul'> <InPorts = 2> <OutPorts = 1>
ST_15 : Operation 365 [1/1] (0.00ns)   --->   "%g_7 = bitcast i16 %u_151" [../gen2/Hls_Layers_UpConv.tpp:43->../gen2/Hls_Layers_UpConv.tpp:291]   --->   Operation 365 'bitcast' 'g_7' <Predicate = (icmp_ln290_7)> <Delay = 0.00>
ST_15 : Operation 366 [4/4] (2.09ns)   --->   "%mul170_7 = hmul i16 %mul169_7, i16 %g_7" [../gen2/Hls_Layers_UpConv.tpp:293]   --->   Operation 366 'hmul' 'mul170_7' <Predicate = (icmp_ln290_7)> <Delay = 2.09> <CoreInst = "HMul_maxdsp">   --->   Core 60 'HMul_maxdsp' <Latency = 3> <II = 1> <Delay = 2.09> <FuncUnit> <Opcode : 'hmul'> <InPorts = 2> <OutPorts = 1>
ST_15 : Operation 367 [1/1] (0.00ns)   --->   "%g_8 = bitcast i16 %u_152" [../gen2/Hls_Layers_UpConv.tpp:43->../gen2/Hls_Layers_UpConv.tpp:291]   --->   Operation 367 'bitcast' 'g_8' <Predicate = (icmp_ln290_8)> <Delay = 0.00>
ST_15 : Operation 368 [4/4] (2.09ns)   --->   "%mul170_8 = hmul i16 %mul169_8, i16 %g_8" [../gen2/Hls_Layers_UpConv.tpp:293]   --->   Operation 368 'hmul' 'mul170_8' <Predicate = (icmp_ln290_8)> <Delay = 2.09> <CoreInst = "HMul_maxdsp">   --->   Core 60 'HMul_maxdsp' <Latency = 3> <II = 1> <Delay = 2.09> <FuncUnit> <Opcode : 'hmul'> <InPorts = 2> <OutPorts = 1>
ST_15 : Operation 369 [1/1] (0.00ns)   --->   "%g_9 = bitcast i16 %u_154" [../gen2/Hls_Layers_UpConv.tpp:43->../gen2/Hls_Layers_UpConv.tpp:291]   --->   Operation 369 'bitcast' 'g_9' <Predicate = (icmp_ln290_9)> <Delay = 0.00>
ST_15 : Operation 370 [4/4] (2.09ns)   --->   "%mul170_9 = hmul i16 %mul169_9, i16 %g_9" [../gen2/Hls_Layers_UpConv.tpp:293]   --->   Operation 370 'hmul' 'mul170_9' <Predicate = (icmp_ln290_9)> <Delay = 2.09> <CoreInst = "HMul_maxdsp">   --->   Core 60 'HMul_maxdsp' <Latency = 3> <II = 1> <Delay = 2.09> <FuncUnit> <Opcode : 'hmul'> <InPorts = 2> <OutPorts = 1>
ST_15 : Operation 371 [1/1] (0.00ns)   --->   "%g_10 = bitcast i16 %u_156" [../gen2/Hls_Layers_UpConv.tpp:43->../gen2/Hls_Layers_UpConv.tpp:291]   --->   Operation 371 'bitcast' 'g_10' <Predicate = (icmp_ln290_10)> <Delay = 0.00>
ST_15 : Operation 372 [4/4] (2.09ns)   --->   "%mul170_s = hmul i16 %mul169_s, i16 %g_10" [../gen2/Hls_Layers_UpConv.tpp:293]   --->   Operation 372 'hmul' 'mul170_s' <Predicate = (icmp_ln290_10)> <Delay = 2.09> <CoreInst = "HMul_maxdsp">   --->   Core 60 'HMul_maxdsp' <Latency = 3> <II = 1> <Delay = 2.09> <FuncUnit> <Opcode : 'hmul'> <InPorts = 2> <OutPorts = 1>
ST_15 : Operation 373 [1/1] (0.00ns)   --->   "%g_11 = bitcast i16 %u_158" [../gen2/Hls_Layers_UpConv.tpp:43->../gen2/Hls_Layers_UpConv.tpp:291]   --->   Operation 373 'bitcast' 'g_11' <Predicate = (icmp_ln290_11)> <Delay = 0.00>
ST_15 : Operation 374 [4/4] (2.09ns)   --->   "%mul170_10 = hmul i16 %mul169_10, i16 %g_11" [../gen2/Hls_Layers_UpConv.tpp:293]   --->   Operation 374 'hmul' 'mul170_10' <Predicate = (icmp_ln290_11)> <Delay = 2.09> <CoreInst = "HMul_maxdsp">   --->   Core 60 'HMul_maxdsp' <Latency = 3> <II = 1> <Delay = 2.09> <FuncUnit> <Opcode : 'hmul'> <InPorts = 2> <OutPorts = 1>
ST_15 : Operation 375 [1/1] (0.00ns)   --->   "%g_12 = bitcast i16 %u_160" [../gen2/Hls_Layers_UpConv.tpp:43->../gen2/Hls_Layers_UpConv.tpp:291]   --->   Operation 375 'bitcast' 'g_12' <Predicate = (icmp_ln290_12)> <Delay = 0.00>
ST_15 : Operation 376 [4/4] (2.09ns)   --->   "%mul170_11 = hmul i16 %mul169_11, i16 %g_12" [../gen2/Hls_Layers_UpConv.tpp:293]   --->   Operation 376 'hmul' 'mul170_11' <Predicate = (icmp_ln290_12)> <Delay = 2.09> <CoreInst = "HMul_maxdsp">   --->   Core 60 'HMul_maxdsp' <Latency = 3> <II = 1> <Delay = 2.09> <FuncUnit> <Opcode : 'hmul'> <InPorts = 2> <OutPorts = 1>
ST_15 : Operation 377 [1/1] (0.00ns)   --->   "%g_13 = bitcast i16 %u_162" [../gen2/Hls_Layers_UpConv.tpp:43->../gen2/Hls_Layers_UpConv.tpp:291]   --->   Operation 377 'bitcast' 'g_13' <Predicate = (icmp_ln290_13)> <Delay = 0.00>
ST_15 : Operation 378 [4/4] (2.09ns)   --->   "%mul170_12 = hmul i16 %mul169_12, i16 %g_13" [../gen2/Hls_Layers_UpConv.tpp:293]   --->   Operation 378 'hmul' 'mul170_12' <Predicate = (icmp_ln290_13)> <Delay = 2.09> <CoreInst = "HMul_maxdsp">   --->   Core 60 'HMul_maxdsp' <Latency = 3> <II = 1> <Delay = 2.09> <FuncUnit> <Opcode : 'hmul'> <InPorts = 2> <OutPorts = 1>
ST_15 : Operation 379 [1/1] (0.00ns)   --->   "%g_14 = bitcast i16 %u_164" [../gen2/Hls_Layers_UpConv.tpp:43->../gen2/Hls_Layers_UpConv.tpp:291]   --->   Operation 379 'bitcast' 'g_14' <Predicate = (icmp_ln290_14)> <Delay = 0.00>
ST_15 : Operation 380 [4/4] (2.09ns)   --->   "%mul170_13 = hmul i16 %mul169_13, i16 %g_14" [../gen2/Hls_Layers_UpConv.tpp:293]   --->   Operation 380 'hmul' 'mul170_13' <Predicate = (icmp_ln290_14)> <Delay = 2.09> <CoreInst = "HMul_maxdsp">   --->   Core 60 'HMul_maxdsp' <Latency = 3> <II = 1> <Delay = 2.09> <FuncUnit> <Opcode : 'hmul'> <InPorts = 2> <OutPorts = 1>
ST_15 : Operation 381 [1/1] (0.00ns)   --->   "%g_15 = bitcast i16 %u_166" [../gen2/Hls_Layers_UpConv.tpp:43->../gen2/Hls_Layers_UpConv.tpp:291]   --->   Operation 381 'bitcast' 'g_15' <Predicate = (icmp_ln290_15)> <Delay = 0.00>
ST_15 : Operation 382 [4/4] (2.09ns)   --->   "%mul170_14 = hmul i16 %mul169_14, i16 %g_15" [../gen2/Hls_Layers_UpConv.tpp:293]   --->   Operation 382 'hmul' 'mul170_14' <Predicate = (icmp_ln290_15)> <Delay = 2.09> <CoreInst = "HMul_maxdsp">   --->   Core 60 'HMul_maxdsp' <Latency = 3> <II = 1> <Delay = 2.09> <FuncUnit> <Opcode : 'hmul'> <InPorts = 2> <OutPorts = 1>

State 16 <SV = 15> <Delay = 2.09>
ST_16 : Operation 383 [3/4] (2.09ns)   --->   "%mul2 = hmul i16 %mul1, i16 %g" [../gen2/Hls_Layers_UpConv.tpp:293]   --->   Operation 383 'hmul' 'mul2' <Predicate = (icmp_ln290)> <Delay = 2.09> <CoreInst = "HMul_maxdsp">   --->   Core 60 'HMul_maxdsp' <Latency = 3> <II = 1> <Delay = 2.09> <FuncUnit> <Opcode : 'hmul'> <InPorts = 2> <OutPorts = 1>
ST_16 : Operation 384 [3/4] (2.09ns)   --->   "%mul170_1 = hmul i16 %mul169_1, i16 %g_1" [../gen2/Hls_Layers_UpConv.tpp:293]   --->   Operation 384 'hmul' 'mul170_1' <Predicate = (icmp_ln290_1)> <Delay = 2.09> <CoreInst = "HMul_maxdsp">   --->   Core 60 'HMul_maxdsp' <Latency = 3> <II = 1> <Delay = 2.09> <FuncUnit> <Opcode : 'hmul'> <InPorts = 2> <OutPorts = 1>
ST_16 : Operation 385 [3/4] (2.09ns)   --->   "%mul170_2 = hmul i16 %mul169_2, i16 %g_2" [../gen2/Hls_Layers_UpConv.tpp:293]   --->   Operation 385 'hmul' 'mul170_2' <Predicate = (icmp_ln290_2)> <Delay = 2.09> <CoreInst = "HMul_maxdsp">   --->   Core 60 'HMul_maxdsp' <Latency = 3> <II = 1> <Delay = 2.09> <FuncUnit> <Opcode : 'hmul'> <InPorts = 2> <OutPorts = 1>
ST_16 : Operation 386 [3/4] (2.09ns)   --->   "%mul170_3 = hmul i16 %mul169_3, i16 %g_3" [../gen2/Hls_Layers_UpConv.tpp:293]   --->   Operation 386 'hmul' 'mul170_3' <Predicate = (icmp_ln290_3)> <Delay = 2.09> <CoreInst = "HMul_maxdsp">   --->   Core 60 'HMul_maxdsp' <Latency = 3> <II = 1> <Delay = 2.09> <FuncUnit> <Opcode : 'hmul'> <InPorts = 2> <OutPorts = 1>
ST_16 : Operation 387 [3/4] (2.09ns)   --->   "%mul170_4 = hmul i16 %mul169_4, i16 %g_4" [../gen2/Hls_Layers_UpConv.tpp:293]   --->   Operation 387 'hmul' 'mul170_4' <Predicate = (icmp_ln290_4)> <Delay = 2.09> <CoreInst = "HMul_maxdsp">   --->   Core 60 'HMul_maxdsp' <Latency = 3> <II = 1> <Delay = 2.09> <FuncUnit> <Opcode : 'hmul'> <InPorts = 2> <OutPorts = 1>
ST_16 : Operation 388 [3/4] (2.09ns)   --->   "%mul170_5 = hmul i16 %mul169_5, i16 %g_5" [../gen2/Hls_Layers_UpConv.tpp:293]   --->   Operation 388 'hmul' 'mul170_5' <Predicate = (icmp_ln290_5)> <Delay = 2.09> <CoreInst = "HMul_maxdsp">   --->   Core 60 'HMul_maxdsp' <Latency = 3> <II = 1> <Delay = 2.09> <FuncUnit> <Opcode : 'hmul'> <InPorts = 2> <OutPorts = 1>
ST_16 : Operation 389 [3/4] (2.09ns)   --->   "%mul170_6 = hmul i16 %mul169_6, i16 %g_6" [../gen2/Hls_Layers_UpConv.tpp:293]   --->   Operation 389 'hmul' 'mul170_6' <Predicate = (icmp_ln290_6)> <Delay = 2.09> <CoreInst = "HMul_maxdsp">   --->   Core 60 'HMul_maxdsp' <Latency = 3> <II = 1> <Delay = 2.09> <FuncUnit> <Opcode : 'hmul'> <InPorts = 2> <OutPorts = 1>
ST_16 : Operation 390 [3/4] (2.09ns)   --->   "%mul170_7 = hmul i16 %mul169_7, i16 %g_7" [../gen2/Hls_Layers_UpConv.tpp:293]   --->   Operation 390 'hmul' 'mul170_7' <Predicate = (icmp_ln290_7)> <Delay = 2.09> <CoreInst = "HMul_maxdsp">   --->   Core 60 'HMul_maxdsp' <Latency = 3> <II = 1> <Delay = 2.09> <FuncUnit> <Opcode : 'hmul'> <InPorts = 2> <OutPorts = 1>
ST_16 : Operation 391 [3/4] (2.09ns)   --->   "%mul170_8 = hmul i16 %mul169_8, i16 %g_8" [../gen2/Hls_Layers_UpConv.tpp:293]   --->   Operation 391 'hmul' 'mul170_8' <Predicate = (icmp_ln290_8)> <Delay = 2.09> <CoreInst = "HMul_maxdsp">   --->   Core 60 'HMul_maxdsp' <Latency = 3> <II = 1> <Delay = 2.09> <FuncUnit> <Opcode : 'hmul'> <InPorts = 2> <OutPorts = 1>
ST_16 : Operation 392 [3/4] (2.09ns)   --->   "%mul170_9 = hmul i16 %mul169_9, i16 %g_9" [../gen2/Hls_Layers_UpConv.tpp:293]   --->   Operation 392 'hmul' 'mul170_9' <Predicate = (icmp_ln290_9)> <Delay = 2.09> <CoreInst = "HMul_maxdsp">   --->   Core 60 'HMul_maxdsp' <Latency = 3> <II = 1> <Delay = 2.09> <FuncUnit> <Opcode : 'hmul'> <InPorts = 2> <OutPorts = 1>
ST_16 : Operation 393 [3/4] (2.09ns)   --->   "%mul170_s = hmul i16 %mul169_s, i16 %g_10" [../gen2/Hls_Layers_UpConv.tpp:293]   --->   Operation 393 'hmul' 'mul170_s' <Predicate = (icmp_ln290_10)> <Delay = 2.09> <CoreInst = "HMul_maxdsp">   --->   Core 60 'HMul_maxdsp' <Latency = 3> <II = 1> <Delay = 2.09> <FuncUnit> <Opcode : 'hmul'> <InPorts = 2> <OutPorts = 1>
ST_16 : Operation 394 [3/4] (2.09ns)   --->   "%mul170_10 = hmul i16 %mul169_10, i16 %g_11" [../gen2/Hls_Layers_UpConv.tpp:293]   --->   Operation 394 'hmul' 'mul170_10' <Predicate = (icmp_ln290_11)> <Delay = 2.09> <CoreInst = "HMul_maxdsp">   --->   Core 60 'HMul_maxdsp' <Latency = 3> <II = 1> <Delay = 2.09> <FuncUnit> <Opcode : 'hmul'> <InPorts = 2> <OutPorts = 1>
ST_16 : Operation 395 [3/4] (2.09ns)   --->   "%mul170_11 = hmul i16 %mul169_11, i16 %g_12" [../gen2/Hls_Layers_UpConv.tpp:293]   --->   Operation 395 'hmul' 'mul170_11' <Predicate = (icmp_ln290_12)> <Delay = 2.09> <CoreInst = "HMul_maxdsp">   --->   Core 60 'HMul_maxdsp' <Latency = 3> <II = 1> <Delay = 2.09> <FuncUnit> <Opcode : 'hmul'> <InPorts = 2> <OutPorts = 1>
ST_16 : Operation 396 [3/4] (2.09ns)   --->   "%mul170_12 = hmul i16 %mul169_12, i16 %g_13" [../gen2/Hls_Layers_UpConv.tpp:293]   --->   Operation 396 'hmul' 'mul170_12' <Predicate = (icmp_ln290_13)> <Delay = 2.09> <CoreInst = "HMul_maxdsp">   --->   Core 60 'HMul_maxdsp' <Latency = 3> <II = 1> <Delay = 2.09> <FuncUnit> <Opcode : 'hmul'> <InPorts = 2> <OutPorts = 1>
ST_16 : Operation 397 [3/4] (2.09ns)   --->   "%mul170_13 = hmul i16 %mul169_13, i16 %g_14" [../gen2/Hls_Layers_UpConv.tpp:293]   --->   Operation 397 'hmul' 'mul170_13' <Predicate = (icmp_ln290_14)> <Delay = 2.09> <CoreInst = "HMul_maxdsp">   --->   Core 60 'HMul_maxdsp' <Latency = 3> <II = 1> <Delay = 2.09> <FuncUnit> <Opcode : 'hmul'> <InPorts = 2> <OutPorts = 1>
ST_16 : Operation 398 [3/4] (2.09ns)   --->   "%mul170_14 = hmul i16 %mul169_14, i16 %g_15" [../gen2/Hls_Layers_UpConv.tpp:293]   --->   Operation 398 'hmul' 'mul170_14' <Predicate = (icmp_ln290_15)> <Delay = 2.09> <CoreInst = "HMul_maxdsp">   --->   Core 60 'HMul_maxdsp' <Latency = 3> <II = 1> <Delay = 2.09> <FuncUnit> <Opcode : 'hmul'> <InPorts = 2> <OutPorts = 1>

State 17 <SV = 16> <Delay = 2.09>
ST_17 : Operation 399 [1/1] (0.00ns)   --->   "%be_buf_addr = getelementptr i256 %be_buf, i64 0, i64 %idxprom152"   --->   Operation 399 'getelementptr' 'be_buf_addr' <Predicate = true> <Delay = 0.00>
ST_17 : Operation 400 [2/2] (1.23ns)   --->   "%be_buf_load = load i5 %be_buf_addr"   --->   Operation 400 'load' 'be_buf_load' <Predicate = true> <Delay = 1.23> <CoreInst = "RAM_T2P_BRAM">   --->   Core 98 'RAM_T2P_BRAM' <Latency = 1> <II = 1> <Delay = 1.23> <Storage> <Opcode : 'load' 'store'> <Ports = 2> <Width = 256> <Depth = 30> <RAM>
ST_17 : Operation 401 [2/4] (2.09ns)   --->   "%mul2 = hmul i16 %mul1, i16 %g" [../gen2/Hls_Layers_UpConv.tpp:293]   --->   Operation 401 'hmul' 'mul2' <Predicate = (icmp_ln290)> <Delay = 2.09> <CoreInst = "HMul_maxdsp">   --->   Core 60 'HMul_maxdsp' <Latency = 3> <II = 1> <Delay = 2.09> <FuncUnit> <Opcode : 'hmul'> <InPorts = 2> <OutPorts = 1>
ST_17 : Operation 402 [2/4] (2.09ns)   --->   "%mul170_1 = hmul i16 %mul169_1, i16 %g_1" [../gen2/Hls_Layers_UpConv.tpp:293]   --->   Operation 402 'hmul' 'mul170_1' <Predicate = (icmp_ln290_1)> <Delay = 2.09> <CoreInst = "HMul_maxdsp">   --->   Core 60 'HMul_maxdsp' <Latency = 3> <II = 1> <Delay = 2.09> <FuncUnit> <Opcode : 'hmul'> <InPorts = 2> <OutPorts = 1>
ST_17 : Operation 403 [2/4] (2.09ns)   --->   "%mul170_2 = hmul i16 %mul169_2, i16 %g_2" [../gen2/Hls_Layers_UpConv.tpp:293]   --->   Operation 403 'hmul' 'mul170_2' <Predicate = (icmp_ln290_2)> <Delay = 2.09> <CoreInst = "HMul_maxdsp">   --->   Core 60 'HMul_maxdsp' <Latency = 3> <II = 1> <Delay = 2.09> <FuncUnit> <Opcode : 'hmul'> <InPorts = 2> <OutPorts = 1>
ST_17 : Operation 404 [2/4] (2.09ns)   --->   "%mul170_3 = hmul i16 %mul169_3, i16 %g_3" [../gen2/Hls_Layers_UpConv.tpp:293]   --->   Operation 404 'hmul' 'mul170_3' <Predicate = (icmp_ln290_3)> <Delay = 2.09> <CoreInst = "HMul_maxdsp">   --->   Core 60 'HMul_maxdsp' <Latency = 3> <II = 1> <Delay = 2.09> <FuncUnit> <Opcode : 'hmul'> <InPorts = 2> <OutPorts = 1>
ST_17 : Operation 405 [2/4] (2.09ns)   --->   "%mul170_4 = hmul i16 %mul169_4, i16 %g_4" [../gen2/Hls_Layers_UpConv.tpp:293]   --->   Operation 405 'hmul' 'mul170_4' <Predicate = (icmp_ln290_4)> <Delay = 2.09> <CoreInst = "HMul_maxdsp">   --->   Core 60 'HMul_maxdsp' <Latency = 3> <II = 1> <Delay = 2.09> <FuncUnit> <Opcode : 'hmul'> <InPorts = 2> <OutPorts = 1>
ST_17 : Operation 406 [2/4] (2.09ns)   --->   "%mul170_5 = hmul i16 %mul169_5, i16 %g_5" [../gen2/Hls_Layers_UpConv.tpp:293]   --->   Operation 406 'hmul' 'mul170_5' <Predicate = (icmp_ln290_5)> <Delay = 2.09> <CoreInst = "HMul_maxdsp">   --->   Core 60 'HMul_maxdsp' <Latency = 3> <II = 1> <Delay = 2.09> <FuncUnit> <Opcode : 'hmul'> <InPorts = 2> <OutPorts = 1>
ST_17 : Operation 407 [2/4] (2.09ns)   --->   "%mul170_6 = hmul i16 %mul169_6, i16 %g_6" [../gen2/Hls_Layers_UpConv.tpp:293]   --->   Operation 407 'hmul' 'mul170_6' <Predicate = (icmp_ln290_6)> <Delay = 2.09> <CoreInst = "HMul_maxdsp">   --->   Core 60 'HMul_maxdsp' <Latency = 3> <II = 1> <Delay = 2.09> <FuncUnit> <Opcode : 'hmul'> <InPorts = 2> <OutPorts = 1>
ST_17 : Operation 408 [2/4] (2.09ns)   --->   "%mul170_7 = hmul i16 %mul169_7, i16 %g_7" [../gen2/Hls_Layers_UpConv.tpp:293]   --->   Operation 408 'hmul' 'mul170_7' <Predicate = (icmp_ln290_7)> <Delay = 2.09> <CoreInst = "HMul_maxdsp">   --->   Core 60 'HMul_maxdsp' <Latency = 3> <II = 1> <Delay = 2.09> <FuncUnit> <Opcode : 'hmul'> <InPorts = 2> <OutPorts = 1>
ST_17 : Operation 409 [2/4] (2.09ns)   --->   "%mul170_8 = hmul i16 %mul169_8, i16 %g_8" [../gen2/Hls_Layers_UpConv.tpp:293]   --->   Operation 409 'hmul' 'mul170_8' <Predicate = (icmp_ln290_8)> <Delay = 2.09> <CoreInst = "HMul_maxdsp">   --->   Core 60 'HMul_maxdsp' <Latency = 3> <II = 1> <Delay = 2.09> <FuncUnit> <Opcode : 'hmul'> <InPorts = 2> <OutPorts = 1>
ST_17 : Operation 410 [2/4] (2.09ns)   --->   "%mul170_9 = hmul i16 %mul169_9, i16 %g_9" [../gen2/Hls_Layers_UpConv.tpp:293]   --->   Operation 410 'hmul' 'mul170_9' <Predicate = (icmp_ln290_9)> <Delay = 2.09> <CoreInst = "HMul_maxdsp">   --->   Core 60 'HMul_maxdsp' <Latency = 3> <II = 1> <Delay = 2.09> <FuncUnit> <Opcode : 'hmul'> <InPorts = 2> <OutPorts = 1>
ST_17 : Operation 411 [2/4] (2.09ns)   --->   "%mul170_s = hmul i16 %mul169_s, i16 %g_10" [../gen2/Hls_Layers_UpConv.tpp:293]   --->   Operation 411 'hmul' 'mul170_s' <Predicate = (icmp_ln290_10)> <Delay = 2.09> <CoreInst = "HMul_maxdsp">   --->   Core 60 'HMul_maxdsp' <Latency = 3> <II = 1> <Delay = 2.09> <FuncUnit> <Opcode : 'hmul'> <InPorts = 2> <OutPorts = 1>
ST_17 : Operation 412 [2/4] (2.09ns)   --->   "%mul170_10 = hmul i16 %mul169_10, i16 %g_11" [../gen2/Hls_Layers_UpConv.tpp:293]   --->   Operation 412 'hmul' 'mul170_10' <Predicate = (icmp_ln290_11)> <Delay = 2.09> <CoreInst = "HMul_maxdsp">   --->   Core 60 'HMul_maxdsp' <Latency = 3> <II = 1> <Delay = 2.09> <FuncUnit> <Opcode : 'hmul'> <InPorts = 2> <OutPorts = 1>
ST_17 : Operation 413 [2/4] (2.09ns)   --->   "%mul170_11 = hmul i16 %mul169_11, i16 %g_12" [../gen2/Hls_Layers_UpConv.tpp:293]   --->   Operation 413 'hmul' 'mul170_11' <Predicate = (icmp_ln290_12)> <Delay = 2.09> <CoreInst = "HMul_maxdsp">   --->   Core 60 'HMul_maxdsp' <Latency = 3> <II = 1> <Delay = 2.09> <FuncUnit> <Opcode : 'hmul'> <InPorts = 2> <OutPorts = 1>
ST_17 : Operation 414 [2/4] (2.09ns)   --->   "%mul170_12 = hmul i16 %mul169_12, i16 %g_13" [../gen2/Hls_Layers_UpConv.tpp:293]   --->   Operation 414 'hmul' 'mul170_12' <Predicate = (icmp_ln290_13)> <Delay = 2.09> <CoreInst = "HMul_maxdsp">   --->   Core 60 'HMul_maxdsp' <Latency = 3> <II = 1> <Delay = 2.09> <FuncUnit> <Opcode : 'hmul'> <InPorts = 2> <OutPorts = 1>
ST_17 : Operation 415 [2/4] (2.09ns)   --->   "%mul170_13 = hmul i16 %mul169_13, i16 %g_14" [../gen2/Hls_Layers_UpConv.tpp:293]   --->   Operation 415 'hmul' 'mul170_13' <Predicate = (icmp_ln290_14)> <Delay = 2.09> <CoreInst = "HMul_maxdsp">   --->   Core 60 'HMul_maxdsp' <Latency = 3> <II = 1> <Delay = 2.09> <FuncUnit> <Opcode : 'hmul'> <InPorts = 2> <OutPorts = 1>
ST_17 : Operation 416 [2/4] (2.09ns)   --->   "%mul170_14 = hmul i16 %mul169_14, i16 %g_15" [../gen2/Hls_Layers_UpConv.tpp:293]   --->   Operation 416 'hmul' 'mul170_14' <Predicate = (icmp_ln290_15)> <Delay = 2.09> <CoreInst = "HMul_maxdsp">   --->   Core 60 'HMul_maxdsp' <Latency = 3> <II = 1> <Delay = 2.09> <FuncUnit> <Opcode : 'hmul'> <InPorts = 2> <OutPorts = 1>

State 18 <SV = 17> <Delay = 2.09>
ST_18 : Operation 417 [1/2] ( I:1.23ns O:1.23ns )   --->   "%be_buf_load = load i5 %be_buf_addr"   --->   Operation 417 'load' 'be_buf_load' <Predicate = true> <Delay = 1.23> <CoreInst = "RAM_T2P_BRAM">   --->   Core 98 'RAM_T2P_BRAM' <Latency = 1> <II = 1> <Delay = 1.23> <Storage> <Opcode : 'load' 'store'> <Ports = 2> <Width = 256> <Depth = 30> <RAM>
ST_18 : Operation 418 [1/1] (0.00ns)   --->   "%u_144 = trunc i256 %be_buf_load" [../gen2/Hls_Layers_UpConv.tpp:292]   --->   Operation 418 'trunc' 'u_144' <Predicate = (icmp_ln290)> <Delay = 0.00>
ST_18 : Operation 419 [1/4] (2.09ns)   --->   "%mul2 = hmul i16 %mul1, i16 %g" [../gen2/Hls_Layers_UpConv.tpp:293]   --->   Operation 419 'hmul' 'mul2' <Predicate = (icmp_ln290)> <Delay = 2.09> <CoreInst = "HMul_maxdsp">   --->   Core 60 'HMul_maxdsp' <Latency = 3> <II = 1> <Delay = 2.09> <FuncUnit> <Opcode : 'hmul'> <InPorts = 2> <OutPorts = 1>
ST_18 : Operation 420 [1/1] (0.00ns)   --->   "%u_136 = partselect i16 @_ssdm_op_PartSelect.i16.i256.i32, i256 %be_buf_load, i32 16" [../gen2/Hls_Layers_UpConv.tpp:292]   --->   Operation 420 'partselect' 'u_136' <Predicate = (icmp_ln290_1)> <Delay = 0.00>
ST_18 : Operation 421 [1/4] (2.09ns)   --->   "%mul170_1 = hmul i16 %mul169_1, i16 %g_1" [../gen2/Hls_Layers_UpConv.tpp:293]   --->   Operation 421 'hmul' 'mul170_1' <Predicate = (icmp_ln290_1)> <Delay = 2.09> <CoreInst = "HMul_maxdsp">   --->   Core 60 'HMul_maxdsp' <Latency = 3> <II = 1> <Delay = 2.09> <FuncUnit> <Opcode : 'hmul'> <InPorts = 2> <OutPorts = 1>
ST_18 : Operation 422 [1/1] (0.00ns)   --->   "%u_137 = partselect i16 @_ssdm_op_PartSelect.i16.i256.i32, i256 %be_buf_load, i32 32" [../gen2/Hls_Layers_UpConv.tpp:292]   --->   Operation 422 'partselect' 'u_137' <Predicate = (icmp_ln290_2)> <Delay = 0.00>
ST_18 : Operation 423 [1/4] (2.09ns)   --->   "%mul170_2 = hmul i16 %mul169_2, i16 %g_2" [../gen2/Hls_Layers_UpConv.tpp:293]   --->   Operation 423 'hmul' 'mul170_2' <Predicate = (icmp_ln290_2)> <Delay = 2.09> <CoreInst = "HMul_maxdsp">   --->   Core 60 'HMul_maxdsp' <Latency = 3> <II = 1> <Delay = 2.09> <FuncUnit> <Opcode : 'hmul'> <InPorts = 2> <OutPorts = 1>
ST_18 : Operation 424 [1/1] (0.00ns)   --->   "%u_138 = partselect i16 @_ssdm_op_PartSelect.i16.i256.i32, i256 %be_buf_load, i32 48" [../gen2/Hls_Layers_UpConv.tpp:292]   --->   Operation 424 'partselect' 'u_138' <Predicate = (icmp_ln290_3)> <Delay = 0.00>
ST_18 : Operation 425 [1/4] (2.09ns)   --->   "%mul170_3 = hmul i16 %mul169_3, i16 %g_3" [../gen2/Hls_Layers_UpConv.tpp:293]   --->   Operation 425 'hmul' 'mul170_3' <Predicate = (icmp_ln290_3)> <Delay = 2.09> <CoreInst = "HMul_maxdsp">   --->   Core 60 'HMul_maxdsp' <Latency = 3> <II = 1> <Delay = 2.09> <FuncUnit> <Opcode : 'hmul'> <InPorts = 2> <OutPorts = 1>
ST_18 : Operation 426 [1/1] (0.00ns)   --->   "%u_139 = partselect i16 @_ssdm_op_PartSelect.i16.i256.i32, i256 %be_buf_load, i32 64" [../gen2/Hls_Layers_UpConv.tpp:292]   --->   Operation 426 'partselect' 'u_139' <Predicate = (icmp_ln290_4)> <Delay = 0.00>
ST_18 : Operation 427 [1/4] (2.09ns)   --->   "%mul170_4 = hmul i16 %mul169_4, i16 %g_4" [../gen2/Hls_Layers_UpConv.tpp:293]   --->   Operation 427 'hmul' 'mul170_4' <Predicate = (icmp_ln290_4)> <Delay = 2.09> <CoreInst = "HMul_maxdsp">   --->   Core 60 'HMul_maxdsp' <Latency = 3> <II = 1> <Delay = 2.09> <FuncUnit> <Opcode : 'hmul'> <InPorts = 2> <OutPorts = 1>
ST_18 : Operation 428 [1/1] (0.00ns)   --->   "%u_140 = partselect i16 @_ssdm_op_PartSelect.i16.i256.i32, i256 %be_buf_load, i32 80" [../gen2/Hls_Layers_UpConv.tpp:292]   --->   Operation 428 'partselect' 'u_140' <Predicate = (icmp_ln290_5)> <Delay = 0.00>
ST_18 : Operation 429 [1/4] (2.09ns)   --->   "%mul170_5 = hmul i16 %mul169_5, i16 %g_5" [../gen2/Hls_Layers_UpConv.tpp:293]   --->   Operation 429 'hmul' 'mul170_5' <Predicate = (icmp_ln290_5)> <Delay = 2.09> <CoreInst = "HMul_maxdsp">   --->   Core 60 'HMul_maxdsp' <Latency = 3> <II = 1> <Delay = 2.09> <FuncUnit> <Opcode : 'hmul'> <InPorts = 2> <OutPorts = 1>
ST_18 : Operation 430 [1/1] (0.00ns)   --->   "%u_141 = partselect i16 @_ssdm_op_PartSelect.i16.i256.i32, i256 %be_buf_load, i32 96" [../gen2/Hls_Layers_UpConv.tpp:292]   --->   Operation 430 'partselect' 'u_141' <Predicate = (icmp_ln290_6)> <Delay = 0.00>
ST_18 : Operation 431 [1/4] (2.09ns)   --->   "%mul170_6 = hmul i16 %mul169_6, i16 %g_6" [../gen2/Hls_Layers_UpConv.tpp:293]   --->   Operation 431 'hmul' 'mul170_6' <Predicate = (icmp_ln290_6)> <Delay = 2.09> <CoreInst = "HMul_maxdsp">   --->   Core 60 'HMul_maxdsp' <Latency = 3> <II = 1> <Delay = 2.09> <FuncUnit> <Opcode : 'hmul'> <InPorts = 2> <OutPorts = 1>
ST_18 : Operation 432 [1/1] (0.00ns)   --->   "%u_142 = partselect i16 @_ssdm_op_PartSelect.i16.i256.i32, i256 %be_buf_load, i32 112" [../gen2/Hls_Layers_UpConv.tpp:292]   --->   Operation 432 'partselect' 'u_142' <Predicate = (icmp_ln290_7)> <Delay = 0.00>
ST_18 : Operation 433 [1/4] (2.09ns)   --->   "%mul170_7 = hmul i16 %mul169_7, i16 %g_7" [../gen2/Hls_Layers_UpConv.tpp:293]   --->   Operation 433 'hmul' 'mul170_7' <Predicate = (icmp_ln290_7)> <Delay = 2.09> <CoreInst = "HMul_maxdsp">   --->   Core 60 'HMul_maxdsp' <Latency = 3> <II = 1> <Delay = 2.09> <FuncUnit> <Opcode : 'hmul'> <InPorts = 2> <OutPorts = 1>
ST_18 : Operation 434 [1/1] (0.00ns)   --->   "%u_143 = partselect i16 @_ssdm_op_PartSelect.i16.i256.i32, i256 %be_buf_load, i32 128" [../gen2/Hls_Layers_UpConv.tpp:292]   --->   Operation 434 'partselect' 'u_143' <Predicate = (icmp_ln290_8)> <Delay = 0.00>
ST_18 : Operation 435 [1/4] (2.09ns)   --->   "%mul170_8 = hmul i16 %mul169_8, i16 %g_8" [../gen2/Hls_Layers_UpConv.tpp:293]   --->   Operation 435 'hmul' 'mul170_8' <Predicate = (icmp_ln290_8)> <Delay = 2.09> <CoreInst = "HMul_maxdsp">   --->   Core 60 'HMul_maxdsp' <Latency = 3> <II = 1> <Delay = 2.09> <FuncUnit> <Opcode : 'hmul'> <InPorts = 2> <OutPorts = 1>
ST_18 : Operation 436 [1/1] (0.00ns)   --->   "%u_153 = partselect i16 @_ssdm_op_PartSelect.i16.i256.i32, i256 %be_buf_load, i32 144" [../gen2/Hls_Layers_UpConv.tpp:292]   --->   Operation 436 'partselect' 'u_153' <Predicate = (icmp_ln290_9)> <Delay = 0.00>
ST_18 : Operation 437 [1/4] (2.09ns)   --->   "%mul170_9 = hmul i16 %mul169_9, i16 %g_9" [../gen2/Hls_Layers_UpConv.tpp:293]   --->   Operation 437 'hmul' 'mul170_9' <Predicate = (icmp_ln290_9)> <Delay = 2.09> <CoreInst = "HMul_maxdsp">   --->   Core 60 'HMul_maxdsp' <Latency = 3> <II = 1> <Delay = 2.09> <FuncUnit> <Opcode : 'hmul'> <InPorts = 2> <OutPorts = 1>
ST_18 : Operation 438 [1/1] (0.00ns)   --->   "%u_155 = partselect i16 @_ssdm_op_PartSelect.i16.i256.i32, i256 %be_buf_load, i32 160" [../gen2/Hls_Layers_UpConv.tpp:292]   --->   Operation 438 'partselect' 'u_155' <Predicate = (icmp_ln290_10)> <Delay = 0.00>
ST_18 : Operation 439 [1/4] (2.09ns)   --->   "%mul170_s = hmul i16 %mul169_s, i16 %g_10" [../gen2/Hls_Layers_UpConv.tpp:293]   --->   Operation 439 'hmul' 'mul170_s' <Predicate = (icmp_ln290_10)> <Delay = 2.09> <CoreInst = "HMul_maxdsp">   --->   Core 60 'HMul_maxdsp' <Latency = 3> <II = 1> <Delay = 2.09> <FuncUnit> <Opcode : 'hmul'> <InPorts = 2> <OutPorts = 1>
ST_18 : Operation 440 [1/1] (0.00ns)   --->   "%u_157 = partselect i16 @_ssdm_op_PartSelect.i16.i256.i32, i256 %be_buf_load, i32 176" [../gen2/Hls_Layers_UpConv.tpp:292]   --->   Operation 440 'partselect' 'u_157' <Predicate = (icmp_ln290_11)> <Delay = 0.00>
ST_18 : Operation 441 [1/4] (2.09ns)   --->   "%mul170_10 = hmul i16 %mul169_10, i16 %g_11" [../gen2/Hls_Layers_UpConv.tpp:293]   --->   Operation 441 'hmul' 'mul170_10' <Predicate = (icmp_ln290_11)> <Delay = 2.09> <CoreInst = "HMul_maxdsp">   --->   Core 60 'HMul_maxdsp' <Latency = 3> <II = 1> <Delay = 2.09> <FuncUnit> <Opcode : 'hmul'> <InPorts = 2> <OutPorts = 1>
ST_18 : Operation 442 [1/1] (0.00ns)   --->   "%u_159 = partselect i16 @_ssdm_op_PartSelect.i16.i256.i32, i256 %be_buf_load, i32 192" [../gen2/Hls_Layers_UpConv.tpp:292]   --->   Operation 442 'partselect' 'u_159' <Predicate = (icmp_ln290_12)> <Delay = 0.00>
ST_18 : Operation 443 [1/4] (2.09ns)   --->   "%mul170_11 = hmul i16 %mul169_11, i16 %g_12" [../gen2/Hls_Layers_UpConv.tpp:293]   --->   Operation 443 'hmul' 'mul170_11' <Predicate = (icmp_ln290_12)> <Delay = 2.09> <CoreInst = "HMul_maxdsp">   --->   Core 60 'HMul_maxdsp' <Latency = 3> <II = 1> <Delay = 2.09> <FuncUnit> <Opcode : 'hmul'> <InPorts = 2> <OutPorts = 1>
ST_18 : Operation 444 [1/1] (0.00ns)   --->   "%u_161 = partselect i16 @_ssdm_op_PartSelect.i16.i256.i32, i256 %be_buf_load, i32 208" [../gen2/Hls_Layers_UpConv.tpp:292]   --->   Operation 444 'partselect' 'u_161' <Predicate = (icmp_ln290_13)> <Delay = 0.00>
ST_18 : Operation 445 [1/4] (2.09ns)   --->   "%mul170_12 = hmul i16 %mul169_12, i16 %g_13" [../gen2/Hls_Layers_UpConv.tpp:293]   --->   Operation 445 'hmul' 'mul170_12' <Predicate = (icmp_ln290_13)> <Delay = 2.09> <CoreInst = "HMul_maxdsp">   --->   Core 60 'HMul_maxdsp' <Latency = 3> <II = 1> <Delay = 2.09> <FuncUnit> <Opcode : 'hmul'> <InPorts = 2> <OutPorts = 1>
ST_18 : Operation 446 [1/1] (0.00ns)   --->   "%u_163 = partselect i16 @_ssdm_op_PartSelect.i16.i256.i32, i256 %be_buf_load, i32 224" [../gen2/Hls_Layers_UpConv.tpp:292]   --->   Operation 446 'partselect' 'u_163' <Predicate = (icmp_ln290_14)> <Delay = 0.00>
ST_18 : Operation 447 [1/4] (2.09ns)   --->   "%mul170_13 = hmul i16 %mul169_13, i16 %g_14" [../gen2/Hls_Layers_UpConv.tpp:293]   --->   Operation 447 'hmul' 'mul170_13' <Predicate = (icmp_ln290_14)> <Delay = 2.09> <CoreInst = "HMul_maxdsp">   --->   Core 60 'HMul_maxdsp' <Latency = 3> <II = 1> <Delay = 2.09> <FuncUnit> <Opcode : 'hmul'> <InPorts = 2> <OutPorts = 1>
ST_18 : Operation 448 [1/1] (0.00ns)   --->   "%u_165 = partselect i16 @_ssdm_op_PartSelect.i16.i256.i32, i256 %be_buf_load, i32 240" [../gen2/Hls_Layers_UpConv.tpp:292]   --->   Operation 448 'partselect' 'u_165' <Predicate = (icmp_ln290_15)> <Delay = 0.00>
ST_18 : Operation 449 [1/4] (2.09ns)   --->   "%mul170_14 = hmul i16 %mul169_14, i16 %g_15" [../gen2/Hls_Layers_UpConv.tpp:293]   --->   Operation 449 'hmul' 'mul170_14' <Predicate = (icmp_ln290_15)> <Delay = 2.09> <CoreInst = "HMul_maxdsp">   --->   Core 60 'HMul_maxdsp' <Latency = 3> <II = 1> <Delay = 2.09> <FuncUnit> <Opcode : 'hmul'> <InPorts = 2> <OutPorts = 1>

State 19 <SV = 18> <Delay = 2.33>
ST_19 : Operation 450 [1/1] (0.00ns)   --->   "%be = bitcast i16 %u_144" [../gen2/Hls_Layers_UpConv.tpp:43->../gen2/Hls_Layers_UpConv.tpp:292]   --->   Operation 450 'bitcast' 'be' <Predicate = (icmp_ln290)> <Delay = 0.00>
ST_19 : Operation 451 [5/5] (2.33ns)   --->   "%add7 = hadd i16 %mul2, i16 %be" [../gen2/Hls_Layers_UpConv.tpp:293]   --->   Operation 451 'hadd' 'add7' <Predicate = (icmp_ln290)> <Delay = 2.33> <CoreInst = "HAddSub_fulldsp">   --->   Core 55 'HAddSub_fulldsp' <Latency = 4> <II = 1> <Delay = 2.33> <FuncUnit> <Opcode : 'hadd' 'hsub'> <InPorts = 2> <OutPorts = 1>
ST_19 : Operation 452 [1/1] (0.00ns)   --->   "%be_1 = bitcast i16 %u_136" [../gen2/Hls_Layers_UpConv.tpp:43->../gen2/Hls_Layers_UpConv.tpp:292]   --->   Operation 452 'bitcast' 'be_1' <Predicate = (icmp_ln290_1)> <Delay = 0.00>
ST_19 : Operation 453 [5/5] (2.33ns)   --->   "%add171_1 = hadd i16 %mul170_1, i16 %be_1" [../gen2/Hls_Layers_UpConv.tpp:293]   --->   Operation 453 'hadd' 'add171_1' <Predicate = (icmp_ln290_1)> <Delay = 2.33> <CoreInst = "HAddSub_fulldsp">   --->   Core 55 'HAddSub_fulldsp' <Latency = 4> <II = 1> <Delay = 2.33> <FuncUnit> <Opcode : 'hadd' 'hsub'> <InPorts = 2> <OutPorts = 1>
ST_19 : Operation 454 [1/1] (0.00ns)   --->   "%be_2 = bitcast i16 %u_137" [../gen2/Hls_Layers_UpConv.tpp:43->../gen2/Hls_Layers_UpConv.tpp:292]   --->   Operation 454 'bitcast' 'be_2' <Predicate = (icmp_ln290_2)> <Delay = 0.00>
ST_19 : Operation 455 [5/5] (2.33ns)   --->   "%add171_2 = hadd i16 %mul170_2, i16 %be_2" [../gen2/Hls_Layers_UpConv.tpp:293]   --->   Operation 455 'hadd' 'add171_2' <Predicate = (icmp_ln290_2)> <Delay = 2.33> <CoreInst = "HAddSub_fulldsp">   --->   Core 55 'HAddSub_fulldsp' <Latency = 4> <II = 1> <Delay = 2.33> <FuncUnit> <Opcode : 'hadd' 'hsub'> <InPorts = 2> <OutPorts = 1>
ST_19 : Operation 456 [1/1] (0.00ns)   --->   "%be_3 = bitcast i16 %u_138" [../gen2/Hls_Layers_UpConv.tpp:43->../gen2/Hls_Layers_UpConv.tpp:292]   --->   Operation 456 'bitcast' 'be_3' <Predicate = (icmp_ln290_3)> <Delay = 0.00>
ST_19 : Operation 457 [5/5] (2.33ns)   --->   "%add171_3 = hadd i16 %mul170_3, i16 %be_3" [../gen2/Hls_Layers_UpConv.tpp:293]   --->   Operation 457 'hadd' 'add171_3' <Predicate = (icmp_ln290_3)> <Delay = 2.33> <CoreInst = "HAddSub_fulldsp">   --->   Core 55 'HAddSub_fulldsp' <Latency = 4> <II = 1> <Delay = 2.33> <FuncUnit> <Opcode : 'hadd' 'hsub'> <InPorts = 2> <OutPorts = 1>
ST_19 : Operation 458 [1/1] (0.00ns)   --->   "%be_4 = bitcast i16 %u_139" [../gen2/Hls_Layers_UpConv.tpp:43->../gen2/Hls_Layers_UpConv.tpp:292]   --->   Operation 458 'bitcast' 'be_4' <Predicate = (icmp_ln290_4)> <Delay = 0.00>
ST_19 : Operation 459 [5/5] (2.33ns)   --->   "%add171_4 = hadd i16 %mul170_4, i16 %be_4" [../gen2/Hls_Layers_UpConv.tpp:293]   --->   Operation 459 'hadd' 'add171_4' <Predicate = (icmp_ln290_4)> <Delay = 2.33> <CoreInst = "HAddSub_fulldsp">   --->   Core 55 'HAddSub_fulldsp' <Latency = 4> <II = 1> <Delay = 2.33> <FuncUnit> <Opcode : 'hadd' 'hsub'> <InPorts = 2> <OutPorts = 1>
ST_19 : Operation 460 [1/1] (0.00ns)   --->   "%be_5 = bitcast i16 %u_140" [../gen2/Hls_Layers_UpConv.tpp:43->../gen2/Hls_Layers_UpConv.tpp:292]   --->   Operation 460 'bitcast' 'be_5' <Predicate = (icmp_ln290_5)> <Delay = 0.00>
ST_19 : Operation 461 [5/5] (2.33ns)   --->   "%add171_5 = hadd i16 %mul170_5, i16 %be_5" [../gen2/Hls_Layers_UpConv.tpp:293]   --->   Operation 461 'hadd' 'add171_5' <Predicate = (icmp_ln290_5)> <Delay = 2.33> <CoreInst = "HAddSub_fulldsp">   --->   Core 55 'HAddSub_fulldsp' <Latency = 4> <II = 1> <Delay = 2.33> <FuncUnit> <Opcode : 'hadd' 'hsub'> <InPorts = 2> <OutPorts = 1>
ST_19 : Operation 462 [1/1] (0.00ns)   --->   "%be_6 = bitcast i16 %u_141" [../gen2/Hls_Layers_UpConv.tpp:43->../gen2/Hls_Layers_UpConv.tpp:292]   --->   Operation 462 'bitcast' 'be_6' <Predicate = (icmp_ln290_6)> <Delay = 0.00>
ST_19 : Operation 463 [5/5] (2.33ns)   --->   "%add171_6 = hadd i16 %mul170_6, i16 %be_6" [../gen2/Hls_Layers_UpConv.tpp:293]   --->   Operation 463 'hadd' 'add171_6' <Predicate = (icmp_ln290_6)> <Delay = 2.33> <CoreInst = "HAddSub_fulldsp">   --->   Core 55 'HAddSub_fulldsp' <Latency = 4> <II = 1> <Delay = 2.33> <FuncUnit> <Opcode : 'hadd' 'hsub'> <InPorts = 2> <OutPorts = 1>
ST_19 : Operation 464 [1/1] (0.00ns)   --->   "%be_7 = bitcast i16 %u_142" [../gen2/Hls_Layers_UpConv.tpp:43->../gen2/Hls_Layers_UpConv.tpp:292]   --->   Operation 464 'bitcast' 'be_7' <Predicate = (icmp_ln290_7)> <Delay = 0.00>
ST_19 : Operation 465 [5/5] (2.33ns)   --->   "%add171_7 = hadd i16 %mul170_7, i16 %be_7" [../gen2/Hls_Layers_UpConv.tpp:293]   --->   Operation 465 'hadd' 'add171_7' <Predicate = (icmp_ln290_7)> <Delay = 2.33> <CoreInst = "HAddSub_fulldsp">   --->   Core 55 'HAddSub_fulldsp' <Latency = 4> <II = 1> <Delay = 2.33> <FuncUnit> <Opcode : 'hadd' 'hsub'> <InPorts = 2> <OutPorts = 1>
ST_19 : Operation 466 [1/1] (0.00ns)   --->   "%be_8 = bitcast i16 %u_143" [../gen2/Hls_Layers_UpConv.tpp:43->../gen2/Hls_Layers_UpConv.tpp:292]   --->   Operation 466 'bitcast' 'be_8' <Predicate = (icmp_ln290_8)> <Delay = 0.00>
ST_19 : Operation 467 [5/5] (2.33ns)   --->   "%add171_8 = hadd i16 %mul170_8, i16 %be_8" [../gen2/Hls_Layers_UpConv.tpp:293]   --->   Operation 467 'hadd' 'add171_8' <Predicate = (icmp_ln290_8)> <Delay = 2.33> <CoreInst = "HAddSub_fulldsp">   --->   Core 55 'HAddSub_fulldsp' <Latency = 4> <II = 1> <Delay = 2.33> <FuncUnit> <Opcode : 'hadd' 'hsub'> <InPorts = 2> <OutPorts = 1>
ST_19 : Operation 468 [1/1] (0.00ns)   --->   "%be_9 = bitcast i16 %u_153" [../gen2/Hls_Layers_UpConv.tpp:43->../gen2/Hls_Layers_UpConv.tpp:292]   --->   Operation 468 'bitcast' 'be_9' <Predicate = (icmp_ln290_9)> <Delay = 0.00>
ST_19 : Operation 469 [5/5] (2.33ns)   --->   "%add171_9 = hadd i16 %mul170_9, i16 %be_9" [../gen2/Hls_Layers_UpConv.tpp:293]   --->   Operation 469 'hadd' 'add171_9' <Predicate = (icmp_ln290_9)> <Delay = 2.33> <CoreInst = "HAddSub_fulldsp">   --->   Core 55 'HAddSub_fulldsp' <Latency = 4> <II = 1> <Delay = 2.33> <FuncUnit> <Opcode : 'hadd' 'hsub'> <InPorts = 2> <OutPorts = 1>
ST_19 : Operation 470 [1/1] (0.00ns)   --->   "%be_10 = bitcast i16 %u_155" [../gen2/Hls_Layers_UpConv.tpp:43->../gen2/Hls_Layers_UpConv.tpp:292]   --->   Operation 470 'bitcast' 'be_10' <Predicate = (icmp_ln290_10)> <Delay = 0.00>
ST_19 : Operation 471 [5/5] (2.33ns)   --->   "%add171_s = hadd i16 %mul170_s, i16 %be_10" [../gen2/Hls_Layers_UpConv.tpp:293]   --->   Operation 471 'hadd' 'add171_s' <Predicate = (icmp_ln290_10)> <Delay = 2.33> <CoreInst = "HAddSub_fulldsp">   --->   Core 55 'HAddSub_fulldsp' <Latency = 4> <II = 1> <Delay = 2.33> <FuncUnit> <Opcode : 'hadd' 'hsub'> <InPorts = 2> <OutPorts = 1>
ST_19 : Operation 472 [1/1] (0.00ns)   --->   "%be_11 = bitcast i16 %u_157" [../gen2/Hls_Layers_UpConv.tpp:43->../gen2/Hls_Layers_UpConv.tpp:292]   --->   Operation 472 'bitcast' 'be_11' <Predicate = (icmp_ln290_11)> <Delay = 0.00>
ST_19 : Operation 473 [5/5] (2.33ns)   --->   "%add171_10 = hadd i16 %mul170_10, i16 %be_11" [../gen2/Hls_Layers_UpConv.tpp:293]   --->   Operation 473 'hadd' 'add171_10' <Predicate = (icmp_ln290_11)> <Delay = 2.33> <CoreInst = "HAddSub_fulldsp">   --->   Core 55 'HAddSub_fulldsp' <Latency = 4> <II = 1> <Delay = 2.33> <FuncUnit> <Opcode : 'hadd' 'hsub'> <InPorts = 2> <OutPorts = 1>
ST_19 : Operation 474 [1/1] (0.00ns)   --->   "%be_12 = bitcast i16 %u_159" [../gen2/Hls_Layers_UpConv.tpp:43->../gen2/Hls_Layers_UpConv.tpp:292]   --->   Operation 474 'bitcast' 'be_12' <Predicate = (icmp_ln290_12)> <Delay = 0.00>
ST_19 : Operation 475 [5/5] (2.33ns)   --->   "%add171_11 = hadd i16 %mul170_11, i16 %be_12" [../gen2/Hls_Layers_UpConv.tpp:293]   --->   Operation 475 'hadd' 'add171_11' <Predicate = (icmp_ln290_12)> <Delay = 2.33> <CoreInst = "HAddSub_fulldsp">   --->   Core 55 'HAddSub_fulldsp' <Latency = 4> <II = 1> <Delay = 2.33> <FuncUnit> <Opcode : 'hadd' 'hsub'> <InPorts = 2> <OutPorts = 1>
ST_19 : Operation 476 [1/1] (0.00ns)   --->   "%be_13 = bitcast i16 %u_161" [../gen2/Hls_Layers_UpConv.tpp:43->../gen2/Hls_Layers_UpConv.tpp:292]   --->   Operation 476 'bitcast' 'be_13' <Predicate = (icmp_ln290_13)> <Delay = 0.00>
ST_19 : Operation 477 [5/5] (2.33ns)   --->   "%add171_12 = hadd i16 %mul170_12, i16 %be_13" [../gen2/Hls_Layers_UpConv.tpp:293]   --->   Operation 477 'hadd' 'add171_12' <Predicate = (icmp_ln290_13)> <Delay = 2.33> <CoreInst = "HAddSub_fulldsp">   --->   Core 55 'HAddSub_fulldsp' <Latency = 4> <II = 1> <Delay = 2.33> <FuncUnit> <Opcode : 'hadd' 'hsub'> <InPorts = 2> <OutPorts = 1>
ST_19 : Operation 478 [1/1] (0.00ns)   --->   "%be_14 = bitcast i16 %u_163" [../gen2/Hls_Layers_UpConv.tpp:43->../gen2/Hls_Layers_UpConv.tpp:292]   --->   Operation 478 'bitcast' 'be_14' <Predicate = (icmp_ln290_14)> <Delay = 0.00>
ST_19 : Operation 479 [5/5] (2.33ns)   --->   "%add171_13 = hadd i16 %mul170_13, i16 %be_14" [../gen2/Hls_Layers_UpConv.tpp:293]   --->   Operation 479 'hadd' 'add171_13' <Predicate = (icmp_ln290_14)> <Delay = 2.33> <CoreInst = "HAddSub_fulldsp">   --->   Core 55 'HAddSub_fulldsp' <Latency = 4> <II = 1> <Delay = 2.33> <FuncUnit> <Opcode : 'hadd' 'hsub'> <InPorts = 2> <OutPorts = 1>
ST_19 : Operation 480 [1/1] (0.00ns)   --->   "%be_15 = bitcast i16 %u_165" [../gen2/Hls_Layers_UpConv.tpp:43->../gen2/Hls_Layers_UpConv.tpp:292]   --->   Operation 480 'bitcast' 'be_15' <Predicate = (icmp_ln290_15)> <Delay = 0.00>
ST_19 : Operation 481 [5/5] (2.33ns)   --->   "%add171_14 = hadd i16 %mul170_14, i16 %be_15" [../gen2/Hls_Layers_UpConv.tpp:293]   --->   Operation 481 'hadd' 'add171_14' <Predicate = (icmp_ln290_15)> <Delay = 2.33> <CoreInst = "HAddSub_fulldsp">   --->   Core 55 'HAddSub_fulldsp' <Latency = 4> <II = 1> <Delay = 2.33> <FuncUnit> <Opcode : 'hadd' 'hsub'> <InPorts = 2> <OutPorts = 1>

State 20 <SV = 19> <Delay = 2.33>
ST_20 : Operation 482 [4/5] (2.33ns)   --->   "%add7 = hadd i16 %mul2, i16 %be" [../gen2/Hls_Layers_UpConv.tpp:293]   --->   Operation 482 'hadd' 'add7' <Predicate = (icmp_ln290)> <Delay = 2.33> <CoreInst = "HAddSub_fulldsp">   --->   Core 55 'HAddSub_fulldsp' <Latency = 4> <II = 1> <Delay = 2.33> <FuncUnit> <Opcode : 'hadd' 'hsub'> <InPorts = 2> <OutPorts = 1>
ST_20 : Operation 483 [4/5] (2.33ns)   --->   "%add171_1 = hadd i16 %mul170_1, i16 %be_1" [../gen2/Hls_Layers_UpConv.tpp:293]   --->   Operation 483 'hadd' 'add171_1' <Predicate = (icmp_ln290_1)> <Delay = 2.33> <CoreInst = "HAddSub_fulldsp">   --->   Core 55 'HAddSub_fulldsp' <Latency = 4> <II = 1> <Delay = 2.33> <FuncUnit> <Opcode : 'hadd' 'hsub'> <InPorts = 2> <OutPorts = 1>
ST_20 : Operation 484 [4/5] (2.33ns)   --->   "%add171_2 = hadd i16 %mul170_2, i16 %be_2" [../gen2/Hls_Layers_UpConv.tpp:293]   --->   Operation 484 'hadd' 'add171_2' <Predicate = (icmp_ln290_2)> <Delay = 2.33> <CoreInst = "HAddSub_fulldsp">   --->   Core 55 'HAddSub_fulldsp' <Latency = 4> <II = 1> <Delay = 2.33> <FuncUnit> <Opcode : 'hadd' 'hsub'> <InPorts = 2> <OutPorts = 1>
ST_20 : Operation 485 [4/5] (2.33ns)   --->   "%add171_3 = hadd i16 %mul170_3, i16 %be_3" [../gen2/Hls_Layers_UpConv.tpp:293]   --->   Operation 485 'hadd' 'add171_3' <Predicate = (icmp_ln290_3)> <Delay = 2.33> <CoreInst = "HAddSub_fulldsp">   --->   Core 55 'HAddSub_fulldsp' <Latency = 4> <II = 1> <Delay = 2.33> <FuncUnit> <Opcode : 'hadd' 'hsub'> <InPorts = 2> <OutPorts = 1>
ST_20 : Operation 486 [4/5] (2.33ns)   --->   "%add171_4 = hadd i16 %mul170_4, i16 %be_4" [../gen2/Hls_Layers_UpConv.tpp:293]   --->   Operation 486 'hadd' 'add171_4' <Predicate = (icmp_ln290_4)> <Delay = 2.33> <CoreInst = "HAddSub_fulldsp">   --->   Core 55 'HAddSub_fulldsp' <Latency = 4> <II = 1> <Delay = 2.33> <FuncUnit> <Opcode : 'hadd' 'hsub'> <InPorts = 2> <OutPorts = 1>
ST_20 : Operation 487 [4/5] (2.33ns)   --->   "%add171_5 = hadd i16 %mul170_5, i16 %be_5" [../gen2/Hls_Layers_UpConv.tpp:293]   --->   Operation 487 'hadd' 'add171_5' <Predicate = (icmp_ln290_5)> <Delay = 2.33> <CoreInst = "HAddSub_fulldsp">   --->   Core 55 'HAddSub_fulldsp' <Latency = 4> <II = 1> <Delay = 2.33> <FuncUnit> <Opcode : 'hadd' 'hsub'> <InPorts = 2> <OutPorts = 1>
ST_20 : Operation 488 [4/5] (2.33ns)   --->   "%add171_6 = hadd i16 %mul170_6, i16 %be_6" [../gen2/Hls_Layers_UpConv.tpp:293]   --->   Operation 488 'hadd' 'add171_6' <Predicate = (icmp_ln290_6)> <Delay = 2.33> <CoreInst = "HAddSub_fulldsp">   --->   Core 55 'HAddSub_fulldsp' <Latency = 4> <II = 1> <Delay = 2.33> <FuncUnit> <Opcode : 'hadd' 'hsub'> <InPorts = 2> <OutPorts = 1>
ST_20 : Operation 489 [4/5] (2.33ns)   --->   "%add171_7 = hadd i16 %mul170_7, i16 %be_7" [../gen2/Hls_Layers_UpConv.tpp:293]   --->   Operation 489 'hadd' 'add171_7' <Predicate = (icmp_ln290_7)> <Delay = 2.33> <CoreInst = "HAddSub_fulldsp">   --->   Core 55 'HAddSub_fulldsp' <Latency = 4> <II = 1> <Delay = 2.33> <FuncUnit> <Opcode : 'hadd' 'hsub'> <InPorts = 2> <OutPorts = 1>
ST_20 : Operation 490 [4/5] (2.33ns)   --->   "%add171_8 = hadd i16 %mul170_8, i16 %be_8" [../gen2/Hls_Layers_UpConv.tpp:293]   --->   Operation 490 'hadd' 'add171_8' <Predicate = (icmp_ln290_8)> <Delay = 2.33> <CoreInst = "HAddSub_fulldsp">   --->   Core 55 'HAddSub_fulldsp' <Latency = 4> <II = 1> <Delay = 2.33> <FuncUnit> <Opcode : 'hadd' 'hsub'> <InPorts = 2> <OutPorts = 1>
ST_20 : Operation 491 [4/5] (2.33ns)   --->   "%add171_9 = hadd i16 %mul170_9, i16 %be_9" [../gen2/Hls_Layers_UpConv.tpp:293]   --->   Operation 491 'hadd' 'add171_9' <Predicate = (icmp_ln290_9)> <Delay = 2.33> <CoreInst = "HAddSub_fulldsp">   --->   Core 55 'HAddSub_fulldsp' <Latency = 4> <II = 1> <Delay = 2.33> <FuncUnit> <Opcode : 'hadd' 'hsub'> <InPorts = 2> <OutPorts = 1>
ST_20 : Operation 492 [4/5] (2.33ns)   --->   "%add171_s = hadd i16 %mul170_s, i16 %be_10" [../gen2/Hls_Layers_UpConv.tpp:293]   --->   Operation 492 'hadd' 'add171_s' <Predicate = (icmp_ln290_10)> <Delay = 2.33> <CoreInst = "HAddSub_fulldsp">   --->   Core 55 'HAddSub_fulldsp' <Latency = 4> <II = 1> <Delay = 2.33> <FuncUnit> <Opcode : 'hadd' 'hsub'> <InPorts = 2> <OutPorts = 1>
ST_20 : Operation 493 [4/5] (2.33ns)   --->   "%add171_10 = hadd i16 %mul170_10, i16 %be_11" [../gen2/Hls_Layers_UpConv.tpp:293]   --->   Operation 493 'hadd' 'add171_10' <Predicate = (icmp_ln290_11)> <Delay = 2.33> <CoreInst = "HAddSub_fulldsp">   --->   Core 55 'HAddSub_fulldsp' <Latency = 4> <II = 1> <Delay = 2.33> <FuncUnit> <Opcode : 'hadd' 'hsub'> <InPorts = 2> <OutPorts = 1>
ST_20 : Operation 494 [4/5] (2.33ns)   --->   "%add171_11 = hadd i16 %mul170_11, i16 %be_12" [../gen2/Hls_Layers_UpConv.tpp:293]   --->   Operation 494 'hadd' 'add171_11' <Predicate = (icmp_ln290_12)> <Delay = 2.33> <CoreInst = "HAddSub_fulldsp">   --->   Core 55 'HAddSub_fulldsp' <Latency = 4> <II = 1> <Delay = 2.33> <FuncUnit> <Opcode : 'hadd' 'hsub'> <InPorts = 2> <OutPorts = 1>
ST_20 : Operation 495 [4/5] (2.33ns)   --->   "%add171_12 = hadd i16 %mul170_12, i16 %be_13" [../gen2/Hls_Layers_UpConv.tpp:293]   --->   Operation 495 'hadd' 'add171_12' <Predicate = (icmp_ln290_13)> <Delay = 2.33> <CoreInst = "HAddSub_fulldsp">   --->   Core 55 'HAddSub_fulldsp' <Latency = 4> <II = 1> <Delay = 2.33> <FuncUnit> <Opcode : 'hadd' 'hsub'> <InPorts = 2> <OutPorts = 1>
ST_20 : Operation 496 [4/5] (2.33ns)   --->   "%add171_13 = hadd i16 %mul170_13, i16 %be_14" [../gen2/Hls_Layers_UpConv.tpp:293]   --->   Operation 496 'hadd' 'add171_13' <Predicate = (icmp_ln290_14)> <Delay = 2.33> <CoreInst = "HAddSub_fulldsp">   --->   Core 55 'HAddSub_fulldsp' <Latency = 4> <II = 1> <Delay = 2.33> <FuncUnit> <Opcode : 'hadd' 'hsub'> <InPorts = 2> <OutPorts = 1>
ST_20 : Operation 497 [4/5] (2.33ns)   --->   "%add171_14 = hadd i16 %mul170_14, i16 %be_15" [../gen2/Hls_Layers_UpConv.tpp:293]   --->   Operation 497 'hadd' 'add171_14' <Predicate = (icmp_ln290_15)> <Delay = 2.33> <CoreInst = "HAddSub_fulldsp">   --->   Core 55 'HAddSub_fulldsp' <Latency = 4> <II = 1> <Delay = 2.33> <FuncUnit> <Opcode : 'hadd' 'hsub'> <InPorts = 2> <OutPorts = 1>

State 21 <SV = 20> <Delay = 2.33>
ST_21 : Operation 498 [3/5] (2.33ns)   --->   "%add7 = hadd i16 %mul2, i16 %be" [../gen2/Hls_Layers_UpConv.tpp:293]   --->   Operation 498 'hadd' 'add7' <Predicate = (icmp_ln290)> <Delay = 2.33> <CoreInst = "HAddSub_fulldsp">   --->   Core 55 'HAddSub_fulldsp' <Latency = 4> <II = 1> <Delay = 2.33> <FuncUnit> <Opcode : 'hadd' 'hsub'> <InPorts = 2> <OutPorts = 1>
ST_21 : Operation 499 [3/5] (2.33ns)   --->   "%add171_1 = hadd i16 %mul170_1, i16 %be_1" [../gen2/Hls_Layers_UpConv.tpp:293]   --->   Operation 499 'hadd' 'add171_1' <Predicate = (icmp_ln290_1)> <Delay = 2.33> <CoreInst = "HAddSub_fulldsp">   --->   Core 55 'HAddSub_fulldsp' <Latency = 4> <II = 1> <Delay = 2.33> <FuncUnit> <Opcode : 'hadd' 'hsub'> <InPorts = 2> <OutPorts = 1>
ST_21 : Operation 500 [3/5] (2.33ns)   --->   "%add171_2 = hadd i16 %mul170_2, i16 %be_2" [../gen2/Hls_Layers_UpConv.tpp:293]   --->   Operation 500 'hadd' 'add171_2' <Predicate = (icmp_ln290_2)> <Delay = 2.33> <CoreInst = "HAddSub_fulldsp">   --->   Core 55 'HAddSub_fulldsp' <Latency = 4> <II = 1> <Delay = 2.33> <FuncUnit> <Opcode : 'hadd' 'hsub'> <InPorts = 2> <OutPorts = 1>
ST_21 : Operation 501 [3/5] (2.33ns)   --->   "%add171_3 = hadd i16 %mul170_3, i16 %be_3" [../gen2/Hls_Layers_UpConv.tpp:293]   --->   Operation 501 'hadd' 'add171_3' <Predicate = (icmp_ln290_3)> <Delay = 2.33> <CoreInst = "HAddSub_fulldsp">   --->   Core 55 'HAddSub_fulldsp' <Latency = 4> <II = 1> <Delay = 2.33> <FuncUnit> <Opcode : 'hadd' 'hsub'> <InPorts = 2> <OutPorts = 1>
ST_21 : Operation 502 [3/5] (2.33ns)   --->   "%add171_4 = hadd i16 %mul170_4, i16 %be_4" [../gen2/Hls_Layers_UpConv.tpp:293]   --->   Operation 502 'hadd' 'add171_4' <Predicate = (icmp_ln290_4)> <Delay = 2.33> <CoreInst = "HAddSub_fulldsp">   --->   Core 55 'HAddSub_fulldsp' <Latency = 4> <II = 1> <Delay = 2.33> <FuncUnit> <Opcode : 'hadd' 'hsub'> <InPorts = 2> <OutPorts = 1>
ST_21 : Operation 503 [3/5] (2.33ns)   --->   "%add171_5 = hadd i16 %mul170_5, i16 %be_5" [../gen2/Hls_Layers_UpConv.tpp:293]   --->   Operation 503 'hadd' 'add171_5' <Predicate = (icmp_ln290_5)> <Delay = 2.33> <CoreInst = "HAddSub_fulldsp">   --->   Core 55 'HAddSub_fulldsp' <Latency = 4> <II = 1> <Delay = 2.33> <FuncUnit> <Opcode : 'hadd' 'hsub'> <InPorts = 2> <OutPorts = 1>
ST_21 : Operation 504 [3/5] (2.33ns)   --->   "%add171_6 = hadd i16 %mul170_6, i16 %be_6" [../gen2/Hls_Layers_UpConv.tpp:293]   --->   Operation 504 'hadd' 'add171_6' <Predicate = (icmp_ln290_6)> <Delay = 2.33> <CoreInst = "HAddSub_fulldsp">   --->   Core 55 'HAddSub_fulldsp' <Latency = 4> <II = 1> <Delay = 2.33> <FuncUnit> <Opcode : 'hadd' 'hsub'> <InPorts = 2> <OutPorts = 1>
ST_21 : Operation 505 [3/5] (2.33ns)   --->   "%add171_7 = hadd i16 %mul170_7, i16 %be_7" [../gen2/Hls_Layers_UpConv.tpp:293]   --->   Operation 505 'hadd' 'add171_7' <Predicate = (icmp_ln290_7)> <Delay = 2.33> <CoreInst = "HAddSub_fulldsp">   --->   Core 55 'HAddSub_fulldsp' <Latency = 4> <II = 1> <Delay = 2.33> <FuncUnit> <Opcode : 'hadd' 'hsub'> <InPorts = 2> <OutPorts = 1>
ST_21 : Operation 506 [3/5] (2.33ns)   --->   "%add171_8 = hadd i16 %mul170_8, i16 %be_8" [../gen2/Hls_Layers_UpConv.tpp:293]   --->   Operation 506 'hadd' 'add171_8' <Predicate = (icmp_ln290_8)> <Delay = 2.33> <CoreInst = "HAddSub_fulldsp">   --->   Core 55 'HAddSub_fulldsp' <Latency = 4> <II = 1> <Delay = 2.33> <FuncUnit> <Opcode : 'hadd' 'hsub'> <InPorts = 2> <OutPorts = 1>
ST_21 : Operation 507 [3/5] (2.33ns)   --->   "%add171_9 = hadd i16 %mul170_9, i16 %be_9" [../gen2/Hls_Layers_UpConv.tpp:293]   --->   Operation 507 'hadd' 'add171_9' <Predicate = (icmp_ln290_9)> <Delay = 2.33> <CoreInst = "HAddSub_fulldsp">   --->   Core 55 'HAddSub_fulldsp' <Latency = 4> <II = 1> <Delay = 2.33> <FuncUnit> <Opcode : 'hadd' 'hsub'> <InPorts = 2> <OutPorts = 1>
ST_21 : Operation 508 [3/5] (2.33ns)   --->   "%add171_s = hadd i16 %mul170_s, i16 %be_10" [../gen2/Hls_Layers_UpConv.tpp:293]   --->   Operation 508 'hadd' 'add171_s' <Predicate = (icmp_ln290_10)> <Delay = 2.33> <CoreInst = "HAddSub_fulldsp">   --->   Core 55 'HAddSub_fulldsp' <Latency = 4> <II = 1> <Delay = 2.33> <FuncUnit> <Opcode : 'hadd' 'hsub'> <InPorts = 2> <OutPorts = 1>
ST_21 : Operation 509 [3/5] (2.33ns)   --->   "%add171_10 = hadd i16 %mul170_10, i16 %be_11" [../gen2/Hls_Layers_UpConv.tpp:293]   --->   Operation 509 'hadd' 'add171_10' <Predicate = (icmp_ln290_11)> <Delay = 2.33> <CoreInst = "HAddSub_fulldsp">   --->   Core 55 'HAddSub_fulldsp' <Latency = 4> <II = 1> <Delay = 2.33> <FuncUnit> <Opcode : 'hadd' 'hsub'> <InPorts = 2> <OutPorts = 1>
ST_21 : Operation 510 [3/5] (2.33ns)   --->   "%add171_11 = hadd i16 %mul170_11, i16 %be_12" [../gen2/Hls_Layers_UpConv.tpp:293]   --->   Operation 510 'hadd' 'add171_11' <Predicate = (icmp_ln290_12)> <Delay = 2.33> <CoreInst = "HAddSub_fulldsp">   --->   Core 55 'HAddSub_fulldsp' <Latency = 4> <II = 1> <Delay = 2.33> <FuncUnit> <Opcode : 'hadd' 'hsub'> <InPorts = 2> <OutPorts = 1>
ST_21 : Operation 511 [3/5] (2.33ns)   --->   "%add171_12 = hadd i16 %mul170_12, i16 %be_13" [../gen2/Hls_Layers_UpConv.tpp:293]   --->   Operation 511 'hadd' 'add171_12' <Predicate = (icmp_ln290_13)> <Delay = 2.33> <CoreInst = "HAddSub_fulldsp">   --->   Core 55 'HAddSub_fulldsp' <Latency = 4> <II = 1> <Delay = 2.33> <FuncUnit> <Opcode : 'hadd' 'hsub'> <InPorts = 2> <OutPorts = 1>
ST_21 : Operation 512 [3/5] (2.33ns)   --->   "%add171_13 = hadd i16 %mul170_13, i16 %be_14" [../gen2/Hls_Layers_UpConv.tpp:293]   --->   Operation 512 'hadd' 'add171_13' <Predicate = (icmp_ln290_14)> <Delay = 2.33> <CoreInst = "HAddSub_fulldsp">   --->   Core 55 'HAddSub_fulldsp' <Latency = 4> <II = 1> <Delay = 2.33> <FuncUnit> <Opcode : 'hadd' 'hsub'> <InPorts = 2> <OutPorts = 1>
ST_21 : Operation 513 [3/5] (2.33ns)   --->   "%add171_14 = hadd i16 %mul170_14, i16 %be_15" [../gen2/Hls_Layers_UpConv.tpp:293]   --->   Operation 513 'hadd' 'add171_14' <Predicate = (icmp_ln290_15)> <Delay = 2.33> <CoreInst = "HAddSub_fulldsp">   --->   Core 55 'HAddSub_fulldsp' <Latency = 4> <II = 1> <Delay = 2.33> <FuncUnit> <Opcode : 'hadd' 'hsub'> <InPorts = 2> <OutPorts = 1>

State 22 <SV = 21> <Delay = 2.33>
ST_22 : Operation 514 [2/5] (2.33ns)   --->   "%add7 = hadd i16 %mul2, i16 %be" [../gen2/Hls_Layers_UpConv.tpp:293]   --->   Operation 514 'hadd' 'add7' <Predicate = (icmp_ln290)> <Delay = 2.33> <CoreInst = "HAddSub_fulldsp">   --->   Core 55 'HAddSub_fulldsp' <Latency = 4> <II = 1> <Delay = 2.33> <FuncUnit> <Opcode : 'hadd' 'hsub'> <InPorts = 2> <OutPorts = 1>
ST_22 : Operation 515 [2/5] (2.33ns)   --->   "%add171_1 = hadd i16 %mul170_1, i16 %be_1" [../gen2/Hls_Layers_UpConv.tpp:293]   --->   Operation 515 'hadd' 'add171_1' <Predicate = (icmp_ln290_1)> <Delay = 2.33> <CoreInst = "HAddSub_fulldsp">   --->   Core 55 'HAddSub_fulldsp' <Latency = 4> <II = 1> <Delay = 2.33> <FuncUnit> <Opcode : 'hadd' 'hsub'> <InPorts = 2> <OutPorts = 1>
ST_22 : Operation 516 [2/5] (2.33ns)   --->   "%add171_2 = hadd i16 %mul170_2, i16 %be_2" [../gen2/Hls_Layers_UpConv.tpp:293]   --->   Operation 516 'hadd' 'add171_2' <Predicate = (icmp_ln290_2)> <Delay = 2.33> <CoreInst = "HAddSub_fulldsp">   --->   Core 55 'HAddSub_fulldsp' <Latency = 4> <II = 1> <Delay = 2.33> <FuncUnit> <Opcode : 'hadd' 'hsub'> <InPorts = 2> <OutPorts = 1>
ST_22 : Operation 517 [2/5] (2.33ns)   --->   "%add171_3 = hadd i16 %mul170_3, i16 %be_3" [../gen2/Hls_Layers_UpConv.tpp:293]   --->   Operation 517 'hadd' 'add171_3' <Predicate = (icmp_ln290_3)> <Delay = 2.33> <CoreInst = "HAddSub_fulldsp">   --->   Core 55 'HAddSub_fulldsp' <Latency = 4> <II = 1> <Delay = 2.33> <FuncUnit> <Opcode : 'hadd' 'hsub'> <InPorts = 2> <OutPorts = 1>
ST_22 : Operation 518 [2/5] (2.33ns)   --->   "%add171_4 = hadd i16 %mul170_4, i16 %be_4" [../gen2/Hls_Layers_UpConv.tpp:293]   --->   Operation 518 'hadd' 'add171_4' <Predicate = (icmp_ln290_4)> <Delay = 2.33> <CoreInst = "HAddSub_fulldsp">   --->   Core 55 'HAddSub_fulldsp' <Latency = 4> <II = 1> <Delay = 2.33> <FuncUnit> <Opcode : 'hadd' 'hsub'> <InPorts = 2> <OutPorts = 1>
ST_22 : Operation 519 [2/5] (2.33ns)   --->   "%add171_5 = hadd i16 %mul170_5, i16 %be_5" [../gen2/Hls_Layers_UpConv.tpp:293]   --->   Operation 519 'hadd' 'add171_5' <Predicate = (icmp_ln290_5)> <Delay = 2.33> <CoreInst = "HAddSub_fulldsp">   --->   Core 55 'HAddSub_fulldsp' <Latency = 4> <II = 1> <Delay = 2.33> <FuncUnit> <Opcode : 'hadd' 'hsub'> <InPorts = 2> <OutPorts = 1>
ST_22 : Operation 520 [2/5] (2.33ns)   --->   "%add171_6 = hadd i16 %mul170_6, i16 %be_6" [../gen2/Hls_Layers_UpConv.tpp:293]   --->   Operation 520 'hadd' 'add171_6' <Predicate = (icmp_ln290_6)> <Delay = 2.33> <CoreInst = "HAddSub_fulldsp">   --->   Core 55 'HAddSub_fulldsp' <Latency = 4> <II = 1> <Delay = 2.33> <FuncUnit> <Opcode : 'hadd' 'hsub'> <InPorts = 2> <OutPorts = 1>
ST_22 : Operation 521 [2/5] (2.33ns)   --->   "%add171_7 = hadd i16 %mul170_7, i16 %be_7" [../gen2/Hls_Layers_UpConv.tpp:293]   --->   Operation 521 'hadd' 'add171_7' <Predicate = (icmp_ln290_7)> <Delay = 2.33> <CoreInst = "HAddSub_fulldsp">   --->   Core 55 'HAddSub_fulldsp' <Latency = 4> <II = 1> <Delay = 2.33> <FuncUnit> <Opcode : 'hadd' 'hsub'> <InPorts = 2> <OutPorts = 1>
ST_22 : Operation 522 [2/5] (2.33ns)   --->   "%add171_8 = hadd i16 %mul170_8, i16 %be_8" [../gen2/Hls_Layers_UpConv.tpp:293]   --->   Operation 522 'hadd' 'add171_8' <Predicate = (icmp_ln290_8)> <Delay = 2.33> <CoreInst = "HAddSub_fulldsp">   --->   Core 55 'HAddSub_fulldsp' <Latency = 4> <II = 1> <Delay = 2.33> <FuncUnit> <Opcode : 'hadd' 'hsub'> <InPorts = 2> <OutPorts = 1>
ST_22 : Operation 523 [2/5] (2.33ns)   --->   "%add171_9 = hadd i16 %mul170_9, i16 %be_9" [../gen2/Hls_Layers_UpConv.tpp:293]   --->   Operation 523 'hadd' 'add171_9' <Predicate = (icmp_ln290_9)> <Delay = 2.33> <CoreInst = "HAddSub_fulldsp">   --->   Core 55 'HAddSub_fulldsp' <Latency = 4> <II = 1> <Delay = 2.33> <FuncUnit> <Opcode : 'hadd' 'hsub'> <InPorts = 2> <OutPorts = 1>
ST_22 : Operation 524 [2/5] (2.33ns)   --->   "%add171_s = hadd i16 %mul170_s, i16 %be_10" [../gen2/Hls_Layers_UpConv.tpp:293]   --->   Operation 524 'hadd' 'add171_s' <Predicate = (icmp_ln290_10)> <Delay = 2.33> <CoreInst = "HAddSub_fulldsp">   --->   Core 55 'HAddSub_fulldsp' <Latency = 4> <II = 1> <Delay = 2.33> <FuncUnit> <Opcode : 'hadd' 'hsub'> <InPorts = 2> <OutPorts = 1>
ST_22 : Operation 525 [2/5] (2.33ns)   --->   "%add171_10 = hadd i16 %mul170_10, i16 %be_11" [../gen2/Hls_Layers_UpConv.tpp:293]   --->   Operation 525 'hadd' 'add171_10' <Predicate = (icmp_ln290_11)> <Delay = 2.33> <CoreInst = "HAddSub_fulldsp">   --->   Core 55 'HAddSub_fulldsp' <Latency = 4> <II = 1> <Delay = 2.33> <FuncUnit> <Opcode : 'hadd' 'hsub'> <InPorts = 2> <OutPorts = 1>
ST_22 : Operation 526 [2/5] (2.33ns)   --->   "%add171_11 = hadd i16 %mul170_11, i16 %be_12" [../gen2/Hls_Layers_UpConv.tpp:293]   --->   Operation 526 'hadd' 'add171_11' <Predicate = (icmp_ln290_12)> <Delay = 2.33> <CoreInst = "HAddSub_fulldsp">   --->   Core 55 'HAddSub_fulldsp' <Latency = 4> <II = 1> <Delay = 2.33> <FuncUnit> <Opcode : 'hadd' 'hsub'> <InPorts = 2> <OutPorts = 1>
ST_22 : Operation 527 [2/5] (2.33ns)   --->   "%add171_12 = hadd i16 %mul170_12, i16 %be_13" [../gen2/Hls_Layers_UpConv.tpp:293]   --->   Operation 527 'hadd' 'add171_12' <Predicate = (icmp_ln290_13)> <Delay = 2.33> <CoreInst = "HAddSub_fulldsp">   --->   Core 55 'HAddSub_fulldsp' <Latency = 4> <II = 1> <Delay = 2.33> <FuncUnit> <Opcode : 'hadd' 'hsub'> <InPorts = 2> <OutPorts = 1>
ST_22 : Operation 528 [2/5] (2.33ns)   --->   "%add171_13 = hadd i16 %mul170_13, i16 %be_14" [../gen2/Hls_Layers_UpConv.tpp:293]   --->   Operation 528 'hadd' 'add171_13' <Predicate = (icmp_ln290_14)> <Delay = 2.33> <CoreInst = "HAddSub_fulldsp">   --->   Core 55 'HAddSub_fulldsp' <Latency = 4> <II = 1> <Delay = 2.33> <FuncUnit> <Opcode : 'hadd' 'hsub'> <InPorts = 2> <OutPorts = 1>
ST_22 : Operation 529 [2/5] (2.33ns)   --->   "%add171_14 = hadd i16 %mul170_14, i16 %be_15" [../gen2/Hls_Layers_UpConv.tpp:293]   --->   Operation 529 'hadd' 'add171_14' <Predicate = (icmp_ln290_15)> <Delay = 2.33> <CoreInst = "HAddSub_fulldsp">   --->   Core 55 'HAddSub_fulldsp' <Latency = 4> <II = 1> <Delay = 2.33> <FuncUnit> <Opcode : 'hadd' 'hsub'> <InPorts = 2> <OutPorts = 1>

State 23 <SV = 22> <Delay = 2.33>
ST_23 : Operation 530 [1/5] (2.33ns)   --->   "%add7 = hadd i16 %mul2, i16 %be" [../gen2/Hls_Layers_UpConv.tpp:293]   --->   Operation 530 'hadd' 'add7' <Predicate = (icmp_ln290)> <Delay = 2.33> <CoreInst = "HAddSub_fulldsp">   --->   Core 55 'HAddSub_fulldsp' <Latency = 4> <II = 1> <Delay = 2.33> <FuncUnit> <Opcode : 'hadd' 'hsub'> <InPorts = 2> <OutPorts = 1>
ST_23 : Operation 531 [1/5] (2.33ns)   --->   "%add171_1 = hadd i16 %mul170_1, i16 %be_1" [../gen2/Hls_Layers_UpConv.tpp:293]   --->   Operation 531 'hadd' 'add171_1' <Predicate = (icmp_ln290_1)> <Delay = 2.33> <CoreInst = "HAddSub_fulldsp">   --->   Core 55 'HAddSub_fulldsp' <Latency = 4> <II = 1> <Delay = 2.33> <FuncUnit> <Opcode : 'hadd' 'hsub'> <InPorts = 2> <OutPorts = 1>
ST_23 : Operation 532 [1/5] (2.33ns)   --->   "%add171_2 = hadd i16 %mul170_2, i16 %be_2" [../gen2/Hls_Layers_UpConv.tpp:293]   --->   Operation 532 'hadd' 'add171_2' <Predicate = (icmp_ln290_2)> <Delay = 2.33> <CoreInst = "HAddSub_fulldsp">   --->   Core 55 'HAddSub_fulldsp' <Latency = 4> <II = 1> <Delay = 2.33> <FuncUnit> <Opcode : 'hadd' 'hsub'> <InPorts = 2> <OutPorts = 1>
ST_23 : Operation 533 [1/5] (2.33ns)   --->   "%add171_3 = hadd i16 %mul170_3, i16 %be_3" [../gen2/Hls_Layers_UpConv.tpp:293]   --->   Operation 533 'hadd' 'add171_3' <Predicate = (icmp_ln290_3)> <Delay = 2.33> <CoreInst = "HAddSub_fulldsp">   --->   Core 55 'HAddSub_fulldsp' <Latency = 4> <II = 1> <Delay = 2.33> <FuncUnit> <Opcode : 'hadd' 'hsub'> <InPorts = 2> <OutPorts = 1>
ST_23 : Operation 534 [1/5] (2.33ns)   --->   "%add171_4 = hadd i16 %mul170_4, i16 %be_4" [../gen2/Hls_Layers_UpConv.tpp:293]   --->   Operation 534 'hadd' 'add171_4' <Predicate = (icmp_ln290_4)> <Delay = 2.33> <CoreInst = "HAddSub_fulldsp">   --->   Core 55 'HAddSub_fulldsp' <Latency = 4> <II = 1> <Delay = 2.33> <FuncUnit> <Opcode : 'hadd' 'hsub'> <InPorts = 2> <OutPorts = 1>
ST_23 : Operation 535 [1/5] (2.33ns)   --->   "%add171_5 = hadd i16 %mul170_5, i16 %be_5" [../gen2/Hls_Layers_UpConv.tpp:293]   --->   Operation 535 'hadd' 'add171_5' <Predicate = (icmp_ln290_5)> <Delay = 2.33> <CoreInst = "HAddSub_fulldsp">   --->   Core 55 'HAddSub_fulldsp' <Latency = 4> <II = 1> <Delay = 2.33> <FuncUnit> <Opcode : 'hadd' 'hsub'> <InPorts = 2> <OutPorts = 1>
ST_23 : Operation 536 [1/5] (2.33ns)   --->   "%add171_6 = hadd i16 %mul170_6, i16 %be_6" [../gen2/Hls_Layers_UpConv.tpp:293]   --->   Operation 536 'hadd' 'add171_6' <Predicate = (icmp_ln290_6)> <Delay = 2.33> <CoreInst = "HAddSub_fulldsp">   --->   Core 55 'HAddSub_fulldsp' <Latency = 4> <II = 1> <Delay = 2.33> <FuncUnit> <Opcode : 'hadd' 'hsub'> <InPorts = 2> <OutPorts = 1>
ST_23 : Operation 537 [1/5] (2.33ns)   --->   "%add171_7 = hadd i16 %mul170_7, i16 %be_7" [../gen2/Hls_Layers_UpConv.tpp:293]   --->   Operation 537 'hadd' 'add171_7' <Predicate = (icmp_ln290_7)> <Delay = 2.33> <CoreInst = "HAddSub_fulldsp">   --->   Core 55 'HAddSub_fulldsp' <Latency = 4> <II = 1> <Delay = 2.33> <FuncUnit> <Opcode : 'hadd' 'hsub'> <InPorts = 2> <OutPorts = 1>
ST_23 : Operation 538 [1/5] (2.33ns)   --->   "%add171_8 = hadd i16 %mul170_8, i16 %be_8" [../gen2/Hls_Layers_UpConv.tpp:293]   --->   Operation 538 'hadd' 'add171_8' <Predicate = (icmp_ln290_8)> <Delay = 2.33> <CoreInst = "HAddSub_fulldsp">   --->   Core 55 'HAddSub_fulldsp' <Latency = 4> <II = 1> <Delay = 2.33> <FuncUnit> <Opcode : 'hadd' 'hsub'> <InPorts = 2> <OutPorts = 1>
ST_23 : Operation 539 [1/5] (2.33ns)   --->   "%add171_9 = hadd i16 %mul170_9, i16 %be_9" [../gen2/Hls_Layers_UpConv.tpp:293]   --->   Operation 539 'hadd' 'add171_9' <Predicate = (icmp_ln290_9)> <Delay = 2.33> <CoreInst = "HAddSub_fulldsp">   --->   Core 55 'HAddSub_fulldsp' <Latency = 4> <II = 1> <Delay = 2.33> <FuncUnit> <Opcode : 'hadd' 'hsub'> <InPorts = 2> <OutPorts = 1>
ST_23 : Operation 540 [1/5] (2.33ns)   --->   "%add171_s = hadd i16 %mul170_s, i16 %be_10" [../gen2/Hls_Layers_UpConv.tpp:293]   --->   Operation 540 'hadd' 'add171_s' <Predicate = (icmp_ln290_10)> <Delay = 2.33> <CoreInst = "HAddSub_fulldsp">   --->   Core 55 'HAddSub_fulldsp' <Latency = 4> <II = 1> <Delay = 2.33> <FuncUnit> <Opcode : 'hadd' 'hsub'> <InPorts = 2> <OutPorts = 1>
ST_23 : Operation 541 [1/5] (2.33ns)   --->   "%add171_10 = hadd i16 %mul170_10, i16 %be_11" [../gen2/Hls_Layers_UpConv.tpp:293]   --->   Operation 541 'hadd' 'add171_10' <Predicate = (icmp_ln290_11)> <Delay = 2.33> <CoreInst = "HAddSub_fulldsp">   --->   Core 55 'HAddSub_fulldsp' <Latency = 4> <II = 1> <Delay = 2.33> <FuncUnit> <Opcode : 'hadd' 'hsub'> <InPorts = 2> <OutPorts = 1>
ST_23 : Operation 542 [1/5] (2.33ns)   --->   "%add171_11 = hadd i16 %mul170_11, i16 %be_12" [../gen2/Hls_Layers_UpConv.tpp:293]   --->   Operation 542 'hadd' 'add171_11' <Predicate = (icmp_ln290_12)> <Delay = 2.33> <CoreInst = "HAddSub_fulldsp">   --->   Core 55 'HAddSub_fulldsp' <Latency = 4> <II = 1> <Delay = 2.33> <FuncUnit> <Opcode : 'hadd' 'hsub'> <InPorts = 2> <OutPorts = 1>
ST_23 : Operation 543 [1/5] (2.33ns)   --->   "%add171_12 = hadd i16 %mul170_12, i16 %be_13" [../gen2/Hls_Layers_UpConv.tpp:293]   --->   Operation 543 'hadd' 'add171_12' <Predicate = (icmp_ln290_13)> <Delay = 2.33> <CoreInst = "HAddSub_fulldsp">   --->   Core 55 'HAddSub_fulldsp' <Latency = 4> <II = 1> <Delay = 2.33> <FuncUnit> <Opcode : 'hadd' 'hsub'> <InPorts = 2> <OutPorts = 1>
ST_23 : Operation 544 [1/5] (2.33ns)   --->   "%add171_13 = hadd i16 %mul170_13, i16 %be_14" [../gen2/Hls_Layers_UpConv.tpp:293]   --->   Operation 544 'hadd' 'add171_13' <Predicate = (icmp_ln290_14)> <Delay = 2.33> <CoreInst = "HAddSub_fulldsp">   --->   Core 55 'HAddSub_fulldsp' <Latency = 4> <II = 1> <Delay = 2.33> <FuncUnit> <Opcode : 'hadd' 'hsub'> <InPorts = 2> <OutPorts = 1>
ST_23 : Operation 545 [1/5] (2.33ns)   --->   "%add171_14 = hadd i16 %mul170_14, i16 %be_15" [../gen2/Hls_Layers_UpConv.tpp:293]   --->   Operation 545 'hadd' 'add171_14' <Predicate = (icmp_ln290_15)> <Delay = 2.33> <CoreInst = "HAddSub_fulldsp">   --->   Core 55 'HAddSub_fulldsp' <Latency = 4> <II = 1> <Delay = 2.33> <FuncUnit> <Opcode : 'hadd' 'hsub'> <InPorts = 2> <OutPorts = 1>

State 24 <SV = 23> <Delay = 2.03>
ST_24 : Operation 546 [1/1] (0.35ns)   --->   "%norm = select i1 %icmp_ln290, i16 %add7, i16 0" [../gen2/Hls_Layers_UpConv.tpp:290]   --->   Operation 546 'select' 'norm' <Predicate = true> <Delay = 0.35> <CoreInst = "Sel">   --->   Core 73 'Sel' <Latency = 0> <II = 1> <Delay = 0.35> <FuncUnit> <Opcode : 'select'> <InPorts = 3> <OutPorts = 1>
ST_24 : Operation 547 [2/2] (1.68ns)   --->   "%cmp = fcmp_olt  i16 %norm, i16 0" [../gen2/Hls_Layers_UpConv.tpp:294]   --->   Operation 547 'hcmp' 'cmp' <Predicate = true> <Delay = 1.68> <CoreInst = "HCompare">   --->   Core 56 'HCompare' <Latency = 1> <II = 1> <Delay = 1.68> <FuncUnit> <Opcode : 'hcmp'> <InPorts = 2> <OutPorts = 1>
ST_24 : Operation 548 [1/1] (0.35ns)   --->   "%norm_1 = select i1 %icmp_ln290_1, i16 %add171_1, i16 0" [../gen2/Hls_Layers_UpConv.tpp:290]   --->   Operation 548 'select' 'norm_1' <Predicate = true> <Delay = 0.35> <CoreInst = "Sel">   --->   Core 73 'Sel' <Latency = 0> <II = 1> <Delay = 0.35> <FuncUnit> <Opcode : 'select'> <InPorts = 3> <OutPorts = 1>
ST_24 : Operation 549 [2/2] (1.68ns)   --->   "%cmp175_1 = fcmp_olt  i16 %norm_1, i16 0" [../gen2/Hls_Layers_UpConv.tpp:294]   --->   Operation 549 'hcmp' 'cmp175_1' <Predicate = true> <Delay = 1.68> <CoreInst = "HCompare">   --->   Core 56 'HCompare' <Latency = 1> <II = 1> <Delay = 1.68> <FuncUnit> <Opcode : 'hcmp'> <InPorts = 2> <OutPorts = 1>
ST_24 : Operation 550 [1/1] (0.35ns)   --->   "%norm_2 = select i1 %icmp_ln290_2, i16 %add171_2, i16 0" [../gen2/Hls_Layers_UpConv.tpp:290]   --->   Operation 550 'select' 'norm_2' <Predicate = true> <Delay = 0.35> <CoreInst = "Sel">   --->   Core 73 'Sel' <Latency = 0> <II = 1> <Delay = 0.35> <FuncUnit> <Opcode : 'select'> <InPorts = 3> <OutPorts = 1>
ST_24 : Operation 551 [2/2] (1.68ns)   --->   "%cmp175_2 = fcmp_olt  i16 %norm_2, i16 0" [../gen2/Hls_Layers_UpConv.tpp:294]   --->   Operation 551 'hcmp' 'cmp175_2' <Predicate = true> <Delay = 1.68> <CoreInst = "HCompare">   --->   Core 56 'HCompare' <Latency = 1> <II = 1> <Delay = 1.68> <FuncUnit> <Opcode : 'hcmp'> <InPorts = 2> <OutPorts = 1>
ST_24 : Operation 552 [1/1] (0.35ns)   --->   "%norm_3 = select i1 %icmp_ln290_3, i16 %add171_3, i16 0" [../gen2/Hls_Layers_UpConv.tpp:290]   --->   Operation 552 'select' 'norm_3' <Predicate = true> <Delay = 0.35> <CoreInst = "Sel">   --->   Core 73 'Sel' <Latency = 0> <II = 1> <Delay = 0.35> <FuncUnit> <Opcode : 'select'> <InPorts = 3> <OutPorts = 1>
ST_24 : Operation 553 [2/2] (1.68ns)   --->   "%cmp175_3 = fcmp_olt  i16 %norm_3, i16 0" [../gen2/Hls_Layers_UpConv.tpp:294]   --->   Operation 553 'hcmp' 'cmp175_3' <Predicate = true> <Delay = 1.68> <CoreInst = "HCompare">   --->   Core 56 'HCompare' <Latency = 1> <II = 1> <Delay = 1.68> <FuncUnit> <Opcode : 'hcmp'> <InPorts = 2> <OutPorts = 1>
ST_24 : Operation 554 [1/1] (0.35ns)   --->   "%norm_4 = select i1 %icmp_ln290_4, i16 %add171_4, i16 0" [../gen2/Hls_Layers_UpConv.tpp:290]   --->   Operation 554 'select' 'norm_4' <Predicate = true> <Delay = 0.35> <CoreInst = "Sel">   --->   Core 73 'Sel' <Latency = 0> <II = 1> <Delay = 0.35> <FuncUnit> <Opcode : 'select'> <InPorts = 3> <OutPorts = 1>
ST_24 : Operation 555 [2/2] (1.68ns)   --->   "%cmp175_4 = fcmp_olt  i16 %norm_4, i16 0" [../gen2/Hls_Layers_UpConv.tpp:294]   --->   Operation 555 'hcmp' 'cmp175_4' <Predicate = true> <Delay = 1.68> <CoreInst = "HCompare">   --->   Core 56 'HCompare' <Latency = 1> <II = 1> <Delay = 1.68> <FuncUnit> <Opcode : 'hcmp'> <InPorts = 2> <OutPorts = 1>
ST_24 : Operation 556 [1/1] (0.35ns)   --->   "%norm_5 = select i1 %icmp_ln290_5, i16 %add171_5, i16 0" [../gen2/Hls_Layers_UpConv.tpp:290]   --->   Operation 556 'select' 'norm_5' <Predicate = true> <Delay = 0.35> <CoreInst = "Sel">   --->   Core 73 'Sel' <Latency = 0> <II = 1> <Delay = 0.35> <FuncUnit> <Opcode : 'select'> <InPorts = 3> <OutPorts = 1>
ST_24 : Operation 557 [2/2] (1.68ns)   --->   "%cmp175_5 = fcmp_olt  i16 %norm_5, i16 0" [../gen2/Hls_Layers_UpConv.tpp:294]   --->   Operation 557 'hcmp' 'cmp175_5' <Predicate = true> <Delay = 1.68> <CoreInst = "HCompare">   --->   Core 56 'HCompare' <Latency = 1> <II = 1> <Delay = 1.68> <FuncUnit> <Opcode : 'hcmp'> <InPorts = 2> <OutPorts = 1>
ST_24 : Operation 558 [1/1] (0.35ns)   --->   "%norm_6 = select i1 %icmp_ln290_6, i16 %add171_6, i16 0" [../gen2/Hls_Layers_UpConv.tpp:290]   --->   Operation 558 'select' 'norm_6' <Predicate = true> <Delay = 0.35> <CoreInst = "Sel">   --->   Core 73 'Sel' <Latency = 0> <II = 1> <Delay = 0.35> <FuncUnit> <Opcode : 'select'> <InPorts = 3> <OutPorts = 1>
ST_24 : Operation 559 [2/2] (1.68ns)   --->   "%cmp175_6 = fcmp_olt  i16 %norm_6, i16 0" [../gen2/Hls_Layers_UpConv.tpp:294]   --->   Operation 559 'hcmp' 'cmp175_6' <Predicate = true> <Delay = 1.68> <CoreInst = "HCompare">   --->   Core 56 'HCompare' <Latency = 1> <II = 1> <Delay = 1.68> <FuncUnit> <Opcode : 'hcmp'> <InPorts = 2> <OutPorts = 1>
ST_24 : Operation 560 [1/1] (0.35ns)   --->   "%norm_7 = select i1 %icmp_ln290_7, i16 %add171_7, i16 0" [../gen2/Hls_Layers_UpConv.tpp:290]   --->   Operation 560 'select' 'norm_7' <Predicate = true> <Delay = 0.35> <CoreInst = "Sel">   --->   Core 73 'Sel' <Latency = 0> <II = 1> <Delay = 0.35> <FuncUnit> <Opcode : 'select'> <InPorts = 3> <OutPorts = 1>
ST_24 : Operation 561 [2/2] (1.68ns)   --->   "%cmp175_7 = fcmp_olt  i16 %norm_7, i16 0" [../gen2/Hls_Layers_UpConv.tpp:294]   --->   Operation 561 'hcmp' 'cmp175_7' <Predicate = true> <Delay = 1.68> <CoreInst = "HCompare">   --->   Core 56 'HCompare' <Latency = 1> <II = 1> <Delay = 1.68> <FuncUnit> <Opcode : 'hcmp'> <InPorts = 2> <OutPorts = 1>
ST_24 : Operation 562 [1/1] (0.35ns)   --->   "%norm_8 = select i1 %icmp_ln290_8, i16 %add171_8, i16 0" [../gen2/Hls_Layers_UpConv.tpp:290]   --->   Operation 562 'select' 'norm_8' <Predicate = true> <Delay = 0.35> <CoreInst = "Sel">   --->   Core 73 'Sel' <Latency = 0> <II = 1> <Delay = 0.35> <FuncUnit> <Opcode : 'select'> <InPorts = 3> <OutPorts = 1>
ST_24 : Operation 563 [2/2] (1.68ns)   --->   "%cmp175_8 = fcmp_olt  i16 %norm_8, i16 0" [../gen2/Hls_Layers_UpConv.tpp:294]   --->   Operation 563 'hcmp' 'cmp175_8' <Predicate = true> <Delay = 1.68> <CoreInst = "HCompare">   --->   Core 56 'HCompare' <Latency = 1> <II = 1> <Delay = 1.68> <FuncUnit> <Opcode : 'hcmp'> <InPorts = 2> <OutPorts = 1>
ST_24 : Operation 564 [1/1] (0.35ns)   --->   "%norm_9 = select i1 %icmp_ln290_9, i16 %add171_9, i16 0" [../gen2/Hls_Layers_UpConv.tpp:290]   --->   Operation 564 'select' 'norm_9' <Predicate = true> <Delay = 0.35> <CoreInst = "Sel">   --->   Core 73 'Sel' <Latency = 0> <II = 1> <Delay = 0.35> <FuncUnit> <Opcode : 'select'> <InPorts = 3> <OutPorts = 1>
ST_24 : Operation 565 [2/2] (1.68ns)   --->   "%cmp175_9 = fcmp_olt  i16 %norm_9, i16 0" [../gen2/Hls_Layers_UpConv.tpp:294]   --->   Operation 565 'hcmp' 'cmp175_9' <Predicate = true> <Delay = 1.68> <CoreInst = "HCompare">   --->   Core 56 'HCompare' <Latency = 1> <II = 1> <Delay = 1.68> <FuncUnit> <Opcode : 'hcmp'> <InPorts = 2> <OutPorts = 1>
ST_24 : Operation 566 [1/1] (0.35ns)   --->   "%norm_10 = select i1 %icmp_ln290_10, i16 %add171_s, i16 0" [../gen2/Hls_Layers_UpConv.tpp:290]   --->   Operation 566 'select' 'norm_10' <Predicate = true> <Delay = 0.35> <CoreInst = "Sel">   --->   Core 73 'Sel' <Latency = 0> <II = 1> <Delay = 0.35> <FuncUnit> <Opcode : 'select'> <InPorts = 3> <OutPorts = 1>
ST_24 : Operation 567 [2/2] (1.68ns)   --->   "%cmp175_s = fcmp_olt  i16 %norm_10, i16 0" [../gen2/Hls_Layers_UpConv.tpp:294]   --->   Operation 567 'hcmp' 'cmp175_s' <Predicate = true> <Delay = 1.68> <CoreInst = "HCompare">   --->   Core 56 'HCompare' <Latency = 1> <II = 1> <Delay = 1.68> <FuncUnit> <Opcode : 'hcmp'> <InPorts = 2> <OutPorts = 1>
ST_24 : Operation 568 [1/1] (0.35ns)   --->   "%norm_11 = select i1 %icmp_ln290_11, i16 %add171_10, i16 0" [../gen2/Hls_Layers_UpConv.tpp:290]   --->   Operation 568 'select' 'norm_11' <Predicate = true> <Delay = 0.35> <CoreInst = "Sel">   --->   Core 73 'Sel' <Latency = 0> <II = 1> <Delay = 0.35> <FuncUnit> <Opcode : 'select'> <InPorts = 3> <OutPorts = 1>
ST_24 : Operation 569 [2/2] (1.68ns)   --->   "%cmp175_10 = fcmp_olt  i16 %norm_11, i16 0" [../gen2/Hls_Layers_UpConv.tpp:294]   --->   Operation 569 'hcmp' 'cmp175_10' <Predicate = true> <Delay = 1.68> <CoreInst = "HCompare">   --->   Core 56 'HCompare' <Latency = 1> <II = 1> <Delay = 1.68> <FuncUnit> <Opcode : 'hcmp'> <InPorts = 2> <OutPorts = 1>
ST_24 : Operation 570 [1/1] (0.35ns)   --->   "%norm_12 = select i1 %icmp_ln290_12, i16 %add171_11, i16 0" [../gen2/Hls_Layers_UpConv.tpp:290]   --->   Operation 570 'select' 'norm_12' <Predicate = true> <Delay = 0.35> <CoreInst = "Sel">   --->   Core 73 'Sel' <Latency = 0> <II = 1> <Delay = 0.35> <FuncUnit> <Opcode : 'select'> <InPorts = 3> <OutPorts = 1>
ST_24 : Operation 571 [2/2] (1.68ns)   --->   "%cmp175_11 = fcmp_olt  i16 %norm_12, i16 0" [../gen2/Hls_Layers_UpConv.tpp:294]   --->   Operation 571 'hcmp' 'cmp175_11' <Predicate = true> <Delay = 1.68> <CoreInst = "HCompare">   --->   Core 56 'HCompare' <Latency = 1> <II = 1> <Delay = 1.68> <FuncUnit> <Opcode : 'hcmp'> <InPorts = 2> <OutPorts = 1>
ST_24 : Operation 572 [1/1] (0.35ns)   --->   "%norm_13 = select i1 %icmp_ln290_13, i16 %add171_12, i16 0" [../gen2/Hls_Layers_UpConv.tpp:290]   --->   Operation 572 'select' 'norm_13' <Predicate = true> <Delay = 0.35> <CoreInst = "Sel">   --->   Core 73 'Sel' <Latency = 0> <II = 1> <Delay = 0.35> <FuncUnit> <Opcode : 'select'> <InPorts = 3> <OutPorts = 1>
ST_24 : Operation 573 [2/2] (1.68ns)   --->   "%cmp175_12 = fcmp_olt  i16 %norm_13, i16 0" [../gen2/Hls_Layers_UpConv.tpp:294]   --->   Operation 573 'hcmp' 'cmp175_12' <Predicate = true> <Delay = 1.68> <CoreInst = "HCompare">   --->   Core 56 'HCompare' <Latency = 1> <II = 1> <Delay = 1.68> <FuncUnit> <Opcode : 'hcmp'> <InPorts = 2> <OutPorts = 1>
ST_24 : Operation 574 [1/1] (0.35ns)   --->   "%norm_14 = select i1 %icmp_ln290_14, i16 %add171_13, i16 0" [../gen2/Hls_Layers_UpConv.tpp:290]   --->   Operation 574 'select' 'norm_14' <Predicate = true> <Delay = 0.35> <CoreInst = "Sel">   --->   Core 73 'Sel' <Latency = 0> <II = 1> <Delay = 0.35> <FuncUnit> <Opcode : 'select'> <InPorts = 3> <OutPorts = 1>
ST_24 : Operation 575 [2/2] (1.68ns)   --->   "%cmp175_13 = fcmp_olt  i16 %norm_14, i16 0" [../gen2/Hls_Layers_UpConv.tpp:294]   --->   Operation 575 'hcmp' 'cmp175_13' <Predicate = true> <Delay = 1.68> <CoreInst = "HCompare">   --->   Core 56 'HCompare' <Latency = 1> <II = 1> <Delay = 1.68> <FuncUnit> <Opcode : 'hcmp'> <InPorts = 2> <OutPorts = 1>
ST_24 : Operation 576 [1/1] (0.35ns)   --->   "%norm_15 = select i1 %icmp_ln290_15, i16 %add171_14, i16 0" [../gen2/Hls_Layers_UpConv.tpp:290]   --->   Operation 576 'select' 'norm_15' <Predicate = true> <Delay = 0.35> <CoreInst = "Sel">   --->   Core 73 'Sel' <Latency = 0> <II = 1> <Delay = 0.35> <FuncUnit> <Opcode : 'select'> <InPorts = 3> <OutPorts = 1>
ST_24 : Operation 577 [2/2] (1.68ns)   --->   "%cmp175_14 = fcmp_olt  i16 %norm_15, i16 0" [../gen2/Hls_Layers_UpConv.tpp:294]   --->   Operation 577 'hcmp' 'cmp175_14' <Predicate = true> <Delay = 1.68> <CoreInst = "HCompare">   --->   Core 56 'HCompare' <Latency = 1> <II = 1> <Delay = 1.68> <FuncUnit> <Opcode : 'hcmp'> <InPorts = 2> <OutPorts = 1>
ST_24 : Operation 578 [1/1] (0.00ns)   --->   "%shl_ln5 = bitconcatenate i37 @_ssdm_op_BitConcatenate.i37.i32.i5, i32 %add_ln297_1, i5 0" [../gen2/Hls_Layers_UpConv.tpp:297]   --->   Operation 578 'bitconcatenate' 'shl_ln5' <Predicate = true> <Delay = 0.00>
ST_24 : Operation 579 [1/1] (0.00ns)   --->   "%sext_ln297 = sext i37 %shl_ln5" [../gen2/Hls_Layers_UpConv.tpp:297]   --->   Operation 579 'sext' 'sext_ln297' <Predicate = true> <Delay = 0.00>
ST_24 : Operation 580 [1/1] (1.08ns)   --->   "%add_ln297_2 = add i64 %sext_ln297, i64 %Y_read" [../gen2/Hls_Layers_UpConv.tpp:297]   --->   Operation 580 'add' 'add_ln297_2' <Predicate = true> <Delay = 1.08> <CoreInst = "Adder">   --->   Core 1 'Adder' <Latency = 0> <II = 1> <Delay = 1.08> <FuncUnit> <Opcode : 'add' 'sub'> <InPorts = 2> <OutPorts = 1>
ST_24 : Operation 581 [1/1] (0.00ns)   --->   "%trunc_ln9 = partselect i59 @_ssdm_op_PartSelect.i59.i64.i32.i32, i64 %add_ln297_2, i32 5, i32 63" [../gen2/Hls_Layers_UpConv.tpp:297]   --->   Operation 581 'partselect' 'trunc_ln9' <Predicate = true> <Delay = 0.00>

State 25 <SV = 24> <Delay = 2.43>
ST_25 : Operation 582 [1/2] (1.68ns)   --->   "%cmp = fcmp_olt  i16 %norm, i16 0" [../gen2/Hls_Layers_UpConv.tpp:294]   --->   Operation 582 'hcmp' 'cmp' <Predicate = true> <Delay = 1.68> <CoreInst = "HCompare">   --->   Core 56 'HCompare' <Latency = 1> <II = 1> <Delay = 1.68> <FuncUnit> <Opcode : 'hcmp'> <InPorts = 2> <OutPorts = 1>
ST_25 : Operation 583 [1/1] (0.00ns)   --->   "%bitcast_ln27 = bitcast i16 %norm" [../gen2/Hls_Layers_UpConv.tpp:27->../gen2/Hls_Layers_UpConv.tpp:295]   --->   Operation 583 'bitcast' 'bitcast_ln27' <Predicate = true> <Delay = 0.00>
ST_25 : Operation 584 [1/1] (0.35ns)   --->   "%select_ln27 = select i1 %cmp, i16 0, i16 %bitcast_ln27" [../gen2/Hls_Layers_UpConv.tpp:27->../gen2/Hls_Layers_UpConv.tpp:295]   --->   Operation 584 'select' 'select_ln27' <Predicate = true> <Delay = 0.35> <CoreInst = "Sel">   --->   Core 73 'Sel' <Latency = 0> <II = 1> <Delay = 0.35> <FuncUnit> <Opcode : 'select'> <InPorts = 3> <OutPorts = 1>
ST_25 : Operation 585 [1/2] (1.68ns)   --->   "%cmp175_1 = fcmp_olt  i16 %norm_1, i16 0" [../gen2/Hls_Layers_UpConv.tpp:294]   --->   Operation 585 'hcmp' 'cmp175_1' <Predicate = true> <Delay = 1.68> <CoreInst = "HCompare">   --->   Core 56 'HCompare' <Latency = 1> <II = 1> <Delay = 1.68> <FuncUnit> <Opcode : 'hcmp'> <InPorts = 2> <OutPorts = 1>
ST_25 : Operation 586 [1/1] (0.00ns)   --->   "%bitcast_ln27_1 = bitcast i16 %norm_1" [../gen2/Hls_Layers_UpConv.tpp:27->../gen2/Hls_Layers_UpConv.tpp:295]   --->   Operation 586 'bitcast' 'bitcast_ln27_1' <Predicate = true> <Delay = 0.00>
ST_25 : Operation 587 [1/1] (0.35ns)   --->   "%select_ln27_1 = select i1 %cmp175_1, i16 0, i16 %bitcast_ln27_1" [../gen2/Hls_Layers_UpConv.tpp:27->../gen2/Hls_Layers_UpConv.tpp:295]   --->   Operation 587 'select' 'select_ln27_1' <Predicate = true> <Delay = 0.35> <CoreInst = "Sel">   --->   Core 73 'Sel' <Latency = 0> <II = 1> <Delay = 0.35> <FuncUnit> <Opcode : 'select'> <InPorts = 3> <OutPorts = 1>
ST_25 : Operation 588 [1/2] (1.68ns)   --->   "%cmp175_2 = fcmp_olt  i16 %norm_2, i16 0" [../gen2/Hls_Layers_UpConv.tpp:294]   --->   Operation 588 'hcmp' 'cmp175_2' <Predicate = true> <Delay = 1.68> <CoreInst = "HCompare">   --->   Core 56 'HCompare' <Latency = 1> <II = 1> <Delay = 1.68> <FuncUnit> <Opcode : 'hcmp'> <InPorts = 2> <OutPorts = 1>
ST_25 : Operation 589 [1/1] (0.00ns)   --->   "%bitcast_ln27_2 = bitcast i16 %norm_2" [../gen2/Hls_Layers_UpConv.tpp:27->../gen2/Hls_Layers_UpConv.tpp:295]   --->   Operation 589 'bitcast' 'bitcast_ln27_2' <Predicate = true> <Delay = 0.00>
ST_25 : Operation 590 [1/1] (0.35ns)   --->   "%select_ln27_2 = select i1 %cmp175_2, i16 0, i16 %bitcast_ln27_2" [../gen2/Hls_Layers_UpConv.tpp:27->../gen2/Hls_Layers_UpConv.tpp:295]   --->   Operation 590 'select' 'select_ln27_2' <Predicate = true> <Delay = 0.35> <CoreInst = "Sel">   --->   Core 73 'Sel' <Latency = 0> <II = 1> <Delay = 0.35> <FuncUnit> <Opcode : 'select'> <InPorts = 3> <OutPorts = 1>
ST_25 : Operation 591 [1/2] (1.68ns)   --->   "%cmp175_3 = fcmp_olt  i16 %norm_3, i16 0" [../gen2/Hls_Layers_UpConv.tpp:294]   --->   Operation 591 'hcmp' 'cmp175_3' <Predicate = true> <Delay = 1.68> <CoreInst = "HCompare">   --->   Core 56 'HCompare' <Latency = 1> <II = 1> <Delay = 1.68> <FuncUnit> <Opcode : 'hcmp'> <InPorts = 2> <OutPorts = 1>
ST_25 : Operation 592 [1/1] (0.00ns)   --->   "%bitcast_ln27_3 = bitcast i16 %norm_3" [../gen2/Hls_Layers_UpConv.tpp:27->../gen2/Hls_Layers_UpConv.tpp:295]   --->   Operation 592 'bitcast' 'bitcast_ln27_3' <Predicate = true> <Delay = 0.00>
ST_25 : Operation 593 [1/1] (0.35ns)   --->   "%select_ln27_3 = select i1 %cmp175_3, i16 0, i16 %bitcast_ln27_3" [../gen2/Hls_Layers_UpConv.tpp:27->../gen2/Hls_Layers_UpConv.tpp:295]   --->   Operation 593 'select' 'select_ln27_3' <Predicate = true> <Delay = 0.35> <CoreInst = "Sel">   --->   Core 73 'Sel' <Latency = 0> <II = 1> <Delay = 0.35> <FuncUnit> <Opcode : 'select'> <InPorts = 3> <OutPorts = 1>
ST_25 : Operation 594 [1/2] (1.68ns)   --->   "%cmp175_4 = fcmp_olt  i16 %norm_4, i16 0" [../gen2/Hls_Layers_UpConv.tpp:294]   --->   Operation 594 'hcmp' 'cmp175_4' <Predicate = true> <Delay = 1.68> <CoreInst = "HCompare">   --->   Core 56 'HCompare' <Latency = 1> <II = 1> <Delay = 1.68> <FuncUnit> <Opcode : 'hcmp'> <InPorts = 2> <OutPorts = 1>
ST_25 : Operation 595 [1/1] (0.00ns)   --->   "%bitcast_ln27_4 = bitcast i16 %norm_4" [../gen2/Hls_Layers_UpConv.tpp:27->../gen2/Hls_Layers_UpConv.tpp:295]   --->   Operation 595 'bitcast' 'bitcast_ln27_4' <Predicate = true> <Delay = 0.00>
ST_25 : Operation 596 [1/1] (0.35ns)   --->   "%select_ln27_4 = select i1 %cmp175_4, i16 0, i16 %bitcast_ln27_4" [../gen2/Hls_Layers_UpConv.tpp:27->../gen2/Hls_Layers_UpConv.tpp:295]   --->   Operation 596 'select' 'select_ln27_4' <Predicate = true> <Delay = 0.35> <CoreInst = "Sel">   --->   Core 73 'Sel' <Latency = 0> <II = 1> <Delay = 0.35> <FuncUnit> <Opcode : 'select'> <InPorts = 3> <OutPorts = 1>
ST_25 : Operation 597 [1/2] (1.68ns)   --->   "%cmp175_5 = fcmp_olt  i16 %norm_5, i16 0" [../gen2/Hls_Layers_UpConv.tpp:294]   --->   Operation 597 'hcmp' 'cmp175_5' <Predicate = true> <Delay = 1.68> <CoreInst = "HCompare">   --->   Core 56 'HCompare' <Latency = 1> <II = 1> <Delay = 1.68> <FuncUnit> <Opcode : 'hcmp'> <InPorts = 2> <OutPorts = 1>
ST_25 : Operation 598 [1/1] (0.00ns)   --->   "%bitcast_ln27_5 = bitcast i16 %norm_5" [../gen2/Hls_Layers_UpConv.tpp:27->../gen2/Hls_Layers_UpConv.tpp:295]   --->   Operation 598 'bitcast' 'bitcast_ln27_5' <Predicate = true> <Delay = 0.00>
ST_25 : Operation 599 [1/1] (0.35ns)   --->   "%select_ln27_5 = select i1 %cmp175_5, i16 0, i16 %bitcast_ln27_5" [../gen2/Hls_Layers_UpConv.tpp:27->../gen2/Hls_Layers_UpConv.tpp:295]   --->   Operation 599 'select' 'select_ln27_5' <Predicate = true> <Delay = 0.35> <CoreInst = "Sel">   --->   Core 73 'Sel' <Latency = 0> <II = 1> <Delay = 0.35> <FuncUnit> <Opcode : 'select'> <InPorts = 3> <OutPorts = 1>
ST_25 : Operation 600 [1/2] (1.68ns)   --->   "%cmp175_6 = fcmp_olt  i16 %norm_6, i16 0" [../gen2/Hls_Layers_UpConv.tpp:294]   --->   Operation 600 'hcmp' 'cmp175_6' <Predicate = true> <Delay = 1.68> <CoreInst = "HCompare">   --->   Core 56 'HCompare' <Latency = 1> <II = 1> <Delay = 1.68> <FuncUnit> <Opcode : 'hcmp'> <InPorts = 2> <OutPorts = 1>
ST_25 : Operation 601 [1/1] (0.00ns)   --->   "%bitcast_ln27_6 = bitcast i16 %norm_6" [../gen2/Hls_Layers_UpConv.tpp:27->../gen2/Hls_Layers_UpConv.tpp:295]   --->   Operation 601 'bitcast' 'bitcast_ln27_6' <Predicate = true> <Delay = 0.00>
ST_25 : Operation 602 [1/1] (0.35ns)   --->   "%select_ln27_6 = select i1 %cmp175_6, i16 0, i16 %bitcast_ln27_6" [../gen2/Hls_Layers_UpConv.tpp:27->../gen2/Hls_Layers_UpConv.tpp:295]   --->   Operation 602 'select' 'select_ln27_6' <Predicate = true> <Delay = 0.35> <CoreInst = "Sel">   --->   Core 73 'Sel' <Latency = 0> <II = 1> <Delay = 0.35> <FuncUnit> <Opcode : 'select'> <InPorts = 3> <OutPorts = 1>
ST_25 : Operation 603 [1/2] (1.68ns)   --->   "%cmp175_7 = fcmp_olt  i16 %norm_7, i16 0" [../gen2/Hls_Layers_UpConv.tpp:294]   --->   Operation 603 'hcmp' 'cmp175_7' <Predicate = true> <Delay = 1.68> <CoreInst = "HCompare">   --->   Core 56 'HCompare' <Latency = 1> <II = 1> <Delay = 1.68> <FuncUnit> <Opcode : 'hcmp'> <InPorts = 2> <OutPorts = 1>
ST_25 : Operation 604 [1/1] (0.00ns)   --->   "%bitcast_ln27_7 = bitcast i16 %norm_7" [../gen2/Hls_Layers_UpConv.tpp:27->../gen2/Hls_Layers_UpConv.tpp:295]   --->   Operation 604 'bitcast' 'bitcast_ln27_7' <Predicate = true> <Delay = 0.00>
ST_25 : Operation 605 [1/1] (0.35ns)   --->   "%select_ln27_7 = select i1 %cmp175_7, i16 0, i16 %bitcast_ln27_7" [../gen2/Hls_Layers_UpConv.tpp:27->../gen2/Hls_Layers_UpConv.tpp:295]   --->   Operation 605 'select' 'select_ln27_7' <Predicate = true> <Delay = 0.35> <CoreInst = "Sel">   --->   Core 73 'Sel' <Latency = 0> <II = 1> <Delay = 0.35> <FuncUnit> <Opcode : 'select'> <InPorts = 3> <OutPorts = 1>
ST_25 : Operation 606 [1/2] (1.68ns)   --->   "%cmp175_8 = fcmp_olt  i16 %norm_8, i16 0" [../gen2/Hls_Layers_UpConv.tpp:294]   --->   Operation 606 'hcmp' 'cmp175_8' <Predicate = true> <Delay = 1.68> <CoreInst = "HCompare">   --->   Core 56 'HCompare' <Latency = 1> <II = 1> <Delay = 1.68> <FuncUnit> <Opcode : 'hcmp'> <InPorts = 2> <OutPorts = 1>
ST_25 : Operation 607 [1/1] (0.00ns)   --->   "%bitcast_ln27_8 = bitcast i16 %norm_8" [../gen2/Hls_Layers_UpConv.tpp:27->../gen2/Hls_Layers_UpConv.tpp:295]   --->   Operation 607 'bitcast' 'bitcast_ln27_8' <Predicate = true> <Delay = 0.00>
ST_25 : Operation 608 [1/1] (0.35ns)   --->   "%select_ln27_8 = select i1 %cmp175_8, i16 0, i16 %bitcast_ln27_8" [../gen2/Hls_Layers_UpConv.tpp:27->../gen2/Hls_Layers_UpConv.tpp:295]   --->   Operation 608 'select' 'select_ln27_8' <Predicate = true> <Delay = 0.35> <CoreInst = "Sel">   --->   Core 73 'Sel' <Latency = 0> <II = 1> <Delay = 0.35> <FuncUnit> <Opcode : 'select'> <InPorts = 3> <OutPorts = 1>
ST_25 : Operation 609 [1/2] (1.68ns)   --->   "%cmp175_9 = fcmp_olt  i16 %norm_9, i16 0" [../gen2/Hls_Layers_UpConv.tpp:294]   --->   Operation 609 'hcmp' 'cmp175_9' <Predicate = true> <Delay = 1.68> <CoreInst = "HCompare">   --->   Core 56 'HCompare' <Latency = 1> <II = 1> <Delay = 1.68> <FuncUnit> <Opcode : 'hcmp'> <InPorts = 2> <OutPorts = 1>
ST_25 : Operation 610 [1/1] (0.00ns)   --->   "%bitcast_ln27_9 = bitcast i16 %norm_9" [../gen2/Hls_Layers_UpConv.tpp:27->../gen2/Hls_Layers_UpConv.tpp:295]   --->   Operation 610 'bitcast' 'bitcast_ln27_9' <Predicate = true> <Delay = 0.00>
ST_25 : Operation 611 [1/1] (0.35ns)   --->   "%select_ln27_9 = select i1 %cmp175_9, i16 0, i16 %bitcast_ln27_9" [../gen2/Hls_Layers_UpConv.tpp:27->../gen2/Hls_Layers_UpConv.tpp:295]   --->   Operation 611 'select' 'select_ln27_9' <Predicate = true> <Delay = 0.35> <CoreInst = "Sel">   --->   Core 73 'Sel' <Latency = 0> <II = 1> <Delay = 0.35> <FuncUnit> <Opcode : 'select'> <InPorts = 3> <OutPorts = 1>
ST_25 : Operation 612 [1/2] (1.68ns)   --->   "%cmp175_s = fcmp_olt  i16 %norm_10, i16 0" [../gen2/Hls_Layers_UpConv.tpp:294]   --->   Operation 612 'hcmp' 'cmp175_s' <Predicate = true> <Delay = 1.68> <CoreInst = "HCompare">   --->   Core 56 'HCompare' <Latency = 1> <II = 1> <Delay = 1.68> <FuncUnit> <Opcode : 'hcmp'> <InPorts = 2> <OutPorts = 1>
ST_25 : Operation 613 [1/1] (0.00ns)   --->   "%bitcast_ln27_10 = bitcast i16 %norm_10" [../gen2/Hls_Layers_UpConv.tpp:27->../gen2/Hls_Layers_UpConv.tpp:295]   --->   Operation 613 'bitcast' 'bitcast_ln27_10' <Predicate = true> <Delay = 0.00>
ST_25 : Operation 614 [1/1] (0.35ns)   --->   "%select_ln27_10 = select i1 %cmp175_s, i16 0, i16 %bitcast_ln27_10" [../gen2/Hls_Layers_UpConv.tpp:27->../gen2/Hls_Layers_UpConv.tpp:295]   --->   Operation 614 'select' 'select_ln27_10' <Predicate = true> <Delay = 0.35> <CoreInst = "Sel">   --->   Core 73 'Sel' <Latency = 0> <II = 1> <Delay = 0.35> <FuncUnit> <Opcode : 'select'> <InPorts = 3> <OutPorts = 1>
ST_25 : Operation 615 [1/2] (1.68ns)   --->   "%cmp175_10 = fcmp_olt  i16 %norm_11, i16 0" [../gen2/Hls_Layers_UpConv.tpp:294]   --->   Operation 615 'hcmp' 'cmp175_10' <Predicate = true> <Delay = 1.68> <CoreInst = "HCompare">   --->   Core 56 'HCompare' <Latency = 1> <II = 1> <Delay = 1.68> <FuncUnit> <Opcode : 'hcmp'> <InPorts = 2> <OutPorts = 1>
ST_25 : Operation 616 [1/1] (0.00ns)   --->   "%bitcast_ln27_11 = bitcast i16 %norm_11" [../gen2/Hls_Layers_UpConv.tpp:27->../gen2/Hls_Layers_UpConv.tpp:295]   --->   Operation 616 'bitcast' 'bitcast_ln27_11' <Predicate = true> <Delay = 0.00>
ST_25 : Operation 617 [1/1] (0.35ns)   --->   "%select_ln27_11 = select i1 %cmp175_10, i16 0, i16 %bitcast_ln27_11" [../gen2/Hls_Layers_UpConv.tpp:27->../gen2/Hls_Layers_UpConv.tpp:295]   --->   Operation 617 'select' 'select_ln27_11' <Predicate = true> <Delay = 0.35> <CoreInst = "Sel">   --->   Core 73 'Sel' <Latency = 0> <II = 1> <Delay = 0.35> <FuncUnit> <Opcode : 'select'> <InPorts = 3> <OutPorts = 1>
ST_25 : Operation 618 [1/2] (1.68ns)   --->   "%cmp175_11 = fcmp_olt  i16 %norm_12, i16 0" [../gen2/Hls_Layers_UpConv.tpp:294]   --->   Operation 618 'hcmp' 'cmp175_11' <Predicate = true> <Delay = 1.68> <CoreInst = "HCompare">   --->   Core 56 'HCompare' <Latency = 1> <II = 1> <Delay = 1.68> <FuncUnit> <Opcode : 'hcmp'> <InPorts = 2> <OutPorts = 1>
ST_25 : Operation 619 [1/1] (0.00ns)   --->   "%bitcast_ln27_12 = bitcast i16 %norm_12" [../gen2/Hls_Layers_UpConv.tpp:27->../gen2/Hls_Layers_UpConv.tpp:295]   --->   Operation 619 'bitcast' 'bitcast_ln27_12' <Predicate = true> <Delay = 0.00>
ST_25 : Operation 620 [1/1] (0.35ns)   --->   "%select_ln27_12 = select i1 %cmp175_11, i16 0, i16 %bitcast_ln27_12" [../gen2/Hls_Layers_UpConv.tpp:27->../gen2/Hls_Layers_UpConv.tpp:295]   --->   Operation 620 'select' 'select_ln27_12' <Predicate = true> <Delay = 0.35> <CoreInst = "Sel">   --->   Core 73 'Sel' <Latency = 0> <II = 1> <Delay = 0.35> <FuncUnit> <Opcode : 'select'> <InPorts = 3> <OutPorts = 1>
ST_25 : Operation 621 [1/2] (1.68ns)   --->   "%cmp175_12 = fcmp_olt  i16 %norm_13, i16 0" [../gen2/Hls_Layers_UpConv.tpp:294]   --->   Operation 621 'hcmp' 'cmp175_12' <Predicate = true> <Delay = 1.68> <CoreInst = "HCompare">   --->   Core 56 'HCompare' <Latency = 1> <II = 1> <Delay = 1.68> <FuncUnit> <Opcode : 'hcmp'> <InPorts = 2> <OutPorts = 1>
ST_25 : Operation 622 [1/1] (0.00ns)   --->   "%bitcast_ln27_13 = bitcast i16 %norm_13" [../gen2/Hls_Layers_UpConv.tpp:27->../gen2/Hls_Layers_UpConv.tpp:295]   --->   Operation 622 'bitcast' 'bitcast_ln27_13' <Predicate = true> <Delay = 0.00>
ST_25 : Operation 623 [1/1] (0.35ns)   --->   "%select_ln27_13 = select i1 %cmp175_12, i16 0, i16 %bitcast_ln27_13" [../gen2/Hls_Layers_UpConv.tpp:27->../gen2/Hls_Layers_UpConv.tpp:295]   --->   Operation 623 'select' 'select_ln27_13' <Predicate = true> <Delay = 0.35> <CoreInst = "Sel">   --->   Core 73 'Sel' <Latency = 0> <II = 1> <Delay = 0.35> <FuncUnit> <Opcode : 'select'> <InPorts = 3> <OutPorts = 1>
ST_25 : Operation 624 [1/2] (1.68ns)   --->   "%cmp175_13 = fcmp_olt  i16 %norm_14, i16 0" [../gen2/Hls_Layers_UpConv.tpp:294]   --->   Operation 624 'hcmp' 'cmp175_13' <Predicate = true> <Delay = 1.68> <CoreInst = "HCompare">   --->   Core 56 'HCompare' <Latency = 1> <II = 1> <Delay = 1.68> <FuncUnit> <Opcode : 'hcmp'> <InPorts = 2> <OutPorts = 1>
ST_25 : Operation 625 [1/1] (0.00ns)   --->   "%bitcast_ln27_14 = bitcast i16 %norm_14" [../gen2/Hls_Layers_UpConv.tpp:27->../gen2/Hls_Layers_UpConv.tpp:295]   --->   Operation 625 'bitcast' 'bitcast_ln27_14' <Predicate = true> <Delay = 0.00>
ST_25 : Operation 626 [1/1] (0.35ns)   --->   "%select_ln27_14 = select i1 %cmp175_13, i16 0, i16 %bitcast_ln27_14" [../gen2/Hls_Layers_UpConv.tpp:27->../gen2/Hls_Layers_UpConv.tpp:295]   --->   Operation 626 'select' 'select_ln27_14' <Predicate = true> <Delay = 0.35> <CoreInst = "Sel">   --->   Core 73 'Sel' <Latency = 0> <II = 1> <Delay = 0.35> <FuncUnit> <Opcode : 'select'> <InPorts = 3> <OutPorts = 1>
ST_25 : Operation 627 [1/2] (1.68ns)   --->   "%cmp175_14 = fcmp_olt  i16 %norm_15, i16 0" [../gen2/Hls_Layers_UpConv.tpp:294]   --->   Operation 627 'hcmp' 'cmp175_14' <Predicate = true> <Delay = 1.68> <CoreInst = "HCompare">   --->   Core 56 'HCompare' <Latency = 1> <II = 1> <Delay = 1.68> <FuncUnit> <Opcode : 'hcmp'> <InPorts = 2> <OutPorts = 1>
ST_25 : Operation 628 [1/1] (0.00ns)   --->   "%bitcast_ln27_15 = bitcast i16 %norm_15" [../gen2/Hls_Layers_UpConv.tpp:27->../gen2/Hls_Layers_UpConv.tpp:295]   --->   Operation 628 'bitcast' 'bitcast_ln27_15' <Predicate = true> <Delay = 0.00>
ST_25 : Operation 629 [1/1] (0.35ns)   --->   "%select_ln27_15 = select i1 %cmp175_14, i16 0, i16 %bitcast_ln27_15" [../gen2/Hls_Layers_UpConv.tpp:27->../gen2/Hls_Layers_UpConv.tpp:295]   --->   Operation 629 'select' 'select_ln27_15' <Predicate = true> <Delay = 0.35> <CoreInst = "Sel">   --->   Core 73 'Sel' <Latency = 0> <II = 1> <Delay = 0.35> <FuncUnit> <Opcode : 'select'> <InPorts = 3> <OutPorts = 1>
ST_25 : Operation 630 [1/1] (0.00ns)   --->   "%sext_ln297_1 = sext i59 %trunc_ln9" [../gen2/Hls_Layers_UpConv.tpp:297]   --->   Operation 630 'sext' 'sext_ln297_1' <Predicate = true> <Delay = 0.00>
ST_25 : Operation 631 [1/1] (0.00ns)   --->   "%gmem_out_addr = getelementptr i256 %gmem_out, i64 %sext_ln297_1" [../gen2/Hls_Layers_UpConv.tpp:297]   --->   Operation 631 'getelementptr' 'gmem_out_addr' <Predicate = true> <Delay = 0.00>
ST_25 : Operation 632 [1/1] (2.43ns)   --->   "%gmem_out_addr_req = writereq i1 @_ssdm_op_WriteReq.m_axi.i256P1A, i256 %gmem_out_addr, i64 1" [../gen2/Hls_Layers_UpConv.tpp:297]   --->   Operation 632 'writereq' 'gmem_out_addr_req' <Predicate = true> <Delay = 2.43> <CoreInst = "m_axi">   --->   Core 119 'm_axi' <Latency = 9> <II = 1> <Delay = 1.00> <Adapter> <Opcode : 'read' 'write' 'readreq' 'writereq' 'writeresp'>

State 26 <SV = 25> <Delay = 2.43>
ST_26 : Operation 633 [1/1] (0.00ns)   --->   "%out_word = bitconcatenate i256 @_ssdm_op_BitConcatenate.i256.i16.i16.i16.i16.i16.i16.i16.i16.i16.i16.i16.i16.i16.i16.i16.i16, i16 %select_ln27_15, i16 %select_ln27_14, i16 %select_ln27_13, i16 %select_ln27_12, i16 %select_ln27_11, i16 %select_ln27_10, i16 %select_ln27_9, i16 %select_ln27_8, i16 %select_ln27_7, i16 %select_ln27_6, i16 %select_ln27_5, i16 %select_ln27_4, i16 %select_ln27_3, i16 %select_ln27_2, i16 %select_ln27_1, i16 %select_ln27" [../gen2/Hls_Layers_UpConv.tpp:295]   --->   Operation 633 'bitconcatenate' 'out_word' <Predicate = true> <Delay = 0.00>
ST_26 : Operation 634 [1/1] (2.43ns)   --->   "%write_ln297 = write void @_ssdm_op_Write.m_axi.i256P1A, i256 %gmem_out_addr, i256 %out_word, i32 4294967295" [../gen2/Hls_Layers_UpConv.tpp:297]   --->   Operation 634 'write' 'write_ln297' <Predicate = true> <Delay = 2.43> <CoreInst = "m_axi">   --->   Core 119 'm_axi' <Latency = 5> <II = 1> <Delay = 1.00> <Adapter> <Opcode : 'read' 'write' 'readreq' 'writereq' 'writeresp'>

State 27 <SV = 26> <Delay = 2.43>
ST_27 : Operation 635 [5/5] (2.43ns)   --->   "%gmem_out_addr_resp = writeresp i1 @_ssdm_op_WriteResp.m_axi.i256P1A, i256 %gmem_out_addr" [../gen2/Hls_Layers_UpConv.tpp:297]   --->   Operation 635 'writeresp' 'gmem_out_addr_resp' <Predicate = true> <Delay = 2.43> <CoreInst = "m_axi">   --->   Core 119 'm_axi' <Latency = 3> <II = 1> <Delay = 1.00> <Adapter> <Opcode : 'read' 'write' 'readreq' 'writereq' 'writeresp'>

State 28 <SV = 27> <Delay = 2.43>
ST_28 : Operation 636 [4/5] (2.43ns)   --->   "%gmem_out_addr_resp = writeresp i1 @_ssdm_op_WriteResp.m_axi.i256P1A, i256 %gmem_out_addr" [../gen2/Hls_Layers_UpConv.tpp:297]   --->   Operation 636 'writeresp' 'gmem_out_addr_resp' <Predicate = true> <Delay = 2.43> <CoreInst = "m_axi">   --->   Core 119 'm_axi' <Latency = 3> <II = 1> <Delay = 1.00> <Adapter> <Opcode : 'read' 'write' 'readreq' 'writereq' 'writeresp'>

State 29 <SV = 28> <Delay = 2.43>
ST_29 : Operation 637 [3/5] (2.43ns)   --->   "%gmem_out_addr_resp = writeresp i1 @_ssdm_op_WriteResp.m_axi.i256P1A, i256 %gmem_out_addr" [../gen2/Hls_Layers_UpConv.tpp:297]   --->   Operation 637 'writeresp' 'gmem_out_addr_resp' <Predicate = true> <Delay = 2.43> <CoreInst = "m_axi">   --->   Core 119 'm_axi' <Latency = 3> <II = 1> <Delay = 1.00> <Adapter> <Opcode : 'read' 'write' 'readreq' 'writereq' 'writeresp'>

State 30 <SV = 29> <Delay = 2.43>
ST_30 : Operation 638 [2/5] (2.43ns)   --->   "%gmem_out_addr_resp = writeresp i1 @_ssdm_op_WriteResp.m_axi.i256P1A, i256 %gmem_out_addr" [../gen2/Hls_Layers_UpConv.tpp:297]   --->   Operation 638 'writeresp' 'gmem_out_addr_resp' <Predicate = true> <Delay = 2.43> <CoreInst = "m_axi">   --->   Core 119 'm_axi' <Latency = 3> <II = 1> <Delay = 1.00> <Adapter> <Opcode : 'read' 'write' 'readreq' 'writereq' 'writeresp'>
ST_30 : Operation 644 [1/1] (0.42ns)   --->   "%ret_ln0 = ret"   --->   Operation 644 'ret' 'ret_ln0' <Predicate = (icmp_ln281)> <Delay = 0.42>

State 31 <SV = 30> <Delay = 2.43>
ST_31 : Operation 639 [1/1] (0.00ns)   --->   "%specpipeline_ln282 = specpipeline void @_ssdm_op_SpecPipeline, i32 1, i32 0, i32 0, i32 0, void @empty_80" [../gen2/Hls_Layers_UpConv.tpp:282]   --->   Operation 639 'specpipeline' 'specpipeline_ln282' <Predicate = true> <Delay = 0.00>
ST_31 : Operation 640 [1/1] (0.00ns)   --->   "%speclooptripcount_ln283 = speclooptripcount void @_ssdm_op_SpecLoopTripCount, i64 128, i64 7680, i64 1680" [../gen2/Hls_Layers_UpConv.tpp:283]   --->   Operation 640 'speclooptripcount' 'speclooptripcount_ln283' <Predicate = true> <Delay = 0.00>
ST_31 : Operation 641 [1/1] (0.00ns)   --->   "%specloopname_ln281 = specloopname void @_ssdm_op_SpecLoopName, void @empty_30" [../gen2/Hls_Layers_UpConv.tpp:281]   --->   Operation 641 'specloopname' 'specloopname_ln281' <Predicate = true> <Delay = 0.00>
ST_31 : Operation 642 [1/5] (2.43ns)   --->   "%gmem_out_addr_resp = writeresp i1 @_ssdm_op_WriteResp.m_axi.i256P1A, i256 %gmem_out_addr" [../gen2/Hls_Layers_UpConv.tpp:297]   --->   Operation 642 'writeresp' 'gmem_out_addr_resp' <Predicate = true> <Delay = 2.43> <CoreInst = "m_axi">   --->   Core 119 'm_axi' <Latency = 3> <II = 1> <Delay = 1.00> <Adapter> <Opcode : 'read' 'write' 'readreq' 'writereq' 'writeresp'>
ST_31 : Operation 643 [1/1] (0.00ns)   --->   "%br_ln281 = br void %VITIS_LOOP_287_3" [../gen2/Hls_Layers_UpConv.tpp:281]   --->   Operation 643 'br' 'br_ln281' <Predicate = true> <Delay = 0.00>


============================================================
+ Verbose Summary: Timing violations
============================================================
Target clock period: 3.333ns, clock uncertainty: 0.900ns.

 <State 1>: 0.427ns
The critical path consists of the following:
	'alloca' operation 13 bit ('m', ../gen2/Hls_Layers_UpConv.tpp:281) [30]  (0.000 ns)
	'store' operation 0 bit ('store_ln281', ../gen2/Hls_Layers_UpConv.tpp:281) of constant 0 on local variable 'm', ../gen2/Hls_Layers_UpConv.tpp:281 [62]  (0.427 ns)

 <State 2>: 1.892ns
The critical path consists of the following:
	'load' operation 32 bit ('cwn_load') on local variable 'cwn', ../gen2/Hls_Layers_UpConv.tpp:280 [73]  (0.000 ns)
	'icmp' operation 1 bit ('icmp_ln298', ../gen2/Hls_Layers_UpConv.tpp:298) [366]  (1.016 ns)
	'select' operation 32 bit ('cwn', ../gen2/Hls_Layers_UpConv.tpp:298) [370]  (0.449 ns)
	'store' operation 0 bit ('store_ln280', ../gen2/Hls_Layers_UpConv.tpp:280) of variable 'cwn', ../gen2/Hls_Layers_UpConv.tpp:298 on local variable 'cwn', ../gen2/Hls_Layers_UpConv.tpp:280 [372]  (0.427 ns)

 <State 3>: 2.365ns
The critical path consists of the following:
	'mul' operation 32 bit ('mul_ln297', ../gen2/Hls_Layers_UpConv.tpp:297) [355]  (2.365 ns)

 <State 4>: 2.365ns
The critical path consists of the following:
	'mul' operation 32 bit ('mul_ln297', ../gen2/Hls_Layers_UpConv.tpp:297) [355]  (2.365 ns)

 <State 5>: 1.762ns
The critical path consists of the following:
	'sptohp' operation 16 bit ('mean_w', ../gen2/Hls_Layers_UpConv.tpp:284) [86]  (1.762 ns)

 <State 6>: 2.333ns
The critical path consists of the following:
	'hsub' operation 16 bit ('sub', ../gen2/Hls_Layers_UpConv.tpp:293) [120]  (2.333 ns)

 <State 7>: 2.333ns
The critical path consists of the following:
	'hsub' operation 16 bit ('sub', ../gen2/Hls_Layers_UpConv.tpp:293) [120]  (2.333 ns)

 <State 8>: 2.333ns
The critical path consists of the following:
	'hsub' operation 16 bit ('sub', ../gen2/Hls_Layers_UpConv.tpp:293) [120]  (2.333 ns)

 <State 9>: 2.333ns
The critical path consists of the following:
	'hsub' operation 16 bit ('sub', ../gen2/Hls_Layers_UpConv.tpp:293) [120]  (2.333 ns)

 <State 10>: 2.333ns
The critical path consists of the following:
	'hsub' operation 16 bit ('sub', ../gen2/Hls_Layers_UpConv.tpp:293) [120]  (2.333 ns)

 <State 11>: 2.098ns
The critical path consists of the following:
	'hmul' operation 16 bit ('mul1', ../gen2/Hls_Layers_UpConv.tpp:293) [121]  (2.098 ns)

 <State 12>: 2.098ns
The critical path consists of the following:
	'hmul' operation 16 bit ('mul1', ../gen2/Hls_Layers_UpConv.tpp:293) [121]  (2.098 ns)

 <State 13>: 2.098ns
The critical path consists of the following:
	'hmul' operation 16 bit ('mul1', ../gen2/Hls_Layers_UpConv.tpp:293) [121]  (2.098 ns)

 <State 14>: 2.098ns
The critical path consists of the following:
	'hmul' operation 16 bit ('mul1', ../gen2/Hls_Layers_UpConv.tpp:293) [121]  (2.098 ns)

 <State 15>: 2.098ns
The critical path consists of the following:
	'hmul' operation 16 bit ('mul2', ../gen2/Hls_Layers_UpConv.tpp:293) [122]  (2.098 ns)

 <State 16>: 2.098ns
The critical path consists of the following:
	'hmul' operation 16 bit ('mul2', ../gen2/Hls_Layers_UpConv.tpp:293) [122]  (2.098 ns)

 <State 17>: 2.098ns
The critical path consists of the following:
	'hmul' operation 16 bit ('mul2', ../gen2/Hls_Layers_UpConv.tpp:293) [122]  (2.098 ns)

 <State 18>: 2.098ns
The critical path consists of the following:
	'hmul' operation 16 bit ('mul2', ../gen2/Hls_Layers_UpConv.tpp:293) [122]  (2.098 ns)

 <State 19>: 2.333ns
The critical path consists of the following:
	'hadd' operation 16 bit ('add7', ../gen2/Hls_Layers_UpConv.tpp:293) [123]  (2.333 ns)

 <State 20>: 2.333ns
The critical path consists of the following:
	'hadd' operation 16 bit ('add7', ../gen2/Hls_Layers_UpConv.tpp:293) [123]  (2.333 ns)

 <State 21>: 2.333ns
The critical path consists of the following:
	'hadd' operation 16 bit ('add7', ../gen2/Hls_Layers_UpConv.tpp:293) [123]  (2.333 ns)

 <State 22>: 2.333ns
The critical path consists of the following:
	'hadd' operation 16 bit ('add7', ../gen2/Hls_Layers_UpConv.tpp:293) [123]  (2.333 ns)

 <State 23>: 2.333ns
The critical path consists of the following:
	'hadd' operation 16 bit ('add7', ../gen2/Hls_Layers_UpConv.tpp:293) [123]  (2.333 ns)

 <State 24>: 2.038ns
The critical path consists of the following:
	'select' operation 16 bit ('norm', ../gen2/Hls_Layers_UpConv.tpp:290) [124]  (0.357 ns)
	'hcmp' operation 1 bit ('cmp', ../gen2/Hls_Layers_UpConv.tpp:294) [125]  (1.681 ns)

 <State 25>: 2.433ns
The critical path consists of the following:
	'getelementptr' operation 256 bit ('gmem_out_addr', ../gen2/Hls_Layers_UpConv.tpp:297) [362]  (0.000 ns)
	bus request operation ('gmem_out_addr_req', ../gen2/Hls_Layers_UpConv.tpp:297) on port 'gmem_out' (../gen2/Hls_Layers_UpConv.tpp:297) [363]  (2.433 ns)

 <State 26>: 2.433ns
The critical path consists of the following:
	bus write operation ('write_ln297', ../gen2/Hls_Layers_UpConv.tpp:297) on port 'gmem_out' (../gen2/Hls_Layers_UpConv.tpp:297) [364]  (2.433 ns)

 <State 27>: 2.433ns
The critical path consists of the following:
	bus response operation ('gmem_out_addr_resp', ../gen2/Hls_Layers_UpConv.tpp:297) on port 'gmem_out' (../gen2/Hls_Layers_UpConv.tpp:297) [365]  (2.433 ns)

 <State 28>: 2.433ns
The critical path consists of the following:
	bus response operation ('gmem_out_addr_resp', ../gen2/Hls_Layers_UpConv.tpp:297) on port 'gmem_out' (../gen2/Hls_Layers_UpConv.tpp:297) [365]  (2.433 ns)

 <State 29>: 2.433ns
The critical path consists of the following:
	bus response operation ('gmem_out_addr_resp', ../gen2/Hls_Layers_UpConv.tpp:297) on port 'gmem_out' (../gen2/Hls_Layers_UpConv.tpp:297) [365]  (2.433 ns)

 <State 30>: 2.433ns
The critical path consists of the following:
	bus response operation ('gmem_out_addr_resp', ../gen2/Hls_Layers_UpConv.tpp:297) on port 'gmem_out' (../gen2/Hls_Layers_UpConv.tpp:297) [365]  (2.433 ns)

 <State 31>: 2.433ns
The critical path consists of the following:
	bus response operation ('gmem_out_addr_resp', ../gen2/Hls_Layers_UpConv.tpp:297) on port 'gmem_out' (../gen2/Hls_Layers_UpConv.tpp:297) [365]  (2.433 ns)


============================================================
+ Verbose Summary: Binding
============================================================
N/A
* FSMD analyzer results:
  - Output states:
 - Input state : 
  - Chain level:
	State 1
	State 2
	State 3
	State 4
	State 5
	State 6
	State 7
	State 8
	State 9
	State 10
	State 11
	State 12
	State 13
	State 14
	State 15
	State 16
	State 17
	State 18
	State 19
	State 20
	State 21
	State 22
	State 23
	State 24
	State 25
	State 26
	State 27
	State 28
	State 29
	State 30
	State 31


============================================================
+ Verbose Summary: Datapath Resource usage 
============================================================
N/A
