  **** HLS Build v2024.2 5238294
INFO: [HLS 200-2005] Using work_dir /home/hoinguyen/Documents/Vitis/UpConv_HLS/upconv_core/upconv_core_top 
INFO: [HLS 200-1505] Using default flow_target 'vivado'
Resolution: For help on HLS 200-1505 see docs.xilinx.com/access/sources/dita/topic?Doc_Version=2024.2%20English&url=ug1448-hls-guidance&resourceid=200-1505.html
INFO: [HLS 200-1465] Applying ini 'syn.file=/home/hoinguyen/Documents/Vitis/UpConv_HLS/gen2/upconv_core_top.cpp' from /home/hoinguyen/Documents/Vitis/UpConv_HLS/upconv_core/hls_config.cfg(8)
INFO: [HLS 200-10] Adding design file '/home/hoinguyen/Documents/Vitis/UpConv_HLS/gen2/upconv_core_top.cpp' to the project
INFO: [HLS 200-1465] Applying ini 'tb.file=/home/hoinguyen/Documents/Vitis/UpConv_HLS/test.cpp' from /home/hoinguyen/Documents/Vitis/UpConv_HLS/upconv_core/hls_config.cfg(9)
INFO: [HLS 200-10] Adding test bench file '/home/hoinguyen/Documents/Vitis/UpConv_HLS/test.cpp' to the project
INFO: [HLS 200-1465] Applying ini 'syn.top=upconv_core_top' from /home/hoinguyen/Documents/Vitis/UpConv_HLS/upconv_core/hls_config.cfg(7)
INFO: [HLS 200-1465] Applying ini 'flow_target=vivado' from /home/hoinguyen/Documents/Vitis/UpConv_HLS/upconv_core/hls_config.cfg(4)
INFO: [HLS 200-1505] Using flow_target 'vivado'
Resolution: For help on HLS 200-1505 see docs.xilinx.com/access/sources/dita/topic?Doc_Version=2024.2%20English&url=ug1448-hls-guidance&resourceid=200-1505.html
INFO: [HLS 200-1465] Applying ini 'part=xczu7ev-ffvc1156-2-e' from /home/hoinguyen/Documents/Vitis/UpConv_HLS/upconv_core/hls_config.cfg(1)
INFO: [HLS 200-1611] Setting target device to 'xczu7ev-ffvc1156-2-e'
INFO: [HLS 200-1465] Applying ini 'clock=300MHz' from /home/hoinguyen/Documents/Vitis/UpConv_HLS/upconv_core/hls_config.cfg(10)
INFO: [SYN 201-201] Setting up clock 'default' with a period of 3.333ns.
INFO: [HLS 200-1465] Applying ini 'package.output.format=ip_catalog' from /home/hoinguyen/Documents/Vitis/UpConv_HLS/upconv_core/hls_config.cfg(5)
INFO: [HLS 200-111] Finished File checks and directory preparation: CPU user time: 1.85 seconds. CPU system time: 0.18 seconds. Elapsed time: 1.96 seconds; current allocated memory: 324.934 MB.
INFO: [HLS 200-10] Analyzing design file '../gen2/upconv_core_top.cpp' ... 
WARNING: [HLS 214-110] As the loop bound is not a constant or function argument, the compiler may not successfully process the dataflow loop (../gen2/Hls_Layers_UpConv.tpp:213:42)
Resolution: For help on HLS 214-110 see docs.xilinx.com/access/sources/dita/topic?Doc_Version=2024.2%20English&url=ug1448-hls-guidance&resourceid=214-110.html
WARNING: [HLS 214-113] Either use an argument of the function or declare the variable inside the dataflow loop body (../gen2/Hls_Layers_UpConv.tpp:219:40)
Resolution: For help on HLS 214-113 see docs.xilinx.com/access/sources/dita/topic?Doc_Version=2024.2%20English&url=ug1448-hls-guidance&resourceid=214-113.html
WARNING: [HLS 214-113] Either use an argument of the function or declare the variable inside the dataflow loop body (../gen2/Hls_Layers_UpConv.tpp:220:43)
Resolution: For help on HLS 214-113 see docs.xilinx.com/access/sources/dita/topic?Doc_Version=2024.2%20English&url=ug1448-hls-guidance&resourceid=214-113.html
WARNING: [HLS 214-113] Either use an argument of the function or declare the variable inside the dataflow loop body (../gen2/Hls_Layers_UpConv.tpp:220:74)
Resolution: For help on HLS 214-113 see docs.xilinx.com/access/sources/dita/topic?Doc_Version=2024.2%20English&url=ug1448-hls-guidance&resourceid=214-113.html
WARNING: [HLS 214-113] Either use an argument of the function or declare the variable inside the dataflow loop body (../gen2/Hls_Layers_UpConv.tpp:220:84)
Resolution: For help on HLS 214-113 see docs.xilinx.com/access/sources/dita/topic?Doc_Version=2024.2%20English&url=ug1448-hls-guidance&resourceid=214-113.html
WARNING: [HLS 200-471] Dataflow form checks found 5 issue(s) in file ../gen2/upconv_core_top.cpp
Resolution: For help on HLS 200-471 see docs.xilinx.com/access/sources/dita/topic?Doc_Version=2024.2%20English&url=ug1448-hls-guidance&resourceid=200-471.html
INFO: [HLS 200-111] Finished Source Code Analysis and Preprocessing: CPU user time: 11.37 seconds. CPU system time: 0.76 seconds. Elapsed time: 12.43 seconds; current allocated memory: 331.738 MB.
INFO: [HLS 200-777] Using interface defaults for 'Vivado' flow target.
INFO: [HLS 200-1995] There were 4,118 instructions in the design after the 'Compile/Link' phase of compilation. See the Design Size Report for more details: /home/hoinguyen/Documents/Vitis/UpConv_HLS/upconv_core/upconv_core_top/hls/syn/report/csynth_design_size.rpt
INFO: [HLS 200-1995] There were 9,661 instructions in the design after the 'Unroll/Inline (step 1)' phase of compilation. See the Design Size Report for more details: /home/hoinguyen/Documents/Vitis/UpConv_HLS/upconv_core/upconv_core_top/hls/syn/report/csynth_design_size.rpt
INFO: [HLS 200-1995] There were 7,929 instructions in the design after the 'Unroll/Inline (step 2)' phase of compilation. See the Design Size Report for more details: /home/hoinguyen/Documents/Vitis/UpConv_HLS/upconv_core/upconv_core_top/hls/syn/report/csynth_design_size.rpt
INFO: [HLS 200-1995] There were 7,900 instructions in the design after the 'Unroll/Inline (step 3)' phase of compilation. See the Design Size Report for more details: /home/hoinguyen/Documents/Vitis/UpConv_HLS/upconv_core/upconv_core_top/hls/syn/report/csynth_design_size.rpt
INFO: [HLS 200-1995] There were 7,819 instructions in the design after the 'Unroll/Inline (step 4)' phase of compilation. See the Design Size Report for more details: /home/hoinguyen/Documents/Vitis/UpConv_HLS/upconv_core/upconv_core_top/hls/syn/report/csynth_design_size.rpt
INFO: [HLS 200-1995] There were 14,497 instructions in the design after the 'Array/Struct (step 1)' phase of compilation. See the Design Size Report for more details: /home/hoinguyen/Documents/Vitis/UpConv_HLS/upconv_core/upconv_core_top/hls/syn/report/csynth_design_size.rpt
INFO: [HLS 200-1995] There were 10,260 instructions in the design after the 'Array/Struct (step 2)' phase of compilation. See the Design Size Report for more details: /home/hoinguyen/Documents/Vitis/UpConv_HLS/upconv_core/upconv_core_top/hls/syn/report/csynth_design_size.rpt
INFO: [HLS 200-1995] There were 10,260 instructions in the design after the 'Array/Struct (step 3)' phase of compilation. See the Design Size Report for more details: /home/hoinguyen/Documents/Vitis/UpConv_HLS/upconv_core/upconv_core_top/hls/syn/report/csynth_design_size.rpt
INFO: [HLS 200-1995] There were 10,256 instructions in the design after the 'Array/Struct (step 4)' phase of compilation. See the Design Size Report for more details: /home/hoinguyen/Documents/Vitis/UpConv_HLS/upconv_core/upconv_core_top/hls/syn/report/csynth_design_size.rpt
INFO: [HLS 200-1995] There were 10,327 instructions in the design after the 'Array/Struct (step 5)' phase of compilation. See the Design Size Report for more details: /home/hoinguyen/Documents/Vitis/UpConv_HLS/upconv_core/upconv_core_top/hls/syn/report/csynth_design_size.rpt
INFO: [HLS 200-1995] There were 10,271 instructions in the design after the 'Performance (step 1)' phase of compilation. See the Design Size Report for more details: /home/hoinguyen/Documents/Vitis/UpConv_HLS/upconv_core/upconv_core_top/hls/syn/report/csynth_design_size.rpt
INFO: [HLS 200-1995] There were 10,271 instructions in the design after the 'Performance (step 2)' phase of compilation. See the Design Size Report for more details: /home/hoinguyen/Documents/Vitis/UpConv_HLS/upconv_core/upconv_core_top/hls/syn/report/csynth_design_size.rpt
INFO: [HLS 200-1995] There were 10,249 instructions in the design after the 'Performance (step 3)' phase of compilation. See the Design Size Report for more details: /home/hoinguyen/Documents/Vitis/UpConv_HLS/upconv_core/upconv_core_top/hls/syn/report/csynth_design_size.rpt
INFO: [HLS 200-1995] There were 10,249 instructions in the design after the 'Performance (step 4)' phase of compilation. See the Design Size Report for more details: /home/hoinguyen/Documents/Vitis/UpConv_HLS/upconv_core/upconv_core_top/hls/syn/report/csynth_design_size.rpt
INFO: [HLS 200-1995] There were 10,322 instructions in the design after the 'HW Transforms (step 1)' phase of compilation. See the Design Size Report for more details: /home/hoinguyen/Documents/Vitis/UpConv_HLS/upconv_core/upconv_core_top/hls/syn/report/csynth_design_size.rpt
INFO: [HLS 200-1995] There were 9,734 instructions in the design after the 'HW Transforms (step 2)' phase of compilation. See the Design Size Report for more details: /home/hoinguyen/Documents/Vitis/UpConv_HLS/upconv_core/upconv_core_top/hls/syn/report/csynth_design_size.rpt
INFO: [HLS 214-131] Inlining function 'half bits_to_half<half>(ap_uint<16>)' into 'void uc_compute_tile<8>(ap_uint<256> (*) [540], ap_uint<256>*, half (*) [480], int, int, int, int, int, int, int)' (../gen2/Hls_Layers_UpConv.tpp:135:37)
INFO: [HLS 214-131] Inlining function 'ap_uint<16> half_to_bits<half>(half)' into 'void UpConv_Fused_Row<8>(ap_uint<256>*, ap_uint<256> const*, ap_uint<256> const*, ap_uint<256> const*, ap_uint<256> const*, ap_uint<256>*, half, int, int, int, int, int)' (../gen2/Hls_Layers_UpConv.tpp:295:45)
INFO: [HLS 214-131] Inlining function 'half bits_to_half<half>(ap_uint<16>)' into 'void UpConv_Fused_Row<8>(ap_uint<256>*, ap_uint<256> const*, ap_uint<256> const*, ap_uint<256> const*, ap_uint<256> const*, ap_uint<256>*, half, int, int, int, int, int)' (../gen2/Hls_Layers_UpConv.tpp:292:25)
INFO: [HLS 214-131] Inlining function 'my_sqrt_f(float)' into 'void UpConv_Fused_Row<8>(ap_uint<256>*, ap_uint<256> const*, ap_uint<256> const*, ap_uint<256> const*, ap_uint<256> const*, ap_uint<256>*, half, int, int, int, int, int)' (../gen2/Hls_Layers_UpConv.tpp:273:43)
INFO: [HLS 214-291] Loop 'VITIS_LOOP_287_3' is marked as complete unroll implied by the pipeline pragma (../gen2/Hls_Layers_UpConv.tpp:287:27)
INFO: [HLS 214-291] Loop 'VITIS_LOOP_265_2' is marked as complete unroll implied by the pipeline pragma (../gen2/Hls_Layers_UpConv.tpp:265:31)
INFO: [HLS 214-291] Loop 'VITIS_LOOP_203_1' is marked as complete unroll implied by the pipeline pragma (../gen2/Hls_Layers_UpConv.tpp:203:20)
INFO: [HLS 214-291] Loop 'TC_MAC' is marked as complete unroll implied by the pipeline pragma (../gen2/Hls_Layers_UpConv.tpp:128:25)
INFO: [HLS 214-291] Loop 'VITIS_LOOP_132_1' is marked as complete unroll implied by the pipeline pragma (../gen2/Hls_Layers_UpConv.tpp:132:39)
INFO: [HLS 214-291] Loop 'ACC_WRITE' is marked as complete unroll implied by the pipeline pragma (../gen2/Hls_Layers_UpConv.tpp:148:36)
WARNING: [HLS 214-398] Updating loop lower bound from 2 to 3 for loop 'KW_LOOP' (../gen2/Hls_Layers_UpConv.tpp:109:18) in function 'uc_compute_tile<8>'. (../gen2/Hls_Layers_UpConv.tpp:97:0)
INFO: [HLS 214-186] Unrolling loop 'VITIS_LOOP_287_3' (../gen2/Hls_Layers_UpConv.tpp:287:27) in function 'UpConv_Fused_Row<8>' completely with a factor of 16 (../gen2/Hls_Layers_UpConv.tpp:176:0)
INFO: [HLS 214-186] Unrolling loop 'VITIS_LOOP_265_2' (../gen2/Hls_Layers_UpConv.tpp:265:31) in function 'UpConv_Fused_Row<8>' completely with a factor of 8 (../gen2/Hls_Layers_UpConv.tpp:176:0)
INFO: [HLS 214-186] Unrolling loop 'VITIS_LOOP_203_1' (../gen2/Hls_Layers_UpConv.tpp:203:20) in function 'UpConv_Fused_Row<8>' completely with a factor of 16 (../gen2/Hls_Layers_UpConv.tpp:176:0)
INFO: [HLS 214-186] Unrolling loop 'TC_MAC' (../gen2/Hls_Layers_UpConv.tpp:128:25) in function 'uc_compute_tile<8>' completely with a factor of 8 (../gen2/Hls_Layers_UpConv.tpp:97:0)
INFO: [HLS 214-186] Unrolling loop 'VITIS_LOOP_132_1' (../gen2/Hls_Layers_UpConv.tpp:132:39) in function 'uc_compute_tile<8>' completely with a factor of 16 (../gen2/Hls_Layers_UpConv.tpp:97:0)
INFO: [HLS 214-186] Unrolling loop 'ACC_WRITE' (../gen2/Hls_Layers_UpConv.tpp:148:36) in function 'uc_compute_tile<8>' completely with a factor of 8 (../gen2/Hls_Layers_UpConv.tpp:97:0)
INFO: [HLS 214-178] Inlining function 'hls::sqrtf(float)' into 'void UpConv_Fused_Row<8>(ap_uint<256>*, ap_uint<256> const*, ap_uint<256> const*, ap_uint<256> const*, ap_uint<256> const*, ap_uint<256>*, half, int, int, int, int, int)' (../gen2/Hls_Layers_UpConv.tpp:176:0)
INFO: [HLS 214-248] Applying array_partition to '_ZZ16UpConv_Fused_RowILi8EEvP7ap_uintILi256EEPKS1_S4_S4_S4_S2_DhiiiiiE7row_acc': Cyclic partitioning with factor 16 on dimension 2. (../gen2/Hls_Layers_UpConv.tpp:189:0)
INFO: [HLS 214-248] Applying array_partition to 'psum': Complete partitioning on dimension 1. Complete partitioning on dimension 2. (../gen2/Hls_Layers_UpConv.tpp:116:20)
INFO: [HLS 214-248] Applying array_partition to 'wbuf': Complete partitioning on dimension 1. (../gen2/Hls_Layers_UpConv.tpp:216:13)
INFO: [HLS 214-248] Applying array_partition to 'sum_rot': Complete partitioning on dimension 1. (../gen2/Hls_Layers_UpConv.tpp:244:8)
INFO: [HLS 214-248] Applying array_partition to 'sumsq_rot': Complete partitioning on dimension 1. (../gen2/Hls_Layers_UpConv.tpp:244:20)
INFO: [HLS 214-437] Automatically disabling loop flattening for loop 'ROW_LOOP'. (../gen2/upconv_core_top.cpp:67:15)
INFO: [HLS 214-115] Multiple burst reads of variable length and bit width 256 in loop 'W_FLAT'(../gen2/Hls_Layers_UpConv.tpp:83:21) has been inferred on bundle 'gmem_weight'. These burst requests might be further partitioned into multiple requests during RTL generation, based on max_read_burst_length or max_write_burst_length settings. (../gen2/Hls_Layers_UpConv.tpp:83:21)
INFO: [HLS 214-115] Multiple burst reads of variable length and bit width 256 in loop 'VITIS_LOOP_58_1'(../gen2/upconv_core_top.cpp:58:19) has been inferred on bundle 'gmem_in'. These burst requests might be further partitioned into multiple requests during RTL generation, based on max_read_burst_length or max_write_burst_length settings. (../gen2/upconv_core_top.cpp:56:16)
INFO: [HLS 214-115] Multiple burst reads of variable length and bit width 256 in loop 'VITIS_LOOP_72_2'(../gen2/upconv_core_top.cpp:72:19) has been inferred on bundle 'gmem_in'. These burst requests might be further partitioned into multiple requests during RTL generation, based on max_read_burst_length or max_write_burst_length settings. (../gen2/upconv_core_top.cpp:70:19)
INFO: [HLS 200-111] Finished Compiling Optimization and Transform: CPU user time: 3.5 seconds. CPU system time: 0.32 seconds. Elapsed time: 7.01 seconds; current allocated memory: 333.078 MB.
INFO: [HLS 200-111] Finished Checking Pragmas: CPU user time: 0 seconds. CPU system time: 0 seconds. Elapsed time: 0 seconds; current allocated memory: 333.078 MB.
INFO: [HLS 200-10] Starting code transformations ...
INFO: [HLS 200-111] Finished Standard Transforms: CPU user time: 0.12 seconds. CPU system time: 0 seconds. Elapsed time: 0.15 seconds; current allocated memory: 335.676 MB.
INFO: [HLS 200-10] Checking synthesizability ...
WARNING: [SYNCHK 200-23] ../gen2/Hls_Layers_UpConv.tpp:256: variable-indexed range selection may cause suboptimal QoR.
INFO: [SYNCHK 200-10] 0 error(s), 1 warning(s).
INFO: [HLS 200-111] Finished Checking Synthesizability: CPU user time: 0.11 seconds. CPU system time: 0.01 seconds. Elapsed time: 0.12 seconds; current allocated memory: 338.488 MB.
WARNING: [XFORM 203-561] Updating loop upper bound from 2 to 3 for loop 'KH_LOOP' (../gen2/Hls_Layers_UpConv.tpp:102:9) in function 'uc_compute_tile<8>'.
WARNING: [XFORM 203-561] Updating loop lower bound from 1 to 3 for loop 'KH_LOOP' (../gen2/Hls_Layers_UpConv.tpp:102:9) in function 'uc_compute_tile<8>'.
INFO: [XFORM 203-712] Applying dataflow to function 'dataflow_in_loop_TILE_LOOP.1' (../gen2/Hls_Layers_UpConv.tpp:182:13), detected/extracted 3 process function(s): 
	 'entry_proc'
	 'uc_load_tile<8>2'
	 'uc_compute_tile<8>3'.
INFO: [XFORM 203-401] Performing if-conversion on hyperblock from (../gen2/Hls_Layers_UpConv.tpp:120:24) in function 'uc_compute_tile<8>3'... converting 3 basic blocks.
INFO: [XFORM 203-401] Performing if-conversion on hyperblock from (../gen2/Hls_Layers_UpConv.tpp:281:17) to (../gen2/Hls_Layers_UpConv.tpp:281:17) in function 'UpConv_Fused_Row<8>'... converting 33 basic blocks.
INFO: [HLS 200-111] Finished Loop, function and other optimizations: CPU user time: 0.59 seconds. CPU system time: 0 seconds. Elapsed time: 0.59 seconds; current allocated memory: 366.277 MB.
INFO: [HLS 200-2061] Successfully converted nested loops 'LOAD_ROW0'(../gen2/upconv_core_top.cpp:56:16) and 'VITIS_LOOP_58_1'(../gen2/upconv_core_top.cpp:58:19) in function 'upconv_core_top' into perfectly nested loops.
INFO: [HLS 200-2061] Successfully converted nested loops 'LOAD_ROW'(../gen2/upconv_core_top.cpp:70:19) and 'VITIS_LOOP_72_2'(../gen2/upconv_core_top.cpp:72:19) in function 'upconv_core_top' into perfectly nested loops.
INFO: [HLS 200-2061] Successfully converted nested loops 'KW_LOOP'(../gen2/Hls_Layers_UpConv.tpp:109:18) and 'FLAT_LOOP'(../gen2/Hls_Layers_UpConv.tpp:120:24) in function 'uc_compute_tile<8>3' into perfectly nested loops.
INFO: [XFORM 203-541] Flattening a loop nest 'LOAD_ROW0' (../gen2/upconv_core_top.cpp:56:16) in function 'upconv_core_top'.
INFO: [XFORM 203-541] Flattening a loop nest 'LOAD_ROW' (../gen2/upconv_core_top.cpp:70:19) in function 'upconv_core_top'.
WARNING: [HLS 200-960] Cannot flatten loop 'PRELOAD_W' (../gen2/Hls_Layers_UpConv.tpp:79:16) in function 'uc_load_tile<8>2' the outer loop is not a perfect loop because there is nontrivial logic before entering the inner loop.
Resolution: For help on HLS 200-960 see docs.xilinx.com/access/sources/dita/topic?Doc_Version=2024.2%20English&url=ug1448-hls-guidance&resourceid=200-960.html
INFO: [XFORM 203-541] Flattening a loop nest 'KW_LOOP' (../gen2/Hls_Layers_UpConv.tpp:109:18) in function 'uc_compute_tile<8>3'.
WARNING: [HLS 200-1946] Dependence pragma (../gen2/Hls_Layers_UpConv.tpp:123:9) in loop 'FLAT_LOOP' may become invalid because the loop was flattened with the outer loop 'KW_LOOP'.
WARNING: [HLS 200-1946] Dependence pragma (../gen2/Hls_Layers_UpConv.tpp:123:9) in loop 'FLAT_LOOP' may become invalid because the loop was flattened with the outer loop 'KW_LOOP'.
WARNING: [HLS 200-1946] Dependence pragma (../gen2/Hls_Layers_UpConv.tpp:123:9) in loop 'FLAT_LOOP' may become invalid because the loop was flattened with the outer loop 'KW_LOOP'.
WARNING: [HLS 200-1946] Dependence pragma (../gen2/Hls_Layers_UpConv.tpp:123:9) in loop 'FLAT_LOOP' may become invalid because the loop was flattened with the outer loop 'KW_LOOP'.
WARNING: [HLS 200-1946] Dependence pragma (../gen2/Hls_Layers_UpConv.tpp:123:9) in loop 'FLAT_LOOP' may become invalid because the loop was flattened with the outer loop 'KW_LOOP'.
WARNING: [HLS 200-1946] Dependence pragma (../gen2/Hls_Layers_UpConv.tpp:123:9) in loop 'FLAT_LOOP' may become invalid because the loop was flattened with the outer loop 'KW_LOOP'.
WARNING: [HLS 200-1946] Dependence pragma (../gen2/Hls_Layers_UpConv.tpp:123:9) in loop 'FLAT_LOOP' may become invalid because the loop was flattened with the outer loop 'KW_LOOP'.
WARNING: [HLS 200-1946] Dependence pragma (../gen2/Hls_Layers_UpConv.tpp:123:9) in loop 'FLAT_LOOP' may become invalid because the loop was flattened with the outer loop 'KW_LOOP'.
WARNING: [HLS 200-1946] Dependence pragma (../gen2/Hls_Layers_UpConv.tpp:123:9) in loop 'FLAT_LOOP' may become invalid because the loop was flattened with the outer loop 'KW_LOOP'.
WARNING: [HLS 200-1946] Dependence pragma (../gen2/Hls_Layers_UpConv.tpp:123:9) in loop 'FLAT_LOOP' may become invalid because the loop was flattened with the outer loop 'KW_LOOP'.
WARNING: [HLS 200-1946] Dependence pragma (../gen2/Hls_Layers_UpConv.tpp:123:9) in loop 'FLAT_LOOP' may become invalid because the loop was flattened with the outer loop 'KW_LOOP'.
WARNING: [HLS 200-1946] Dependence pragma (../gen2/Hls_Layers_UpConv.tpp:123:9) in loop 'FLAT_LOOP' may become invalid because the loop was flattened with the outer loop 'KW_LOOP'.
WARNING: [HLS 200-1946] Dependence pragma (../gen2/Hls_Layers_UpConv.tpp:123:9) in loop 'FLAT_LOOP' may become invalid because the loop was flattened with the outer loop 'KW_LOOP'.
WARNING: [HLS 200-1946] Dependence pragma (../gen2/Hls_Layers_UpConv.tpp:123:9) in loop 'FLAT_LOOP' may become invalid because the loop was flattened with the outer loop 'KW_LOOP'.
WARNING: [HLS 200-1946] Dependence pragma (../gen2/Hls_Layers_UpConv.tpp:123:9) in loop 'FLAT_LOOP' may become invalid because the loop was flattened with the outer loop 'KW_LOOP'.
WARNING: [HLS 200-1946] Dependence pragma (../gen2/Hls_Layers_UpConv.tpp:123:9) in loop 'FLAT_LOOP' may become invalid because the loop was flattened with the outer loop 'KW_LOOP'.
WARNING: [HLS 200-1946] Dependence pragma (../gen2/Hls_Layers_UpConv.tpp:123:9) in loop 'FLAT_LOOP' may become invalid because the loop was flattened with the outer loop 'KW_LOOP'.
WARNING: [HLS 200-1946] Dependence pragma (../gen2/Hls_Layers_UpConv.tpp:123:9) in loop 'FLAT_LOOP' may become invalid because the loop was flattened with the outer loop 'KW_LOOP'.
WARNING: [HLS 200-1946] Dependence pragma (../gen2/Hls_Layers_UpConv.tpp:123:9) in loop 'FLAT_LOOP' may become invalid because the loop was flattened with the outer loop 'KW_LOOP'.
WARNING: [HLS 200-1946] Dependence pragma (../gen2/Hls_Layers_UpConv.tpp:123:9) in loop 'FLAT_LOOP' may become invalid because the loop was flattened with the outer loop 'KW_LOOP'.
WARNING: [HLS 200-1946] Dependence pragma (../gen2/Hls_Layers_UpConv.tpp:123:9) in loop 'FLAT_LOOP' may become invalid because the loop was flattened with the outer loop 'KW_LOOP'.
WARNING: [HLS 200-1946] Dependence pragma (../gen2/Hls_Layers_UpConv.tpp:123:9) in loop 'FLAT_LOOP' may become invalid because the loop was flattened with the outer loop 'KW_LOOP'.
WARNING: [HLS 200-1946] Dependence pragma (../gen2/Hls_Layers_UpConv.tpp:123:9) in loop 'FLAT_LOOP' may become invalid because the loop was flattened with the outer loop 'KW_LOOP'.
WARNING: [HLS 200-1946] Dependence pragma (../gen2/Hls_Layers_UpConv.tpp:123:9) in loop 'FLAT_LOOP' may become invalid because the loop was flattened with the outer loop 'KW_LOOP'.
WARNING: [HLS 200-1946] Dependence pragma (../gen2/Hls_Layers_UpConv.tpp:123:9) in loop 'FLAT_LOOP' may become invalid because the loop was flattened with the outer loop 'KW_LOOP'.
WARNING: [HLS 200-1946] Dependence pragma (../gen2/Hls_Layers_UpConv.tpp:123:9) in loop 'FLAT_LOOP' may become invalid because the loop was flattened with the outer loop 'KW_LOOP'.
WARNING: [HLS 200-1946] Dependence pragma (../gen2/Hls_Layers_UpConv.tpp:123:9) in loop 'FLAT_LOOP' may become invalid because the loop was flattened with the outer loop 'KW_LOOP'.
WARNING: [HLS 200-1946] Dependence pragma (../gen2/Hls_Layers_UpConv.tpp:123:9) in loop 'FLAT_LOOP' may become invalid because the loop was flattened with the outer loop 'KW_LOOP'.
WARNING: [HLS 200-1946] Dependence pragma (../gen2/Hls_Layers_UpConv.tpp:123:9) in loop 'FLAT_LOOP' may become invalid because the loop was flattened with the outer loop 'KW_LOOP'.
WARNING: [HLS 200-1946] Dependence pragma (../gen2/Hls_Layers_UpConv.tpp:123:9) in loop 'FLAT_LOOP' may become invalid because the loop was flattened with the outer loop 'KW_LOOP'.
WARNING: [HLS 200-1946] Dependence pragma (../gen2/Hls_Layers_UpConv.tpp:123:9) in loop 'FLAT_LOOP' may become invalid because the loop was flattened with the outer loop 'KW_LOOP'.
WARNING: [HLS 200-1946] Dependence pragma (../gen2/Hls_Layers_UpConv.tpp:123:9) in loop 'FLAT_LOOP' may become invalid because the loop was flattened with the outer loop 'KW_LOOP'.
WARNING: [HLS 200-1946] Dependence pragma (../gen2/Hls_Layers_UpConv.tpp:124:9) in loop 'FLAT_LOOP' may become invalid because the loop was flattened with the outer loop 'KW_LOOP'.
WARNING: [HLS 200-1946] Dependence pragma (../gen2/Hls_Layers_UpConv.tpp:124:9) in loop 'FLAT_LOOP' may become invalid because the loop was flattened with the outer loop 'KW_LOOP'.
WARNING: [HLS 200-1946] Dependence pragma (../gen2/Hls_Layers_UpConv.tpp:124:9) in loop 'FLAT_LOOP' may become invalid because the loop was flattened with the outer loop 'KW_LOOP'.
WARNING: [HLS 200-1946] Dependence pragma (../gen2/Hls_Layers_UpConv.tpp:124:9) in loop 'FLAT_LOOP' may become invalid because the loop was flattened with the outer loop 'KW_LOOP'.
WARNING: [HLS 200-1946] Dependence pragma (../gen2/Hls_Layers_UpConv.tpp:124:9) in loop 'FLAT_LOOP' may become invalid because the loop was flattened with the outer loop 'KW_LOOP'.
WARNING: [HLS 200-1946] Dependence pragma (../gen2/Hls_Layers_UpConv.tpp:124:9) in loop 'FLAT_LOOP' may become invalid because the loop was flattened with the outer loop 'KW_LOOP'.
WARNING: [HLS 200-1946] Dependence pragma (../gen2/Hls_Layers_UpConv.tpp:124:9) in loop 'FLAT_LOOP' may become invalid because the loop was flattened with the outer loop 'KW_LOOP'.
WARNING: [HLS 200-1946] Dependence pragma (../gen2/Hls_Layers_UpConv.tpp:124:9) in loop 'FLAT_LOOP' may become invalid because the loop was flattened with the outer loop 'KW_LOOP'.
WARNING: [HLS 200-1946] Dependence pragma (../gen2/Hls_Layers_UpConv.tpp:124:9) in loop 'FLAT_LOOP' may become invalid because the loop was flattened with the outer loop 'KW_LOOP'.
WARNING: [HLS 200-1946] Dependence pragma (../gen2/Hls_Layers_UpConv.tpp:124:9) in loop 'FLAT_LOOP' may become invalid because the loop was flattened with the outer loop 'KW_LOOP'.
WARNING: [HLS 200-1946] Dependence pragma (../gen2/Hls_Layers_UpConv.tpp:124:9) in loop 'FLAT_LOOP' may become invalid because the loop was flattened with the outer loop 'KW_LOOP'.
WARNING: [HLS 200-1946] Dependence pragma (../gen2/Hls_Layers_UpConv.tpp:124:9) in loop 'FLAT_LOOP' may become invalid because the loop was flattened with the outer loop 'KW_LOOP'.
WARNING: [HLS 200-1946] Dependence pragma (../gen2/Hls_Layers_UpConv.tpp:124:9) in loop 'FLAT_LOOP' may become invalid because the loop was flattened with the outer loop 'KW_LOOP'.
WARNING: [HLS 200-1946] Dependence pragma (../gen2/Hls_Layers_UpConv.tpp:124:9) in loop 'FLAT_LOOP' may become invalid because the loop was flattened with the outer loop 'KW_LOOP'.
WARNING: [HLS 200-1946] Dependence pragma (../gen2/Hls_Layers_UpConv.tpp:124:9) in loop 'FLAT_LOOP' may become invalid because the loop was flattened with the outer loop 'KW_LOOP'.
WARNING: [HLS 200-1946] Dependence pragma (../gen2/Hls_Layers_UpConv.tpp:124:9) in loop 'FLAT_LOOP' may become invalid because the loop was flattened with the outer loop 'KW_LOOP'.
WARNING: [HLS 200-960] Cannot flatten loop 'KH_LOOP' (../gen2/Hls_Layers_UpConv.tpp:101:14) in function 'uc_compute_tile<8>3' the outer loop is not a perfect loop because there is nontrivial logic before entering the inner loop.
Resolution: For help on HLS 200-960 see docs.xilinx.com/access/sources/dita/topic?Doc_Version=2024.2%20English&url=ug1448-hls-guidance&resourceid=200-960.html
WARNING: [ANALYSIS 214-52] Found false inter dependency for variable 'psum.31' (../gen2/Hls_Layers_UpConv.tpp:116).
WARNING: [ANALYSIS 214-52] Found false inter dependency for variable 'psum.30' (../gen2/Hls_Layers_UpConv.tpp:116).
WARNING: [ANALYSIS 214-52] Found false inter dependency for variable 'psum.29' (../gen2/Hls_Layers_UpConv.tpp:116).
WARNING: [ANALYSIS 214-52] Found false inter dependency for variable 'psum.28' (../gen2/Hls_Layers_UpConv.tpp:116).
WARNING: [ANALYSIS 214-52] Found false inter dependency for variable 'psum.27' (../gen2/Hls_Layers_UpConv.tpp:116).
WARNING: [ANALYSIS 214-52] Found false inter dependency for variable 'psum.26' (../gen2/Hls_Layers_UpConv.tpp:116).
WARNING: [ANALYSIS 214-52] Found false inter dependency for variable 'psum.25' (../gen2/Hls_Layers_UpConv.tpp:116).
WARNING: [ANALYSIS 214-52] Found false inter dependency for variable 'psum.24' (../gen2/Hls_Layers_UpConv.tpp:116).
WARNING: [ANALYSIS 214-52] Found false inter dependency for variable 'psum.23' (../gen2/Hls_Layers_UpConv.tpp:116).
WARNING: [ANALYSIS 214-52] Found false inter dependency for variable 'psum.22' (../gen2/Hls_Layers_UpConv.tpp:116).
WARNING: [ANALYSIS 214-52] Found false inter dependency for variable 'psum.21' (../gen2/Hls_Layers_UpConv.tpp:116).
WARNING: [ANALYSIS 214-52] Found false inter dependency for variable 'psum.20' (../gen2/Hls_Layers_UpConv.tpp:116).
WARNING: [ANALYSIS 214-52] Found false inter dependency for variable 'psum.19' (../gen2/Hls_Layers_UpConv.tpp:116).
WARNING: [ANALYSIS 214-52] Found false inter dependency for variable 'psum.18' (../gen2/Hls_Layers_UpConv.tpp:116).
WARNING: [ANALYSIS 214-52] Found false inter dependency for variable 'psum.17' (../gen2/Hls_Layers_UpConv.tpp:116).
WARNING: [ANALYSIS 214-52] Found false inter dependency for variable 'psum.16' (../gen2/Hls_Layers_UpConv.tpp:116).
WARNING: [ANALYSIS 214-52] Found false inter dependency for variable 'psum.15' (../gen2/Hls_Layers_UpConv.tpp:116).
WARNING: [ANALYSIS 214-52] Found false inter dependency for variable 'psum.14' (../gen2/Hls_Layers_UpConv.tpp:116).
WARNING: [ANALYSIS 214-52] Found false inter dependency for variable 'psum.13' (../gen2/Hls_Layers_UpConv.tpp:116).
WARNING: [ANALYSIS 214-52] Found false inter dependency for variable 'psum.12' (../gen2/Hls_Layers_UpConv.tpp:116).
WARNING: [ANALYSIS 214-52] Found false inter dependency for variable 'psum.11' (../gen2/Hls_Layers_UpConv.tpp:116).
WARNING: [ANALYSIS 214-52] Found false inter dependency for variable 'psum.10' (../gen2/Hls_Layers_UpConv.tpp:116).
WARNING: [ANALYSIS 214-52] Found false inter dependency for variable 'psum.9' (../gen2/Hls_Layers_UpConv.tpp:116).
WARNING: [ANALYSIS 214-52] Found false inter dependency for variable 'psum.8' (../gen2/Hls_Layers_UpConv.tpp:116).
WARNING: [ANALYSIS 214-52] Found false inter dependency for variable 'psum.7' (../gen2/Hls_Layers_UpConv.tpp:116).
WARNING: [ANALYSIS 214-52] Found false inter dependency for variable 'psum.6' (../gen2/Hls_Layers_UpConv.tpp:116).
WARNING: [ANALYSIS 214-52] Found false inter dependency for variable 'psum.5' (../gen2/Hls_Layers_UpConv.tpp:116).
WARNING: [ANALYSIS 214-52] Found false inter dependency for variable 'psum.4' (../gen2/Hls_Layers_UpConv.tpp:116).
WARNING: [ANALYSIS 214-52] Found false inter dependency for variable 'psum.3' (../gen2/Hls_Layers_UpConv.tpp:116).
WARNING: [ANALYSIS 214-52] Found false inter dependency for variable 'psum.2' (../gen2/Hls_Layers_UpConv.tpp:116).
WARNING: [ANALYSIS 214-52] Found false inter dependency for variable 'psum.1' (../gen2/Hls_Layers_UpConv.tpp:116).
WARNING: [ANALYSIS 214-52] Found false inter dependency for variable 'psum' (../gen2/Hls_Layers_UpConv.tpp:116).
WARNING: [ANALYSIS 214-52] Found false inter dependency for variable '_ZZ16UpConv_Fused_RowILi8EEvP7ap_uintILi256EEPKS1_S4_S4_S4_S2_DhiiiiiE7row_acc_1'.
WARNING: [ANALYSIS 214-52] Found false inter dependency for variable '_ZZ16UpConv_Fused_RowILi8EEvP7ap_uintILi256EEPKS1_S4_S4_S4_S2_DhiiiiiE7row_acc_1.1'.
WARNING: [ANALYSIS 214-52] Found false inter dependency for variable '_ZZ16UpConv_Fused_RowILi8EEvP7ap_uintILi256EEPKS1_S4_S4_S4_S2_DhiiiiiE7row_acc_1.2'.
WARNING: [ANALYSIS 214-52] Found false inter dependency for variable '_ZZ16UpConv_Fused_RowILi8EEvP7ap_uintILi256EEPKS1_S4_S4_S4_S2_DhiiiiiE7row_acc_1.3'.
WARNING: [ANALYSIS 214-52] Found false inter dependency for variable '_ZZ16UpConv_Fused_RowILi8EEvP7ap_uintILi256EEPKS1_S4_S4_S4_S2_DhiiiiiE7row_acc_1.4'.
WARNING: [ANALYSIS 214-52] Found false inter dependency for variable '_ZZ16UpConv_Fused_RowILi8EEvP7ap_uintILi256EEPKS1_S4_S4_S4_S2_DhiiiiiE7row_acc_1.5'.
WARNING: [ANALYSIS 214-52] Found false inter dependency for variable 'void UpConv_Fused_Row(ap_uint*,ap_uint const*,ap_uint const*,ap_uint const*,ap_u'.
WARNING: [ANALYSIS 214-52] Found false inter dependency for variable 'void UpConv_Fused_Row(ap_uint*,ap_uint const*,ap_uint const*,ap_uint const*,ap_u.1'.
WARNING: [ANALYSIS 214-52] Found false inter dependency for variable 'void UpConv_Fused_Row(ap_uint*,ap_uint const*,ap_uint const*,ap_uint const*,ap_u.2'.
WARNING: [ANALYSIS 214-52] Found false inter dependency for variable 'void UpConv_Fused_Row(ap_uint*,ap_uint const*,ap_uint const*,ap_uint const*,ap_u.3'.
WARNING: [ANALYSIS 214-52] Found false inter dependency for variable 'void UpConv_Fused_Row(ap_uint*,ap_uint const*,ap_uint const*,ap_uint const*,ap_u.4'.
WARNING: [ANALYSIS 214-52] Found false inter dependency for variable 'void UpConv_Fused_Row(ap_uint*,ap_uint const*,ap_uint const*,ap_uint const*,ap_u.5'.
WARNING: [ANALYSIS 214-52] Found false inter dependency for variable 'void UpConv_Fused_Row(ap_uint*,ap_uint const*,ap_uint const*,ap_uint const*,ap_u.6'.
WARNING: [ANALYSIS 214-52] Found false inter dependency for variable 'void UpConv_Fused_Row(ap_uint*,ap_uint const*,ap_uint const*,ap_uint const*,ap_u.7'.
WARNING: [ANALYSIS 214-52] Found false inter dependency for variable 'void UpConv_Fused_Row(ap_uint*,ap_uint const*,ap_uint const*,ap_uint const*,ap_u.8'.
WARNING: [ANALYSIS 214-52] Found false inter dependency for variable 'void UpConv_Fused_Row(ap_uint*,ap_uint const*,ap_uint const*,ap_uint const*,ap_u.9'.
WARNING: [ANALYSIS 214-52] Found false inter dependency for variable 'sum_rot.7' (../gen2/Hls_Layers_UpConv.tpp:244).
WARNING: [ANALYSIS 214-52] Found false inter dependency for variable 'sum_rot.6' (../gen2/Hls_Layers_UpConv.tpp:244).
WARNING: [ANALYSIS 214-52] Found false inter dependency for variable 'sum_rot.5' (../gen2/Hls_Layers_UpConv.tpp:244).
WARNING: [ANALYSIS 214-52] Found false inter dependency for variable 'sum_rot.4' (../gen2/Hls_Layers_UpConv.tpp:244).
WARNING: [ANALYSIS 214-52] Found false inter dependency for variable 'sum_rot.3' (../gen2/Hls_Layers_UpConv.tpp:244).
WARNING: [ANALYSIS 214-52] Found false inter dependency for variable 'sum_rot.2' (../gen2/Hls_Layers_UpConv.tpp:244).
WARNING: [ANALYSIS 214-52] Found false inter dependency for variable 'sum_rot.1' (../gen2/Hls_Layers_UpConv.tpp:244).
WARNING: [ANALYSIS 214-52] Found false inter dependency for variable 'sum_rot' (../gen2/Hls_Layers_UpConv.tpp:244).
WARNING: [ANALYSIS 214-52] Found false inter dependency for variable 'sumsq_rot.7' (../gen2/Hls_Layers_UpConv.tpp:244).
WARNING: [ANALYSIS 214-52] Found false inter dependency for variable 'sumsq_rot.6' (../gen2/Hls_Layers_UpConv.tpp:244).
WARNING: [ANALYSIS 214-52] Found false inter dependency for variable 'sumsq_rot.5' (../gen2/Hls_Layers_UpConv.tpp:244).
WARNING: [ANALYSIS 214-52] Found false inter dependency for variable 'sumsq_rot.4' (../gen2/Hls_Layers_UpConv.tpp:244).
WARNING: [ANALYSIS 214-52] Found false inter dependency for variable 'sumsq_rot.3' (../gen2/Hls_Layers_UpConv.tpp:244).
WARNING: [ANALYSIS 214-52] Found false inter dependency for variable 'sumsq_rot.2' (../gen2/Hls_Layers_UpConv.tpp:244).
WARNING: [ANALYSIS 214-52] Found false inter dependency for variable 'sumsq_rot.1' (../gen2/Hls_Layers_UpConv.tpp:244).
WARNING: [ANALYSIS 214-52] Found false inter dependency for variable 'sumsq_rot' (../gen2/Hls_Layers_UpConv.tpp:244).
WARNING: [ANALYSIS 214-52] Found false inter dependency for variable '_ZZ16UpConv_Fused_RowILi8EEvP7ap_uintILi256EEPKS1_S4_S4_S4_S2_DhiiiiiE7row_acc_1'.
WARNING: [ANALYSIS 214-52] Found false inter dependency for variable '_ZZ16UpConv_Fused_RowILi8EEvP7ap_uintILi256EEPKS1_S4_S4_S4_S2_DhiiiiiE7row_acc_1.1'.
WARNING: [ANALYSIS 214-52] Found false inter dependency for variable '_ZZ16UpConv_Fused_RowILi8EEvP7ap_uintILi256EEPKS1_S4_S4_S4_S2_DhiiiiiE7row_acc_1.2'.
WARNING: [ANALYSIS 214-52] Found false inter dependency for variable '_ZZ16UpConv_Fused_RowILi8EEvP7ap_uintILi256EEPKS1_S4_S4_S4_S2_DhiiiiiE7row_acc_1.3'.
WARNING: [ANALYSIS 214-52] Found false inter dependency for variable '_ZZ16UpConv_Fused_RowILi8EEvP7ap_uintILi256EEPKS1_S4_S4_S4_S2_DhiiiiiE7row_acc_1.4'.
WARNING: [ANALYSIS 214-52] Found false inter dependency for variable '_ZZ16UpConv_Fused_RowILi8EEvP7ap_uintILi256EEPKS1_S4_S4_S4_S2_DhiiiiiE7row_acc_1.5'.
WARNING: [ANALYSIS 214-52] Found false inter dependency for variable 'void UpConv_Fused_Row(ap_uint*,ap_uint const*,ap_uint const*,ap_uint const*,ap_u'.
WARNING: [ANALYSIS 214-52] Found false inter dependency for variable 'void UpConv_Fused_Row(ap_uint*,ap_uint const*,ap_uint const*,ap_uint const*,ap_u.1'.
WARNING: [ANALYSIS 214-52] Found false inter dependency for variable 'void UpConv_Fused_Row(ap_uint*,ap_uint const*,ap_uint const*,ap_uint const*,ap_u.2'.
WARNING: [ANALYSIS 214-52] Found false inter dependency for variable 'void UpConv_Fused_Row(ap_uint*,ap_uint const*,ap_uint const*,ap_uint const*,ap_u.3'.
WARNING: [ANALYSIS 214-52] Found false inter dependency for variable 'void UpConv_Fused_Row(ap_uint*,ap_uint const*,ap_uint const*,ap_uint const*,ap_u.4'.
WARNING: [ANALYSIS 214-52] Found false inter dependency for variable 'void UpConv_Fused_Row(ap_uint*,ap_uint const*,ap_uint const*,ap_uint const*,ap_u.5'.
WARNING: [ANALYSIS 214-52] Found false inter dependency for variable 'void UpConv_Fused_Row(ap_uint*,ap_uint const*,ap_uint const*,ap_uint const*,ap_u.6'.
WARNING: [ANALYSIS 214-52] Found false inter dependency for variable 'void UpConv_Fused_Row(ap_uint*,ap_uint const*,ap_uint const*,ap_uint const*,ap_u.7'.
WARNING: [ANALYSIS 214-52] Found false inter dependency for variable 'void UpConv_Fused_Row(ap_uint*,ap_uint const*,ap_uint const*,ap_uint const*,ap_u.8'.
WARNING: [ANALYSIS 214-52] Found false inter dependency for variable 'void UpConv_Fused_Row(ap_uint*,ap_uint const*,ap_uint const*,ap_uint const*,ap_u.9'.
WARNING: [ANALYSIS 214-52] Found false inter dependency for variable 'psum.31' (../gen2/Hls_Layers_UpConv.tpp:116).
WARNING: [ANALYSIS 214-52] Found false inter dependency for variable 'psum.30' (../gen2/Hls_Layers_UpConv.tpp:116).
WARNING: [ANALYSIS 214-52] Found false inter dependency for variable 'psum.29' (../gen2/Hls_Layers_UpConv.tpp:116).
WARNING: [ANALYSIS 214-52] Found false inter dependency for variable 'psum.28' (../gen2/Hls_Layers_UpConv.tpp:116).
WARNING: [ANALYSIS 214-52] Found false inter dependency for variable 'psum.27' (../gen2/Hls_Layers_UpConv.tpp:116).
WARNING: [ANALYSIS 214-52] Found false inter dependency for variable 'psum.26' (../gen2/Hls_Layers_UpConv.tpp:116).
WARNING: [ANALYSIS 214-52] Found false inter dependency for variable 'psum.25' (../gen2/Hls_Layers_UpConv.tpp:116).
WARNING: [ANALYSIS 214-52] Found false inter dependency for variable 'psum.24' (../gen2/Hls_Layers_UpConv.tpp:116).
WARNING: [ANALYSIS 214-52] Found false inter dependency for variable 'psum.23' (../gen2/Hls_Layers_UpConv.tpp:116).
WARNING: [ANALYSIS 214-52] Found false inter dependency for variable 'psum.22' (../gen2/Hls_Layers_UpConv.tpp:116).
WARNING: [ANALYSIS 214-52] Found false inter dependency for variable 'psum.21' (../gen2/Hls_Layers_UpConv.tpp:116).
WARNING: [ANALYSIS 214-52] Found false inter dependency for variable 'psum.20' (../gen2/Hls_Layers_UpConv.tpp:116).
WARNING: [ANALYSIS 214-52] Found false inter dependency for variable 'psum.19' (../gen2/Hls_Layers_UpConv.tpp:116).
WARNING: [ANALYSIS 214-52] Found false inter dependency for variable 'psum.18' (../gen2/Hls_Layers_UpConv.tpp:116).
WARNING: [ANALYSIS 214-52] Found false inter dependency for variable 'psum.17' (../gen2/Hls_Layers_UpConv.tpp:116).
WARNING: [ANALYSIS 214-52] Found false inter dependency for variable 'psum.16' (../gen2/Hls_Layers_UpConv.tpp:116).
WARNING: [ANALYSIS 214-52] Found false inter dependency for variable 'psum.15' (../gen2/Hls_Layers_UpConv.tpp:116).
WARNING: [ANALYSIS 214-52] Found false inter dependency for variable 'psum.14' (../gen2/Hls_Layers_UpConv.tpp:116).
WARNING: [ANALYSIS 214-52] Found false inter dependency for variable 'psum.13' (../gen2/Hls_Layers_UpConv.tpp:116).
WARNING: [ANALYSIS 214-52] Found false inter dependency for variable 'psum.12' (../gen2/Hls_Layers_UpConv.tpp:116).
WARNING: [ANALYSIS 214-52] Found false inter dependency for variable 'psum.11' (../gen2/Hls_Layers_UpConv.tpp:116).
WARNING: [ANALYSIS 214-52] Found false inter dependency for variable 'psum.10' (../gen2/Hls_Layers_UpConv.tpp:116).
WARNING: [ANALYSIS 214-52] Found false inter dependency for variable 'psum.9' (../gen2/Hls_Layers_UpConv.tpp:116).
WARNING: [ANALYSIS 214-52] Found false inter dependency for variable 'psum.8' (../gen2/Hls_Layers_UpConv.tpp:116).
WARNING: [ANALYSIS 214-52] Found false inter dependency for variable 'psum.7' (../gen2/Hls_Layers_UpConv.tpp:116).
WARNING: [ANALYSIS 214-52] Found false inter dependency for variable 'psum.6' (../gen2/Hls_Layers_UpConv.tpp:116).
WARNING: [ANALYSIS 214-52] Found false inter dependency for variable 'psum.5' (../gen2/Hls_Layers_UpConv.tpp:116).
WARNING: [ANALYSIS 214-52] Found false inter dependency for variable 'psum.4' (../gen2/Hls_Layers_UpConv.tpp:116).
WARNING: [ANALYSIS 214-52] Found false inter dependency for variable 'psum.3' (../gen2/Hls_Layers_UpConv.tpp:116).
WARNING: [ANALYSIS 214-52] Found false inter dependency for variable 'psum.2' (../gen2/Hls_Layers_UpConv.tpp:116).
WARNING: [ANALYSIS 214-52] Found false inter dependency for variable 'psum.1' (../gen2/Hls_Layers_UpConv.tpp:116).
WARNING: [ANALYSIS 214-52] Found false inter dependency for variable 'psum' (../gen2/Hls_Layers_UpConv.tpp:116).
WARNING: [ANALYSIS 214-52] Found false inter dependency for variable '_ZZ16UpConv_Fused_RowILi8EEvP7ap_uintILi256EEPKS1_S4_S4_S4_S2_DhiiiiiE7row_acc_1'.
WARNING: [ANALYSIS 214-52] Found false inter dependency for variable '_ZZ16UpConv_Fused_RowILi8EEvP7ap_uintILi256EEPKS1_S4_S4_S4_S2_DhiiiiiE7row_acc_1.1'.
WARNING: [ANALYSIS 214-52] Found false inter dependency for variable '_ZZ16UpConv_Fused_RowILi8EEvP7ap_uintILi256EEPKS1_S4_S4_S4_S2_DhiiiiiE7row_acc_1.2'.
WARNING: [ANALYSIS 214-52] Found false inter dependency for variable '_ZZ16UpConv_Fused_RowILi8EEvP7ap_uintILi256EEPKS1_S4_S4_S4_S2_DhiiiiiE7row_acc_1.3'.
WARNING: [ANALYSIS 214-52] Found false inter dependency for variable '_ZZ16UpConv_Fused_RowILi8EEvP7ap_uintILi256EEPKS1_S4_S4_S4_S2_DhiiiiiE7row_acc_1.4'.
WARNING: [ANALYSIS 214-52] Found false inter dependency for variable '_ZZ16UpConv_Fused_RowILi8EEvP7ap_uintILi256EEPKS1_S4_S4_S4_S2_DhiiiiiE7row_acc_1.5'.
WARNING: [ANALYSIS 214-52] Found false inter dependency for variable 'void UpConv_Fused_Row(ap_uint*,ap_uint const*,ap_uint const*,ap_uint const*,ap_u'.
WARNING: [ANALYSIS 214-52] Found false inter dependency for variable 'void UpConv_Fused_Row(ap_uint*,ap_uint const*,ap_uint const*,ap_uint const*,ap_u.1'.
WARNING: [ANALYSIS 214-52] Found false inter dependency for variable 'void UpConv_Fused_Row(ap_uint*,ap_uint const*,ap_uint const*,ap_uint const*,ap_u.2'.
WARNING: [ANALYSIS 214-52] Found false inter dependency for variable 'void UpConv_Fused_Row(ap_uint*,ap_uint const*,ap_uint const*,ap_uint const*,ap_u.3'.
WARNING: [ANALYSIS 214-52] Found false inter dependency for variable 'void UpConv_Fused_Row(ap_uint*,ap_uint const*,ap_uint const*,ap_uint const*,ap_u.4'.
WARNING: [ANALYSIS 214-52] Found false inter dependency for variable 'void UpConv_Fused_Row(ap_uint*,ap_uint const*,ap_uint const*,ap_uint const*,ap_u.5'.
WARNING: [ANALYSIS 214-52] Found false inter dependency for variable 'void UpConv_Fused_Row(ap_uint*,ap_uint const*,ap_uint const*,ap_uint const*,ap_u.6'.
WARNING: [ANALYSIS 214-52] Found false inter dependency for variable 'void UpConv_Fused_Row(ap_uint*,ap_uint const*,ap_uint const*,ap_uint const*,ap_u.7'.
WARNING: [ANALYSIS 214-52] Found false inter dependency for variable 'void UpConv_Fused_Row(ap_uint*,ap_uint const*,ap_uint const*,ap_uint const*,ap_u.8'.
WARNING: [ANALYSIS 214-52] Found false inter dependency for variable 'void UpConv_Fused_Row(ap_uint*,ap_uint const*,ap_uint const*,ap_uint const*,ap_u.9'.
WARNING: [ANALYSIS 214-52] Found false inter dependency for variable 'sum_rot.7' (../gen2/Hls_Layers_UpConv.tpp:244).
WARNING: [ANALYSIS 214-52] Found false inter dependency for variable 'sum_rot.6' (../gen2/Hls_Layers_UpConv.tpp:244).
WARNING: [ANALYSIS 214-52] Found false inter dependency for variable 'sum_rot.5' (../gen2/Hls_Layers_UpConv.tpp:244).
WARNING: [ANALYSIS 214-52] Found false inter dependency for variable 'sum_rot.4' (../gen2/Hls_Layers_UpConv.tpp:244).
WARNING: [ANALYSIS 214-52] Found false inter dependency for variable 'sum_rot.3' (../gen2/Hls_Layers_UpConv.tpp:244).
WARNING: [ANALYSIS 214-52] Found false inter dependency for variable 'sum_rot.2' (../gen2/Hls_Layers_UpConv.tpp:244).
WARNING: [ANALYSIS 214-52] Found false inter dependency for variable 'sum_rot.1' (../gen2/Hls_Layers_UpConv.tpp:244).
WARNING: [ANALYSIS 214-52] Found false inter dependency for variable 'sum_rot' (../gen2/Hls_Layers_UpConv.tpp:244).
WARNING: [ANALYSIS 214-52] Found false inter dependency for variable 'sumsq_rot.7' (../gen2/Hls_Layers_UpConv.tpp:244).
WARNING: [ANALYSIS 214-52] Found false inter dependency for variable 'sumsq_rot.6' (../gen2/Hls_Layers_UpConv.tpp:244).
WARNING: [ANALYSIS 214-52] Found false inter dependency for variable 'sumsq_rot.5' (../gen2/Hls_Layers_UpConv.tpp:244).
WARNING: [ANALYSIS 214-52] Found false inter dependency for variable 'sumsq_rot.4' (../gen2/Hls_Layers_UpConv.tpp:244).
WARNING: [ANALYSIS 214-52] Found false inter dependency for variable 'sumsq_rot.3' (../gen2/Hls_Layers_UpConv.tpp:244).
WARNING: [ANALYSIS 214-52] Found false inter dependency for variable 'sumsq_rot.2' (../gen2/Hls_Layers_UpConv.tpp:244).
WARNING: [ANALYSIS 214-52] Found false inter dependency for variable 'sumsq_rot.1' (../gen2/Hls_Layers_UpConv.tpp:244).
WARNING: [ANALYSIS 214-52] Found false inter dependency for variable 'sumsq_rot' (../gen2/Hls_Layers_UpConv.tpp:244).
WARNING: [ANALYSIS 214-52] Found false inter dependency for variable '_ZZ16UpConv_Fused_RowILi8EEvP7ap_uintILi256EEPKS1_S4_S4_S4_S2_DhiiiiiE7row_acc_1'.
WARNING: [ANALYSIS 214-52] Found false inter dependency for variable '_ZZ16UpConv_Fused_RowILi8EEvP7ap_uintILi256EEPKS1_S4_S4_S4_S2_DhiiiiiE7row_acc_1.1'.
WARNING: [ANALYSIS 214-52] Found false inter dependency for variable '_ZZ16UpConv_Fused_RowILi8EEvP7ap_uintILi256EEPKS1_S4_S4_S4_S2_DhiiiiiE7row_acc_1.2'.
WARNING: [ANALYSIS 214-52] Found false inter dependency for variable '_ZZ16UpConv_Fused_RowILi8EEvP7ap_uintILi256EEPKS1_S4_S4_S4_S2_DhiiiiiE7row_acc_1.3'.
WARNING: [ANALYSIS 214-52] Found false inter dependency for variable '_ZZ16UpConv_Fused_RowILi8EEvP7ap_uintILi256EEPKS1_S4_S4_S4_S2_DhiiiiiE7row_acc_1.4'.
WARNING: [ANALYSIS 214-52] Found false inter dependency for variable '_ZZ16UpConv_Fused_RowILi8EEvP7ap_uintILi256EEPKS1_S4_S4_S4_S2_DhiiiiiE7row_acc_1.5'.
WARNING: [ANALYSIS 214-52] Found false inter dependency for variable 'void UpConv_Fused_Row(ap_uint*,ap_uint const*,ap_uint const*,ap_uint const*,ap_u'.
WARNING: [ANALYSIS 214-52] Found false inter dependency for variable 'void UpConv_Fused_Row(ap_uint*,ap_uint const*,ap_uint const*,ap_uint const*,ap_u.1'.
WARNING: [ANALYSIS 214-52] Found false inter dependency for variable 'void UpConv_Fused_Row(ap_uint*,ap_uint const*,ap_uint const*,ap_uint const*,ap_u.2'.
WARNING: [ANALYSIS 214-52] Found false inter dependency for variable 'void UpConv_Fused_Row(ap_uint*,ap_uint const*,ap_uint const*,ap_uint const*,ap_u.3'.
WARNING: [ANALYSIS 214-52] Found false inter dependency for variable 'void UpConv_Fused_Row(ap_uint*,ap_uint const*,ap_uint const*,ap_uint const*,ap_u.4'.
WARNING: [ANALYSIS 214-52] Found false inter dependency for variable 'void UpConv_Fused_Row(ap_uint*,ap_uint const*,ap_uint const*,ap_uint const*,ap_u.5'.
WARNING: [ANALYSIS 214-52] Found false inter dependency for variable 'void UpConv_Fused_Row(ap_uint*,ap_uint const*,ap_uint const*,ap_uint const*,ap_u.6'.
WARNING: [ANALYSIS 214-52] Found false inter dependency for variable 'void UpConv_Fused_Row(ap_uint*,ap_uint const*,ap_uint const*,ap_uint const*,ap_u.7'.
WARNING: [ANALYSIS 214-52] Found false inter dependency for variable 'void UpConv_Fused_Row(ap_uint*,ap_uint const*,ap_uint const*,ap_uint const*,ap_u.8'.
WARNING: [ANALYSIS 214-52] Found false inter dependency for variable 'void UpConv_Fused_Row(ap_uint*,ap_uint const*,ap_uint const*,ap_uint const*,ap_u.9'.
WARNING: [HLS 200-1449] Process uc_compute_tile<8>3 has both a predecessor and reads an input from its caller (see the GUI dataflow viewer). This may lead to lower throughput. Consider copying this input via a predecessor process.
WARNING: [HLS 200-1449] Process dataflow_in_loop_TILE_LOOP.1 has both a predecessor and reads an input from its caller (see the GUI dataflow viewer). This may lead to lower throughput. Consider copying this input via a predecessor process.
INFO: [HLS 200-111] Finished Architecture Synthesis: CPU user time: 0.69 seconds. CPU system time: 0.06 seconds. Elapsed time: 0.76 seconds; current allocated memory: 497.074 MB.
INFO: [HLS 200-10] Starting hardware synthesis ...
INFO: [HLS 200-10] Synthesizing 'upconv_core_top' ...
WARNING: [SYN 201-103] Legalizing function name 'UpConv_Fused_Row<8>_Pipeline_RESET_ROW_ACC' to 'UpConv_Fused_Row_8_Pipeline_RESET_ROW_ACC'.
WARNING: [SYN 201-103] Legalizing function name 'uc_load_tile<8>2_Pipeline_W_FLAT' to 'uc_load_tile_8_2_Pipeline_W_FLAT'.
WARNING: [SYN 201-103] Legalizing function name 'uc_load_tile<8>2' to 'uc_load_tile_8_2'.
WARNING: [SYN 201-103] Legalizing function name 'uc_compute_tile<8>3_Pipeline_KW_LOOP_FLAT_LOOP' to 'uc_compute_tile_8_3_Pipeline_KW_LOOP_FLAT_LOOP'.
WARNING: [SYN 201-103] Legalizing function name 'uc_compute_tile<8>3' to 'uc_compute_tile_8_3'.
WARNING: [SYN 201-103] Legalizing function name 'dataflow_in_loop_TILE_LOOP.1' to 'dataflow_in_loop_TILE_LOOP_1'.
WARNING: [SYN 201-103] Legalizing function name 'UpConv_Fused_Row<8>_Pipeline_LOAD_PARAMS' to 'UpConv_Fused_Row_8_Pipeline_LOAD_PARAMS'.
WARNING: [SYN 201-103] Legalizing function name 'UpConv_Fused_Row<8>_Pipeline_PIXEL_STATS' to 'UpConv_Fused_Row_8_Pipeline_PIXEL_STATS'.
WARNING: [SYN 201-103] Legalizing function name 'UpConv_Fused_Row<8>_Pipeline_PIXEL_NORM' to 'UpConv_Fused_Row_8_Pipeline_PIXEL_NORM'.
WARNING: [SYN 201-103] Legalizing function name 'UpConv_Fused_Row<8>' to 'UpConv_Fused_Row_8_s'.
INFO: [HLS 200-10] ----------------------------------------------------------------
INFO: [HLS 200-42] -- Implementing module 'upconv_core_top_Pipeline_LOAD_ROW0_VITIS_LOOP_58_1' 
INFO: [HLS 200-10] ----------------------------------------------------------------
INFO: [SCHED 204-11] Starting scheduling ...
INFO: [HLS 200-486] Changing DSP latency (root=add_ln61) to 3 in order to utilize available DSP registers.
WARNING: [HLS 200-2042] Usage of URAM can potentially cause worse II as Vitis HLS does not exploit read-first mode for URAMs. Consider using BRAMs instead.
INFO: [SCHED 204-61] Pipelining loop 'LOAD_ROW0_VITIS_LOOP_58_1'.
INFO: [HLS 200-1470] Pipelining result : Target II = 1, Final II = 1, Depth = 5, loop 'LOAD_ROW0_VITIS_LOOP_58_1'
INFO: [SCHED 204-11] Finished scheduling.
INFO: [HLS 200-111] Finished Scheduling: CPU user time: 0.08 seconds. CPU system time: 0.02 seconds. Elapsed time: 0.12 seconds; current allocated memory: 499.344 MB.
INFO: [BIND 205-100] Starting micro-architecture generation ...
INFO: [BIND 205-101] Performing variable lifetime analysis.
INFO: [BIND 205-101] Exploring resource sharing.
INFO: [BIND 205-101] Binding ...
INFO: [BIND 205-100] Finished micro-architecture generation.
INFO: [HLS 200-111] Finished Binding: CPU user time: 0.01 seconds. CPU system time: 0 seconds. Elapsed time: 0.02 seconds; current allocated memory: 499.344 MB.
INFO: [HLS 200-10] ----------------------------------------------------------------
INFO: [HLS 200-42] -- Implementing module 'UpConv_Fused_Row_8_Pipeline_RESET_ROW_ACC' 
INFO: [HLS 200-10] ----------------------------------------------------------------
INFO: [SCHED 204-11] Starting scheduling ...
WARNING: [HLS 200-2042] Usage of URAM can potentially cause worse II as Vitis HLS does not exploit read-first mode for URAMs. Consider using BRAMs instead.
WARNING: [HLS 200-2042] Usage of URAM can potentially cause worse II as Vitis HLS does not exploit read-first mode for URAMs. Consider using BRAMs instead.
WARNING: [HLS 200-2042] Usage of URAM can potentially cause worse II as Vitis HLS does not exploit read-first mode for URAMs. Consider using BRAMs instead.
WARNING: [HLS 200-2042] Usage of URAM can potentially cause worse II as Vitis HLS does not exploit read-first mode for URAMs. Consider using BRAMs instead.
WARNING: [HLS 200-2042] Usage of URAM can potentially cause worse II as Vitis HLS does not exploit read-first mode for URAMs. Consider using BRAMs instead.
WARNING: [HLS 200-2042] Usage of URAM can potentially cause worse II as Vitis HLS does not exploit read-first mode for URAMs. Consider using BRAMs instead.
WARNING: [HLS 200-2042] Usage of URAM can potentially cause worse II as Vitis HLS does not exploit read-first mode for URAMs. Consider using BRAMs instead.
WARNING: [HLS 200-2042] Usage of URAM can potentially cause worse II as Vitis HLS does not exploit read-first mode for URAMs. Consider using BRAMs instead.
WARNING: [HLS 200-2042] Usage of URAM can potentially cause worse II as Vitis HLS does not exploit read-first mode for URAMs. Consider using BRAMs instead.
WARNING: [HLS 200-2042] Usage of URAM can potentially cause worse II as Vitis HLS does not exploit read-first mode for URAMs. Consider using BRAMs instead.
WARNING: [HLS 200-2042] Usage of URAM can potentially cause worse II as Vitis HLS does not exploit read-first mode for URAMs. Consider using BRAMs instead.
WARNING: [HLS 200-2042] Usage of URAM can potentially cause worse II as Vitis HLS does not exploit read-first mode for URAMs. Consider using BRAMs instead.
WARNING: [HLS 200-2042] Usage of URAM can potentially cause worse II as Vitis HLS does not exploit read-first mode for URAMs. Consider using BRAMs instead.
WARNING: [HLS 200-2042] Usage of URAM can potentially cause worse II as Vitis HLS does not exploit read-first mode for URAMs. Consider using BRAMs instead.
WARNING: [HLS 200-2042] Usage of URAM can potentially cause worse II as Vitis HLS does not exploit read-first mode for URAMs. Consider using BRAMs instead.
WARNING: [HLS 200-2042] Usage of URAM can potentially cause worse II as Vitis HLS does not exploit read-first mode for URAMs. Consider using BRAMs instead.
INFO: [SCHED 204-61] Pipelining loop 'RESET_ROW_ACC'.
INFO: [HLS 200-1470] Pipelining result : Target II = 1, Final II = 1, Depth = 2, loop 'RESET_ROW_ACC'
INFO: [SCHED 204-11] Finished scheduling.
INFO: [HLS 200-111] Finished Scheduling: CPU user time: 0.06 seconds. CPU system time: 0.01 seconds. Elapsed time: 0.07 seconds; current allocated memory: 500.266 MB.
INFO: [BIND 205-100] Starting micro-architecture generation ...
INFO: [BIND 205-101] Performing variable lifetime analysis.
INFO: [BIND 205-101] Exploring resource sharing.
INFO: [BIND 205-101] Binding ...
INFO: [BIND 205-100] Finished micro-architecture generation.
INFO: [HLS 200-111] Finished Binding: CPU user time: 0.02 seconds. CPU system time: 0 seconds. Elapsed time: 0.02 seconds; current allocated memory: 500.266 MB.
INFO: [HLS 200-10] ----------------------------------------------------------------
INFO: [HLS 200-42] -- Implementing module 'entry_proc' 
INFO: [HLS 200-10] ----------------------------------------------------------------
INFO: [SCHED 204-11] Starting scheduling ...
INFO: [SCHED 204-11] Finished scheduling.
INFO: [HLS 200-111] Finished Scheduling: CPU user time: 0.02 seconds. CPU system time: 0 seconds. Elapsed time: 0.02 seconds; current allocated memory: 500.266 MB.
INFO: [BIND 205-100] Starting micro-architecture generation ...
INFO: [BIND 205-101] Performing variable lifetime analysis.
INFO: [BIND 205-101] Exploring resource sharing.
INFO: [BIND 205-101] Binding ...
INFO: [BIND 205-100] Finished micro-architecture generation.
INFO: [HLS 200-111] Finished Binding: CPU user time: 0.01 seconds. CPU system time: 0 seconds. Elapsed time: 0.01 seconds; current allocated memory: 500.266 MB.
INFO: [HLS 200-10] ----------------------------------------------------------------
INFO: [HLS 200-42] -- Implementing module 'uc_load_tile_8_2_Pipeline_W_FLAT' 
INFO: [HLS 200-10] ----------------------------------------------------------------
INFO: [SCHED 204-11] Starting scheduling ...
WARNING: [HLS 200-2042] Usage of URAM can potentially cause worse II as Vitis HLS does not exploit read-first mode for URAMs. Consider using BRAMs instead.
WARNING: [HLS 200-2042] Usage of URAM can potentially cause worse II as Vitis HLS does not exploit read-first mode for URAMs. Consider using BRAMs instead.
WARNING: [HLS 200-2042] Usage of URAM can potentially cause worse II as Vitis HLS does not exploit read-first mode for URAMs. Consider using BRAMs instead.
WARNING: [HLS 200-2042] Usage of URAM can potentially cause worse II as Vitis HLS does not exploit read-first mode for URAMs. Consider using BRAMs instead.
WARNING: [HLS 200-2042] Usage of URAM can potentially cause worse II as Vitis HLS does not exploit read-first mode for URAMs. Consider using BRAMs instead.
WARNING: [HLS 200-2042] Usage of URAM can potentially cause worse II as Vitis HLS does not exploit read-first mode for URAMs. Consider using BRAMs instead.
WARNING: [HLS 200-2042] Usage of URAM can potentially cause worse II as Vitis HLS does not exploit read-first mode for URAMs. Consider using BRAMs instead.
WARNING: [HLS 200-2042] Usage of URAM can potentially cause worse II as Vitis HLS does not exploit read-first mode for URAMs. Consider using BRAMs instead.
INFO: [SCHED 204-61] Pipelining loop 'W_FLAT'.
INFO: [HLS 200-1470] Pipelining result : Target II = 1, Final II = 1, Depth = 3, loop 'W_FLAT'
WARNING: [HLS 200-871] Estimated clock period (3.195 ns) exceeds the target (target clock period: 3.333 ns, clock uncertainty: 0.900 ns, effective delay budget: 2.433 ns).
Resolution: For help on HLS 200-871 see docs.xilinx.com/access/sources/dita/topic?Doc_Version=2024.2%20English&url=ug1448-hls-guidance&resourceid=200-871.html
WARNING: [HLS 200-1016] The critical path in module 'uc_load_tile_8_2_Pipeline_W_FLAT' consists of the following:
	'load' operation 32 bit ('ci_cnt_load_1', ../gen2/Hls_Layers_UpConv.tpp:87->../gen2/Hls_Layers_UpConv.tpp:219->../gen2/Hls_Layers_UpConv.tpp:216) on local variable 'ci_cnt', ../gen2/Hls_Layers_UpConv.tpp:82->../gen2/Hls_Layers_UpConv.tpp:219->../gen2/Hls_Layers_UpConv.tpp:216 [92]  (0.000 ns)
	'add' operation 32 bit ('ci_cnt', ../gen2/Hls_Layers_UpConv.tpp:87->../gen2/Hls_Layers_UpConv.tpp:219->../gen2/Hls_Layers_UpConv.tpp:216) [93]  (1.016 ns)
	'icmp' operation 1 bit ('icmp_ln88', ../gen2/Hls_Layers_UpConv.tpp:88->../gen2/Hls_Layers_UpConv.tpp:219->../gen2/Hls_Layers_UpConv.tpp:216) [94]  (1.016 ns)
	'xor' operation 1 bit ('xor_ln88', ../gen2/Hls_Layers_UpConv.tpp:88->../gen2/Hls_Layers_UpConv.tpp:219->../gen2/Hls_Layers_UpConv.tpp:216) [95]  (0.287 ns)
	'select' operation 32 bit ('ci_cnt', ../gen2/Hls_Layers_UpConv.tpp:88->../gen2/Hls_Layers_UpConv.tpp:219->../gen2/Hls_Layers_UpConv.tpp:216) [98]  (0.449 ns)
	'store' operation 0 bit ('ci_cnt_write_ln82', ../gen2/Hls_Layers_UpConv.tpp:82->../gen2/Hls_Layers_UpConv.tpp:219->../gen2/Hls_Layers_UpConv.tpp:216) of variable 'ci_cnt', ../gen2/Hls_Layers_UpConv.tpp:88->../gen2/Hls_Layers_UpConv.tpp:219->../gen2/Hls_Layers_UpConv.tpp:216 on local variable 'ci_cnt', ../gen2/Hls_Layers_UpConv.tpp:82->../gen2/Hls_Layers_UpConv.tpp:219->../gen2/Hls_Layers_UpConv.tpp:216 [100]  (0.427 ns)

Resolution: For help on HLS 200-1016 see docs.xilinx.com/access/sources/dita/topic?Doc_Version=2024.2%20English&url=ug1448-hls-guidance&resourceid=200-1016.html
INFO: [SCHED 204-11] Finished scheduling.
INFO: [HLS 200-111] Finished Scheduling: CPU user time: 0.05 seconds. CPU system time: 0 seconds. Elapsed time: 0.06 seconds; current allocated memory: 501.199 MB.
INFO: [BIND 205-100] Starting micro-architecture generation ...
INFO: [BIND 205-101] Performing variable lifetime analysis.
INFO: [BIND 205-101] Exploring resource sharing.
INFO: [BIND 205-101] Binding ...
INFO: [BIND 205-100] Finished micro-architecture generation.
INFO: [HLS 200-111] Finished Binding: CPU user time: 0.02 seconds. CPU system time: 0 seconds. Elapsed time: 0.02 seconds; current allocated memory: 501.199 MB.
INFO: [HLS 200-10] ----------------------------------------------------------------
INFO: [HLS 200-42] -- Implementing module 'uc_load_tile_8_2' 
INFO: [HLS 200-10] ----------------------------------------------------------------
INFO: [SCHED 204-11] Starting scheduling ...
INFO: [SCHED 204-11] Finished scheduling.
INFO: [HLS 200-111] Finished Scheduling: CPU user time: 0.04 seconds. CPU system time: 0.01 seconds. Elapsed time: 0.04 seconds; current allocated memory: 501.602 MB.
INFO: [BIND 205-100] Starting micro-architecture generation ...
INFO: [BIND 205-101] Performing variable lifetime analysis.
INFO: [BIND 205-101] Exploring resource sharing.
INFO: [BIND 205-101] Binding ...
INFO: [BIND 205-100] Finished micro-architecture generation.
INFO: [HLS 200-111] Finished Binding: CPU user time: 0.02 seconds. CPU system time: 0 seconds. Elapsed time: 0.02 seconds; current allocated memory: 501.602 MB.
INFO: [HLS 200-10] ----------------------------------------------------------------
INFO: [HLS 200-42] -- Implementing module 'uc_compute_tile_8_3_Pipeline_KW_LOOP_FLAT_LOOP' 
INFO: [HLS 200-10] ----------------------------------------------------------------
INFO: [SCHED 204-11] Starting scheduling ...
WARNING: [HLS 200-2042] Usage of URAM can potentially cause worse II as Vitis HLS does not exploit read-first mode for URAMs. Consider using BRAMs instead.
WARNING: [HLS 200-2042] Usage of URAM can potentially cause worse II as Vitis HLS does not exploit read-first mode for URAMs. Consider using BRAMs instead.
WARNING: [HLS 200-2042] Usage of URAM can potentially cause worse II as Vitis HLS does not exploit read-first mode for URAMs. Consider using BRAMs instead.
WARNING: [HLS 200-2042] Usage of URAM can potentially cause worse II as Vitis HLS does not exploit read-first mode for URAMs. Consider using BRAMs instead.
WARNING: [HLS 200-2042] Usage of URAM can potentially cause worse II as Vitis HLS does not exploit read-first mode for URAMs. Consider using BRAMs instead.
WARNING: [HLS 200-2042] Usage of URAM can potentially cause worse II as Vitis HLS does not exploit read-first mode for URAMs. Consider using BRAMs instead.
WARNING: [HLS 200-2042] Usage of URAM can potentially cause worse II as Vitis HLS does not exploit read-first mode for URAMs. Consider using BRAMs instead.
WARNING: [HLS 200-2042] Usage of URAM can potentially cause worse II as Vitis HLS does not exploit read-first mode for URAMs. Consider using BRAMs instead.
WARNING: [HLS 200-2042] Usage of URAM can potentially cause worse II as Vitis HLS does not exploit read-first mode for URAMs. Consider using BRAMs instead.
WARNING: [HLS 200-2042] Usage of URAM can potentially cause worse II as Vitis HLS does not exploit read-first mode for URAMs. Consider using BRAMs instead.
WARNING: [HLS 200-2042] Usage of URAM can potentially cause worse II as Vitis HLS does not exploit read-first mode for URAMs. Consider using BRAMs instead.
WARNING: [HLS 200-2042] Usage of URAM can potentially cause worse II as Vitis HLS does not exploit read-first mode for URAMs. Consider using BRAMs instead.
WARNING: [HLS 200-2042] Usage of URAM can potentially cause worse II as Vitis HLS does not exploit read-first mode for URAMs. Consider using BRAMs instead.
WARNING: [HLS 200-2042] Usage of URAM can potentially cause worse II as Vitis HLS does not exploit read-first mode for URAMs. Consider using BRAMs instead.
WARNING: [HLS 200-2042] Usage of URAM can potentially cause worse II as Vitis HLS does not exploit read-first mode for URAMs. Consider using BRAMs instead.
WARNING: [HLS 200-2042] Usage of URAM can potentially cause worse II as Vitis HLS does not exploit read-first mode for URAMs. Consider using BRAMs instead.
WARNING: [HLS 200-2042] Usage of URAM can potentially cause worse II as Vitis HLS does not exploit read-first mode for URAMs. Consider using BRAMs instead.
WARNING: [HLS 200-2042] Usage of URAM can potentially cause worse II as Vitis HLS does not exploit read-first mode for URAMs. Consider using BRAMs instead.
WARNING: [HLS 200-2042] Usage of URAM can potentially cause worse II as Vitis HLS does not exploit read-first mode for URAMs. Consider using BRAMs instead.
WARNING: [HLS 200-2042] Usage of URAM can potentially cause worse II as Vitis HLS does not exploit read-first mode for URAMs. Consider using BRAMs instead.
WARNING: [HLS 200-2042] Usage of URAM can potentially cause worse II as Vitis HLS does not exploit read-first mode for URAMs. Consider using BRAMs instead.
WARNING: [HLS 200-2042] Usage of URAM can potentially cause worse II as Vitis HLS does not exploit read-first mode for URAMs. Consider using BRAMs instead.
WARNING: [HLS 200-2042] Usage of URAM can potentially cause worse II as Vitis HLS does not exploit read-first mode for URAMs. Consider using BRAMs instead.
WARNING: [HLS 200-2042] Usage of URAM can potentially cause worse II as Vitis HLS does not exploit read-first mode for URAMs. Consider using BRAMs instead.
WARNING: [HLS 200-2042] Usage of URAM can potentially cause worse II as Vitis HLS does not exploit read-first mode for URAMs. Consider using BRAMs instead.
WARNING: [HLS 200-2042] Usage of URAM can potentially cause worse II as Vitis HLS does not exploit read-first mode for URAMs. Consider using BRAMs instead.
WARNING: [HLS 200-2042] Usage of URAM can potentially cause worse II as Vitis HLS does not exploit read-first mode for URAMs. Consider using BRAMs instead.
WARNING: [HLS 200-2042] Usage of URAM can potentially cause worse II as Vitis HLS does not exploit read-first mode for URAMs. Consider using BRAMs instead.
WARNING: [HLS 200-2042] Usage of URAM can potentially cause worse II as Vitis HLS does not exploit read-first mode for URAMs. Consider using BRAMs instead.
WARNING: [HLS 200-2042] Usage of URAM can potentially cause worse II as Vitis HLS does not exploit read-first mode for URAMs. Consider using BRAMs instead.
WARNING: [HLS 200-2042] Usage of URAM can potentially cause worse II as Vitis HLS does not exploit read-first mode for URAMs. Consider using BRAMs instead.
WARNING: [HLS 200-2042] Usage of URAM can potentially cause worse II as Vitis HLS does not exploit read-first mode for URAMs. Consider using BRAMs instead.
WARNING: [HLS 200-2042] Usage of URAM can potentially cause worse II as Vitis HLS does not exploit read-first mode for URAMs. Consider using BRAMs instead.
WARNING: [HLS 200-2042] Usage of URAM can potentially cause worse II as Vitis HLS does not exploit read-first mode for URAMs. Consider using BRAMs instead.
WARNING: [HLS 200-2042] Usage of URAM can potentially cause worse II as Vitis HLS does not exploit read-first mode for URAMs. Consider using BRAMs instead.
WARNING: [HLS 200-2042] Usage of URAM can potentially cause worse II as Vitis HLS does not exploit read-first mode for URAMs. Consider using BRAMs instead.
WARNING: [HLS 200-2042] Usage of URAM can potentially cause worse II as Vitis HLS does not exploit read-first mode for URAMs. Consider using BRAMs instead.
WARNING: [HLS 200-2042] Usage of URAM can potentially cause worse II as Vitis HLS does not exploit read-first mode for URAMs. Consider using BRAMs instead.
WARNING: [HLS 200-2042] Usage of URAM can potentially cause worse II as Vitis HLS does not exploit read-first mode for URAMs. Consider using BRAMs instead.
WARNING: [HLS 200-2042] Usage of URAM can potentially cause worse II as Vitis HLS does not exploit read-first mode for URAMs. Consider using BRAMs instead.
WARNING: [HLS 200-2042] Usage of URAM can potentially cause worse II as Vitis HLS does not exploit read-first mode for URAMs. Consider using BRAMs instead.
INFO: [SCHED 204-61] Pipelining loop 'KW_LOOP_FLAT_LOOP'.
INFO: [HLS 200-1470] Pipelining result : Target II = 1, Final II = 1, Depth = 116, loop 'KW_LOOP_FLAT_LOOP'
INFO: [SCHED 204-11] Finished scheduling.
INFO: [HLS 200-111] Finished Scheduling: CPU user time: 0.52 seconds. CPU system time: 0 seconds. Elapsed time: 0.53 seconds; current allocated memory: 513.352 MB.
INFO: [BIND 205-100] Starting micro-architecture generation ...
INFO: [BIND 205-101] Performing variable lifetime analysis.
INFO: [BIND 205-101] Exploring resource sharing.
INFO: [BIND 205-101] Binding ...
INFO: [BIND 205-100] Finished micro-architecture generation.
INFO: [HLS 200-111] Finished Binding: CPU user time: 0.15 seconds. CPU system time: 0.01 seconds. Elapsed time: 0.14 seconds; current allocated memory: 514.559 MB.
INFO: [HLS 200-10] ----------------------------------------------------------------
INFO: [HLS 200-42] -- Implementing module 'uc_compute_tile_8_3' 
INFO: [HLS 200-10] ----------------------------------------------------------------
INFO: [SCHED 204-11] Starting scheduling ...
INFO: [SCHED 204-11] Finished scheduling.
INFO: [HLS 200-111] Finished Scheduling: CPU user time: 0.1 seconds. CPU system time: 0 seconds. Elapsed time: 0.11 seconds; current allocated memory: 515.953 MB.
INFO: [BIND 205-100] Starting micro-architecture generation ...
INFO: [BIND 205-101] Performing variable lifetime analysis.
INFO: [BIND 205-101] Exploring resource sharing.
INFO: [BIND 205-101] Binding ...
INFO: [BIND 205-100] Finished micro-architecture generation.
INFO: [HLS 200-111] Finished Binding: CPU user time: 0.02 seconds. CPU system time: 0 seconds. Elapsed time: 0.03 seconds; current allocated memory: 516.340 MB.
INFO: [HLS 200-10] ----------------------------------------------------------------
INFO: [HLS 200-42] -- Implementing module 'dataflow_in_loop_TILE_LOOP_1' 
INFO: [HLS 200-10] ----------------------------------------------------------------
INFO: [SCHED 204-11] Starting scheduling ...
INFO: [SCHED 204-11] Finished scheduling.
INFO: [HLS 200-111] Finished Scheduling: CPU user time: 0.05 seconds. CPU system time: 0 seconds. Elapsed time: 0.05 seconds; current allocated memory: 516.707 MB.
INFO: [BIND 205-100] Starting micro-architecture generation ...
INFO: [BIND 205-101] Performing variable lifetime analysis.
INFO: [BIND 205-101] Exploring resource sharing.
INFO: [BIND 205-101] Binding ...
INFO: [BIND 205-100] Finished micro-architecture generation.
INFO: [HLS 200-111] Finished Binding: CPU user time: 0.02 seconds. CPU system time: 0 seconds. Elapsed time: 0.03 seconds; current allocated memory: 516.859 MB.
INFO: [HLS 200-10] ----------------------------------------------------------------
INFO: [HLS 200-42] -- Implementing module 'dataflow_parent_loop_proc' 
INFO: [HLS 200-10] ----------------------------------------------------------------
INFO: [SCHED 204-11] Starting scheduling ...
INFO: [SCHED 204-11] Finished scheduling.
INFO: [HLS 200-111] Finished Scheduling: CPU user time: 0.03 seconds. CPU system time: 0.01 seconds. Elapsed time: 0.04 seconds; current allocated memory: 517.688 MB.
INFO: [BIND 205-100] Starting micro-architecture generation ...
INFO: [BIND 205-101] Performing variable lifetime analysis.
INFO: [BIND 205-101] Exploring resource sharing.
INFO: [BIND 205-101] Binding ...
INFO: [BIND 205-100] Finished micro-architecture generation.
INFO: [HLS 200-111] Finished Binding: CPU user time: 0.02 seconds. CPU system time: 0 seconds. Elapsed time: 0.03 seconds; current allocated memory: 517.688 MB.
INFO: [HLS 200-10] ----------------------------------------------------------------
INFO: [HLS 200-42] -- Implementing module 'UpConv_Fused_Row_8_Pipeline_LOAD_PARAMS' 
INFO: [HLS 200-10] ----------------------------------------------------------------
INFO: [SCHED 204-11] Starting scheduling ...
INFO: [SCHED 204-61] Pipelining loop 'LOAD_PARAMS'.
WARNING: [HLS 200-885] The II Violation in module 'UpConv_Fused_Row_8_Pipeline_LOAD_PARAMS' (loop 'LOAD_PARAMS'): Unable to schedule bus request operation ('gmem_param_load_1_req', ../gen2/Hls_Layers_UpConv.tpp:232) on port 'gmem_param' (../gen2/Hls_Layers_UpConv.tpp:232) due to limited memory ports (II = 1). Please consider using a memory core with more ports or partitioning the array.
Resolution: For help on HLS 200-885 see docs.xilinx.com/access/sources/dita/topic?Doc_Version=2024.2%20English&url=ug1448-hls-guidance&resourceid=200-885.html
WARNING: [HLS 200-885] The II Violation in module 'UpConv_Fused_Row_8_Pipeline_LOAD_PARAMS' (loop 'LOAD_PARAMS'): Unable to schedule bus request operation ('gmem_param_load_2_req', ../gen2/Hls_Layers_UpConv.tpp:233) on port 'gmem_param' (../gen2/Hls_Layers_UpConv.tpp:233) due to limited memory ports (II = 2). Please consider using a memory core with more ports or partitioning the array.
Resolution: For help on HLS 200-885 see docs.xilinx.com/access/sources/dita/topic?Doc_Version=2024.2%20English&url=ug1448-hls-guidance&resourceid=200-885.html
INFO: [HLS 200-1470] Pipelining result : Target II = 1, Final II = 3, Depth = 13, loop 'LOAD_PARAMS'
INFO: [SCHED 204-11] Finished scheduling.
INFO: [HLS 200-111] Finished Scheduling: CPU user time: 0.06 seconds. CPU system time: 0 seconds. Elapsed time: 0.06 seconds; current allocated memory: 518.266 MB.
INFO: [BIND 205-100] Starting micro-architecture generation ...
INFO: [BIND 205-101] Performing variable lifetime analysis.
INFO: [BIND 205-101] Exploring resource sharing.
INFO: [BIND 205-101] Binding ...
INFO: [BIND 205-100] Finished micro-architecture generation.
INFO: [HLS 200-111] Finished Binding: CPU user time: 0.02 seconds. CPU system time: 0 seconds. Elapsed time: 0.02 seconds; current allocated memory: 518.266 MB.
INFO: [HLS 200-10] ----------------------------------------------------------------
INFO: [HLS 200-42] -- Implementing module 'UpConv_Fused_Row_8_Pipeline_PIXEL_STATS' 
INFO: [HLS 200-10] ----------------------------------------------------------------
INFO: [SCHED 204-11] Starting scheduling ...
WARNING: [HLS 200-2042] Usage of URAM can potentially cause worse II as Vitis HLS does not exploit read-first mode for URAMs. Consider using BRAMs instead.
WARNING: [HLS 200-2042] Usage of URAM can potentially cause worse II as Vitis HLS does not exploit read-first mode for URAMs. Consider using BRAMs instead.
WARNING: [HLS 200-2042] Usage of URAM can potentially cause worse II as Vitis HLS does not exploit read-first mode for URAMs. Consider using BRAMs instead.
WARNING: [HLS 200-2042] Usage of URAM can potentially cause worse II as Vitis HLS does not exploit read-first mode for URAMs. Consider using BRAMs instead.
WARNING: [HLS 200-2042] Usage of URAM can potentially cause worse II as Vitis HLS does not exploit read-first mode for URAMs. Consider using BRAMs instead.
WARNING: [HLS 200-2042] Usage of URAM can potentially cause worse II as Vitis HLS does not exploit read-first mode for URAMs. Consider using BRAMs instead.
WARNING: [HLS 200-2042] Usage of URAM can potentially cause worse II as Vitis HLS does not exploit read-first mode for URAMs. Consider using BRAMs instead.
WARNING: [HLS 200-2042] Usage of URAM can potentially cause worse II as Vitis HLS does not exploit read-first mode for URAMs. Consider using BRAMs instead.
WARNING: [HLS 200-2042] Usage of URAM can potentially cause worse II as Vitis HLS does not exploit read-first mode for URAMs. Consider using BRAMs instead.
WARNING: [HLS 200-2042] Usage of URAM can potentially cause worse II as Vitis HLS does not exploit read-first mode for URAMs. Consider using BRAMs instead.
WARNING: [HLS 200-2042] Usage of URAM can potentially cause worse II as Vitis HLS does not exploit read-first mode for URAMs. Consider using BRAMs instead.
WARNING: [HLS 200-2042] Usage of URAM can potentially cause worse II as Vitis HLS does not exploit read-first mode for URAMs. Consider using BRAMs instead.
WARNING: [HLS 200-2042] Usage of URAM can potentially cause worse II as Vitis HLS does not exploit read-first mode for URAMs. Consider using BRAMs instead.
WARNING: [HLS 200-2042] Usage of URAM can potentially cause worse II as Vitis HLS does not exploit read-first mode for URAMs. Consider using BRAMs instead.
WARNING: [HLS 200-2042] Usage of URAM can potentially cause worse II as Vitis HLS does not exploit read-first mode for URAMs. Consider using BRAMs instead.
WARNING: [HLS 200-2042] Usage of URAM can potentially cause worse II as Vitis HLS does not exploit read-first mode for URAMs. Consider using BRAMs instead.
WARNING: [HLS 200-2042] Usage of URAM can potentially cause worse II as Vitis HLS does not exploit read-first mode for URAMs. Consider using BRAMs instead.
WARNING: [HLS 200-2042] Usage of URAM can potentially cause worse II as Vitis HLS does not exploit read-first mode for URAMs. Consider using BRAMs instead.
WARNING: [HLS 200-2042] Usage of URAM can potentially cause worse II as Vitis HLS does not exploit read-first mode for URAMs. Consider using BRAMs instead.
WARNING: [HLS 200-2042] Usage of URAM can potentially cause worse II as Vitis HLS does not exploit read-first mode for URAMs. Consider using BRAMs instead.
WARNING: [HLS 200-2042] Usage of URAM can potentially cause worse II as Vitis HLS does not exploit read-first mode for URAMs. Consider using BRAMs instead.
WARNING: [HLS 200-2042] Usage of URAM can potentially cause worse II as Vitis HLS does not exploit read-first mode for URAMs. Consider using BRAMs instead.
WARNING: [HLS 200-2042] Usage of URAM can potentially cause worse II as Vitis HLS does not exploit read-first mode for URAMs. Consider using BRAMs instead.
WARNING: [HLS 200-2042] Usage of URAM can potentially cause worse II as Vitis HLS does not exploit read-first mode for URAMs. Consider using BRAMs instead.
WARNING: [HLS 200-2042] Usage of URAM can potentially cause worse II as Vitis HLS does not exploit read-first mode for URAMs. Consider using BRAMs instead.
WARNING: [HLS 200-2042] Usage of URAM can potentially cause worse II as Vitis HLS does not exploit read-first mode for URAMs. Consider using BRAMs instead.
WARNING: [HLS 200-2042] Usage of URAM can potentially cause worse II as Vitis HLS does not exploit read-first mode for URAMs. Consider using BRAMs instead.
WARNING: [HLS 200-2042] Usage of URAM can potentially cause worse II as Vitis HLS does not exploit read-first mode for URAMs. Consider using BRAMs instead.
WARNING: [HLS 200-2042] Usage of URAM can potentially cause worse II as Vitis HLS does not exploit read-first mode for URAMs. Consider using BRAMs instead.
WARNING: [HLS 200-2042] Usage of URAM can potentially cause worse II as Vitis HLS does not exploit read-first mode for URAMs. Consider using BRAMs instead.
WARNING: [HLS 200-2042] Usage of URAM can potentially cause worse II as Vitis HLS does not exploit read-first mode for URAMs. Consider using BRAMs instead.
WARNING: [HLS 200-2042] Usage of URAM can potentially cause worse II as Vitis HLS does not exploit read-first mode for URAMs. Consider using BRAMs instead.
INFO: [SCHED 204-61] Pipelining loop 'PIXEL_STATS'.
INFO: [HLS 200-1470] Pipelining result : Target II = 1, Final II = 1, Depth = 231, loop 'PIXEL_STATS'
INFO: [SCHED 204-11] Finished scheduling.
INFO: [HLS 200-111] Finished Scheduling: CPU user time: 0.2 seconds. CPU system time: 0.01 seconds. Elapsed time: 0.21 seconds; current allocated memory: 522.027 MB.
INFO: [BIND 205-100] Starting micro-architecture generation ...
INFO: [BIND 205-101] Performing variable lifetime analysis.
INFO: [BIND 205-101] Exploring resource sharing.
INFO: [BIND 205-101] Binding ...
INFO: [BIND 205-100] Finished micro-architecture generation.
INFO: [HLS 200-111] Finished Binding: CPU user time: 0.04 seconds. CPU system time: 0 seconds. Elapsed time: 0.05 seconds; current allocated memory: 522.090 MB.
INFO: [HLS 200-10] ----------------------------------------------------------------
INFO: [HLS 200-42] -- Implementing module 'UpConv_Fused_Row_8_Pipeline_PIXEL_NORM' 
INFO: [HLS 200-10] ----------------------------------------------------------------
INFO: [SCHED 204-11] Starting scheduling ...
WARNING: [HLS 200-2042] Usage of URAM can potentially cause worse II as Vitis HLS does not exploit read-first mode for URAMs. Consider using BRAMs instead.
WARNING: [HLS 200-2042] Usage of URAM can potentially cause worse II as Vitis HLS does not exploit read-first mode for URAMs. Consider using BRAMs instead.
WARNING: [HLS 200-2042] Usage of URAM can potentially cause worse II as Vitis HLS does not exploit read-first mode for URAMs. Consider using BRAMs instead.
WARNING: [HLS 200-2042] Usage of URAM can potentially cause worse II as Vitis HLS does not exploit read-first mode for URAMs. Consider using BRAMs instead.
WARNING: [HLS 200-2042] Usage of URAM can potentially cause worse II as Vitis HLS does not exploit read-first mode for URAMs. Consider using BRAMs instead.
WARNING: [HLS 200-2042] Usage of URAM can potentially cause worse II as Vitis HLS does not exploit read-first mode for URAMs. Consider using BRAMs instead.
WARNING: [HLS 200-2042] Usage of URAM can potentially cause worse II as Vitis HLS does not exploit read-first mode for URAMs. Consider using BRAMs instead.
WARNING: [HLS 200-2042] Usage of URAM can potentially cause worse II as Vitis HLS does not exploit read-first mode for URAMs. Consider using BRAMs instead.
WARNING: [HLS 200-2042] Usage of URAM can potentially cause worse II as Vitis HLS does not exploit read-first mode for URAMs. Consider using BRAMs instead.
WARNING: [HLS 200-2042] Usage of URAM can potentially cause worse II as Vitis HLS does not exploit read-first mode for URAMs. Consider using BRAMs instead.
WARNING: [HLS 200-2042] Usage of URAM can potentially cause worse II as Vitis HLS does not exploit read-first mode for URAMs. Consider using BRAMs instead.
WARNING: [HLS 200-2042] Usage of URAM can potentially cause worse II as Vitis HLS does not exploit read-first mode for URAMs. Consider using BRAMs instead.
WARNING: [HLS 200-2042] Usage of URAM can potentially cause worse II as Vitis HLS does not exploit read-first mode for URAMs. Consider using BRAMs instead.
WARNING: [HLS 200-2042] Usage of URAM can potentially cause worse II as Vitis HLS does not exploit read-first mode for URAMs. Consider using BRAMs instead.
WARNING: [HLS 200-2042] Usage of URAM can potentially cause worse II as Vitis HLS does not exploit read-first mode for URAMs. Consider using BRAMs instead.
WARNING: [HLS 200-2042] Usage of URAM can potentially cause worse II as Vitis HLS does not exploit read-first mode for URAMs. Consider using BRAMs instead.
INFO: [SCHED 204-61] Pipelining loop 'PIXEL_NORM'.
INFO: [HLS 200-1470] Pipelining result : Target II = 1, Final II = 1, Depth = 31, loop 'PIXEL_NORM'
INFO: [SCHED 204-11] Finished scheduling.
INFO: [HLS 200-111] Finished Scheduling: CPU user time: 0.2 seconds. CPU system time: 0.01 seconds. Elapsed time: 0.2 seconds; current allocated memory: 525.473 MB.
INFO: [BIND 205-100] Starting micro-architecture generation ...
INFO: [BIND 205-101] Performing variable lifetime analysis.
INFO: [BIND 205-101] Exploring resource sharing.
INFO: [BIND 205-101] Binding ...
INFO: [BIND 205-100] Finished micro-architecture generation.
INFO: [HLS 200-111] Finished Binding: CPU user time: 0.04 seconds. CPU system time: 0 seconds. Elapsed time: 0.04 seconds; current allocated memory: 526.215 MB.
INFO: [HLS 200-10] ----------------------------------------------------------------
INFO: [HLS 200-42] -- Implementing module 'UpConv_Fused_Row_8_s' 
INFO: [HLS 200-10] ----------------------------------------------------------------
INFO: [SCHED 204-11] Starting scheduling ...
WARNING: [HLS 200-871] Estimated clock period (3.239 ns) exceeds the target (target clock period: 3.333 ns, clock uncertainty: 0.900 ns, effective delay budget: 2.433 ns).
Resolution: For help on HLS 200-871 see docs.xilinx.com/access/sources/dita/topic?Doc_Version=2024.2%20English&url=ug1448-hls-guidance&resourceid=200-871.html
WARNING: [HLS 200-1016] The critical path in module 'UpConv_Fused_Row_8_s' consists of the following:
	wire read operation ('C_OUT_read') on port 'C_OUT' [35]  (0.000 ns)
	'sitofp' operation 32 bit ('conv1') [93]  (3.239 ns)

Resolution: For help on HLS 200-1016 see docs.xilinx.com/access/sources/dita/topic?Doc_Version=2024.2%20English&url=ug1448-hls-guidance&resourceid=200-1016.html
INFO: [SCHED 204-11] Finished scheduling.
INFO: [HLS 200-111] Finished Scheduling: CPU user time: 0.05 seconds. CPU system time: 0.01 seconds. Elapsed time: 0.07 seconds; current allocated memory: 527.047 MB.
INFO: [BIND 205-100] Starting micro-architecture generation ...
INFO: [BIND 205-101] Performing variable lifetime analysis.
INFO: [BIND 205-101] Exploring resource sharing.
INFO: [BIND 205-101] Binding ...
INFO: [BIND 205-100] Finished micro-architecture generation.
INFO: [HLS 200-111] Finished Binding: CPU user time: 0.03 seconds. CPU system time: 0 seconds. Elapsed time: 0.03 seconds; current allocated memory: 527.273 MB.
INFO: [HLS 200-10] ----------------------------------------------------------------
INFO: [HLS 200-42] -- Implementing module 'upconv_core_top_Pipeline_LOAD_ROW_VITIS_LOOP_72_2' 
INFO: [HLS 200-10] ----------------------------------------------------------------
INFO: [SCHED 204-11] Starting scheduling ...
INFO: [HLS 200-486] Changing DSP latency (root=add_ln75) to 3 in order to utilize available DSP registers.
WARNING: [HLS 200-2042] Usage of URAM can potentially cause worse II as Vitis HLS does not exploit read-first mode for URAMs. Consider using BRAMs instead.
INFO: [SCHED 204-61] Pipelining loop 'LOAD_ROW_VITIS_LOOP_72_2'.
INFO: [HLS 200-1470] Pipelining result : Target II = 1, Final II = 1, Depth = 6, loop 'LOAD_ROW_VITIS_LOOP_72_2'
WARNING: [HLS 200-871] Estimated clock period (2.692 ns) exceeds the target (target clock period: 3.333 ns, clock uncertainty: 0.900 ns, effective delay budget: 2.433 ns).
Resolution: For help on HLS 200-871 see docs.xilinx.com/access/sources/dita/topic?Doc_Version=2024.2%20English&url=ug1448-hls-guidance&resourceid=200-871.html
WARNING: [HLS 200-1016] The critical path in module 'upconv_core_top_Pipeline_LOAD_ROW_VITIS_LOOP_72_2' consists of the following:
	'add' operation 8 bit of DSP[45] ('empty', ../gen2/upconv_core_top.cpp:70) [40]  (1.696 ns)
	'mul' operation 11 bit of DSP[45] ('mul_ln72', ../gen2/upconv_core_top.cpp:72) [42]  (0.996 ns)

Resolution: For help on HLS 200-1016 see docs.xilinx.com/access/sources/dita/topic?Doc_Version=2024.2%20English&url=ug1448-hls-guidance&resourceid=200-1016.html
INFO: [SCHED 204-11] Finished scheduling.
INFO: [HLS 200-111] Finished Scheduling: CPU user time: 0.07 seconds. CPU system time: 0.01 seconds. Elapsed time: 0.07 seconds; current allocated memory: 528.242 MB.
INFO: [BIND 205-100] Starting micro-architecture generation ...
INFO: [BIND 205-101] Performing variable lifetime analysis.
INFO: [BIND 205-101] Exploring resource sharing.
INFO: [BIND 205-101] Binding ...
INFO: [BIND 205-100] Finished micro-architecture generation.
INFO: [HLS 200-111] Finished Binding: CPU user time: 0.03 seconds. CPU system time: 0 seconds. Elapsed time: 0.02 seconds; current allocated memory: 528.242 MB.
INFO: [HLS 200-10] ----------------------------------------------------------------
INFO: [HLS 200-42] -- Implementing module 'upconv_core_top' 
INFO: [HLS 200-10] ----------------------------------------------------------------
INFO: [SCHED 204-11] Starting scheduling ...
INFO: [HLS 200-486] Changing DSP latency (root=add_ln69) to 3 in order to utilize available DSP registers.
WARNING: [HLS 200-871] Estimated clock period (3.239 ns) exceeds the target (target clock period: 3.333 ns, clock uncertainty: 0.900 ns, effective delay budget: 2.433 ns).
Resolution: For help on HLS 200-871 see docs.xilinx.com/access/sources/dita/topic?Doc_Version=2024.2%20English&url=ug1448-hls-guidance&resourceid=200-871.html
WARNING: [HLS 200-1016] The critical path in module 'upconv_core_top' consists of the following:
	'call' operation 0 bit ('_ln64', ../gen2/upconv_core_top.cpp:64) to 'UpConv_Fused_Row<8>' [87]  (3.239 ns)

Resolution: For help on HLS 200-1016 see docs.xilinx.com/access/sources/dita/topic?Doc_Version=2024.2%20English&url=ug1448-hls-guidance&resourceid=200-1016.html
INFO: [SCHED 204-11] Finished scheduling.
INFO: [HLS 200-111] Finished Scheduling: CPU user time: 0.05 seconds. CPU system time: 0 seconds. Elapsed time: 0.06 seconds; current allocated memory: 528.758 MB.
INFO: [BIND 205-100] Starting micro-architecture generation ...
INFO: [BIND 205-101] Performing variable lifetime analysis.
INFO: [BIND 205-101] Exploring resource sharing.
INFO: [BIND 205-101] Binding ...
INFO: [BIND 205-100] Finished micro-architecture generation.
INFO: [HLS 200-111] Finished Binding: CPU user time: 0.04 seconds. CPU system time: 0 seconds. Elapsed time: 0.04 seconds; current allocated memory: 528.953 MB.
INFO: [HLS 200-10] ----------------------------------------------------------------
INFO: [HLS 200-10] -- Generating RTL for module 'upconv_core_top_Pipeline_LOAD_ROW0_VITIS_LOOP_58_1' 
INFO: [HLS 200-10] ----------------------------------------------------------------
INFO: [HLS 200-1030] Apply Unified Pipeline Control on module 'upconv_core_top_Pipeline_LOAD_ROW0_VITIS_LOOP_58_1' pipeline 'LOAD_ROW0_VITIS_LOOP_58_1' pipeline type 'loop pipeline'
WARNING: [RTGEN 206-101] Setting dangling out port 'upconv_core_top_Pipeline_LOAD_ROW0_VITIS_LOOP_58_1/m_axi_gmem_in_0_ARVALID' to 0.
WARNING: [RTGEN 206-101] Setting dangling out port 'upconv_core_top_Pipeline_LOAD_ROW0_VITIS_LOOP_58_1/m_axi_gmem_in_0_ARADDR' to 0.
WARNING: [RTGEN 206-101] Setting dangling out port 'upconv_core_top_Pipeline_LOAD_ROW0_VITIS_LOOP_58_1/m_axi_gmem_in_0_ARID' to 0.
WARNING: [RTGEN 206-101] Setting dangling out port 'upconv_core_top_Pipeline_LOAD_ROW0_VITIS_LOOP_58_1/m_axi_gmem_in_0_ARLEN' to 0.
WARNING: [RTGEN 206-101] Setting dangling out port 'upconv_core_top_Pipeline_LOAD_ROW0_VITIS_LOOP_58_1/m_axi_gmem_in_0_ARSIZE' to 0.
WARNING: [RTGEN 206-101] Setting dangling out port 'upconv_core_top_Pipeline_LOAD_ROW0_VITIS_LOOP_58_1/m_axi_gmem_in_0_ARBURST' to 0.
WARNING: [RTGEN 206-101] Setting dangling out port 'upconv_core_top_Pipeline_LOAD_ROW0_VITIS_LOOP_58_1/m_axi_gmem_in_0_ARLOCK' to 0.
WARNING: [RTGEN 206-101] Setting dangling out port 'upconv_core_top_Pipeline_LOAD_ROW0_VITIS_LOOP_58_1/m_axi_gmem_in_0_ARCACHE' to 0.
WARNING: [RTGEN 206-101] Setting dangling out port 'upconv_core_top_Pipeline_LOAD_ROW0_VITIS_LOOP_58_1/m_axi_gmem_in_0_ARPROT' to 0.
WARNING: [RTGEN 206-101] Setting dangling out port 'upconv_core_top_Pipeline_LOAD_ROW0_VITIS_LOOP_58_1/m_axi_gmem_in_0_ARQOS' to 0.
WARNING: [RTGEN 206-101] Setting dangling out port 'upconv_core_top_Pipeline_LOAD_ROW0_VITIS_LOOP_58_1/m_axi_gmem_in_0_ARREGION' to 0.
WARNING: [RTGEN 206-101] Setting dangling out port 'upconv_core_top_Pipeline_LOAD_ROW0_VITIS_LOOP_58_1/m_axi_gmem_in_0_ARUSER' to 0.
INFO: [RTGEN 206-100] Generating core module 'mac_muladd_8ns_6ns_6ns_11_4_1': 1 instance(s).
INFO: [RTGEN 206-100] Finished creating RTL model for 'upconv_core_top_Pipeline_LOAD_ROW0_VITIS_LOOP_58_1'.
INFO: [HLS 200-111] Finished Creating RTL model: CPU user time: 0.12 seconds. CPU system time: 0 seconds. Elapsed time: 0.12 seconds; current allocated memory: 529.812 MB.
INFO: [HLS 200-10] ----------------------------------------------------------------
INFO: [HLS 200-10] -- Generating RTL for module 'UpConv_Fused_Row_8_Pipeline_RESET_ROW_ACC' 
INFO: [HLS 200-10] ----------------------------------------------------------------
INFO: [HLS 200-1030] Apply Unified Pipeline Control on module 'UpConv_Fused_Row_8_Pipeline_RESET_ROW_ACC' pipeline 'RESET_ROW_ACC' pipeline type 'loop pipeline'
INFO: [RTGEN 206-100] Finished creating RTL model for 'UpConv_Fused_Row_8_Pipeline_RESET_ROW_ACC'.
INFO: [HLS 200-111] Finished Creating RTL model: CPU user time: 0.05 seconds. CPU system time: 0.01 seconds. Elapsed time: 0.06 seconds; current allocated memory: 531.344 MB.
INFO: [HLS 200-10] ----------------------------------------------------------------
INFO: [HLS 200-10] -- Generating RTL for module 'entry_proc' 
INFO: [HLS 200-10] ----------------------------------------------------------------
INFO: [RTGEN 206-100] Finished creating RTL model for 'entry_proc'.
INFO: [HLS 200-111] Finished Creating RTL model: CPU user time: 0.04 seconds. CPU system time: 0 seconds. Elapsed time: 0.04 seconds; current allocated memory: 532.770 MB.
INFO: [HLS 200-10] ----------------------------------------------------------------
INFO: [HLS 200-10] -- Generating RTL for module 'uc_load_tile_8_2_Pipeline_W_FLAT' 
INFO: [HLS 200-10] ----------------------------------------------------------------
INFO: [HLS 200-1030] Apply Unified Pipeline Control on module 'uc_load_tile_8_2_Pipeline_W_FLAT' pipeline 'W_FLAT' pipeline type 'loop pipeline'
WARNING: [RTGEN 206-101] Setting dangling out port 'uc_load_tile_8_2_Pipeline_W_FLAT/m_axi_gmem_weight_0_ARVALID' to 0.
WARNING: [RTGEN 206-101] Setting dangling out port 'uc_load_tile_8_2_Pipeline_W_FLAT/m_axi_gmem_weight_0_ARADDR' to 0.
WARNING: [RTGEN 206-101] Setting dangling out port 'uc_load_tile_8_2_Pipeline_W_FLAT/m_axi_gmem_weight_0_ARID' to 0.
WARNING: [RTGEN 206-101] Setting dangling out port 'uc_load_tile_8_2_Pipeline_W_FLAT/m_axi_gmem_weight_0_ARLEN' to 0.
WARNING: [RTGEN 206-101] Setting dangling out port 'uc_load_tile_8_2_Pipeline_W_FLAT/m_axi_gmem_weight_0_ARSIZE' to 0.
WARNING: [RTGEN 206-101] Setting dangling out port 'uc_load_tile_8_2_Pipeline_W_FLAT/m_axi_gmem_weight_0_ARBURST' to 0.
WARNING: [RTGEN 206-101] Setting dangling out port 'uc_load_tile_8_2_Pipeline_W_FLAT/m_axi_gmem_weight_0_ARLOCK' to 0.
WARNING: [RTGEN 206-101] Setting dangling out port 'uc_load_tile_8_2_Pipeline_W_FLAT/m_axi_gmem_weight_0_ARCACHE' to 0.
WARNING: [RTGEN 206-101] Setting dangling out port 'uc_load_tile_8_2_Pipeline_W_FLAT/m_axi_gmem_weight_0_ARPROT' to 0.
WARNING: [RTGEN 206-101] Setting dangling out port 'uc_load_tile_8_2_Pipeline_W_FLAT/m_axi_gmem_weight_0_ARQOS' to 0.
WARNING: [RTGEN 206-101] Setting dangling out port 'uc_load_tile_8_2_Pipeline_W_FLAT/m_axi_gmem_weight_0_ARREGION' to 0.
WARNING: [RTGEN 206-101] Setting dangling out port 'uc_load_tile_8_2_Pipeline_W_FLAT/m_axi_gmem_weight_0_ARUSER' to 0.
INFO: [RTGEN 206-100] Finished creating RTL model for 'uc_load_tile_8_2_Pipeline_W_FLAT'.
INFO: [HLS 200-111] Finished Creating RTL model: CPU user time: 0.08 seconds. CPU system time: 0 seconds. Elapsed time: 0.08 seconds; current allocated memory: 533.770 MB.
INFO: [HLS 200-10] ----------------------------------------------------------------
INFO: [HLS 200-10] -- Generating RTL for module 'uc_load_tile_8_2' 
INFO: [HLS 200-10] ----------------------------------------------------------------
INFO: [RTGEN 206-100] Generating core module 'mul_15ns_9ns_24_1_1': 1 instance(s).
INFO: [RTGEN 206-100] Finished creating RTL model for 'uc_load_tile_8_2'.
INFO: [HLS 200-111] Finished Creating RTL model: CPU user time: 0.06 seconds. CPU system time: 0.01 seconds. Elapsed time: 0.06 seconds; current allocated memory: 536.164 MB.
INFO: [HLS 200-10] ----------------------------------------------------------------
INFO: [HLS 200-10] -- Generating RTL for module 'uc_compute_tile_8_3_Pipeline_KW_LOOP_FLAT_LOOP' 
INFO: [HLS 200-10] ----------------------------------------------------------------
INFO: [HLS 200-1030] Apply Unified Pipeline Control on module 'uc_compute_tile_8_3_Pipeline_KW_LOOP_FLAT_LOOP' pipeline 'KW_LOOP_FLAT_LOOP' pipeline type 'loop pipeline'
INFO: [RTGEN 206-104] Estimated max fanout for 'uc_compute_tile_8_3_Pipeline_KW_LOOP_FLAT_LOOP' is 87245 from HDL expression: (1'b0 == ap_block_pp0_stage0_11001)
INFO: [RTGEN 206-100] Generating core module 'hadd_16ns_16ns_16_5_full_dsp_1': 168 instance(s).
INFO: [RTGEN 206-100] Generating core module 'hmul_16ns_16ns_16_4_no_dsp_1': 128 instance(s).
INFO: [RTGEN 206-100] Generating core module 'sparsemux_9_2_16_1_1': 8 instance(s).
INFO: [RTGEN 206-100] Finished creating RTL model for 'uc_compute_tile_8_3_Pipeline_KW_LOOP_FLAT_LOOP'.
INFO: [HLS 200-111] Finished Creating RTL model: CPU user time: 0.61 seconds. CPU system time: 0.01 seconds. Elapsed time: 0.64 seconds; current allocated memory: 572.316 MB.
INFO: [HLS 200-10] ----------------------------------------------------------------
INFO: [HLS 200-10] -- Generating RTL for module 'uc_compute_tile_8_3' 
INFO: [HLS 200-10] ----------------------------------------------------------------
INFO: [RTGEN 206-100] Generating core module 'mul_8ns_6ns_11_1_1': 1 instance(s).
INFO: [RTGEN 206-100] Generating core module 'mul_8ns_6ns_13_1_1': 1 instance(s).
INFO: [RTGEN 206-100] Finished creating RTL model for 'uc_compute_tile_8_3'.
INFO: [HLS 200-111] Finished Creating RTL model: CPU user time: 0.53 seconds. CPU system time: 0.03 seconds. Elapsed time: 0.57 seconds; current allocated memory: 593.500 MB.
INFO: [HLS 200-10] ----------------------------------------------------------------
INFO: [HLS 200-10] -- Generating RTL for module 'dataflow_in_loop_TILE_LOOP_1' 
INFO: [HLS 200-10] ----------------------------------------------------------------
WARNING: [RTGEN 206-101] Setting dangling out port 'dataflow_in_loop_TILE_LOOP_1/m_axi_gmem_weight_0_AWVALID' to 0.
WARNING: [RTGEN 206-101] Setting dangling out port 'dataflow_in_loop_TILE_LOOP_1/m_axi_gmem_weight_0_AWADDR' to 0.
WARNING: [RTGEN 206-101] Setting dangling out port 'dataflow_in_loop_TILE_LOOP_1/m_axi_gmem_weight_0_AWID' to 0.
WARNING: [RTGEN 206-101] Setting dangling out port 'dataflow_in_loop_TILE_LOOP_1/m_axi_gmem_weight_0_AWLEN' to 0.
WARNING: [RTGEN 206-101] Setting dangling out port 'dataflow_in_loop_TILE_LOOP_1/m_axi_gmem_weight_0_AWSIZE' to 0.
WARNING: [RTGEN 206-101] Setting dangling out port 'dataflow_in_loop_TILE_LOOP_1/m_axi_gmem_weight_0_AWBURST' to 0.
WARNING: [RTGEN 206-101] Setting dangling out port 'dataflow_in_loop_TILE_LOOP_1/m_axi_gmem_weight_0_AWLOCK' to 0.
WARNING: [RTGEN 206-101] Setting dangling out port 'dataflow_in_loop_TILE_LOOP_1/m_axi_gmem_weight_0_AWCACHE' to 0.
WARNING: [RTGEN 206-101] Setting dangling out port 'dataflow_in_loop_TILE_LOOP_1/m_axi_gmem_weight_0_AWPROT' to 0.
WARNING: [RTGEN 206-101] Setting dangling out port 'dataflow_in_loop_TILE_LOOP_1/m_axi_gmem_weight_0_AWQOS' to 0.
WARNING: [RTGEN 206-101] Setting dangling out port 'dataflow_in_loop_TILE_LOOP_1/m_axi_gmem_weight_0_AWREGION' to 0.
WARNING: [RTGEN 206-101] Setting dangling out port 'dataflow_in_loop_TILE_LOOP_1/m_axi_gmem_weight_0_AWUSER' to 0.
WARNING: [RTGEN 206-101] Setting dangling out port 'dataflow_in_loop_TILE_LOOP_1/m_axi_gmem_weight_0_WVALID' to 0.
WARNING: [RTGEN 206-101] Setting dangling out port 'dataflow_in_loop_TILE_LOOP_1/m_axi_gmem_weight_0_WDATA' to 0.
WARNING: [RTGEN 206-101] Setting dangling out port 'dataflow_in_loop_TILE_LOOP_1/m_axi_gmem_weight_0_WSTRB' to 0.
WARNING: [RTGEN 206-101] Setting dangling out port 'dataflow_in_loop_TILE_LOOP_1/m_axi_gmem_weight_0_WLAST' to 0.
WARNING: [RTGEN 206-101] Setting dangling out port 'dataflow_in_loop_TILE_LOOP_1/m_axi_gmem_weight_0_WID' to 0.
WARNING: [RTGEN 206-101] Setting dangling out port 'dataflow_in_loop_TILE_LOOP_1/m_axi_gmem_weight_0_WUSER' to 0.
WARNING: [RTGEN 206-101] Setting dangling out port 'dataflow_in_loop_TILE_LOOP_1/m_axi_gmem_weight_0_BREADY' to 0.
INFO: [RTGEN 206-100] Finished creating RTL model for 'dataflow_in_loop_TILE_LOOP_1'.
INFO: [HLS 200-741] Implementing PIPO upconv_core_top_dataflow_in_loop_TILE_LOOP_1_wbuf_RAM_T2P_URAM_1R1W using a single memory for all blocks
INFO: [RTMG 210-278] Implementing memory 'upconv_core_top_dataflow_in_loop_TILE_LOOP_1_wbuf_RAM_T2P_URAM_1R1W_memcore' using ultra RAMs.
INFO: [RTMG 210-285] Implementing FIFO 'ho_c_U(upconv_core_top_fifo_w8_d3_S)' using Shift Registers.
INFO: [RTMG 210-285] Implementing FIFO 'H_IN_c_U(upconv_core_top_fifo_w8_d3_S)' using Shift Registers.
INFO: [RTMG 210-285] Implementing FIFO 'W_IN_c_U(upconv_core_top_fifo_w8_d3_S)' using Shift Registers.
INFO: [RTMG 210-285] Implementing FIFO 'tile_c_channel_U(upconv_core_top_fifo_w6_d2_S)' using Shift Registers.
INFO: [RTMG 210-285] Implementing FIFO 'C_OUT_c_channel_U(upconv_core_top_fifo_w9_d2_S)' using Shift Registers.
INFO: [RTMG 210-285] Implementing FIFO 'C_IN_c_channel_U(upconv_core_top_fifo_w10_d2_S)' using Shift Registers.
INFO: [HLS 200-111] Finished Creating RTL model: CPU user time: 0.15 seconds. CPU system time: 0.01 seconds. Elapsed time: 0.17 seconds; current allocated memory: 593.500 MB.
INFO: [HLS 200-10] ----------------------------------------------------------------
INFO: [HLS 200-10] -- Generating RTL for module 'dataflow_parent_loop_proc' 
INFO: [HLS 200-10] ----------------------------------------------------------------
WARNING: [RTGEN 206-101] Setting dangling out port 'dataflow_parent_loop_proc/m_axi_gmem_weight_0_AWVALID' to 0.
WARNING: [RTGEN 206-101] Setting dangling out port 'dataflow_parent_loop_proc/m_axi_gmem_weight_0_AWADDR' to 0.
WARNING: [RTGEN 206-101] Setting dangling out port 'dataflow_parent_loop_proc/m_axi_gmem_weight_0_AWID' to 0.
WARNING: [RTGEN 206-101] Setting dangling out port 'dataflow_parent_loop_proc/m_axi_gmem_weight_0_AWLEN' to 0.
WARNING: [RTGEN 206-101] Setting dangling out port 'dataflow_parent_loop_proc/m_axi_gmem_weight_0_AWSIZE' to 0.
WARNING: [RTGEN 206-101] Setting dangling out port 'dataflow_parent_loop_proc/m_axi_gmem_weight_0_AWBURST' to 0.
WARNING: [RTGEN 206-101] Setting dangling out port 'dataflow_parent_loop_proc/m_axi_gmem_weight_0_AWLOCK' to 0.
WARNING: [RTGEN 206-101] Setting dangling out port 'dataflow_parent_loop_proc/m_axi_gmem_weight_0_AWCACHE' to 0.
WARNING: [RTGEN 206-101] Setting dangling out port 'dataflow_parent_loop_proc/m_axi_gmem_weight_0_AWPROT' to 0.
WARNING: [RTGEN 206-101] Setting dangling out port 'dataflow_parent_loop_proc/m_axi_gmem_weight_0_AWQOS' to 0.
WARNING: [RTGEN 206-101] Setting dangling out port 'dataflow_parent_loop_proc/m_axi_gmem_weight_0_AWREGION' to 0.
WARNING: [RTGEN 206-101] Setting dangling out port 'dataflow_parent_loop_proc/m_axi_gmem_weight_0_AWUSER' to 0.
WARNING: [RTGEN 206-101] Setting dangling out port 'dataflow_parent_loop_proc/m_axi_gmem_weight_0_WVALID' to 0.
WARNING: [RTGEN 206-101] Setting dangling out port 'dataflow_parent_loop_proc/m_axi_gmem_weight_0_WDATA' to 0.
WARNING: [RTGEN 206-101] Setting dangling out port 'dataflow_parent_loop_proc/m_axi_gmem_weight_0_WSTRB' to 0.
WARNING: [RTGEN 206-101] Setting dangling out port 'dataflow_parent_loop_proc/m_axi_gmem_weight_0_WLAST' to 0.
WARNING: [RTGEN 206-101] Setting dangling out port 'dataflow_parent_loop_proc/m_axi_gmem_weight_0_WID' to 0.
WARNING: [RTGEN 206-101] Setting dangling out port 'dataflow_parent_loop_proc/m_axi_gmem_weight_0_WUSER' to 0.
WARNING: [RTGEN 206-101] Setting dangling out port 'dataflow_parent_loop_proc/m_axi_gmem_weight_0_BREADY' to 0.
INFO: [RTGEN 206-100] Finished creating RTL model for 'dataflow_parent_loop_proc'.
INFO: [HLS 200-111] Finished Creating RTL model: CPU user time: 0.13 seconds. CPU system time: 0.01 seconds. Elapsed time: 0.14 seconds; current allocated memory: 596.195 MB.
INFO: [HLS 200-10] ----------------------------------------------------------------
INFO: [HLS 200-10] -- Generating RTL for module 'UpConv_Fused_Row_8_Pipeline_LOAD_PARAMS' 
INFO: [HLS 200-10] ----------------------------------------------------------------
INFO: [HLS 200-1030] Apply Unified Pipeline Control on module 'UpConv_Fused_Row_8_Pipeline_LOAD_PARAMS' pipeline 'LOAD_PARAMS' pipeline type 'loop pipeline'
INFO: [RTGEN 206-100] Finished creating RTL model for 'UpConv_Fused_Row_8_Pipeline_LOAD_PARAMS'.
INFO: [HLS 200-111] Finished Creating RTL model: CPU user time: 0.08 seconds. CPU system time: 0 seconds. Elapsed time: 0.09 seconds; current allocated memory: 597.676 MB.
INFO: [HLS 200-10] ----------------------------------------------------------------
INFO: [HLS 200-10] -- Generating RTL for module 'UpConv_Fused_Row_8_Pipeline_PIXEL_STATS' 
INFO: [HLS 200-10] ----------------------------------------------------------------
INFO: [HLS 200-1030] Apply Unified Pipeline Control on module 'UpConv_Fused_Row_8_Pipeline_PIXEL_STATS' pipeline 'PIXEL_STATS' pipeline type 'loop pipeline'
INFO: [RTGEN 206-104] Estimated max fanout for 'UpConv_Fused_Row_8_Pipeline_PIXEL_STATS' is 13503 from HDL expression: (1'b0 == ap_block_pp0_stage0_11001)
INFO: [RTGEN 206-100] Generating core module 'fadd_32ns_32ns_32_11_full_dsp_1': 19 instance(s).
INFO: [RTGEN 206-100] Generating core module 'fdiv_32ns_32ns_32_30_no_dsp_1': 3 instance(s).
INFO: [RTGEN 206-100] Generating core module 'fmul_32ns_32ns_32_7_max_dsp_1': 2 instance(s).
INFO: [RTGEN 206-100] Generating core module 'fsqrt_32ns_32ns_32_28_no_dsp_1': 1 instance(s).
INFO: [RTGEN 206-100] Generating core module 'fsub_32ns_32ns_32_11_full_dsp_1': 1 instance(s).
INFO: [RTGEN 206-100] Generating core module 'hadd_16ns_16ns_16_5_full_dsp_1': 1 instance(s).
INFO: [RTGEN 206-100] Generating core module 'hptosp_16ns_32_2_no_dsp_1': 1 instance(s).
INFO: [RTGEN 206-100] Generating core module 'partselect_16ns_256ns_32s_16_1_1': 1 instance(s).
INFO: [RTGEN 206-100] Generating core module 'sparsemux_17_3_32_1_1': 2 instance(s).
INFO: [RTGEN 206-100] Generating core module 'sparsemux_33_4_16_1_1': 1 instance(s).
INFO: [RTGEN 206-100] Generating core module 'sptohp_32ns_16_2_no_dsp_1': 1 instance(s).
INFO: [RTGEN 206-100] Finished creating RTL model for 'UpConv_Fused_Row_8_Pipeline_PIXEL_STATS'.
INFO: [HLS 200-111] Finished Creating RTL model: CPU user time: 0.27 seconds. CPU system time: 0.01 seconds. Elapsed time: 0.29 seconds; current allocated memory: 610.719 MB.
INFO: [HLS 200-10] ----------------------------------------------------------------
INFO: [HLS 200-10] -- Generating RTL for module 'UpConv_Fused_Row_8_Pipeline_PIXEL_NORM' 
INFO: [HLS 200-10] ----------------------------------------------------------------
INFO: [HLS 200-1030] Apply Unified Pipeline Control on module 'UpConv_Fused_Row_8_Pipeline_PIXEL_NORM' pipeline 'PIXEL_NORM' pipeline type 'loop pipeline'
INFO: [RTGEN 206-100] Generating core module 'hadd_16ns_16ns_16_5_full_dsp_1': 16 instance(s).
INFO: [RTGEN 206-100] Generating core module 'hcmp_16ns_16ns_1_2_no_dsp_1': 16 instance(s).
INFO: [RTGEN 206-100] Generating core module 'hmul_16ns_16ns_16_4_max_dsp_1': 32 instance(s).
INFO: [RTGEN 206-100] Generating core module 'hsub_16ns_16ns_16_5_full_dsp_1': 16 instance(s).
INFO: [RTGEN 206-100] Generating core module 'mul_32s_5ns_32_2_1': 1 instance(s).
INFO: [RTGEN 206-100] Generating core module 'sptohp_32ns_16_2_no_dsp_1': 1 instance(s).
INFO: [RTGEN 206-100] Finished creating RTL model for 'UpConv_Fused_Row_8_Pipeline_PIXEL_NORM'.
INFO: [HLS 200-111] Finished Creating RTL model: CPU user time: 0.28 seconds. CPU system time: 0.02 seconds. Elapsed time: 0.29 seconds; current allocated memory: 623.039 MB.
INFO: [HLS 200-10] ----------------------------------------------------------------
INFO: [HLS 200-10] -- Generating RTL for module 'UpConv_Fused_Row_8_s' 
INFO: [HLS 200-10] ----------------------------------------------------------------
INFO: [SYN 201-210] Renamed object name 'UpConv_Fused_Row_8_s_void_UpConv_Fused_Row_ap_uint_ap_uint_const_ap_uint_const_ap_uint_const_ap_u_9_RAM_T2P_URAM_1R1W' to 'UpConv_Fused_Row_8_s_void_UpConv_Fused_Row_ap_uint_ap_uint_const_ap_uint_consbkb' due to the length limit 80
INFO: [SYN 201-210] Renamed object name 'UpConv_Fused_Row_8_s_void_UpConv_Fused_Row_ap_uint_ap_uint_const_ap_uint_const_ap_uint_const_ap_u_8_RAM_T2P_URAM_1R1W' to 'UpConv_Fused_Row_8_s_void_UpConv_Fused_Row_ap_uint_ap_uint_const_ap_uint_conscud' due to the length limit 80
INFO: [SYN 201-210] Renamed object name 'UpConv_Fused_Row_8_s_void_UpConv_Fused_Row_ap_uint_ap_uint_const_ap_uint_const_ap_uint_const_ap_u_7_RAM_T2P_URAM_1R1W' to 'UpConv_Fused_Row_8_s_void_UpConv_Fused_Row_ap_uint_ap_uint_const_ap_uint_consdEe' due to the length limit 80
INFO: [SYN 201-210] Renamed object name 'UpConv_Fused_Row_8_s_void_UpConv_Fused_Row_ap_uint_ap_uint_const_ap_uint_const_ap_uint_const_ap_u_6_RAM_T2P_URAM_1R1W' to 'UpConv_Fused_Row_8_s_void_UpConv_Fused_Row_ap_uint_ap_uint_const_ap_uint_conseOg' due to the length limit 80
INFO: [SYN 201-210] Renamed object name 'UpConv_Fused_Row_8_s_void_UpConv_Fused_Row_ap_uint_ap_uint_const_ap_uint_const_ap_uint_const_ap_u_5_RAM_T2P_URAM_1R1W' to 'UpConv_Fused_Row_8_s_void_UpConv_Fused_Row_ap_uint_ap_uint_const_ap_uint_consfYi' due to the length limit 80
INFO: [SYN 201-210] Renamed object name 'UpConv_Fused_Row_8_s_void_UpConv_Fused_Row_ap_uint_ap_uint_const_ap_uint_const_ap_uint_const_ap_u_4_RAM_T2P_URAM_1R1W' to 'UpConv_Fused_Row_8_s_void_UpConv_Fused_Row_ap_uint_ap_uint_const_ap_uint_consg8j' due to the length limit 80
INFO: [SYN 201-210] Renamed object name 'UpConv_Fused_Row_8_s_void_UpConv_Fused_Row_ap_uint_ap_uint_const_ap_uint_const_ap_uint_const_ap_u_3_RAM_T2P_URAM_1R1W' to 'UpConv_Fused_Row_8_s_void_UpConv_Fused_Row_ap_uint_ap_uint_const_ap_uint_conshbi' due to the length limit 80
INFO: [SYN 201-210] Renamed object name 'UpConv_Fused_Row_8_s_void_UpConv_Fused_Row_ap_uint_ap_uint_const_ap_uint_const_ap_uint_const_ap_u_2_RAM_T2P_URAM_1R1W' to 'UpConv_Fused_Row_8_s_void_UpConv_Fused_Row_ap_uint_ap_uint_const_ap_uint_consibs' due to the length limit 80
INFO: [SYN 201-210] Renamed object name 'UpConv_Fused_Row_8_s_void_UpConv_Fused_Row_ap_uint_ap_uint_const_ap_uint_const_ap_uint_const_ap_u_1_RAM_T2P_URAM_1R1W' to 'UpConv_Fused_Row_8_s_void_UpConv_Fused_Row_ap_uint_ap_uint_const_ap_uint_consjbC' due to the length limit 80
INFO: [SYN 201-210] Renamed object name 'UpConv_Fused_Row_8_s_void_UpConv_Fused_Row_ap_uint_ap_uint_const_ap_uint_const_ap_uint_const_ap_u_RAM_T2P_URAM_1R1W' to 'UpConv_Fused_Row_8_s_void_UpConv_Fused_Row_ap_uint_ap_uint_const_ap_uint_conskbM' due to the length limit 80
INFO: [SYN 201-210] Renamed object name 'UpConv_Fused_Row_8_s_void_UpConv_Fused_Row_8_ap_uint_256_ap_uint_256_const_ap_uint_256_const_ap_uint_256_const_ap_uint_256_const_ap_uint_256_decimal16_int_int_int_int_int_row_acc_RAM_T2P_URAM_1R1W' to 'UpConv_Fused_Row_8_s_void_UpConv_Fused_Row_8_ap_uint_256_ap_uint_256_const_aplbW' due to the length limit 80
INFO: [SYN 201-210] Renamed object name 'UpConv_Fused_Row_8_s_void_UpConv_Fused_Row_8_ap_uint_256_ap_uint_256_const_ap_uint_256_const_ap_uint_256_const_ap_uint_256_const_ap_uint_256_decimal16_int_int_int_int_int_row_acc_0_RAM_T2P_URAM_1R1W' to 'UpConv_Fused_Row_8_s_void_UpConv_Fused_Row_8_ap_uint_256_ap_uint_256_const_apmb6' due to the length limit 80
INFO: [SYN 201-210] Renamed object name 'UpConv_Fused_Row_8_s_void_UpConv_Fused_Row_8_ap_uint_256_ap_uint_256_const_ap_uint_256_const_ap_uint_256_const_ap_uint_256_const_ap_uint_256_decimal16_int_int_int_int_int_row_acc_1_RAM_T2P_URAM_1R1W' to 'UpConv_Fused_Row_8_s_void_UpConv_Fused_Row_8_ap_uint_256_ap_uint_256_const_apncg' due to the length limit 80
INFO: [SYN 201-210] Renamed object name 'UpConv_Fused_Row_8_s_void_UpConv_Fused_Row_8_ap_uint_256_ap_uint_256_const_ap_uint_256_const_ap_uint_256_const_ap_uint_256_const_ap_uint_256_decimal16_int_int_int_int_int_row_acc_2_RAM_T2P_URAM_1R1W' to 'UpConv_Fused_Row_8_s_void_UpConv_Fused_Row_8_ap_uint_256_ap_uint_256_const_apocq' due to the length limit 80
INFO: [SYN 201-210] Renamed object name 'UpConv_Fused_Row_8_s_void_UpConv_Fused_Row_8_ap_uint_256_ap_uint_256_const_ap_uint_256_const_ap_uint_256_const_ap_uint_256_const_ap_uint_256_decimal16_int_int_int_int_int_row_acc_3_RAM_T2P_URAM_1R1W' to 'UpConv_Fused_Row_8_s_void_UpConv_Fused_Row_8_ap_uint_256_ap_uint_256_const_appcA' due to the length limit 80
INFO: [SYN 201-210] Renamed object name 'UpConv_Fused_Row_8_s_void_UpConv_Fused_Row_8_ap_uint_256_ap_uint_256_const_ap_uint_256_const_ap_uint_256_const_ap_uint_256_const_ap_uint_256_decimal16_int_int_int_int_int_row_acc_4_RAM_T2P_URAM_1R1W' to 'UpConv_Fused_Row_8_s_void_UpConv_Fused_Row_8_ap_uint_256_ap_uint_256_const_apqcK' due to the length limit 80
INFO: [RTGEN 206-100] Generating core module 'hadd_16ns_16ns_16_5_full_dsp_1': 1 instance(s).
INFO: [RTGEN 206-100] Generating core module 'hptosp_16ns_32_2_no_dsp_1': 1 instance(s).
INFO: [RTGEN 206-100] Generating core module 'mul_8ns_5ns_12_1_1': 1 instance(s).
INFO: [RTGEN 206-100] Generating core module 'mul_8ns_8ns_15_1_1': 1 instance(s).
INFO: [RTGEN 206-100] Generating core module 'mul_9ns_8ns_16_1_1': 1 instance(s).
INFO: [RTGEN 206-100] Generating core module 'sitofp_32ns_32_7_no_dsp_1': 1 instance(s).
INFO: [RTGEN 206-100] Generating core module 'sptohp_32ns_16_2_no_dsp_1': 1 instance(s).
INFO: [RTGEN 206-100] Finished creating RTL model for 'UpConv_Fused_Row_8_s'.
INFO: [RTMG 210-278] Implementing memory 'upconv_core_top_UpConv_Fused_Row_8_s_void_UpConv_Fused_Row_ap_uint_ap_uint_const_ap_uint_consbkb' using ultra RAMs.
INFO: [RTMG 210-278] Implementing memory 'upconv_core_top_UpConv_Fused_Row_8_s_mean_buf_RAM_2P_LUTRAM_1R1W' using distributed RAMs.
INFO: [RTMG 210-278] Implementing memory 'upconv_core_top_UpConv_Fused_Row_8_s_inv_buf_RAM_2P_LUTRAM_1R1W' using distributed RAMs.
INFO: [RTMG 210-278] Implementing memory 'upconv_core_top_UpConv_Fused_Row_8_s_b_buf_RAM_T2P_BRAM_1R1W' using block RAMs.
INFO: [HLS 200-111] Finished Creating RTL model: CPU user time: 0.26 seconds. CPU system time: 0.01 seconds. Elapsed time: 0.27 seconds; current allocated memory: 634.484 MB.
INFO: [HLS 200-10] ----------------------------------------------------------------
INFO: [HLS 200-10] -- Generating RTL for module 'upconv_core_top_Pipeline_LOAD_ROW_VITIS_LOOP_72_2' 
INFO: [HLS 200-10] ----------------------------------------------------------------
INFO: [HLS 200-1030] Apply Unified Pipeline Control on module 'upconv_core_top_Pipeline_LOAD_ROW_VITIS_LOOP_72_2' pipeline 'LOAD_ROW_VITIS_LOOP_72_2' pipeline type 'loop pipeline'
WARNING: [RTGEN 206-101] Setting dangling out port 'upconv_core_top_Pipeline_LOAD_ROW_VITIS_LOOP_72_2/m_axi_gmem_in_0_ARVALID' to 0.
WARNING: [RTGEN 206-101] Setting dangling out port 'upconv_core_top_Pipeline_LOAD_ROW_VITIS_LOOP_72_2/m_axi_gmem_in_0_ARADDR' to 0.
WARNING: [RTGEN 206-101] Setting dangling out port 'upconv_core_top_Pipeline_LOAD_ROW_VITIS_LOOP_72_2/m_axi_gmem_in_0_ARID' to 0.
WARNING: [RTGEN 206-101] Setting dangling out port 'upconv_core_top_Pipeline_LOAD_ROW_VITIS_LOOP_72_2/m_axi_gmem_in_0_ARLEN' to 0.
WARNING: [RTGEN 206-101] Setting dangling out port 'upconv_core_top_Pipeline_LOAD_ROW_VITIS_LOOP_72_2/m_axi_gmem_in_0_ARSIZE' to 0.
WARNING: [RTGEN 206-101] Setting dangling out port 'upconv_core_top_Pipeline_LOAD_ROW_VITIS_LOOP_72_2/m_axi_gmem_in_0_ARBURST' to 0.
WARNING: [RTGEN 206-101] Setting dangling out port 'upconv_core_top_Pipeline_LOAD_ROW_VITIS_LOOP_72_2/m_axi_gmem_in_0_ARLOCK' to 0.
WARNING: [RTGEN 206-101] Setting dangling out port 'upconv_core_top_Pipeline_LOAD_ROW_VITIS_LOOP_72_2/m_axi_gmem_in_0_ARCACHE' to 0.
WARNING: [RTGEN 206-101] Setting dangling out port 'upconv_core_top_Pipeline_LOAD_ROW_VITIS_LOOP_72_2/m_axi_gmem_in_0_ARPROT' to 0.
WARNING: [RTGEN 206-101] Setting dangling out port 'upconv_core_top_Pipeline_LOAD_ROW_VITIS_LOOP_72_2/m_axi_gmem_in_0_ARQOS' to 0.
WARNING: [RTGEN 206-101] Setting dangling out port 'upconv_core_top_Pipeline_LOAD_ROW_VITIS_LOOP_72_2/m_axi_gmem_in_0_ARREGION' to 0.
WARNING: [RTGEN 206-101] Setting dangling out port 'upconv_core_top_Pipeline_LOAD_ROW_VITIS_LOOP_72_2/m_axi_gmem_in_0_ARUSER' to 0.
INFO: [RTGEN 206-100] Generating core module 'ama_addmuladd_8ns_8ns_6ns_6ns_11_4_1': 1 instance(s).
INFO: [RTGEN 206-100] Finished creating RTL model for 'upconv_core_top_Pipeline_LOAD_ROW_VITIS_LOOP_72_2'.
INFO: [HLS 200-111] Finished Creating RTL model: CPU user time: 0.15 seconds. CPU system time: 0.01 seconds. Elapsed time: 0.16 seconds; current allocated memory: 636.969 MB.
INFO: [HLS 200-10] ----------------------------------------------------------------
INFO: [HLS 200-10] -- Generating RTL for module 'upconv_core_top' 
INFO: [HLS 200-10] ----------------------------------------------------------------
WARNING: [RTGEN 206-101] Design contains AXI ports. Reset is fixed to synchronous and active low.
INFO: [RTGEN 206-500] Setting interface mode on port 'upconv_core_top/gmem_in' to 'm_axi'.
INFO: [RTGEN 206-500] Setting interface mode on port 'upconv_core_top/gmem_weight' to 'm_axi'.
INFO: [RTGEN 206-500] Setting interface mode on port 'upconv_core_top/gmem_param' to 'm_axi'.
INFO: [RTGEN 206-500] Setting interface mode on port 'upconv_core_top/gmem_out' to 'm_axi'.
INFO: [RTGEN 206-500] Setting interface mode on port 'upconv_core_top/X' to 's_axilite & ap_none'.
INFO: [RTGEN 206-500] Setting interface mode on port 'upconv_core_top/W' to 's_axilite & ap_none'.
INFO: [RTGEN 206-500] Setting interface mode on port 'upconv_core_top/B' to 's_axilite & ap_none'.
INFO: [RTGEN 206-500] Setting interface mode on port 'upconv_core_top/G' to 's_axilite & ap_none'.
INFO: [RTGEN 206-500] Setting interface mode on port 'upconv_core_top/BE' to 's_axilite & ap_none'.
INFO: [RTGEN 206-500] Setting interface mode on port 'upconv_core_top/Y' to 's_axilite & ap_none'.
INFO: [RTGEN 206-500] Setting interface mode on port 'upconv_core_top/epsilon' to 's_axilite & ap_none'.
INFO: [RTGEN 206-500] Setting interface mode on port 'upconv_core_top/mode' to 's_axilite & ap_none'.
INFO: [RTGEN 206-500] Setting interface mode on function 'upconv_core_top' to 's_axilite & ap_ctrl_hs'.
INFO: [RTGEN 206-100] Bundling port 'X', 'W', 'B', 'G', 'BE', 'Y', 'epsilon', 'mode' and 'return' to AXI-Lite port control.
INFO: [RTGEN 206-100] Generating core module 'mac_muladd_14ns_7ns_14ns_20_4_1': 1 instance(s).
INFO: [RTGEN 206-100] Generating core module 'mul_6ns_8ns_14_1_1': 1 instance(s).
INFO: [RTGEN 206-100] Generating core module 'sparsemux_9_32_10_1_1': 1 instance(s).
INFO: [RTGEN 206-100] Generating core module 'sparsemux_9_32_8_1_1': 1 instance(s).
INFO: [RTGEN 206-100] Generating core module 'sparsemux_9_32_9_1_1': 1 instance(s).
INFO: [RTGEN 206-100] Finished creating RTL model for 'upconv_core_top'.
INFO: [RTMG 210-278] Implementing memory 'upconv_core_top_x_buf_RAM_T2P_URAM_1R1W' using ultra RAMs.
INFO: [HLS 200-111] Finished Creating RTL model: CPU user time: 0.15 seconds. CPU system time: 0.01 seconds. Elapsed time: 0.15 seconds; current allocated memory: 641.020 MB.
INFO: [HLS 200-111] Finished Generating all RTL models: CPU user time: 0.32 seconds. CPU system time: 0.03 seconds. Elapsed time: 0.36 seconds; current allocated memory: 643.523 MB.
INFO: [HLS 200-1603] Design has inferred MAXI bursts and missed bursts, see Vitis HLS GUI synthesis summary report for detailed information.
INFO: [HLS 200-111] Finished Updating report files: CPU user time: 1.2 seconds. CPU system time: 0.02 seconds. Elapsed time: 1.23 seconds; current allocated memory: 668.473 MB.
INFO: [VHDL 208-304] Generating VHDL RTL for upconv_core_top.
INFO: [VLOG 209-307] Generating Verilog RTL for upconv_core_top.
INFO: [HLS 200-790] **** Loop Constraint Status: All loop constraints were satisfied.
INFO: [HLS 200-789] **** Estimated Fmax: 308.74 MHz
INFO: [HLS 200-112] Total CPU user time: 25 seconds. Total CPU system time: 1.62 seconds. Total elapsed time: 30.19 seconds; peak allocated memory: 668.820 MB.
INFO: [v++ 60-791] Total elapsed time: 0h 0m 33s
