  **** HLS Build v2024.2 5238294
INFO: [HLS 200-2005] Using work_dir /home/hoinguyen/Documents/Vitis/UpConv_HLS/upconv_block0/upconv_block0 
INFO: [HLS 200-1505] Using default flow_target 'vivado'
Resolution: For help on HLS 200-1505 see docs.xilinx.com/access/sources/dita/topic?Doc_Version=2024.2%20English&url=ug1448-hls-guidance&resourceid=200-1505.html
INFO: [HLS 200-1465] Applying ini 'syn.file=/home/hoinguyen/Documents/Vitis/UpConv_HLS/gen/upconv_core_top_ucb0.cpp' from /home/hoinguyen/Documents/Vitis/UpConv_HLS/upconv_block0/hls_config.cfg(7)
INFO: [HLS 200-10] Adding design file '/home/hoinguyen/Documents/Vitis/UpConv_HLS/gen/upconv_core_top_ucb0.cpp' to the project
INFO: [HLS 200-1465] Applying ini 'tb.file=/home/hoinguyen/Documents/Vitis/UpConv_HLS/test_ucb0.cpp' from /home/hoinguyen/Documents/Vitis/UpConv_HLS/upconv_block0/hls_config.cfg(8)
INFO: [HLS 200-10] Adding test bench file '/home/hoinguyen/Documents/Vitis/UpConv_HLS/test_ucb0.cpp' to the project
INFO: [HLS 200-1465] Applying ini 'syn.top=upconv_core_top_ucb0' from /home/hoinguyen/Documents/Vitis/UpConv_HLS/upconv_block0/hls_config.cfg(10)
INFO: [HLS 200-1465] Applying ini 'flow_target=vivado' from /home/hoinguyen/Documents/Vitis/UpConv_HLS/upconv_block0/hls_config.cfg(4)
INFO: [HLS 200-1505] Using flow_target 'vivado'
Resolution: For help on HLS 200-1505 see docs.xilinx.com/access/sources/dita/topic?Doc_Version=2024.2%20English&url=ug1448-hls-guidance&resourceid=200-1505.html
INFO: [HLS 200-1465] Applying ini 'part=xczu7ev-ffvc1156-2-e' from /home/hoinguyen/Documents/Vitis/UpConv_HLS/upconv_block0/hls_config.cfg(1)
INFO: [HLS 200-1611] Setting target device to 'xczu7ev-ffvc1156-2-e'
INFO: [HLS 200-1465] Applying ini 'clock=300MHz' from /home/hoinguyen/Documents/Vitis/UpConv_HLS/upconv_block0/hls_config.cfg(9)
INFO: [SYN 201-201] Setting up clock 'default' with a period of 3.333ns.
INFO: [HLS 200-1465] Applying ini 'package.output.format=ip_catalog' from /home/hoinguyen/Documents/Vitis/UpConv_HLS/upconv_block0/hls_config.cfg(5)
INFO: [HLS 200-111] Finished File checks and directory preparation: CPU user time: 1.97 seconds. CPU system time: 0.18 seconds. Elapsed time: 2.05 seconds; current allocated memory: 324.879 MB.
INFO: [HLS 200-10] Analyzing design file '../gen/upconv_core_top_ucb0.cpp' ... 
WARNING: [HLS 214-113] Either use an argument of the function or declare the variable inside the dataflow loop body (../gen/Hls_Layers_UpConv.tpp:201:90)
Resolution: For help on HLS 214-113 see docs.xilinx.com/access/sources/dita/topic?Doc_Version=2024.2%20English&url=ug1448-hls-guidance&resourceid=214-113.html
WARNING: [HLS 200-471] Dataflow form checks found 1 issue(s) in file ../gen/upconv_core_top_ucb0.cpp
Resolution: For help on HLS 200-471 see docs.xilinx.com/access/sources/dita/topic?Doc_Version=2024.2%20English&url=ug1448-hls-guidance&resourceid=200-471.html
INFO: [HLS 200-111] Finished Source Code Analysis and Preprocessing: CPU user time: 11.89 seconds. CPU system time: 0.79 seconds. Elapsed time: 12.72 seconds; current allocated memory: 331.402 MB.
INFO: [HLS 200-777] Using interface defaults for 'Vivado' flow target.
INFO: [HLS 200-1995] There were 3,997 instructions in the design after the 'Compile/Link' phase of compilation. See the Design Size Report for more details: /home/hoinguyen/Documents/Vitis/UpConv_HLS/upconv_block0/upconv_block0/hls/syn/report/csynth_design_size.rpt
INFO: [HLS 200-1995] There were 9,409 instructions in the design after the 'Unroll/Inline (step 1)' phase of compilation. See the Design Size Report for more details: /home/hoinguyen/Documents/Vitis/UpConv_HLS/upconv_block0/upconv_block0/hls/syn/report/csynth_design_size.rpt
INFO: [HLS 200-1995] There were 7,805 instructions in the design after the 'Unroll/Inline (step 2)' phase of compilation. See the Design Size Report for more details: /home/hoinguyen/Documents/Vitis/UpConv_HLS/upconv_block0/upconv_block0/hls/syn/report/csynth_design_size.rpt
INFO: [HLS 200-1995] There were 7,722 instructions in the design after the 'Unroll/Inline (step 3)' phase of compilation. See the Design Size Report for more details: /home/hoinguyen/Documents/Vitis/UpConv_HLS/upconv_block0/upconv_block0/hls/syn/report/csynth_design_size.rpt
INFO: [HLS 200-1995] There were 7,641 instructions in the design after the 'Unroll/Inline (step 4)' phase of compilation. See the Design Size Report for more details: /home/hoinguyen/Documents/Vitis/UpConv_HLS/upconv_block0/upconv_block0/hls/syn/report/csynth_design_size.rpt
INFO: [HLS 200-1995] There were 14,341 instructions in the design after the 'Array/Struct (step 1)' phase of compilation. See the Design Size Report for more details: /home/hoinguyen/Documents/Vitis/UpConv_HLS/upconv_block0/upconv_block0/hls/syn/report/csynth_design_size.rpt
INFO: [HLS 200-1995] There were 10,104 instructions in the design after the 'Array/Struct (step 2)' phase of compilation. See the Design Size Report for more details: /home/hoinguyen/Documents/Vitis/UpConv_HLS/upconv_block0/upconv_block0/hls/syn/report/csynth_design_size.rpt
INFO: [HLS 200-1995] There were 10,104 instructions in the design after the 'Array/Struct (step 3)' phase of compilation. See the Design Size Report for more details: /home/hoinguyen/Documents/Vitis/UpConv_HLS/upconv_block0/upconv_block0/hls/syn/report/csynth_design_size.rpt
INFO: [HLS 200-1995] There were 10,100 instructions in the design after the 'Array/Struct (step 4)' phase of compilation. See the Design Size Report for more details: /home/hoinguyen/Documents/Vitis/UpConv_HLS/upconv_block0/upconv_block0/hls/syn/report/csynth_design_size.rpt
INFO: [HLS 200-1995] There were 10,133 instructions in the design after the 'Array/Struct (step 5)' phase of compilation. See the Design Size Report for more details: /home/hoinguyen/Documents/Vitis/UpConv_HLS/upconv_block0/upconv_block0/hls/syn/report/csynth_design_size.rpt
INFO: [HLS 200-1995] There were 10,077 instructions in the design after the 'Performance (step 1)' phase of compilation. See the Design Size Report for more details: /home/hoinguyen/Documents/Vitis/UpConv_HLS/upconv_block0/upconv_block0/hls/syn/report/csynth_design_size.rpt
INFO: [HLS 200-1995] There were 10,077 instructions in the design after the 'Performance (step 2)' phase of compilation. See the Design Size Report for more details: /home/hoinguyen/Documents/Vitis/UpConv_HLS/upconv_block0/upconv_block0/hls/syn/report/csynth_design_size.rpt
INFO: [HLS 200-1995] There were 10,073 instructions in the design after the 'Performance (step 3)' phase of compilation. See the Design Size Report for more details: /home/hoinguyen/Documents/Vitis/UpConv_HLS/upconv_block0/upconv_block0/hls/syn/report/csynth_design_size.rpt
INFO: [HLS 200-1995] There were 10,073 instructions in the design after the 'Performance (step 4)' phase of compilation. See the Design Size Report for more details: /home/hoinguyen/Documents/Vitis/UpConv_HLS/upconv_block0/upconv_block0/hls/syn/report/csynth_design_size.rpt
INFO: [HLS 200-1995] There were 10,143 instructions in the design after the 'HW Transforms (step 1)' phase of compilation. See the Design Size Report for more details: /home/hoinguyen/Documents/Vitis/UpConv_HLS/upconv_block0/upconv_block0/hls/syn/report/csynth_design_size.rpt
INFO: [HLS 200-1995] There were 9,604 instructions in the design after the 'HW Transforms (step 2)' phase of compilation. See the Design Size Report for more details: /home/hoinguyen/Documents/Vitis/UpConv_HLS/upconv_block0/upconv_block0/hls/syn/report/csynth_design_size.rpt
INFO: [HLS 214-131] Inlining function 'half bits_to_half<half>(ap_uint<16>)' into 'void uc_compute_tile<8, 16, 16, 60, 32, 480, 480>(ap_uint<256> (*) [(9) * (60)], ap_uint<256>*, half (*) [480], int, int)' (../gen/Hls_Layers_UpConv.tpp:122:37)
INFO: [HLS 214-131] Inlining function 'ap_uint<16> half_to_bits<half>(half)' into 'void UpConv_Fused_Row<8, 16, 16, 960, 480>(ap_uint<256>*, ap_uint<256> const*, ap_uint<256> const*, ap_uint<256> const*, ap_uint<256> const*, ap_uint<256>*, half, int)' (../gen/Hls_Layers_UpConv.tpp:271:45)
INFO: [HLS 214-131] Inlining function 'half bits_to_half<half>(ap_uint<16>)' into 'void UpConv_Fused_Row<8, 16, 16, 960, 480>(ap_uint<256>*, ap_uint<256> const*, ap_uint<256> const*, ap_uint<256> const*, ap_uint<256> const*, ap_uint<256>*, half, int)' (../gen/Hls_Layers_UpConv.tpp:268:25)
INFO: [HLS 214-131] Inlining function 'my_sqrt_f(float)' into 'void UpConv_Fused_Row<8, 16, 16, 960, 480>(ap_uint<256>*, ap_uint<256> const*, ap_uint<256> const*, ap_uint<256> const*, ap_uint<256> const*, ap_uint<256>*, half, int)' (../gen/Hls_Layers_UpConv.tpp:250:43)
INFO: [HLS 214-131] Inlining function 'void UpConv_Fused_Top<8, 16, 16, 960, 480>(ap_uint<256>*, ap_uint<256> const*, ap_uint<256> const*, ap_uint<256> const*, ap_uint<256> const*, ap_uint<256> const*, ap_uint<256>*, half)' into 'upconv_core_top_ucb0' (../gen/upconv_core_top_ucb0.cpp:40:2)
INFO: [HLS 214-291] Loop 'VITIS_LOOP_263_3' is marked as complete unroll implied by the pipeline pragma (../gen/Hls_Layers_UpConv.tpp:263:27)
INFO: [HLS 214-291] Loop 'VITIS_LOOP_242_2' is marked as complete unroll implied by the pipeline pragma (../gen/Hls_Layers_UpConv.tpp:242:31)
INFO: [HLS 214-291] Loop 'VITIS_LOOP_187_1' is marked as complete unroll implied by the pipeline pragma (../gen/Hls_Layers_UpConv.tpp:187:20)
INFO: [HLS 214-291] Loop 'TC_MAC' is marked as complete unroll implied by the pipeline pragma (../gen/Hls_Layers_UpConv.tpp:115:25)
INFO: [HLS 214-291] Loop 'VITIS_LOOP_119_1' is marked as complete unroll implied by the pipeline pragma (../gen/Hls_Layers_UpConv.tpp:119:39)
INFO: [HLS 214-291] Loop 'ACC_WRITE' is marked as complete unroll implied by the pipeline pragma (../gen/Hls_Layers_UpConv.tpp:135:36)
INFO: [HLS 214-186] Unrolling loop 'VITIS_LOOP_263_3' (../gen/Hls_Layers_UpConv.tpp:263:27) in function 'UpConv_Fused_Row<8, 16, 16, 960, 480>' completely with a factor of 16 (../gen/Hls_Layers_UpConv.tpp:162:0)
INFO: [HLS 214-186] Unrolling loop 'VITIS_LOOP_242_2' (../gen/Hls_Layers_UpConv.tpp:242:31) in function 'UpConv_Fused_Row<8, 16, 16, 960, 480>' completely with a factor of 8 (../gen/Hls_Layers_UpConv.tpp:162:0)
INFO: [HLS 214-186] Unrolling loop 'VITIS_LOOP_187_1' (../gen/Hls_Layers_UpConv.tpp:187:20) in function 'UpConv_Fused_Row<8, 16, 16, 960, 480>' completely with a factor of 16 (../gen/Hls_Layers_UpConv.tpp:162:0)
INFO: [HLS 214-186] Unrolling loop 'TC_MAC' (../gen/Hls_Layers_UpConv.tpp:115:25) in function 'uc_compute_tile<8, 16, 16, 60, 32, 480, 480>' completely with a factor of 8 (../gen/Hls_Layers_UpConv.tpp:87:0)
INFO: [HLS 214-186] Unrolling loop 'VITIS_LOOP_119_1' (../gen/Hls_Layers_UpConv.tpp:119:39) in function 'uc_compute_tile<8, 16, 16, 60, 32, 480, 480>' completely with a factor of 16 (../gen/Hls_Layers_UpConv.tpp:87:0)
INFO: [HLS 214-186] Unrolling loop 'ACC_WRITE' (../gen/Hls_Layers_UpConv.tpp:135:36) in function 'uc_compute_tile<8, 16, 16, 60, 32, 480, 480>' completely with a factor of 8 (../gen/Hls_Layers_UpConv.tpp:87:0)
INFO: [HLS 214-178] Inlining function 'hls::sqrtf(float)' into 'void UpConv_Fused_Row<8, 16, 16, 960, 480>(ap_uint<256>*, ap_uint<256> const*, ap_uint<256> const*, ap_uint<256> const*, ap_uint<256> const*, ap_uint<256>*, half, int)' (../gen/Hls_Layers_UpConv.tpp:162:0)
INFO: [HLS 214-248] Applying array_partition to '_ZZ16UpConv_Fused_RowILi8ELi16ELi16ELi960ELi480EEvP7ap_uintILi256EEPKS1_S4_S4_S4_S2_DhiE7row_acc': Cyclic partitioning with factor 16 on dimension 2. (../gen/Hls_Layers_UpConv.tpp:175:0)
INFO: [HLS 214-248] Applying array_partition to 'psum': Complete partitioning on dimension 1. Complete partitioning on dimension 2. (../gen/Hls_Layers_UpConv.tpp:104:20)
INFO: [HLS 214-248] Applying array_partition to 'wbuf': Complete partitioning on dimension 1. (../gen/Hls_Layers_UpConv.tpp:197:13)
INFO: [HLS 214-248] Applying array_partition to 'sum_rot': Complete partitioning on dimension 1. (../gen/Hls_Layers_UpConv.tpp:222:8)
INFO: [HLS 214-248] Applying array_partition to 'sumsq_rot': Complete partitioning on dimension 1. (../gen/Hls_Layers_UpConv.tpp:222:20)
INFO: [HLS 214-437] Automatically disabling loop flattening for loop 'ROW_LOOP'. (../gen/Hls_Layers_UpConv.tpp:305:15)
INFO: [HLS 214-115] Multiple burst reads of length 540 and bit width 256 in loop 'W_FLAT'(../gen/Hls_Layers_UpConv.tpp:75:21) has been inferred on bundle 'gmem_weight'. These burst requests might be further partitioned into multiple requests during RTL generation, based on max_read_burst_length or max_write_burst_length settings. (../gen/Hls_Layers_UpConv.tpp:75:21)
INFO: [HLS 214-115] Multiple burst reads of length 960 and bit width 256 in loop 'LOAD_ROW0'(../gen/Hls_Layers_UpConv.tpp:296:16) has been inferred on bundle 'gmem_in'. These burst requests might be further partitioned into multiple requests during RTL generation, based on max_read_burst_length or max_write_burst_length settings. (../gen/Hls_Layers_UpConv.tpp:296:16)
INFO: [HLS 200-111] Finished Compiling Optimization and Transform: CPU user time: 3.63 seconds. CPU system time: 0.31 seconds. Elapsed time: 7.02 seconds; current allocated memory: 332.707 MB.
INFO: [HLS 200-111] Finished Checking Pragmas: CPU user time: 0 seconds. CPU system time: 0 seconds. Elapsed time: 0 seconds; current allocated memory: 332.707 MB.
INFO: [HLS 200-10] Starting code transformations ...
INFO: [HLS 200-111] Finished Standard Transforms: CPU user time: 0.12 seconds. CPU system time: 0.01 seconds. Elapsed time: 0.12 seconds; current allocated memory: 335.219 MB.
INFO: [HLS 200-10] Checking synthesizability ...
WARNING: [SYNCHK 200-23] ../gen/Hls_Layers_UpConv.tpp:233: variable-indexed range selection may cause suboptimal QoR.
INFO: [SYNCHK 200-10] 0 error(s), 1 warning(s).
INFO: [HLS 200-111] Finished Checking Synthesizability: CPU user time: 0.12 seconds. CPU system time: 0 seconds. Elapsed time: 0.13 seconds; current allocated memory: 338.102 MB.
WARNING: [XFORM 203-561] Updating loop lower bound from 0 to 3 for loop 'KH_LOOP' (../gen/Hls_Layers_UpConv.tpp:91:23) in function 'uc_compute_tile<8, 16, 16, 60, 32, 480, 480>'.
INFO: [XFORM 203-712] Applying dataflow to function 'dataflow_in_loop_TILE_LOOP.1' (../gen/Hls_Layers_UpConv.tpp:197:9), detected/extracted 3 process function(s): 
	 'entry_proc'
	 'uc_load_tile<8, 480, 60>'
	 'uc_compute_tile<8, 16, 16, 60, 32, 480, 480>'.
INFO: [XFORM 203-401] Performing if-conversion on hyperblock from (../gen/Hls_Layers_UpConv.tpp:108:42) in function 'uc_compute_tile<8, 16, 16, 60, 32, 480, 480>'... converting 3 basic blocks.
INFO: [XFORM 203-401] Performing if-conversion on hyperblock from (../gen/Hls_Layers_UpConv.tpp:258:35) to (../gen/Hls_Layers_UpConv.tpp:258:17) in function 'UpConv_Fused_Row<8, 16, 16, 960, 480>'... converting 33 basic blocks.
INFO: [XFORM 203-11] Balancing expressions in function 'upconv_core_top_ucb0' (../gen/Hls_Layers_UpConv.tpp:10:31)...3 expression(s) balanced.
INFO: [HLS 200-111] Finished Loop, function and other optimizations: CPU user time: 0.54 seconds. CPU system time: 0 seconds. Elapsed time: 0.54 seconds; current allocated memory: 365.297 MB.
INFO: [HLS 200-2061] Successfully converted nested loops 'LOAD_ROW0'(../gen/Hls_Layers_UpConv.tpp:296:16) and 'VITIS_LOOP_297_1'(../gen/Hls_Layers_UpConv.tpp:297:27) in function 'upconv_core_top_ucb0' into perfectly nested loops.
INFO: [HLS 200-2061] Successfully converted nested loops 'LOAD_ROW'(../gen/Hls_Layers_UpConv.tpp:307:19) and 'VITIS_LOOP_308_2'(../gen/Hls_Layers_UpConv.tpp:308:31) in function 'upconv_core_top_ucb0' into perfectly nested loops.
INFO: [HLS 200-2061] Successfully converted nested loops 'PRELOAD_W'(../gen/Hls_Layers_UpConv.tpp:71:16) and 'W_FLAT'(../gen/Hls_Layers_UpConv.tpp:75:21) in function 'uc_load_tile<8, 480, 60>' into perfectly nested loops.
INFO: [HLS 200-2061] Successfully converted nested loops 'KW_LOOP'(../gen/Hls_Layers_UpConv.tpp:98:18) and 'FLAT_LOOP'(../gen/Hls_Layers_UpConv.tpp:108:24) in function 'uc_compute_tile<8, 16, 16, 60, 32, 480, 480>' into perfectly nested loops.
INFO: [XFORM 203-541] Flattening a loop nest 'LOAD_ROW0' (../gen/Hls_Layers_UpConv.tpp:296:16) in function 'upconv_core_top_ucb0'.
INFO: [XFORM 203-541] Flattening a loop nest 'LOAD_ROW' (../gen/Hls_Layers_UpConv.tpp:307:19) in function 'upconv_core_top_ucb0'.
INFO: [XFORM 203-541] Flattening a loop nest 'PRELOAD_W' (../gen/Hls_Layers_UpConv.tpp:71:16) in function 'uc_load_tile<8, 480, 60>'.
INFO: [XFORM 203-541] Flattening a loop nest 'KW_LOOP' (../gen/Hls_Layers_UpConv.tpp:98:18) in function 'uc_compute_tile<8, 16, 16, 60, 32, 480, 480>'.
WARNING: [HLS 200-1946] Dependence pragma (../gen/Hls_Layers_UpConv.tpp:110:9) in loop 'FLAT_LOOP' may become invalid because the loop was flattened with the outer loop 'KW_LOOP'.
WARNING: [HLS 200-1946] Dependence pragma (../gen/Hls_Layers_UpConv.tpp:110:9) in loop 'FLAT_LOOP' may become invalid because the loop was flattened with the outer loop 'KW_LOOP'.
WARNING: [HLS 200-1946] Dependence pragma (../gen/Hls_Layers_UpConv.tpp:110:9) in loop 'FLAT_LOOP' may become invalid because the loop was flattened with the outer loop 'KW_LOOP'.
WARNING: [HLS 200-1946] Dependence pragma (../gen/Hls_Layers_UpConv.tpp:110:9) in loop 'FLAT_LOOP' may become invalid because the loop was flattened with the outer loop 'KW_LOOP'.
WARNING: [HLS 200-1946] Dependence pragma (../gen/Hls_Layers_UpConv.tpp:110:9) in loop 'FLAT_LOOP' may become invalid because the loop was flattened with the outer loop 'KW_LOOP'.
WARNING: [HLS 200-1946] Dependence pragma (../gen/Hls_Layers_UpConv.tpp:110:9) in loop 'FLAT_LOOP' may become invalid because the loop was flattened with the outer loop 'KW_LOOP'.
WARNING: [HLS 200-1946] Dependence pragma (../gen/Hls_Layers_UpConv.tpp:110:9) in loop 'FLAT_LOOP' may become invalid because the loop was flattened with the outer loop 'KW_LOOP'.
WARNING: [HLS 200-1946] Dependence pragma (../gen/Hls_Layers_UpConv.tpp:110:9) in loop 'FLAT_LOOP' may become invalid because the loop was flattened with the outer loop 'KW_LOOP'.
WARNING: [HLS 200-1946] Dependence pragma (../gen/Hls_Layers_UpConv.tpp:110:9) in loop 'FLAT_LOOP' may become invalid because the loop was flattened with the outer loop 'KW_LOOP'.
WARNING: [HLS 200-1946] Dependence pragma (../gen/Hls_Layers_UpConv.tpp:110:9) in loop 'FLAT_LOOP' may become invalid because the loop was flattened with the outer loop 'KW_LOOP'.
WARNING: [HLS 200-1946] Dependence pragma (../gen/Hls_Layers_UpConv.tpp:110:9) in loop 'FLAT_LOOP' may become invalid because the loop was flattened with the outer loop 'KW_LOOP'.
WARNING: [HLS 200-1946] Dependence pragma (../gen/Hls_Layers_UpConv.tpp:110:9) in loop 'FLAT_LOOP' may become invalid because the loop was flattened with the outer loop 'KW_LOOP'.
WARNING: [HLS 200-1946] Dependence pragma (../gen/Hls_Layers_UpConv.tpp:110:9) in loop 'FLAT_LOOP' may become invalid because the loop was flattened with the outer loop 'KW_LOOP'.
WARNING: [HLS 200-1946] Dependence pragma (../gen/Hls_Layers_UpConv.tpp:110:9) in loop 'FLAT_LOOP' may become invalid because the loop was flattened with the outer loop 'KW_LOOP'.
WARNING: [HLS 200-1946] Dependence pragma (../gen/Hls_Layers_UpConv.tpp:110:9) in loop 'FLAT_LOOP' may become invalid because the loop was flattened with the outer loop 'KW_LOOP'.
WARNING: [HLS 200-1946] Dependence pragma (../gen/Hls_Layers_UpConv.tpp:110:9) in loop 'FLAT_LOOP' may become invalid because the loop was flattened with the outer loop 'KW_LOOP'.
WARNING: [HLS 200-1946] Dependence pragma (../gen/Hls_Layers_UpConv.tpp:110:9) in loop 'FLAT_LOOP' may become invalid because the loop was flattened with the outer loop 'KW_LOOP'.
WARNING: [HLS 200-1946] Dependence pragma (../gen/Hls_Layers_UpConv.tpp:110:9) in loop 'FLAT_LOOP' may become invalid because the loop was flattened with the outer loop 'KW_LOOP'.
WARNING: [HLS 200-1946] Dependence pragma (../gen/Hls_Layers_UpConv.tpp:110:9) in loop 'FLAT_LOOP' may become invalid because the loop was flattened with the outer loop 'KW_LOOP'.
WARNING: [HLS 200-1946] Dependence pragma (../gen/Hls_Layers_UpConv.tpp:110:9) in loop 'FLAT_LOOP' may become invalid because the loop was flattened with the outer loop 'KW_LOOP'.
WARNING: [HLS 200-1946] Dependence pragma (../gen/Hls_Layers_UpConv.tpp:110:9) in loop 'FLAT_LOOP' may become invalid because the loop was flattened with the outer loop 'KW_LOOP'.
WARNING: [HLS 200-1946] Dependence pragma (../gen/Hls_Layers_UpConv.tpp:110:9) in loop 'FLAT_LOOP' may become invalid because the loop was flattened with the outer loop 'KW_LOOP'.
WARNING: [HLS 200-1946] Dependence pragma (../gen/Hls_Layers_UpConv.tpp:110:9) in loop 'FLAT_LOOP' may become invalid because the loop was flattened with the outer loop 'KW_LOOP'.
WARNING: [HLS 200-1946] Dependence pragma (../gen/Hls_Layers_UpConv.tpp:110:9) in loop 'FLAT_LOOP' may become invalid because the loop was flattened with the outer loop 'KW_LOOP'.
WARNING: [HLS 200-1946] Dependence pragma (../gen/Hls_Layers_UpConv.tpp:110:9) in loop 'FLAT_LOOP' may become invalid because the loop was flattened with the outer loop 'KW_LOOP'.
WARNING: [HLS 200-1946] Dependence pragma (../gen/Hls_Layers_UpConv.tpp:110:9) in loop 'FLAT_LOOP' may become invalid because the loop was flattened with the outer loop 'KW_LOOP'.
WARNING: [HLS 200-1946] Dependence pragma (../gen/Hls_Layers_UpConv.tpp:110:9) in loop 'FLAT_LOOP' may become invalid because the loop was flattened with the outer loop 'KW_LOOP'.
WARNING: [HLS 200-1946] Dependence pragma (../gen/Hls_Layers_UpConv.tpp:110:9) in loop 'FLAT_LOOP' may become invalid because the loop was flattened with the outer loop 'KW_LOOP'.
WARNING: [HLS 200-1946] Dependence pragma (../gen/Hls_Layers_UpConv.tpp:110:9) in loop 'FLAT_LOOP' may become invalid because the loop was flattened with the outer loop 'KW_LOOP'.
WARNING: [HLS 200-1946] Dependence pragma (../gen/Hls_Layers_UpConv.tpp:110:9) in loop 'FLAT_LOOP' may become invalid because the loop was flattened with the outer loop 'KW_LOOP'.
WARNING: [HLS 200-1946] Dependence pragma (../gen/Hls_Layers_UpConv.tpp:110:9) in loop 'FLAT_LOOP' may become invalid because the loop was flattened with the outer loop 'KW_LOOP'.
WARNING: [HLS 200-1946] Dependence pragma (../gen/Hls_Layers_UpConv.tpp:110:9) in loop 'FLAT_LOOP' may become invalid because the loop was flattened with the outer loop 'KW_LOOP'.
WARNING: [HLS 200-1946] Dependence pragma (../gen/Hls_Layers_UpConv.tpp:111:9) in loop 'FLAT_LOOP' may become invalid because the loop was flattened with the outer loop 'KW_LOOP'.
WARNING: [HLS 200-1946] Dependence pragma (../gen/Hls_Layers_UpConv.tpp:111:9) in loop 'FLAT_LOOP' may become invalid because the loop was flattened with the outer loop 'KW_LOOP'.
WARNING: [HLS 200-1946] Dependence pragma (../gen/Hls_Layers_UpConv.tpp:111:9) in loop 'FLAT_LOOP' may become invalid because the loop was flattened with the outer loop 'KW_LOOP'.
WARNING: [HLS 200-1946] Dependence pragma (../gen/Hls_Layers_UpConv.tpp:111:9) in loop 'FLAT_LOOP' may become invalid because the loop was flattened with the outer loop 'KW_LOOP'.
WARNING: [HLS 200-1946] Dependence pragma (../gen/Hls_Layers_UpConv.tpp:111:9) in loop 'FLAT_LOOP' may become invalid because the loop was flattened with the outer loop 'KW_LOOP'.
WARNING: [HLS 200-1946] Dependence pragma (../gen/Hls_Layers_UpConv.tpp:111:9) in loop 'FLAT_LOOP' may become invalid because the loop was flattened with the outer loop 'KW_LOOP'.
WARNING: [HLS 200-1946] Dependence pragma (../gen/Hls_Layers_UpConv.tpp:111:9) in loop 'FLAT_LOOP' may become invalid because the loop was flattened with the outer loop 'KW_LOOP'.
WARNING: [HLS 200-1946] Dependence pragma (../gen/Hls_Layers_UpConv.tpp:111:9) in loop 'FLAT_LOOP' may become invalid because the loop was flattened with the outer loop 'KW_LOOP'.
WARNING: [HLS 200-1946] Dependence pragma (../gen/Hls_Layers_UpConv.tpp:111:9) in loop 'FLAT_LOOP' may become invalid because the loop was flattened with the outer loop 'KW_LOOP'.
WARNING: [HLS 200-1946] Dependence pragma (../gen/Hls_Layers_UpConv.tpp:111:9) in loop 'FLAT_LOOP' may become invalid because the loop was flattened with the outer loop 'KW_LOOP'.
WARNING: [HLS 200-1946] Dependence pragma (../gen/Hls_Layers_UpConv.tpp:111:9) in loop 'FLAT_LOOP' may become invalid because the loop was flattened with the outer loop 'KW_LOOP'.
WARNING: [HLS 200-1946] Dependence pragma (../gen/Hls_Layers_UpConv.tpp:111:9) in loop 'FLAT_LOOP' may become invalid because the loop was flattened with the outer loop 'KW_LOOP'.
WARNING: [HLS 200-1946] Dependence pragma (../gen/Hls_Layers_UpConv.tpp:111:9) in loop 'FLAT_LOOP' may become invalid because the loop was flattened with the outer loop 'KW_LOOP'.
WARNING: [HLS 200-1946] Dependence pragma (../gen/Hls_Layers_UpConv.tpp:111:9) in loop 'FLAT_LOOP' may become invalid because the loop was flattened with the outer loop 'KW_LOOP'.
WARNING: [HLS 200-1946] Dependence pragma (../gen/Hls_Layers_UpConv.tpp:111:9) in loop 'FLAT_LOOP' may become invalid because the loop was flattened with the outer loop 'KW_LOOP'.
WARNING: [HLS 200-1946] Dependence pragma (../gen/Hls_Layers_UpConv.tpp:111:9) in loop 'FLAT_LOOP' may become invalid because the loop was flattened with the outer loop 'KW_LOOP'.
WARNING: [HLS 200-960] Cannot flatten loop 'KH_LOOP' (../gen/Hls_Layers_UpConv.tpp:91:14) in function 'uc_compute_tile<8, 16, 16, 60, 32, 480, 480>' the outer loop is not a perfect loop because there is nontrivial logic before entering the inner loop.
Resolution: For help on HLS 200-960 see docs.xilinx.com/access/sources/dita/topic?Doc_Version=2024.2%20English&url=ug1448-hls-guidance&resourceid=200-960.html
WARNING: [ANALYSIS 214-52] Found false inter dependency for variable 'psum.31' (../gen/Hls_Layers_UpConv.tpp:104).
WARNING: [ANALYSIS 214-52] Found false inter dependency for variable 'psum.30' (../gen/Hls_Layers_UpConv.tpp:104).
WARNING: [ANALYSIS 214-52] Found false inter dependency for variable 'psum.29' (../gen/Hls_Layers_UpConv.tpp:104).
WARNING: [ANALYSIS 214-52] Found false inter dependency for variable 'psum.28' (../gen/Hls_Layers_UpConv.tpp:104).
WARNING: [ANALYSIS 214-52] Found false inter dependency for variable 'psum.27' (../gen/Hls_Layers_UpConv.tpp:104).
WARNING: [ANALYSIS 214-52] Found false inter dependency for variable 'psum.26' (../gen/Hls_Layers_UpConv.tpp:104).
WARNING: [ANALYSIS 214-52] Found false inter dependency for variable 'psum.25' (../gen/Hls_Layers_UpConv.tpp:104).
WARNING: [ANALYSIS 214-52] Found false inter dependency for variable 'psum.24' (../gen/Hls_Layers_UpConv.tpp:104).
WARNING: [ANALYSIS 214-52] Found false inter dependency for variable 'psum.23' (../gen/Hls_Layers_UpConv.tpp:104).
WARNING: [ANALYSIS 214-52] Found false inter dependency for variable 'psum.22' (../gen/Hls_Layers_UpConv.tpp:104).
WARNING: [ANALYSIS 214-52] Found false inter dependency for variable 'psum.21' (../gen/Hls_Layers_UpConv.tpp:104).
WARNING: [ANALYSIS 214-52] Found false inter dependency for variable 'psum.20' (../gen/Hls_Layers_UpConv.tpp:104).
WARNING: [ANALYSIS 214-52] Found false inter dependency for variable 'psum.19' (../gen/Hls_Layers_UpConv.tpp:104).
WARNING: [ANALYSIS 214-52] Found false inter dependency for variable 'psum.18' (../gen/Hls_Layers_UpConv.tpp:104).
WARNING: [ANALYSIS 214-52] Found false inter dependency for variable 'psum.17' (../gen/Hls_Layers_UpConv.tpp:104).
WARNING: [ANALYSIS 214-52] Found false inter dependency for variable 'psum.16' (../gen/Hls_Layers_UpConv.tpp:104).
WARNING: [ANALYSIS 214-52] Found false inter dependency for variable 'psum.15' (../gen/Hls_Layers_UpConv.tpp:104).
WARNING: [ANALYSIS 214-52] Found false inter dependency for variable 'psum.14' (../gen/Hls_Layers_UpConv.tpp:104).
WARNING: [ANALYSIS 214-52] Found false inter dependency for variable 'psum.13' (../gen/Hls_Layers_UpConv.tpp:104).
WARNING: [ANALYSIS 214-52] Found false inter dependency for variable 'psum.12' (../gen/Hls_Layers_UpConv.tpp:104).
WARNING: [ANALYSIS 214-52] Found false inter dependency for variable 'psum.11' (../gen/Hls_Layers_UpConv.tpp:104).
WARNING: [ANALYSIS 214-52] Found false inter dependency for variable 'psum.10' (../gen/Hls_Layers_UpConv.tpp:104).
WARNING: [ANALYSIS 214-52] Found false inter dependency for variable 'psum.9' (../gen/Hls_Layers_UpConv.tpp:104).
WARNING: [ANALYSIS 214-52] Found false inter dependency for variable 'psum.8' (../gen/Hls_Layers_UpConv.tpp:104).
WARNING: [ANALYSIS 214-52] Found false inter dependency for variable 'psum.7' (../gen/Hls_Layers_UpConv.tpp:104).
WARNING: [ANALYSIS 214-52] Found false inter dependency for variable 'psum.6' (../gen/Hls_Layers_UpConv.tpp:104).
WARNING: [ANALYSIS 214-52] Found false inter dependency for variable 'psum.5' (../gen/Hls_Layers_UpConv.tpp:104).
WARNING: [ANALYSIS 214-52] Found false inter dependency for variable 'psum.4' (../gen/Hls_Layers_UpConv.tpp:104).
WARNING: [ANALYSIS 214-52] Found false inter dependency for variable 'psum.3' (../gen/Hls_Layers_UpConv.tpp:104).
WARNING: [ANALYSIS 214-52] Found false inter dependency for variable 'psum.2' (../gen/Hls_Layers_UpConv.tpp:104).
WARNING: [ANALYSIS 214-52] Found false inter dependency for variable 'psum.1' (../gen/Hls_Layers_UpConv.tpp:104).
WARNING: [ANALYSIS 214-52] Found false inter dependency for variable 'psum' (../gen/Hls_Layers_UpConv.tpp:104).
WARNING: [ANALYSIS 214-52] Found false inter dependency for variable '_ZZ16UpConv_Fused_RowILi8ELi16ELi16ELi960ELi480EEvP7ap_uintILi256EEPKS1_S4_S4_S4'.
WARNING: [ANALYSIS 214-52] Found false inter dependency for variable '_ZZ16UpConv_Fused_RowILi8ELi16ELi16ELi960ELi480EEvP7ap_uintILi256EEPKS1_S4_S4_S4.1'.
WARNING: [ANALYSIS 214-52] Found false inter dependency for variable '_ZZ16UpConv_Fused_RowILi8ELi16ELi16ELi960ELi480EEvP7ap_uintILi256EEPKS1_S4_S4_S4.2'.
WARNING: [ANALYSIS 214-52] Found false inter dependency for variable '_ZZ16UpConv_Fused_RowILi8ELi16ELi16ELi960ELi480EEvP7ap_uintILi256EEPKS1_S4_S4_S4.3'.
WARNING: [ANALYSIS 214-52] Found false inter dependency for variable '_ZZ16UpConv_Fused_RowILi8ELi16ELi16ELi960ELi480EEvP7ap_uintILi256EEPKS1_S4_S4_S4.4'.
WARNING: [ANALYSIS 214-52] Found false inter dependency for variable '_ZZ16UpConv_Fused_RowILi8ELi16ELi16ELi960ELi480EEvP7ap_uintILi256EEPKS1_S4_S4_S4.5'.
WARNING: [ANALYSIS 214-52] Found false inter dependency for variable 'void UpConv_Fused_Row(ap_uint*,ap_uint const*,ap_uint const*,ap_uint const*,ap_u'.
WARNING: [ANALYSIS 214-52] Found false inter dependency for variable 'void UpConv_Fused_Row(ap_uint*,ap_uint const*,ap_uint const*,ap_uint const*,ap_u.1'.
WARNING: [ANALYSIS 214-52] Found false inter dependency for variable 'void UpConv_Fused_Row(ap_uint*,ap_uint const*,ap_uint const*,ap_uint const*,ap_u.2'.
WARNING: [ANALYSIS 214-52] Found false inter dependency for variable 'void UpConv_Fused_Row(ap_uint*,ap_uint const*,ap_uint const*,ap_uint const*,ap_u.3'.
WARNING: [ANALYSIS 214-52] Found false inter dependency for variable 'void UpConv_Fused_Row(ap_uint*,ap_uint const*,ap_uint const*,ap_uint const*,ap_u.4'.
WARNING: [ANALYSIS 214-52] Found false inter dependency for variable 'void UpConv_Fused_Row(ap_uint*,ap_uint const*,ap_uint const*,ap_uint const*,ap_u.5'.
WARNING: [ANALYSIS 214-52] Found false inter dependency for variable 'void UpConv_Fused_Row(ap_uint*,ap_uint const*,ap_uint const*,ap_uint const*,ap_u.6'.
WARNING: [ANALYSIS 214-52] Found false inter dependency for variable 'void UpConv_Fused_Row(ap_uint*,ap_uint const*,ap_uint const*,ap_uint const*,ap_u.7'.
WARNING: [ANALYSIS 214-52] Found false inter dependency for variable 'void UpConv_Fused_Row(ap_uint*,ap_uint const*,ap_uint const*,ap_uint const*,ap_u.8'.
WARNING: [ANALYSIS 214-52] Found false inter dependency for variable 'void UpConv_Fused_Row(ap_uint*,ap_uint const*,ap_uint const*,ap_uint const*,ap_u.9'.
WARNING: [ANALYSIS 214-52] Found false inter dependency for variable 'sum_rot.7' (../gen/Hls_Layers_UpConv.tpp:222).
WARNING: [ANALYSIS 214-52] Found false inter dependency for variable 'sum_rot.6' (../gen/Hls_Layers_UpConv.tpp:222).
WARNING: [ANALYSIS 214-52] Found false inter dependency for variable 'sum_rot.5' (../gen/Hls_Layers_UpConv.tpp:222).
WARNING: [ANALYSIS 214-52] Found false inter dependency for variable 'sum_rot.4' (../gen/Hls_Layers_UpConv.tpp:222).
WARNING: [ANALYSIS 214-52] Found false inter dependency for variable 'sum_rot.3' (../gen/Hls_Layers_UpConv.tpp:222).
WARNING: [ANALYSIS 214-52] Found false inter dependency for variable 'sum_rot.2' (../gen/Hls_Layers_UpConv.tpp:222).
WARNING: [ANALYSIS 214-52] Found false inter dependency for variable 'sum_rot.1' (../gen/Hls_Layers_UpConv.tpp:222).
WARNING: [ANALYSIS 214-52] Found false inter dependency for variable 'sum_rot' (../gen/Hls_Layers_UpConv.tpp:222).
WARNING: [ANALYSIS 214-52] Found false inter dependency for variable 'sumsq_rot.7' (../gen/Hls_Layers_UpConv.tpp:222).
WARNING: [ANALYSIS 214-52] Found false inter dependency for variable 'sumsq_rot.6' (../gen/Hls_Layers_UpConv.tpp:222).
WARNING: [ANALYSIS 214-52] Found false inter dependency for variable 'sumsq_rot.5' (../gen/Hls_Layers_UpConv.tpp:222).
WARNING: [ANALYSIS 214-52] Found false inter dependency for variable 'sumsq_rot.4' (../gen/Hls_Layers_UpConv.tpp:222).
WARNING: [ANALYSIS 214-52] Found false inter dependency for variable 'sumsq_rot.3' (../gen/Hls_Layers_UpConv.tpp:222).
WARNING: [ANALYSIS 214-52] Found false inter dependency for variable 'sumsq_rot.2' (../gen/Hls_Layers_UpConv.tpp:222).
WARNING: [ANALYSIS 214-52] Found false inter dependency for variable 'sumsq_rot.1' (../gen/Hls_Layers_UpConv.tpp:222).
WARNING: [ANALYSIS 214-52] Found false inter dependency for variable 'sumsq_rot' (../gen/Hls_Layers_UpConv.tpp:222).
WARNING: [ANALYSIS 214-52] Found false inter dependency for variable '_ZZ16UpConv_Fused_RowILi8ELi16ELi16ELi960ELi480EEvP7ap_uintILi256EEPKS1_S4_S4_S4'.
WARNING: [ANALYSIS 214-52] Found false inter dependency for variable '_ZZ16UpConv_Fused_RowILi8ELi16ELi16ELi960ELi480EEvP7ap_uintILi256EEPKS1_S4_S4_S4.1'.
WARNING: [ANALYSIS 214-52] Found false inter dependency for variable '_ZZ16UpConv_Fused_RowILi8ELi16ELi16ELi960ELi480EEvP7ap_uintILi256EEPKS1_S4_S4_S4.2'.
WARNING: [ANALYSIS 214-52] Found false inter dependency for variable '_ZZ16UpConv_Fused_RowILi8ELi16ELi16ELi960ELi480EEvP7ap_uintILi256EEPKS1_S4_S4_S4.3'.
WARNING: [ANALYSIS 214-52] Found false inter dependency for variable '_ZZ16UpConv_Fused_RowILi8ELi16ELi16ELi960ELi480EEvP7ap_uintILi256EEPKS1_S4_S4_S4.4'.
WARNING: [ANALYSIS 214-52] Found false inter dependency for variable '_ZZ16UpConv_Fused_RowILi8ELi16ELi16ELi960ELi480EEvP7ap_uintILi256EEPKS1_S4_S4_S4.5'.
WARNING: [ANALYSIS 214-52] Found false inter dependency for variable 'void UpConv_Fused_Row(ap_uint*,ap_uint const*,ap_uint const*,ap_uint const*,ap_u'.
WARNING: [ANALYSIS 214-52] Found false inter dependency for variable 'void UpConv_Fused_Row(ap_uint*,ap_uint const*,ap_uint const*,ap_uint const*,ap_u.1'.
WARNING: [ANALYSIS 214-52] Found false inter dependency for variable 'void UpConv_Fused_Row(ap_uint*,ap_uint const*,ap_uint const*,ap_uint const*,ap_u.2'.
WARNING: [ANALYSIS 214-52] Found false inter dependency for variable 'void UpConv_Fused_Row(ap_uint*,ap_uint const*,ap_uint const*,ap_uint const*,ap_u.3'.
WARNING: [ANALYSIS 214-52] Found false inter dependency for variable 'void UpConv_Fused_Row(ap_uint*,ap_uint const*,ap_uint const*,ap_uint const*,ap_u.4'.
WARNING: [ANALYSIS 214-52] Found false inter dependency for variable 'void UpConv_Fused_Row(ap_uint*,ap_uint const*,ap_uint const*,ap_uint const*,ap_u.5'.
WARNING: [ANALYSIS 214-52] Found false inter dependency for variable 'void UpConv_Fused_Row(ap_uint*,ap_uint const*,ap_uint const*,ap_uint const*,ap_u.6'.
WARNING: [ANALYSIS 214-52] Found false inter dependency for variable 'void UpConv_Fused_Row(ap_uint*,ap_uint const*,ap_uint const*,ap_uint const*,ap_u.7'.
WARNING: [ANALYSIS 214-52] Found false inter dependency for variable 'void UpConv_Fused_Row(ap_uint*,ap_uint const*,ap_uint const*,ap_uint const*,ap_u.8'.
WARNING: [ANALYSIS 214-52] Found false inter dependency for variable 'void UpConv_Fused_Row(ap_uint*,ap_uint const*,ap_uint const*,ap_uint const*,ap_u.9'.
WARNING: [ANALYSIS 214-52] Found false inter dependency for variable 'sum_rot.7' (../gen/Hls_Layers_UpConv.tpp:222).
WARNING: [ANALYSIS 214-52] Found false inter dependency for variable 'sum_rot.6' (../gen/Hls_Layers_UpConv.tpp:222).
WARNING: [ANALYSIS 214-52] Found false inter dependency for variable 'sum_rot.5' (../gen/Hls_Layers_UpConv.tpp:222).
WARNING: [ANALYSIS 214-52] Found false inter dependency for variable 'sum_rot.4' (../gen/Hls_Layers_UpConv.tpp:222).
WARNING: [ANALYSIS 214-52] Found false inter dependency for variable 'sum_rot.3' (../gen/Hls_Layers_UpConv.tpp:222).
WARNING: [ANALYSIS 214-52] Found false inter dependency for variable 'sum_rot.2' (../gen/Hls_Layers_UpConv.tpp:222).
WARNING: [ANALYSIS 214-52] Found false inter dependency for variable 'sum_rot.1' (../gen/Hls_Layers_UpConv.tpp:222).
WARNING: [ANALYSIS 214-52] Found false inter dependency for variable 'sum_rot' (../gen/Hls_Layers_UpConv.tpp:222).
WARNING: [ANALYSIS 214-52] Found false inter dependency for variable 'sumsq_rot.7' (../gen/Hls_Layers_UpConv.tpp:222).
WARNING: [ANALYSIS 214-52] Found false inter dependency for variable 'sumsq_rot.6' (../gen/Hls_Layers_UpConv.tpp:222).
WARNING: [ANALYSIS 214-52] Found false inter dependency for variable 'sumsq_rot.5' (../gen/Hls_Layers_UpConv.tpp:222).
WARNING: [ANALYSIS 214-52] Found false inter dependency for variable 'sumsq_rot.4' (../gen/Hls_Layers_UpConv.tpp:222).
WARNING: [ANALYSIS 214-52] Found false inter dependency for variable 'sumsq_rot.3' (../gen/Hls_Layers_UpConv.tpp:222).
WARNING: [ANALYSIS 214-52] Found false inter dependency for variable 'sumsq_rot.2' (../gen/Hls_Layers_UpConv.tpp:222).
WARNING: [ANALYSIS 214-52] Found false inter dependency for variable 'sumsq_rot.1' (../gen/Hls_Layers_UpConv.tpp:222).
WARNING: [ANALYSIS 214-52] Found false inter dependency for variable 'sumsq_rot' (../gen/Hls_Layers_UpConv.tpp:222).
WARNING: [ANALYSIS 214-52] Found false inter dependency for variable '_ZZ16UpConv_Fused_RowILi8ELi16ELi16ELi960ELi480EEvP7ap_uintILi256EEPKS1_S4_S4_S4'.
WARNING: [ANALYSIS 214-52] Found false inter dependency for variable '_ZZ16UpConv_Fused_RowILi8ELi16ELi16ELi960ELi480EEvP7ap_uintILi256EEPKS1_S4_S4_S4.1'.
WARNING: [ANALYSIS 214-52] Found false inter dependency for variable '_ZZ16UpConv_Fused_RowILi8ELi16ELi16ELi960ELi480EEvP7ap_uintILi256EEPKS1_S4_S4_S4.2'.
WARNING: [ANALYSIS 214-52] Found false inter dependency for variable '_ZZ16UpConv_Fused_RowILi8ELi16ELi16ELi960ELi480EEvP7ap_uintILi256EEPKS1_S4_S4_S4.3'.
WARNING: [ANALYSIS 214-52] Found false inter dependency for variable '_ZZ16UpConv_Fused_RowILi8ELi16ELi16ELi960ELi480EEvP7ap_uintILi256EEPKS1_S4_S4_S4.4'.
WARNING: [ANALYSIS 214-52] Found false inter dependency for variable '_ZZ16UpConv_Fused_RowILi8ELi16ELi16ELi960ELi480EEvP7ap_uintILi256EEPKS1_S4_S4_S4.5'.
WARNING: [ANALYSIS 214-52] Found false inter dependency for variable 'void UpConv_Fused_Row(ap_uint*,ap_uint const*,ap_uint const*,ap_uint const*,ap_u'.
WARNING: [ANALYSIS 214-52] Found false inter dependency for variable 'void UpConv_Fused_Row(ap_uint*,ap_uint const*,ap_uint const*,ap_uint const*,ap_u.1'.
WARNING: [ANALYSIS 214-52] Found false inter dependency for variable 'void UpConv_Fused_Row(ap_uint*,ap_uint const*,ap_uint const*,ap_uint const*,ap_u.2'.
WARNING: [ANALYSIS 214-52] Found false inter dependency for variable 'void UpConv_Fused_Row(ap_uint*,ap_uint const*,ap_uint const*,ap_uint const*,ap_u.3'.
WARNING: [ANALYSIS 214-52] Found false inter dependency for variable 'void UpConv_Fused_Row(ap_uint*,ap_uint const*,ap_uint const*,ap_uint const*,ap_u.4'.
WARNING: [ANALYSIS 214-52] Found false inter dependency for variable 'void UpConv_Fused_Row(ap_uint*,ap_uint const*,ap_uint const*,ap_uint const*,ap_u.5'.
WARNING: [ANALYSIS 214-52] Found false inter dependency for variable 'void UpConv_Fused_Row(ap_uint*,ap_uint const*,ap_uint const*,ap_uint const*,ap_u.6'.
WARNING: [ANALYSIS 214-52] Found false inter dependency for variable 'void UpConv_Fused_Row(ap_uint*,ap_uint const*,ap_uint const*,ap_uint const*,ap_u.7'.
WARNING: [ANALYSIS 214-52] Found false inter dependency for variable 'void UpConv_Fused_Row(ap_uint*,ap_uint const*,ap_uint const*,ap_uint const*,ap_u.8'.
WARNING: [ANALYSIS 214-52] Found false inter dependency for variable 'void UpConv_Fused_Row(ap_uint*,ap_uint const*,ap_uint const*,ap_uint const*,ap_u.9'.
WARNING: [ANALYSIS 214-52] Found false inter dependency for variable 'psum.31' (../gen/Hls_Layers_UpConv.tpp:104).
WARNING: [ANALYSIS 214-52] Found false inter dependency for variable 'psum.30' (../gen/Hls_Layers_UpConv.tpp:104).
WARNING: [ANALYSIS 214-52] Found false inter dependency for variable 'psum.29' (../gen/Hls_Layers_UpConv.tpp:104).
WARNING: [ANALYSIS 214-52] Found false inter dependency for variable 'psum.28' (../gen/Hls_Layers_UpConv.tpp:104).
WARNING: [ANALYSIS 214-52] Found false inter dependency for variable 'psum.27' (../gen/Hls_Layers_UpConv.tpp:104).
WARNING: [ANALYSIS 214-52] Found false inter dependency for variable 'psum.26' (../gen/Hls_Layers_UpConv.tpp:104).
WARNING: [ANALYSIS 214-52] Found false inter dependency for variable 'psum.25' (../gen/Hls_Layers_UpConv.tpp:104).
WARNING: [ANALYSIS 214-52] Found false inter dependency for variable 'psum.24' (../gen/Hls_Layers_UpConv.tpp:104).
WARNING: [ANALYSIS 214-52] Found false inter dependency for variable 'psum.23' (../gen/Hls_Layers_UpConv.tpp:104).
WARNING: [ANALYSIS 214-52] Found false inter dependency for variable 'psum.22' (../gen/Hls_Layers_UpConv.tpp:104).
WARNING: [ANALYSIS 214-52] Found false inter dependency for variable 'psum.21' (../gen/Hls_Layers_UpConv.tpp:104).
WARNING: [ANALYSIS 214-52] Found false inter dependency for variable 'psum.20' (../gen/Hls_Layers_UpConv.tpp:104).
WARNING: [ANALYSIS 214-52] Found false inter dependency for variable 'psum.19' (../gen/Hls_Layers_UpConv.tpp:104).
WARNING: [ANALYSIS 214-52] Found false inter dependency for variable 'psum.18' (../gen/Hls_Layers_UpConv.tpp:104).
WARNING: [ANALYSIS 214-52] Found false inter dependency for variable 'psum.17' (../gen/Hls_Layers_UpConv.tpp:104).
WARNING: [ANALYSIS 214-52] Found false inter dependency for variable 'psum.16' (../gen/Hls_Layers_UpConv.tpp:104).
WARNING: [ANALYSIS 214-52] Found false inter dependency for variable 'psum.15' (../gen/Hls_Layers_UpConv.tpp:104).
WARNING: [ANALYSIS 214-52] Found false inter dependency for variable 'psum.14' (../gen/Hls_Layers_UpConv.tpp:104).
WARNING: [ANALYSIS 214-52] Found false inter dependency for variable 'psum.13' (../gen/Hls_Layers_UpConv.tpp:104).
WARNING: [ANALYSIS 214-52] Found false inter dependency for variable 'psum.12' (../gen/Hls_Layers_UpConv.tpp:104).
WARNING: [ANALYSIS 214-52] Found false inter dependency for variable 'psum.11' (../gen/Hls_Layers_UpConv.tpp:104).
WARNING: [ANALYSIS 214-52] Found false inter dependency for variable 'psum.10' (../gen/Hls_Layers_UpConv.tpp:104).
WARNING: [ANALYSIS 214-52] Found false inter dependency for variable 'psum.9' (../gen/Hls_Layers_UpConv.tpp:104).
WARNING: [ANALYSIS 214-52] Found false inter dependency for variable 'psum.8' (../gen/Hls_Layers_UpConv.tpp:104).
WARNING: [ANALYSIS 214-52] Found false inter dependency for variable 'psum.7' (../gen/Hls_Layers_UpConv.tpp:104).
WARNING: [ANALYSIS 214-52] Found false inter dependency for variable 'psum.6' (../gen/Hls_Layers_UpConv.tpp:104).
WARNING: [ANALYSIS 214-52] Found false inter dependency for variable 'psum.5' (../gen/Hls_Layers_UpConv.tpp:104).
WARNING: [ANALYSIS 214-52] Found false inter dependency for variable 'psum.4' (../gen/Hls_Layers_UpConv.tpp:104).
WARNING: [ANALYSIS 214-52] Found false inter dependency for variable 'psum.3' (../gen/Hls_Layers_UpConv.tpp:104).
WARNING: [ANALYSIS 214-52] Found false inter dependency for variable 'psum.2' (../gen/Hls_Layers_UpConv.tpp:104).
WARNING: [ANALYSIS 214-52] Found false inter dependency for variable 'psum.1' (../gen/Hls_Layers_UpConv.tpp:104).
WARNING: [ANALYSIS 214-52] Found false inter dependency for variable 'psum' (../gen/Hls_Layers_UpConv.tpp:104).
WARNING: [ANALYSIS 214-52] Found false inter dependency for variable '_ZZ16UpConv_Fused_RowILi8ELi16ELi16ELi960ELi480EEvP7ap_uintILi256EEPKS1_S4_S4_S4'.
WARNING: [ANALYSIS 214-52] Found false inter dependency for variable '_ZZ16UpConv_Fused_RowILi8ELi16ELi16ELi960ELi480EEvP7ap_uintILi256EEPKS1_S4_S4_S4.1'.
WARNING: [ANALYSIS 214-52] Found false inter dependency for variable '_ZZ16UpConv_Fused_RowILi8ELi16ELi16ELi960ELi480EEvP7ap_uintILi256EEPKS1_S4_S4_S4.2'.
WARNING: [ANALYSIS 214-52] Found false inter dependency for variable '_ZZ16UpConv_Fused_RowILi8ELi16ELi16ELi960ELi480EEvP7ap_uintILi256EEPKS1_S4_S4_S4.3'.
WARNING: [ANALYSIS 214-52] Found false inter dependency for variable '_ZZ16UpConv_Fused_RowILi8ELi16ELi16ELi960ELi480EEvP7ap_uintILi256EEPKS1_S4_S4_S4.4'.
WARNING: [ANALYSIS 214-52] Found false inter dependency for variable '_ZZ16UpConv_Fused_RowILi8ELi16ELi16ELi960ELi480EEvP7ap_uintILi256EEPKS1_S4_S4_S4.5'.
WARNING: [ANALYSIS 214-52] Found false inter dependency for variable 'void UpConv_Fused_Row(ap_uint*,ap_uint const*,ap_uint const*,ap_uint const*,ap_u'.
WARNING: [ANALYSIS 214-52] Found false inter dependency for variable 'void UpConv_Fused_Row(ap_uint*,ap_uint const*,ap_uint const*,ap_uint const*,ap_u.1'.
WARNING: [ANALYSIS 214-52] Found false inter dependency for variable 'void UpConv_Fused_Row(ap_uint*,ap_uint const*,ap_uint const*,ap_uint const*,ap_u.2'.
WARNING: [ANALYSIS 214-52] Found false inter dependency for variable 'void UpConv_Fused_Row(ap_uint*,ap_uint const*,ap_uint const*,ap_uint const*,ap_u.3'.
WARNING: [ANALYSIS 214-52] Found false inter dependency for variable 'void UpConv_Fused_Row(ap_uint*,ap_uint const*,ap_uint const*,ap_uint const*,ap_u.4'.
WARNING: [ANALYSIS 214-52] Found false inter dependency for variable 'void UpConv_Fused_Row(ap_uint*,ap_uint const*,ap_uint const*,ap_uint const*,ap_u.5'.
WARNING: [ANALYSIS 214-52] Found false inter dependency for variable 'void UpConv_Fused_Row(ap_uint*,ap_uint const*,ap_uint const*,ap_uint const*,ap_u.6'.
WARNING: [ANALYSIS 214-52] Found false inter dependency for variable 'void UpConv_Fused_Row(ap_uint*,ap_uint const*,ap_uint const*,ap_uint const*,ap_u.7'.
WARNING: [ANALYSIS 214-52] Found false inter dependency for variable 'void UpConv_Fused_Row(ap_uint*,ap_uint const*,ap_uint const*,ap_uint const*,ap_u.8'.
WARNING: [ANALYSIS 214-52] Found false inter dependency for variable 'void UpConv_Fused_Row(ap_uint*,ap_uint const*,ap_uint const*,ap_uint const*,ap_u.9'.
WARNING: [HLS 200-1449] Process uc_compute_tile<8, 16, 16, 60, 32, 480, 480> has both a predecessor and reads an input from its caller (see the GUI dataflow viewer). This may lead to lower throughput. Consider copying this input via a predecessor process.
WARNING: [HLS 200-1449] Process dataflow_in_loop_TILE_LOOP.1 has both a predecessor and reads an input from its caller (see the GUI dataflow viewer). This may lead to lower throughput. Consider copying this input via a predecessor process.
INFO: [HLS 200-111] Finished Architecture Synthesis: CPU user time: 0.65 seconds. CPU system time: 0.05 seconds. Elapsed time: 0.71 seconds; current allocated memory: 485.641 MB.
INFO: [HLS 200-10] Starting hardware synthesis ...
INFO: [HLS 200-10] Synthesizing 'upconv_core_top_ucb0' ...
WARNING: [SYN 201-103] Legalizing function name 'UpConv_Fused_Row<8, 16, 16, 960, 480>_Pipeline_RESET_ROW_ACC' to 'UpConv_Fused_Row_8_16_16_960_480_Pipeline_RESET_ROW_ACC'.
WARNING: [SYN 201-103] Legalizing function name 'uc_load_tile<8, 480, 60>' to 'uc_load_tile_8_480_60_s'.
WARNING: [SYN 201-103] Legalizing function name 'uc_compute_tile<8, 16, 16, 60, 32, 480, 480>_Pipeline_KW_LOOP_FLAT_LOOP' to 'uc_compute_tile_8_16_16_60_32_480_480_Pipeline_KW_LOOP_FLAT_LOOP'.
WARNING: [SYN 201-103] Legalizing function name 'uc_compute_tile<8, 16, 16, 60, 32, 480, 480>' to 'uc_compute_tile_8_16_16_60_32_480_480_s'.
WARNING: [SYN 201-103] Legalizing function name 'dataflow_in_loop_TILE_LOOP.1' to 'dataflow_in_loop_TILE_LOOP_1'.
WARNING: [SYN 201-103] Legalizing function name 'UpConv_Fused_Row<8, 16, 16, 960, 480>_Pipeline_LOAD_PARAMS' to 'UpConv_Fused_Row_8_16_16_960_480_Pipeline_LOAD_PARAMS'.
WARNING: [SYN 201-103] Legalizing function name 'UpConv_Fused_Row<8, 16, 16, 960, 480>_Pipeline_PIXEL_STATS' to 'UpConv_Fused_Row_8_16_16_960_480_Pipeline_PIXEL_STATS'.
WARNING: [SYN 201-103] Legalizing function name 'UpConv_Fused_Row<8, 16, 16, 960, 480>_Pipeline_PIXEL_NORM' to 'UpConv_Fused_Row_8_16_16_960_480_Pipeline_PIXEL_NORM'.
WARNING: [SYN 201-103] Legalizing function name 'UpConv_Fused_Row<8, 16, 16, 960, 480>' to 'UpConv_Fused_Row_8_16_16_960_480_s'.
INFO: [HLS 200-10] ----------------------------------------------------------------
INFO: [HLS 200-42] -- Implementing module 'upconv_core_top_ucb0_Pipeline_LOAD_ROW0_VITIS_LOOP_297_1' 
INFO: [HLS 200-10] ----------------------------------------------------------------
INFO: [SCHED 204-11] Starting scheduling ...
WARNING: [HLS 200-2042] Usage of URAM can potentially cause worse II as Vitis HLS does not exploit read-first mode for URAMs. Consider using BRAMs instead.
INFO: [SCHED 204-61] Pipelining loop 'LOAD_ROW0_VITIS_LOOP_297_1'.
INFO: [HLS 200-1470] Pipelining result : Target II = 1, Final II = 1, Depth = 3, loop 'LOAD_ROW0_VITIS_LOOP_297_1'
INFO: [SCHED 204-11] Finished scheduling.
INFO: [HLS 200-111] Finished Scheduling: CPU user time: 0.11 seconds. CPU system time: 0.03 seconds. Elapsed time: 0.14 seconds; current allocated memory: 488.070 MB.
INFO: [BIND 205-100] Starting micro-architecture generation ...
INFO: [BIND 205-101] Performing variable lifetime analysis.
INFO: [BIND 205-101] Exploring resource sharing.
INFO: [BIND 205-101] Binding ...
INFO: [BIND 205-100] Finished micro-architecture generation.
INFO: [HLS 200-111] Finished Binding: CPU user time: 0.01 seconds. CPU system time: 0 seconds. Elapsed time: 0.03 seconds; current allocated memory: 488.070 MB.
INFO: [HLS 200-10] ----------------------------------------------------------------
INFO: [HLS 200-42] -- Implementing module 'UpConv_Fused_Row_8_16_16_960_480_Pipeline_RESET_ROW_ACC' 
INFO: [HLS 200-10] ----------------------------------------------------------------
INFO: [SCHED 204-11] Starting scheduling ...
WARNING: [HLS 200-2042] Usage of URAM can potentially cause worse II as Vitis HLS does not exploit read-first mode for URAMs. Consider using BRAMs instead.
WARNING: [HLS 200-2042] Usage of URAM can potentially cause worse II as Vitis HLS does not exploit read-first mode for URAMs. Consider using BRAMs instead.
WARNING: [HLS 200-2042] Usage of URAM can potentially cause worse II as Vitis HLS does not exploit read-first mode for URAMs. Consider using BRAMs instead.
WARNING: [HLS 200-2042] Usage of URAM can potentially cause worse II as Vitis HLS does not exploit read-first mode for URAMs. Consider using BRAMs instead.
WARNING: [HLS 200-2042] Usage of URAM can potentially cause worse II as Vitis HLS does not exploit read-first mode for URAMs. Consider using BRAMs instead.
WARNING: [HLS 200-2042] Usage of URAM can potentially cause worse II as Vitis HLS does not exploit read-first mode for URAMs. Consider using BRAMs instead.
WARNING: [HLS 200-2042] Usage of URAM can potentially cause worse II as Vitis HLS does not exploit read-first mode for URAMs. Consider using BRAMs instead.
WARNING: [HLS 200-2042] Usage of URAM can potentially cause worse II as Vitis HLS does not exploit read-first mode for URAMs. Consider using BRAMs instead.
WARNING: [HLS 200-2042] Usage of URAM can potentially cause worse II as Vitis HLS does not exploit read-first mode for URAMs. Consider using BRAMs instead.
WARNING: [HLS 200-2042] Usage of URAM can potentially cause worse II as Vitis HLS does not exploit read-first mode for URAMs. Consider using BRAMs instead.
WARNING: [HLS 200-2042] Usage of URAM can potentially cause worse II as Vitis HLS does not exploit read-first mode for URAMs. Consider using BRAMs instead.
WARNING: [HLS 200-2042] Usage of URAM can potentially cause worse II as Vitis HLS does not exploit read-first mode for URAMs. Consider using BRAMs instead.
WARNING: [HLS 200-2042] Usage of URAM can potentially cause worse II as Vitis HLS does not exploit read-first mode for URAMs. Consider using BRAMs instead.
WARNING: [HLS 200-2042] Usage of URAM can potentially cause worse II as Vitis HLS does not exploit read-first mode for URAMs. Consider using BRAMs instead.
WARNING: [HLS 200-2042] Usage of URAM can potentially cause worse II as Vitis HLS does not exploit read-first mode for URAMs. Consider using BRAMs instead.
WARNING: [HLS 200-2042] Usage of URAM can potentially cause worse II as Vitis HLS does not exploit read-first mode for URAMs. Consider using BRAMs instead.
INFO: [SCHED 204-61] Pipelining loop 'RESET_ROW_ACC'.
INFO: [HLS 200-1470] Pipelining result : Target II = 1, Final II = 1, Depth = 2, loop 'RESET_ROW_ACC'
INFO: [SCHED 204-11] Finished scheduling.
INFO: [HLS 200-111] Finished Scheduling: CPU user time: 0.06 seconds. CPU system time: 0.01 seconds. Elapsed time: 0.07 seconds; current allocated memory: 488.711 MB.
INFO: [BIND 205-100] Starting micro-architecture generation ...
INFO: [BIND 205-101] Performing variable lifetime analysis.
INFO: [BIND 205-101] Exploring resource sharing.
INFO: [BIND 205-101] Binding ...
INFO: [BIND 205-100] Finished micro-architecture generation.
INFO: [HLS 200-111] Finished Binding: CPU user time: 0.01 seconds. CPU system time: 0 seconds. Elapsed time: 0.02 seconds; current allocated memory: 488.711 MB.
INFO: [HLS 200-10] ----------------------------------------------------------------
INFO: [HLS 200-42] -- Implementing module 'entry_proc' 
INFO: [HLS 200-10] ----------------------------------------------------------------
INFO: [SCHED 204-11] Starting scheduling ...
INFO: [SCHED 204-11] Finished scheduling.
INFO: [HLS 200-111] Finished Scheduling: CPU user time: 0.01 seconds. CPU system time: 0 seconds. Elapsed time: 0.02 seconds; current allocated memory: 488.711 MB.
INFO: [BIND 205-100] Starting micro-architecture generation ...
INFO: [BIND 205-101] Performing variable lifetime analysis.
INFO: [BIND 205-101] Exploring resource sharing.
INFO: [BIND 205-101] Binding ...
INFO: [BIND 205-100] Finished micro-architecture generation.
INFO: [HLS 200-111] Finished Binding: CPU user time: 0.01 seconds. CPU system time: 0 seconds. Elapsed time: 0.01 seconds; current allocated memory: 488.711 MB.
INFO: [HLS 200-10] ----------------------------------------------------------------
INFO: [HLS 200-42] -- Implementing module 'uc_load_tile_8_480_60_s' 
INFO: [HLS 200-10] ----------------------------------------------------------------
INFO: [SCHED 204-11] Starting scheduling ...
WARNING: [HLS 200-2042] Usage of URAM can potentially cause worse II as Vitis HLS does not exploit read-first mode for URAMs. Consider using BRAMs instead.
WARNING: [HLS 200-2042] Usage of URAM can potentially cause worse II as Vitis HLS does not exploit read-first mode for URAMs. Consider using BRAMs instead.
WARNING: [HLS 200-2042] Usage of URAM can potentially cause worse II as Vitis HLS does not exploit read-first mode for URAMs. Consider using BRAMs instead.
WARNING: [HLS 200-2042] Usage of URAM can potentially cause worse II as Vitis HLS does not exploit read-first mode for URAMs. Consider using BRAMs instead.
WARNING: [HLS 200-2042] Usage of URAM can potentially cause worse II as Vitis HLS does not exploit read-first mode for URAMs. Consider using BRAMs instead.
WARNING: [HLS 200-2042] Usage of URAM can potentially cause worse II as Vitis HLS does not exploit read-first mode for URAMs. Consider using BRAMs instead.
WARNING: [HLS 200-2042] Usage of URAM can potentially cause worse II as Vitis HLS does not exploit read-first mode for URAMs. Consider using BRAMs instead.
WARNING: [HLS 200-2042] Usage of URAM can potentially cause worse II as Vitis HLS does not exploit read-first mode for URAMs. Consider using BRAMs instead.
INFO: [SCHED 204-61] Pipelining loop 'PRELOAD_W_W_FLAT'.
INFO: [HLS 200-1470] Pipelining result : Target II = 1, Final II = 1, Depth = 13, loop 'PRELOAD_W_W_FLAT'
WARNING: [HLS 200-871] Estimated clock period (3.357 ns) exceeds the target (target clock period: 3.333 ns, clock uncertainty: 0.900 ns, effective delay budget: 2.433 ns).
Resolution: For help on HLS 200-871 see docs.xilinx.com/access/sources/dita/topic?Doc_Version=2024.2%20English&url=ug1448-hls-guidance&resourceid=200-871.html
WARNING: [HLS 200-1016] The critical path in module 'uc_load_tile_8_480_60_s' consists of the following:
	'load' operation 32 bit ('ci_cnt52_load', ../gen/Hls_Layers_UpConv.tpp:71) on local variable 'ci_cnt52' [61]  (0.000 ns)
	'select' operation 32 bit ('select_ln71_1', ../gen/Hls_Layers_UpConv.tpp:71) [64]  (0.449 ns)
	'add' operation 32 bit ('ci_cnt', ../gen/Hls_Layers_UpConv.tpp:78) [110]  (1.016 ns)
	'icmp' operation 1 bit ('icmp_ln79', ../gen/Hls_Layers_UpConv.tpp:79) [111]  (1.016 ns)
	'select' operation 32 bit ('ci_cnt', ../gen/Hls_Layers_UpConv.tpp:79) [114]  (0.449 ns)
	'store' operation 0 bit ('ci_cnt52_write_ln79', ../gen/Hls_Layers_UpConv.tpp:79) of variable 'ci_cnt', ../gen/Hls_Layers_UpConv.tpp:79 on local variable 'ci_cnt52' [120]  (0.427 ns)

Resolution: For help on HLS 200-1016 see docs.xilinx.com/access/sources/dita/topic?Doc_Version=2024.2%20English&url=ug1448-hls-guidance&resourceid=200-1016.html
INFO: [SCHED 204-11] Finished scheduling.
INFO: [HLS 200-111] Finished Scheduling: CPU user time: 0.07 seconds. CPU system time: 0.01 seconds. Elapsed time: 0.08 seconds; current allocated memory: 490.047 MB.
INFO: [BIND 205-100] Starting micro-architecture generation ...
INFO: [BIND 205-101] Performing variable lifetime analysis.
INFO: [BIND 205-101] Exploring resource sharing.
INFO: [BIND 205-101] Binding ...
INFO: [BIND 205-100] Finished micro-architecture generation.
INFO: [HLS 200-111] Finished Binding: CPU user time: 0.02 seconds. CPU system time: 0 seconds. Elapsed time: 0.02 seconds; current allocated memory: 490.047 MB.
INFO: [HLS 200-10] ----------------------------------------------------------------
INFO: [HLS 200-42] -- Implementing module 'uc_compute_tile_8_16_16_60_32_480_480_Pipeline_KW_LOOP_FLAT_LOOP' 
INFO: [HLS 200-10] ----------------------------------------------------------------
INFO: [SCHED 204-11] Starting scheduling ...
WARNING: [HLS 200-2042] Usage of URAM can potentially cause worse II as Vitis HLS does not exploit read-first mode for URAMs. Consider using BRAMs instead.
WARNING: [HLS 200-2042] Usage of URAM can potentially cause worse II as Vitis HLS does not exploit read-first mode for URAMs. Consider using BRAMs instead.
WARNING: [HLS 200-2042] Usage of URAM can potentially cause worse II as Vitis HLS does not exploit read-first mode for URAMs. Consider using BRAMs instead.
WARNING: [HLS 200-2042] Usage of URAM can potentially cause worse II as Vitis HLS does not exploit read-first mode for URAMs. Consider using BRAMs instead.
WARNING: [HLS 200-2042] Usage of URAM can potentially cause worse II as Vitis HLS does not exploit read-first mode for URAMs. Consider using BRAMs instead.
WARNING: [HLS 200-2042] Usage of URAM can potentially cause worse II as Vitis HLS does not exploit read-first mode for URAMs. Consider using BRAMs instead.
WARNING: [HLS 200-2042] Usage of URAM can potentially cause worse II as Vitis HLS does not exploit read-first mode for URAMs. Consider using BRAMs instead.
WARNING: [HLS 200-2042] Usage of URAM can potentially cause worse II as Vitis HLS does not exploit read-first mode for URAMs. Consider using BRAMs instead.
WARNING: [HLS 200-2042] Usage of URAM can potentially cause worse II as Vitis HLS does not exploit read-first mode for URAMs. Consider using BRAMs instead.
WARNING: [HLS 200-2042] Usage of URAM can potentially cause worse II as Vitis HLS does not exploit read-first mode for URAMs. Consider using BRAMs instead.
WARNING: [HLS 200-2042] Usage of URAM can potentially cause worse II as Vitis HLS does not exploit read-first mode for URAMs. Consider using BRAMs instead.
WARNING: [HLS 200-2042] Usage of URAM can potentially cause worse II as Vitis HLS does not exploit read-first mode for URAMs. Consider using BRAMs instead.
WARNING: [HLS 200-2042] Usage of URAM can potentially cause worse II as Vitis HLS does not exploit read-first mode for URAMs. Consider using BRAMs instead.
WARNING: [HLS 200-2042] Usage of URAM can potentially cause worse II as Vitis HLS does not exploit read-first mode for URAMs. Consider using BRAMs instead.
WARNING: [HLS 200-2042] Usage of URAM can potentially cause worse II as Vitis HLS does not exploit read-first mode for URAMs. Consider using BRAMs instead.
WARNING: [HLS 200-2042] Usage of URAM can potentially cause worse II as Vitis HLS does not exploit read-first mode for URAMs. Consider using BRAMs instead.
WARNING: [HLS 200-2042] Usage of URAM can potentially cause worse II as Vitis HLS does not exploit read-first mode for URAMs. Consider using BRAMs instead.
WARNING: [HLS 200-2042] Usage of URAM can potentially cause worse II as Vitis HLS does not exploit read-first mode for URAMs. Consider using BRAMs instead.
WARNING: [HLS 200-2042] Usage of URAM can potentially cause worse II as Vitis HLS does not exploit read-first mode for URAMs. Consider using BRAMs instead.
WARNING: [HLS 200-2042] Usage of URAM can potentially cause worse II as Vitis HLS does not exploit read-first mode for URAMs. Consider using BRAMs instead.
WARNING: [HLS 200-2042] Usage of URAM can potentially cause worse II as Vitis HLS does not exploit read-first mode for URAMs. Consider using BRAMs instead.
WARNING: [HLS 200-2042] Usage of URAM can potentially cause worse II as Vitis HLS does not exploit read-first mode for URAMs. Consider using BRAMs instead.
WARNING: [HLS 200-2042] Usage of URAM can potentially cause worse II as Vitis HLS does not exploit read-first mode for URAMs. Consider using BRAMs instead.
WARNING: [HLS 200-2042] Usage of URAM can potentially cause worse II as Vitis HLS does not exploit read-first mode for URAMs. Consider using BRAMs instead.
WARNING: [HLS 200-2042] Usage of URAM can potentially cause worse II as Vitis HLS does not exploit read-first mode for URAMs. Consider using BRAMs instead.
WARNING: [HLS 200-2042] Usage of URAM can potentially cause worse II as Vitis HLS does not exploit read-first mode for URAMs. Consider using BRAMs instead.
WARNING: [HLS 200-2042] Usage of URAM can potentially cause worse II as Vitis HLS does not exploit read-first mode for URAMs. Consider using BRAMs instead.
WARNING: [HLS 200-2042] Usage of URAM can potentially cause worse II as Vitis HLS does not exploit read-first mode for URAMs. Consider using BRAMs instead.
WARNING: [HLS 200-2042] Usage of URAM can potentially cause worse II as Vitis HLS does not exploit read-first mode for URAMs. Consider using BRAMs instead.
WARNING: [HLS 200-2042] Usage of URAM can potentially cause worse II as Vitis HLS does not exploit read-first mode for URAMs. Consider using BRAMs instead.
WARNING: [HLS 200-2042] Usage of URAM can potentially cause worse II as Vitis HLS does not exploit read-first mode for URAMs. Consider using BRAMs instead.
WARNING: [HLS 200-2042] Usage of URAM can potentially cause worse II as Vitis HLS does not exploit read-first mode for URAMs. Consider using BRAMs instead.
WARNING: [HLS 200-2042] Usage of URAM can potentially cause worse II as Vitis HLS does not exploit read-first mode for URAMs. Consider using BRAMs instead.
WARNING: [HLS 200-2042] Usage of URAM can potentially cause worse II as Vitis HLS does not exploit read-first mode for URAMs. Consider using BRAMs instead.
WARNING: [HLS 200-2042] Usage of URAM can potentially cause worse II as Vitis HLS does not exploit read-first mode for URAMs. Consider using BRAMs instead.
WARNING: [HLS 200-2042] Usage of URAM can potentially cause worse II as Vitis HLS does not exploit read-first mode for URAMs. Consider using BRAMs instead.
WARNING: [HLS 200-2042] Usage of URAM can potentially cause worse II as Vitis HLS does not exploit read-first mode for URAMs. Consider using BRAMs instead.
WARNING: [HLS 200-2042] Usage of URAM can potentially cause worse II as Vitis HLS does not exploit read-first mode for URAMs. Consider using BRAMs instead.
WARNING: [HLS 200-2042] Usage of URAM can potentially cause worse II as Vitis HLS does not exploit read-first mode for URAMs. Consider using BRAMs instead.
WARNING: [HLS 200-2042] Usage of URAM can potentially cause worse II as Vitis HLS does not exploit read-first mode for URAMs. Consider using BRAMs instead.
WARNING: [HLS 200-2042] Usage of URAM can potentially cause worse II as Vitis HLS does not exploit read-first mode for URAMs. Consider using BRAMs instead.
INFO: [SCHED 204-61] Pipelining loop 'KW_LOOP_FLAT_LOOP'.
INFO: [HLS 200-1470] Pipelining result : Target II = 1, Final II = 1, Depth = 116, loop 'KW_LOOP_FLAT_LOOP'
INFO: [SCHED 204-11] Finished scheduling.
INFO: [HLS 200-111] Finished Scheduling: CPU user time: 0.52 seconds. CPU system time: 0.01 seconds. Elapsed time: 0.54 seconds; current allocated memory: 500.922 MB.
INFO: [BIND 205-100] Starting micro-architecture generation ...
INFO: [BIND 205-101] Performing variable lifetime analysis.
INFO: [BIND 205-101] Exploring resource sharing.
INFO: [BIND 205-101] Binding ...
INFO: [BIND 205-100] Finished micro-architecture generation.
INFO: [HLS 200-111] Finished Binding: CPU user time: 0.14 seconds. CPU system time: 0.01 seconds. Elapsed time: 0.14 seconds; current allocated memory: 501.043 MB.
INFO: [HLS 200-10] ----------------------------------------------------------------
INFO: [HLS 200-42] -- Implementing module 'uc_compute_tile_8_16_16_60_32_480_480_s' 
INFO: [HLS 200-10] ----------------------------------------------------------------
INFO: [SCHED 204-11] Starting scheduling ...
INFO: [SCHED 204-11] Finished scheduling.
INFO: [HLS 200-111] Finished Scheduling: CPU user time: 0.09 seconds. CPU system time: 0 seconds. Elapsed time: 0.09 seconds; current allocated memory: 502.566 MB.
INFO: [BIND 205-100] Starting micro-architecture generation ...
INFO: [BIND 205-101] Performing variable lifetime analysis.
INFO: [BIND 205-101] Exploring resource sharing.
INFO: [BIND 205-101] Binding ...
INFO: [BIND 205-100] Finished micro-architecture generation.
INFO: [HLS 200-111] Finished Binding: CPU user time: 0.03 seconds. CPU system time: 0 seconds. Elapsed time: 0.03 seconds; current allocated memory: 502.586 MB.
INFO: [HLS 200-10] ----------------------------------------------------------------
INFO: [HLS 200-42] -- Implementing module 'dataflow_in_loop_TILE_LOOP_1' 
INFO: [HLS 200-10] ----------------------------------------------------------------
INFO: [SCHED 204-11] Starting scheduling ...
INFO: [SCHED 204-11] Finished scheduling.
INFO: [HLS 200-111] Finished Scheduling: CPU user time: 0.03 seconds. CPU system time: 0 seconds. Elapsed time: 0.04 seconds; current allocated memory: 502.844 MB.
INFO: [BIND 205-100] Starting micro-architecture generation ...
INFO: [BIND 205-101] Performing variable lifetime analysis.
INFO: [BIND 205-101] Exploring resource sharing.
INFO: [BIND 205-101] Binding ...
INFO: [BIND 205-100] Finished micro-architecture generation.
INFO: [HLS 200-111] Finished Binding: CPU user time: 0.02 seconds. CPU system time: 0 seconds. Elapsed time: 0.02 seconds; current allocated memory: 503.027 MB.
INFO: [HLS 200-10] ----------------------------------------------------------------
INFO: [HLS 200-42] -- Implementing module 'dataflow_parent_loop_proc' 
INFO: [HLS 200-10] ----------------------------------------------------------------
INFO: [SCHED 204-11] Starting scheduling ...
INFO: [SCHED 204-11] Finished scheduling.
INFO: [HLS 200-111] Finished Scheduling: CPU user time: 0.04 seconds. CPU system time: 0 seconds. Elapsed time: 0.04 seconds; current allocated memory: 503.910 MB.
INFO: [BIND 205-100] Starting micro-architecture generation ...
INFO: [BIND 205-101] Performing variable lifetime analysis.
INFO: [BIND 205-101] Exploring resource sharing.
INFO: [BIND 205-101] Binding ...
INFO: [BIND 205-100] Finished micro-architecture generation.
INFO: [HLS 200-111] Finished Binding: CPU user time: 0.02 seconds. CPU system time: 0.01 seconds. Elapsed time: 0.02 seconds; current allocated memory: 503.910 MB.
INFO: [HLS 200-10] ----------------------------------------------------------------
INFO: [HLS 200-42] -- Implementing module 'UpConv_Fused_Row_8_16_16_960_480_Pipeline_LOAD_PARAMS' 
INFO: [HLS 200-10] ----------------------------------------------------------------
INFO: [SCHED 204-11] Starting scheduling ...
INFO: [SCHED 204-61] Pipelining loop 'LOAD_PARAMS'.
WARNING: [HLS 200-885] The II Violation in module 'UpConv_Fused_Row_8_16_16_960_480_Pipeline_LOAD_PARAMS' (loop 'LOAD_PARAMS'): Unable to schedule bus request operation ('gmem_param_load_1_req', ../gen/Hls_Layers_UpConv.tpp:212) on port 'gmem_param' (../gen/Hls_Layers_UpConv.tpp:212) due to limited memory ports (II = 1). Please consider using a memory core with more ports or partitioning the array.
Resolution: For help on HLS 200-885 see docs.xilinx.com/access/sources/dita/topic?Doc_Version=2024.2%20English&url=ug1448-hls-guidance&resourceid=200-885.html
WARNING: [HLS 200-885] The II Violation in module 'UpConv_Fused_Row_8_16_16_960_480_Pipeline_LOAD_PARAMS' (loop 'LOAD_PARAMS'): Unable to schedule bus request operation ('gmem_param_load_2_req', ../gen/Hls_Layers_UpConv.tpp:213) on port 'gmem_param' (../gen/Hls_Layers_UpConv.tpp:213) due to limited memory ports (II = 2). Please consider using a memory core with more ports or partitioning the array.
Resolution: For help on HLS 200-885 see docs.xilinx.com/access/sources/dita/topic?Doc_Version=2024.2%20English&url=ug1448-hls-guidance&resourceid=200-885.html
INFO: [HLS 200-1470] Pipelining result : Target II = 1, Final II = 3, Depth = 13, loop 'LOAD_PARAMS'
INFO: [SCHED 204-11] Finished scheduling.
INFO: [HLS 200-111] Finished Scheduling: CPU user time: 0.07 seconds. CPU system time: 0 seconds. Elapsed time: 0.07 seconds; current allocated memory: 504.438 MB.
INFO: [BIND 205-100] Starting micro-architecture generation ...
INFO: [BIND 205-101] Performing variable lifetime analysis.
INFO: [BIND 205-101] Exploring resource sharing.
INFO: [BIND 205-101] Binding ...
INFO: [BIND 205-100] Finished micro-architecture generation.
INFO: [HLS 200-111] Finished Binding: CPU user time: 0.02 seconds. CPU system time: 0.01 seconds. Elapsed time: 0.02 seconds; current allocated memory: 504.438 MB.
INFO: [HLS 200-10] ----------------------------------------------------------------
INFO: [HLS 200-42] -- Implementing module 'UpConv_Fused_Row_8_16_16_960_480_Pipeline_PIXEL_STATS' 
INFO: [HLS 200-10] ----------------------------------------------------------------
INFO: [SCHED 204-11] Starting scheduling ...
WARNING: [HLS 200-2042] Usage of URAM can potentially cause worse II as Vitis HLS does not exploit read-first mode for URAMs. Consider using BRAMs instead.
WARNING: [HLS 200-2042] Usage of URAM can potentially cause worse II as Vitis HLS does not exploit read-first mode for URAMs. Consider using BRAMs instead.
WARNING: [HLS 200-2042] Usage of URAM can potentially cause worse II as Vitis HLS does not exploit read-first mode for URAMs. Consider using BRAMs instead.
WARNING: [HLS 200-2042] Usage of URAM can potentially cause worse II as Vitis HLS does not exploit read-first mode for URAMs. Consider using BRAMs instead.
WARNING: [HLS 200-2042] Usage of URAM can potentially cause worse II as Vitis HLS does not exploit read-first mode for URAMs. Consider using BRAMs instead.
WARNING: [HLS 200-2042] Usage of URAM can potentially cause worse II as Vitis HLS does not exploit read-first mode for URAMs. Consider using BRAMs instead.
WARNING: [HLS 200-2042] Usage of URAM can potentially cause worse II as Vitis HLS does not exploit read-first mode for URAMs. Consider using BRAMs instead.
WARNING: [HLS 200-2042] Usage of URAM can potentially cause worse II as Vitis HLS does not exploit read-first mode for URAMs. Consider using BRAMs instead.
WARNING: [HLS 200-2042] Usage of URAM can potentially cause worse II as Vitis HLS does not exploit read-first mode for URAMs. Consider using BRAMs instead.
WARNING: [HLS 200-2042] Usage of URAM can potentially cause worse II as Vitis HLS does not exploit read-first mode for URAMs. Consider using BRAMs instead.
WARNING: [HLS 200-2042] Usage of URAM can potentially cause worse II as Vitis HLS does not exploit read-first mode for URAMs. Consider using BRAMs instead.
WARNING: [HLS 200-2042] Usage of URAM can potentially cause worse II as Vitis HLS does not exploit read-first mode for URAMs. Consider using BRAMs instead.
WARNING: [HLS 200-2042] Usage of URAM can potentially cause worse II as Vitis HLS does not exploit read-first mode for URAMs. Consider using BRAMs instead.
WARNING: [HLS 200-2042] Usage of URAM can potentially cause worse II as Vitis HLS does not exploit read-first mode for URAMs. Consider using BRAMs instead.
WARNING: [HLS 200-2042] Usage of URAM can potentially cause worse II as Vitis HLS does not exploit read-first mode for URAMs. Consider using BRAMs instead.
WARNING: [HLS 200-2042] Usage of URAM can potentially cause worse II as Vitis HLS does not exploit read-first mode for URAMs. Consider using BRAMs instead.
WARNING: [HLS 200-2042] Usage of URAM can potentially cause worse II as Vitis HLS does not exploit read-first mode for URAMs. Consider using BRAMs instead.
WARNING: [HLS 200-2042] Usage of URAM can potentially cause worse II as Vitis HLS does not exploit read-first mode for URAMs. Consider using BRAMs instead.
WARNING: [HLS 200-2042] Usage of URAM can potentially cause worse II as Vitis HLS does not exploit read-first mode for URAMs. Consider using BRAMs instead.
WARNING: [HLS 200-2042] Usage of URAM can potentially cause worse II as Vitis HLS does not exploit read-first mode for URAMs. Consider using BRAMs instead.
WARNING: [HLS 200-2042] Usage of URAM can potentially cause worse II as Vitis HLS does not exploit read-first mode for URAMs. Consider using BRAMs instead.
WARNING: [HLS 200-2042] Usage of URAM can potentially cause worse II as Vitis HLS does not exploit read-first mode for URAMs. Consider using BRAMs instead.
WARNING: [HLS 200-2042] Usage of URAM can potentially cause worse II as Vitis HLS does not exploit read-first mode for URAMs. Consider using BRAMs instead.
WARNING: [HLS 200-2042] Usage of URAM can potentially cause worse II as Vitis HLS does not exploit read-first mode for URAMs. Consider using BRAMs instead.
WARNING: [HLS 200-2042] Usage of URAM can potentially cause worse II as Vitis HLS does not exploit read-first mode for URAMs. Consider using BRAMs instead.
WARNING: [HLS 200-2042] Usage of URAM can potentially cause worse II as Vitis HLS does not exploit read-first mode for URAMs. Consider using BRAMs instead.
WARNING: [HLS 200-2042] Usage of URAM can potentially cause worse II as Vitis HLS does not exploit read-first mode for URAMs. Consider using BRAMs instead.
WARNING: [HLS 200-2042] Usage of URAM can potentially cause worse II as Vitis HLS does not exploit read-first mode for URAMs. Consider using BRAMs instead.
WARNING: [HLS 200-2042] Usage of URAM can potentially cause worse II as Vitis HLS does not exploit read-first mode for URAMs. Consider using BRAMs instead.
WARNING: [HLS 200-2042] Usage of URAM can potentially cause worse II as Vitis HLS does not exploit read-first mode for URAMs. Consider using BRAMs instead.
WARNING: [HLS 200-2042] Usage of URAM can potentially cause worse II as Vitis HLS does not exploit read-first mode for URAMs. Consider using BRAMs instead.
WARNING: [HLS 200-2042] Usage of URAM can potentially cause worse II as Vitis HLS does not exploit read-first mode for URAMs. Consider using BRAMs instead.
INFO: [SCHED 204-61] Pipelining loop 'PIXEL_STATS'.
INFO: [HLS 200-1470] Pipelining result : Target II = 1, Final II = 1, Depth = 231, loop 'PIXEL_STATS'
INFO: [SCHED 204-11] Finished scheduling.
INFO: [HLS 200-111] Finished Scheduling: CPU user time: 0.22 seconds. CPU system time: 0 seconds. Elapsed time: 0.22 seconds; current allocated memory: 508.160 MB.
INFO: [BIND 205-100] Starting micro-architecture generation ...
INFO: [BIND 205-101] Performing variable lifetime analysis.
INFO: [BIND 205-101] Exploring resource sharing.
INFO: [BIND 205-101] Binding ...
INFO: [BIND 205-100] Finished micro-architecture generation.
INFO: [HLS 200-111] Finished Binding: CPU user time: 0.04 seconds. CPU system time: 0.01 seconds. Elapsed time: 0.05 seconds; current allocated memory: 508.219 MB.
INFO: [HLS 200-10] ----------------------------------------------------------------
INFO: [HLS 200-42] -- Implementing module 'UpConv_Fused_Row_8_16_16_960_480_Pipeline_PIXEL_NORM' 
INFO: [HLS 200-10] ----------------------------------------------------------------
INFO: [SCHED 204-11] Starting scheduling ...
WARNING: [HLS 200-2042] Usage of URAM can potentially cause worse II as Vitis HLS does not exploit read-first mode for URAMs. Consider using BRAMs instead.
WARNING: [HLS 200-2042] Usage of URAM can potentially cause worse II as Vitis HLS does not exploit read-first mode for URAMs. Consider using BRAMs instead.
WARNING: [HLS 200-2042] Usage of URAM can potentially cause worse II as Vitis HLS does not exploit read-first mode for URAMs. Consider using BRAMs instead.
WARNING: [HLS 200-2042] Usage of URAM can potentially cause worse II as Vitis HLS does not exploit read-first mode for URAMs. Consider using BRAMs instead.
WARNING: [HLS 200-2042] Usage of URAM can potentially cause worse II as Vitis HLS does not exploit read-first mode for URAMs. Consider using BRAMs instead.
WARNING: [HLS 200-2042] Usage of URAM can potentially cause worse II as Vitis HLS does not exploit read-first mode for URAMs. Consider using BRAMs instead.
WARNING: [HLS 200-2042] Usage of URAM can potentially cause worse II as Vitis HLS does not exploit read-first mode for URAMs. Consider using BRAMs instead.
WARNING: [HLS 200-2042] Usage of URAM can potentially cause worse II as Vitis HLS does not exploit read-first mode for URAMs. Consider using BRAMs instead.
WARNING: [HLS 200-2042] Usage of URAM can potentially cause worse II as Vitis HLS does not exploit read-first mode for URAMs. Consider using BRAMs instead.
WARNING: [HLS 200-2042] Usage of URAM can potentially cause worse II as Vitis HLS does not exploit read-first mode for URAMs. Consider using BRAMs instead.
WARNING: [HLS 200-2042] Usage of URAM can potentially cause worse II as Vitis HLS does not exploit read-first mode for URAMs. Consider using BRAMs instead.
WARNING: [HLS 200-2042] Usage of URAM can potentially cause worse II as Vitis HLS does not exploit read-first mode for URAMs. Consider using BRAMs instead.
WARNING: [HLS 200-2042] Usage of URAM can potentially cause worse II as Vitis HLS does not exploit read-first mode for URAMs. Consider using BRAMs instead.
WARNING: [HLS 200-2042] Usage of URAM can potentially cause worse II as Vitis HLS does not exploit read-first mode for URAMs. Consider using BRAMs instead.
WARNING: [HLS 200-2042] Usage of URAM can potentially cause worse II as Vitis HLS does not exploit read-first mode for URAMs. Consider using BRAMs instead.
WARNING: [HLS 200-2042] Usage of URAM can potentially cause worse II as Vitis HLS does not exploit read-first mode for URAMs. Consider using BRAMs instead.
INFO: [SCHED 204-61] Pipelining loop 'PIXEL_NORM'.
INFO: [HLS 200-1470] Pipelining result : Target II = 1, Final II = 1, Depth = 31, loop 'PIXEL_NORM'
INFO: [SCHED 204-11] Finished scheduling.
INFO: [HLS 200-111] Finished Scheduling: CPU user time: 0.18 seconds. CPU system time: 0.01 seconds. Elapsed time: 0.19 seconds; current allocated memory: 511.414 MB.
INFO: [BIND 205-100] Starting micro-architecture generation ...
INFO: [BIND 205-101] Performing variable lifetime analysis.
INFO: [BIND 205-101] Exploring resource sharing.
INFO: [BIND 205-101] Binding ...
INFO: [BIND 205-100] Finished micro-architecture generation.
INFO: [HLS 200-111] Finished Binding: CPU user time: 0.04 seconds. CPU system time: 0 seconds. Elapsed time: 0.04 seconds; current allocated memory: 512.215 MB.
INFO: [HLS 200-10] ----------------------------------------------------------------
INFO: [HLS 200-42] -- Implementing module 'UpConv_Fused_Row_8_16_16_960_480_s' 
INFO: [HLS 200-10] ----------------------------------------------------------------
INFO: [SCHED 204-11] Starting scheduling ...
INFO: [SCHED 204-11] Finished scheduling.
INFO: [HLS 200-111] Finished Scheduling: CPU user time: 0.05 seconds. CPU system time: 0 seconds. Elapsed time: 0.05 seconds; current allocated memory: 513.289 MB.
INFO: [BIND 205-100] Starting micro-architecture generation ...
INFO: [BIND 205-101] Performing variable lifetime analysis.
INFO: [BIND 205-101] Exploring resource sharing.
INFO: [BIND 205-101] Binding ...
INFO: [BIND 205-100] Finished micro-architecture generation.
INFO: [HLS 200-111] Finished Binding: CPU user time: 0.03 seconds. CPU system time: 0 seconds. Elapsed time: 0.03 seconds; current allocated memory: 513.289 MB.
INFO: [HLS 200-10] ----------------------------------------------------------------
INFO: [HLS 200-42] -- Implementing module 'upconv_core_top_ucb0_Pipeline_LOAD_ROW_VITIS_LOOP_308_2' 
INFO: [HLS 200-10] ----------------------------------------------------------------
INFO: [SCHED 204-11] Starting scheduling ...
WARNING: [HLS 200-2042] Usage of URAM can potentially cause worse II as Vitis HLS does not exploit read-first mode for URAMs. Consider using BRAMs instead.
INFO: [SCHED 204-61] Pipelining loop 'LOAD_ROW_VITIS_LOOP_308_2'.
INFO: [HLS 200-1470] Pipelining result : Target II = 1, Final II = 1, Depth = 13, loop 'LOAD_ROW_VITIS_LOOP_308_2'
INFO: [SCHED 204-11] Finished scheduling.
INFO: [HLS 200-111] Finished Scheduling: CPU user time: 0.08 seconds. CPU system time: 0.01 seconds. Elapsed time: 0.08 seconds; current allocated memory: 514.188 MB.
INFO: [BIND 205-100] Starting micro-architecture generation ...
INFO: [BIND 205-101] Performing variable lifetime analysis.
INFO: [BIND 205-101] Exploring resource sharing.
INFO: [BIND 205-101] Binding ...
INFO: [BIND 205-100] Finished micro-architecture generation.
INFO: [HLS 200-111] Finished Binding: CPU user time: 0.02 seconds. CPU system time: 0 seconds. Elapsed time: 0.02 seconds; current allocated memory: 514.188 MB.
INFO: [HLS 200-10] ----------------------------------------------------------------
INFO: [HLS 200-42] -- Implementing module 'upconv_core_top_ucb0' 
INFO: [HLS 200-10] ----------------------------------------------------------------
INFO: [SCHED 204-11] Starting scheduling ...
INFO: [SCHED 204-11] Finished scheduling.
INFO: [HLS 200-111] Finished Scheduling: CPU user time: 0.04 seconds. CPU system time: 0 seconds. Elapsed time: 0.04 seconds; current allocated memory: 514.531 MB.
INFO: [BIND 205-100] Starting micro-architecture generation ...
INFO: [BIND 205-101] Performing variable lifetime analysis.
INFO: [BIND 205-101] Exploring resource sharing.
INFO: [BIND 205-101] Binding ...
INFO: [BIND 205-100] Finished micro-architecture generation.
INFO: [HLS 200-111] Finished Binding: CPU user time: 0.04 seconds. CPU system time: 0.01 seconds. Elapsed time: 0.03 seconds; current allocated memory: 514.684 MB.
INFO: [HLS 200-10] ----------------------------------------------------------------
INFO: [HLS 200-10] -- Generating RTL for module 'upconv_core_top_ucb0_Pipeline_LOAD_ROW0_VITIS_LOOP_297_1' 
INFO: [HLS 200-10] ----------------------------------------------------------------
INFO: [HLS 200-1030] Apply Unified Pipeline Control on module 'upconv_core_top_ucb0_Pipeline_LOAD_ROW0_VITIS_LOOP_297_1' pipeline 'LOAD_ROW0_VITIS_LOOP_297_1' pipeline type 'loop pipeline'
WARNING: [RTGEN 206-101] Setting dangling out port 'upconv_core_top_ucb0_Pipeline_LOAD_ROW0_VITIS_LOOP_297_1/m_axi_gmem_in_0_ARVALID' to 0.
WARNING: [RTGEN 206-101] Setting dangling out port 'upconv_core_top_ucb0_Pipeline_LOAD_ROW0_VITIS_LOOP_297_1/m_axi_gmem_in_0_ARADDR' to 0.
WARNING: [RTGEN 206-101] Setting dangling out port 'upconv_core_top_ucb0_Pipeline_LOAD_ROW0_VITIS_LOOP_297_1/m_axi_gmem_in_0_ARID' to 0.
WARNING: [RTGEN 206-101] Setting dangling out port 'upconv_core_top_ucb0_Pipeline_LOAD_ROW0_VITIS_LOOP_297_1/m_axi_gmem_in_0_ARLEN' to 0.
WARNING: [RTGEN 206-101] Setting dangling out port 'upconv_core_top_ucb0_Pipeline_LOAD_ROW0_VITIS_LOOP_297_1/m_axi_gmem_in_0_ARSIZE' to 0.
WARNING: [RTGEN 206-101] Setting dangling out port 'upconv_core_top_ucb0_Pipeline_LOAD_ROW0_VITIS_LOOP_297_1/m_axi_gmem_in_0_ARBURST' to 0.
WARNING: [RTGEN 206-101] Setting dangling out port 'upconv_core_top_ucb0_Pipeline_LOAD_ROW0_VITIS_LOOP_297_1/m_axi_gmem_in_0_ARLOCK' to 0.
WARNING: [RTGEN 206-101] Setting dangling out port 'upconv_core_top_ucb0_Pipeline_LOAD_ROW0_VITIS_LOOP_297_1/m_axi_gmem_in_0_ARCACHE' to 0.
WARNING: [RTGEN 206-101] Setting dangling out port 'upconv_core_top_ucb0_Pipeline_LOAD_ROW0_VITIS_LOOP_297_1/m_axi_gmem_in_0_ARPROT' to 0.
WARNING: [RTGEN 206-101] Setting dangling out port 'upconv_core_top_ucb0_Pipeline_LOAD_ROW0_VITIS_LOOP_297_1/m_axi_gmem_in_0_ARQOS' to 0.
WARNING: [RTGEN 206-101] Setting dangling out port 'upconv_core_top_ucb0_Pipeline_LOAD_ROW0_VITIS_LOOP_297_1/m_axi_gmem_in_0_ARREGION' to 0.
WARNING: [RTGEN 206-101] Setting dangling out port 'upconv_core_top_ucb0_Pipeline_LOAD_ROW0_VITIS_LOOP_297_1/m_axi_gmem_in_0_ARUSER' to 0.
INFO: [RTGEN 206-100] Finished creating RTL model for 'upconv_core_top_ucb0_Pipeline_LOAD_ROW0_VITIS_LOOP_297_1'.
INFO: [HLS 200-111] Finished Creating RTL model: CPU user time: 0.14 seconds. CPU system time: 0 seconds. Elapsed time: 0.14 seconds; current allocated memory: 515.453 MB.
INFO: [HLS 200-10] ----------------------------------------------------------------
INFO: [HLS 200-10] -- Generating RTL for module 'UpConv_Fused_Row_8_16_16_960_480_Pipeline_RESET_ROW_ACC' 
INFO: [HLS 200-10] ----------------------------------------------------------------
INFO: [HLS 200-1030] Apply Unified Pipeline Control on module 'UpConv_Fused_Row_8_16_16_960_480_Pipeline_RESET_ROW_ACC' pipeline 'RESET_ROW_ACC' pipeline type 'loop pipeline'
INFO: [RTGEN 206-100] Finished creating RTL model for 'UpConv_Fused_Row_8_16_16_960_480_Pipeline_RESET_ROW_ACC'.
INFO: [HLS 200-111] Finished Creating RTL model: CPU user time: 0.06 seconds. CPU system time: 0.01 seconds. Elapsed time: 0.06 seconds; current allocated memory: 517.012 MB.
INFO: [HLS 200-10] ----------------------------------------------------------------
INFO: [HLS 200-10] -- Generating RTL for module 'entry_proc' 
INFO: [HLS 200-10] ----------------------------------------------------------------
INFO: [RTGEN 206-100] Finished creating RTL model for 'entry_proc'.
INFO: [HLS 200-111] Finished Creating RTL model: CPU user time: 0.04 seconds. CPU system time: 0 seconds. Elapsed time: 0.05 seconds; current allocated memory: 518.320 MB.
INFO: [HLS 200-10] ----------------------------------------------------------------
INFO: [HLS 200-10] -- Generating RTL for module 'uc_load_tile_8_480_60_s' 
INFO: [HLS 200-10] ----------------------------------------------------------------
INFO: [HLS 200-1030] Apply Unified Pipeline Control on module 'uc_load_tile_8_480_60_s' pipeline 'PRELOAD_W_W_FLAT' pipeline type 'loop pipeline'
INFO: [RTGEN 206-100] Generating core module 'mul_9ns_16ns_24_1_1': 1 instance(s).
INFO: [RTGEN 206-100] Finished creating RTL model for 'uc_load_tile_8_480_60_s'.
INFO: [HLS 200-111] Finished Creating RTL model: CPU user time: 0.06 seconds. CPU system time: 0 seconds. Elapsed time: 0.06 seconds; current allocated memory: 519.668 MB.
INFO: [HLS 200-10] ----------------------------------------------------------------
INFO: [HLS 200-10] -- Generating RTL for module 'uc_compute_tile_8_16_16_60_32_480_480_Pipeline_KW_LOOP_FLAT_LOOP' 
INFO: [HLS 200-10] ----------------------------------------------------------------
INFO: [HLS 200-1030] Apply Unified Pipeline Control on module 'uc_compute_tile_8_16_16_60_32_480_480_Pipeline_KW_LOOP_FLAT_LOOP' pipeline 'KW_LOOP_FLAT_LOOP' pipeline type 'loop pipeline'
INFO: [RTGEN 206-104] Estimated max fanout for 'uc_compute_tile_8_16_16_60_32_480_480_Pipeline_KW_LOOP_FLAT_LOOP' is 86840 from HDL expression: (1'b0 == ap_block_pp0_stage0_11001)
INFO: [RTGEN 206-100] Generating core module 'hadd_16ns_16ns_16_5_full_dsp_1': 168 instance(s).
INFO: [RTGEN 206-100] Generating core module 'hmul_16ns_16ns_16_4_no_dsp_1': 128 instance(s).
INFO: [RTGEN 206-100] Generating core module 'sparsemux_9_2_16_1_1': 8 instance(s).
INFO: [RTGEN 206-100] Finished creating RTL model for 'uc_compute_tile_8_16_16_60_32_480_480_Pipeline_KW_LOOP_FLAT_LOOP'.
INFO: [HLS 200-111] Finished Creating RTL model: CPU user time: 0.6 seconds. CPU system time: 0.02 seconds. Elapsed time: 0.61 seconds; current allocated memory: 554.910 MB.
INFO: [HLS 200-10] ----------------------------------------------------------------
INFO: [HLS 200-10] -- Generating RTL for module 'uc_compute_tile_8_16_16_60_32_480_480_s' 
INFO: [HLS 200-10] ----------------------------------------------------------------
INFO: [RTGEN 206-100] Finished creating RTL model for 'uc_compute_tile_8_16_16_60_32_480_480_s'.
INFO: [HLS 200-111] Finished Creating RTL model: CPU user time: 0.54 seconds. CPU system time: 0.02 seconds. Elapsed time: 0.55 seconds; current allocated memory: 570.371 MB.
INFO: [HLS 200-10] ----------------------------------------------------------------
INFO: [HLS 200-10] -- Generating RTL for module 'dataflow_in_loop_TILE_LOOP_1' 
INFO: [HLS 200-10] ----------------------------------------------------------------
WARNING: [HLS 200-656] Deadlocks can occur since process uc_load_tile<8, 480, 60> is instantiated in a dataflow region with ap_ctrl_none or without start propagation and contains an auto-rewind pipeline.
Resolution: For help on HLS 200-656 see docs.xilinx.com/access/sources/dita/topic?Doc_Version=2024.2%20English&url=ug1448-hls-guidance&resourceid=200-656.html
WARNING: [RTGEN 206-101] Setting dangling out port 'dataflow_in_loop_TILE_LOOP_1/m_axi_gmem_weight_0_AWVALID' to 0.
WARNING: [RTGEN 206-101] Setting dangling out port 'dataflow_in_loop_TILE_LOOP_1/m_axi_gmem_weight_0_AWADDR' to 0.
WARNING: [RTGEN 206-101] Setting dangling out port 'dataflow_in_loop_TILE_LOOP_1/m_axi_gmem_weight_0_AWID' to 0.
WARNING: [RTGEN 206-101] Setting dangling out port 'dataflow_in_loop_TILE_LOOP_1/m_axi_gmem_weight_0_AWLEN' to 0.
WARNING: [RTGEN 206-101] Setting dangling out port 'dataflow_in_loop_TILE_LOOP_1/m_axi_gmem_weight_0_AWSIZE' to 0.
WARNING: [RTGEN 206-101] Setting dangling out port 'dataflow_in_loop_TILE_LOOP_1/m_axi_gmem_weight_0_AWBURST' to 0.
WARNING: [RTGEN 206-101] Setting dangling out port 'dataflow_in_loop_TILE_LOOP_1/m_axi_gmem_weight_0_AWLOCK' to 0.
WARNING: [RTGEN 206-101] Setting dangling out port 'dataflow_in_loop_TILE_LOOP_1/m_axi_gmem_weight_0_AWCACHE' to 0.
WARNING: [RTGEN 206-101] Setting dangling out port 'dataflow_in_loop_TILE_LOOP_1/m_axi_gmem_weight_0_AWPROT' to 0.
WARNING: [RTGEN 206-101] Setting dangling out port 'dataflow_in_loop_TILE_LOOP_1/m_axi_gmem_weight_0_AWQOS' to 0.
WARNING: [RTGEN 206-101] Setting dangling out port 'dataflow_in_loop_TILE_LOOP_1/m_axi_gmem_weight_0_AWREGION' to 0.
WARNING: [RTGEN 206-101] Setting dangling out port 'dataflow_in_loop_TILE_LOOP_1/m_axi_gmem_weight_0_AWUSER' to 0.
WARNING: [RTGEN 206-101] Setting dangling out port 'dataflow_in_loop_TILE_LOOP_1/m_axi_gmem_weight_0_WVALID' to 0.
WARNING: [RTGEN 206-101] Setting dangling out port 'dataflow_in_loop_TILE_LOOP_1/m_axi_gmem_weight_0_WDATA' to 0.
WARNING: [RTGEN 206-101] Setting dangling out port 'dataflow_in_loop_TILE_LOOP_1/m_axi_gmem_weight_0_WSTRB' to 0.
WARNING: [RTGEN 206-101] Setting dangling out port 'dataflow_in_loop_TILE_LOOP_1/m_axi_gmem_weight_0_WLAST' to 0.
WARNING: [RTGEN 206-101] Setting dangling out port 'dataflow_in_loop_TILE_LOOP_1/m_axi_gmem_weight_0_WID' to 0.
WARNING: [RTGEN 206-101] Setting dangling out port 'dataflow_in_loop_TILE_LOOP_1/m_axi_gmem_weight_0_WUSER' to 0.
WARNING: [RTGEN 206-101] Setting dangling out port 'dataflow_in_loop_TILE_LOOP_1/m_axi_gmem_weight_0_BREADY' to 0.
INFO: [RTGEN 206-100] Finished creating RTL model for 'dataflow_in_loop_TILE_LOOP_1'.
INFO: [HLS 200-741] Implementing PIPO upconv_core_top_ucb0_dataflow_in_loop_TILE_LOOP_1_wbuf_RAM_T2P_URAM_1R1W using a single memory for all blocks
INFO: [RTMG 210-278] Implementing memory 'upconv_core_top_ucb0_dataflow_in_loop_TILE_LOOP_1_wbuf_RAM_T2P_URAM_1R1W_memcore' using ultra RAMs.
INFO: [RTMG 210-285] Implementing FIFO 'ho_c_U(upconv_core_top_ucb0_fifo_w5_d3_S)' using Shift Registers.
INFO: [RTMG 210-285] Implementing FIFO 'tile_0_c_channel_U(upconv_core_top_ucb0_fifo_w6_d2_S)' using Shift Registers.
INFO: [HLS 200-111] Finished Creating RTL model: CPU user time: 0.13 seconds. CPU system time: 0.01 seconds. Elapsed time: 0.14 seconds; current allocated memory: 572.750 MB.
INFO: [HLS 200-10] ----------------------------------------------------------------
INFO: [HLS 200-10] -- Generating RTL for module 'dataflow_parent_loop_proc' 
INFO: [HLS 200-10] ----------------------------------------------------------------
WARNING: [HLS 200-656] Deadlocks can occur since process uc_load_tile<8, 480, 60> is instantiated in a dataflow region with ap_ctrl_none or without start propagation and contains an auto-rewind pipeline.
Resolution: For help on HLS 200-656 see docs.xilinx.com/access/sources/dita/topic?Doc_Version=2024.2%20English&url=ug1448-hls-guidance&resourceid=200-656.html
WARNING: [RTGEN 206-101] Setting dangling out port 'dataflow_parent_loop_proc/m_axi_gmem_weight_0_AWVALID' to 0.
WARNING: [RTGEN 206-101] Setting dangling out port 'dataflow_parent_loop_proc/m_axi_gmem_weight_0_AWADDR' to 0.
WARNING: [RTGEN 206-101] Setting dangling out port 'dataflow_parent_loop_proc/m_axi_gmem_weight_0_AWID' to 0.
WARNING: [RTGEN 206-101] Setting dangling out port 'dataflow_parent_loop_proc/m_axi_gmem_weight_0_AWLEN' to 0.
WARNING: [RTGEN 206-101] Setting dangling out port 'dataflow_parent_loop_proc/m_axi_gmem_weight_0_AWSIZE' to 0.
WARNING: [RTGEN 206-101] Setting dangling out port 'dataflow_parent_loop_proc/m_axi_gmem_weight_0_AWBURST' to 0.
WARNING: [RTGEN 206-101] Setting dangling out port 'dataflow_parent_loop_proc/m_axi_gmem_weight_0_AWLOCK' to 0.
WARNING: [RTGEN 206-101] Setting dangling out port 'dataflow_parent_loop_proc/m_axi_gmem_weight_0_AWCACHE' to 0.
WARNING: [RTGEN 206-101] Setting dangling out port 'dataflow_parent_loop_proc/m_axi_gmem_weight_0_AWPROT' to 0.
WARNING: [RTGEN 206-101] Setting dangling out port 'dataflow_parent_loop_proc/m_axi_gmem_weight_0_AWQOS' to 0.
WARNING: [RTGEN 206-101] Setting dangling out port 'dataflow_parent_loop_proc/m_axi_gmem_weight_0_AWREGION' to 0.
WARNING: [RTGEN 206-101] Setting dangling out port 'dataflow_parent_loop_proc/m_axi_gmem_weight_0_AWUSER' to 0.
WARNING: [RTGEN 206-101] Setting dangling out port 'dataflow_parent_loop_proc/m_axi_gmem_weight_0_WVALID' to 0.
WARNING: [RTGEN 206-101] Setting dangling out port 'dataflow_parent_loop_proc/m_axi_gmem_weight_0_WDATA' to 0.
WARNING: [RTGEN 206-101] Setting dangling out port 'dataflow_parent_loop_proc/m_axi_gmem_weight_0_WSTRB' to 0.
WARNING: [RTGEN 206-101] Setting dangling out port 'dataflow_parent_loop_proc/m_axi_gmem_weight_0_WLAST' to 0.
WARNING: [RTGEN 206-101] Setting dangling out port 'dataflow_parent_loop_proc/m_axi_gmem_weight_0_WID' to 0.
WARNING: [RTGEN 206-101] Setting dangling out port 'dataflow_parent_loop_proc/m_axi_gmem_weight_0_WUSER' to 0.
WARNING: [RTGEN 206-101] Setting dangling out port 'dataflow_parent_loop_proc/m_axi_gmem_weight_0_BREADY' to 0.
INFO: [RTGEN 206-100] Finished creating RTL model for 'dataflow_parent_loop_proc'.
INFO: [HLS 200-111] Finished Creating RTL model: CPU user time: 0.13 seconds. CPU system time: 0.01 seconds. Elapsed time: 0.14 seconds; current allocated memory: 575.266 MB.
INFO: [HLS 200-10] ----------------------------------------------------------------
INFO: [HLS 200-10] -- Generating RTL for module 'UpConv_Fused_Row_8_16_16_960_480_Pipeline_LOAD_PARAMS' 
INFO: [HLS 200-10] ----------------------------------------------------------------
INFO: [HLS 200-1030] Apply Unified Pipeline Control on module 'UpConv_Fused_Row_8_16_16_960_480_Pipeline_LOAD_PARAMS' pipeline 'LOAD_PARAMS' pipeline type 'loop pipeline'
INFO: [RTGEN 206-100] Finished creating RTL model for 'UpConv_Fused_Row_8_16_16_960_480_Pipeline_LOAD_PARAMS'.
INFO: [HLS 200-111] Finished Creating RTL model: CPU user time: 0.1 seconds. CPU system time: 0 seconds. Elapsed time: 0.09 seconds; current allocated memory: 576.641 MB.
INFO: [HLS 200-10] ----------------------------------------------------------------
INFO: [HLS 200-10] -- Generating RTL for module 'UpConv_Fused_Row_8_16_16_960_480_Pipeline_PIXEL_STATS' 
INFO: [HLS 200-10] ----------------------------------------------------------------
INFO: [HLS 200-1030] Apply Unified Pipeline Control on module 'UpConv_Fused_Row_8_16_16_960_480_Pipeline_PIXEL_STATS' pipeline 'PIXEL_STATS' pipeline type 'loop pipeline'
INFO: [RTGEN 206-104] Estimated max fanout for 'UpConv_Fused_Row_8_16_16_960_480_Pipeline_PIXEL_STATS' is 13167 from HDL expression: (1'b0 == ap_block_pp0_stage0_11001)
INFO: [RTGEN 206-100] Generating core module 'fadd_32ns_32ns_32_11_full_dsp_1': 19 instance(s).
INFO: [RTGEN 206-100] Generating core module 'fdiv_32ns_32ns_32_30_no_dsp_1': 3 instance(s).
INFO: [RTGEN 206-100] Generating core module 'fmul_32ns_32ns_32_7_max_dsp_1': 2 instance(s).
INFO: [RTGEN 206-100] Generating core module 'fsqrt_32ns_32ns_32_28_no_dsp_1': 1 instance(s).
INFO: [RTGEN 206-100] Generating core module 'fsub_32ns_32ns_32_11_full_dsp_1': 1 instance(s).
INFO: [RTGEN 206-100] Generating core module 'hadd_16ns_16ns_16_5_full_dsp_1': 1 instance(s).
INFO: [RTGEN 206-100] Generating core module 'hptosp_16ns_32_2_no_dsp_1': 1 instance(s).
INFO: [RTGEN 206-100] Generating core module 'partselect_16ns_256ns_32s_16_1_1': 1 instance(s).
INFO: [RTGEN 206-100] Generating core module 'sparsemux_17_3_32_1_1': 2 instance(s).
INFO: [RTGEN 206-100] Generating core module 'sparsemux_33_4_16_1_1': 1 instance(s).
INFO: [RTGEN 206-100] Generating core module 'sptohp_32ns_16_2_no_dsp_1': 1 instance(s).
INFO: [RTGEN 206-100] Finished creating RTL model for 'UpConv_Fused_Row_8_16_16_960_480_Pipeline_PIXEL_STATS'.
INFO: [HLS 200-111] Finished Creating RTL model: CPU user time: 0.28 seconds. CPU system time: 0.01 seconds. Elapsed time: 0.3 seconds; current allocated memory: 589.258 MB.
INFO: [HLS 200-10] ----------------------------------------------------------------
INFO: [HLS 200-10] -- Generating RTL for module 'UpConv_Fused_Row_8_16_16_960_480_Pipeline_PIXEL_NORM' 
INFO: [HLS 200-10] ----------------------------------------------------------------
INFO: [HLS 200-1030] Apply Unified Pipeline Control on module 'UpConv_Fused_Row_8_16_16_960_480_Pipeline_PIXEL_NORM' pipeline 'PIXEL_NORM' pipeline type 'loop pipeline'
INFO: [RTGEN 206-100] Generating core module 'hadd_16ns_16ns_16_5_full_dsp_1': 16 instance(s).
INFO: [RTGEN 206-100] Generating core module 'hcmp_16ns_16ns_1_2_no_dsp_1': 16 instance(s).
INFO: [RTGEN 206-100] Generating core module 'hmul_16ns_16ns_16_4_max_dsp_1': 32 instance(s).
INFO: [RTGEN 206-100] Generating core module 'hsub_16ns_16ns_16_5_full_dsp_1': 16 instance(s).
INFO: [RTGEN 206-100] Generating core module 'sptohp_32ns_16_2_no_dsp_1': 1 instance(s).
INFO: [RTGEN 206-100] Finished creating RTL model for 'UpConv_Fused_Row_8_16_16_960_480_Pipeline_PIXEL_NORM'.
INFO: [HLS 200-111] Finished Creating RTL model: CPU user time: 0.28 seconds. CPU system time: 0.01 seconds. Elapsed time: 0.3 seconds; current allocated memory: 601.480 MB.
INFO: [HLS 200-10] ----------------------------------------------------------------
INFO: [HLS 200-10] -- Generating RTL for module 'UpConv_Fused_Row_8_16_16_960_480_s' 
INFO: [HLS 200-10] ----------------------------------------------------------------
INFO: [SYN 201-210] Renamed object name 'UpConv_Fused_Row_8_16_16_960_480_s_void_UpConv_Fused_Row_ap_uint_ap_uint_const_ap_uint_const_ap_uint_const_ap_u_9_RAM_T2P_URAM_1R1W' to 'UpConv_Fused_Row_8_16_16_960_480_s_void_UpConv_Fused_Row_ap_uint_ap_uint_consbkb' due to the length limit 80
INFO: [SYN 201-210] Renamed object name 'UpConv_Fused_Row_8_16_16_960_480_s_void_UpConv_Fused_Row_ap_uint_ap_uint_const_ap_uint_const_ap_uint_const_ap_u_8_RAM_T2P_URAM_1R1W' to 'UpConv_Fused_Row_8_16_16_960_480_s_void_UpConv_Fused_Row_ap_uint_ap_uint_conscud' due to the length limit 80
INFO: [SYN 201-210] Renamed object name 'UpConv_Fused_Row_8_16_16_960_480_s_void_UpConv_Fused_Row_ap_uint_ap_uint_const_ap_uint_const_ap_uint_const_ap_u_7_RAM_T2P_URAM_1R1W' to 'UpConv_Fused_Row_8_16_16_960_480_s_void_UpConv_Fused_Row_ap_uint_ap_uint_consdEe' due to the length limit 80
INFO: [SYN 201-210] Renamed object name 'UpConv_Fused_Row_8_16_16_960_480_s_void_UpConv_Fused_Row_ap_uint_ap_uint_const_ap_uint_const_ap_uint_const_ap_u_6_RAM_T2P_URAM_1R1W' to 'UpConv_Fused_Row_8_16_16_960_480_s_void_UpConv_Fused_Row_ap_uint_ap_uint_conseOg' due to the length limit 80
INFO: [SYN 201-210] Renamed object name 'UpConv_Fused_Row_8_16_16_960_480_s_void_UpConv_Fused_Row_ap_uint_ap_uint_const_ap_uint_const_ap_uint_const_ap_u_5_RAM_T2P_URAM_1R1W' to 'UpConv_Fused_Row_8_16_16_960_480_s_void_UpConv_Fused_Row_ap_uint_ap_uint_consfYi' due to the length limit 80
INFO: [SYN 201-210] Renamed object name 'UpConv_Fused_Row_8_16_16_960_480_s_void_UpConv_Fused_Row_ap_uint_ap_uint_const_ap_uint_const_ap_uint_const_ap_u_4_RAM_T2P_URAM_1R1W' to 'UpConv_Fused_Row_8_16_16_960_480_s_void_UpConv_Fused_Row_ap_uint_ap_uint_consg8j' due to the length limit 80
INFO: [SYN 201-210] Renamed object name 'UpConv_Fused_Row_8_16_16_960_480_s_void_UpConv_Fused_Row_ap_uint_ap_uint_const_ap_uint_const_ap_uint_const_ap_u_3_RAM_T2P_URAM_1R1W' to 'UpConv_Fused_Row_8_16_16_960_480_s_void_UpConv_Fused_Row_ap_uint_ap_uint_conshbi' due to the length limit 80
INFO: [SYN 201-210] Renamed object name 'UpConv_Fused_Row_8_16_16_960_480_s_void_UpConv_Fused_Row_ap_uint_ap_uint_const_ap_uint_const_ap_uint_const_ap_u_2_RAM_T2P_URAM_1R1W' to 'UpConv_Fused_Row_8_16_16_960_480_s_void_UpConv_Fused_Row_ap_uint_ap_uint_consibs' due to the length limit 80
INFO: [SYN 201-210] Renamed object name 'UpConv_Fused_Row_8_16_16_960_480_s_void_UpConv_Fused_Row_ap_uint_ap_uint_const_ap_uint_const_ap_uint_const_ap_u_1_RAM_T2P_URAM_1R1W' to 'UpConv_Fused_Row_8_16_16_960_480_s_void_UpConv_Fused_Row_ap_uint_ap_uint_consjbC' due to the length limit 80
INFO: [SYN 201-210] Renamed object name 'UpConv_Fused_Row_8_16_16_960_480_s_void_UpConv_Fused_Row_ap_uint_ap_uint_const_ap_uint_const_ap_uint_const_ap_u_RAM_T2P_URAM_1R1W' to 'UpConv_Fused_Row_8_16_16_960_480_s_void_UpConv_Fused_Row_ap_uint_ap_uint_conskbM' due to the length limit 80
INFO: [SYN 201-210] Renamed object name 'UpConv_Fused_Row_8_16_16_960_480_s_p_ZZ16UpConv_Fused_RowILi8ELi16ELi16ELi960ELi480EEvP7ap_uintILi256EEPKS1_S4_S4_S4_5_RAM_T2P_URAM_1R1W' to 'UpConv_Fused_Row_8_16_16_960_480_s_p_ZZ16UpConv_Fused_RowILi8ELi16ELi16ELi960lbW' due to the length limit 80
INFO: [SYN 201-210] Renamed object name 'UpConv_Fused_Row_8_16_16_960_480_s_p_ZZ16UpConv_Fused_RowILi8ELi16ELi16ELi960ELi480EEvP7ap_uintILi256EEPKS1_S4_S4_S4_4_RAM_T2P_URAM_1R1W' to 'UpConv_Fused_Row_8_16_16_960_480_s_p_ZZ16UpConv_Fused_RowILi8ELi16ELi16ELi960mb6' due to the length limit 80
INFO: [SYN 201-210] Renamed object name 'UpConv_Fused_Row_8_16_16_960_480_s_p_ZZ16UpConv_Fused_RowILi8ELi16ELi16ELi960ELi480EEvP7ap_uintILi256EEPKS1_S4_S4_S4_3_RAM_T2P_URAM_1R1W' to 'UpConv_Fused_Row_8_16_16_960_480_s_p_ZZ16UpConv_Fused_RowILi8ELi16ELi16ELi960ncg' due to the length limit 80
INFO: [SYN 201-210] Renamed object name 'UpConv_Fused_Row_8_16_16_960_480_s_p_ZZ16UpConv_Fused_RowILi8ELi16ELi16ELi960ELi480EEvP7ap_uintILi256EEPKS1_S4_S4_S4_2_RAM_T2P_URAM_1R1W' to 'UpConv_Fused_Row_8_16_16_960_480_s_p_ZZ16UpConv_Fused_RowILi8ELi16ELi16ELi960ocq' due to the length limit 80
INFO: [SYN 201-210] Renamed object name 'UpConv_Fused_Row_8_16_16_960_480_s_p_ZZ16UpConv_Fused_RowILi8ELi16ELi16ELi960ELi480EEvP7ap_uintILi256EEPKS1_S4_S4_S4_1_RAM_T2P_URAM_1R1W' to 'UpConv_Fused_Row_8_16_16_960_480_s_p_ZZ16UpConv_Fused_RowILi8ELi16ELi16ELi960pcA' due to the length limit 80
INFO: [SYN 201-210] Renamed object name 'UpConv_Fused_Row_8_16_16_960_480_s_p_ZZ16UpConv_Fused_RowILi8ELi16ELi16ELi960ELi480EEvP7ap_uintILi256EEPKS1_S4_S4_S4_RAM_T2P_URAM_1R1W' to 'UpConv_Fused_Row_8_16_16_960_480_s_p_ZZ16UpConv_Fused_RowILi8ELi16ELi16ELi960qcK' due to the length limit 80
INFO: [RTGEN 206-100] Generating core module 'hadd_16ns_16ns_16_5_full_dsp_1': 1 instance(s).
INFO: [RTGEN 206-100] Generating core module 'hptosp_16ns_32_2_no_dsp_1': 1 instance(s).
INFO: [RTGEN 206-100] Generating core module 'sptohp_32ns_16_2_no_dsp_1': 1 instance(s).
INFO: [RTGEN 206-100] Finished creating RTL model for 'UpConv_Fused_Row_8_16_16_960_480_s'.
INFO: [RTMG 210-278] Implementing memory 'upconv_core_top_ucb0_UpConv_Fused_Row_8_16_16_960_480_s_void_UpConv_Fused_Row_ap_uint_ap_uint_consbkb' using ultra RAMs.
INFO: [RTMG 210-278] Implementing memory 'upconv_core_top_ucb0_UpConv_Fused_Row_8_16_16_960_480_s_mean_buf_RAM_2P_LUTRAM_1R1W' using distributed RAMs.
INFO: [RTMG 210-278] Implementing memory 'upconv_core_top_ucb0_UpConv_Fused_Row_8_16_16_960_480_s_inv_buf_RAM_2P_LUTRAM_1R1W' using distributed RAMs.
INFO: [RTMG 210-278] Implementing memory 'upconv_core_top_ucb0_UpConv_Fused_Row_8_16_16_960_480_s_b_buf_RAM_T2P_BRAM_1R1W' using block RAMs.
INFO: [HLS 200-111] Finished Creating RTL model: CPU user time: 0.25 seconds. CPU system time: 0.01 seconds. Elapsed time: 0.27 seconds; current allocated memory: 612.414 MB.
INFO: [HLS 200-10] ----------------------------------------------------------------
INFO: [HLS 200-10] -- Generating RTL for module 'upconv_core_top_ucb0_Pipeline_LOAD_ROW_VITIS_LOOP_308_2' 
INFO: [HLS 200-10] ----------------------------------------------------------------
INFO: [HLS 200-1030] Apply Unified Pipeline Control on module 'upconv_core_top_ucb0_Pipeline_LOAD_ROW_VITIS_LOOP_308_2' pipeline 'LOAD_ROW_VITIS_LOOP_308_2' pipeline type 'loop pipeline'
INFO: [RTGEN 206-100] Finished creating RTL model for 'upconv_core_top_ucb0_Pipeline_LOAD_ROW_VITIS_LOOP_308_2'.
INFO: [HLS 200-111] Finished Creating RTL model: CPU user time: 0.14 seconds. CPU system time: 0.01 seconds. Elapsed time: 0.14 seconds; current allocated memory: 614.773 MB.
INFO: [HLS 200-10] ----------------------------------------------------------------
INFO: [HLS 200-10] -- Generating RTL for module 'upconv_core_top_ucb0' 
INFO: [HLS 200-10] ----------------------------------------------------------------
WARNING: [RTGEN 206-101] Design contains AXI ports. Reset is fixed to synchronous and active low.
INFO: [RTGEN 206-500] Setting interface mode on port 'upconv_core_top_ucb0/gmem_in' to 'm_axi'.
INFO: [RTGEN 206-500] Setting interface mode on port 'upconv_core_top_ucb0/gmem_weight' to 'm_axi'.
INFO: [RTGEN 206-500] Setting interface mode on port 'upconv_core_top_ucb0/gmem_param' to 'm_axi'.
INFO: [RTGEN 206-500] Setting interface mode on port 'upconv_core_top_ucb0/gmem_out' to 'm_axi'.
INFO: [RTGEN 206-500] Setting interface mode on port 'upconv_core_top_ucb0/X' to 's_axilite & ap_none'.
INFO: [RTGEN 206-500] Setting interface mode on port 'upconv_core_top_ucb0/W' to 's_axilite & ap_none'.
INFO: [RTGEN 206-500] Setting interface mode on port 'upconv_core_top_ucb0/B' to 's_axilite & ap_none'.
INFO: [RTGEN 206-500] Setting interface mode on port 'upconv_core_top_ucb0/G' to 's_axilite & ap_none'.
INFO: [RTGEN 206-500] Setting interface mode on port 'upconv_core_top_ucb0/BE' to 's_axilite & ap_none'.
INFO: [RTGEN 206-500] Setting interface mode on port 'upconv_core_top_ucb0/Y' to 's_axilite & ap_none'.
INFO: [RTGEN 206-500] Setting interface mode on port 'upconv_core_top_ucb0/epsilon' to 's_axilite & ap_none'.
INFO: [RTGEN 206-500] Setting interface mode on function 'upconv_core_top_ucb0' to 's_axilite & ap_ctrl_hs'.
INFO: [RTGEN 206-100] Bundling port 'X', 'W', 'B', 'G', 'BE', 'Y', 'epsilon' and 'return' to AXI-Lite port control.
INFO: [RTGEN 206-100] Finished creating RTL model for 'upconv_core_top_ucb0'.
INFO: [RTMG 210-278] Implementing memory 'upconv_core_top_ucb0_x_buf_RAM_T2P_URAM_1R1W' using ultra RAMs.
INFO: [HLS 200-111] Finished Creating RTL model: CPU user time: 0.13 seconds. CPU system time: 0.01 seconds. Elapsed time: 0.14 seconds; current allocated memory: 618.477 MB.
INFO: [HLS 200-111] Finished Generating all RTL models: CPU user time: 0.34 seconds. CPU system time: 0.02 seconds. Elapsed time: 0.36 seconds; current allocated memory: 620.832 MB.
INFO: [HLS 200-1603] Design has inferred MAXI bursts and missed bursts, see Vitis HLS GUI synthesis summary report for detailed information.
INFO: [HLS 200-111] Finished Updating report files: CPU user time: 1.07 seconds. CPU system time: 0.02 seconds. Elapsed time: 1.1 seconds; current allocated memory: 645.969 MB.
INFO: [VHDL 208-304] Generating VHDL RTL for upconv_core_top_ucb0.
INFO: [VLOG 209-307] Generating Verilog RTL for upconv_core_top_ucb0.
INFO: [HLS 200-790] **** Loop Constraint Status: All loop constraints were satisfied.
INFO: [HLS 200-789] **** Estimated Fmax: 297.89 MHz
INFO: [HLS 200-112] Total CPU user time: 25.43 seconds. Total CPU system time: 1.65 seconds. Total elapsed time: 30.14 seconds; peak allocated memory: 646.309 MB.
INFO: [v++ 60-791] Total elapsed time: 0h 0m 33s
