Execute     source -notrace -encoding utf-8 /home/tools/Xilinx/Vitis/2024.2/tps/tcl/tcl8.6/clock.tcl 
Execute       source -encoding utf-8 /home/tools/Xilinx/Vitis/2024.2/tps/tcl/tcl8/8.5/msgcat-1.6.1.tm 
INFO-FLOW: Workspace /home/hoinguyen/Documents/Vitis/UpConv_HLS/upconv_block0/upconv_block0/hls opened at Thu Jun 18 11:44:09 +07 2026
Execute     send_msg_by_id INFO @200-1505@%s%s default  vivado 
INFO: [HLS 200-1505] Using default flow_target 'vivado'
Execute   apply_ini /home/hoinguyen/Documents/Vitis/UpConv_HLS/upconv_block0/hls_config.cfg 
Execute     send_msg_by_id INFO @200-1465@%s 'syn.file=/home/hoinguyen/Documents/Vitis/UpConv_HLS/gen/upconv_core_top_ucb0.cpp' from /home/hoinguyen/Documents/Vitis/UpConv_HLS/upconv_block0/hls_config.cfg(7) 
INFO: [HLS 200-1465] Applying ini 'syn.file=/home/hoinguyen/Documents/Vitis/UpConv_HLS/gen/upconv_core_top_ucb0.cpp' from /home/hoinguyen/Documents/Vitis/UpConv_HLS/upconv_block0/hls_config.cfg(7)
Execute     add_files /home/hoinguyen/Documents/Vitis/UpConv_HLS/gen/upconv_core_top_ucb0.cpp 
INFO: [HLS 200-10] Adding design file '/home/hoinguyen/Documents/Vitis/UpConv_HLS/gen/upconv_core_top_ucb0.cpp' to the project
Execute     send_msg_by_id INFO @200-1465@%s 'tb.file=/home/hoinguyen/Documents/Vitis/UpConv_HLS/test_ucb0.cpp' from /home/hoinguyen/Documents/Vitis/UpConv_HLS/upconv_block0/hls_config.cfg(8) 
INFO: [HLS 200-1465] Applying ini 'tb.file=/home/hoinguyen/Documents/Vitis/UpConv_HLS/test_ucb0.cpp' from /home/hoinguyen/Documents/Vitis/UpConv_HLS/upconv_block0/hls_config.cfg(8)
Execute     add_files -tb /home/hoinguyen/Documents/Vitis/UpConv_HLS/test_ucb0.cpp 
INFO: [HLS 200-10] Adding test bench file '/home/hoinguyen/Documents/Vitis/UpConv_HLS/test_ucb0.cpp' to the project
Execute     send_msg_by_id INFO @200-1465@%s 'syn.top=upconv_core_top_ucb0' from /home/hoinguyen/Documents/Vitis/UpConv_HLS/upconv_block0/hls_config.cfg(10) 
INFO: [HLS 200-1465] Applying ini 'syn.top=upconv_core_top_ucb0' from /home/hoinguyen/Documents/Vitis/UpConv_HLS/upconv_block0/hls_config.cfg(10)
Execute     set_top upconv_core_top_ucb0 
Execute     send_msg_by_id INFO @200-1465@%s 'flow_target=vivado' from /home/hoinguyen/Documents/Vitis/UpConv_HLS/upconv_block0/hls_config.cfg(4) 
INFO: [HLS 200-1465] Applying ini 'flow_target=vivado' from /home/hoinguyen/Documents/Vitis/UpConv_HLS/upconv_block0/hls_config.cfg(4)
Execute     send_msg_by_id INFO @200-1505@%s%s  vivado 
INFO: [HLS 200-1505] Using flow_target 'vivado'
Execute     send_msg_by_id INFO @200-1465@%s 'part=xczu7ev-ffvc1156-2-e' from /home/hoinguyen/Documents/Vitis/UpConv_HLS/upconv_block0/hls_config.cfg(1) 
INFO: [HLS 200-1465] Applying ini 'part=xczu7ev-ffvc1156-2-e' from /home/hoinguyen/Documents/Vitis/UpConv_HLS/upconv_block0/hls_config.cfg(1)
Execute     set_part xczu7ev-ffvc1156-2-e 
Execute       create_platform xczu7ev-ffvc1156-2-e -board  
DBG:HLSDevice: Trying to load device library: /home/tools/Xilinx/Vitis/2024.2/lib/lnx64.o/libxv_hlsvwrap.so
DBG:HLSDevice: first parts/arch.xml in RDI_DATADIR: /home/tools/Xilinx/Vivado/2024.2/data/parts/arch.xml
DBG:HLSDevice: init success
INFO: [HLS 200-1611] Setting target device to 'xczu7ev-ffvc1156-2-e'
Command       create_platform done; 0.69 sec.
Execute       source /home/tools/Xilinx/Vitis/2024.2/common/technology/xilinx/common/xilinx.gen 
Execute         source /home/tools/Xilinx/Vitis/2024.2/common/technology/xilinx/interface/plb46.gen 
Execute         source /home/tools/Xilinx/Vitis/2024.2/common/technology/xilinx/interface/axi4.gen 
Execute         source /home/tools/Xilinx/Vitis/2024.2/common/technology/xilinx/interface/nativeAXI4.gen 
Execute           source /home/tools/Xilinx/Vitis/2024.2/common/technology/xilinx/interface/saxilite.gen 
Execute         source /home/tools/Xilinx/Vitis/2024.2/common/technology/xilinx/scripts/xilinxcoregen.gen 
Execute         source /home/tools/Xilinx/Vitis/2024.2/common/technology/xilinx/interface/XilEDKCoreGen.gen 
Execute         source /home/tools/Xilinx/Vitis/2024.2/common/technology/xilinx/ip/xfft.gen 
Execute         source /home/tools/Xilinx/Vitis/2024.2/common/technology/xilinx/ip/util.gen 
Execute         source /home/tools/Xilinx/Vitis/2024.2/common/technology/xilinx/ip/dds_compiler.gen 
Execute         source /home/tools/Xilinx/Vitis/2024.2/common/technology/xilinx/ip/xfir.gen 
Execute         source /home/tools/Xilinx/Vitis/2024.2/common/technology/xilinx/DSP48/dsp48.gen 
Execute       ap_part_info -name xczu7ev-ffvc1156-2-e -data info 
Execute       config_compile -quiet -complex-mul-dsp=0 
Command     set_part done; 0.77 sec.
Execute     send_msg_by_id INFO @200-1465@%s 'clock=300MHz' from /home/hoinguyen/Documents/Vitis/UpConv_HLS/upconv_block0/hls_config.cfg(9) 
INFO: [HLS 200-1465] Applying ini 'clock=300MHz' from /home/hoinguyen/Documents/Vitis/UpConv_HLS/upconv_block0/hls_config.cfg(9)
Execute     create_clock -period 300MHz 
Execute       ap_set_clock -name default -period 3.333 -unit ns -default=false 
INFO: [SYN 201-201] Setting up clock 'default' with a period of 3.333ns.
Execute     send_msg_by_id INFO @200-1465@%s 'package.output.format=ip_catalog' from /home/hoinguyen/Documents/Vitis/UpConv_HLS/upconv_block0/hls_config.cfg(5) 
INFO: [HLS 200-1465] Applying ini 'package.output.format=ip_catalog' from /home/hoinguyen/Documents/Vitis/UpConv_HLS/upconv_block0/hls_config.cfg(5)
Execute     config_export -format=ip_catalog 
Command   apply_ini done; 0.78 sec.
Execute   apply_ini /home/hoinguyen/Documents/Vitis/UpConv_HLS/upconv_block0/upconv_block0/hls/config.cmdline 
Execute   ::AP::init_summary_file csynth 
Execute     AP::app_get_file_relativeroot [AP::app_get_root] {}
Execute   csynth_design 
INFO-FLOW: Running SLX 'csynth' proc: ::SLX::run_csynth
Execute     elaborate -effort=medium -skip_syncheck=0 -keep_printf=0 -skip_cdt=0 -skip_transform=0 -ng=0 -g=0 -opt_fp=0 -from_csynth_design=1 
INFO: [HLS 200-111] Finished File checks and directory preparation: CPU user time: 1.97 seconds. CPU system time: 0.18 seconds. Elapsed time: 2.05 seconds; current allocated memory: 324.879 MB.
Execute       set_directive_top upconv_core_top_ucb0 -name=upconv_core_top_ucb0 
Execute       source /home/tools/Xilinx/Vitis/2024.2/tps/tcl/tcllib1.11.1/yaml/huddle.tcl 
Execute       source /home/tools/Xilinx/Vitis/2024.2/tps/tcl/tcllib1.11.1/yaml/json2huddle.tcl 
INFO: [HLS 200-10] Analyzing design file '../gen/upconv_core_top_ucb0.cpp' ... 
INFO-FLOW: Compiling one TU...
INFO-FLOW: Handling ../gen/upconv_core_top_ucb0.cpp as C++
Execute       ap_part_info -name xczu7ev-ffvc1156-2-e -data info 
INFO-FLOW: Running: GCC PP 39
INFO-FLOW: Source preprocessing
INFO-FLOW: run_clang exec: /home/tools/Xilinx/Vitis/2024.2/lnx64/tools/clang-3.9-csynth/bin/clang ../gen/upconv_core_top_ucb0.cpp -foptimization-record-file=/home/hoinguyen/Documents/Vitis/UpConv_HLS/upconv_block0/upconv_block0/hls/.autopilot/db/upconv_core_top_ucb0.cpp.clang.diag.yml -mllvm -pass-remarks-missed=reflow|pasta|unroll|inline -mllvm -pass-remarks=reflow|pasta|unroll|inline -fno-limit-debug-info --gcc-toolchain=/home/tools/Xilinx/Vitis/2024.2/tps/lnx64/gcc-8.3.0 -fhls -fno-exceptions -insert-hls-directive=/home/hoinguyen/Documents/Vitis/UpConv_HLS/upconv_block0/upconv_block0/hls/.autopilot/db/all.directive.json -E -fno-math-errno -c -emit-llvm -mllvm -disable-llvm-optzns -Werror=implicit-function-declaration -Werror=implicit-hls-streams -Werror=return-type -Wpragmas -Wunused-parameter -Wdump-hls-pragmas -Wno-error=dump-hls-pragmas -hls-clock-period=3.333 -fno-threadsafe-statics -fno-use-cxa-atexit -std=gnu++14 -target fpga64-xilinx-linux-gnu -fno-threadsafe-statics -fno-use-cxa-atexit -D__VITIS_HLS__ -DAESL_SYN -D__SYNTHESIS__ -D__HLS_SYN__ -I /home/tools/Xilinx/Vitis/2024.2/common/technology/autopilot -I /home/tools/Xilinx/Vitis/2024.2/common/technology/autopilot/ap_sysc -include etc/autopilot_ssdm_op.h -D__DSP48E2__ -I /usr/include/x86_64-linux-gnu -o /home/hoinguyen/Documents/Vitis/UpConv_HLS/upconv_block0/upconv_block0/hls/.autopilot/db/upconv_core_top_ucb0.pp.0.cpp -hls-platform-db-name=/home/tools/Xilinx/Vitis/2024.2/common/technology/xilinx/common/platform.db -hls-platform-name=zynquplus_medium -device-resource-info=BRAM_624.000000_DSP_1728.000000_FF_460800.000000_LUT_230400.000000_SLICE_28800.000000_URAM_96.000000 -device-name-info=xczu7ev-ffvc1156-2-e > /home/hoinguyen/Documents/Vitis/UpConv_HLS/upconv_block0/upconv_block0/hls/.autopilot/db/upconv_core_top_ucb0.cpp.clang.out.log 2> /home/hoinguyen/Documents/Vitis/UpConv_HLS/upconv_block0/upconv_block0/hls/.autopilot/db/upconv_core_top_ucb0.cpp.clang.err.log
INFO-FLOW: Done: GCC PP 39 time: 0.1 seconds per iteration
INFO-FLOW: Source syntax check for synthesis
INFO-FLOW: run_clang exec: /home/tools/Xilinx/Vitis/2024.2/lnx64/tools/clang-3.9-csynth/bin/clang -foptimization-record-file=/home/hoinguyen/Documents/Vitis/UpConv_HLS/upconv_block0/upconv_block0/hls/.autopilot/db/clang.diag.yml -mllvm -pass-remarks-missed=reflow|pasta|unroll|inline -mllvm -pass-remarks=reflow|pasta|unroll|inline -fsyntax-only -fhls -target fpga64-xilinx-linux-gnu /home/hoinguyen/Documents/Vitis/UpConv_HLS/upconv_block0/upconv_block0/hls/.autopilot/db/upconv_core_top_ucb0.pp.0.cpp -hls-platform-db-name=/home/tools/Xilinx/Vitis/2024.2/common/technology/xilinx/common/platform.db -hls-platform-name=zynquplus_medium -device-resource-info=BRAM_624.000000_DSP_1728.000000_FF_460800.000000_LUT_230400.000000_SLICE_28800.000000_URAM_96.000000 -device-name-info=xczu7ev-ffvc1156-2-e > /home/hoinguyen/Documents/Vitis/UpConv_HLS/upconv_block0/upconv_block0/hls/.autopilot/db/clang.out.log 2> /home/hoinguyen/Documents/Vitis/UpConv_HLS/upconv_block0/upconv_block0/hls/.autopilot/db/clang.err.log
Execute       clang_tidy xilinx-systemc-detector -desc systemc-detector /home/hoinguyen/Documents/Vitis/UpConv_HLS/upconv_block0/upconv_block0/hls/.autopilot/db/upconv_core_top_ucb0.pp.0.cpp std=gnu++14 -target fpga  -directive=/home/hoinguyen/Documents/Vitis/UpConv_HLS/upconv_block0/upconv_block0/hls/.autopilot/db/.systemc_flag 
INFO-FLOW: exec /home/tools/Xilinx/Vitis/2024.2/lnx64/tools/clang-3.9-csynth/bin/clang-tidy -header-filter=.* --checks=-*,xilinx-systemc-detector -import-directive=/home/hoinguyen/Documents/Vitis/UpConv_HLS/upconv_block0/upconv_block0/hls/.autopilot/db/.systemc_flag -fix-errors /home/hoinguyen/Documents/Vitis/UpConv_HLS/upconv_block0/upconv_block0/hls/.autopilot/db/upconv_core_top_ucb0.pp.0.cpp -- -std=gnu++14 -target fpga -fhls -ferror-limit=0
Command       clang_tidy done; 1.83 sec.
INFO-FLOW: Running: clang-tidy CDT preprocess 39
Execute       clang_tidy xilinx-directive2pragma -desc directive2pragma /home/hoinguyen/Documents/Vitis/UpConv_HLS/upconv_block0/upconv_block0/hls/.autopilot/db/upconv_core_top_ucb0.pp.0.cpp std=gnu++14 -target fpga  -directive=/home/hoinguyen/Documents/Vitis/UpConv_HLS/upconv_block0/upconv_block0/hls/.autopilot/db/all.directive.json 
INFO-FLOW: exec /home/tools/Xilinx/Vitis/2024.2/lnx64/tools/clang-3.9-csynth/bin/clang-tidy -header-filter=.* --checks=-*,xilinx-directive2pragma -import-directive=/home/hoinguyen/Documents/Vitis/UpConv_HLS/upconv_block0/upconv_block0/hls/.autopilot/db/all.directive.json -fix-errors /home/hoinguyen/Documents/Vitis/UpConv_HLS/upconv_block0/upconv_block0/hls/.autopilot/db/upconv_core_top_ucb0.pp.0.cpp -- -std=gnu++14 -target fpga -fhls -ferror-limit=0
Command       clang_tidy done; 1.91 sec.
INFO-FLOW: Done: clang-tidy CDT preprocess 39 time: 1.9 seconds per iteration
INFO-FLOW: Calling xilinx-label-all-loops ... 
INFO-FLOW: Calling xilinx-aggregate-on-hls-vector ... 
Execute       clang_tidy -errorcheck -desc loop-label xilinx-label-all-loops,xilinx-aggregate-on-hls-vector,,xilinx-warn-mayneed-no-ctor-attribute /home/hoinguyen/Documents/Vitis/UpConv_HLS/upconv_block0/upconv_block0/hls/.autopilot/db/upconv_core_top_ucb0.pp.0.cpp std=gnu++14 -target fpga  
INFO-FLOW: run_clang exec: /home/tools/Xilinx/Vitis/2024.2/lnx64/tools/clang-3.9-csynth/bin/clang-tidy -export-fixes=/home/hoinguyen/Documents/Vitis/UpConv_HLS/upconv_block0/upconv_block0/hls/.autopilot/db/upconv_core_top_ucb0.pp.0.cpp.clang-tidy.loop-label.diag.yml -header-filter=.* --checks=-*,xilinx-label-all-loops,xilinx-aggregate-on-hls-vector,,xilinx-warn-mayneed-no-ctor-attribute -fix-errors /home/hoinguyen/Documents/Vitis/UpConv_HLS/upconv_block0/upconv_block0/hls/.autopilot/db/upconv_core_top_ucb0.pp.0.cpp -- -std=gnu++14 -target fpga -fhls -ferror-limit=0 > /home/hoinguyen/Documents/Vitis/UpConv_HLS/upconv_block0/upconv_block0/hls/.autopilot/db/upconv_core_top_ucb0.pp.0.cpp.clang-tidy.loop-label.out.log 2> /home/hoinguyen/Documents/Vitis/UpConv_HLS/upconv_block0/upconv_block0/hls/.autopilot/db/upconv_core_top_ucb0.pp.0.cpp.clang-tidy.loop-label.err.log
Execute         source /home/tools/Xilinx/Vitis/2024.2/tps/tcl/tcllib1.11.1/yaml/yaml.tcl 
Command       clang_tidy done; 3.46 sec.
INFO-FLOW: run_clang exec: /home/tools/Xilinx/Vitis/2024.2/lnx64/tools/clang-3.9-csynth/bin/xilinx-dataflow-lawyer -export-fixes=/home/hoinguyen/Documents/Vitis/UpConv_HLS/upconv_block0/upconv_block0/hls/.autopilot/db/upconv_core_top_ucb0.pp.0.cpp.xilinx-dataflow-lawyer.diag.yml /home/hoinguyen/Documents/Vitis/UpConv_HLS/upconv_block0/upconv_block0/hls/.autopilot/db/upconv_core_top_ucb0.pp.0.cpp -- -std=gnu++14 -target fpga -fhls -ferror-limit=0 -fstrict-dataflow > /home/hoinguyen/Documents/Vitis/UpConv_HLS/upconv_block0/upconv_block0/hls/.autopilot/db/upconv_core_top_ucb0.pp.0.cpp.xilinx-dataflow-lawyer.out.log 2> /home/hoinguyen/Documents/Vitis/UpConv_HLS/upconv_block0/upconv_block0/hls/.autopilot/db/upconv_core_top_ucb0.pp.0.cpp.xilinx-dataflow-lawyer.err.log
WARNING: [HLS 214-113] Either use an argument of the function or declare the variable inside the dataflow loop body (../gen/Hls_Layers_UpConv.tpp:201:90)
Execute       send_msg_by_id WARNING @200-471@%s%s 1 ../gen/upconv_core_top_ucb0.cpp 
WARNING: [HLS 200-471] Dataflow form checks found 1 issue(s) in file ../gen/upconv_core_top_ucb0.cpp
Execute       ap_part_info -name xczu7ev-ffvc1156-2-e -data info 
INFO-FLOW: compiling source code to llvm bc
INFO-FLOW: run_clang exec: /home/tools/Xilinx/Vitis/2024.2/lnx64/tools/clang-3.9-csynth/bin/clang -foptimization-record-file=/home/hoinguyen/Documents/Vitis/UpConv_HLS/upconv_block0/upconv_block0/hls/.autopilot/db/upconv_core_top_ucb0.pp.0.cpp.clang.diag.yml -mllvm -pass-remarks-missed=reflow|pasta|unroll|inline -mllvm -pass-remarks=reflow|pasta|unroll|inline -fno-limit-debug-info -fhls -flto -fno-exceptions -Wno-error=c++11-narrowing -hls-emit-hint-scope /home/hoinguyen/Documents/Vitis/UpConv_HLS/upconv_block0/upconv_block0/hls/.autopilot/db/upconv_core_top_ucb0.pp.0.cpp -fno-math-errno -c -emit-llvm -mllvm -disable-llvm-optzns -Werror=implicit-function-declaration -Werror=implicit-hls-streams -Werror=return-type -Wpragmas -Wunused-parameter -Wdump-hls-pragmas -Wno-error=dump-hls-pragmas -hls-clock-period=3.333 -fno-threadsafe-statics -fno-use-cxa-atexit -std=gnu++14 -target fpga64-xilinx-linux-gnu -D__VITIS_HLS__ -DAESL_SYN -D__SYNTHESIS__ -D__HLS_SYN__ -I /home/tools/Xilinx/Vitis/2024.2/common/technology/autopilot -I /home/tools/Xilinx/Vitis/2024.2/common/technology/autopilot/ap_sysc -include etc/autopilot_ssdm_op.h -D__DSP48E2__ -g -o /home/hoinguyen/Documents/Vitis/UpConv_HLS/upconv_block0/upconv_block0/hls/.autopilot/db/upconv_core_top_ucb0.bc -hls-platform-db-name=/home/tools/Xilinx/Vitis/2024.2/common/technology/xilinx/common/platform.db -hls-platform-name=zynquplus_medium -device-resource-info=BRAM_624.000000_DSP_1728.000000_FF_460800.000000_LUT_230400.000000_SLICE_28800.000000_URAM_96.000000 -device-name-info=xczu7ev-ffvc1156-2-e > /home/hoinguyen/Documents/Vitis/UpConv_HLS/upconv_block0/upconv_block0/hls/.autopilot/db/upconv_core_top_ucb0.pp.0.cpp.clang.out.log 2> /home/hoinguyen/Documents/Vitis/UpConv_HLS/upconv_block0/upconv_block0/hls/.autopilot/db/upconv_core_top_ucb0.pp.0.cpp.clang.err.log
INFO: [HLS 200-111] Finished Source Code Analysis and Preprocessing: CPU user time: 11.89 seconds. CPU system time: 0.79 seconds. Elapsed time: 12.72 seconds; current allocated memory: 331.402 MB.
INFO-FLOW: Linking Debug ...
INFO-FLOW: Linking dut bc code.
Execute       run_link_or_opt -out /home/hoinguyen/Documents/Vitis/UpConv_HLS/upconv_block0/upconv_block0/hls/.autopilot/db/a.g.ld.0.bc -args  "/home/hoinguyen/Documents/Vitis/UpConv_HLS/upconv_block0/upconv_block0/hls/.autopilot/db/upconv_core_top_ucb0.g.bc"  
INFO-FLOW: run_clang exec: /home/tools/Xilinx/Vitis/2024.2/lnx64/tools/clang-3.9-csynth/bin/llvm-link /home/hoinguyen/Documents/Vitis/UpConv_HLS/upconv_block0/upconv_block0/hls/.autopilot/db/upconv_core_top_ucb0.g.bc -o /home/hoinguyen/Documents/Vitis/UpConv_HLS/upconv_block0/upconv_block0/hls/.autopilot/db/a.g.ld.0.bc > /home/hoinguyen/Documents/Vitis/UpConv_HLS/upconv_block0/upconv_block0/hls/.autopilot/db/a.g.ld.0.bc.llvm-link.out.log 2> /home/hoinguyen/Documents/Vitis/UpConv_HLS/upconv_block0/upconv_block0/hls/.autopilot/db/a.g.ld.0.bc.llvm-link.err.log
Execute       run_link_or_opt -opt -out /home/hoinguyen/Documents/Vitis/UpConv_HLS/upconv_block0/upconv_block0/hls/.autopilot/db/a.g.ld.1.lower.bc -args /home/hoinguyen/Documents/Vitis/UpConv_HLS/upconv_block0/upconv_block0/hls/.autopilot/db/a.g.ld.0.bc -reflow-lower-math-intrinsics 
INFO-FLOW: run_clang exec: /home/tools/Xilinx/Vitis/2024.2/lnx64/tools/clang-3.9-csynth/bin/opt -pass-remarks-missed=reflow|pasta|unroll|inline -pass-remarks=reflow|pasta|unroll|inline -pass-remarks-output=/home/hoinguyen/Documents/Vitis/UpConv_HLS/upconv_block0/upconv_block0/hls/.autopilot/db/a.g.ld.1.lower.bc.opt.diag.yml /home/hoinguyen/Documents/Vitis/UpConv_HLS/upconv_block0/upconv_block0/hls/.autopilot/db/a.g.ld.0.bc -reflow-lower-math-intrinsics -o /home/hoinguyen/Documents/Vitis/UpConv_HLS/upconv_block0/upconv_block0/hls/.autopilot/db/a.g.ld.1.lower.bc > /home/hoinguyen/Documents/Vitis/UpConv_HLS/upconv_block0/upconv_block0/hls/.autopilot/db/a.g.ld.1.lower.bc.opt.out.log 2> /home/hoinguyen/Documents/Vitis/UpConv_HLS/upconv_block0/upconv_block0/hls/.autopilot/db/a.g.ld.1.lower.bc.opt.err.log
INFO-FLOW: Running: gen_design_size_report post-opt
INFO-FLOW: Done: gen_design_size_report post-opt time: 0 seconds per iteration
INFO-FLOW: Linking math bc lib
Execute       run_link_or_opt -out /home/hoinguyen/Documents/Vitis/UpConv_HLS/upconv_block0/upconv_block0/hls/.autopilot/db/a.g.ld.2.m1.bc -args /home/hoinguyen/Documents/Vitis/UpConv_HLS/upconv_block0/upconv_block0/hls/.autopilot/db/a.g.ld.1.lower.bc -only-needed /home/tools/Xilinx/Vitis/2024.2/lnx64/lib/libhlsm_39.bc /home/tools/Xilinx/Vitis/2024.2/lnx64/lib/libhlsmc++_39.bc 
INFO-FLOW: run_clang exec: /home/tools/Xilinx/Vitis/2024.2/lnx64/tools/clang-3.9-csynth/bin/llvm-link /home/hoinguyen/Documents/Vitis/UpConv_HLS/upconv_block0/upconv_block0/hls/.autopilot/db/a.g.ld.1.lower.bc -only-needed /home/tools/Xilinx/Vitis/2024.2/lnx64/lib/libhlsm_39.bc /home/tools/Xilinx/Vitis/2024.2/lnx64/lib/libhlsmc++_39.bc -o /home/hoinguyen/Documents/Vitis/UpConv_HLS/upconv_block0/upconv_block0/hls/.autopilot/db/a.g.ld.2.m1.bc > /home/hoinguyen/Documents/Vitis/UpConv_HLS/upconv_block0/upconv_block0/hls/.autopilot/db/a.g.ld.2.m1.bc.llvm-link.out.log 2> /home/hoinguyen/Documents/Vitis/UpConv_HLS/upconv_block0/upconv_block0/hls/.autopilot/db/a.g.ld.2.m1.bc.llvm-link.err.log
Command       run_link_or_opt done; 1.09 sec.
Execute       run_link_or_opt -opt -out /home/hoinguyen/Documents/Vitis/UpConv_HLS/upconv_block0/upconv_block0/hls/.autopilot/db/a.g.ld.3.fpc.bc -args /home/hoinguyen/Documents/Vitis/UpConv_HLS/upconv_block0/upconv_block0/hls/.autopilot/db/a.g.ld.2.m1.bc -reflow-globaldce -hls-top-function-name=upconv_core_top_ucb0 -reflow-float-conversion 
INFO-FLOW: run_clang exec: /home/tools/Xilinx/Vitis/2024.2/lnx64/tools/clang-3.9-csynth/bin/opt -pass-remarks-missed=reflow|pasta|unroll|inline -pass-remarks=reflow|pasta|unroll|inline -pass-remarks-output=/home/hoinguyen/Documents/Vitis/UpConv_HLS/upconv_block0/upconv_block0/hls/.autopilot/db/a.g.ld.3.fpc.bc.opt.diag.yml /home/hoinguyen/Documents/Vitis/UpConv_HLS/upconv_block0/upconv_block0/hls/.autopilot/db/a.g.ld.2.m1.bc -reflow-globaldce -hls-top-function-name=upconv_core_top_ucb0 -reflow-float-conversion -o /home/hoinguyen/Documents/Vitis/UpConv_HLS/upconv_block0/upconv_block0/hls/.autopilot/db/a.g.ld.3.fpc.bc > /home/hoinguyen/Documents/Vitis/UpConv_HLS/upconv_block0/upconv_block0/hls/.autopilot/db/a.g.ld.3.fpc.bc.opt.out.log 2> /home/hoinguyen/Documents/Vitis/UpConv_HLS/upconv_block0/upconv_block0/hls/.autopilot/db/a.g.ld.3.fpc.bc.opt.err.log
INFO-FLOW: Running: gen_design_size_report post-opt
INFO-FLOW: Done: gen_design_size_report post-opt time: 0 seconds per iteration
Command       run_link_or_opt done; 0.44 sec.
Execute       run_link_or_opt -out /home/hoinguyen/Documents/Vitis/UpConv_HLS/upconv_block0/upconv_block0/hls/.autopilot/db/a.g.ld.4.m2.bc -args /home/hoinguyen/Documents/Vitis/UpConv_HLS/upconv_block0/upconv_block0/hls/.autopilot/db/a.g.ld.3.fpc.bc -only-needed /home/tools/Xilinx/Vitis/2024.2/lnx64/lib/libfloatconversion_39.bc 
INFO-FLOW: run_clang exec: /home/tools/Xilinx/Vitis/2024.2/lnx64/tools/clang-3.9-csynth/bin/llvm-link /home/hoinguyen/Documents/Vitis/UpConv_HLS/upconv_block0/upconv_block0/hls/.autopilot/db/a.g.ld.3.fpc.bc -only-needed /home/tools/Xilinx/Vitis/2024.2/lnx64/lib/libfloatconversion_39.bc -o /home/hoinguyen/Documents/Vitis/UpConv_HLS/upconv_block0/upconv_block0/hls/.autopilot/db/a.g.ld.4.m2.bc > /home/hoinguyen/Documents/Vitis/UpConv_HLS/upconv_block0/upconv_block0/hls/.autopilot/db/a.g.ld.4.m2.bc.llvm-link.out.log 2> /home/hoinguyen/Documents/Vitis/UpConv_HLS/upconv_block0/upconv_block0/hls/.autopilot/db/a.g.ld.4.m2.bc.llvm-link.err.log
Execute       run_link_or_opt -opt -out /home/hoinguyen/Documents/Vitis/UpConv_HLS/upconv_block0/upconv_block0/hls/.autopilot/db/a.g.ld.5.gdce.bc -args /home/hoinguyen/Documents/Vitis/UpConv_HLS/upconv_block0/upconv_block0/hls/.autopilot/db/a.g.ld.4.m2.bc -reflow-globaldce -hls-top-function-name=upconv_core_top_ucb0 
INFO-FLOW: run_clang exec: /home/tools/Xilinx/Vitis/2024.2/lnx64/tools/clang-3.9-csynth/bin/opt -pass-remarks-missed=reflow|pasta|unroll|inline -pass-remarks=reflow|pasta|unroll|inline -pass-remarks-output=/home/hoinguyen/Documents/Vitis/UpConv_HLS/upconv_block0/upconv_block0/hls/.autopilot/db/a.g.ld.5.gdce.bc.opt.diag.yml /home/hoinguyen/Documents/Vitis/UpConv_HLS/upconv_block0/upconv_block0/hls/.autopilot/db/a.g.ld.4.m2.bc -reflow-globaldce -hls-top-function-name=upconv_core_top_ucb0 -o /home/hoinguyen/Documents/Vitis/UpConv_HLS/upconv_block0/upconv_block0/hls/.autopilot/db/a.g.ld.5.gdce.bc > /home/hoinguyen/Documents/Vitis/UpConv_HLS/upconv_block0/upconv_block0/hls/.autopilot/db/a.g.ld.5.gdce.bc.opt.out.log 2> /home/hoinguyen/Documents/Vitis/UpConv_HLS/upconv_block0/upconv_block0/hls/.autopilot/db/a.g.ld.5.gdce.bc.opt.err.log
INFO-FLOW: Running: gen_design_size_report post-opt
INFO-FLOW: Done: gen_design_size_report post-opt time: 0 seconds per iteration
Execute       send_msg_by_id INFO @200-777@%s Vivado 
INFO: [HLS 200-777] Using interface defaults for 'Vivado' flow target.
Execute       is_m_axi_addr64 
INFO-FLOW: Doing LTO.
INFO-FLOW: run_clang (background poll_ms 5000) exec: /home/tools/Xilinx/Vitis/2024.2/lnx64/tools/clang-3.9-csynth/bin/clang -foptimization-record-file=/home/hoinguyen/Documents/Vitis/UpConv_HLS/upconv_block0/upconv_block0/hls/.autopilot/db/a.g.ld.0.bc.clang.reflow.diag.yml -mllvm -pass-remarks-missed=reflow|pasta|unroll|inline -mllvm -pass-remarks=reflow|pasta|unroll|inline -fhls -mllvm -hls-top-function-name=upconv_core_top_ucb0 -mllvm -hls-db-dir -mllvm /home/hoinguyen/Documents/Vitis/UpConv_HLS/upconv_block0/upconv_block0/hls/.autopilot/db -emit-llvm -c -target fpga64-xilinx-none -mllvm -xcl-xmlinfo=/home/hoinguyen/Documents/Vitis/UpConv_HLS/upconv_block0/upconv_block0/hls/.autopilot/db/kernel.internal.xml -mllvm -top-io-mapping-info=/home/hoinguyen/Documents/Vitis/UpConv_HLS/upconv_block0/upconv_block0/hls/.autopilot/db/top-io-fe.xml -mllvm -hls-bitcode-version=3.1 -mllvm -reflow-enable-slave-interface-default-setting=true -mllvm -gen-kernel-xml=false -mllvm -default-maxi-offset=slave -mllvm -maxi-latency=0 -mllvm -hls-maxi-data-size-in-bits=8 -mllvm -hls-maxi-max-data-size-in-bits=1024 -mllvm -hls-max-widen-size-in-bits=0 -mllvm -xcl-kernel-max-mem-ports=0 -mllvm -maxi-read-trans=16 -mllvm -maxi-write-trans=16 -mllvm -maxi-read-burst-len=16 -mllvm -maxi-write-burst-len=16 -mllvm -reflow-enable-saxi-64bits=0 -mllvm -reflow-basic-block-instr-threshold=200000 -mllvm -reflow-auto-pipeline-threshold=64 -mllvm -reflow-enable-maxi-auto-id-channel=0 -mllvm -reflow-bdd-simplify-threshold=1048576 -mllvm -reflow-fanout-threshold=16 -mllvm -reflow-complete-threshold=4 -mllvm -reflow-array-promotion-threshold=64 -mllvm -assume-maxi-align=1 -mllvm -reflow-enable-dataflow-strict-mode-checking=1 -ftime-report -mllvm -time-passes -mllvm -reflow-auto-array-partition-mode=default -mllvm -reflow-enable-auto-small-array-partition=true -mllvm -reflow-enable-auto-array-promotion=true -mllvm -reflow-enable-auto-array-partition-for-flatten=true -mllvm -reflow-enable-auto-parallel-performance-driven=true -mllvm -reflow-enable-partition-for-automation=true -mllvm -reflow-aggregate-bitwidth-threshold=4096 -mllvm -reflow-reserved-saxilite-registers=0 -mllvm -enable-reflow-auto-loop-pipeline -mllvm -reflow-max-unroll-threshold=409600 -mllvm -auto-unroll-tripcount-threshold=0 -mllvm -reflow-assume-no-address-wrap=true -mllvm -reflow-enable-occurrence-inference=true -mllvm -reflow-emit-hint-scope=true -mllvm -reflow-enable-codegen-with-if=true -mllvm -reflow-enable-dataflow-canon=true -mllvm -reflow-enable-dataflow-canon2=true -mllvm -hls -mllvm -disable-inlined-alloca-merging=true -mllvm -default-clock-period=3.333 -mllvm -use_read_first_ram_in_loop=1 -mllvm -default-clock-uncertainty=0.9 -x ir /home/hoinguyen/Documents/Vitis/UpConv_HLS/upconv_block0/upconv_block0/hls/.autopilot/db/a.g.ld.5.gdce.bc -o /home/hoinguyen/Documents/Vitis/UpConv_HLS/upconv_block0/upconv_block0/hls/.autopilot/db/a.g.lto.bc -hls-platform-db-name=/home/tools/Xilinx/Vitis/2024.2/common/technology/xilinx/common/platform.db -hls-platform-name=zynquplus_medium -device-resource-info=BRAM_624.000000_DSP_1728.000000_FF_460800.000000_LUT_230400.000000_SLICE_28800.000000_URAM_96.000000 -device-name-info=xczu7ev-ffvc1156-2-e 2> /home/hoinguyen/Documents/Vitis/UpConv_HLS/upconv_block0/upconv_block0/hls/.autopilot/db/a.g.ld.0.bc.clang.reflow.err.log bg_poll_cmd: ::AP::poll_clang_39_closed_source
Execute       send_msg_by_id INFO @200-1995@%s%s%s 3,997 Compile/Link /home/hoinguyen/Documents/Vitis/UpConv_HLS/upconv_block0/upconv_block0/hls/syn/report/csynth_design_size.rpt 
INFO: [HLS 200-1995] There were 3,997 instructions in the design after the 'Compile/Link' phase of compilation. See the Design Size Report for more details: /home/hoinguyen/Documents/Vitis/UpConv_HLS/upconv_block0/upconv_block0/hls/syn/report/csynth_design_size.rpt
Execute       send_msg_by_id INFO @200-1995@%s%s%s 9,409 Unroll/Inline (step 1) /home/hoinguyen/Documents/Vitis/UpConv_HLS/upconv_block0/upconv_block0/hls/syn/report/csynth_design_size.rpt 
INFO: [HLS 200-1995] There were 9,409 instructions in the design after the 'Unroll/Inline (step 1)' phase of compilation. See the Design Size Report for more details: /home/hoinguyen/Documents/Vitis/UpConv_HLS/upconv_block0/upconv_block0/hls/syn/report/csynth_design_size.rpt
Execute       send_msg_by_id INFO @200-1995@%s%s%s 7,805 Unroll/Inline (step 2) /home/hoinguyen/Documents/Vitis/UpConv_HLS/upconv_block0/upconv_block0/hls/syn/report/csynth_design_size.rpt 
INFO: [HLS 200-1995] There were 7,805 instructions in the design after the 'Unroll/Inline (step 2)' phase of compilation. See the Design Size Report for more details: /home/hoinguyen/Documents/Vitis/UpConv_HLS/upconv_block0/upconv_block0/hls/syn/report/csynth_design_size.rpt
Execute       send_msg_by_id INFO @200-1995@%s%s%s 7,722 Unroll/Inline (step 3) /home/hoinguyen/Documents/Vitis/UpConv_HLS/upconv_block0/upconv_block0/hls/syn/report/csynth_design_size.rpt 
INFO: [HLS 200-1995] There were 7,722 instructions in the design after the 'Unroll/Inline (step 3)' phase of compilation. See the Design Size Report for more details: /home/hoinguyen/Documents/Vitis/UpConv_HLS/upconv_block0/upconv_block0/hls/syn/report/csynth_design_size.rpt
Execute       send_msg_by_id INFO @200-1995@%s%s%s 7,641 Unroll/Inline (step 4) /home/hoinguyen/Documents/Vitis/UpConv_HLS/upconv_block0/upconv_block0/hls/syn/report/csynth_design_size.rpt 
INFO: [HLS 200-1995] There were 7,641 instructions in the design after the 'Unroll/Inline (step 4)' phase of compilation. See the Design Size Report for more details: /home/hoinguyen/Documents/Vitis/UpConv_HLS/upconv_block0/upconv_block0/hls/syn/report/csynth_design_size.rpt
Execute       send_msg_by_id INFO @200-1995@%s%s%s 14,341 Array/Struct (step 1) /home/hoinguyen/Documents/Vitis/UpConv_HLS/upconv_block0/upconv_block0/hls/syn/report/csynth_design_size.rpt 
INFO: [HLS 200-1995] There were 14,341 instructions in the design after the 'Array/Struct (step 1)' phase of compilation. See the Design Size Report for more details: /home/hoinguyen/Documents/Vitis/UpConv_HLS/upconv_block0/upconv_block0/hls/syn/report/csynth_design_size.rpt
Execute       send_msg_by_id INFO @200-1995@%s%s%s 10,104 Array/Struct (step 2) /home/hoinguyen/Documents/Vitis/UpConv_HLS/upconv_block0/upconv_block0/hls/syn/report/csynth_design_size.rpt 
INFO: [HLS 200-1995] There were 10,104 instructions in the design after the 'Array/Struct (step 2)' phase of compilation. See the Design Size Report for more details: /home/hoinguyen/Documents/Vitis/UpConv_HLS/upconv_block0/upconv_block0/hls/syn/report/csynth_design_size.rpt
Execute       send_msg_by_id INFO @200-1995@%s%s%s 10,104 Array/Struct (step 3) /home/hoinguyen/Documents/Vitis/UpConv_HLS/upconv_block0/upconv_block0/hls/syn/report/csynth_design_size.rpt 
INFO: [HLS 200-1995] There were 10,104 instructions in the design after the 'Array/Struct (step 3)' phase of compilation. See the Design Size Report for more details: /home/hoinguyen/Documents/Vitis/UpConv_HLS/upconv_block0/upconv_block0/hls/syn/report/csynth_design_size.rpt
Execute       send_msg_by_id INFO @200-1995@%s%s%s 10,100 Array/Struct (step 4) /home/hoinguyen/Documents/Vitis/UpConv_HLS/upconv_block0/upconv_block0/hls/syn/report/csynth_design_size.rpt 
INFO: [HLS 200-1995] There were 10,100 instructions in the design after the 'Array/Struct (step 4)' phase of compilation. See the Design Size Report for more details: /home/hoinguyen/Documents/Vitis/UpConv_HLS/upconv_block0/upconv_block0/hls/syn/report/csynth_design_size.rpt
Execute       send_msg_by_id INFO @200-1995@%s%s%s 10,133 Array/Struct (step 5) /home/hoinguyen/Documents/Vitis/UpConv_HLS/upconv_block0/upconv_block0/hls/syn/report/csynth_design_size.rpt 
INFO: [HLS 200-1995] There were 10,133 instructions in the design after the 'Array/Struct (step 5)' phase of compilation. See the Design Size Report for more details: /home/hoinguyen/Documents/Vitis/UpConv_HLS/upconv_block0/upconv_block0/hls/syn/report/csynth_design_size.rpt
Execute       send_msg_by_id INFO @200-1995@%s%s%s 10,077 Performance (step 1) /home/hoinguyen/Documents/Vitis/UpConv_HLS/upconv_block0/upconv_block0/hls/syn/report/csynth_design_size.rpt 
INFO: [HLS 200-1995] There were 10,077 instructions in the design after the 'Performance (step 1)' phase of compilation. See the Design Size Report for more details: /home/hoinguyen/Documents/Vitis/UpConv_HLS/upconv_block0/upconv_block0/hls/syn/report/csynth_design_size.rpt
Execute       send_msg_by_id INFO @200-1995@%s%s%s 10,077 Performance (step 2) /home/hoinguyen/Documents/Vitis/UpConv_HLS/upconv_block0/upconv_block0/hls/syn/report/csynth_design_size.rpt 
INFO: [HLS 200-1995] There were 10,077 instructions in the design after the 'Performance (step 2)' phase of compilation. See the Design Size Report for more details: /home/hoinguyen/Documents/Vitis/UpConv_HLS/upconv_block0/upconv_block0/hls/syn/report/csynth_design_size.rpt
Execute       send_msg_by_id INFO @200-1995@%s%s%s 10,073 Performance (step 3) /home/hoinguyen/Documents/Vitis/UpConv_HLS/upconv_block0/upconv_block0/hls/syn/report/csynth_design_size.rpt 
INFO: [HLS 200-1995] There were 10,073 instructions in the design after the 'Performance (step 3)' phase of compilation. See the Design Size Report for more details: /home/hoinguyen/Documents/Vitis/UpConv_HLS/upconv_block0/upconv_block0/hls/syn/report/csynth_design_size.rpt
Execute       send_msg_by_id INFO @200-1995@%s%s%s 10,073 Performance (step 4) /home/hoinguyen/Documents/Vitis/UpConv_HLS/upconv_block0/upconv_block0/hls/syn/report/csynth_design_size.rpt 
INFO: [HLS 200-1995] There were 10,073 instructions in the design after the 'Performance (step 4)' phase of compilation. See the Design Size Report for more details: /home/hoinguyen/Documents/Vitis/UpConv_HLS/upconv_block0/upconv_block0/hls/syn/report/csynth_design_size.rpt
Execute       send_msg_by_id INFO @200-1995@%s%s%s 10,143 HW Transforms (step 1) /home/hoinguyen/Documents/Vitis/UpConv_HLS/upconv_block0/upconv_block0/hls/syn/report/csynth_design_size.rpt 
INFO: [HLS 200-1995] There were 10,143 instructions in the design after the 'HW Transforms (step 1)' phase of compilation. See the Design Size Report for more details: /home/hoinguyen/Documents/Vitis/UpConv_HLS/upconv_block0/upconv_block0/hls/syn/report/csynth_design_size.rpt
Execute       send_msg_by_id INFO @200-1995@%s%s%s 9,604 HW Transforms (step 2) /home/hoinguyen/Documents/Vitis/UpConv_HLS/upconv_block0/upconv_block0/hls/syn/report/csynth_design_size.rpt 
INFO: [HLS 200-1995] There were 9,604 instructions in the design after the 'HW Transforms (step 2)' phase of compilation. See the Design Size Report for more details: /home/hoinguyen/Documents/Vitis/UpConv_HLS/upconv_block0/upconv_block0/hls/syn/report/csynth_design_size.rpt
INFO: [HLS 214-131] Inlining function 'half bits_to_half<half>(ap_uint<16>)' into 'void uc_compute_tile<8, 16, 16, 60, 32, 480, 480>(ap_uint<256> (*) [(9) * (60)], ap_uint<256>*, half (*) [480], int, int)' (../gen/Hls_Layers_UpConv.tpp:122:37)
INFO: [HLS 214-131] Inlining function 'ap_uint<16> half_to_bits<half>(half)' into 'void UpConv_Fused_Row<8, 16, 16, 960, 480>(ap_uint<256>*, ap_uint<256> const*, ap_uint<256> const*, ap_uint<256> const*, ap_uint<256> const*, ap_uint<256>*, half, int)' (../gen/Hls_Layers_UpConv.tpp:271:45)
INFO: [HLS 214-131] Inlining function 'half bits_to_half<half>(ap_uint<16>)' into 'void UpConv_Fused_Row<8, 16, 16, 960, 480>(ap_uint<256>*, ap_uint<256> const*, ap_uint<256> const*, ap_uint<256> const*, ap_uint<256> const*, ap_uint<256>*, half, int)' (../gen/Hls_Layers_UpConv.tpp:268:25)
INFO: [HLS 214-131] Inlining function 'my_sqrt_f(float)' into 'void UpConv_Fused_Row<8, 16, 16, 960, 480>(ap_uint<256>*, ap_uint<256> const*, ap_uint<256> const*, ap_uint<256> const*, ap_uint<256> const*, ap_uint<256>*, half, int)' (../gen/Hls_Layers_UpConv.tpp:250:43)
INFO: [HLS 214-131] Inlining function 'void UpConv_Fused_Top<8, 16, 16, 960, 480>(ap_uint<256>*, ap_uint<256> const*, ap_uint<256> const*, ap_uint<256> const*, ap_uint<256> const*, ap_uint<256> const*, ap_uint<256>*, half)' into 'upconv_core_top_ucb0' (../gen/upconv_core_top_ucb0.cpp:40:2)
INFO: [HLS 214-291] Loop 'VITIS_LOOP_263_3' is marked as complete unroll implied by the pipeline pragma (../gen/Hls_Layers_UpConv.tpp:263:27)
INFO: [HLS 214-291] Loop 'VITIS_LOOP_242_2' is marked as complete unroll implied by the pipeline pragma (../gen/Hls_Layers_UpConv.tpp:242:31)
INFO: [HLS 214-291] Loop 'VITIS_LOOP_187_1' is marked as complete unroll implied by the pipeline pragma (../gen/Hls_Layers_UpConv.tpp:187:20)
INFO: [HLS 214-291] Loop 'TC_MAC' is marked as complete unroll implied by the pipeline pragma (../gen/Hls_Layers_UpConv.tpp:115:25)
INFO: [HLS 214-291] Loop 'VITIS_LOOP_119_1' is marked as complete unroll implied by the pipeline pragma (../gen/Hls_Layers_UpConv.tpp:119:39)
INFO: [HLS 214-291] Loop 'ACC_WRITE' is marked as complete unroll implied by the pipeline pragma (../gen/Hls_Layers_UpConv.tpp:135:36)
INFO: [HLS 214-186] Unrolling loop 'VITIS_LOOP_263_3' (../gen/Hls_Layers_UpConv.tpp:263:27) in function 'UpConv_Fused_Row<8, 16, 16, 960, 480>' completely with a factor of 16 (../gen/Hls_Layers_UpConv.tpp:162:0)
INFO: [HLS 214-186] Unrolling loop 'VITIS_LOOP_242_2' (../gen/Hls_Layers_UpConv.tpp:242:31) in function 'UpConv_Fused_Row<8, 16, 16, 960, 480>' completely with a factor of 8 (../gen/Hls_Layers_UpConv.tpp:162:0)
INFO: [HLS 214-186] Unrolling loop 'VITIS_LOOP_187_1' (../gen/Hls_Layers_UpConv.tpp:187:20) in function 'UpConv_Fused_Row<8, 16, 16, 960, 480>' completely with a factor of 16 (../gen/Hls_Layers_UpConv.tpp:162:0)
INFO: [HLS 214-186] Unrolling loop 'TC_MAC' (../gen/Hls_Layers_UpConv.tpp:115:25) in function 'uc_compute_tile<8, 16, 16, 60, 32, 480, 480>' completely with a factor of 8 (../gen/Hls_Layers_UpConv.tpp:87:0)
INFO: [HLS 214-186] Unrolling loop 'VITIS_LOOP_119_1' (../gen/Hls_Layers_UpConv.tpp:119:39) in function 'uc_compute_tile<8, 16, 16, 60, 32, 480, 480>' completely with a factor of 16 (../gen/Hls_Layers_UpConv.tpp:87:0)
INFO: [HLS 214-186] Unrolling loop 'ACC_WRITE' (../gen/Hls_Layers_UpConv.tpp:135:36) in function 'uc_compute_tile<8, 16, 16, 60, 32, 480, 480>' completely with a factor of 8 (../gen/Hls_Layers_UpConv.tpp:87:0)
INFO: [HLS 214-178] Inlining function 'hls::sqrtf(float)' into 'void UpConv_Fused_Row<8, 16, 16, 960, 480>(ap_uint<256>*, ap_uint<256> const*, ap_uint<256> const*, ap_uint<256> const*, ap_uint<256> const*, ap_uint<256>*, half, int)' (../gen/Hls_Layers_UpConv.tpp:162:0)
INFO: [HLS 214-248] Applying array_partition to '_ZZ16UpConv_Fused_RowILi8ELi16ELi16ELi960ELi480EEvP7ap_uintILi256EEPKS1_S4_S4_S4_S2_DhiE7row_acc': Cyclic partitioning with factor 16 on dimension 2. (../gen/Hls_Layers_UpConv.tpp:175:0)
INFO: [HLS 214-248] Applying array_partition to 'psum': Complete partitioning on dimension 1. Complete partitioning on dimension 2. (../gen/Hls_Layers_UpConv.tpp:104:20)
INFO: [HLS 214-248] Applying array_partition to 'wbuf': Complete partitioning on dimension 1. (../gen/Hls_Layers_UpConv.tpp:197:13)
INFO: [HLS 214-248] Applying array_partition to 'sum_rot': Complete partitioning on dimension 1. (../gen/Hls_Layers_UpConv.tpp:222:8)
INFO: [HLS 214-248] Applying array_partition to 'sumsq_rot': Complete partitioning on dimension 1. (../gen/Hls_Layers_UpConv.tpp:222:20)
INFO: [HLS 214-437] Automatically disabling loop flattening for loop 'ROW_LOOP'. (../gen/Hls_Layers_UpConv.tpp:305:15)
INFO: [HLS 214-115] Multiple burst reads of length 540 and bit width 256 in loop 'W_FLAT'(../gen/Hls_Layers_UpConv.tpp:75:21) has been inferred on bundle 'gmem_weight'. These burst requests might be further partitioned into multiple requests during RTL generation, based on max_read_burst_length or max_write_burst_length settings. (../gen/Hls_Layers_UpConv.tpp:75:21)
INFO: [HLS 214-115] Multiple burst reads of length 960 and bit width 256 in loop 'LOAD_ROW0'(../gen/Hls_Layers_UpConv.tpp:296:16) has been inferred on bundle 'gmem_in'. These burst requests might be further partitioned into multiple requests during RTL generation, based on max_read_burst_length or max_write_burst_length settings. (../gen/Hls_Layers_UpConv.tpp:296:16)
INFO-FLOW: DBG:PUTS: copy_raw_kernel_xml ap_link_39: kernel.xml not generated: /home/hoinguyen/Documents/Vitis/UpConv_HLS/upconv_block0/upconv_block0/hls/.autopilot/db/kernel.internal.xml
INFO: [HLS 200-111] Finished Compiling Optimization and Transform: CPU user time: 3.63 seconds. CPU system time: 0.31 seconds. Elapsed time: 7.02 seconds; current allocated memory: 332.707 MB.
INFO: [HLS 200-111] Finished Checking Pragmas: CPU user time: 0 seconds. CPU system time: 0 seconds. Elapsed time: 0 seconds; current allocated memory: 332.707 MB.
Execute       opt_and_import_c a -opt_level=2 -skip_syncheck=0 -ng=0 -keep_printf=0 
Execute         cleanup_all_models 
INFO: [HLS 200-10] Starting code transformations ...
INFO-FLOW: Running Standard Transforms...
Execute         transform -hls -share-std-xform -demangle-name -inline-byval-memcpy -always-inline -promote-dbg-pointer -interface-preproc -mem2reg -scalarrepl -mem2reg -keep-read-access -instcombine -dce -promote-dbg-pointer -bitop-raise -loop-simplify -indvarspre -indvars -loop-simplify -constprop -instcombine -simplifycfg -indvars -simplifycfg -dce -globaldce -basicaa -simplifycfg -mem2reg -globalopt -global-constprop -deadargelim -instcombine -simplifycfg -scalarrepl -instcombine -reassociate -licm -simplifycfg -loop-simplify -indvars -instcombine -simplifycfg -mem2reg -loop-simplify -indvars -instcombine -gvn -gvn -instcombine -adce -break-crit-edges -simplifycfg -loop-delete -global-array-opt -dce -dse -adce -find-syn-modules -top upconv_core_top_ucb0 -deadargelim -mem2reg -instcombine -dce -presyn-prepare -interface-preproc -syn-check -check-rec-only -find-region -simplifycfg -func-extr -function-inline -globaldce -mem2reg -instcombine -dce -gvn -globaldce -adce -adse -constprop -instcombine -bit-constprop -instcombine -dce -simplifycfg -bitop-raise -simplifycfg -dce -loop-delete -reassociate -globalopt -global-privatize -mem2reg -dce -global-constprop -pointer-simplify -constprop -dce -promote-dbg-pointer -norm-name /home/hoinguyen/Documents/Vitis/UpConv_HLS/upconv_block0/upconv_block0/hls/.autopilot/db/a.g.0.bc -o /home/hoinguyen/Documents/Vitis/UpConv_HLS/upconv_block0/upconv_block0/hls/.autopilot/db/a.g.1.bc -f -phase std-opt 
Command         transform done; 0.12 sec.
INFO: [HLS 200-111] Finished Standard Transforms: CPU user time: 0.12 seconds. CPU system time: 0.01 seconds. Elapsed time: 0.12 seconds; current allocated memory: 335.219 MB.
INFO: [HLS 200-10] Checking synthesizability ...
INFO-FLOW: Checking Synthesizability 1/2..
Execute         transform -hls -syn-check -check-rec-only -scalarrepl -norm-name -dce -mem2reg -instcombine -directive-preproc -mem2reg -dse -dce -dce -pag -array-normalize -instcombine -dce -array-seg-normalize -instcombine -dce -data-pack -instcombine -dce -inst-simplify -array-flatten -instcombine -dce -array-burst -dce -deadargelim -promote-global-argument -simplifycfg -mem2reg -globaldce -dce -deadargelim -dce -instcombine -function-inline -globaldce -dce -doublePtrSimplify -doublePtrElim -dce -doublePtrSimplify -promote-dbg-pointer -dce -scalarrepl -dse -adse -instcombine -ptrLegalization -simplifycfg -dce -instcombine -pointer-simplify -ptrArgReplace -dce -instcombine -resolve-double-ptr -scalarrepl -norm-name -dce -mem2reg -instcombine -ptrLegalization -simplifycfg -deadargelim -instcombine -dce -inst-simplify -directive-preproc -mem2reg -dse -dce -globaldce /home/hoinguyen/Documents/Vitis/UpConv_HLS/upconv_block0/upconv_block0/hls/.autopilot/db/a.g.1.bc -o /home/hoinguyen/Documents/Vitis/UpConv_HLS/upconv_block0/upconv_block0/hls/.autopilot/db/a.g.2.prechk.bc -f 
Command         transform done; 0.11 sec.
INFO-FLOW: Checking Synthesizability 2/2..
Execute         transform -syn-check /home/hoinguyen/Documents/Vitis/UpConv_HLS/upconv_block0/upconv_block0/hls/.autopilot/db/a.g.2.prechk.bc -o /home/hoinguyen/Documents/Vitis/UpConv_HLS/upconv_block0/upconv_block0/hls/.autopilot/db/a.g.2.bc -f -phase syn-check 
WARNING: [SYNCHK 200-23] ../gen/Hls_Layers_UpConv.tpp:233: variable-indexed range selection may cause suboptimal QoR.
INFO: [SYNCHK 200-10] 0 error(s), 1 warning(s).
INFO: [HLS 200-111] Finished Checking Synthesizability: CPU user time: 0.12 seconds. CPU system time: 0 seconds. Elapsed time: 0.13 seconds; current allocated memory: 338.102 MB.
INFO-FLOW: Compiler optimizing ...
INFO-FLOW: Share syncheck's 1.bc for syn flow: copy /home/hoinguyen/Documents/Vitis/UpConv_HLS/upconv_block0/upconv_block0/hls/.autopilot/db/a.g.1.bc to /home/hoinguyen/Documents/Vitis/UpConv_HLS/upconv_block0/upconv_block0/hls/.autopilot/db/a.o.1.bc
INFO-FLOW: Presyn 1...
Execute         transform -hls -tmp /home/hoinguyen/Documents/Vitis/UpConv_HLS/upconv_block0/upconv_block0/hls/.autopilot/db -interface-port-rename -directive-preproc -mem2reg -dse -dce -scalarrepl -norm-name -deadargelim -dce -hls-dead-arg-elim -deadargelim -mem2reg -instcombine -dce -simplifycfg -dce -resource-proc -clib-intrinsic-prepare -dce -func-buffer -dce -pag -array-normalize -func-legal -instcombine -gvn -constprop -dce -simplifycfg -mem2reg -globaldce -resolve-double-ptr -dce -deadargelim -dce -instcombine -ptrArgReplace -mem2reg -dce -array-seg-normalize -deadargelim -instcombine -dce -directive-preproc -mem2reg -dse -dce -pointer-simplify -dce -port-alignment -dce -interface-preproc -data-pack -instcombine -dce -basicaa -aggr-aa -aggrmodref-aa -aggr-aa -gvn -gvn -basicaa -aggr-aa -aggrmodref-aa -aggr-aa -dse -adse -adce -loop-simplify -indvars -instcombine -gvn -loop-simplify -mem2reg -dce -find-region -instcombine -inst-simplify -interface-preproc -cfgopt -instcombine -indvars -loop-simplify -loop-bound -constprop -instcombine -simplifycfg -indvars -simplifycfg -dce -globaldce -clean-region -attach-range -gvn -inst-simplify -constprop -simplifycfg -dce -pointer-simplify -dce -globalopt -constprop -dce -ptrArgReplace -mem2reg -simplifycfg -dce -instcombine -dce -array-transform-check -array-reshape -instcombine -simplifycfg -dce -ptrArgReplace -deadargelim -mem2reg -instcombine -simplifycfg -dce -indvars -loop-simplify -loop-bound -constprop -instcombine -simplifycfg -indvars -simplifycfg -dce -globaldce -basicaa -aggr-aa -aggrmodref-aa -aggr-aa -dse -duplicate-dataflow-processes -globaldce -instcombine -array-partition -prepare-dynamic-array-partition -instcombine -simplifycfg -dce -ptrArgReplace -global-constprop -deadargelim -mem2reg -func-legal -dce -global-constprop -deadargelim -mem2reg -simplifycfg -dce -merge-param -deadargelim -globalopt -constprop -dce -ptrArgReplace -mem2reg -simplifycfg -dce -mem-intrinsic-preproc -dce -global-internalize -global-privatize -mem2reg -globaldce -lcssa -loop-simplify -phi-select-elim -promote-global-argument -ptrArgReplace -mem2reg -dce -globalopt -mergereturn -simplify-global-access -mem2reg -dce -pointer-simplify -dce -basicaa -aggr-aa -aggrmodref-aa -aggr-aa -functionattrs -basicaa -aggr-aa -aggrmodref-aa -aggr-aa -gvn -gvn -basicaa -aggr-aa -aggrmodref-aa -aggr-aa -dse -adse -adce -dce -norm-name -basicaa -aggr-aa -aggrmodref-aa -aggr-aa -accesses-merge -function-inline -complex-op-raise -inst-simplify -globaldce -func-legal -dce -loop-bound -arraycheck -bitwidthmin2 -bitwidthmin2 -on-by-dataflow -loop-delete -instcombine -simplifycfg -globaldce -dce -gvn -deadargelim -dce -loop-simplify -clean-region -simplifycfg -propagate-stable-arguments -instcombine -simplifycfg -dce -globaldce -duplicate-dataflow-processes -stream-intrinsic-preproc -dce -check-ap-stream -loop-simplify -eliminate-keepreads -extract-dataflow-in-loop -loop-simplify -dce -gvn -deadargelim -dse -duplicate-dataflow-processes -check-dataflow-syntax -legalize-stream-variable -globaldce -legalize-global -extract-subproc -dce -dead-channel-elimination -canonicalize-gep -globaldce -dce -gvn -hls-dead-arg-elim -deadargelim -directive-preproc -canonicalize-dataflow -dce -globaldce -scalar-preprocessing -scalar-propagation2 -scalar-stream -deadargelim -globaldce -mem2reg -check-dataflow-channels -function-stream -dce -globaldce -prop-fifo-spec -internal-stream-gen -canonicalize-gep -globaldce -dce -gvn -deadargelim -mergereturn -indvars -loop-simplify -instcombine -array-stream -array-seg-normalize -array-partition -clean-array-spec -func-legal -instcombine -simplifycfg -dce -bundle-memfifo-ops -deadargelim -directive-preproc -mem2reg -dse -dce -group-axi-access -licm -simplifycfg -dce -loop-delete -hls-display -norm-name /home/hoinguyen/Documents/Vitis/UpConv_HLS/upconv_block0/upconv_block0/hls/.autopilot/db/a.o.1.bc -o /home/hoinguyen/Documents/Vitis/UpConv_HLS/upconv_block0/upconv_block0/hls/.autopilot/db/a.o.1.tmp.bc -f 
WARNING: [XFORM 203-561] Updating loop lower bound from 0 to 3 for loop 'KH_LOOP' (../gen/Hls_Layers_UpConv.tpp:91:23) in function 'uc_compute_tile<8, 16, 16, 60, 32, 480, 480>'.
INFO: [XFORM 203-712] Applying dataflow to function 'dataflow_in_loop_TILE_LOOP.1' (../gen/Hls_Layers_UpConv.tpp:197:9), detected/extracted 3 process function(s): 
	 'entry_proc'
	 'uc_load_tile<8, 480, 60>'
	 'uc_compute_tile<8, 16, 16, 60, 32, 480, 480>'.
Command         transform done; 0.37 sec.
INFO-FLOW: Presyn 2...
Execute         transform -hls -keep-callgraph -scalarrepl -mem2reg -port-alignment -attach-range -dce -pipe-mux-gen -indvars -loop-bound -inst-simplify -instcombine -dce -merge-array-access -mem2reg -dce -clean-region -mergereturn -if-conv -instcombine -dce -constprop -basicaa -aggr-aa -aggrmodref-aa -aggr-aa -gvn -gvn -basicaa -aggr-aa -aggrmodref-aa -aggr-aa -dse -adse -adce -scalarrepl -mem2reg -global-constprop -deadargelim -deadargelim -instcombine -dce -simplifycfg -ptrArgReplace -mem2reg -function-inline -globaldce -mem2reg -instcombine -dce -expr-balance -instcombine -dce -bitwidthmin2 -bitwidthmin2 -interface-preproc -directive-preproc -inst-rectify -instcombine -dce -basicaa -aggr-aa -aggrmodref-aa -aggr-aa -functionattrs -constprop -instcombine -bit-constprop -simplify-global-access -globalopt -globaldce -inst-simplify -instcombine -elimdeaddata -dce -loop-delete -simplifycfg -loop-simplify -barrier -norm-name /home/hoinguyen/Documents/Vitis/UpConv_HLS/upconv_block0/upconv_block0/hls/.autopilot/db/a.o.1.tmp.bc -o /home/hoinguyen/Documents/Vitis/UpConv_HLS/upconv_block0/upconv_block0/hls/.autopilot/db/a.o.2.bc -f -phase presyn 
INFO: [XFORM 203-401] Performing if-conversion on hyperblock from (../gen/Hls_Layers_UpConv.tpp:108:42) in function 'uc_compute_tile<8, 16, 16, 60, 32, 480, 480>'... converting 3 basic blocks.
INFO: [XFORM 203-401] Performing if-conversion on hyperblock from (../gen/Hls_Layers_UpConv.tpp:258:35) to (../gen/Hls_Layers_UpConv.tpp:258:17) in function 'UpConv_Fused_Row<8, 16, 16, 960, 480>'... converting 33 basic blocks.
INFO: [XFORM 203-11] Balancing expressions in function 'upconv_core_top_ucb0' (../gen/Hls_Layers_UpConv.tpp:10:31)...3 expression(s) balanced.
Command         transform done; 0.17 sec.
INFO: [HLS 200-111] Finished Loop, function and other optimizations: CPU user time: 0.54 seconds. CPU system time: 0 seconds. Elapsed time: 0.54 seconds; current allocated memory: 365.297 MB.
Execute         transform -hls -auto-function-inline -globaldce -ptrArgReplace -mem2reg -dce -reset-lda -loop-simplify -indvars -aggr-aa -licm -loop-dep -loop-bound -licm -loop-simplify -loop-sink-hoist -flattenloopnest -array-flatten -gvn -instcombine -dce -array-map -dce -func-legal -gvn -adce -instcombine -cfgopt -simplifycfg-lite -loop-simplify -array-burst -promote-global-argument -dce -array-seg-normalize -basicaa -aggrmodref-aa -globalsmodref-aa -aggr-aa -gvn -gvn -basicaa -aggrmodref-aa -globalsmodref-aa -aggr-aa -dse -adse -adce -licm -inst-simplify -dce -globaldce -instcombine -array-stream -eliminate-keepreads -instcombine -dce -deadargelim -doublePtrSimplify -doublePtrElim -dce -doublePtrSimplify -promote-dbg-pointer -dce -scalarrepl -mem2reg -norm-name -mem2reg -instcombine -dse -adse -adce -ptrLegalization -dce -array-flatten -dce -instcombine -check-doubleptr -loop-rot -constprop -inst-simplify -cfgopt -simplifycfg-lite -loop-simplify -indvars -pointer-simplify -dce -loop-bound -loop-simplify -loop-preproc -constprop -global-constprop -gvn -mem2reg -instcombine -dce -loop-bound -loop-merge -dce -deadargelim -dce -canonicalize-dataflow -dce -deadargelim -globaldce -mem2reg -bram-byte-enable -inst-simplify -inst-rectify -instcombine -adce -deadargelim -load-elim -read-loop-dep -loop-simplify -loop-rewind-sink-hoist -loop-outline -hls-dead-arg-elim -directive-preproc -bitwidthmin2 -bitwidthmin2 -read-loop-dep -interface-preproc -directive-preproc -interface-gen -bram-byte-enable-spec-prop -mul2addshift -deadargelim -inst-simplify -dce -mem2reg -instcombine -gvn -dce -adse -loop-bound -instcombine -cfgopt -simplifycfg-lite -loop-simplify -clean-region -io-protocol -find-region -mem2reg -bitop-raise -complex-op-raise -inst-simplify -inst-rectify -instcombine -adce -deadargelim -float-op-raise -loop-simplify -phi-opt -bitop-raise -cfgopt -simplifycfg-lite -strip-dead-prototypes -interface-lower -bitop-lower -intrinsic-lower -auto-function-inline -basicaa -aggrmodref-aa -globalsmodref-aa -aggr-aa -inst-simplify -simplifycfg-lite -loop-simplify -mergereturn -inst-simplify -inst-rectify -globaldce -dce -load-elim -bitop-lower -float-op-raise -fma-raise -loop-rewind -pointer-simplify -dce -cfgopt -dce -loop-bound -loop-dep -read-loop-dep -dce -dyn-mem-reuse -dce -recurrence-min -dce -share-scalar-alloca -deadargelim -dce -check-stream -norm-name -legalize -inst-clarity -bitwidth -dce -validate-dataflow -dump-loop-dep-to-ir -check-all-ssdm -dump-complexity-metric /home/hoinguyen/Documents/Vitis/UpConv_HLS/upconv_block0/upconv_block0/hls/.autopilot/db/a.o.2.bc -o /home/hoinguyen/Documents/Vitis/UpConv_HLS/upconv_block0/upconv_block0/hls/.autopilot/db/a.o.3.bc -f -phase build-ssdm 
INFO: [HLS 200-2061] Successfully converted nested loops 'LOAD_ROW0'(../gen/Hls_Layers_UpConv.tpp:296:16) and 'VITIS_LOOP_297_1'(../gen/Hls_Layers_UpConv.tpp:297:27) in function 'upconv_core_top_ucb0' into perfectly nested loops.
INFO: [HLS 200-2061] Successfully converted nested loops 'LOAD_ROW'(../gen/Hls_Layers_UpConv.tpp:307:19) and 'VITIS_LOOP_308_2'(../gen/Hls_Layers_UpConv.tpp:308:31) in function 'upconv_core_top_ucb0' into perfectly nested loops.
INFO: [HLS 200-2061] Successfully converted nested loops 'PRELOAD_W'(../gen/Hls_Layers_UpConv.tpp:71:16) and 'W_FLAT'(../gen/Hls_Layers_UpConv.tpp:75:21) in function 'uc_load_tile<8, 480, 60>' into perfectly nested loops.
INFO: [HLS 200-2061] Successfully converted nested loops 'KW_LOOP'(../gen/Hls_Layers_UpConv.tpp:98:18) and 'FLAT_LOOP'(../gen/Hls_Layers_UpConv.tpp:108:24) in function 'uc_compute_tile<8, 16, 16, 60, 32, 480, 480>' into perfectly nested loops.
INFO: [XFORM 203-541] Flattening a loop nest 'LOAD_ROW0' (../gen/Hls_Layers_UpConv.tpp:296:16) in function 'upconv_core_top_ucb0'.
INFO: [XFORM 203-541] Flattening a loop nest 'LOAD_ROW' (../gen/Hls_Layers_UpConv.tpp:307:19) in function 'upconv_core_top_ucb0'.
INFO: [XFORM 203-541] Flattening a loop nest 'PRELOAD_W' (../gen/Hls_Layers_UpConv.tpp:71:16) in function 'uc_load_tile<8, 480, 60>'.
INFO: [XFORM 203-541] Flattening a loop nest 'KW_LOOP' (../gen/Hls_Layers_UpConv.tpp:98:18) in function 'uc_compute_tile<8, 16, 16, 60, 32, 480, 480>'.
WARNING: [HLS 200-1946] Dependence pragma (../gen/Hls_Layers_UpConv.tpp:110:9) in loop 'FLAT_LOOP' may become invalid because the loop was flattened with the outer loop 'KW_LOOP'.
WARNING: [HLS 200-1946] Dependence pragma (../gen/Hls_Layers_UpConv.tpp:110:9) in loop 'FLAT_LOOP' may become invalid because the loop was flattened with the outer loop 'KW_LOOP'.
WARNING: [HLS 200-1946] Dependence pragma (../gen/Hls_Layers_UpConv.tpp:110:9) in loop 'FLAT_LOOP' may become invalid because the loop was flattened with the outer loop 'KW_LOOP'.
WARNING: [HLS 200-1946] Dependence pragma (../gen/Hls_Layers_UpConv.tpp:110:9) in loop 'FLAT_LOOP' may become invalid because the loop was flattened with the outer loop 'KW_LOOP'.
WARNING: [HLS 200-1946] Dependence pragma (../gen/Hls_Layers_UpConv.tpp:110:9) in loop 'FLAT_LOOP' may become invalid because the loop was flattened with the outer loop 'KW_LOOP'.
WARNING: [HLS 200-1946] Dependence pragma (../gen/Hls_Layers_UpConv.tpp:110:9) in loop 'FLAT_LOOP' may become invalid because the loop was flattened with the outer loop 'KW_LOOP'.
WARNING: [HLS 200-1946] Dependence pragma (../gen/Hls_Layers_UpConv.tpp:110:9) in loop 'FLAT_LOOP' may become invalid because the loop was flattened with the outer loop 'KW_LOOP'.
WARNING: [HLS 200-1946] Dependence pragma (../gen/Hls_Layers_UpConv.tpp:110:9) in loop 'FLAT_LOOP' may become invalid because the loop was flattened with the outer loop 'KW_LOOP'.
WARNING: [HLS 200-1946] Dependence pragma (../gen/Hls_Layers_UpConv.tpp:110:9) in loop 'FLAT_LOOP' may become invalid because the loop was flattened with the outer loop 'KW_LOOP'.
WARNING: [HLS 200-1946] Dependence pragma (../gen/Hls_Layers_UpConv.tpp:110:9) in loop 'FLAT_LOOP' may become invalid because the loop was flattened with the outer loop 'KW_LOOP'.
WARNING: [HLS 200-1946] Dependence pragma (../gen/Hls_Layers_UpConv.tpp:110:9) in loop 'FLAT_LOOP' may become invalid because the loop was flattened with the outer loop 'KW_LOOP'.
WARNING: [HLS 200-1946] Dependence pragma (../gen/Hls_Layers_UpConv.tpp:110:9) in loop 'FLAT_LOOP' may become invalid because the loop was flattened with the outer loop 'KW_LOOP'.
WARNING: [HLS 200-1946] Dependence pragma (../gen/Hls_Layers_UpConv.tpp:110:9) in loop 'FLAT_LOOP' may become invalid because the loop was flattened with the outer loop 'KW_LOOP'.
WARNING: [HLS 200-1946] Dependence pragma (../gen/Hls_Layers_UpConv.tpp:110:9) in loop 'FLAT_LOOP' may become invalid because the loop was flattened with the outer loop 'KW_LOOP'.
WARNING: [HLS 200-1946] Dependence pragma (../gen/Hls_Layers_UpConv.tpp:110:9) in loop 'FLAT_LOOP' may become invalid because the loop was flattened with the outer loop 'KW_LOOP'.
WARNING: [HLS 200-1946] Dependence pragma (../gen/Hls_Layers_UpConv.tpp:110:9) in loop 'FLAT_LOOP' may become invalid because the loop was flattened with the outer loop 'KW_LOOP'.
WARNING: [HLS 200-1946] Dependence pragma (../gen/Hls_Layers_UpConv.tpp:110:9) in loop 'FLAT_LOOP' may become invalid because the loop was flattened with the outer loop 'KW_LOOP'.
WARNING: [HLS 200-1946] Dependence pragma (../gen/Hls_Layers_UpConv.tpp:110:9) in loop 'FLAT_LOOP' may become invalid because the loop was flattened with the outer loop 'KW_LOOP'.
WARNING: [HLS 200-1946] Dependence pragma (../gen/Hls_Layers_UpConv.tpp:110:9) in loop 'FLAT_LOOP' may become invalid because the loop was flattened with the outer loop 'KW_LOOP'.
WARNING: [HLS 200-1946] Dependence pragma (../gen/Hls_Layers_UpConv.tpp:110:9) in loop 'FLAT_LOOP' may become invalid because the loop was flattened with the outer loop 'KW_LOOP'.
WARNING: [HLS 200-1946] Dependence pragma (../gen/Hls_Layers_UpConv.tpp:110:9) in loop 'FLAT_LOOP' may become invalid because the loop was flattened with the outer loop 'KW_LOOP'.
WARNING: [HLS 200-1946] Dependence pragma (../gen/Hls_Layers_UpConv.tpp:110:9) in loop 'FLAT_LOOP' may become invalid because the loop was flattened with the outer loop 'KW_LOOP'.
WARNING: [HLS 200-1946] Dependence pragma (../gen/Hls_Layers_UpConv.tpp:110:9) in loop 'FLAT_LOOP' may become invalid because the loop was flattened with the outer loop 'KW_LOOP'.
WARNING: [HLS 200-1946] Dependence pragma (../gen/Hls_Layers_UpConv.tpp:110:9) in loop 'FLAT_LOOP' may become invalid because the loop was flattened with the outer loop 'KW_LOOP'.
WARNING: [HLS 200-1946] Dependence pragma (../gen/Hls_Layers_UpConv.tpp:110:9) in loop 'FLAT_LOOP' may become invalid because the loop was flattened with the outer loop 'KW_LOOP'.
WARNING: [HLS 200-1946] Dependence pragma (../gen/Hls_Layers_UpConv.tpp:110:9) in loop 'FLAT_LOOP' may become invalid because the loop was flattened with the outer loop 'KW_LOOP'.
WARNING: [HLS 200-1946] Dependence pragma (../gen/Hls_Layers_UpConv.tpp:110:9) in loop 'FLAT_LOOP' may become invalid because the loop was flattened with the outer loop 'KW_LOOP'.
WARNING: [HLS 200-1946] Dependence pragma (../gen/Hls_Layers_UpConv.tpp:110:9) in loop 'FLAT_LOOP' may become invalid because the loop was flattened with the outer loop 'KW_LOOP'.
WARNING: [HLS 200-1946] Dependence pragma (../gen/Hls_Layers_UpConv.tpp:110:9) in loop 'FLAT_LOOP' may become invalid because the loop was flattened with the outer loop 'KW_LOOP'.
WARNING: [HLS 200-1946] Dependence pragma (../gen/Hls_Layers_UpConv.tpp:110:9) in loop 'FLAT_LOOP' may become invalid because the loop was flattened with the outer loop 'KW_LOOP'.
WARNING: [HLS 200-1946] Dependence pragma (../gen/Hls_Layers_UpConv.tpp:110:9) in loop 'FLAT_LOOP' may become invalid because the loop was flattened with the outer loop 'KW_LOOP'.
WARNING: [HLS 200-1946] Dependence pragma (../gen/Hls_Layers_UpConv.tpp:110:9) in loop 'FLAT_LOOP' may become invalid because the loop was flattened with the outer loop 'KW_LOOP'.
WARNING: [HLS 200-1946] Dependence pragma (../gen/Hls_Layers_UpConv.tpp:111:9) in loop 'FLAT_LOOP' may become invalid because the loop was flattened with the outer loop 'KW_LOOP'.
WARNING: [HLS 200-1946] Dependence pragma (../gen/Hls_Layers_UpConv.tpp:111:9) in loop 'FLAT_LOOP' may become invalid because the loop was flattened with the outer loop 'KW_LOOP'.
WARNING: [HLS 200-1946] Dependence pragma (../gen/Hls_Layers_UpConv.tpp:111:9) in loop 'FLAT_LOOP' may become invalid because the loop was flattened with the outer loop 'KW_LOOP'.
WARNING: [HLS 200-1946] Dependence pragma (../gen/Hls_Layers_UpConv.tpp:111:9) in loop 'FLAT_LOOP' may become invalid because the loop was flattened with the outer loop 'KW_LOOP'.
WARNING: [HLS 200-1946] Dependence pragma (../gen/Hls_Layers_UpConv.tpp:111:9) in loop 'FLAT_LOOP' may become invalid because the loop was flattened with the outer loop 'KW_LOOP'.
WARNING: [HLS 200-1946] Dependence pragma (../gen/Hls_Layers_UpConv.tpp:111:9) in loop 'FLAT_LOOP' may become invalid because the loop was flattened with the outer loop 'KW_LOOP'.
WARNING: [HLS 200-1946] Dependence pragma (../gen/Hls_Layers_UpConv.tpp:111:9) in loop 'FLAT_LOOP' may become invalid because the loop was flattened with the outer loop 'KW_LOOP'.
WARNING: [HLS 200-1946] Dependence pragma (../gen/Hls_Layers_UpConv.tpp:111:9) in loop 'FLAT_LOOP' may become invalid because the loop was flattened with the outer loop 'KW_LOOP'.
WARNING: [HLS 200-1946] Dependence pragma (../gen/Hls_Layers_UpConv.tpp:111:9) in loop 'FLAT_LOOP' may become invalid because the loop was flattened with the outer loop 'KW_LOOP'.
WARNING: [HLS 200-1946] Dependence pragma (../gen/Hls_Layers_UpConv.tpp:111:9) in loop 'FLAT_LOOP' may become invalid because the loop was flattened with the outer loop 'KW_LOOP'.
WARNING: [HLS 200-1946] Dependence pragma (../gen/Hls_Layers_UpConv.tpp:111:9) in loop 'FLAT_LOOP' may become invalid because the loop was flattened with the outer loop 'KW_LOOP'.
WARNING: [HLS 200-1946] Dependence pragma (../gen/Hls_Layers_UpConv.tpp:111:9) in loop 'FLAT_LOOP' may become invalid because the loop was flattened with the outer loop 'KW_LOOP'.
WARNING: [HLS 200-1946] Dependence pragma (../gen/Hls_Layers_UpConv.tpp:111:9) in loop 'FLAT_LOOP' may become invalid because the loop was flattened with the outer loop 'KW_LOOP'.
WARNING: [HLS 200-1946] Dependence pragma (../gen/Hls_Layers_UpConv.tpp:111:9) in loop 'FLAT_LOOP' may become invalid because the loop was flattened with the outer loop 'KW_LOOP'.
WARNING: [HLS 200-1946] Dependence pragma (../gen/Hls_Layers_UpConv.tpp:111:9) in loop 'FLAT_LOOP' may become invalid because the loop was flattened with the outer loop 'KW_LOOP'.
WARNING: [HLS 200-1946] Dependence pragma (../gen/Hls_Layers_UpConv.tpp:111:9) in loop 'FLAT_LOOP' may become invalid because the loop was flattened with the outer loop 'KW_LOOP'.
WARNING: [HLS 200-960] Cannot flatten loop 'KH_LOOP' (../gen/Hls_Layers_UpConv.tpp:91:14) in function 'uc_compute_tile<8, 16, 16, 60, 32, 480, 480>' the outer loop is not a perfect loop because there is nontrivial logic before entering the inner loop.
WARNING: [ANALYSIS 214-52] Found false inter dependency for variable 'psum.31' (../gen/Hls_Layers_UpConv.tpp:104).
WARNING: [ANALYSIS 214-52] Found false inter dependency for variable 'psum.30' (../gen/Hls_Layers_UpConv.tpp:104).
WARNING: [ANALYSIS 214-52] Found false inter dependency for variable 'psum.29' (../gen/Hls_Layers_UpConv.tpp:104).
WARNING: [ANALYSIS 214-52] Found false inter dependency for variable 'psum.28' (../gen/Hls_Layers_UpConv.tpp:104).
WARNING: [ANALYSIS 214-52] Found false inter dependency for variable 'psum.27' (../gen/Hls_Layers_UpConv.tpp:104).
WARNING: [ANALYSIS 214-52] Found false inter dependency for variable 'psum.26' (../gen/Hls_Layers_UpConv.tpp:104).
WARNING: [ANALYSIS 214-52] Found false inter dependency for variable 'psum.25' (../gen/Hls_Layers_UpConv.tpp:104).
WARNING: [ANALYSIS 214-52] Found false inter dependency for variable 'psum.24' (../gen/Hls_Layers_UpConv.tpp:104).
WARNING: [ANALYSIS 214-52] Found false inter dependency for variable 'psum.23' (../gen/Hls_Layers_UpConv.tpp:104).
WARNING: [ANALYSIS 214-52] Found false inter dependency for variable 'psum.22' (../gen/Hls_Layers_UpConv.tpp:104).
WARNING: [ANALYSIS 214-52] Found false inter dependency for variable 'psum.21' (../gen/Hls_Layers_UpConv.tpp:104).
WARNING: [ANALYSIS 214-52] Found false inter dependency for variable 'psum.20' (../gen/Hls_Layers_UpConv.tpp:104).
WARNING: [ANALYSIS 214-52] Found false inter dependency for variable 'psum.19' (../gen/Hls_Layers_UpConv.tpp:104).
WARNING: [ANALYSIS 214-52] Found false inter dependency for variable 'psum.18' (../gen/Hls_Layers_UpConv.tpp:104).
WARNING: [ANALYSIS 214-52] Found false inter dependency for variable 'psum.17' (../gen/Hls_Layers_UpConv.tpp:104).
WARNING: [ANALYSIS 214-52] Found false inter dependency for variable 'psum.16' (../gen/Hls_Layers_UpConv.tpp:104).
WARNING: [ANALYSIS 214-52] Found false inter dependency for variable 'psum.15' (../gen/Hls_Layers_UpConv.tpp:104).
WARNING: [ANALYSIS 214-52] Found false inter dependency for variable 'psum.14' (../gen/Hls_Layers_UpConv.tpp:104).
WARNING: [ANALYSIS 214-52] Found false inter dependency for variable 'psum.13' (../gen/Hls_Layers_UpConv.tpp:104).
WARNING: [ANALYSIS 214-52] Found false inter dependency for variable 'psum.12' (../gen/Hls_Layers_UpConv.tpp:104).
WARNING: [ANALYSIS 214-52] Found false inter dependency for variable 'psum.11' (../gen/Hls_Layers_UpConv.tpp:104).
WARNING: [ANALYSIS 214-52] Found false inter dependency for variable 'psum.10' (../gen/Hls_Layers_UpConv.tpp:104).
WARNING: [ANALYSIS 214-52] Found false inter dependency for variable 'psum.9' (../gen/Hls_Layers_UpConv.tpp:104).
WARNING: [ANALYSIS 214-52] Found false inter dependency for variable 'psum.8' (../gen/Hls_Layers_UpConv.tpp:104).
WARNING: [ANALYSIS 214-52] Found false inter dependency for variable 'psum.7' (../gen/Hls_Layers_UpConv.tpp:104).
WARNING: [ANALYSIS 214-52] Found false inter dependency for variable 'psum.6' (../gen/Hls_Layers_UpConv.tpp:104).
WARNING: [ANALYSIS 214-52] Found false inter dependency for variable 'psum.5' (../gen/Hls_Layers_UpConv.tpp:104).
WARNING: [ANALYSIS 214-52] Found false inter dependency for variable 'psum.4' (../gen/Hls_Layers_UpConv.tpp:104).
WARNING: [ANALYSIS 214-52] Found false inter dependency for variable 'psum.3' (../gen/Hls_Layers_UpConv.tpp:104).
WARNING: [ANALYSIS 214-52] Found false inter dependency for variable 'psum.2' (../gen/Hls_Layers_UpConv.tpp:104).
WARNING: [ANALYSIS 214-52] Found false inter dependency for variable 'psum.1' (../gen/Hls_Layers_UpConv.tpp:104).
WARNING: [ANALYSIS 214-52] Found false inter dependency for variable 'psum' (../gen/Hls_Layers_UpConv.tpp:104).
WARNING: [ANALYSIS 214-52] Found false inter dependency for variable '_ZZ16UpConv_Fused_RowILi8ELi16ELi16ELi960ELi480EEvP7ap_uintILi256EEPKS1_S4_S4_S4'.
WARNING: [ANALYSIS 214-52] Found false inter dependency for variable '_ZZ16UpConv_Fused_RowILi8ELi16ELi16ELi960ELi480EEvP7ap_uintILi256EEPKS1_S4_S4_S4.1'.
WARNING: [ANALYSIS 214-52] Found false inter dependency for variable '_ZZ16UpConv_Fused_RowILi8ELi16ELi16ELi960ELi480EEvP7ap_uintILi256EEPKS1_S4_S4_S4.2'.
WARNING: [ANALYSIS 214-52] Found false inter dependency for variable '_ZZ16UpConv_Fused_RowILi8ELi16ELi16ELi960ELi480EEvP7ap_uintILi256EEPKS1_S4_S4_S4.3'.
WARNING: [ANALYSIS 214-52] Found false inter dependency for variable '_ZZ16UpConv_Fused_RowILi8ELi16ELi16ELi960ELi480EEvP7ap_uintILi256EEPKS1_S4_S4_S4.4'.
WARNING: [ANALYSIS 214-52] Found false inter dependency for variable '_ZZ16UpConv_Fused_RowILi8ELi16ELi16ELi960ELi480EEvP7ap_uintILi256EEPKS1_S4_S4_S4.5'.
WARNING: [ANALYSIS 214-52] Found false inter dependency for variable 'void UpConv_Fused_Row(ap_uint*,ap_uint const*,ap_uint const*,ap_uint const*,ap_u'.
WARNING: [ANALYSIS 214-52] Found false inter dependency for variable 'void UpConv_Fused_Row(ap_uint*,ap_uint const*,ap_uint const*,ap_uint const*,ap_u.1'.
WARNING: [ANALYSIS 214-52] Found false inter dependency for variable 'void UpConv_Fused_Row(ap_uint*,ap_uint const*,ap_uint const*,ap_uint const*,ap_u.2'.
WARNING: [ANALYSIS 214-52] Found false inter dependency for variable 'void UpConv_Fused_Row(ap_uint*,ap_uint const*,ap_uint const*,ap_uint const*,ap_u.3'.
WARNING: [ANALYSIS 214-52] Found false inter dependency for variable 'void UpConv_Fused_Row(ap_uint*,ap_uint const*,ap_uint const*,ap_uint const*,ap_u.4'.
WARNING: [ANALYSIS 214-52] Found false inter dependency for variable 'void UpConv_Fused_Row(ap_uint*,ap_uint const*,ap_uint const*,ap_uint const*,ap_u.5'.
WARNING: [ANALYSIS 214-52] Found false inter dependency for variable 'void UpConv_Fused_Row(ap_uint*,ap_uint const*,ap_uint const*,ap_uint const*,ap_u.6'.
WARNING: [ANALYSIS 214-52] Found false inter dependency for variable 'void UpConv_Fused_Row(ap_uint*,ap_uint const*,ap_uint const*,ap_uint const*,ap_u.7'.
WARNING: [ANALYSIS 214-52] Found false inter dependency for variable 'void UpConv_Fused_Row(ap_uint*,ap_uint const*,ap_uint const*,ap_uint const*,ap_u.8'.
WARNING: [ANALYSIS 214-52] Found false inter dependency for variable 'void UpConv_Fused_Row(ap_uint*,ap_uint const*,ap_uint const*,ap_uint const*,ap_u.9'.
WARNING: [ANALYSIS 214-52] Found false inter dependency for variable 'sum_rot.7' (../gen/Hls_Layers_UpConv.tpp:222).
WARNING: [ANALYSIS 214-52] Found false inter dependency for variable 'sum_rot.6' (../gen/Hls_Layers_UpConv.tpp:222).
WARNING: [ANALYSIS 214-52] Found false inter dependency for variable 'sum_rot.5' (../gen/Hls_Layers_UpConv.tpp:222).
WARNING: [ANALYSIS 214-52] Found false inter dependency for variable 'sum_rot.4' (../gen/Hls_Layers_UpConv.tpp:222).
WARNING: [ANALYSIS 214-52] Found false inter dependency for variable 'sum_rot.3' (../gen/Hls_Layers_UpConv.tpp:222).
WARNING: [ANALYSIS 214-52] Found false inter dependency for variable 'sum_rot.2' (../gen/Hls_Layers_UpConv.tpp:222).
WARNING: [ANALYSIS 214-52] Found false inter dependency for variable 'sum_rot.1' (../gen/Hls_Layers_UpConv.tpp:222).
WARNING: [ANALYSIS 214-52] Found false inter dependency for variable 'sum_rot' (../gen/Hls_Layers_UpConv.tpp:222).
WARNING: [ANALYSIS 214-52] Found false inter dependency for variable 'sumsq_rot.7' (../gen/Hls_Layers_UpConv.tpp:222).
WARNING: [ANALYSIS 214-52] Found false inter dependency for variable 'sumsq_rot.6' (../gen/Hls_Layers_UpConv.tpp:222).
WARNING: [ANALYSIS 214-52] Found false inter dependency for variable 'sumsq_rot.5' (../gen/Hls_Layers_UpConv.tpp:222).
WARNING: [ANALYSIS 214-52] Found false inter dependency for variable 'sumsq_rot.4' (../gen/Hls_Layers_UpConv.tpp:222).
WARNING: [ANALYSIS 214-52] Found false inter dependency for variable 'sumsq_rot.3' (../gen/Hls_Layers_UpConv.tpp:222).
WARNING: [ANALYSIS 214-52] Found false inter dependency for variable 'sumsq_rot.2' (../gen/Hls_Layers_UpConv.tpp:222).
WARNING: [ANALYSIS 214-52] Found false inter dependency for variable 'sumsq_rot.1' (../gen/Hls_Layers_UpConv.tpp:222).
WARNING: [ANALYSIS 214-52] Found false inter dependency for variable 'sumsq_rot' (../gen/Hls_Layers_UpConv.tpp:222).
WARNING: [ANALYSIS 214-52] Found false inter dependency for variable '_ZZ16UpConv_Fused_RowILi8ELi16ELi16ELi960ELi480EEvP7ap_uintILi256EEPKS1_S4_S4_S4'.
WARNING: [ANALYSIS 214-52] Found false inter dependency for variable '_ZZ16UpConv_Fused_RowILi8ELi16ELi16ELi960ELi480EEvP7ap_uintILi256EEPKS1_S4_S4_S4.1'.
WARNING: [ANALYSIS 214-52] Found false inter dependency for variable '_ZZ16UpConv_Fused_RowILi8ELi16ELi16ELi960ELi480EEvP7ap_uintILi256EEPKS1_S4_S4_S4.2'.
WARNING: [ANALYSIS 214-52] Found false inter dependency for variable '_ZZ16UpConv_Fused_RowILi8ELi16ELi16ELi960ELi480EEvP7ap_uintILi256EEPKS1_S4_S4_S4.3'.
WARNING: [ANALYSIS 214-52] Found false inter dependency for variable '_ZZ16UpConv_Fused_RowILi8ELi16ELi16ELi960ELi480EEvP7ap_uintILi256EEPKS1_S4_S4_S4.4'.
WARNING: [ANALYSIS 214-52] Found false inter dependency for variable '_ZZ16UpConv_Fused_RowILi8ELi16ELi16ELi960ELi480EEvP7ap_uintILi256EEPKS1_S4_S4_S4.5'.
WARNING: [ANALYSIS 214-52] Found false inter dependency for variable 'void UpConv_Fused_Row(ap_uint*,ap_uint const*,ap_uint const*,ap_uint const*,ap_u'.
WARNING: [ANALYSIS 214-52] Found false inter dependency for variable 'void UpConv_Fused_Row(ap_uint*,ap_uint const*,ap_uint const*,ap_uint const*,ap_u.1'.
WARNING: [ANALYSIS 214-52] Found false inter dependency for variable 'void UpConv_Fused_Row(ap_uint*,ap_uint const*,ap_uint const*,ap_uint const*,ap_u.2'.
WARNING: [ANALYSIS 214-52] Found false inter dependency for variable 'void UpConv_Fused_Row(ap_uint*,ap_uint const*,ap_uint const*,ap_uint const*,ap_u.3'.
WARNING: [ANALYSIS 214-52] Found false inter dependency for variable 'void UpConv_Fused_Row(ap_uint*,ap_uint const*,ap_uint const*,ap_uint const*,ap_u.4'.
WARNING: [ANALYSIS 214-52] Found false inter dependency for variable 'void UpConv_Fused_Row(ap_uint*,ap_uint const*,ap_uint const*,ap_uint const*,ap_u.5'.
WARNING: [ANALYSIS 214-52] Found false inter dependency for variable 'void UpConv_Fused_Row(ap_uint*,ap_uint const*,ap_uint const*,ap_uint const*,ap_u.6'.
WARNING: [ANALYSIS 214-52] Found false inter dependency for variable 'void UpConv_Fused_Row(ap_uint*,ap_uint const*,ap_uint const*,ap_uint const*,ap_u.7'.
WARNING: [ANALYSIS 214-52] Found false inter dependency for variable 'void UpConv_Fused_Row(ap_uint*,ap_uint const*,ap_uint const*,ap_uint const*,ap_u.8'.
WARNING: [ANALYSIS 214-52] Found false inter dependency for variable 'void UpConv_Fused_Row(ap_uint*,ap_uint const*,ap_uint const*,ap_uint const*,ap_u.9'.
WARNING: [ANALYSIS 214-52] Found false inter dependency for variable 'sum_rot.7' (../gen/Hls_Layers_UpConv.tpp:222).
WARNING: [ANALYSIS 214-52] Found false inter dependency for variable 'sum_rot.6' (../gen/Hls_Layers_UpConv.tpp:222).
WARNING: [ANALYSIS 214-52] Found false inter dependency for variable 'sum_rot.5' (../gen/Hls_Layers_UpConv.tpp:222).
WARNING: [ANALYSIS 214-52] Found false inter dependency for variable 'sum_rot.4' (../gen/Hls_Layers_UpConv.tpp:222).
WARNING: [ANALYSIS 214-52] Found false inter dependency for variable 'sum_rot.3' (../gen/Hls_Layers_UpConv.tpp:222).
WARNING: [ANALYSIS 214-52] Found false inter dependency for variable 'sum_rot.2' (../gen/Hls_Layers_UpConv.tpp:222).
WARNING: [ANALYSIS 214-52] Found false inter dependency for variable 'sum_rot.1' (../gen/Hls_Layers_UpConv.tpp:222).
WARNING: [ANALYSIS 214-52] Found false inter dependency for variable 'sum_rot' (../gen/Hls_Layers_UpConv.tpp:222).
WARNING: [ANALYSIS 214-52] Found false inter dependency for variable 'sumsq_rot.7' (../gen/Hls_Layers_UpConv.tpp:222).
WARNING: [ANALYSIS 214-52] Found false inter dependency for variable 'sumsq_rot.6' (../gen/Hls_Layers_UpConv.tpp:222).
WARNING: [ANALYSIS 214-52] Found false inter dependency for variable 'sumsq_rot.5' (../gen/Hls_Layers_UpConv.tpp:222).
WARNING: [ANALYSIS 214-52] Found false inter dependency for variable 'sumsq_rot.4' (../gen/Hls_Layers_UpConv.tpp:222).
WARNING: [ANALYSIS 214-52] Found false inter dependency for variable 'sumsq_rot.3' (../gen/Hls_Layers_UpConv.tpp:222).
WARNING: [ANALYSIS 214-52] Found false inter dependency for variable 'sumsq_rot.2' (../gen/Hls_Layers_UpConv.tpp:222).
WARNING: [ANALYSIS 214-52] Found false inter dependency for variable 'sumsq_rot.1' (../gen/Hls_Layers_UpConv.tpp:222).
WARNING: [ANALYSIS 214-52] Found false inter dependency for variable 'sumsq_rot' (../gen/Hls_Layers_UpConv.tpp:222).
WARNING: [ANALYSIS 214-52] Found false inter dependency for variable '_ZZ16UpConv_Fused_RowILi8ELi16ELi16ELi960ELi480EEvP7ap_uintILi256EEPKS1_S4_S4_S4'.
WARNING: [ANALYSIS 214-52] Found false inter dependency for variable '_ZZ16UpConv_Fused_RowILi8ELi16ELi16ELi960ELi480EEvP7ap_uintILi256EEPKS1_S4_S4_S4.1'.
WARNING: [ANALYSIS 214-52] Found false inter dependency for variable '_ZZ16UpConv_Fused_RowILi8ELi16ELi16ELi960ELi480EEvP7ap_uintILi256EEPKS1_S4_S4_S4.2'.
WARNING: [ANALYSIS 214-52] Found false inter dependency for variable '_ZZ16UpConv_Fused_RowILi8ELi16ELi16ELi960ELi480EEvP7ap_uintILi256EEPKS1_S4_S4_S4.3'.
WARNING: [ANALYSIS 214-52] Found false inter dependency for variable '_ZZ16UpConv_Fused_RowILi8ELi16ELi16ELi960ELi480EEvP7ap_uintILi256EEPKS1_S4_S4_S4.4'.
WARNING: [ANALYSIS 214-52] Found false inter dependency for variable '_ZZ16UpConv_Fused_RowILi8ELi16ELi16ELi960ELi480EEvP7ap_uintILi256EEPKS1_S4_S4_S4.5'.
WARNING: [ANALYSIS 214-52] Found false inter dependency for variable 'void UpConv_Fused_Row(ap_uint*,ap_uint const*,ap_uint const*,ap_uint const*,ap_u'.
WARNING: [ANALYSIS 214-52] Found false inter dependency for variable 'void UpConv_Fused_Row(ap_uint*,ap_uint const*,ap_uint const*,ap_uint const*,ap_u.1'.
WARNING: [ANALYSIS 214-52] Found false inter dependency for variable 'void UpConv_Fused_Row(ap_uint*,ap_uint const*,ap_uint const*,ap_uint const*,ap_u.2'.
WARNING: [ANALYSIS 214-52] Found false inter dependency for variable 'void UpConv_Fused_Row(ap_uint*,ap_uint const*,ap_uint const*,ap_uint const*,ap_u.3'.
WARNING: [ANALYSIS 214-52] Found false inter dependency for variable 'void UpConv_Fused_Row(ap_uint*,ap_uint const*,ap_uint const*,ap_uint const*,ap_u.4'.
WARNING: [ANALYSIS 214-52] Found false inter dependency for variable 'void UpConv_Fused_Row(ap_uint*,ap_uint const*,ap_uint const*,ap_uint const*,ap_u.5'.
WARNING: [ANALYSIS 214-52] Found false inter dependency for variable 'void UpConv_Fused_Row(ap_uint*,ap_uint const*,ap_uint const*,ap_uint const*,ap_u.6'.
WARNING: [ANALYSIS 214-52] Found false inter dependency for variable 'void UpConv_Fused_Row(ap_uint*,ap_uint const*,ap_uint const*,ap_uint const*,ap_u.7'.
WARNING: [ANALYSIS 214-52] Found false inter dependency for variable 'void UpConv_Fused_Row(ap_uint*,ap_uint const*,ap_uint const*,ap_uint const*,ap_u.8'.
WARNING: [ANALYSIS 214-52] Found false inter dependency for variable 'void UpConv_Fused_Row(ap_uint*,ap_uint const*,ap_uint const*,ap_uint const*,ap_u.9'.
WARNING: [ANALYSIS 214-52] Found false inter dependency for variable 'psum.31' (../gen/Hls_Layers_UpConv.tpp:104).
WARNING: [ANALYSIS 214-52] Found false inter dependency for variable 'psum.30' (../gen/Hls_Layers_UpConv.tpp:104).
WARNING: [ANALYSIS 214-52] Found false inter dependency for variable 'psum.29' (../gen/Hls_Layers_UpConv.tpp:104).
WARNING: [ANALYSIS 214-52] Found false inter dependency for variable 'psum.28' (../gen/Hls_Layers_UpConv.tpp:104).
WARNING: [ANALYSIS 214-52] Found false inter dependency for variable 'psum.27' (../gen/Hls_Layers_UpConv.tpp:104).
WARNING: [ANALYSIS 214-52] Found false inter dependency for variable 'psum.26' (../gen/Hls_Layers_UpConv.tpp:104).
WARNING: [ANALYSIS 214-52] Found false inter dependency for variable 'psum.25' (../gen/Hls_Layers_UpConv.tpp:104).
WARNING: [ANALYSIS 214-52] Found false inter dependency for variable 'psum.24' (../gen/Hls_Layers_UpConv.tpp:104).
WARNING: [ANALYSIS 214-52] Found false inter dependency for variable 'psum.23' (../gen/Hls_Layers_UpConv.tpp:104).
WARNING: [ANALYSIS 214-52] Found false inter dependency for variable 'psum.22' (../gen/Hls_Layers_UpConv.tpp:104).
WARNING: [ANALYSIS 214-52] Found false inter dependency for variable 'psum.21' (../gen/Hls_Layers_UpConv.tpp:104).
WARNING: [ANALYSIS 214-52] Found false inter dependency for variable 'psum.20' (../gen/Hls_Layers_UpConv.tpp:104).
WARNING: [ANALYSIS 214-52] Found false inter dependency for variable 'psum.19' (../gen/Hls_Layers_UpConv.tpp:104).
WARNING: [ANALYSIS 214-52] Found false inter dependency for variable 'psum.18' (../gen/Hls_Layers_UpConv.tpp:104).
WARNING: [ANALYSIS 214-52] Found false inter dependency for variable 'psum.17' (../gen/Hls_Layers_UpConv.tpp:104).
WARNING: [ANALYSIS 214-52] Found false inter dependency for variable 'psum.16' (../gen/Hls_Layers_UpConv.tpp:104).
WARNING: [ANALYSIS 214-52] Found false inter dependency for variable 'psum.15' (../gen/Hls_Layers_UpConv.tpp:104).
WARNING: [ANALYSIS 214-52] Found false inter dependency for variable 'psum.14' (../gen/Hls_Layers_UpConv.tpp:104).
WARNING: [ANALYSIS 214-52] Found false inter dependency for variable 'psum.13' (../gen/Hls_Layers_UpConv.tpp:104).
WARNING: [ANALYSIS 214-52] Found false inter dependency for variable 'psum.12' (../gen/Hls_Layers_UpConv.tpp:104).
WARNING: [ANALYSIS 214-52] Found false inter dependency for variable 'psum.11' (../gen/Hls_Layers_UpConv.tpp:104).
WARNING: [ANALYSIS 214-52] Found false inter dependency for variable 'psum.10' (../gen/Hls_Layers_UpConv.tpp:104).
WARNING: [ANALYSIS 214-52] Found false inter dependency for variable 'psum.9' (../gen/Hls_Layers_UpConv.tpp:104).
WARNING: [ANALYSIS 214-52] Found false inter dependency for variable 'psum.8' (../gen/Hls_Layers_UpConv.tpp:104).
WARNING: [ANALYSIS 214-52] Found false inter dependency for variable 'psum.7' (../gen/Hls_Layers_UpConv.tpp:104).
WARNING: [ANALYSIS 214-52] Found false inter dependency for variable 'psum.6' (../gen/Hls_Layers_UpConv.tpp:104).
WARNING: [ANALYSIS 214-52] Found false inter dependency for variable 'psum.5' (../gen/Hls_Layers_UpConv.tpp:104).
WARNING: [ANALYSIS 214-52] Found false inter dependency for variable 'psum.4' (../gen/Hls_Layers_UpConv.tpp:104).
WARNING: [ANALYSIS 214-52] Found false inter dependency for variable 'psum.3' (../gen/Hls_Layers_UpConv.tpp:104).
WARNING: [ANALYSIS 214-52] Found false inter dependency for variable 'psum.2' (../gen/Hls_Layers_UpConv.tpp:104).
WARNING: [ANALYSIS 214-52] Found false inter dependency for variable 'psum.1' (../gen/Hls_Layers_UpConv.tpp:104).
WARNING: [ANALYSIS 214-52] Found false inter dependency for variable 'psum' (../gen/Hls_Layers_UpConv.tpp:104).
WARNING: [ANALYSIS 214-52] Found false inter dependency for variable '_ZZ16UpConv_Fused_RowILi8ELi16ELi16ELi960ELi480EEvP7ap_uintILi256EEPKS1_S4_S4_S4'.
WARNING: [ANALYSIS 214-52] Found false inter dependency for variable '_ZZ16UpConv_Fused_RowILi8ELi16ELi16ELi960ELi480EEvP7ap_uintILi256EEPKS1_S4_S4_S4.1'.
WARNING: [ANALYSIS 214-52] Found false inter dependency for variable '_ZZ16UpConv_Fused_RowILi8ELi16ELi16ELi960ELi480EEvP7ap_uintILi256EEPKS1_S4_S4_S4.2'.
WARNING: [ANALYSIS 214-52] Found false inter dependency for variable '_ZZ16UpConv_Fused_RowILi8ELi16ELi16ELi960ELi480EEvP7ap_uintILi256EEPKS1_S4_S4_S4.3'.
WARNING: [ANALYSIS 214-52] Found false inter dependency for variable '_ZZ16UpConv_Fused_RowILi8ELi16ELi16ELi960ELi480EEvP7ap_uintILi256EEPKS1_S4_S4_S4.4'.
WARNING: [ANALYSIS 214-52] Found false inter dependency for variable '_ZZ16UpConv_Fused_RowILi8ELi16ELi16ELi960ELi480EEvP7ap_uintILi256EEPKS1_S4_S4_S4.5'.
WARNING: [ANALYSIS 214-52] Found false inter dependency for variable 'void UpConv_Fused_Row(ap_uint*,ap_uint const*,ap_uint const*,ap_uint const*,ap_u'.
WARNING: [ANALYSIS 214-52] Found false inter dependency for variable 'void UpConv_Fused_Row(ap_uint*,ap_uint const*,ap_uint const*,ap_uint const*,ap_u.1'.
WARNING: [ANALYSIS 214-52] Found false inter dependency for variable 'void UpConv_Fused_Row(ap_uint*,ap_uint const*,ap_uint const*,ap_uint const*,ap_u.2'.
WARNING: [ANALYSIS 214-52] Found false inter dependency for variable 'void UpConv_Fused_Row(ap_uint*,ap_uint const*,ap_uint const*,ap_uint const*,ap_u.3'.
WARNING: [ANALYSIS 214-52] Found false inter dependency for variable 'void UpConv_Fused_Row(ap_uint*,ap_uint const*,ap_uint const*,ap_uint const*,ap_u.4'.
WARNING: [ANALYSIS 214-52] Found false inter dependency for variable 'void UpConv_Fused_Row(ap_uint*,ap_uint const*,ap_uint const*,ap_uint const*,ap_u.5'.
WARNING: [ANALYSIS 214-52] Found false inter dependency for variable 'void UpConv_Fused_Row(ap_uint*,ap_uint const*,ap_uint const*,ap_uint const*,ap_u.6'.
WARNING: [ANALYSIS 214-52] Found false inter dependency for variable 'void UpConv_Fused_Row(ap_uint*,ap_uint const*,ap_uint const*,ap_uint const*,ap_u.7'.
WARNING: [ANALYSIS 214-52] Found false inter dependency for variable 'void UpConv_Fused_Row(ap_uint*,ap_uint const*,ap_uint const*,ap_uint const*,ap_u.8'.
WARNING: [ANALYSIS 214-52] Found false inter dependency for variable 'void UpConv_Fused_Row(ap_uint*,ap_uint const*,ap_uint const*,ap_uint const*,ap_u.9'.
Execute           auto_get_db
Command         transform done; 0.59 sec.
INFO-FLOW: Building ssdm...
Execute         transform -hls -cdfg-build /home/hoinguyen/Documents/Vitis/UpConv_HLS/upconv_block0/upconv_block0/hls/.autopilot/db/a.o.3.bc -o /home/hoinguyen/Documents/Vitis/UpConv_HLS/upconv_block0/upconv_block0/hls/.autopilot/db/a.o.3.bc -f -phase build-ssdm 
WARNING: [HLS 200-1449] Process uc_compute_tile<8, 16, 16, 60, 32, 480, 480> has both a predecessor and reads an input from its caller (see the GUI dataflow viewer). This may lead to lower throughput. Consider copying this input via a predecessor process.
WARNING: [HLS 200-1449] Process dataflow_in_loop_TILE_LOOP.1 has both a predecessor and reads an input from its caller (see the GUI dataflow viewer). This may lead to lower throughput. Consider copying this input via a predecessor process.
Command         transform done; 0.12 sec.
INFO: [HLS 200-111] Finished Architecture Synthesis: CPU user time: 0.65 seconds. CPU system time: 0.05 seconds. Elapsed time: 0.71 seconds; current allocated memory: 485.641 MB.
INFO-FLOW: Finish building internal data model.
Command       opt_and_import_c done; 1.51 sec.
Command     elaborate done; 21.25 sec.
Execute     ap_eval exec zip -j /home/hoinguyen/Documents/Vitis/UpConv_HLS/upconv_block0/upconv_block0/hls/.autopilot/db/dut.hcp $dbDir/a.o.3.bc $dbDir/${topname}.rtl_wrap.cfg.tcl $dbDir/apatb_${topname}.cpp $dbDir/apatb_${topname}_util.cpp $dbDir/apatb_${topname}_ir.ll $dbDir/mapper_${topname}.cpp $dbDir/top-io-fe.xml $dbDir/kernel.internal.xml $workdir/../hls.app 
Execute     autosyn -from_csynth_design=1 
INFO: [HLS 200-10] Starting hardware synthesis ...
INFO-FLOW: Synthesizing C/C++ design ...
INFO: [HLS 200-10] Synthesizing 'upconv_core_top_ucb0' ...
Execute       ap_set_top_model upconv_core_top_ucb0 
WARNING: [SYN 201-103] Legalizing function name 'UpConv_Fused_Row<8, 16, 16, 960, 480>_Pipeline_RESET_ROW_ACC' to 'UpConv_Fused_Row_8_16_16_960_480_Pipeline_RESET_ROW_ACC'.
WARNING: [SYN 201-103] Legalizing function name 'uc_load_tile<8, 480, 60>' to 'uc_load_tile_8_480_60_s'.
WARNING: [SYN 201-103] Legalizing function name 'uc_compute_tile<8, 16, 16, 60, 32, 480, 480>_Pipeline_KW_LOOP_FLAT_LOOP' to 'uc_compute_tile_8_16_16_60_32_480_480_Pipeline_KW_LOOP_FLAT_LOOP'.
WARNING: [SYN 201-103] Legalizing function name 'uc_compute_tile<8, 16, 16, 60, 32, 480, 480>' to 'uc_compute_tile_8_16_16_60_32_480_480_s'.
WARNING: [SYN 201-103] Legalizing function name 'dataflow_in_loop_TILE_LOOP.1' to 'dataflow_in_loop_TILE_LOOP_1'.
WARNING: [SYN 201-103] Legalizing function name 'UpConv_Fused_Row<8, 16, 16, 960, 480>_Pipeline_LOAD_PARAMS' to 'UpConv_Fused_Row_8_16_16_960_480_Pipeline_LOAD_PARAMS'.
WARNING: [SYN 201-103] Legalizing function name 'UpConv_Fused_Row<8, 16, 16, 960, 480>_Pipeline_PIXEL_STATS' to 'UpConv_Fused_Row_8_16_16_960_480_Pipeline_PIXEL_STATS'.
WARNING: [SYN 201-103] Legalizing function name 'UpConv_Fused_Row<8, 16, 16, 960, 480>_Pipeline_PIXEL_NORM' to 'UpConv_Fused_Row_8_16_16_960_480_Pipeline_PIXEL_NORM'.
WARNING: [SYN 201-103] Legalizing function name 'UpConv_Fused_Row<8, 16, 16, 960, 480>' to 'UpConv_Fused_Row_8_16_16_960_480_s'.
Execute       get_model_list upconv_core_top_ucb0 -filter all-wo-channel -topdown 
Execute       preproc_iomode -model upconv_core_top_ucb0 
Execute       preproc_iomode -model upconv_core_top_ucb0_Pipeline_LOAD_ROW_VITIS_LOOP_308_2 
Execute       preproc_iomode -model UpConv_Fused_Row<8, 16, 16, 960, 480> 
Execute       preproc_iomode -model UpConv_Fused_Row<8, 16, 16, 960, 480>_Pipeline_PIXEL_NORM 
Execute       preproc_iomode -model UpConv_Fused_Row<8, 16, 16, 960, 480>_Pipeline_PIXEL_STATS 
Execute       preproc_iomode -model UpConv_Fused_Row<8, 16, 16, 960, 480>_Pipeline_LOAD_PARAMS 
Execute       preproc_iomode -model dataflow_parent_loop_proc 
Execute       preproc_iomode -model dataflow_in_loop_TILE_LOOP.1 
Execute       preproc_iomode -model uc_compute_tile<8, 16, 16, 60, 32, 480, 480> 
Execute       preproc_iomode -model uc_compute_tile<8, 16, 16, 60, 32, 480, 480>_Pipeline_KW_LOOP_FLAT_LOOP 
Execute       preproc_iomode -model uc_load_tile<8, 480, 60> 
Execute       preproc_iomode -model entry_proc 
Execute       preproc_iomode -model UpConv_Fused_Row<8, 16, 16, 960, 480>_Pipeline_RESET_ROW_ACC 
Execute       preproc_iomode -model upconv_core_top_ucb0_Pipeline_LOAD_ROW0_VITIS_LOOP_297_1 
Execute       get_model_list upconv_core_top_ucb0 -filter all-wo-channel 
INFO-FLOW: Model list for configure: upconv_core_top_ucb0_Pipeline_LOAD_ROW0_VITIS_LOOP_297_1 {UpConv_Fused_Row<8, 16, 16, 960, 480>_Pipeline_RESET_ROW_ACC} entry_proc {uc_load_tile<8, 480, 60>} {uc_compute_tile<8, 16, 16, 60, 32, 480, 480>_Pipeline_KW_LOOP_FLAT_LOOP} {uc_compute_tile<8, 16, 16, 60, 32, 480, 480>} dataflow_in_loop_TILE_LOOP.1 dataflow_parent_loop_proc {UpConv_Fused_Row<8, 16, 16, 960, 480>_Pipeline_LOAD_PARAMS} {UpConv_Fused_Row<8, 16, 16, 960, 480>_Pipeline_PIXEL_STATS} {UpConv_Fused_Row<8, 16, 16, 960, 480>_Pipeline_PIXEL_NORM} {UpConv_Fused_Row<8, 16, 16, 960, 480>} upconv_core_top_ucb0_Pipeline_LOAD_ROW_VITIS_LOOP_308_2 upconv_core_top_ucb0
INFO-FLOW: Configuring Module : upconv_core_top_ucb0_Pipeline_LOAD_ROW0_VITIS_LOOP_297_1 ...
Execute       set_default_model upconv_core_top_ucb0_Pipeline_LOAD_ROW0_VITIS_LOOP_297_1 
Execute       apply_spec_resource_limit upconv_core_top_ucb0_Pipeline_LOAD_ROW0_VITIS_LOOP_297_1 
INFO-FLOW: Configuring Module : UpConv_Fused_Row<8, 16, 16, 960, 480>_Pipeline_RESET_ROW_ACC ...
Execute       set_default_model UpConv_Fused_Row<8, 16, 16, 960, 480>_Pipeline_RESET_ROW_ACC 
Execute       apply_spec_resource_limit UpConv_Fused_Row<8, 16, 16, 960, 480>_Pipeline_RESET_ROW_ACC 
INFO-FLOW: Configuring Module : entry_proc ...
Execute       set_default_model entry_proc 
Execute       apply_spec_resource_limit entry_proc 
INFO-FLOW: Configuring Module : uc_load_tile<8, 480, 60> ...
Execute       set_default_model uc_load_tile<8, 480, 60> 
Execute       apply_spec_resource_limit uc_load_tile<8, 480, 60> 
INFO-FLOW: Configuring Module : uc_compute_tile<8, 16, 16, 60, 32, 480, 480>_Pipeline_KW_LOOP_FLAT_LOOP ...
Execute       set_default_model uc_compute_tile<8, 16, 16, 60, 32, 480, 480>_Pipeline_KW_LOOP_FLAT_LOOP 
Execute       apply_spec_resource_limit uc_compute_tile<8, 16, 16, 60, 32, 480, 480>_Pipeline_KW_LOOP_FLAT_LOOP 
INFO-FLOW: Configuring Module : uc_compute_tile<8, 16, 16, 60, 32, 480, 480> ...
Execute       set_default_model uc_compute_tile<8, 16, 16, 60, 32, 480, 480> 
Execute       apply_spec_resource_limit uc_compute_tile<8, 16, 16, 60, 32, 480, 480> 
INFO-FLOW: Configuring Module : dataflow_in_loop_TILE_LOOP.1 ...
Execute       set_default_model dataflow_in_loop_TILE_LOOP.1 
Execute       apply_spec_resource_limit dataflow_in_loop_TILE_LOOP.1 
INFO-FLOW: Configuring Module : dataflow_parent_loop_proc ...
Execute       set_default_model dataflow_parent_loop_proc 
Execute       apply_spec_resource_limit dataflow_parent_loop_proc 
INFO-FLOW: Configuring Module : UpConv_Fused_Row<8, 16, 16, 960, 480>_Pipeline_LOAD_PARAMS ...
Execute       set_default_model UpConv_Fused_Row<8, 16, 16, 960, 480>_Pipeline_LOAD_PARAMS 
Execute       apply_spec_resource_limit UpConv_Fused_Row<8, 16, 16, 960, 480>_Pipeline_LOAD_PARAMS 
INFO-FLOW: Configuring Module : UpConv_Fused_Row<8, 16, 16, 960, 480>_Pipeline_PIXEL_STATS ...
Execute       set_default_model UpConv_Fused_Row<8, 16, 16, 960, 480>_Pipeline_PIXEL_STATS 
Execute       apply_spec_resource_limit UpConv_Fused_Row<8, 16, 16, 960, 480>_Pipeline_PIXEL_STATS 
INFO-FLOW: Configuring Module : UpConv_Fused_Row<8, 16, 16, 960, 480>_Pipeline_PIXEL_NORM ...
Execute       set_default_model UpConv_Fused_Row<8, 16, 16, 960, 480>_Pipeline_PIXEL_NORM 
Execute       apply_spec_resource_limit UpConv_Fused_Row<8, 16, 16, 960, 480>_Pipeline_PIXEL_NORM 
INFO-FLOW: Configuring Module : UpConv_Fused_Row<8, 16, 16, 960, 480> ...
Execute       set_default_model UpConv_Fused_Row<8, 16, 16, 960, 480> 
Execute       apply_spec_resource_limit UpConv_Fused_Row<8, 16, 16, 960, 480> 
INFO-FLOW: Configuring Module : upconv_core_top_ucb0_Pipeline_LOAD_ROW_VITIS_LOOP_308_2 ...
Execute       set_default_model upconv_core_top_ucb0_Pipeline_LOAD_ROW_VITIS_LOOP_308_2 
Execute       apply_spec_resource_limit upconv_core_top_ucb0_Pipeline_LOAD_ROW_VITIS_LOOP_308_2 
INFO-FLOW: Configuring Module : upconv_core_top_ucb0 ...
Execute       set_default_model upconv_core_top_ucb0 
Execute       apply_spec_resource_limit upconv_core_top_ucb0 
INFO-FLOW: Model list for preprocess: upconv_core_top_ucb0_Pipeline_LOAD_ROW0_VITIS_LOOP_297_1 {UpConv_Fused_Row<8, 16, 16, 960, 480>_Pipeline_RESET_ROW_ACC} entry_proc {uc_load_tile<8, 480, 60>} {uc_compute_tile<8, 16, 16, 60, 32, 480, 480>_Pipeline_KW_LOOP_FLAT_LOOP} {uc_compute_tile<8, 16, 16, 60, 32, 480, 480>} dataflow_in_loop_TILE_LOOP.1 dataflow_parent_loop_proc {UpConv_Fused_Row<8, 16, 16, 960, 480>_Pipeline_LOAD_PARAMS} {UpConv_Fused_Row<8, 16, 16, 960, 480>_Pipeline_PIXEL_STATS} {UpConv_Fused_Row<8, 16, 16, 960, 480>_Pipeline_PIXEL_NORM} {UpConv_Fused_Row<8, 16, 16, 960, 480>} upconv_core_top_ucb0_Pipeline_LOAD_ROW_VITIS_LOOP_308_2 upconv_core_top_ucb0
INFO-FLOW: Preprocessing Module: upconv_core_top_ucb0_Pipeline_LOAD_ROW0_VITIS_LOOP_297_1 ...
Execute       set_default_model upconv_core_top_ucb0_Pipeline_LOAD_ROW0_VITIS_LOOP_297_1 
Execute       cdfg_preprocess -model upconv_core_top_ucb0_Pipeline_LOAD_ROW0_VITIS_LOOP_297_1 
Execute       rtl_gen_preprocess upconv_core_top_ucb0_Pipeline_LOAD_ROW0_VITIS_LOOP_297_1 
INFO-FLOW: Preprocessing Module: UpConv_Fused_Row<8, 16, 16, 960, 480>_Pipeline_RESET_ROW_ACC ...
Execute       set_default_model UpConv_Fused_Row<8, 16, 16, 960, 480>_Pipeline_RESET_ROW_ACC 
Execute       cdfg_preprocess -model UpConv_Fused_Row<8, 16, 16, 960, 480>_Pipeline_RESET_ROW_ACC 
Execute       rtl_gen_preprocess UpConv_Fused_Row<8, 16, 16, 960, 480>_Pipeline_RESET_ROW_ACC 
INFO-FLOW: Preprocessing Module: entry_proc ...
Execute       set_default_model entry_proc 
Execute       cdfg_preprocess -model entry_proc 
Execute       rtl_gen_preprocess entry_proc 
INFO-FLOW: Preprocessing Module: uc_load_tile<8, 480, 60> ...
Execute       set_default_model uc_load_tile<8, 480, 60> 
Execute       cdfg_preprocess -model uc_load_tile<8, 480, 60> 
Execute       rtl_gen_preprocess uc_load_tile<8, 480, 60> 
INFO-FLOW: Preprocessing Module: uc_compute_tile<8, 16, 16, 60, 32, 480, 480>_Pipeline_KW_LOOP_FLAT_LOOP ...
Execute       set_default_model uc_compute_tile<8, 16, 16, 60, 32, 480, 480>_Pipeline_KW_LOOP_FLAT_LOOP 
Execute       cdfg_preprocess -model uc_compute_tile<8, 16, 16, 60, 32, 480, 480>_Pipeline_KW_LOOP_FLAT_LOOP 
Execute       rtl_gen_preprocess uc_compute_tile<8, 16, 16, 60, 32, 480, 480>_Pipeline_KW_LOOP_FLAT_LOOP 
INFO-FLOW: Preprocessing Module: uc_compute_tile<8, 16, 16, 60, 32, 480, 480> ...
Execute       set_default_model uc_compute_tile<8, 16, 16, 60, 32, 480, 480> 
Execute       cdfg_preprocess -model uc_compute_tile<8, 16, 16, 60, 32, 480, 480> 
Execute       rtl_gen_preprocess uc_compute_tile<8, 16, 16, 60, 32, 480, 480> 
INFO-FLOW: Preprocessing Module: dataflow_in_loop_TILE_LOOP.1 ...
Execute       set_default_model dataflow_in_loop_TILE_LOOP.1 
Execute       cdfg_preprocess -model dataflow_in_loop_TILE_LOOP.1 
Execute       rtl_gen_preprocess dataflow_in_loop_TILE_LOOP.1 
INFO-FLOW: Preprocessing Module: dataflow_parent_loop_proc ...
Execute       set_default_model dataflow_parent_loop_proc 
Execute       cdfg_preprocess -model dataflow_parent_loop_proc 
Execute       rtl_gen_preprocess dataflow_parent_loop_proc 
INFO-FLOW: Preprocessing Module: UpConv_Fused_Row<8, 16, 16, 960, 480>_Pipeline_LOAD_PARAMS ...
Execute       set_default_model UpConv_Fused_Row<8, 16, 16, 960, 480>_Pipeline_LOAD_PARAMS 
Execute       cdfg_preprocess -model UpConv_Fused_Row<8, 16, 16, 960, 480>_Pipeline_LOAD_PARAMS 
Execute       rtl_gen_preprocess UpConv_Fused_Row<8, 16, 16, 960, 480>_Pipeline_LOAD_PARAMS 
INFO-FLOW: Preprocessing Module: UpConv_Fused_Row<8, 16, 16, 960, 480>_Pipeline_PIXEL_STATS ...
Execute       set_default_model UpConv_Fused_Row<8, 16, 16, 960, 480>_Pipeline_PIXEL_STATS 
Execute       cdfg_preprocess -model UpConv_Fused_Row<8, 16, 16, 960, 480>_Pipeline_PIXEL_STATS 
Execute       rtl_gen_preprocess UpConv_Fused_Row<8, 16, 16, 960, 480>_Pipeline_PIXEL_STATS 
INFO-FLOW: Preprocessing Module: UpConv_Fused_Row<8, 16, 16, 960, 480>_Pipeline_PIXEL_NORM ...
Execute       set_default_model UpConv_Fused_Row<8, 16, 16, 960, 480>_Pipeline_PIXEL_NORM 
Execute       cdfg_preprocess -model UpConv_Fused_Row<8, 16, 16, 960, 480>_Pipeline_PIXEL_NORM 
Execute       rtl_gen_preprocess UpConv_Fused_Row<8, 16, 16, 960, 480>_Pipeline_PIXEL_NORM 
INFO-FLOW: Preprocessing Module: UpConv_Fused_Row<8, 16, 16, 960, 480> ...
Execute       set_default_model UpConv_Fused_Row<8, 16, 16, 960, 480> 
Execute       cdfg_preprocess -model UpConv_Fused_Row<8, 16, 16, 960, 480> 
Execute       rtl_gen_preprocess UpConv_Fused_Row<8, 16, 16, 960, 480> 
INFO-FLOW: Preprocessing Module: upconv_core_top_ucb0_Pipeline_LOAD_ROW_VITIS_LOOP_308_2 ...
Execute       set_default_model upconv_core_top_ucb0_Pipeline_LOAD_ROW_VITIS_LOOP_308_2 
Execute       cdfg_preprocess -model upconv_core_top_ucb0_Pipeline_LOAD_ROW_VITIS_LOOP_308_2 
Execute       rtl_gen_preprocess upconv_core_top_ucb0_Pipeline_LOAD_ROW_VITIS_LOOP_308_2 
INFO-FLOW: Preprocessing Module: upconv_core_top_ucb0 ...
Execute       set_default_model upconv_core_top_ucb0 
Execute       cdfg_preprocess -model upconv_core_top_ucb0 
Execute       rtl_gen_preprocess upconv_core_top_ucb0 
INFO-FLOW: Model list for synthesis: upconv_core_top_ucb0_Pipeline_LOAD_ROW0_VITIS_LOOP_297_1 {UpConv_Fused_Row<8, 16, 16, 960, 480>_Pipeline_RESET_ROW_ACC} entry_proc {uc_load_tile<8, 480, 60>} {uc_compute_tile<8, 16, 16, 60, 32, 480, 480>_Pipeline_KW_LOOP_FLAT_LOOP} {uc_compute_tile<8, 16, 16, 60, 32, 480, 480>} dataflow_in_loop_TILE_LOOP.1 dataflow_parent_loop_proc {UpConv_Fused_Row<8, 16, 16, 960, 480>_Pipeline_LOAD_PARAMS} {UpConv_Fused_Row<8, 16, 16, 960, 480>_Pipeline_PIXEL_STATS} {UpConv_Fused_Row<8, 16, 16, 960, 480>_Pipeline_PIXEL_NORM} {UpConv_Fused_Row<8, 16, 16, 960, 480>} upconv_core_top_ucb0_Pipeline_LOAD_ROW_VITIS_LOOP_308_2 upconv_core_top_ucb0
INFO: [HLS 200-10] ----------------------------------------------------------------
INFO: [HLS 200-42] -- Implementing module 'upconv_core_top_ucb0_Pipeline_LOAD_ROW0_VITIS_LOOP_297_1' 
INFO: [HLS 200-10] ----------------------------------------------------------------
Execute       set_default_model upconv_core_top_ucb0_Pipeline_LOAD_ROW0_VITIS_LOOP_297_1 
Execute       schedule -model upconv_core_top_ucb0_Pipeline_LOAD_ROW0_VITIS_LOOP_297_1 
INFO: [SCHED 204-11] Starting scheduling ...
WARNING: [HLS 200-2042] Usage of URAM can potentially cause worse II as Vitis HLS does not exploit read-first mode for URAMs. Consider using BRAMs instead.
INFO: [SCHED 204-61] Pipelining loop 'LOAD_ROW0_VITIS_LOOP_297_1'.
INFO: [HLS 200-1470] Pipelining result : Target II = 1, Final II = 1, Depth = 3, loop 'LOAD_ROW0_VITIS_LOOP_297_1'
INFO: [SCHED 204-11] Finished scheduling.
INFO: [HLS 200-111] Finished Scheduling: CPU user time: 0.11 seconds. CPU system time: 0.03 seconds. Elapsed time: 0.14 seconds; current allocated memory: 488.070 MB.
Execute       syn_report -verbosereport -o /home/hoinguyen/Documents/Vitis/UpConv_HLS/upconv_block0/upconv_block0/hls/.autopilot/db/upconv_core_top_ucb0_Pipeline_LOAD_ROW0_VITIS_LOOP_297_1.verbose.sched.rpt 
Execute         list_part -family xczu7ev-ffvc1156-2-e 
Execute           ap_family_info -name xczu7ev-ffvc1156-2-e -data names 
Execute           ap_part_info -quiet -name xczu7ev-ffvc1156-2-e -data family 
Execute       db_write -o /home/hoinguyen/Documents/Vitis/UpConv_HLS/upconv_block0/upconv_block0/hls/.autopilot/db/upconv_core_top_ucb0_Pipeline_LOAD_ROW0_VITIS_LOOP_297_1.sched.adb -f 
INFO-FLOW: Finish scheduling upconv_core_top_ucb0_Pipeline_LOAD_ROW0_VITIS_LOOP_297_1.
Execute       set_default_model upconv_core_top_ucb0_Pipeline_LOAD_ROW0_VITIS_LOOP_297_1 
Execute       bind -model upconv_core_top_ucb0_Pipeline_LOAD_ROW0_VITIS_LOOP_297_1 
INFO: [BIND 205-100] Starting micro-architecture generation ...
INFO: [BIND 205-101] Performing variable lifetime analysis.
INFO: [BIND 205-101] Exploring resource sharing.
INFO: [BIND 205-101] Binding ...
INFO: [BIND 205-100] Finished micro-architecture generation.
INFO: [HLS 200-111] Finished Binding: CPU user time: 0.01 seconds. CPU system time: 0 seconds. Elapsed time: 0.03 seconds; current allocated memory: 488.070 MB.
Execute       syn_report -verbosereport -o /home/hoinguyen/Documents/Vitis/UpConv_HLS/upconv_block0/upconv_block0/hls/.autopilot/db/upconv_core_top_ucb0_Pipeline_LOAD_ROW0_VITIS_LOOP_297_1.verbose.bind.rpt 
Execute         list_part -family xczu7ev-ffvc1156-2-e 
Execute           ap_family_info -name xczu7ev-ffvc1156-2-e -data names 
Execute           ap_part_info -quiet -name xczu7ev-ffvc1156-2-e -data family 
Execute       db_write -o /home/hoinguyen/Documents/Vitis/UpConv_HLS/upconv_block0/upconv_block0/hls/.autopilot/db/upconv_core_top_ucb0_Pipeline_LOAD_ROW0_VITIS_LOOP_297_1.bind.adb -f 
INFO-FLOW: Finish binding upconv_core_top_ucb0_Pipeline_LOAD_ROW0_VITIS_LOOP_297_1.
INFO: [HLS 200-10] ----------------------------------------------------------------
INFO: [HLS 200-42] -- Implementing module 'UpConv_Fused_Row_8_16_16_960_480_Pipeline_RESET_ROW_ACC' 
INFO: [HLS 200-10] ----------------------------------------------------------------
Execute       set_default_model UpConv_Fused_Row<8, 16, 16, 960, 480>_Pipeline_RESET_ROW_ACC 
Execute       schedule -model UpConv_Fused_Row<8, 16, 16, 960, 480>_Pipeline_RESET_ROW_ACC 
INFO: [SCHED 204-11] Starting scheduling ...
WARNING: [HLS 200-2042] Usage of URAM can potentially cause worse II as Vitis HLS does not exploit read-first mode for URAMs. Consider using BRAMs instead.
WARNING: [HLS 200-2042] Usage of URAM can potentially cause worse II as Vitis HLS does not exploit read-first mode for URAMs. Consider using BRAMs instead.
WARNING: [HLS 200-2042] Usage of URAM can potentially cause worse II as Vitis HLS does not exploit read-first mode for URAMs. Consider using BRAMs instead.
WARNING: [HLS 200-2042] Usage of URAM can potentially cause worse II as Vitis HLS does not exploit read-first mode for URAMs. Consider using BRAMs instead.
WARNING: [HLS 200-2042] Usage of URAM can potentially cause worse II as Vitis HLS does not exploit read-first mode for URAMs. Consider using BRAMs instead.
WARNING: [HLS 200-2042] Usage of URAM can potentially cause worse II as Vitis HLS does not exploit read-first mode for URAMs. Consider using BRAMs instead.
WARNING: [HLS 200-2042] Usage of URAM can potentially cause worse II as Vitis HLS does not exploit read-first mode for URAMs. Consider using BRAMs instead.
WARNING: [HLS 200-2042] Usage of URAM can potentially cause worse II as Vitis HLS does not exploit read-first mode for URAMs. Consider using BRAMs instead.
WARNING: [HLS 200-2042] Usage of URAM can potentially cause worse II as Vitis HLS does not exploit read-first mode for URAMs. Consider using BRAMs instead.
WARNING: [HLS 200-2042] Usage of URAM can potentially cause worse II as Vitis HLS does not exploit read-first mode for URAMs. Consider using BRAMs instead.
WARNING: [HLS 200-2042] Usage of URAM can potentially cause worse II as Vitis HLS does not exploit read-first mode for URAMs. Consider using BRAMs instead.
WARNING: [HLS 200-2042] Usage of URAM can potentially cause worse II as Vitis HLS does not exploit read-first mode for URAMs. Consider using BRAMs instead.
WARNING: [HLS 200-2042] Usage of URAM can potentially cause worse II as Vitis HLS does not exploit read-first mode for URAMs. Consider using BRAMs instead.
WARNING: [HLS 200-2042] Usage of URAM can potentially cause worse II as Vitis HLS does not exploit read-first mode for URAMs. Consider using BRAMs instead.
WARNING: [HLS 200-2042] Usage of URAM can potentially cause worse II as Vitis HLS does not exploit read-first mode for URAMs. Consider using BRAMs instead.
WARNING: [HLS 200-2042] Usage of URAM can potentially cause worse II as Vitis HLS does not exploit read-first mode for URAMs. Consider using BRAMs instead.
INFO: [SCHED 204-61] Pipelining loop 'RESET_ROW_ACC'.
INFO: [HLS 200-1470] Pipelining result : Target II = 1, Final II = 1, Depth = 2, loop 'RESET_ROW_ACC'
INFO: [SCHED 204-11] Finished scheduling.
INFO: [HLS 200-111] Finished Scheduling: CPU user time: 0.06 seconds. CPU system time: 0.01 seconds. Elapsed time: 0.07 seconds; current allocated memory: 488.711 MB.
Execute       syn_report -verbosereport -o /home/hoinguyen/Documents/Vitis/UpConv_HLS/upconv_block0/upconv_block0/hls/.autopilot/db/UpConv_Fused_Row_8_16_16_960_480_Pipeline_RESET_ROW_ACC.verbose.sched.rpt 
Execute         list_part -family xczu7ev-ffvc1156-2-e 
Execute           ap_family_info -name xczu7ev-ffvc1156-2-e -data names 
Execute           ap_part_info -quiet -name xczu7ev-ffvc1156-2-e -data family 
Execute       db_write -o /home/hoinguyen/Documents/Vitis/UpConv_HLS/upconv_block0/upconv_block0/hls/.autopilot/db/UpConv_Fused_Row_8_16_16_960_480_Pipeline_RESET_ROW_ACC.sched.adb -f 
INFO-FLOW: Finish scheduling UpConv_Fused_Row<8, 16, 16, 960, 480>_Pipeline_RESET_ROW_ACC.
Execute       set_default_model UpConv_Fused_Row<8, 16, 16, 960, 480>_Pipeline_RESET_ROW_ACC 
Execute       bind -model UpConv_Fused_Row<8, 16, 16, 960, 480>_Pipeline_RESET_ROW_ACC 
INFO: [BIND 205-100] Starting micro-architecture generation ...
INFO: [BIND 205-101] Performing variable lifetime analysis.
INFO: [BIND 205-101] Exploring resource sharing.
INFO: [BIND 205-101] Binding ...
INFO: [BIND 205-100] Finished micro-architecture generation.
INFO: [HLS 200-111] Finished Binding: CPU user time: 0.01 seconds. CPU system time: 0 seconds. Elapsed time: 0.02 seconds; current allocated memory: 488.711 MB.
Execute       syn_report -verbosereport -o /home/hoinguyen/Documents/Vitis/UpConv_HLS/upconv_block0/upconv_block0/hls/.autopilot/db/UpConv_Fused_Row_8_16_16_960_480_Pipeline_RESET_ROW_ACC.verbose.bind.rpt 
Execute         list_part -family xczu7ev-ffvc1156-2-e 
Execute           ap_family_info -name xczu7ev-ffvc1156-2-e -data names 
Execute           ap_part_info -quiet -name xczu7ev-ffvc1156-2-e -data family 
Execute       db_write -o /home/hoinguyen/Documents/Vitis/UpConv_HLS/upconv_block0/upconv_block0/hls/.autopilot/db/UpConv_Fused_Row_8_16_16_960_480_Pipeline_RESET_ROW_ACC.bind.adb -f 
INFO-FLOW: Finish binding UpConv_Fused_Row<8, 16, 16, 960, 480>_Pipeline_RESET_ROW_ACC.
INFO: [HLS 200-10] ----------------------------------------------------------------
INFO: [HLS 200-42] -- Implementing module 'entry_proc' 
INFO: [HLS 200-10] ----------------------------------------------------------------
Execute       set_default_model entry_proc 
Execute       schedule -model entry_proc 
INFO: [SCHED 204-11] Starting scheduling ...
INFO: [SCHED 204-11] Finished scheduling.
INFO: [HLS 200-111] Finished Scheduling: CPU user time: 0.01 seconds. CPU system time: 0 seconds. Elapsed time: 0.02 seconds; current allocated memory: 488.711 MB.
Execute       syn_report -verbosereport -o /home/hoinguyen/Documents/Vitis/UpConv_HLS/upconv_block0/upconv_block0/hls/.autopilot/db/entry_proc.verbose.sched.rpt 
Execute         list_part -family xczu7ev-ffvc1156-2-e 
Execute           ap_family_info -name xczu7ev-ffvc1156-2-e -data names 
Execute           ap_part_info -quiet -name xczu7ev-ffvc1156-2-e -data family 
Execute       db_write -o /home/hoinguyen/Documents/Vitis/UpConv_HLS/upconv_block0/upconv_block0/hls/.autopilot/db/entry_proc.sched.adb -f 
INFO-FLOW: Finish scheduling entry_proc.
Execute       set_default_model entry_proc 
Execute       bind -model entry_proc 
INFO: [BIND 205-100] Starting micro-architecture generation ...
INFO: [BIND 205-101] Performing variable lifetime analysis.
INFO: [BIND 205-101] Exploring resource sharing.
INFO: [BIND 205-101] Binding ...
INFO: [BIND 205-100] Finished micro-architecture generation.
INFO: [HLS 200-111] Finished Binding: CPU user time: 0.01 seconds. CPU system time: 0 seconds. Elapsed time: 0.01 seconds; current allocated memory: 488.711 MB.
Execute       syn_report -verbosereport -o /home/hoinguyen/Documents/Vitis/UpConv_HLS/upconv_block0/upconv_block0/hls/.autopilot/db/entry_proc.verbose.bind.rpt 
Execute         list_part -family xczu7ev-ffvc1156-2-e 
Execute           ap_family_info -name xczu7ev-ffvc1156-2-e -data names 
Execute           ap_part_info -quiet -name xczu7ev-ffvc1156-2-e -data family 
Execute       db_write -o /home/hoinguyen/Documents/Vitis/UpConv_HLS/upconv_block0/upconv_block0/hls/.autopilot/db/entry_proc.bind.adb -f 
INFO-FLOW: Finish binding entry_proc.
INFO: [HLS 200-10] ----------------------------------------------------------------
INFO: [HLS 200-42] -- Implementing module 'uc_load_tile_8_480_60_s' 
INFO: [HLS 200-10] ----------------------------------------------------------------
Execute       set_default_model uc_load_tile<8, 480, 60> 
Execute       schedule -model uc_load_tile<8, 480, 60> 
INFO: [SCHED 204-11] Starting scheduling ...
WARNING: [HLS 200-2042] Usage of URAM can potentially cause worse II as Vitis HLS does not exploit read-first mode for URAMs. Consider using BRAMs instead.
WARNING: [HLS 200-2042] Usage of URAM can potentially cause worse II as Vitis HLS does not exploit read-first mode for URAMs. Consider using BRAMs instead.
WARNING: [HLS 200-2042] Usage of URAM can potentially cause worse II as Vitis HLS does not exploit read-first mode for URAMs. Consider using BRAMs instead.
WARNING: [HLS 200-2042] Usage of URAM can potentially cause worse II as Vitis HLS does not exploit read-first mode for URAMs. Consider using BRAMs instead.
WARNING: [HLS 200-2042] Usage of URAM can potentially cause worse II as Vitis HLS does not exploit read-first mode for URAMs. Consider using BRAMs instead.
WARNING: [HLS 200-2042] Usage of URAM can potentially cause worse II as Vitis HLS does not exploit read-first mode for URAMs. Consider using BRAMs instead.
WARNING: [HLS 200-2042] Usage of URAM can potentially cause worse II as Vitis HLS does not exploit read-first mode for URAMs. Consider using BRAMs instead.
WARNING: [HLS 200-2042] Usage of URAM can potentially cause worse II as Vitis HLS does not exploit read-first mode for URAMs. Consider using BRAMs instead.
INFO: [SCHED 204-61] Pipelining loop 'PRELOAD_W_W_FLAT'.
INFO: [HLS 200-1470] Pipelining result : Target II = 1, Final II = 1, Depth = 13, loop 'PRELOAD_W_W_FLAT'
WARNING: [HLS 200-871] Estimated clock period (3.357 ns) exceeds the target (target clock period: 3.333 ns, clock uncertainty: 0.900 ns, effective delay budget: 2.433 ns).
WARNING: [HLS 200-1016] The critical path in module 'uc_load_tile_8_480_60_s' consists of the following:
	'load' operation 32 bit ('ci_cnt52_load', ../gen/Hls_Layers_UpConv.tpp:71) on local variable 'ci_cnt52' [61]  (0.000 ns)
	'select' operation 32 bit ('select_ln71_1', ../gen/Hls_Layers_UpConv.tpp:71) [64]  (0.449 ns)
	'add' operation 32 bit ('ci_cnt', ../gen/Hls_Layers_UpConv.tpp:78) [110]  (1.016 ns)
	'icmp' operation 1 bit ('icmp_ln79', ../gen/Hls_Layers_UpConv.tpp:79) [111]  (1.016 ns)
	'select' operation 32 bit ('ci_cnt', ../gen/Hls_Layers_UpConv.tpp:79) [114]  (0.449 ns)
	'store' operation 0 bit ('ci_cnt52_write_ln79', ../gen/Hls_Layers_UpConv.tpp:79) of variable 'ci_cnt', ../gen/Hls_Layers_UpConv.tpp:79 on local variable 'ci_cnt52' [120]  (0.427 ns)

INFO: [SCHED 204-11] Finished scheduling.
INFO: [HLS 200-111] Finished Scheduling: CPU user time: 0.07 seconds. CPU system time: 0.01 seconds. Elapsed time: 0.08 seconds; current allocated memory: 490.047 MB.
Execute       syn_report -verbosereport -o /home/hoinguyen/Documents/Vitis/UpConv_HLS/upconv_block0/upconv_block0/hls/.autopilot/db/uc_load_tile_8_480_60_s.verbose.sched.rpt 
Execute         list_part -family xczu7ev-ffvc1156-2-e 
Execute           ap_family_info -name xczu7ev-ffvc1156-2-e -data names 
Execute           ap_part_info -quiet -name xczu7ev-ffvc1156-2-e -data family 
Execute       db_write -o /home/hoinguyen/Documents/Vitis/UpConv_HLS/upconv_block0/upconv_block0/hls/.autopilot/db/uc_load_tile_8_480_60_s.sched.adb -f 
INFO-FLOW: Finish scheduling uc_load_tile<8, 480, 60>.
Execute       set_default_model uc_load_tile<8, 480, 60> 
Execute       bind -model uc_load_tile<8, 480, 60> 
INFO: [BIND 205-100] Starting micro-architecture generation ...
INFO: [BIND 205-101] Performing variable lifetime analysis.
INFO: [BIND 205-101] Exploring resource sharing.
INFO: [BIND 205-101] Binding ...
INFO: [BIND 205-100] Finished micro-architecture generation.
INFO: [HLS 200-111] Finished Binding: CPU user time: 0.02 seconds. CPU system time: 0 seconds. Elapsed time: 0.02 seconds; current allocated memory: 490.047 MB.
Execute       syn_report -verbosereport -o /home/hoinguyen/Documents/Vitis/UpConv_HLS/upconv_block0/upconv_block0/hls/.autopilot/db/uc_load_tile_8_480_60_s.verbose.bind.rpt 
Execute         list_part -family xczu7ev-ffvc1156-2-e 
Execute           ap_family_info -name xczu7ev-ffvc1156-2-e -data names 
Execute           ap_part_info -quiet -name xczu7ev-ffvc1156-2-e -data family 
Execute       db_write -o /home/hoinguyen/Documents/Vitis/UpConv_HLS/upconv_block0/upconv_block0/hls/.autopilot/db/uc_load_tile_8_480_60_s.bind.adb -f 
INFO-FLOW: Finish binding uc_load_tile<8, 480, 60>.
INFO: [HLS 200-10] ----------------------------------------------------------------
INFO: [HLS 200-42] -- Implementing module 'uc_compute_tile_8_16_16_60_32_480_480_Pipeline_KW_LOOP_FLAT_LOOP' 
INFO: [HLS 200-10] ----------------------------------------------------------------
Execute       set_default_model uc_compute_tile<8, 16, 16, 60, 32, 480, 480>_Pipeline_KW_LOOP_FLAT_LOOP 
Execute       schedule -model uc_compute_tile<8, 16, 16, 60, 32, 480, 480>_Pipeline_KW_LOOP_FLAT_LOOP 
INFO: [SCHED 204-11] Starting scheduling ...
WARNING: [HLS 200-2042] Usage of URAM can potentially cause worse II as Vitis HLS does not exploit read-first mode for URAMs. Consider using BRAMs instead.
WARNING: [HLS 200-2042] Usage of URAM can potentially cause worse II as Vitis HLS does not exploit read-first mode for URAMs. Consider using BRAMs instead.
WARNING: [HLS 200-2042] Usage of URAM can potentially cause worse II as Vitis HLS does not exploit read-first mode for URAMs. Consider using BRAMs instead.
WARNING: [HLS 200-2042] Usage of URAM can potentially cause worse II as Vitis HLS does not exploit read-first mode for URAMs. Consider using BRAMs instead.
WARNING: [HLS 200-2042] Usage of URAM can potentially cause worse II as Vitis HLS does not exploit read-first mode for URAMs. Consider using BRAMs instead.
WARNING: [HLS 200-2042] Usage of URAM can potentially cause worse II as Vitis HLS does not exploit read-first mode for URAMs. Consider using BRAMs instead.
WARNING: [HLS 200-2042] Usage of URAM can potentially cause worse II as Vitis HLS does not exploit read-first mode for URAMs. Consider using BRAMs instead.
WARNING: [HLS 200-2042] Usage of URAM can potentially cause worse II as Vitis HLS does not exploit read-first mode for URAMs. Consider using BRAMs instead.
WARNING: [HLS 200-2042] Usage of URAM can potentially cause worse II as Vitis HLS does not exploit read-first mode for URAMs. Consider using BRAMs instead.
WARNING: [HLS 200-2042] Usage of URAM can potentially cause worse II as Vitis HLS does not exploit read-first mode for URAMs. Consider using BRAMs instead.
WARNING: [HLS 200-2042] Usage of URAM can potentially cause worse II as Vitis HLS does not exploit read-first mode for URAMs. Consider using BRAMs instead.
WARNING: [HLS 200-2042] Usage of URAM can potentially cause worse II as Vitis HLS does not exploit read-first mode for URAMs. Consider using BRAMs instead.
WARNING: [HLS 200-2042] Usage of URAM can potentially cause worse II as Vitis HLS does not exploit read-first mode for URAMs. Consider using BRAMs instead.
WARNING: [HLS 200-2042] Usage of URAM can potentially cause worse II as Vitis HLS does not exploit read-first mode for URAMs. Consider using BRAMs instead.
WARNING: [HLS 200-2042] Usage of URAM can potentially cause worse II as Vitis HLS does not exploit read-first mode for URAMs. Consider using BRAMs instead.
WARNING: [HLS 200-2042] Usage of URAM can potentially cause worse II as Vitis HLS does not exploit read-first mode for URAMs. Consider using BRAMs instead.
WARNING: [HLS 200-2042] Usage of URAM can potentially cause worse II as Vitis HLS does not exploit read-first mode for URAMs. Consider using BRAMs instead.
WARNING: [HLS 200-2042] Usage of URAM can potentially cause worse II as Vitis HLS does not exploit read-first mode for URAMs. Consider using BRAMs instead.
WARNING: [HLS 200-2042] Usage of URAM can potentially cause worse II as Vitis HLS does not exploit read-first mode for URAMs. Consider using BRAMs instead.
WARNING: [HLS 200-2042] Usage of URAM can potentially cause worse II as Vitis HLS does not exploit read-first mode for URAMs. Consider using BRAMs instead.
WARNING: [HLS 200-2042] Usage of URAM can potentially cause worse II as Vitis HLS does not exploit read-first mode for URAMs. Consider using BRAMs instead.
WARNING: [HLS 200-2042] Usage of URAM can potentially cause worse II as Vitis HLS does not exploit read-first mode for URAMs. Consider using BRAMs instead.
WARNING: [HLS 200-2042] Usage of URAM can potentially cause worse II as Vitis HLS does not exploit read-first mode for URAMs. Consider using BRAMs instead.
WARNING: [HLS 200-2042] Usage of URAM can potentially cause worse II as Vitis HLS does not exploit read-first mode for URAMs. Consider using BRAMs instead.
WARNING: [HLS 200-2042] Usage of URAM can potentially cause worse II as Vitis HLS does not exploit read-first mode for URAMs. Consider using BRAMs instead.
WARNING: [HLS 200-2042] Usage of URAM can potentially cause worse II as Vitis HLS does not exploit read-first mode for URAMs. Consider using BRAMs instead.
WARNING: [HLS 200-2042] Usage of URAM can potentially cause worse II as Vitis HLS does not exploit read-first mode for URAMs. Consider using BRAMs instead.
WARNING: [HLS 200-2042] Usage of URAM can potentially cause worse II as Vitis HLS does not exploit read-first mode for URAMs. Consider using BRAMs instead.
WARNING: [HLS 200-2042] Usage of URAM can potentially cause worse II as Vitis HLS does not exploit read-first mode for URAMs. Consider using BRAMs instead.
WARNING: [HLS 200-2042] Usage of URAM can potentially cause worse II as Vitis HLS does not exploit read-first mode for URAMs. Consider using BRAMs instead.
WARNING: [HLS 200-2042] Usage of URAM can potentially cause worse II as Vitis HLS does not exploit read-first mode for URAMs. Consider using BRAMs instead.
WARNING: [HLS 200-2042] Usage of URAM can potentially cause worse II as Vitis HLS does not exploit read-first mode for URAMs. Consider using BRAMs instead.
WARNING: [HLS 200-2042] Usage of URAM can potentially cause worse II as Vitis HLS does not exploit read-first mode for URAMs. Consider using BRAMs instead.
WARNING: [HLS 200-2042] Usage of URAM can potentially cause worse II as Vitis HLS does not exploit read-first mode for URAMs. Consider using BRAMs instead.
WARNING: [HLS 200-2042] Usage of URAM can potentially cause worse II as Vitis HLS does not exploit read-first mode for URAMs. Consider using BRAMs instead.
WARNING: [HLS 200-2042] Usage of URAM can potentially cause worse II as Vitis HLS does not exploit read-first mode for URAMs. Consider using BRAMs instead.
WARNING: [HLS 200-2042] Usage of URAM can potentially cause worse II as Vitis HLS does not exploit read-first mode for URAMs. Consider using BRAMs instead.
WARNING: [HLS 200-2042] Usage of URAM can potentially cause worse II as Vitis HLS does not exploit read-first mode for URAMs. Consider using BRAMs instead.
WARNING: [HLS 200-2042] Usage of URAM can potentially cause worse II as Vitis HLS does not exploit read-first mode for URAMs. Consider using BRAMs instead.
WARNING: [HLS 200-2042] Usage of URAM can potentially cause worse II as Vitis HLS does not exploit read-first mode for URAMs. Consider using BRAMs instead.
WARNING: [HLS 200-2042] Usage of URAM can potentially cause worse II as Vitis HLS does not exploit read-first mode for URAMs. Consider using BRAMs instead.
INFO: [SCHED 204-61] Pipelining loop 'KW_LOOP_FLAT_LOOP'.
INFO: [HLS 200-1470] Pipelining result : Target II = 1, Final II = 1, Depth = 116, loop 'KW_LOOP_FLAT_LOOP'
INFO: [SCHED 204-11] Finished scheduling.
Command       schedule done; 0.52 sec.
INFO: [HLS 200-111] Finished Scheduling: CPU user time: 0.52 seconds. CPU system time: 0.01 seconds. Elapsed time: 0.54 seconds; current allocated memory: 500.922 MB.
Execute       syn_report -verbosereport -o /home/hoinguyen/Documents/Vitis/UpConv_HLS/upconv_block0/upconv_block0/hls/.autopilot/db/uc_compute_tile_8_16_16_60_32_480_480_Pipeline_KW_LOOP_FLAT_LOOP.verbose.sched.rpt 
Execute         list_part -family xczu7ev-ffvc1156-2-e 
Execute           ap_family_info -name xczu7ev-ffvc1156-2-e -data names 
Execute           ap_part_info -quiet -name xczu7ev-ffvc1156-2-e -data family 
Execute       db_write -o /home/hoinguyen/Documents/Vitis/UpConv_HLS/upconv_block0/upconv_block0/hls/.autopilot/db/uc_compute_tile_8_16_16_60_32_480_480_Pipeline_KW_LOOP_FLAT_LOOP.sched.adb -f 
INFO-FLOW: Finish scheduling uc_compute_tile<8, 16, 16, 60, 32, 480, 480>_Pipeline_KW_LOOP_FLAT_LOOP.
Execute       set_default_model uc_compute_tile<8, 16, 16, 60, 32, 480, 480>_Pipeline_KW_LOOP_FLAT_LOOP 
Execute       bind -model uc_compute_tile<8, 16, 16, 60, 32, 480, 480>_Pipeline_KW_LOOP_FLAT_LOOP 
INFO: [BIND 205-100] Starting micro-architecture generation ...
INFO: [BIND 205-101] Performing variable lifetime analysis.
INFO: [BIND 205-101] Exploring resource sharing.
INFO: [BIND 205-101] Binding ...
INFO: [BIND 205-100] Finished micro-architecture generation.
INFO: [HLS 200-111] Finished Binding: CPU user time: 0.14 seconds. CPU system time: 0.01 seconds. Elapsed time: 0.14 seconds; current allocated memory: 501.043 MB.
Execute       syn_report -verbosereport -o /home/hoinguyen/Documents/Vitis/UpConv_HLS/upconv_block0/upconv_block0/hls/.autopilot/db/uc_compute_tile_8_16_16_60_32_480_480_Pipeline_KW_LOOP_FLAT_LOOP.verbose.bind.rpt 
Execute         list_part -family xczu7ev-ffvc1156-2-e 
Execute           ap_family_info -name xczu7ev-ffvc1156-2-e -data names 
Execute           ap_part_info -quiet -name xczu7ev-ffvc1156-2-e -data family 
Execute       db_write -o /home/hoinguyen/Documents/Vitis/UpConv_HLS/upconv_block0/upconv_block0/hls/.autopilot/db/uc_compute_tile_8_16_16_60_32_480_480_Pipeline_KW_LOOP_FLAT_LOOP.bind.adb -f 
INFO-FLOW: Finish binding uc_compute_tile<8, 16, 16, 60, 32, 480, 480>_Pipeline_KW_LOOP_FLAT_LOOP.
INFO: [HLS 200-10] ----------------------------------------------------------------
INFO: [HLS 200-42] -- Implementing module 'uc_compute_tile_8_16_16_60_32_480_480_s' 
INFO: [HLS 200-10] ----------------------------------------------------------------
Execute       set_default_model uc_compute_tile<8, 16, 16, 60, 32, 480, 480> 
Execute       schedule -model uc_compute_tile<8, 16, 16, 60, 32, 480, 480> 
INFO: [SCHED 204-11] Starting scheduling ...
INFO: [SCHED 204-11] Finished scheduling.
INFO: [HLS 200-111] Finished Scheduling: CPU user time: 0.09 seconds. CPU system time: 0 seconds. Elapsed time: 0.09 seconds; current allocated memory: 502.566 MB.
Execute       syn_report -verbosereport -o /home/hoinguyen/Documents/Vitis/UpConv_HLS/upconv_block0/upconv_block0/hls/.autopilot/db/uc_compute_tile_8_16_16_60_32_480_480_s.verbose.sched.rpt 
Execute         list_part -family xczu7ev-ffvc1156-2-e 
Execute           ap_family_info -name xczu7ev-ffvc1156-2-e -data names 
Execute           ap_part_info -quiet -name xczu7ev-ffvc1156-2-e -data family 
Execute       db_write -o /home/hoinguyen/Documents/Vitis/UpConv_HLS/upconv_block0/upconv_block0/hls/.autopilot/db/uc_compute_tile_8_16_16_60_32_480_480_s.sched.adb -f 
INFO-FLOW: Finish scheduling uc_compute_tile<8, 16, 16, 60, 32, 480, 480>.
Execute       set_default_model uc_compute_tile<8, 16, 16, 60, 32, 480, 480> 
Execute       bind -model uc_compute_tile<8, 16, 16, 60, 32, 480, 480> 
INFO: [BIND 205-100] Starting micro-architecture generation ...
INFO: [BIND 205-101] Performing variable lifetime analysis.
INFO: [BIND 205-101] Exploring resource sharing.
INFO: [BIND 205-101] Binding ...
INFO: [BIND 205-100] Finished micro-architecture generation.
INFO: [HLS 200-111] Finished Binding: CPU user time: 0.03 seconds. CPU system time: 0 seconds. Elapsed time: 0.03 seconds; current allocated memory: 502.586 MB.
Execute       syn_report -verbosereport -o /home/hoinguyen/Documents/Vitis/UpConv_HLS/upconv_block0/upconv_block0/hls/.autopilot/db/uc_compute_tile_8_16_16_60_32_480_480_s.verbose.bind.rpt 
Execute         list_part -family xczu7ev-ffvc1156-2-e 
Execute           ap_family_info -name xczu7ev-ffvc1156-2-e -data names 
Execute           ap_part_info -quiet -name xczu7ev-ffvc1156-2-e -data family 
Execute       db_write -o /home/hoinguyen/Documents/Vitis/UpConv_HLS/upconv_block0/upconv_block0/hls/.autopilot/db/uc_compute_tile_8_16_16_60_32_480_480_s.bind.adb -f 
INFO-FLOW: Finish binding uc_compute_tile<8, 16, 16, 60, 32, 480, 480>.
INFO: [HLS 200-10] ----------------------------------------------------------------
INFO: [HLS 200-42] -- Implementing module 'dataflow_in_loop_TILE_LOOP_1' 
INFO: [HLS 200-10] ----------------------------------------------------------------
Execute       set_default_model dataflow_in_loop_TILE_LOOP.1 
Execute       schedule -model dataflow_in_loop_TILE_LOOP.1 
INFO: [SCHED 204-11] Starting scheduling ...
INFO: [SCHED 204-11] Finished scheduling.
INFO: [HLS 200-111] Finished Scheduling: CPU user time: 0.03 seconds. CPU system time: 0 seconds. Elapsed time: 0.04 seconds; current allocated memory: 502.844 MB.
Execute       syn_report -verbosereport -o /home/hoinguyen/Documents/Vitis/UpConv_HLS/upconv_block0/upconv_block0/hls/.autopilot/db/dataflow_in_loop_TILE_LOOP_1.verbose.sched.rpt 
Execute         list_part -family xczu7ev-ffvc1156-2-e 
Execute           ap_family_info -name xczu7ev-ffvc1156-2-e -data names 
Execute           ap_part_info -quiet -name xczu7ev-ffvc1156-2-e -data family 
Execute       db_write -o /home/hoinguyen/Documents/Vitis/UpConv_HLS/upconv_block0/upconv_block0/hls/.autopilot/db/dataflow_in_loop_TILE_LOOP_1.sched.adb -f 
INFO-FLOW: Finish scheduling dataflow_in_loop_TILE_LOOP.1.
Execute       set_default_model dataflow_in_loop_TILE_LOOP.1 
Execute       bind -model dataflow_in_loop_TILE_LOOP.1 
INFO: [BIND 205-100] Starting micro-architecture generation ...
INFO: [BIND 205-101] Performing variable lifetime analysis.
INFO: [BIND 205-101] Exploring resource sharing.
INFO: [BIND 205-101] Binding ...
INFO: [BIND 205-100] Finished micro-architecture generation.
INFO: [HLS 200-111] Finished Binding: CPU user time: 0.02 seconds. CPU system time: 0 seconds. Elapsed time: 0.02 seconds; current allocated memory: 503.027 MB.
Execute       syn_report -verbosereport -o /home/hoinguyen/Documents/Vitis/UpConv_HLS/upconv_block0/upconv_block0/hls/.autopilot/db/dataflow_in_loop_TILE_LOOP_1.verbose.bind.rpt 
Execute         list_part -family xczu7ev-ffvc1156-2-e 
Execute           ap_family_info -name xczu7ev-ffvc1156-2-e -data names 
Execute           ap_part_info -quiet -name xczu7ev-ffvc1156-2-e -data family 
Execute       db_write -o /home/hoinguyen/Documents/Vitis/UpConv_HLS/upconv_block0/upconv_block0/hls/.autopilot/db/dataflow_in_loop_TILE_LOOP_1.bind.adb -f 
INFO-FLOW: Finish binding dataflow_in_loop_TILE_LOOP.1.
INFO: [HLS 200-10] ----------------------------------------------------------------
INFO: [HLS 200-42] -- Implementing module 'dataflow_parent_loop_proc' 
INFO: [HLS 200-10] ----------------------------------------------------------------
Execute       set_default_model dataflow_parent_loop_proc 
Execute       schedule -model dataflow_parent_loop_proc 
INFO: [SCHED 204-11] Starting scheduling ...
INFO: [SCHED 204-11] Finished scheduling.
INFO: [HLS 200-111] Finished Scheduling: CPU user time: 0.04 seconds. CPU system time: 0 seconds. Elapsed time: 0.04 seconds; current allocated memory: 503.910 MB.
Execute       syn_report -verbosereport -o /home/hoinguyen/Documents/Vitis/UpConv_HLS/upconv_block0/upconv_block0/hls/.autopilot/db/dataflow_parent_loop_proc.verbose.sched.rpt 
Execute         list_part -family xczu7ev-ffvc1156-2-e 
Execute           ap_family_info -name xczu7ev-ffvc1156-2-e -data names 
Execute           ap_part_info -quiet -name xczu7ev-ffvc1156-2-e -data family 
Execute       db_write -o /home/hoinguyen/Documents/Vitis/UpConv_HLS/upconv_block0/upconv_block0/hls/.autopilot/db/dataflow_parent_loop_proc.sched.adb -f 
INFO-FLOW: Finish scheduling dataflow_parent_loop_proc.
Execute       set_default_model dataflow_parent_loop_proc 
Execute       bind -model dataflow_parent_loop_proc 
INFO: [BIND 205-100] Starting micro-architecture generation ...
INFO: [BIND 205-101] Performing variable lifetime analysis.
INFO: [BIND 205-101] Exploring resource sharing.
INFO: [BIND 205-101] Binding ...
INFO: [BIND 205-100] Finished micro-architecture generation.
INFO: [HLS 200-111] Finished Binding: CPU user time: 0.02 seconds. CPU system time: 0.01 seconds. Elapsed time: 0.02 seconds; current allocated memory: 503.910 MB.
Execute       syn_report -verbosereport -o /home/hoinguyen/Documents/Vitis/UpConv_HLS/upconv_block0/upconv_block0/hls/.autopilot/db/dataflow_parent_loop_proc.verbose.bind.rpt 
Execute         list_part -family xczu7ev-ffvc1156-2-e 
Execute           ap_family_info -name xczu7ev-ffvc1156-2-e -data names 
Execute           ap_part_info -quiet -name xczu7ev-ffvc1156-2-e -data family 
Execute       db_write -o /home/hoinguyen/Documents/Vitis/UpConv_HLS/upconv_block0/upconv_block0/hls/.autopilot/db/dataflow_parent_loop_proc.bind.adb -f 
INFO-FLOW: Finish binding dataflow_parent_loop_proc.
INFO: [HLS 200-10] ----------------------------------------------------------------
INFO: [HLS 200-42] -- Implementing module 'UpConv_Fused_Row_8_16_16_960_480_Pipeline_LOAD_PARAMS' 
INFO: [HLS 200-10] ----------------------------------------------------------------
Execute       set_default_model UpConv_Fused_Row<8, 16, 16, 960, 480>_Pipeline_LOAD_PARAMS 
Execute       schedule -model UpConv_Fused_Row<8, 16, 16, 960, 480>_Pipeline_LOAD_PARAMS 
INFO: [SCHED 204-11] Starting scheduling ...
INFO: [SCHED 204-61] Pipelining loop 'LOAD_PARAMS'.
WARNING: [HLS 200-885] The II Violation in module 'UpConv_Fused_Row_8_16_16_960_480_Pipeline_LOAD_PARAMS' (loop 'LOAD_PARAMS'): Unable to schedule bus request operation ('gmem_param_load_1_req', ../gen/Hls_Layers_UpConv.tpp:212) on port 'gmem_param' (../gen/Hls_Layers_UpConv.tpp:212) due to limited memory ports (II = 1). Please consider using a memory core with more ports or partitioning the array.
WARNING: [HLS 200-885] The II Violation in module 'UpConv_Fused_Row_8_16_16_960_480_Pipeline_LOAD_PARAMS' (loop 'LOAD_PARAMS'): Unable to schedule bus request operation ('gmem_param_load_2_req', ../gen/Hls_Layers_UpConv.tpp:213) on port 'gmem_param' (../gen/Hls_Layers_UpConv.tpp:213) due to limited memory ports (II = 2). Please consider using a memory core with more ports or partitioning the array.
INFO: [HLS 200-1470] Pipelining result : Target II = 1, Final II = 3, Depth = 13, loop 'LOAD_PARAMS'
INFO: [SCHED 204-11] Finished scheduling.
INFO: [HLS 200-111] Finished Scheduling: CPU user time: 0.07 seconds. CPU system time: 0 seconds. Elapsed time: 0.07 seconds; current allocated memory: 504.438 MB.
Execute       syn_report -verbosereport -o /home/hoinguyen/Documents/Vitis/UpConv_HLS/upconv_block0/upconv_block0/hls/.autopilot/db/UpConv_Fused_Row_8_16_16_960_480_Pipeline_LOAD_PARAMS.verbose.sched.rpt 
Execute         list_part -family xczu7ev-ffvc1156-2-e 
Execute           ap_family_info -name xczu7ev-ffvc1156-2-e -data names 
Execute           ap_part_info -quiet -name xczu7ev-ffvc1156-2-e -data family 
Execute       db_write -o /home/hoinguyen/Documents/Vitis/UpConv_HLS/upconv_block0/upconv_block0/hls/.autopilot/db/UpConv_Fused_Row_8_16_16_960_480_Pipeline_LOAD_PARAMS.sched.adb -f 
INFO-FLOW: Finish scheduling UpConv_Fused_Row<8, 16, 16, 960, 480>_Pipeline_LOAD_PARAMS.
Execute       set_default_model UpConv_Fused_Row<8, 16, 16, 960, 480>_Pipeline_LOAD_PARAMS 
Execute       bind -model UpConv_Fused_Row<8, 16, 16, 960, 480>_Pipeline_LOAD_PARAMS 
INFO: [BIND 205-100] Starting micro-architecture generation ...
INFO: [BIND 205-101] Performing variable lifetime analysis.
INFO: [BIND 205-101] Exploring resource sharing.
INFO: [BIND 205-101] Binding ...
INFO: [BIND 205-100] Finished micro-architecture generation.
INFO: [HLS 200-111] Finished Binding: CPU user time: 0.02 seconds. CPU system time: 0.01 seconds. Elapsed time: 0.02 seconds; current allocated memory: 504.438 MB.
Execute       syn_report -verbosereport -o /home/hoinguyen/Documents/Vitis/UpConv_HLS/upconv_block0/upconv_block0/hls/.autopilot/db/UpConv_Fused_Row_8_16_16_960_480_Pipeline_LOAD_PARAMS.verbose.bind.rpt 
Execute         list_part -family xczu7ev-ffvc1156-2-e 
Execute           ap_family_info -name xczu7ev-ffvc1156-2-e -data names 
Execute           ap_part_info -quiet -name xczu7ev-ffvc1156-2-e -data family 
Execute       db_write -o /home/hoinguyen/Documents/Vitis/UpConv_HLS/upconv_block0/upconv_block0/hls/.autopilot/db/UpConv_Fused_Row_8_16_16_960_480_Pipeline_LOAD_PARAMS.bind.adb -f 
INFO-FLOW: Finish binding UpConv_Fused_Row<8, 16, 16, 960, 480>_Pipeline_LOAD_PARAMS.
INFO: [HLS 200-10] ----------------------------------------------------------------
INFO: [HLS 200-42] -- Implementing module 'UpConv_Fused_Row_8_16_16_960_480_Pipeline_PIXEL_STATS' 
INFO: [HLS 200-10] ----------------------------------------------------------------
Execute       set_default_model UpConv_Fused_Row<8, 16, 16, 960, 480>_Pipeline_PIXEL_STATS 
Execute       schedule -model UpConv_Fused_Row<8, 16, 16, 960, 480>_Pipeline_PIXEL_STATS 
INFO: [SCHED 204-11] Starting scheduling ...
WARNING: [HLS 200-2042] Usage of URAM can potentially cause worse II as Vitis HLS does not exploit read-first mode for URAMs. Consider using BRAMs instead.
WARNING: [HLS 200-2042] Usage of URAM can potentially cause worse II as Vitis HLS does not exploit read-first mode for URAMs. Consider using BRAMs instead.
WARNING: [HLS 200-2042] Usage of URAM can potentially cause worse II as Vitis HLS does not exploit read-first mode for URAMs. Consider using BRAMs instead.
WARNING: [HLS 200-2042] Usage of URAM can potentially cause worse II as Vitis HLS does not exploit read-first mode for URAMs. Consider using BRAMs instead.
WARNING: [HLS 200-2042] Usage of URAM can potentially cause worse II as Vitis HLS does not exploit read-first mode for URAMs. Consider using BRAMs instead.
WARNING: [HLS 200-2042] Usage of URAM can potentially cause worse II as Vitis HLS does not exploit read-first mode for URAMs. Consider using BRAMs instead.
WARNING: [HLS 200-2042] Usage of URAM can potentially cause worse II as Vitis HLS does not exploit read-first mode for URAMs. Consider using BRAMs instead.
WARNING: [HLS 200-2042] Usage of URAM can potentially cause worse II as Vitis HLS does not exploit read-first mode for URAMs. Consider using BRAMs instead.
WARNING: [HLS 200-2042] Usage of URAM can potentially cause worse II as Vitis HLS does not exploit read-first mode for URAMs. Consider using BRAMs instead.
WARNING: [HLS 200-2042] Usage of URAM can potentially cause worse II as Vitis HLS does not exploit read-first mode for URAMs. Consider using BRAMs instead.
WARNING: [HLS 200-2042] Usage of URAM can potentially cause worse II as Vitis HLS does not exploit read-first mode for URAMs. Consider using BRAMs instead.
WARNING: [HLS 200-2042] Usage of URAM can potentially cause worse II as Vitis HLS does not exploit read-first mode for URAMs. Consider using BRAMs instead.
WARNING: [HLS 200-2042] Usage of URAM can potentially cause worse II as Vitis HLS does not exploit read-first mode for URAMs. Consider using BRAMs instead.
WARNING: [HLS 200-2042] Usage of URAM can potentially cause worse II as Vitis HLS does not exploit read-first mode for URAMs. Consider using BRAMs instead.
WARNING: [HLS 200-2042] Usage of URAM can potentially cause worse II as Vitis HLS does not exploit read-first mode for URAMs. Consider using BRAMs instead.
WARNING: [HLS 200-2042] Usage of URAM can potentially cause worse II as Vitis HLS does not exploit read-first mode for URAMs. Consider using BRAMs instead.
WARNING: [HLS 200-2042] Usage of URAM can potentially cause worse II as Vitis HLS does not exploit read-first mode for URAMs. Consider using BRAMs instead.
WARNING: [HLS 200-2042] Usage of URAM can potentially cause worse II as Vitis HLS does not exploit read-first mode for URAMs. Consider using BRAMs instead.
WARNING: [HLS 200-2042] Usage of URAM can potentially cause worse II as Vitis HLS does not exploit read-first mode for URAMs. Consider using BRAMs instead.
WARNING: [HLS 200-2042] Usage of URAM can potentially cause worse II as Vitis HLS does not exploit read-first mode for URAMs. Consider using BRAMs instead.
WARNING: [HLS 200-2042] Usage of URAM can potentially cause worse II as Vitis HLS does not exploit read-first mode for URAMs. Consider using BRAMs instead.
WARNING: [HLS 200-2042] Usage of URAM can potentially cause worse II as Vitis HLS does not exploit read-first mode for URAMs. Consider using BRAMs instead.
WARNING: [HLS 200-2042] Usage of URAM can potentially cause worse II as Vitis HLS does not exploit read-first mode for URAMs. Consider using BRAMs instead.
WARNING: [HLS 200-2042] Usage of URAM can potentially cause worse II as Vitis HLS does not exploit read-first mode for URAMs. Consider using BRAMs instead.
WARNING: [HLS 200-2042] Usage of URAM can potentially cause worse II as Vitis HLS does not exploit read-first mode for URAMs. Consider using BRAMs instead.
WARNING: [HLS 200-2042] Usage of URAM can potentially cause worse II as Vitis HLS does not exploit read-first mode for URAMs. Consider using BRAMs instead.
WARNING: [HLS 200-2042] Usage of URAM can potentially cause worse II as Vitis HLS does not exploit read-first mode for URAMs. Consider using BRAMs instead.
WARNING: [HLS 200-2042] Usage of URAM can potentially cause worse II as Vitis HLS does not exploit read-first mode for URAMs. Consider using BRAMs instead.
WARNING: [HLS 200-2042] Usage of URAM can potentially cause worse II as Vitis HLS does not exploit read-first mode for URAMs. Consider using BRAMs instead.
WARNING: [HLS 200-2042] Usage of URAM can potentially cause worse II as Vitis HLS does not exploit read-first mode for URAMs. Consider using BRAMs instead.
WARNING: [HLS 200-2042] Usage of URAM can potentially cause worse II as Vitis HLS does not exploit read-first mode for URAMs. Consider using BRAMs instead.
WARNING: [HLS 200-2042] Usage of URAM can potentially cause worse II as Vitis HLS does not exploit read-first mode for URAMs. Consider using BRAMs instead.
INFO: [SCHED 204-61] Pipelining loop 'PIXEL_STATS'.
INFO: [HLS 200-1470] Pipelining result : Target II = 1, Final II = 1, Depth = 231, loop 'PIXEL_STATS'
INFO: [SCHED 204-11] Finished scheduling.
Command       schedule done; 0.2 sec.
INFO: [HLS 200-111] Finished Scheduling: CPU user time: 0.22 seconds. CPU system time: 0 seconds. Elapsed time: 0.22 seconds; current allocated memory: 508.160 MB.
Execute       syn_report -verbosereport -o /home/hoinguyen/Documents/Vitis/UpConv_HLS/upconv_block0/upconv_block0/hls/.autopilot/db/UpConv_Fused_Row_8_16_16_960_480_Pipeline_PIXEL_STATS.verbose.sched.rpt 
Execute         list_part -family xczu7ev-ffvc1156-2-e 
Execute           ap_family_info -name xczu7ev-ffvc1156-2-e -data names 
Execute           ap_part_info -quiet -name xczu7ev-ffvc1156-2-e -data family 
Execute       db_write -o /home/hoinguyen/Documents/Vitis/UpConv_HLS/upconv_block0/upconv_block0/hls/.autopilot/db/UpConv_Fused_Row_8_16_16_960_480_Pipeline_PIXEL_STATS.sched.adb -f 
INFO-FLOW: Finish scheduling UpConv_Fused_Row<8, 16, 16, 960, 480>_Pipeline_PIXEL_STATS.
Execute       set_default_model UpConv_Fused_Row<8, 16, 16, 960, 480>_Pipeline_PIXEL_STATS 
Execute       bind -model UpConv_Fused_Row<8, 16, 16, 960, 480>_Pipeline_PIXEL_STATS 
INFO: [BIND 205-100] Starting micro-architecture generation ...
INFO: [BIND 205-101] Performing variable lifetime analysis.
INFO: [BIND 205-101] Exploring resource sharing.
INFO: [BIND 205-101] Binding ...
INFO: [BIND 205-100] Finished micro-architecture generation.
INFO: [HLS 200-111] Finished Binding: CPU user time: 0.04 seconds. CPU system time: 0.01 seconds. Elapsed time: 0.05 seconds; current allocated memory: 508.219 MB.
Execute       syn_report -verbosereport -o /home/hoinguyen/Documents/Vitis/UpConv_HLS/upconv_block0/upconv_block0/hls/.autopilot/db/UpConv_Fused_Row_8_16_16_960_480_Pipeline_PIXEL_STATS.verbose.bind.rpt 
Execute         list_part -family xczu7ev-ffvc1156-2-e 
Execute           ap_family_info -name xczu7ev-ffvc1156-2-e -data names 
Execute           ap_part_info -quiet -name xczu7ev-ffvc1156-2-e -data family 
Execute       db_write -o /home/hoinguyen/Documents/Vitis/UpConv_HLS/upconv_block0/upconv_block0/hls/.autopilot/db/UpConv_Fused_Row_8_16_16_960_480_Pipeline_PIXEL_STATS.bind.adb -f 
INFO-FLOW: Finish binding UpConv_Fused_Row<8, 16, 16, 960, 480>_Pipeline_PIXEL_STATS.
INFO: [HLS 200-10] ----------------------------------------------------------------
INFO: [HLS 200-42] -- Implementing module 'UpConv_Fused_Row_8_16_16_960_480_Pipeline_PIXEL_NORM' 
INFO: [HLS 200-10] ----------------------------------------------------------------
Execute       set_default_model UpConv_Fused_Row<8, 16, 16, 960, 480>_Pipeline_PIXEL_NORM 
Execute       schedule -model UpConv_Fused_Row<8, 16, 16, 960, 480>_Pipeline_PIXEL_NORM 
INFO: [SCHED 204-11] Starting scheduling ...
WARNING: [HLS 200-2042] Usage of URAM can potentially cause worse II as Vitis HLS does not exploit read-first mode for URAMs. Consider using BRAMs instead.
WARNING: [HLS 200-2042] Usage of URAM can potentially cause worse II as Vitis HLS does not exploit read-first mode for URAMs. Consider using BRAMs instead.
WARNING: [HLS 200-2042] Usage of URAM can potentially cause worse II as Vitis HLS does not exploit read-first mode for URAMs. Consider using BRAMs instead.
WARNING: [HLS 200-2042] Usage of URAM can potentially cause worse II as Vitis HLS does not exploit read-first mode for URAMs. Consider using BRAMs instead.
WARNING: [HLS 200-2042] Usage of URAM can potentially cause worse II as Vitis HLS does not exploit read-first mode for URAMs. Consider using BRAMs instead.
WARNING: [HLS 200-2042] Usage of URAM can potentially cause worse II as Vitis HLS does not exploit read-first mode for URAMs. Consider using BRAMs instead.
WARNING: [HLS 200-2042] Usage of URAM can potentially cause worse II as Vitis HLS does not exploit read-first mode for URAMs. Consider using BRAMs instead.
WARNING: [HLS 200-2042] Usage of URAM can potentially cause worse II as Vitis HLS does not exploit read-first mode for URAMs. Consider using BRAMs instead.
WARNING: [HLS 200-2042] Usage of URAM can potentially cause worse II as Vitis HLS does not exploit read-first mode for URAMs. Consider using BRAMs instead.
WARNING: [HLS 200-2042] Usage of URAM can potentially cause worse II as Vitis HLS does not exploit read-first mode for URAMs. Consider using BRAMs instead.
WARNING: [HLS 200-2042] Usage of URAM can potentially cause worse II as Vitis HLS does not exploit read-first mode for URAMs. Consider using BRAMs instead.
WARNING: [HLS 200-2042] Usage of URAM can potentially cause worse II as Vitis HLS does not exploit read-first mode for URAMs. Consider using BRAMs instead.
WARNING: [HLS 200-2042] Usage of URAM can potentially cause worse II as Vitis HLS does not exploit read-first mode for URAMs. Consider using BRAMs instead.
WARNING: [HLS 200-2042] Usage of URAM can potentially cause worse II as Vitis HLS does not exploit read-first mode for URAMs. Consider using BRAMs instead.
WARNING: [HLS 200-2042] Usage of URAM can potentially cause worse II as Vitis HLS does not exploit read-first mode for URAMs. Consider using BRAMs instead.
WARNING: [HLS 200-2042] Usage of URAM can potentially cause worse II as Vitis HLS does not exploit read-first mode for URAMs. Consider using BRAMs instead.
INFO: [SCHED 204-61] Pipelining loop 'PIXEL_NORM'.
INFO: [HLS 200-1470] Pipelining result : Target II = 1, Final II = 1, Depth = 31, loop 'PIXEL_NORM'
INFO: [SCHED 204-11] Finished scheduling.
Command       schedule done; 0.15 sec.
INFO: [HLS 200-111] Finished Scheduling: CPU user time: 0.18 seconds. CPU system time: 0.01 seconds. Elapsed time: 0.19 seconds; current allocated memory: 511.414 MB.
Execute       syn_report -verbosereport -o /home/hoinguyen/Documents/Vitis/UpConv_HLS/upconv_block0/upconv_block0/hls/.autopilot/db/UpConv_Fused_Row_8_16_16_960_480_Pipeline_PIXEL_NORM.verbose.sched.rpt 
Execute         list_part -family xczu7ev-ffvc1156-2-e 
Execute           ap_family_info -name xczu7ev-ffvc1156-2-e -data names 
Execute           ap_part_info -quiet -name xczu7ev-ffvc1156-2-e -data family 
Execute       db_write -o /home/hoinguyen/Documents/Vitis/UpConv_HLS/upconv_block0/upconv_block0/hls/.autopilot/db/UpConv_Fused_Row_8_16_16_960_480_Pipeline_PIXEL_NORM.sched.adb -f 
INFO-FLOW: Finish scheduling UpConv_Fused_Row<8, 16, 16, 960, 480>_Pipeline_PIXEL_NORM.
Execute       set_default_model UpConv_Fused_Row<8, 16, 16, 960, 480>_Pipeline_PIXEL_NORM 
Execute       bind -model UpConv_Fused_Row<8, 16, 16, 960, 480>_Pipeline_PIXEL_NORM 
INFO: [BIND 205-100] Starting micro-architecture generation ...
INFO: [BIND 205-101] Performing variable lifetime analysis.
INFO: [BIND 205-101] Exploring resource sharing.
INFO: [BIND 205-101] Binding ...
INFO: [BIND 205-100] Finished micro-architecture generation.
INFO: [HLS 200-111] Finished Binding: CPU user time: 0.04 seconds. CPU system time: 0 seconds. Elapsed time: 0.04 seconds; current allocated memory: 512.215 MB.
Execute       syn_report -verbosereport -o /home/hoinguyen/Documents/Vitis/UpConv_HLS/upconv_block0/upconv_block0/hls/.autopilot/db/UpConv_Fused_Row_8_16_16_960_480_Pipeline_PIXEL_NORM.verbose.bind.rpt 
Execute         list_part -family xczu7ev-ffvc1156-2-e 
Execute           ap_family_info -name xczu7ev-ffvc1156-2-e -data names 
Execute           ap_part_info -quiet -name xczu7ev-ffvc1156-2-e -data family 
Execute       db_write -o /home/hoinguyen/Documents/Vitis/UpConv_HLS/upconv_block0/upconv_block0/hls/.autopilot/db/UpConv_Fused_Row_8_16_16_960_480_Pipeline_PIXEL_NORM.bind.adb -f 
INFO-FLOW: Finish binding UpConv_Fused_Row<8, 16, 16, 960, 480>_Pipeline_PIXEL_NORM.
INFO: [HLS 200-10] ----------------------------------------------------------------
INFO: [HLS 200-42] -- Implementing module 'UpConv_Fused_Row_8_16_16_960_480_s' 
INFO: [HLS 200-10] ----------------------------------------------------------------
Execute       set_default_model UpConv_Fused_Row<8, 16, 16, 960, 480> 
Execute       schedule -model UpConv_Fused_Row<8, 16, 16, 960, 480> 
INFO: [SCHED 204-11] Starting scheduling ...
INFO: [SCHED 204-11] Finished scheduling.
INFO: [HLS 200-111] Finished Scheduling: CPU user time: 0.05 seconds. CPU system time: 0 seconds. Elapsed time: 0.05 seconds; current allocated memory: 513.289 MB.
Execute       syn_report -verbosereport -o /home/hoinguyen/Documents/Vitis/UpConv_HLS/upconv_block0/upconv_block0/hls/.autopilot/db/UpConv_Fused_Row_8_16_16_960_480_s.verbose.sched.rpt 
Execute         list_part -family xczu7ev-ffvc1156-2-e 
Execute           ap_family_info -name xczu7ev-ffvc1156-2-e -data names 
Execute           ap_part_info -quiet -name xczu7ev-ffvc1156-2-e -data family 
Execute       db_write -o /home/hoinguyen/Documents/Vitis/UpConv_HLS/upconv_block0/upconv_block0/hls/.autopilot/db/UpConv_Fused_Row_8_16_16_960_480_s.sched.adb -f 
INFO-FLOW: Finish scheduling UpConv_Fused_Row<8, 16, 16, 960, 480>.
Execute       set_default_model UpConv_Fused_Row<8, 16, 16, 960, 480> 
Execute       bind -model UpConv_Fused_Row<8, 16, 16, 960, 480> 
INFO: [BIND 205-100] Starting micro-architecture generation ...
INFO: [BIND 205-101] Performing variable lifetime analysis.
INFO: [BIND 205-101] Exploring resource sharing.
INFO: [BIND 205-101] Binding ...
INFO: [BIND 205-100] Finished micro-architecture generation.
INFO: [HLS 200-111] Finished Binding: CPU user time: 0.03 seconds. CPU system time: 0 seconds. Elapsed time: 0.03 seconds; current allocated memory: 513.289 MB.
Execute       syn_report -verbosereport -o /home/hoinguyen/Documents/Vitis/UpConv_HLS/upconv_block0/upconv_block0/hls/.autopilot/db/UpConv_Fused_Row_8_16_16_960_480_s.verbose.bind.rpt 
Execute         list_part -family xczu7ev-ffvc1156-2-e 
Execute           ap_family_info -name xczu7ev-ffvc1156-2-e -data names 
Execute           ap_part_info -quiet -name xczu7ev-ffvc1156-2-e -data family 
Execute       db_write -o /home/hoinguyen/Documents/Vitis/UpConv_HLS/upconv_block0/upconv_block0/hls/.autopilot/db/UpConv_Fused_Row_8_16_16_960_480_s.bind.adb -f 
INFO-FLOW: Finish binding UpConv_Fused_Row<8, 16, 16, 960, 480>.
INFO: [HLS 200-10] ----------------------------------------------------------------
INFO: [HLS 200-42] -- Implementing module 'upconv_core_top_ucb0_Pipeline_LOAD_ROW_VITIS_LOOP_308_2' 
INFO: [HLS 200-10] ----------------------------------------------------------------
Execute       set_default_model upconv_core_top_ucb0_Pipeline_LOAD_ROW_VITIS_LOOP_308_2 
Execute       schedule -model upconv_core_top_ucb0_Pipeline_LOAD_ROW_VITIS_LOOP_308_2 
INFO: [SCHED 204-11] Starting scheduling ...
WARNING: [HLS 200-2042] Usage of URAM can potentially cause worse II as Vitis HLS does not exploit read-first mode for URAMs. Consider using BRAMs instead.
INFO: [SCHED 204-61] Pipelining loop 'LOAD_ROW_VITIS_LOOP_308_2'.
INFO: [HLS 200-1470] Pipelining result : Target II = 1, Final II = 1, Depth = 13, loop 'LOAD_ROW_VITIS_LOOP_308_2'
INFO: [SCHED 204-11] Finished scheduling.
INFO: [HLS 200-111] Finished Scheduling: CPU user time: 0.08 seconds. CPU system time: 0.01 seconds. Elapsed time: 0.08 seconds; current allocated memory: 514.188 MB.
Execute       syn_report -verbosereport -o /home/hoinguyen/Documents/Vitis/UpConv_HLS/upconv_block0/upconv_block0/hls/.autopilot/db/upconv_core_top_ucb0_Pipeline_LOAD_ROW_VITIS_LOOP_308_2.verbose.sched.rpt 
Execute         list_part -family xczu7ev-ffvc1156-2-e 
Execute           ap_family_info -name xczu7ev-ffvc1156-2-e -data names 
Execute           ap_part_info -quiet -name xczu7ev-ffvc1156-2-e -data family 
Execute       db_write -o /home/hoinguyen/Documents/Vitis/UpConv_HLS/upconv_block0/upconv_block0/hls/.autopilot/db/upconv_core_top_ucb0_Pipeline_LOAD_ROW_VITIS_LOOP_308_2.sched.adb -f 
INFO-FLOW: Finish scheduling upconv_core_top_ucb0_Pipeline_LOAD_ROW_VITIS_LOOP_308_2.
Execute       set_default_model upconv_core_top_ucb0_Pipeline_LOAD_ROW_VITIS_LOOP_308_2 
Execute       bind -model upconv_core_top_ucb0_Pipeline_LOAD_ROW_VITIS_LOOP_308_2 
INFO: [BIND 205-100] Starting micro-architecture generation ...
INFO: [BIND 205-101] Performing variable lifetime analysis.
INFO: [BIND 205-101] Exploring resource sharing.
INFO: [BIND 205-101] Binding ...
INFO: [BIND 205-100] Finished micro-architecture generation.
INFO: [HLS 200-111] Finished Binding: CPU user time: 0.02 seconds. CPU system time: 0 seconds. Elapsed time: 0.02 seconds; current allocated memory: 514.188 MB.
Execute       syn_report -verbosereport -o /home/hoinguyen/Documents/Vitis/UpConv_HLS/upconv_block0/upconv_block0/hls/.autopilot/db/upconv_core_top_ucb0_Pipeline_LOAD_ROW_VITIS_LOOP_308_2.verbose.bind.rpt 
Execute         list_part -family xczu7ev-ffvc1156-2-e 
Execute           ap_family_info -name xczu7ev-ffvc1156-2-e -data names 
Execute           ap_part_info -quiet -name xczu7ev-ffvc1156-2-e -data family 
Execute       db_write -o /home/hoinguyen/Documents/Vitis/UpConv_HLS/upconv_block0/upconv_block0/hls/.autopilot/db/upconv_core_top_ucb0_Pipeline_LOAD_ROW_VITIS_LOOP_308_2.bind.adb -f 
INFO-FLOW: Finish binding upconv_core_top_ucb0_Pipeline_LOAD_ROW_VITIS_LOOP_308_2.
INFO: [HLS 200-10] ----------------------------------------------------------------
INFO: [HLS 200-42] -- Implementing module 'upconv_core_top_ucb0' 
INFO: [HLS 200-10] ----------------------------------------------------------------
Execute       set_default_model upconv_core_top_ucb0 
Execute       schedule -model upconv_core_top_ucb0 
INFO: [SCHED 204-11] Starting scheduling ...
INFO: [SCHED 204-11] Finished scheduling.
INFO: [HLS 200-111] Finished Scheduling: CPU user time: 0.04 seconds. CPU system time: 0 seconds. Elapsed time: 0.04 seconds; current allocated memory: 514.531 MB.
Execute       syn_report -verbosereport -o /home/hoinguyen/Documents/Vitis/UpConv_HLS/upconv_block0/upconv_block0/hls/.autopilot/db/upconv_core_top_ucb0.verbose.sched.rpt 
Execute         list_part -family xczu7ev-ffvc1156-2-e 
Execute           ap_family_info -name xczu7ev-ffvc1156-2-e -data names 
Execute           ap_part_info -quiet -name xczu7ev-ffvc1156-2-e -data family 
Execute       db_write -o /home/hoinguyen/Documents/Vitis/UpConv_HLS/upconv_block0/upconv_block0/hls/.autopilot/db/upconv_core_top_ucb0.sched.adb -f 
INFO-FLOW: Finish scheduling upconv_core_top_ucb0.
Execute       set_default_model upconv_core_top_ucb0 
Execute       bind -model upconv_core_top_ucb0 
INFO: [BIND 205-100] Starting micro-architecture generation ...
INFO: [BIND 205-101] Performing variable lifetime analysis.
INFO: [BIND 205-101] Exploring resource sharing.
INFO: [BIND 205-101] Binding ...
INFO: [BIND 205-100] Finished micro-architecture generation.
INFO: [HLS 200-111] Finished Binding: CPU user time: 0.04 seconds. CPU system time: 0.01 seconds. Elapsed time: 0.03 seconds; current allocated memory: 514.684 MB.
Execute       syn_report -verbosereport -o /home/hoinguyen/Documents/Vitis/UpConv_HLS/upconv_block0/upconv_block0/hls/.autopilot/db/upconv_core_top_ucb0.verbose.bind.rpt 
Execute         list_part -family xczu7ev-ffvc1156-2-e 
Execute           ap_family_info -name xczu7ev-ffvc1156-2-e -data names 
Execute           ap_part_info -quiet -name xczu7ev-ffvc1156-2-e -data family 
Execute       db_write -o /home/hoinguyen/Documents/Vitis/UpConv_HLS/upconv_block0/upconv_block0/hls/.autopilot/db/upconv_core_top_ucb0.bind.adb -f 
INFO-FLOW: Finish binding upconv_core_top_ucb0.
Execute       get_model_list upconv_core_top_ucb0 -filter all-wo-channel 
INFO-FLOW: Preprocessing for RTLGen ...
Execute       rtl_gen_preprocess upconv_core_top_ucb0_Pipeline_LOAD_ROW0_VITIS_LOOP_297_1 
Execute       rtl_gen_preprocess UpConv_Fused_Row<8, 16, 16, 960, 480>_Pipeline_RESET_ROW_ACC 
Execute       rtl_gen_preprocess entry_proc 
Execute       rtl_gen_preprocess uc_load_tile<8, 480, 60> 
Execute       rtl_gen_preprocess uc_compute_tile<8, 16, 16, 60, 32, 480, 480>_Pipeline_KW_LOOP_FLAT_LOOP 
Execute       rtl_gen_preprocess uc_compute_tile<8, 16, 16, 60, 32, 480, 480> 
Execute       rtl_gen_preprocess dataflow_in_loop_TILE_LOOP.1 
Execute       rtl_gen_preprocess dataflow_parent_loop_proc 
Execute       rtl_gen_preprocess UpConv_Fused_Row<8, 16, 16, 960, 480>_Pipeline_LOAD_PARAMS 
Execute       rtl_gen_preprocess UpConv_Fused_Row<8, 16, 16, 960, 480>_Pipeline_PIXEL_STATS 
Execute       rtl_gen_preprocess UpConv_Fused_Row<8, 16, 16, 960, 480>_Pipeline_PIXEL_NORM 
Execute       rtl_gen_preprocess UpConv_Fused_Row<8, 16, 16, 960, 480> 
Execute       rtl_gen_preprocess upconv_core_top_ucb0_Pipeline_LOAD_ROW_VITIS_LOOP_308_2 
Execute       rtl_gen_preprocess upconv_core_top_ucb0 
INFO-FLOW: Model list for RTL generation: upconv_core_top_ucb0_Pipeline_LOAD_ROW0_VITIS_LOOP_297_1 {UpConv_Fused_Row<8, 16, 16, 960, 480>_Pipeline_RESET_ROW_ACC} entry_proc {uc_load_tile<8, 480, 60>} {uc_compute_tile<8, 16, 16, 60, 32, 480, 480>_Pipeline_KW_LOOP_FLAT_LOOP} {uc_compute_tile<8, 16, 16, 60, 32, 480, 480>} dataflow_in_loop_TILE_LOOP.1 dataflow_parent_loop_proc {UpConv_Fused_Row<8, 16, 16, 960, 480>_Pipeline_LOAD_PARAMS} {UpConv_Fused_Row<8, 16, 16, 960, 480>_Pipeline_PIXEL_STATS} {UpConv_Fused_Row<8, 16, 16, 960, 480>_Pipeline_PIXEL_NORM} {UpConv_Fused_Row<8, 16, 16, 960, 480>} upconv_core_top_ucb0_Pipeline_LOAD_ROW_VITIS_LOOP_308_2 upconv_core_top_ucb0
INFO: [HLS 200-10] ----------------------------------------------------------------
INFO: [HLS 200-10] -- Generating RTL for module 'upconv_core_top_ucb0_Pipeline_LOAD_ROW0_VITIS_LOOP_297_1' 
INFO: [HLS 200-10] ----------------------------------------------------------------
Execute       create_rtl_model upconv_core_top_ucb0_Pipeline_LOAD_ROW0_VITIS_LOOP_297_1 -top_prefix upconv_core_top_ucb0_ -sub_prefix upconv_core_top_ucb0_ -mg_file /home/hoinguyen/Documents/Vitis/UpConv_HLS/upconv_block0/upconv_block0/hls/.autopilot/db/upconv_core_top_ucb0_Pipeline_LOAD_ROW0_VITIS_LOOP_297_1.compgen.tcl 
INFO: [HLS 200-1030] Apply Unified Pipeline Control on module 'upconv_core_top_ucb0_Pipeline_LOAD_ROW0_VITIS_LOOP_297_1' pipeline 'LOAD_ROW0_VITIS_LOOP_297_1' pipeline type 'loop pipeline'
WARNING: [RTGEN 206-101] Setting dangling out port 'upconv_core_top_ucb0_Pipeline_LOAD_ROW0_VITIS_LOOP_297_1/m_axi_gmem_in_0_ARVALID' to 0.
WARNING: [RTGEN 206-101] Setting dangling out port 'upconv_core_top_ucb0_Pipeline_LOAD_ROW0_VITIS_LOOP_297_1/m_axi_gmem_in_0_ARADDR' to 0.
WARNING: [RTGEN 206-101] Setting dangling out port 'upconv_core_top_ucb0_Pipeline_LOAD_ROW0_VITIS_LOOP_297_1/m_axi_gmem_in_0_ARID' to 0.
WARNING: [RTGEN 206-101] Setting dangling out port 'upconv_core_top_ucb0_Pipeline_LOAD_ROW0_VITIS_LOOP_297_1/m_axi_gmem_in_0_ARLEN' to 0.
WARNING: [RTGEN 206-101] Setting dangling out port 'upconv_core_top_ucb0_Pipeline_LOAD_ROW0_VITIS_LOOP_297_1/m_axi_gmem_in_0_ARSIZE' to 0.
WARNING: [RTGEN 206-101] Setting dangling out port 'upconv_core_top_ucb0_Pipeline_LOAD_ROW0_VITIS_LOOP_297_1/m_axi_gmem_in_0_ARBURST' to 0.
WARNING: [RTGEN 206-101] Setting dangling out port 'upconv_core_top_ucb0_Pipeline_LOAD_ROW0_VITIS_LOOP_297_1/m_axi_gmem_in_0_ARLOCK' to 0.
WARNING: [RTGEN 206-101] Setting dangling out port 'upconv_core_top_ucb0_Pipeline_LOAD_ROW0_VITIS_LOOP_297_1/m_axi_gmem_in_0_ARCACHE' to 0.
WARNING: [RTGEN 206-101] Setting dangling out port 'upconv_core_top_ucb0_Pipeline_LOAD_ROW0_VITIS_LOOP_297_1/m_axi_gmem_in_0_ARPROT' to 0.
WARNING: [RTGEN 206-101] Setting dangling out port 'upconv_core_top_ucb0_Pipeline_LOAD_ROW0_VITIS_LOOP_297_1/m_axi_gmem_in_0_ARQOS' to 0.
WARNING: [RTGEN 206-101] Setting dangling out port 'upconv_core_top_ucb0_Pipeline_LOAD_ROW0_VITIS_LOOP_297_1/m_axi_gmem_in_0_ARREGION' to 0.
WARNING: [RTGEN 206-101] Setting dangling out port 'upconv_core_top_ucb0_Pipeline_LOAD_ROW0_VITIS_LOOP_297_1/m_axi_gmem_in_0_ARUSER' to 0.
INFO: [RTGEN 206-100] Finished creating RTL model for 'upconv_core_top_ucb0_Pipeline_LOAD_ROW0_VITIS_LOOP_297_1'.
INFO: [HLS 200-111] Finished Creating RTL model: CPU user time: 0.14 seconds. CPU system time: 0 seconds. Elapsed time: 0.14 seconds; current allocated memory: 515.453 MB.
Execute       source /home/hoinguyen/Documents/Vitis/UpConv_HLS/upconv_block0/upconv_block0/hls/.autopilot/db/upconv_core_top_ucb0.rtl_wrap.cfg.tcl 
Execute       gen_rtl upconv_core_top_ucb0_Pipeline_LOAD_ROW0_VITIS_LOOP_297_1 -style xilinx -f -lang vhdl -o /home/hoinguyen/Documents/Vitis/UpConv_HLS/upconv_block0/upconv_block0/hls/syn/vhdl/upconv_core_top_ucb0_upconv_core_top_ucb0_Pipeline_LOAD_ROW0_VITIS_LOOP_297_1 
Execute       gen_rtl upconv_core_top_ucb0_Pipeline_LOAD_ROW0_VITIS_LOOP_297_1 -style xilinx -f -lang vlog -o /home/hoinguyen/Documents/Vitis/UpConv_HLS/upconv_block0/upconv_block0/hls/syn/verilog/upconv_core_top_ucb0_upconv_core_top_ucb0_Pipeline_LOAD_ROW0_VITIS_LOOP_297_1 
Execute       syn_report -csynth -model upconv_core_top_ucb0_Pipeline_LOAD_ROW0_VITIS_LOOP_297_1 -o /home/hoinguyen/Documents/Vitis/UpConv_HLS/upconv_block0/upconv_block0/hls/syn/report/upconv_core_top_ucb0_Pipeline_LOAD_ROW0_VITIS_LOOP_297_1_csynth.rpt 
Execute         list_part -family xczu7ev-ffvc1156-2-e 
Execute           ap_family_info -name xczu7ev-ffvc1156-2-e -data names 
Execute           ap_part_info -quiet -name xczu7ev-ffvc1156-2-e -data family 
Execute       syn_report -rtlxml -model upconv_core_top_ucb0_Pipeline_LOAD_ROW0_VITIS_LOOP_297_1 -o /home/hoinguyen/Documents/Vitis/UpConv_HLS/upconv_block0/upconv_block0/hls/syn/report/upconv_core_top_ucb0_Pipeline_LOAD_ROW0_VITIS_LOOP_297_1_csynth.xml 
Execute         list_part -family xczu7ev-ffvc1156-2-e 
Execute           ap_family_info -name xczu7ev-ffvc1156-2-e -data names 
Execute           ap_part_info -quiet -name xczu7ev-ffvc1156-2-e -data family 
Execute       syn_report -verbosereport -model upconv_core_top_ucb0_Pipeline_LOAD_ROW0_VITIS_LOOP_297_1 -o /home/hoinguyen/Documents/Vitis/UpConv_HLS/upconv_block0/upconv_block0/hls/.autopilot/db/upconv_core_top_ucb0_Pipeline_LOAD_ROW0_VITIS_LOOP_297_1.verbose.rpt 
Execute         list_part -family xczu7ev-ffvc1156-2-e 
Execute           ap_family_info -name xczu7ev-ffvc1156-2-e -data names 
Execute           ap_part_info -quiet -name xczu7ev-ffvc1156-2-e -data family 
Execute       db_write -model upconv_core_top_ucb0_Pipeline_LOAD_ROW0_VITIS_LOOP_297_1 -f -o /home/hoinguyen/Documents/Vitis/UpConv_HLS/upconv_block0/upconv_block0/hls/.autopilot/db/upconv_core_top_ucb0_Pipeline_LOAD_ROW0_VITIS_LOOP_297_1.adb 
Execute       db_write -model upconv_core_top_ucb0_Pipeline_LOAD_ROW0_VITIS_LOOP_297_1 -bindview -o /home/hoinguyen/Documents/Vitis/UpConv_HLS/upconv_block0/upconv_block0/hls/.autopilot/db/design.bindinfo.xml 
Execute       gen_tb_info upconv_core_top_ucb0_Pipeline_LOAD_ROW0_VITIS_LOOP_297_1 -p /home/hoinguyen/Documents/Vitis/UpConv_HLS/upconv_block0/upconv_block0/hls/.autopilot/db -o /home/hoinguyen/Documents/Vitis/UpConv_HLS/upconv_block0/upconv_block0/hls/.autopilot/db/upconv_core_top_ucb0_Pipeline_LOAD_ROW0_VITIS_LOOP_297_1 
INFO: [HLS 200-10] ----------------------------------------------------------------
INFO: [HLS 200-10] -- Generating RTL for module 'UpConv_Fused_Row_8_16_16_960_480_Pipeline_RESET_ROW_ACC' 
INFO: [HLS 200-10] ----------------------------------------------------------------
Execute       create_rtl_model UpConv_Fused_Row<8, 16, 16, 960, 480>_Pipeline_RESET_ROW_ACC -top_prefix upconv_core_top_ucb0_ -sub_prefix upconv_core_top_ucb0_ -mg_file /home/hoinguyen/Documents/Vitis/UpConv_HLS/upconv_block0/upconv_block0/hls/.autopilot/db/UpConv_Fused_Row_8_16_16_960_480_Pipeline_RESET_ROW_ACC.compgen.tcl 
INFO: [HLS 200-1030] Apply Unified Pipeline Control on module 'UpConv_Fused_Row_8_16_16_960_480_Pipeline_RESET_ROW_ACC' pipeline 'RESET_ROW_ACC' pipeline type 'loop pipeline'
INFO: [RTGEN 206-100] Finished creating RTL model for 'UpConv_Fused_Row_8_16_16_960_480_Pipeline_RESET_ROW_ACC'.
INFO: [HLS 200-111] Finished Creating RTL model: CPU user time: 0.06 seconds. CPU system time: 0.01 seconds. Elapsed time: 0.06 seconds; current allocated memory: 517.012 MB.
Execute       source /home/hoinguyen/Documents/Vitis/UpConv_HLS/upconv_block0/upconv_block0/hls/.autopilot/db/upconv_core_top_ucb0.rtl_wrap.cfg.tcl 
Execute       gen_rtl UpConv_Fused_Row<8, 16, 16, 960, 480>_Pipeline_RESET_ROW_ACC -style xilinx -f -lang vhdl -o /home/hoinguyen/Documents/Vitis/UpConv_HLS/upconv_block0/upconv_block0/hls/syn/vhdl/upconv_core_top_ucb0_UpConv_Fused_Row_8_16_16_960_480_Pipeline_RESET_ROW_ACC 
Execute       gen_rtl UpConv_Fused_Row<8, 16, 16, 960, 480>_Pipeline_RESET_ROW_ACC -style xilinx -f -lang vlog -o /home/hoinguyen/Documents/Vitis/UpConv_HLS/upconv_block0/upconv_block0/hls/syn/verilog/upconv_core_top_ucb0_UpConv_Fused_Row_8_16_16_960_480_Pipeline_RESET_ROW_ACC 
Execute       syn_report -csynth -model UpConv_Fused_Row<8, 16, 16, 960, 480>_Pipeline_RESET_ROW_ACC -o /home/hoinguyen/Documents/Vitis/UpConv_HLS/upconv_block0/upconv_block0/hls/syn/report/UpConv_Fused_Row_8_16_16_960_480_Pipeline_RESET_ROW_ACC_csynth.rpt 
Execute         list_part -family xczu7ev-ffvc1156-2-e 
Execute           ap_family_info -name xczu7ev-ffvc1156-2-e -data names 
Execute           ap_part_info -quiet -name xczu7ev-ffvc1156-2-e -data family 
Execute       syn_report -rtlxml -model UpConv_Fused_Row<8, 16, 16, 960, 480>_Pipeline_RESET_ROW_ACC -o /home/hoinguyen/Documents/Vitis/UpConv_HLS/upconv_block0/upconv_block0/hls/syn/report/UpConv_Fused_Row_8_16_16_960_480_Pipeline_RESET_ROW_ACC_csynth.xml 
Execute         list_part -family xczu7ev-ffvc1156-2-e 
Execute           ap_family_info -name xczu7ev-ffvc1156-2-e -data names 
Execute           ap_part_info -quiet -name xczu7ev-ffvc1156-2-e -data family 
Execute       syn_report -verbosereport -model UpConv_Fused_Row<8, 16, 16, 960, 480>_Pipeline_RESET_ROW_ACC -o /home/hoinguyen/Documents/Vitis/UpConv_HLS/upconv_block0/upconv_block0/hls/.autopilot/db/UpConv_Fused_Row_8_16_16_960_480_Pipeline_RESET_ROW_ACC.verbose.rpt 
Execute         list_part -family xczu7ev-ffvc1156-2-e 
Execute           ap_family_info -name xczu7ev-ffvc1156-2-e -data names 
Execute           ap_part_info -quiet -name xczu7ev-ffvc1156-2-e -data family 
Execute       db_write -model UpConv_Fused_Row<8, 16, 16, 960, 480>_Pipeline_RESET_ROW_ACC -f -o /home/hoinguyen/Documents/Vitis/UpConv_HLS/upconv_block0/upconv_block0/hls/.autopilot/db/UpConv_Fused_Row_8_16_16_960_480_Pipeline_RESET_ROW_ACC.adb 
Execute       db_write -model UpConv_Fused_Row<8, 16, 16, 960, 480>_Pipeline_RESET_ROW_ACC -bindview -o /home/hoinguyen/Documents/Vitis/UpConv_HLS/upconv_block0/upconv_block0/hls/.autopilot/db/design.bindinfo.xml 
Execute       gen_tb_info UpConv_Fused_Row<8, 16, 16, 960, 480>_Pipeline_RESET_ROW_ACC -p /home/hoinguyen/Documents/Vitis/UpConv_HLS/upconv_block0/upconv_block0/hls/.autopilot/db -o /home/hoinguyen/Documents/Vitis/UpConv_HLS/upconv_block0/upconv_block0/hls/.autopilot/db/UpConv_Fused_Row_8_16_16_960_480_Pipeline_RESET_ROW_ACC 
INFO: [HLS 200-10] ----------------------------------------------------------------
INFO: [HLS 200-10] -- Generating RTL for module 'entry_proc' 
INFO: [HLS 200-10] ----------------------------------------------------------------
Execute       create_rtl_model entry_proc -top_prefix upconv_core_top_ucb0_ -sub_prefix upconv_core_top_ucb0_ -mg_file /home/hoinguyen/Documents/Vitis/UpConv_HLS/upconv_block0/upconv_block0/hls/.autopilot/db/entry_proc.compgen.tcl 
INFO: [RTGEN 206-100] Finished creating RTL model for 'entry_proc'.
INFO: [HLS 200-111] Finished Creating RTL model: CPU user time: 0.04 seconds. CPU system time: 0 seconds. Elapsed time: 0.05 seconds; current allocated memory: 518.320 MB.
Execute       source /home/hoinguyen/Documents/Vitis/UpConv_HLS/upconv_block0/upconv_block0/hls/.autopilot/db/upconv_core_top_ucb0.rtl_wrap.cfg.tcl 
Execute       gen_rtl entry_proc -style xilinx -f -lang vhdl -o /home/hoinguyen/Documents/Vitis/UpConv_HLS/upconv_block0/upconv_block0/hls/syn/vhdl/upconv_core_top_ucb0_entry_proc 
Execute       gen_rtl entry_proc -style xilinx -f -lang vlog -o /home/hoinguyen/Documents/Vitis/UpConv_HLS/upconv_block0/upconv_block0/hls/syn/verilog/upconv_core_top_ucb0_entry_proc 
Execute       syn_report -csynth -model entry_proc -o /home/hoinguyen/Documents/Vitis/UpConv_HLS/upconv_block0/upconv_block0/hls/syn/report/entry_proc_csynth.rpt 
Execute         list_part -family xczu7ev-ffvc1156-2-e 
Execute           ap_family_info -name xczu7ev-ffvc1156-2-e -data names 
Execute           ap_part_info -quiet -name xczu7ev-ffvc1156-2-e -data family 
Execute       syn_report -rtlxml -model entry_proc -o /home/hoinguyen/Documents/Vitis/UpConv_HLS/upconv_block0/upconv_block0/hls/syn/report/entry_proc_csynth.xml 
Execute         list_part -family xczu7ev-ffvc1156-2-e 
Execute           ap_family_info -name xczu7ev-ffvc1156-2-e -data names 
Execute           ap_part_info -quiet -name xczu7ev-ffvc1156-2-e -data family 
Execute       syn_report -verbosereport -model entry_proc -o /home/hoinguyen/Documents/Vitis/UpConv_HLS/upconv_block0/upconv_block0/hls/.autopilot/db/entry_proc.verbose.rpt 
Execute         list_part -family xczu7ev-ffvc1156-2-e 
Execute           ap_family_info -name xczu7ev-ffvc1156-2-e -data names 
Execute           ap_part_info -quiet -name xczu7ev-ffvc1156-2-e -data family 
Execute       db_write -model entry_proc -f -o /home/hoinguyen/Documents/Vitis/UpConv_HLS/upconv_block0/upconv_block0/hls/.autopilot/db/entry_proc.adb 
Execute       db_write -model entry_proc -bindview -o /home/hoinguyen/Documents/Vitis/UpConv_HLS/upconv_block0/upconv_block0/hls/.autopilot/db/design.bindinfo.xml 
Execute       gen_tb_info entry_proc -p /home/hoinguyen/Documents/Vitis/UpConv_HLS/upconv_block0/upconv_block0/hls/.autopilot/db -o /home/hoinguyen/Documents/Vitis/UpConv_HLS/upconv_block0/upconv_block0/hls/.autopilot/db/entry_proc 
INFO: [HLS 200-10] ----------------------------------------------------------------
INFO: [HLS 200-10] -- Generating RTL for module 'uc_load_tile_8_480_60_s' 
INFO: [HLS 200-10] ----------------------------------------------------------------
Execute       create_rtl_model uc_load_tile<8, 480, 60> -top_prefix upconv_core_top_ucb0_ -sub_prefix upconv_core_top_ucb0_ -mg_file /home/hoinguyen/Documents/Vitis/UpConv_HLS/upconv_block0/upconv_block0/hls/.autopilot/db/uc_load_tile_8_480_60_s.compgen.tcl 
INFO: [HLS 200-1030] Apply Unified Pipeline Control on module 'uc_load_tile_8_480_60_s' pipeline 'PRELOAD_W_W_FLAT' pipeline type 'loop pipeline'
INFO: [RTGEN 206-100] Generating core module 'mul_9ns_16ns_24_1_1': 1 instance(s).
INFO: [RTGEN 206-100] Finished creating RTL model for 'uc_load_tile_8_480_60_s'.
INFO: [HLS 200-111] Finished Creating RTL model: CPU user time: 0.06 seconds. CPU system time: 0 seconds. Elapsed time: 0.06 seconds; current allocated memory: 519.668 MB.
Execute       source /home/hoinguyen/Documents/Vitis/UpConv_HLS/upconv_block0/upconv_block0/hls/.autopilot/db/upconv_core_top_ucb0.rtl_wrap.cfg.tcl 
Execute       gen_rtl uc_load_tile<8, 480, 60> -style xilinx -f -lang vhdl -o /home/hoinguyen/Documents/Vitis/UpConv_HLS/upconv_block0/upconv_block0/hls/syn/vhdl/upconv_core_top_ucb0_uc_load_tile_8_480_60_s 
Execute       gen_rtl uc_load_tile<8, 480, 60> -style xilinx -f -lang vlog -o /home/hoinguyen/Documents/Vitis/UpConv_HLS/upconv_block0/upconv_block0/hls/syn/verilog/upconv_core_top_ucb0_uc_load_tile_8_480_60_s 
Execute       syn_report -csynth -model uc_load_tile<8, 480, 60> -o /home/hoinguyen/Documents/Vitis/UpConv_HLS/upconv_block0/upconv_block0/hls/syn/report/uc_load_tile_8_480_60_s_csynth.rpt 
Execute         list_part -family xczu7ev-ffvc1156-2-e 
Execute           ap_family_info -name xczu7ev-ffvc1156-2-e -data names 
Execute           ap_part_info -quiet -name xczu7ev-ffvc1156-2-e -data family 
Execute       syn_report -rtlxml -model uc_load_tile<8, 480, 60> -o /home/hoinguyen/Documents/Vitis/UpConv_HLS/upconv_block0/upconv_block0/hls/syn/report/uc_load_tile_8_480_60_s_csynth.xml 
Execute         list_part -family xczu7ev-ffvc1156-2-e 
Execute           ap_family_info -name xczu7ev-ffvc1156-2-e -data names 
Execute           ap_part_info -quiet -name xczu7ev-ffvc1156-2-e -data family 
Execute       syn_report -verbosereport -model uc_load_tile<8, 480, 60> -o /home/hoinguyen/Documents/Vitis/UpConv_HLS/upconv_block0/upconv_block0/hls/.autopilot/db/uc_load_tile_8_480_60_s.verbose.rpt 
Execute         list_part -family xczu7ev-ffvc1156-2-e 
Execute           ap_family_info -name xczu7ev-ffvc1156-2-e -data names 
Execute           ap_part_info -quiet -name xczu7ev-ffvc1156-2-e -data family 
Execute       db_write -model uc_load_tile<8, 480, 60> -f -o /home/hoinguyen/Documents/Vitis/UpConv_HLS/upconv_block0/upconv_block0/hls/.autopilot/db/uc_load_tile_8_480_60_s.adb 
Execute       db_write -model uc_load_tile<8, 480, 60> -bindview -o /home/hoinguyen/Documents/Vitis/UpConv_HLS/upconv_block0/upconv_block0/hls/.autopilot/db/design.bindinfo.xml 
Execute       gen_tb_info uc_load_tile<8, 480, 60> -p /home/hoinguyen/Documents/Vitis/UpConv_HLS/upconv_block0/upconv_block0/hls/.autopilot/db -o /home/hoinguyen/Documents/Vitis/UpConv_HLS/upconv_block0/upconv_block0/hls/.autopilot/db/uc_load_tile_8_480_60_s 
INFO: [HLS 200-10] ----------------------------------------------------------------
INFO: [HLS 200-10] -- Generating RTL for module 'uc_compute_tile_8_16_16_60_32_480_480_Pipeline_KW_LOOP_FLAT_LOOP' 
INFO: [HLS 200-10] ----------------------------------------------------------------
Execute       create_rtl_model uc_compute_tile<8, 16, 16, 60, 32, 480, 480>_Pipeline_KW_LOOP_FLAT_LOOP -top_prefix upconv_core_top_ucb0_ -sub_prefix upconv_core_top_ucb0_ -mg_file /home/hoinguyen/Documents/Vitis/UpConv_HLS/upconv_block0/upconv_block0/hls/.autopilot/db/uc_compute_tile_8_16_16_60_32_480_480_Pipeline_KW_LOOP_FLAT_LOOP.compgen.tcl 
INFO: [HLS 200-1030] Apply Unified Pipeline Control on module 'uc_compute_tile_8_16_16_60_32_480_480_Pipeline_KW_LOOP_FLAT_LOOP' pipeline 'KW_LOOP_FLAT_LOOP' pipeline type 'loop pipeline'
INFO: [RTGEN 206-104] Estimated max fanout for 'uc_compute_tile_8_16_16_60_32_480_480_Pipeline_KW_LOOP_FLAT_LOOP' is 86840 from HDL expression: (1'b0 == ap_block_pp0_stage0_11001)
INFO: [RTGEN 206-100] Generating core module 'hadd_16ns_16ns_16_5_full_dsp_1': 168 instance(s).
INFO: [RTGEN 206-100] Generating core module 'hmul_16ns_16ns_16_4_no_dsp_1': 128 instance(s).
INFO: [RTGEN 206-100] Generating core module 'sparsemux_9_2_16_1_1': 8 instance(s).
INFO: [RTGEN 206-100] Finished creating RTL model for 'uc_compute_tile_8_16_16_60_32_480_480_Pipeline_KW_LOOP_FLAT_LOOP'.
Command       create_rtl_model done; 0.56 sec.
INFO: [HLS 200-111] Finished Creating RTL model: CPU user time: 0.6 seconds. CPU system time: 0.02 seconds. Elapsed time: 0.61 seconds; current allocated memory: 554.910 MB.
Execute       source /home/hoinguyen/Documents/Vitis/UpConv_HLS/upconv_block0/upconv_block0/hls/.autopilot/db/upconv_core_top_ucb0.rtl_wrap.cfg.tcl 
Execute       gen_rtl uc_compute_tile<8, 16, 16, 60, 32, 480, 480>_Pipeline_KW_LOOP_FLAT_LOOP -style xilinx -f -lang vhdl -o /home/hoinguyen/Documents/Vitis/UpConv_HLS/upconv_block0/upconv_block0/hls/syn/vhdl/upconv_core_top_ucb0_uc_compute_tile_8_16_16_60_32_480_480_Pipeline_KW_LOOP_FLAT_LOOP 
Execute       gen_rtl uc_compute_tile<8, 16, 16, 60, 32, 480, 480>_Pipeline_KW_LOOP_FLAT_LOOP -style xilinx -f -lang vlog -o /home/hoinguyen/Documents/Vitis/UpConv_HLS/upconv_block0/upconv_block0/hls/syn/verilog/upconv_core_top_ucb0_uc_compute_tile_8_16_16_60_32_480_480_Pipeline_KW_LOOP_FLAT_LOOP 
Execute       syn_report -csynth -model uc_compute_tile<8, 16, 16, 60, 32, 480, 480>_Pipeline_KW_LOOP_FLAT_LOOP -o /home/hoinguyen/Documents/Vitis/UpConv_HLS/upconv_block0/upconv_block0/hls/syn/report/uc_compute_tile_8_16_16_60_32_480_480_Pipeline_KW_LOOP_FLAT_LOOP_csynth.rpt 
Execute         list_part -family xczu7ev-ffvc1156-2-e 
Execute           ap_family_info -name xczu7ev-ffvc1156-2-e -data names 
Execute           ap_part_info -quiet -name xczu7ev-ffvc1156-2-e -data family 
Execute       syn_report -rtlxml -model uc_compute_tile<8, 16, 16, 60, 32, 480, 480>_Pipeline_KW_LOOP_FLAT_LOOP -o /home/hoinguyen/Documents/Vitis/UpConv_HLS/upconv_block0/upconv_block0/hls/syn/report/uc_compute_tile_8_16_16_60_32_480_480_Pipeline_KW_LOOP_FLAT_LOOP_csynth.xml 
Execute         list_part -family xczu7ev-ffvc1156-2-e 
Execute           ap_family_info -name xczu7ev-ffvc1156-2-e -data names 
Execute           ap_part_info -quiet -name xczu7ev-ffvc1156-2-e -data family 
Execute       syn_report -verbosereport -model uc_compute_tile<8, 16, 16, 60, 32, 480, 480>_Pipeline_KW_LOOP_FLAT_LOOP -o /home/hoinguyen/Documents/Vitis/UpConv_HLS/upconv_block0/upconv_block0/hls/.autopilot/db/uc_compute_tile_8_16_16_60_32_480_480_Pipeline_KW_LOOP_FLAT_LOOP.verbose.rpt 
Execute         list_part -family xczu7ev-ffvc1156-2-e 
Execute           ap_family_info -name xczu7ev-ffvc1156-2-e -data names 
Execute           ap_part_info -quiet -name xczu7ev-ffvc1156-2-e -data family 
Execute       db_write -model uc_compute_tile<8, 16, 16, 60, 32, 480, 480>_Pipeline_KW_LOOP_FLAT_LOOP -f -o /home/hoinguyen/Documents/Vitis/UpConv_HLS/upconv_block0/upconv_block0/hls/.autopilot/db/uc_compute_tile_8_16_16_60_32_480_480_Pipeline_KW_LOOP_FLAT_LOOP.adb 
Execute       db_write -model uc_compute_tile<8, 16, 16, 60, 32, 480, 480>_Pipeline_KW_LOOP_FLAT_LOOP -bindview -o /home/hoinguyen/Documents/Vitis/UpConv_HLS/upconv_block0/upconv_block0/hls/.autopilot/db/design.bindinfo.xml 
Execute       gen_tb_info uc_compute_tile<8, 16, 16, 60, 32, 480, 480>_Pipeline_KW_LOOP_FLAT_LOOP -p /home/hoinguyen/Documents/Vitis/UpConv_HLS/upconv_block0/upconv_block0/hls/.autopilot/db -o /home/hoinguyen/Documents/Vitis/UpConv_HLS/upconv_block0/upconv_block0/hls/.autopilot/db/uc_compute_tile_8_16_16_60_32_480_480_Pipeline_KW_LOOP_FLAT_LOOP 
INFO: [HLS 200-10] ----------------------------------------------------------------
INFO: [HLS 200-10] -- Generating RTL for module 'uc_compute_tile_8_16_16_60_32_480_480_s' 
INFO: [HLS 200-10] ----------------------------------------------------------------
Execute       create_rtl_model uc_compute_tile<8, 16, 16, 60, 32, 480, 480> -top_prefix upconv_core_top_ucb0_ -sub_prefix upconv_core_top_ucb0_ -mg_file /home/hoinguyen/Documents/Vitis/UpConv_HLS/upconv_block0/upconv_block0/hls/.autopilot/db/uc_compute_tile_8_16_16_60_32_480_480_s.compgen.tcl 
INFO: [RTGEN 206-100] Finished creating RTL model for 'uc_compute_tile_8_16_16_60_32_480_480_s'.
INFO: [HLS 200-111] Finished Creating RTL model: CPU user time: 0.54 seconds. CPU system time: 0.02 seconds. Elapsed time: 0.55 seconds; current allocated memory: 570.371 MB.
Execute       source /home/hoinguyen/Documents/Vitis/UpConv_HLS/upconv_block0/upconv_block0/hls/.autopilot/db/upconv_core_top_ucb0.rtl_wrap.cfg.tcl 
Execute       gen_rtl uc_compute_tile<8, 16, 16, 60, 32, 480, 480> -style xilinx -f -lang vhdl -o /home/hoinguyen/Documents/Vitis/UpConv_HLS/upconv_block0/upconv_block0/hls/syn/vhdl/upconv_core_top_ucb0_uc_compute_tile_8_16_16_60_32_480_480_s 
Execute       gen_rtl uc_compute_tile<8, 16, 16, 60, 32, 480, 480> -style xilinx -f -lang vlog -o /home/hoinguyen/Documents/Vitis/UpConv_HLS/upconv_block0/upconv_block0/hls/syn/verilog/upconv_core_top_ucb0_uc_compute_tile_8_16_16_60_32_480_480_s 
Execute       syn_report -csynth -model uc_compute_tile<8, 16, 16, 60, 32, 480, 480> -o /home/hoinguyen/Documents/Vitis/UpConv_HLS/upconv_block0/upconv_block0/hls/syn/report/uc_compute_tile_8_16_16_60_32_480_480_s_csynth.rpt 
Execute         list_part -family xczu7ev-ffvc1156-2-e 
Execute           ap_family_info -name xczu7ev-ffvc1156-2-e -data names 
Execute           ap_part_info -quiet -name xczu7ev-ffvc1156-2-e -data family 
Execute       syn_report -rtlxml -model uc_compute_tile<8, 16, 16, 60, 32, 480, 480> -o /home/hoinguyen/Documents/Vitis/UpConv_HLS/upconv_block0/upconv_block0/hls/syn/report/uc_compute_tile_8_16_16_60_32_480_480_s_csynth.xml 
Execute         list_part -family xczu7ev-ffvc1156-2-e 
Execute           ap_family_info -name xczu7ev-ffvc1156-2-e -data names 
Execute           ap_part_info -quiet -name xczu7ev-ffvc1156-2-e -data family 
Execute       syn_report -verbosereport -model uc_compute_tile<8, 16, 16, 60, 32, 480, 480> -o /home/hoinguyen/Documents/Vitis/UpConv_HLS/upconv_block0/upconv_block0/hls/.autopilot/db/uc_compute_tile_8_16_16_60_32_480_480_s.verbose.rpt 
Execute         list_part -family xczu7ev-ffvc1156-2-e 
Execute           ap_family_info -name xczu7ev-ffvc1156-2-e -data names 
Execute           ap_part_info -quiet -name xczu7ev-ffvc1156-2-e -data family 
Execute       db_write -model uc_compute_tile<8, 16, 16, 60, 32, 480, 480> -f -o /home/hoinguyen/Documents/Vitis/UpConv_HLS/upconv_block0/upconv_block0/hls/.autopilot/db/uc_compute_tile_8_16_16_60_32_480_480_s.adb 
Execute       db_write -model uc_compute_tile<8, 16, 16, 60, 32, 480, 480> -bindview -o /home/hoinguyen/Documents/Vitis/UpConv_HLS/upconv_block0/upconv_block0/hls/.autopilot/db/design.bindinfo.xml 
Execute       gen_tb_info uc_compute_tile<8, 16, 16, 60, 32, 480, 480> -p /home/hoinguyen/Documents/Vitis/UpConv_HLS/upconv_block0/upconv_block0/hls/.autopilot/db -o /home/hoinguyen/Documents/Vitis/UpConv_HLS/upconv_block0/upconv_block0/hls/.autopilot/db/uc_compute_tile_8_16_16_60_32_480_480_s 
INFO: [HLS 200-10] ----------------------------------------------------------------
INFO: [HLS 200-10] -- Generating RTL for module 'dataflow_in_loop_TILE_LOOP_1' 
INFO: [HLS 200-10] ----------------------------------------------------------------
Execute       create_rtl_model dataflow_in_loop_TILE_LOOP.1 -top_prefix upconv_core_top_ucb0_ -sub_prefix upconv_core_top_ucb0_ -mg_file /home/hoinguyen/Documents/Vitis/UpConv_HLS/upconv_block0/upconv_block0/hls/.autopilot/db/dataflow_in_loop_TILE_LOOP_1.compgen.tcl 
WARNING: [HLS 200-656] Deadlocks can occur since process uc_load_tile<8, 480, 60> is instantiated in a dataflow region with ap_ctrl_none or without start propagation and contains an auto-rewind pipeline.
WARNING: [RTGEN 206-101] Setting dangling out port 'dataflow_in_loop_TILE_LOOP_1/m_axi_gmem_weight_0_AWVALID' to 0.
WARNING: [RTGEN 206-101] Setting dangling out port 'dataflow_in_loop_TILE_LOOP_1/m_axi_gmem_weight_0_AWADDR' to 0.
WARNING: [RTGEN 206-101] Setting dangling out port 'dataflow_in_loop_TILE_LOOP_1/m_axi_gmem_weight_0_AWID' to 0.
WARNING: [RTGEN 206-101] Setting dangling out port 'dataflow_in_loop_TILE_LOOP_1/m_axi_gmem_weight_0_AWLEN' to 0.
WARNING: [RTGEN 206-101] Setting dangling out port 'dataflow_in_loop_TILE_LOOP_1/m_axi_gmem_weight_0_AWSIZE' to 0.
WARNING: [RTGEN 206-101] Setting dangling out port 'dataflow_in_loop_TILE_LOOP_1/m_axi_gmem_weight_0_AWBURST' to 0.
WARNING: [RTGEN 206-101] Setting dangling out port 'dataflow_in_loop_TILE_LOOP_1/m_axi_gmem_weight_0_AWLOCK' to 0.
WARNING: [RTGEN 206-101] Setting dangling out port 'dataflow_in_loop_TILE_LOOP_1/m_axi_gmem_weight_0_AWCACHE' to 0.
WARNING: [RTGEN 206-101] Setting dangling out port 'dataflow_in_loop_TILE_LOOP_1/m_axi_gmem_weight_0_AWPROT' to 0.
WARNING: [RTGEN 206-101] Setting dangling out port 'dataflow_in_loop_TILE_LOOP_1/m_axi_gmem_weight_0_AWQOS' to 0.
WARNING: [RTGEN 206-101] Setting dangling out port 'dataflow_in_loop_TILE_LOOP_1/m_axi_gmem_weight_0_AWREGION' to 0.
WARNING: [RTGEN 206-101] Setting dangling out port 'dataflow_in_loop_TILE_LOOP_1/m_axi_gmem_weight_0_AWUSER' to 0.
WARNING: [RTGEN 206-101] Setting dangling out port 'dataflow_in_loop_TILE_LOOP_1/m_axi_gmem_weight_0_WVALID' to 0.
WARNING: [RTGEN 206-101] Setting dangling out port 'dataflow_in_loop_TILE_LOOP_1/m_axi_gmem_weight_0_WDATA' to 0.
WARNING: [RTGEN 206-101] Setting dangling out port 'dataflow_in_loop_TILE_LOOP_1/m_axi_gmem_weight_0_WSTRB' to 0.
WARNING: [RTGEN 206-101] Setting dangling out port 'dataflow_in_loop_TILE_LOOP_1/m_axi_gmem_weight_0_WLAST' to 0.
WARNING: [RTGEN 206-101] Setting dangling out port 'dataflow_in_loop_TILE_LOOP_1/m_axi_gmem_weight_0_WID' to 0.
WARNING: [RTGEN 206-101] Setting dangling out port 'dataflow_in_loop_TILE_LOOP_1/m_axi_gmem_weight_0_WUSER' to 0.
WARNING: [RTGEN 206-101] Setting dangling out port 'dataflow_in_loop_TILE_LOOP_1/m_axi_gmem_weight_0_BREADY' to 0.
INFO: [RTGEN 206-100] Finished creating RTL model for 'dataflow_in_loop_TILE_LOOP_1'.
INFO: [HLS 200-741] Implementing PIPO upconv_core_top_ucb0_dataflow_in_loop_TILE_LOOP_1_wbuf_RAM_T2P_URAM_1R1W using a single memory for all blocks
INFO: [RTMG 210-278] Implementing memory 'upconv_core_top_ucb0_dataflow_in_loop_TILE_LOOP_1_wbuf_RAM_T2P_URAM_1R1W_memcore' using ultra RAMs.
INFO: [RTMG 210-285] Implementing FIFO 'ho_c_U(upconv_core_top_ucb0_fifo_w5_d3_S)' using Shift Registers.
INFO: [RTMG 210-285] Implementing FIFO 'tile_0_c_channel_U(upconv_core_top_ucb0_fifo_w6_d2_S)' using Shift Registers.
INFO: [HLS 200-111] Finished Creating RTL model: CPU user time: 0.13 seconds. CPU system time: 0.01 seconds. Elapsed time: 0.14 seconds; current allocated memory: 572.750 MB.
Execute       source /home/hoinguyen/Documents/Vitis/UpConv_HLS/upconv_block0/upconv_block0/hls/.autopilot/db/upconv_core_top_ucb0.rtl_wrap.cfg.tcl 
Execute       gen_rtl dataflow_in_loop_TILE_LOOP.1 -style xilinx -f -lang vhdl -o /home/hoinguyen/Documents/Vitis/UpConv_HLS/upconv_block0/upconv_block0/hls/syn/vhdl/upconv_core_top_ucb0_dataflow_in_loop_TILE_LOOP_1 
Execute       gen_rtl dataflow_in_loop_TILE_LOOP.1 -style xilinx -f -lang vlog -o /home/hoinguyen/Documents/Vitis/UpConv_HLS/upconv_block0/upconv_block0/hls/syn/verilog/upconv_core_top_ucb0_dataflow_in_loop_TILE_LOOP_1 
Execute       syn_report -csynth -model dataflow_in_loop_TILE_LOOP.1 -o /home/hoinguyen/Documents/Vitis/UpConv_HLS/upconv_block0/upconv_block0/hls/syn/report/dataflow_in_loop_TILE_LOOP_1_csynth.rpt 
Execute         list_part -family xczu7ev-ffvc1156-2-e 
Execute           ap_family_info -name xczu7ev-ffvc1156-2-e -data names 
Execute           ap_part_info -quiet -name xczu7ev-ffvc1156-2-e -data family 
Execute       syn_report -rtlxml -model dataflow_in_loop_TILE_LOOP.1 -o /home/hoinguyen/Documents/Vitis/UpConv_HLS/upconv_block0/upconv_block0/hls/syn/report/dataflow_in_loop_TILE_LOOP_1_csynth.xml 
Execute         list_part -family xczu7ev-ffvc1156-2-e 
Execute           ap_family_info -name xczu7ev-ffvc1156-2-e -data names 
Execute           ap_part_info -quiet -name xczu7ev-ffvc1156-2-e -data family 
Execute       syn_report -verbosereport -model dataflow_in_loop_TILE_LOOP.1 -o /home/hoinguyen/Documents/Vitis/UpConv_HLS/upconv_block0/upconv_block0/hls/.autopilot/db/dataflow_in_loop_TILE_LOOP_1.verbose.rpt 
Execute         list_part -family xczu7ev-ffvc1156-2-e 
Execute           ap_family_info -name xczu7ev-ffvc1156-2-e -data names 
Execute           ap_part_info -quiet -name xczu7ev-ffvc1156-2-e -data family 
Execute       db_write -model dataflow_in_loop_TILE_LOOP.1 -f -o /home/hoinguyen/Documents/Vitis/UpConv_HLS/upconv_block0/upconv_block0/hls/.autopilot/db/dataflow_in_loop_TILE_LOOP_1.adb 
Execute       db_write -model dataflow_in_loop_TILE_LOOP.1 -bindview -o /home/hoinguyen/Documents/Vitis/UpConv_HLS/upconv_block0/upconv_block0/hls/.autopilot/db/design.bindinfo.xml 
Execute       gen_tb_info dataflow_in_loop_TILE_LOOP.1 -p /home/hoinguyen/Documents/Vitis/UpConv_HLS/upconv_block0/upconv_block0/hls/.autopilot/db -o /home/hoinguyen/Documents/Vitis/UpConv_HLS/upconv_block0/upconv_block0/hls/.autopilot/db/dataflow_in_loop_TILE_LOOP_1 
INFO: [HLS 200-10] ----------------------------------------------------------------
INFO: [HLS 200-10] -- Generating RTL for module 'dataflow_parent_loop_proc' 
INFO: [HLS 200-10] ----------------------------------------------------------------
Execute       create_rtl_model dataflow_parent_loop_proc -top_prefix upconv_core_top_ucb0_ -sub_prefix upconv_core_top_ucb0_ -mg_file /home/hoinguyen/Documents/Vitis/UpConv_HLS/upconv_block0/upconv_block0/hls/.autopilot/db/dataflow_parent_loop_proc.compgen.tcl 
WARNING: [HLS 200-656] Deadlocks can occur since process uc_load_tile<8, 480, 60> is instantiated in a dataflow region with ap_ctrl_none or without start propagation and contains an auto-rewind pipeline.
WARNING: [RTGEN 206-101] Setting dangling out port 'dataflow_parent_loop_proc/m_axi_gmem_weight_0_AWVALID' to 0.
WARNING: [RTGEN 206-101] Setting dangling out port 'dataflow_parent_loop_proc/m_axi_gmem_weight_0_AWADDR' to 0.
WARNING: [RTGEN 206-101] Setting dangling out port 'dataflow_parent_loop_proc/m_axi_gmem_weight_0_AWID' to 0.
WARNING: [RTGEN 206-101] Setting dangling out port 'dataflow_parent_loop_proc/m_axi_gmem_weight_0_AWLEN' to 0.
WARNING: [RTGEN 206-101] Setting dangling out port 'dataflow_parent_loop_proc/m_axi_gmem_weight_0_AWSIZE' to 0.
WARNING: [RTGEN 206-101] Setting dangling out port 'dataflow_parent_loop_proc/m_axi_gmem_weight_0_AWBURST' to 0.
WARNING: [RTGEN 206-101] Setting dangling out port 'dataflow_parent_loop_proc/m_axi_gmem_weight_0_AWLOCK' to 0.
WARNING: [RTGEN 206-101] Setting dangling out port 'dataflow_parent_loop_proc/m_axi_gmem_weight_0_AWCACHE' to 0.
WARNING: [RTGEN 206-101] Setting dangling out port 'dataflow_parent_loop_proc/m_axi_gmem_weight_0_AWPROT' to 0.
WARNING: [RTGEN 206-101] Setting dangling out port 'dataflow_parent_loop_proc/m_axi_gmem_weight_0_AWQOS' to 0.
WARNING: [RTGEN 206-101] Setting dangling out port 'dataflow_parent_loop_proc/m_axi_gmem_weight_0_AWREGION' to 0.
WARNING: [RTGEN 206-101] Setting dangling out port 'dataflow_parent_loop_proc/m_axi_gmem_weight_0_AWUSER' to 0.
WARNING: [RTGEN 206-101] Setting dangling out port 'dataflow_parent_loop_proc/m_axi_gmem_weight_0_WVALID' to 0.
WARNING: [RTGEN 206-101] Setting dangling out port 'dataflow_parent_loop_proc/m_axi_gmem_weight_0_WDATA' to 0.
WARNING: [RTGEN 206-101] Setting dangling out port 'dataflow_parent_loop_proc/m_axi_gmem_weight_0_WSTRB' to 0.
WARNING: [RTGEN 206-101] Setting dangling out port 'dataflow_parent_loop_proc/m_axi_gmem_weight_0_WLAST' to 0.
WARNING: [RTGEN 206-101] Setting dangling out port 'dataflow_parent_loop_proc/m_axi_gmem_weight_0_WID' to 0.
WARNING: [RTGEN 206-101] Setting dangling out port 'dataflow_parent_loop_proc/m_axi_gmem_weight_0_WUSER' to 0.
WARNING: [RTGEN 206-101] Setting dangling out port 'dataflow_parent_loop_proc/m_axi_gmem_weight_0_BREADY' to 0.
INFO: [RTGEN 206-100] Finished creating RTL model for 'dataflow_parent_loop_proc'.
INFO: [HLS 200-111] Finished Creating RTL model: CPU user time: 0.13 seconds. CPU system time: 0.01 seconds. Elapsed time: 0.14 seconds; current allocated memory: 575.266 MB.
Execute       source /home/hoinguyen/Documents/Vitis/UpConv_HLS/upconv_block0/upconv_block0/hls/.autopilot/db/upconv_core_top_ucb0.rtl_wrap.cfg.tcl 
Execute       gen_rtl dataflow_parent_loop_proc -style xilinx -f -lang vhdl -o /home/hoinguyen/Documents/Vitis/UpConv_HLS/upconv_block0/upconv_block0/hls/syn/vhdl/upconv_core_top_ucb0_dataflow_parent_loop_proc 
Execute       gen_rtl dataflow_parent_loop_proc -style xilinx -f -lang vlog -o /home/hoinguyen/Documents/Vitis/UpConv_HLS/upconv_block0/upconv_block0/hls/syn/verilog/upconv_core_top_ucb0_dataflow_parent_loop_proc 
Execute       syn_report -csynth -model dataflow_parent_loop_proc -o /home/hoinguyen/Documents/Vitis/UpConv_HLS/upconv_block0/upconv_block0/hls/syn/report/dataflow_parent_loop_proc_csynth.rpt 
Execute         list_part -family xczu7ev-ffvc1156-2-e 
Execute           ap_family_info -name xczu7ev-ffvc1156-2-e -data names 
Execute           ap_part_info -quiet -name xczu7ev-ffvc1156-2-e -data family 
Execute       syn_report -rtlxml -model dataflow_parent_loop_proc -o /home/hoinguyen/Documents/Vitis/UpConv_HLS/upconv_block0/upconv_block0/hls/syn/report/dataflow_parent_loop_proc_csynth.xml 
Execute         list_part -family xczu7ev-ffvc1156-2-e 
Execute           ap_family_info -name xczu7ev-ffvc1156-2-e -data names 
Execute           ap_part_info -quiet -name xczu7ev-ffvc1156-2-e -data family 
Execute       syn_report -verbosereport -model dataflow_parent_loop_proc -o /home/hoinguyen/Documents/Vitis/UpConv_HLS/upconv_block0/upconv_block0/hls/.autopilot/db/dataflow_parent_loop_proc.verbose.rpt 
Execute         list_part -family xczu7ev-ffvc1156-2-e 
Execute           ap_family_info -name xczu7ev-ffvc1156-2-e -data names 
Execute           ap_part_info -quiet -name xczu7ev-ffvc1156-2-e -data family 
Execute       db_write -model dataflow_parent_loop_proc -f -o /home/hoinguyen/Documents/Vitis/UpConv_HLS/upconv_block0/upconv_block0/hls/.autopilot/db/dataflow_parent_loop_proc.adb 
Execute       db_write -model dataflow_parent_loop_proc -bindview -o /home/hoinguyen/Documents/Vitis/UpConv_HLS/upconv_block0/upconv_block0/hls/.autopilot/db/design.bindinfo.xml 
Execute       gen_tb_info dataflow_parent_loop_proc -p /home/hoinguyen/Documents/Vitis/UpConv_HLS/upconv_block0/upconv_block0/hls/.autopilot/db -o /home/hoinguyen/Documents/Vitis/UpConv_HLS/upconv_block0/upconv_block0/hls/.autopilot/db/dataflow_parent_loop_proc 
INFO: [HLS 200-10] ----------------------------------------------------------------
INFO: [HLS 200-10] -- Generating RTL for module 'UpConv_Fused_Row_8_16_16_960_480_Pipeline_LOAD_PARAMS' 
INFO: [HLS 200-10] ----------------------------------------------------------------
Execute       create_rtl_model UpConv_Fused_Row<8, 16, 16, 960, 480>_Pipeline_LOAD_PARAMS -top_prefix upconv_core_top_ucb0_ -sub_prefix upconv_core_top_ucb0_ -mg_file /home/hoinguyen/Documents/Vitis/UpConv_HLS/upconv_block0/upconv_block0/hls/.autopilot/db/UpConv_Fused_Row_8_16_16_960_480_Pipeline_LOAD_PARAMS.compgen.tcl 
INFO: [HLS 200-1030] Apply Unified Pipeline Control on module 'UpConv_Fused_Row_8_16_16_960_480_Pipeline_LOAD_PARAMS' pipeline 'LOAD_PARAMS' pipeline type 'loop pipeline'
INFO: [RTGEN 206-100] Finished creating RTL model for 'UpConv_Fused_Row_8_16_16_960_480_Pipeline_LOAD_PARAMS'.
INFO: [HLS 200-111] Finished Creating RTL model: CPU user time: 0.1 seconds. CPU system time: 0 seconds. Elapsed time: 0.09 seconds; current allocated memory: 576.641 MB.
Execute       source /home/hoinguyen/Documents/Vitis/UpConv_HLS/upconv_block0/upconv_block0/hls/.autopilot/db/upconv_core_top_ucb0.rtl_wrap.cfg.tcl 
Execute       gen_rtl UpConv_Fused_Row<8, 16, 16, 960, 480>_Pipeline_LOAD_PARAMS -style xilinx -f -lang vhdl -o /home/hoinguyen/Documents/Vitis/UpConv_HLS/upconv_block0/upconv_block0/hls/syn/vhdl/upconv_core_top_ucb0_UpConv_Fused_Row_8_16_16_960_480_Pipeline_LOAD_PARAMS 
Execute       gen_rtl UpConv_Fused_Row<8, 16, 16, 960, 480>_Pipeline_LOAD_PARAMS -style xilinx -f -lang vlog -o /home/hoinguyen/Documents/Vitis/UpConv_HLS/upconv_block0/upconv_block0/hls/syn/verilog/upconv_core_top_ucb0_UpConv_Fused_Row_8_16_16_960_480_Pipeline_LOAD_PARAMS 
Execute       syn_report -csynth -model UpConv_Fused_Row<8, 16, 16, 960, 480>_Pipeline_LOAD_PARAMS -o /home/hoinguyen/Documents/Vitis/UpConv_HLS/upconv_block0/upconv_block0/hls/syn/report/UpConv_Fused_Row_8_16_16_960_480_Pipeline_LOAD_PARAMS_csynth.rpt 
Execute         list_part -family xczu7ev-ffvc1156-2-e 
Execute           ap_family_info -name xczu7ev-ffvc1156-2-e -data names 
Execute           ap_part_info -quiet -name xczu7ev-ffvc1156-2-e -data family 
Execute       syn_report -rtlxml -model UpConv_Fused_Row<8, 16, 16, 960, 480>_Pipeline_LOAD_PARAMS -o /home/hoinguyen/Documents/Vitis/UpConv_HLS/upconv_block0/upconv_block0/hls/syn/report/UpConv_Fused_Row_8_16_16_960_480_Pipeline_LOAD_PARAMS_csynth.xml 
Execute         list_part -family xczu7ev-ffvc1156-2-e 
Execute           ap_family_info -name xczu7ev-ffvc1156-2-e -data names 
Execute           ap_part_info -quiet -name xczu7ev-ffvc1156-2-e -data family 
Execute       syn_report -verbosereport -model UpConv_Fused_Row<8, 16, 16, 960, 480>_Pipeline_LOAD_PARAMS -o /home/hoinguyen/Documents/Vitis/UpConv_HLS/upconv_block0/upconv_block0/hls/.autopilot/db/UpConv_Fused_Row_8_16_16_960_480_Pipeline_LOAD_PARAMS.verbose.rpt 
Execute         list_part -family xczu7ev-ffvc1156-2-e 
Execute           ap_family_info -name xczu7ev-ffvc1156-2-e -data names 
Execute           ap_part_info -quiet -name xczu7ev-ffvc1156-2-e -data family 
Execute       db_write -model UpConv_Fused_Row<8, 16, 16, 960, 480>_Pipeline_LOAD_PARAMS -f -o /home/hoinguyen/Documents/Vitis/UpConv_HLS/upconv_block0/upconv_block0/hls/.autopilot/db/UpConv_Fused_Row_8_16_16_960_480_Pipeline_LOAD_PARAMS.adb 
Execute       db_write -model UpConv_Fused_Row<8, 16, 16, 960, 480>_Pipeline_LOAD_PARAMS -bindview -o /home/hoinguyen/Documents/Vitis/UpConv_HLS/upconv_block0/upconv_block0/hls/.autopilot/db/design.bindinfo.xml 
Execute       gen_tb_info UpConv_Fused_Row<8, 16, 16, 960, 480>_Pipeline_LOAD_PARAMS -p /home/hoinguyen/Documents/Vitis/UpConv_HLS/upconv_block0/upconv_block0/hls/.autopilot/db -o /home/hoinguyen/Documents/Vitis/UpConv_HLS/upconv_block0/upconv_block0/hls/.autopilot/db/UpConv_Fused_Row_8_16_16_960_480_Pipeline_LOAD_PARAMS 
INFO: [HLS 200-10] ----------------------------------------------------------------
INFO: [HLS 200-10] -- Generating RTL for module 'UpConv_Fused_Row_8_16_16_960_480_Pipeline_PIXEL_STATS' 
INFO: [HLS 200-10] ----------------------------------------------------------------
Execute       create_rtl_model UpConv_Fused_Row<8, 16, 16, 960, 480>_Pipeline_PIXEL_STATS -top_prefix upconv_core_top_ucb0_ -sub_prefix upconv_core_top_ucb0_ -mg_file /home/hoinguyen/Documents/Vitis/UpConv_HLS/upconv_block0/upconv_block0/hls/.autopilot/db/UpConv_Fused_Row_8_16_16_960_480_Pipeline_PIXEL_STATS.compgen.tcl 
INFO: [HLS 200-1030] Apply Unified Pipeline Control on module 'UpConv_Fused_Row_8_16_16_960_480_Pipeline_PIXEL_STATS' pipeline 'PIXEL_STATS' pipeline type 'loop pipeline'
INFO: [RTGEN 206-104] Estimated max fanout for 'UpConv_Fused_Row_8_16_16_960_480_Pipeline_PIXEL_STATS' is 13167 from HDL expression: (1'b0 == ap_block_pp0_stage0_11001)
INFO: [RTGEN 206-100] Generating core module 'fadd_32ns_32ns_32_11_full_dsp_1': 19 instance(s).
INFO: [RTGEN 206-100] Generating core module 'fdiv_32ns_32ns_32_30_no_dsp_1': 3 instance(s).
INFO: [RTGEN 206-100] Generating core module 'fmul_32ns_32ns_32_7_max_dsp_1': 2 instance(s).
INFO: [RTGEN 206-100] Generating core module 'fsqrt_32ns_32ns_32_28_no_dsp_1': 1 instance(s).
INFO: [RTGEN 206-100] Generating core module 'fsub_32ns_32ns_32_11_full_dsp_1': 1 instance(s).
INFO: [RTGEN 206-100] Generating core module 'hadd_16ns_16ns_16_5_full_dsp_1': 1 instance(s).
INFO: [RTGEN 206-100] Generating core module 'hptosp_16ns_32_2_no_dsp_1': 1 instance(s).
INFO: [RTGEN 206-100] Generating core module 'partselect_16ns_256ns_32s_16_1_1': 1 instance(s).
INFO: [RTGEN 206-100] Generating core module 'sparsemux_17_3_32_1_1': 2 instance(s).
INFO: [RTGEN 206-100] Generating core module 'sparsemux_33_4_16_1_1': 1 instance(s).
INFO: [RTGEN 206-100] Generating core module 'sptohp_32ns_16_2_no_dsp_1': 1 instance(s).
INFO: [RTGEN 206-100] Finished creating RTL model for 'UpConv_Fused_Row_8_16_16_960_480_Pipeline_PIXEL_STATS'.
Command       create_rtl_model done; 0.25 sec.
INFO: [HLS 200-111] Finished Creating RTL model: CPU user time: 0.28 seconds. CPU system time: 0.01 seconds. Elapsed time: 0.3 seconds; current allocated memory: 589.258 MB.
Execute       source /home/hoinguyen/Documents/Vitis/UpConv_HLS/upconv_block0/upconv_block0/hls/.autopilot/db/upconv_core_top_ucb0.rtl_wrap.cfg.tcl 
Execute       gen_rtl UpConv_Fused_Row<8, 16, 16, 960, 480>_Pipeline_PIXEL_STATS -style xilinx -f -lang vhdl -o /home/hoinguyen/Documents/Vitis/UpConv_HLS/upconv_block0/upconv_block0/hls/syn/vhdl/upconv_core_top_ucb0_UpConv_Fused_Row_8_16_16_960_480_Pipeline_PIXEL_STATS 
Execute       gen_rtl UpConv_Fused_Row<8, 16, 16, 960, 480>_Pipeline_PIXEL_STATS -style xilinx -f -lang vlog -o /home/hoinguyen/Documents/Vitis/UpConv_HLS/upconv_block0/upconv_block0/hls/syn/verilog/upconv_core_top_ucb0_UpConv_Fused_Row_8_16_16_960_480_Pipeline_PIXEL_STATS 
Execute       syn_report -csynth -model UpConv_Fused_Row<8, 16, 16, 960, 480>_Pipeline_PIXEL_STATS -o /home/hoinguyen/Documents/Vitis/UpConv_HLS/upconv_block0/upconv_block0/hls/syn/report/UpConv_Fused_Row_8_16_16_960_480_Pipeline_PIXEL_STATS_csynth.rpt 
Execute         list_part -family xczu7ev-ffvc1156-2-e 
Execute           ap_family_info -name xczu7ev-ffvc1156-2-e -data names 
Execute           ap_part_info -quiet -name xczu7ev-ffvc1156-2-e -data family 
Execute       syn_report -rtlxml -model UpConv_Fused_Row<8, 16, 16, 960, 480>_Pipeline_PIXEL_STATS -o /home/hoinguyen/Documents/Vitis/UpConv_HLS/upconv_block0/upconv_block0/hls/syn/report/UpConv_Fused_Row_8_16_16_960_480_Pipeline_PIXEL_STATS_csynth.xml 
Execute         list_part -family xczu7ev-ffvc1156-2-e 
Execute           ap_family_info -name xczu7ev-ffvc1156-2-e -data names 
Execute           ap_part_info -quiet -name xczu7ev-ffvc1156-2-e -data family 
Execute       syn_report -verbosereport -model UpConv_Fused_Row<8, 16, 16, 960, 480>_Pipeline_PIXEL_STATS -o /home/hoinguyen/Documents/Vitis/UpConv_HLS/upconv_block0/upconv_block0/hls/.autopilot/db/UpConv_Fused_Row_8_16_16_960_480_Pipeline_PIXEL_STATS.verbose.rpt 
Execute         list_part -family xczu7ev-ffvc1156-2-e 
Execute           ap_family_info -name xczu7ev-ffvc1156-2-e -data names 
Execute           ap_part_info -quiet -name xczu7ev-ffvc1156-2-e -data family 
Execute       db_write -model UpConv_Fused_Row<8, 16, 16, 960, 480>_Pipeline_PIXEL_STATS -f -o /home/hoinguyen/Documents/Vitis/UpConv_HLS/upconv_block0/upconv_block0/hls/.autopilot/db/UpConv_Fused_Row_8_16_16_960_480_Pipeline_PIXEL_STATS.adb 
Execute       db_write -model UpConv_Fused_Row<8, 16, 16, 960, 480>_Pipeline_PIXEL_STATS -bindview -o /home/hoinguyen/Documents/Vitis/UpConv_HLS/upconv_block0/upconv_block0/hls/.autopilot/db/design.bindinfo.xml 
Execute       gen_tb_info UpConv_Fused_Row<8, 16, 16, 960, 480>_Pipeline_PIXEL_STATS -p /home/hoinguyen/Documents/Vitis/UpConv_HLS/upconv_block0/upconv_block0/hls/.autopilot/db -o /home/hoinguyen/Documents/Vitis/UpConv_HLS/upconv_block0/upconv_block0/hls/.autopilot/db/UpConv_Fused_Row_8_16_16_960_480_Pipeline_PIXEL_STATS 
INFO: [HLS 200-10] ----------------------------------------------------------------
INFO: [HLS 200-10] -- Generating RTL for module 'UpConv_Fused_Row_8_16_16_960_480_Pipeline_PIXEL_NORM' 
INFO: [HLS 200-10] ----------------------------------------------------------------
Execute       create_rtl_model UpConv_Fused_Row<8, 16, 16, 960, 480>_Pipeline_PIXEL_NORM -top_prefix upconv_core_top_ucb0_ -sub_prefix upconv_core_top_ucb0_ -mg_file /home/hoinguyen/Documents/Vitis/UpConv_HLS/upconv_block0/upconv_block0/hls/.autopilot/db/UpConv_Fused_Row_8_16_16_960_480_Pipeline_PIXEL_NORM.compgen.tcl 
INFO: [HLS 200-1030] Apply Unified Pipeline Control on module 'UpConv_Fused_Row_8_16_16_960_480_Pipeline_PIXEL_NORM' pipeline 'PIXEL_NORM' pipeline type 'loop pipeline'
INFO: [RTGEN 206-100] Generating core module 'hadd_16ns_16ns_16_5_full_dsp_1': 16 instance(s).
INFO: [RTGEN 206-100] Generating core module 'hcmp_16ns_16ns_1_2_no_dsp_1': 16 instance(s).
INFO: [RTGEN 206-100] Generating core module 'hmul_16ns_16ns_16_4_max_dsp_1': 32 instance(s).
INFO: [RTGEN 206-100] Generating core module 'hsub_16ns_16ns_16_5_full_dsp_1': 16 instance(s).
INFO: [RTGEN 206-100] Generating core module 'sptohp_32ns_16_2_no_dsp_1': 1 instance(s).
INFO: [RTGEN 206-100] Finished creating RTL model for 'UpConv_Fused_Row_8_16_16_960_480_Pipeline_PIXEL_NORM'.
Command       create_rtl_model done; 0.11 sec.
INFO: [HLS 200-111] Finished Creating RTL model: CPU user time: 0.28 seconds. CPU system time: 0.01 seconds. Elapsed time: 0.3 seconds; current allocated memory: 601.480 MB.
Execute       source /home/hoinguyen/Documents/Vitis/UpConv_HLS/upconv_block0/upconv_block0/hls/.autopilot/db/upconv_core_top_ucb0.rtl_wrap.cfg.tcl 
Execute       gen_rtl UpConv_Fused_Row<8, 16, 16, 960, 480>_Pipeline_PIXEL_NORM -style xilinx -f -lang vhdl -o /home/hoinguyen/Documents/Vitis/UpConv_HLS/upconv_block0/upconv_block0/hls/syn/vhdl/upconv_core_top_ucb0_UpConv_Fused_Row_8_16_16_960_480_Pipeline_PIXEL_NORM 
Execute       gen_rtl UpConv_Fused_Row<8, 16, 16, 960, 480>_Pipeline_PIXEL_NORM -style xilinx -f -lang vlog -o /home/hoinguyen/Documents/Vitis/UpConv_HLS/upconv_block0/upconv_block0/hls/syn/verilog/upconv_core_top_ucb0_UpConv_Fused_Row_8_16_16_960_480_Pipeline_PIXEL_NORM 
Execute       syn_report -csynth -model UpConv_Fused_Row<8, 16, 16, 960, 480>_Pipeline_PIXEL_NORM -o /home/hoinguyen/Documents/Vitis/UpConv_HLS/upconv_block0/upconv_block0/hls/syn/report/UpConv_Fused_Row_8_16_16_960_480_Pipeline_PIXEL_NORM_csynth.rpt 
Execute         list_part -family xczu7ev-ffvc1156-2-e 
Execute           ap_family_info -name xczu7ev-ffvc1156-2-e -data names 
Execute           ap_part_info -quiet -name xczu7ev-ffvc1156-2-e -data family 
Execute       syn_report -rtlxml -model UpConv_Fused_Row<8, 16, 16, 960, 480>_Pipeline_PIXEL_NORM -o /home/hoinguyen/Documents/Vitis/UpConv_HLS/upconv_block0/upconv_block0/hls/syn/report/UpConv_Fused_Row_8_16_16_960_480_Pipeline_PIXEL_NORM_csynth.xml 
Execute         list_part -family xczu7ev-ffvc1156-2-e 
Execute           ap_family_info -name xczu7ev-ffvc1156-2-e -data names 
Execute           ap_part_info -quiet -name xczu7ev-ffvc1156-2-e -data family 
Execute       syn_report -verbosereport -model UpConv_Fused_Row<8, 16, 16, 960, 480>_Pipeline_PIXEL_NORM -o /home/hoinguyen/Documents/Vitis/UpConv_HLS/upconv_block0/upconv_block0/hls/.autopilot/db/UpConv_Fused_Row_8_16_16_960_480_Pipeline_PIXEL_NORM.verbose.rpt 
Execute         list_part -family xczu7ev-ffvc1156-2-e 
Execute           ap_family_info -name xczu7ev-ffvc1156-2-e -data names 
Execute           ap_part_info -quiet -name xczu7ev-ffvc1156-2-e -data family 
Execute       db_write -model UpConv_Fused_Row<8, 16, 16, 960, 480>_Pipeline_PIXEL_NORM -f -o /home/hoinguyen/Documents/Vitis/UpConv_HLS/upconv_block0/upconv_block0/hls/.autopilot/db/UpConv_Fused_Row_8_16_16_960_480_Pipeline_PIXEL_NORM.adb 
Execute       db_write -model UpConv_Fused_Row<8, 16, 16, 960, 480>_Pipeline_PIXEL_NORM -bindview -o /home/hoinguyen/Documents/Vitis/UpConv_HLS/upconv_block0/upconv_block0/hls/.autopilot/db/design.bindinfo.xml 
Execute       gen_tb_info UpConv_Fused_Row<8, 16, 16, 960, 480>_Pipeline_PIXEL_NORM -p /home/hoinguyen/Documents/Vitis/UpConv_HLS/upconv_block0/upconv_block0/hls/.autopilot/db -o /home/hoinguyen/Documents/Vitis/UpConv_HLS/upconv_block0/upconv_block0/hls/.autopilot/db/UpConv_Fused_Row_8_16_16_960_480_Pipeline_PIXEL_NORM 
INFO: [HLS 200-10] ----------------------------------------------------------------
INFO: [HLS 200-10] -- Generating RTL for module 'UpConv_Fused_Row_8_16_16_960_480_s' 
INFO: [HLS 200-10] ----------------------------------------------------------------
Execute       create_rtl_model UpConv_Fused_Row<8, 16, 16, 960, 480> -top_prefix upconv_core_top_ucb0_ -sub_prefix upconv_core_top_ucb0_ -mg_file /home/hoinguyen/Documents/Vitis/UpConv_HLS/upconv_block0/upconv_block0/hls/.autopilot/db/UpConv_Fused_Row_8_16_16_960_480_s.compgen.tcl 
INFO: [SYN 201-210] Renamed object name 'UpConv_Fused_Row_8_16_16_960_480_s_void_UpConv_Fused_Row_ap_uint_ap_uint_const_ap_uint_const_ap_uint_const_ap_u_9_RAM_T2P_URAM_1R1W' to 'UpConv_Fused_Row_8_16_16_960_480_s_void_UpConv_Fused_Row_ap_uint_ap_uint_consbkb' due to the length limit 80
INFO: [SYN 201-210] Renamed object name 'UpConv_Fused_Row_8_16_16_960_480_s_void_UpConv_Fused_Row_ap_uint_ap_uint_const_ap_uint_const_ap_uint_const_ap_u_8_RAM_T2P_URAM_1R1W' to 'UpConv_Fused_Row_8_16_16_960_480_s_void_UpConv_Fused_Row_ap_uint_ap_uint_conscud' due to the length limit 80
INFO: [SYN 201-210] Renamed object name 'UpConv_Fused_Row_8_16_16_960_480_s_void_UpConv_Fused_Row_ap_uint_ap_uint_const_ap_uint_const_ap_uint_const_ap_u_7_RAM_T2P_URAM_1R1W' to 'UpConv_Fused_Row_8_16_16_960_480_s_void_UpConv_Fused_Row_ap_uint_ap_uint_consdEe' due to the length limit 80
INFO: [SYN 201-210] Renamed object name 'UpConv_Fused_Row_8_16_16_960_480_s_void_UpConv_Fused_Row_ap_uint_ap_uint_const_ap_uint_const_ap_uint_const_ap_u_6_RAM_T2P_URAM_1R1W' to 'UpConv_Fused_Row_8_16_16_960_480_s_void_UpConv_Fused_Row_ap_uint_ap_uint_conseOg' due to the length limit 80
INFO: [SYN 201-210] Renamed object name 'UpConv_Fused_Row_8_16_16_960_480_s_void_UpConv_Fused_Row_ap_uint_ap_uint_const_ap_uint_const_ap_uint_const_ap_u_5_RAM_T2P_URAM_1R1W' to 'UpConv_Fused_Row_8_16_16_960_480_s_void_UpConv_Fused_Row_ap_uint_ap_uint_consfYi' due to the length limit 80
INFO: [SYN 201-210] Renamed object name 'UpConv_Fused_Row_8_16_16_960_480_s_void_UpConv_Fused_Row_ap_uint_ap_uint_const_ap_uint_const_ap_uint_const_ap_u_4_RAM_T2P_URAM_1R1W' to 'UpConv_Fused_Row_8_16_16_960_480_s_void_UpConv_Fused_Row_ap_uint_ap_uint_consg8j' due to the length limit 80
INFO: [SYN 201-210] Renamed object name 'UpConv_Fused_Row_8_16_16_960_480_s_void_UpConv_Fused_Row_ap_uint_ap_uint_const_ap_uint_const_ap_uint_const_ap_u_3_RAM_T2P_URAM_1R1W' to 'UpConv_Fused_Row_8_16_16_960_480_s_void_UpConv_Fused_Row_ap_uint_ap_uint_conshbi' due to the length limit 80
INFO: [SYN 201-210] Renamed object name 'UpConv_Fused_Row_8_16_16_960_480_s_void_UpConv_Fused_Row_ap_uint_ap_uint_const_ap_uint_const_ap_uint_const_ap_u_2_RAM_T2P_URAM_1R1W' to 'UpConv_Fused_Row_8_16_16_960_480_s_void_UpConv_Fused_Row_ap_uint_ap_uint_consibs' due to the length limit 80
INFO: [SYN 201-210] Renamed object name 'UpConv_Fused_Row_8_16_16_960_480_s_void_UpConv_Fused_Row_ap_uint_ap_uint_const_ap_uint_const_ap_uint_const_ap_u_1_RAM_T2P_URAM_1R1W' to 'UpConv_Fused_Row_8_16_16_960_480_s_void_UpConv_Fused_Row_ap_uint_ap_uint_consjbC' due to the length limit 80
INFO: [SYN 201-210] Renamed object name 'UpConv_Fused_Row_8_16_16_960_480_s_void_UpConv_Fused_Row_ap_uint_ap_uint_const_ap_uint_const_ap_uint_const_ap_u_RAM_T2P_URAM_1R1W' to 'UpConv_Fused_Row_8_16_16_960_480_s_void_UpConv_Fused_Row_ap_uint_ap_uint_conskbM' due to the length limit 80
INFO: [SYN 201-210] Renamed object name 'UpConv_Fused_Row_8_16_16_960_480_s_p_ZZ16UpConv_Fused_RowILi8ELi16ELi16ELi960ELi480EEvP7ap_uintILi256EEPKS1_S4_S4_S4_5_RAM_T2P_URAM_1R1W' to 'UpConv_Fused_Row_8_16_16_960_480_s_p_ZZ16UpConv_Fused_RowILi8ELi16ELi16ELi960lbW' due to the length limit 80
INFO: [SYN 201-210] Renamed object name 'UpConv_Fused_Row_8_16_16_960_480_s_p_ZZ16UpConv_Fused_RowILi8ELi16ELi16ELi960ELi480EEvP7ap_uintILi256EEPKS1_S4_S4_S4_4_RAM_T2P_URAM_1R1W' to 'UpConv_Fused_Row_8_16_16_960_480_s_p_ZZ16UpConv_Fused_RowILi8ELi16ELi16ELi960mb6' due to the length limit 80
INFO: [SYN 201-210] Renamed object name 'UpConv_Fused_Row_8_16_16_960_480_s_p_ZZ16UpConv_Fused_RowILi8ELi16ELi16ELi960ELi480EEvP7ap_uintILi256EEPKS1_S4_S4_S4_3_RAM_T2P_URAM_1R1W' to 'UpConv_Fused_Row_8_16_16_960_480_s_p_ZZ16UpConv_Fused_RowILi8ELi16ELi16ELi960ncg' due to the length limit 80
INFO: [SYN 201-210] Renamed object name 'UpConv_Fused_Row_8_16_16_960_480_s_p_ZZ16UpConv_Fused_RowILi8ELi16ELi16ELi960ELi480EEvP7ap_uintILi256EEPKS1_S4_S4_S4_2_RAM_T2P_URAM_1R1W' to 'UpConv_Fused_Row_8_16_16_960_480_s_p_ZZ16UpConv_Fused_RowILi8ELi16ELi16ELi960ocq' due to the length limit 80
INFO: [SYN 201-210] Renamed object name 'UpConv_Fused_Row_8_16_16_960_480_s_p_ZZ16UpConv_Fused_RowILi8ELi16ELi16ELi960ELi480EEvP7ap_uintILi256EEPKS1_S4_S4_S4_1_RAM_T2P_URAM_1R1W' to 'UpConv_Fused_Row_8_16_16_960_480_s_p_ZZ16UpConv_Fused_RowILi8ELi16ELi16ELi960pcA' due to the length limit 80
INFO: [SYN 201-210] Renamed object name 'UpConv_Fused_Row_8_16_16_960_480_s_p_ZZ16UpConv_Fused_RowILi8ELi16ELi16ELi960ELi480EEvP7ap_uintILi256EEPKS1_S4_S4_S4_RAM_T2P_URAM_1R1W' to 'UpConv_Fused_Row_8_16_16_960_480_s_p_ZZ16UpConv_Fused_RowILi8ELi16ELi16ELi960qcK' due to the length limit 80
INFO: [RTGEN 206-100] Generating core module 'hadd_16ns_16ns_16_5_full_dsp_1': 1 instance(s).
INFO: [RTGEN 206-100] Generating core module 'hptosp_16ns_32_2_no_dsp_1': 1 instance(s).
INFO: [RTGEN 206-100] Generating core module 'sptohp_32ns_16_2_no_dsp_1': 1 instance(s).
INFO: [RTGEN 206-100] Finished creating RTL model for 'UpConv_Fused_Row_8_16_16_960_480_s'.
INFO: [RTMG 210-278] Implementing memory 'upconv_core_top_ucb0_UpConv_Fused_Row_8_16_16_960_480_s_void_UpConv_Fused_Row_ap_uint_ap_uint_consbkb' using ultra RAMs.
INFO: [RTMG 210-278] Implementing memory 'upconv_core_top_ucb0_UpConv_Fused_Row_8_16_16_960_480_s_mean_buf_RAM_2P_LUTRAM_1R1W' using distributed RAMs.
INFO: [RTMG 210-278] Implementing memory 'upconv_core_top_ucb0_UpConv_Fused_Row_8_16_16_960_480_s_inv_buf_RAM_2P_LUTRAM_1R1W' using distributed RAMs.
INFO: [RTMG 210-278] Implementing memory 'upconv_core_top_ucb0_UpConv_Fused_Row_8_16_16_960_480_s_b_buf_RAM_T2P_BRAM_1R1W' using block RAMs.
Command       create_rtl_model done; 0.11 sec.
INFO: [HLS 200-111] Finished Creating RTL model: CPU user time: 0.25 seconds. CPU system time: 0.01 seconds. Elapsed time: 0.27 seconds; current allocated memory: 612.414 MB.
Execute       source /home/hoinguyen/Documents/Vitis/UpConv_HLS/upconv_block0/upconv_block0/hls/.autopilot/db/upconv_core_top_ucb0.rtl_wrap.cfg.tcl 
Execute       gen_rtl UpConv_Fused_Row<8, 16, 16, 960, 480> -style xilinx -f -lang vhdl -o /home/hoinguyen/Documents/Vitis/UpConv_HLS/upconv_block0/upconv_block0/hls/syn/vhdl/upconv_core_top_ucb0_UpConv_Fused_Row_8_16_16_960_480_s 
Execute       gen_rtl UpConv_Fused_Row<8, 16, 16, 960, 480> -style xilinx -f -lang vlog -o /home/hoinguyen/Documents/Vitis/UpConv_HLS/upconv_block0/upconv_block0/hls/syn/verilog/upconv_core_top_ucb0_UpConv_Fused_Row_8_16_16_960_480_s 
Execute       syn_report -csynth -model UpConv_Fused_Row<8, 16, 16, 960, 480> -o /home/hoinguyen/Documents/Vitis/UpConv_HLS/upconv_block0/upconv_block0/hls/syn/report/UpConv_Fused_Row_8_16_16_960_480_s_csynth.rpt 
Execute         list_part -family xczu7ev-ffvc1156-2-e 
Execute           ap_family_info -name xczu7ev-ffvc1156-2-e -data names 
Execute           ap_part_info -quiet -name xczu7ev-ffvc1156-2-e -data family 
Execute       syn_report -rtlxml -model UpConv_Fused_Row<8, 16, 16, 960, 480> -o /home/hoinguyen/Documents/Vitis/UpConv_HLS/upconv_block0/upconv_block0/hls/syn/report/UpConv_Fused_Row_8_16_16_960_480_s_csynth.xml 
Execute         list_part -family xczu7ev-ffvc1156-2-e 
Execute           ap_family_info -name xczu7ev-ffvc1156-2-e -data names 
Execute           ap_part_info -quiet -name xczu7ev-ffvc1156-2-e -data family 
Execute       syn_report -verbosereport -model UpConv_Fused_Row<8, 16, 16, 960, 480> -o /home/hoinguyen/Documents/Vitis/UpConv_HLS/upconv_block0/upconv_block0/hls/.autopilot/db/UpConv_Fused_Row_8_16_16_960_480_s.verbose.rpt 
Execute         list_part -family xczu7ev-ffvc1156-2-e 
Execute           ap_family_info -name xczu7ev-ffvc1156-2-e -data names 
Execute           ap_part_info -quiet -name xczu7ev-ffvc1156-2-e -data family 
Execute       db_write -model UpConv_Fused_Row<8, 16, 16, 960, 480> -f -o /home/hoinguyen/Documents/Vitis/UpConv_HLS/upconv_block0/upconv_block0/hls/.autopilot/db/UpConv_Fused_Row_8_16_16_960_480_s.adb 
Execute       db_write -model UpConv_Fused_Row<8, 16, 16, 960, 480> -bindview -o /home/hoinguyen/Documents/Vitis/UpConv_HLS/upconv_block0/upconv_block0/hls/.autopilot/db/design.bindinfo.xml 
Execute       gen_tb_info UpConv_Fused_Row<8, 16, 16, 960, 480> -p /home/hoinguyen/Documents/Vitis/UpConv_HLS/upconv_block0/upconv_block0/hls/.autopilot/db -o /home/hoinguyen/Documents/Vitis/UpConv_HLS/upconv_block0/upconv_block0/hls/.autopilot/db/UpConv_Fused_Row_8_16_16_960_480_s 
INFO: [HLS 200-10] ----------------------------------------------------------------
INFO: [HLS 200-10] -- Generating RTL for module 'upconv_core_top_ucb0_Pipeline_LOAD_ROW_VITIS_LOOP_308_2' 
INFO: [HLS 200-10] ----------------------------------------------------------------
Execute       create_rtl_model upconv_core_top_ucb0_Pipeline_LOAD_ROW_VITIS_LOOP_308_2 -top_prefix upconv_core_top_ucb0_ -sub_prefix upconv_core_top_ucb0_ -mg_file /home/hoinguyen/Documents/Vitis/UpConv_HLS/upconv_block0/upconv_block0/hls/.autopilot/db/upconv_core_top_ucb0_Pipeline_LOAD_ROW_VITIS_LOOP_308_2.compgen.tcl 
INFO: [HLS 200-1030] Apply Unified Pipeline Control on module 'upconv_core_top_ucb0_Pipeline_LOAD_ROW_VITIS_LOOP_308_2' pipeline 'LOAD_ROW_VITIS_LOOP_308_2' pipeline type 'loop pipeline'
INFO: [RTGEN 206-100] Finished creating RTL model for 'upconv_core_top_ucb0_Pipeline_LOAD_ROW_VITIS_LOOP_308_2'.
INFO: [HLS 200-111] Finished Creating RTL model: CPU user time: 0.14 seconds. CPU system time: 0.01 seconds. Elapsed time: 0.14 seconds; current allocated memory: 614.773 MB.
Execute       source /home/hoinguyen/Documents/Vitis/UpConv_HLS/upconv_block0/upconv_block0/hls/.autopilot/db/upconv_core_top_ucb0.rtl_wrap.cfg.tcl 
Execute       gen_rtl upconv_core_top_ucb0_Pipeline_LOAD_ROW_VITIS_LOOP_308_2 -style xilinx -f -lang vhdl -o /home/hoinguyen/Documents/Vitis/UpConv_HLS/upconv_block0/upconv_block0/hls/syn/vhdl/upconv_core_top_ucb0_upconv_core_top_ucb0_Pipeline_LOAD_ROW_VITIS_LOOP_308_2 
Execute       gen_rtl upconv_core_top_ucb0_Pipeline_LOAD_ROW_VITIS_LOOP_308_2 -style xilinx -f -lang vlog -o /home/hoinguyen/Documents/Vitis/UpConv_HLS/upconv_block0/upconv_block0/hls/syn/verilog/upconv_core_top_ucb0_upconv_core_top_ucb0_Pipeline_LOAD_ROW_VITIS_LOOP_308_2 
Execute       syn_report -csynth -model upconv_core_top_ucb0_Pipeline_LOAD_ROW_VITIS_LOOP_308_2 -o /home/hoinguyen/Documents/Vitis/UpConv_HLS/upconv_block0/upconv_block0/hls/syn/report/upconv_core_top_ucb0_Pipeline_LOAD_ROW_VITIS_LOOP_308_2_csynth.rpt 
Execute         list_part -family xczu7ev-ffvc1156-2-e 
Execute           ap_family_info -name xczu7ev-ffvc1156-2-e -data names 
Execute           ap_part_info -quiet -name xczu7ev-ffvc1156-2-e -data family 
Execute       syn_report -rtlxml -model upconv_core_top_ucb0_Pipeline_LOAD_ROW_VITIS_LOOP_308_2 -o /home/hoinguyen/Documents/Vitis/UpConv_HLS/upconv_block0/upconv_block0/hls/syn/report/upconv_core_top_ucb0_Pipeline_LOAD_ROW_VITIS_LOOP_308_2_csynth.xml 
Execute         list_part -family xczu7ev-ffvc1156-2-e 
Execute           ap_family_info -name xczu7ev-ffvc1156-2-e -data names 
Execute           ap_part_info -quiet -name xczu7ev-ffvc1156-2-e -data family 
Execute       syn_report -verbosereport -model upconv_core_top_ucb0_Pipeline_LOAD_ROW_VITIS_LOOP_308_2 -o /home/hoinguyen/Documents/Vitis/UpConv_HLS/upconv_block0/upconv_block0/hls/.autopilot/db/upconv_core_top_ucb0_Pipeline_LOAD_ROW_VITIS_LOOP_308_2.verbose.rpt 
Execute         list_part -family xczu7ev-ffvc1156-2-e 
Execute           ap_family_info -name xczu7ev-ffvc1156-2-e -data names 
Execute           ap_part_info -quiet -name xczu7ev-ffvc1156-2-e -data family 
Execute       db_write -model upconv_core_top_ucb0_Pipeline_LOAD_ROW_VITIS_LOOP_308_2 -f -o /home/hoinguyen/Documents/Vitis/UpConv_HLS/upconv_block0/upconv_block0/hls/.autopilot/db/upconv_core_top_ucb0_Pipeline_LOAD_ROW_VITIS_LOOP_308_2.adb 
Execute       db_write -model upconv_core_top_ucb0_Pipeline_LOAD_ROW_VITIS_LOOP_308_2 -bindview -o /home/hoinguyen/Documents/Vitis/UpConv_HLS/upconv_block0/upconv_block0/hls/.autopilot/db/design.bindinfo.xml 
Execute       gen_tb_info upconv_core_top_ucb0_Pipeline_LOAD_ROW_VITIS_LOOP_308_2 -p /home/hoinguyen/Documents/Vitis/UpConv_HLS/upconv_block0/upconv_block0/hls/.autopilot/db -o /home/hoinguyen/Documents/Vitis/UpConv_HLS/upconv_block0/upconv_block0/hls/.autopilot/db/upconv_core_top_ucb0_Pipeline_LOAD_ROW_VITIS_LOOP_308_2 
INFO: [HLS 200-10] ----------------------------------------------------------------
INFO: [HLS 200-10] -- Generating RTL for module 'upconv_core_top_ucb0' 
INFO: [HLS 200-10] ----------------------------------------------------------------
Execute       create_rtl_model upconv_core_top_ucb0 -top_prefix  -sub_prefix upconv_core_top_ucb0_ -mg_file /home/hoinguyen/Documents/Vitis/UpConv_HLS/upconv_block0/upconv_block0/hls/.autopilot/db/upconv_core_top_ucb0.compgen.tcl 
WARNING: [RTGEN 206-101] Design contains AXI ports. Reset is fixed to synchronous and active low.
INFO: [RTGEN 206-500] Setting interface mode on port 'upconv_core_top_ucb0/gmem_in' to 'm_axi'.
INFO: [RTGEN 206-500] Setting interface mode on port 'upconv_core_top_ucb0/gmem_weight' to 'm_axi'.
INFO: [RTGEN 206-500] Setting interface mode on port 'upconv_core_top_ucb0/gmem_param' to 'm_axi'.
INFO: [RTGEN 206-500] Setting interface mode on port 'upconv_core_top_ucb0/gmem_out' to 'm_axi'.
INFO: [RTGEN 206-500] Setting interface mode on port 'upconv_core_top_ucb0/X' to 's_axilite & ap_none'.
INFO: [RTGEN 206-500] Setting interface mode on port 'upconv_core_top_ucb0/W' to 's_axilite & ap_none'.
INFO: [RTGEN 206-500] Setting interface mode on port 'upconv_core_top_ucb0/B' to 's_axilite & ap_none'.
INFO: [RTGEN 206-500] Setting interface mode on port 'upconv_core_top_ucb0/G' to 's_axilite & ap_none'.
INFO: [RTGEN 206-500] Setting interface mode on port 'upconv_core_top_ucb0/BE' to 's_axilite & ap_none'.
INFO: [RTGEN 206-500] Setting interface mode on port 'upconv_core_top_ucb0/Y' to 's_axilite & ap_none'.
INFO: [RTGEN 206-500] Setting interface mode on port 'upconv_core_top_ucb0/epsilon' to 's_axilite & ap_none'.
INFO: [RTGEN 206-500] Setting interface mode on function 'upconv_core_top_ucb0' to 's_axilite & ap_ctrl_hs'.
INFO: [RTGEN 206-100] Bundling port 'X', 'W', 'B', 'G', 'BE', 'Y', 'epsilon' and 'return' to AXI-Lite port control.
INFO: [RTGEN 206-100] Finished creating RTL model for 'upconv_core_top_ucb0'.
INFO: [RTMG 210-278] Implementing memory 'upconv_core_top_ucb0_x_buf_RAM_T2P_URAM_1R1W' using ultra RAMs.
INFO: [HLS 200-111] Finished Creating RTL model: CPU user time: 0.13 seconds. CPU system time: 0.01 seconds. Elapsed time: 0.14 seconds; current allocated memory: 618.477 MB.
Execute       source /home/hoinguyen/Documents/Vitis/UpConv_HLS/upconv_block0/upconv_block0/hls/.autopilot/db/upconv_core_top_ucb0.rtl_wrap.cfg.tcl 
Execute       gen_rtl upconv_core_top_ucb0 -istop -style xilinx -f -lang vhdl -o /home/hoinguyen/Documents/Vitis/UpConv_HLS/upconv_block0/upconv_block0/hls/syn/vhdl/upconv_core_top_ucb0 
Execute       gen_rtl upconv_core_top_ucb0 -istop -style xilinx -f -lang vlog -o /home/hoinguyen/Documents/Vitis/UpConv_HLS/upconv_block0/upconv_block0/hls/syn/verilog/upconv_core_top_ucb0 
Execute       syn_report -csynth -model upconv_core_top_ucb0 -o /home/hoinguyen/Documents/Vitis/UpConv_HLS/upconv_block0/upconv_block0/hls/syn/report/upconv_core_top_ucb0_csynth.rpt 
Execute         list_part -family xczu7ev-ffvc1156-2-e 
Execute           ap_family_info -name xczu7ev-ffvc1156-2-e -data names 
Execute           ap_part_info -quiet -name xczu7ev-ffvc1156-2-e -data family 
Execute       syn_report -rtlxml -model upconv_core_top_ucb0 -o /home/hoinguyen/Documents/Vitis/UpConv_HLS/upconv_block0/upconv_block0/hls/syn/report/upconv_core_top_ucb0_csynth.xml 
Execute         list_part -family xczu7ev-ffvc1156-2-e 
Execute           ap_family_info -name xczu7ev-ffvc1156-2-e -data names 
Execute           ap_part_info -quiet -name xczu7ev-ffvc1156-2-e -data family 
Execute       syn_report -verbosereport -model upconv_core_top_ucb0 -o /home/hoinguyen/Documents/Vitis/UpConv_HLS/upconv_block0/upconv_block0/hls/.autopilot/db/upconv_core_top_ucb0.verbose.rpt 
Execute         list_part -family xczu7ev-ffvc1156-2-e 
Execute           ap_family_info -name xczu7ev-ffvc1156-2-e -data names 
Execute           ap_part_info -quiet -name xczu7ev-ffvc1156-2-e -data family 
Execute       db_write -model upconv_core_top_ucb0 -f -o /home/hoinguyen/Documents/Vitis/UpConv_HLS/upconv_block0/upconv_block0/hls/.autopilot/db/upconv_core_top_ucb0.adb 
Execute       db_write -model upconv_core_top_ucb0 -bindview -o /home/hoinguyen/Documents/Vitis/UpConv_HLS/upconv_block0/upconv_block0/hls/.autopilot/db/design.bindinfo.xml 
Execute       gen_tb_info upconv_core_top_ucb0 -p /home/hoinguyen/Documents/Vitis/UpConv_HLS/upconv_block0/upconv_block0/hls/.autopilot/db -o /home/hoinguyen/Documents/Vitis/UpConv_HLS/upconv_block0/upconv_block0/hls/.autopilot/db/upconv_core_top_ucb0 
Execute       export_constraint_db -f -tool general -o /home/hoinguyen/Documents/Vitis/UpConv_HLS/upconv_block0/upconv_block0/hls/.autopilot/db/upconv_core_top_ucb0.constraint.tcl 
Execute       syn_report -designview -model upconv_core_top_ucb0 -o /home/hoinguyen/Documents/Vitis/UpConv_HLS/upconv_block0/upconv_block0/hls/.autopilot/db/upconv_core_top_ucb0.design.xml 
Command       syn_report done; 0.12 sec.
Execute       syn_report -csynthDesign -model upconv_core_top_ucb0 -o /home/hoinguyen/Documents/Vitis/UpConv_HLS/upconv_block0/upconv_block0/hls/syn/report/csynth.rpt -MHOut /home/hoinguyen/Documents/Vitis/UpConv_HLS/upconv_block0/upconv_block0/hls/.autopilot/db/kernel_module_hierarchy.tcl 
Execute         list_part -family xczu7ev-ffvc1156-2-e 
Execute           ap_family_info -name xczu7ev-ffvc1156-2-e -data names 
Execute           ap_part_info -quiet -name xczu7ev-ffvc1156-2-e -data family 
Execute       syn_report -wcfg -model upconv_core_top_ucb0 -o /home/hoinguyen/Documents/Vitis/UpConv_HLS/upconv_block0/upconv_block0/hls/.autopilot/db/upconv_core_top_ucb0_dataflow_ana.wcfg 
Execute       syn_report -protoinst -model upconv_core_top_ucb0 -o /home/hoinguyen/Documents/Vitis/UpConv_HLS/upconv_block0/upconv_block0/hls/.autopilot/db/upconv_core_top_ucb0.protoinst 
Execute       sc_get_clocks upconv_core_top_ucb0 
Execute       sc_get_portdomain upconv_core_top_ucb0 
INFO-FLOW: Model list for RTL component generation: upconv_core_top_ucb0_Pipeline_LOAD_ROW0_VITIS_LOOP_297_1 {UpConv_Fused_Row<8, 16, 16, 960, 480>_Pipeline_RESET_ROW_ACC} entry_proc {uc_load_tile<8, 480, 60>} {uc_compute_tile<8, 16, 16, 60, 32, 480, 480>_Pipeline_KW_LOOP_FLAT_LOOP} {uc_compute_tile<8, 16, 16, 60, 32, 480, 480>} dataflow_in_loop_TILE_LOOP.1 dataflow_parent_loop_proc {UpConv_Fused_Row<8, 16, 16, 960, 480>_Pipeline_LOAD_PARAMS} {UpConv_Fused_Row<8, 16, 16, 960, 480>_Pipeline_PIXEL_STATS} {UpConv_Fused_Row<8, 16, 16, 960, 480>_Pipeline_PIXEL_NORM} {UpConv_Fused_Row<8, 16, 16, 960, 480>} upconv_core_top_ucb0_Pipeline_LOAD_ROW_VITIS_LOOP_308_2 upconv_core_top_ucb0
INFO-FLOW: Handling components in module [upconv_core_top_ucb0_Pipeline_LOAD_ROW0_VITIS_LOOP_297_1] ... 
Execute       source /home/hoinguyen/Documents/Vitis/UpConv_HLS/upconv_block0/upconv_block0/hls/.autopilot/db/upconv_core_top_ucb0_Pipeline_LOAD_ROW0_VITIS_LOOP_297_1.compgen.tcl 
INFO-FLOW: Found component upconv_core_top_ucb0_flow_control_loop_pipe_sequential_init.
INFO-FLOW: Append model upconv_core_top_ucb0_flow_control_loop_pipe_sequential_init
INFO-FLOW: Handling components in module [UpConv_Fused_Row_8_16_16_960_480_Pipeline_RESET_ROW_ACC] ... 
Execute       source /home/hoinguyen/Documents/Vitis/UpConv_HLS/upconv_block0/upconv_block0/hls/.autopilot/db/UpConv_Fused_Row_8_16_16_960_480_Pipeline_RESET_ROW_ACC.compgen.tcl 
INFO-FLOW: Found component upconv_core_top_ucb0_flow_control_loop_pipe_sequential_init.
INFO-FLOW: Append model upconv_core_top_ucb0_flow_control_loop_pipe_sequential_init
INFO-FLOW: Handling components in module [entry_proc] ... 
Execute       source /home/hoinguyen/Documents/Vitis/UpConv_HLS/upconv_block0/upconv_block0/hls/.autopilot/db/entry_proc.compgen.tcl 
INFO-FLOW: Handling components in module [uc_load_tile_8_480_60_s] ... 
Execute       source /home/hoinguyen/Documents/Vitis/UpConv_HLS/upconv_block0/upconv_block0/hls/.autopilot/db/uc_load_tile_8_480_60_s.compgen.tcl 
INFO-FLOW: Found component upconv_core_top_ucb0_mul_9ns_16ns_24_1_1.
INFO-FLOW: Append model upconv_core_top_ucb0_mul_9ns_16ns_24_1_1
INFO-FLOW: Found component upconv_core_top_ucb0_flow_control_loop_delay_pipe.
INFO-FLOW: Append model upconv_core_top_ucb0_flow_control_loop_delay_pipe
INFO-FLOW: Handling components in module [uc_compute_tile_8_16_16_60_32_480_480_Pipeline_KW_LOOP_FLAT_LOOP] ... 
Execute       source /home/hoinguyen/Documents/Vitis/UpConv_HLS/upconv_block0/upconv_block0/hls/.autopilot/db/uc_compute_tile_8_16_16_60_32_480_480_Pipeline_KW_LOOP_FLAT_LOOP.compgen.tcl 
INFO-FLOW: Found component upconv_core_top_ucb0_hadd_16ns_16ns_16_5_full_dsp_1.
INFO-FLOW: Append model upconv_core_top_ucb0_hadd_16ns_16ns_16_5_full_dsp_1
INFO-FLOW: Found component upconv_core_top_ucb0_hmul_16ns_16ns_16_4_no_dsp_1.
INFO-FLOW: Append model upconv_core_top_ucb0_hmul_16ns_16ns_16_4_no_dsp_1
INFO-FLOW: Found component upconv_core_top_ucb0_sparsemux_9_2_16_1_1.
INFO-FLOW: Append model upconv_core_top_ucb0_sparsemux_9_2_16_1_1
INFO-FLOW: Found component upconv_core_top_ucb0_flow_control_loop_pipe_sequential_init.
INFO-FLOW: Append model upconv_core_top_ucb0_flow_control_loop_pipe_sequential_init
INFO-FLOW: Handling components in module [uc_compute_tile_8_16_16_60_32_480_480_s] ... 
Execute       source /home/hoinguyen/Documents/Vitis/UpConv_HLS/upconv_block0/upconv_block0/hls/.autopilot/db/uc_compute_tile_8_16_16_60_32_480_480_s.compgen.tcl 
INFO-FLOW: Handling components in module [dataflow_in_loop_TILE_LOOP_1] ... 
Execute       source /home/hoinguyen/Documents/Vitis/UpConv_HLS/upconv_block0/upconv_block0/hls/.autopilot/db/dataflow_in_loop_TILE_LOOP_1.compgen.tcl 
INFO-FLOW: Found component upconv_core_top_ucb0_dataflow_in_loop_TILE_LOOP_1_wbuf_RAM_T2P_URAM_1R1W_memcore.
INFO-FLOW: Append model upconv_core_top_ucb0_dataflow_in_loop_TILE_LOOP_1_wbuf_RAM_T2P_URAM_1R1W_memcore
INFO-FLOW: Found component upconv_core_top_ucb0_dataflow_in_loop_TILE_LOOP_1_wbuf_RAM_T2P_URAM_1R1W.
INFO-FLOW: Append model upconv_core_top_ucb0_dataflow_in_loop_TILE_LOOP_1_wbuf_RAM_T2P_URAM_1R1W
INFO-FLOW: Found component upconv_core_top_ucb0_fifo_w5_d3_S.
INFO-FLOW: Append model upconv_core_top_ucb0_fifo_w5_d3_S
INFO-FLOW: Found component upconv_core_top_ucb0_fifo_w6_d2_S.
INFO-FLOW: Append model upconv_core_top_ucb0_fifo_w6_d2_S
INFO-FLOW: Handling components in module [dataflow_parent_loop_proc] ... 
Execute       source /home/hoinguyen/Documents/Vitis/UpConv_HLS/upconv_block0/upconv_block0/hls/.autopilot/db/dataflow_parent_loop_proc.compgen.tcl 
INFO-FLOW: Handling components in module [UpConv_Fused_Row_8_16_16_960_480_Pipeline_LOAD_PARAMS] ... 
Execute       source /home/hoinguyen/Documents/Vitis/UpConv_HLS/upconv_block0/upconv_block0/hls/.autopilot/db/UpConv_Fused_Row_8_16_16_960_480_Pipeline_LOAD_PARAMS.compgen.tcl 
INFO-FLOW: Found component upconv_core_top_ucb0_flow_control_loop_pipe_sequential_init.
INFO-FLOW: Append model upconv_core_top_ucb0_flow_control_loop_pipe_sequential_init
INFO-FLOW: Handling components in module [UpConv_Fused_Row_8_16_16_960_480_Pipeline_PIXEL_STATS] ... 
Execute       source /home/hoinguyen/Documents/Vitis/UpConv_HLS/upconv_block0/upconv_block0/hls/.autopilot/db/UpConv_Fused_Row_8_16_16_960_480_Pipeline_PIXEL_STATS.compgen.tcl 
INFO-FLOW: Found component upconv_core_top_ucb0_fadd_32ns_32ns_32_11_full_dsp_1.
INFO-FLOW: Append model upconv_core_top_ucb0_fadd_32ns_32ns_32_11_full_dsp_1
INFO-FLOW: Found component upconv_core_top_ucb0_fsub_32ns_32ns_32_11_full_dsp_1.
INFO-FLOW: Append model upconv_core_top_ucb0_fsub_32ns_32ns_32_11_full_dsp_1
INFO-FLOW: Found component upconv_core_top_ucb0_fmul_32ns_32ns_32_7_max_dsp_1.
INFO-FLOW: Append model upconv_core_top_ucb0_fmul_32ns_32ns_32_7_max_dsp_1
INFO-FLOW: Found component upconv_core_top_ucb0_fdiv_32ns_32ns_32_30_no_dsp_1.
INFO-FLOW: Append model upconv_core_top_ucb0_fdiv_32ns_32ns_32_30_no_dsp_1
INFO-FLOW: Found component upconv_core_top_ucb0_fsqrt_32ns_32ns_32_28_no_dsp_1.
INFO-FLOW: Append model upconv_core_top_ucb0_fsqrt_32ns_32ns_32_28_no_dsp_1
INFO-FLOW: Found component upconv_core_top_ucb0_partselect_16ns_256ns_32s_16_1_1.
INFO-FLOW: Append model upconv_core_top_ucb0_partselect_16ns_256ns_32s_16_1_1
INFO-FLOW: Found component upconv_core_top_ucb0_sparsemux_33_4_16_1_1.
INFO-FLOW: Append model upconv_core_top_ucb0_sparsemux_33_4_16_1_1
INFO-FLOW: Found component upconv_core_top_ucb0_sparsemux_17_3_32_1_1.
INFO-FLOW: Append model upconv_core_top_ucb0_sparsemux_17_3_32_1_1
INFO-FLOW: Found component upconv_core_top_ucb0_flow_control_loop_pipe_sequential_init.
INFO-FLOW: Append model upconv_core_top_ucb0_flow_control_loop_pipe_sequential_init
INFO-FLOW: Handling components in module [UpConv_Fused_Row_8_16_16_960_480_Pipeline_PIXEL_NORM] ... 
Execute       source /home/hoinguyen/Documents/Vitis/UpConv_HLS/upconv_block0/upconv_block0/hls/.autopilot/db/UpConv_Fused_Row_8_16_16_960_480_Pipeline_PIXEL_NORM.compgen.tcl 
INFO-FLOW: Found component upconv_core_top_ucb0_hsub_16ns_16ns_16_5_full_dsp_1.
INFO-FLOW: Append model upconv_core_top_ucb0_hsub_16ns_16ns_16_5_full_dsp_1
INFO-FLOW: Found component upconv_core_top_ucb0_hmul_16ns_16ns_16_4_max_dsp_1.
INFO-FLOW: Append model upconv_core_top_ucb0_hmul_16ns_16ns_16_4_max_dsp_1
INFO-FLOW: Found component upconv_core_top_ucb0_hcmp_16ns_16ns_1_2_no_dsp_1.
INFO-FLOW: Append model upconv_core_top_ucb0_hcmp_16ns_16ns_1_2_no_dsp_1
INFO-FLOW: Found component upconv_core_top_ucb0_flow_control_loop_pipe_sequential_init.
INFO-FLOW: Append model upconv_core_top_ucb0_flow_control_loop_pipe_sequential_init
INFO-FLOW: Handling components in module [UpConv_Fused_Row_8_16_16_960_480_s] ... 
Execute       source /home/hoinguyen/Documents/Vitis/UpConv_HLS/upconv_block0/upconv_block0/hls/.autopilot/db/UpConv_Fused_Row_8_16_16_960_480_s.compgen.tcl 
INFO-FLOW: Found component upconv_core_top_ucb0_hptosp_16ns_32_2_no_dsp_1.
INFO-FLOW: Append model upconv_core_top_ucb0_hptosp_16ns_32_2_no_dsp_1
INFO-FLOW: Found component upconv_core_top_ucb0_sptohp_32ns_16_2_no_dsp_1.
INFO-FLOW: Append model upconv_core_top_ucb0_sptohp_32ns_16_2_no_dsp_1
INFO-FLOW: Found component upconv_core_top_ucb0_UpConv_Fused_Row_8_16_16_960_480_s_void_UpConv_Fused_Row_ap_uint_ap_uint_consbkb.
INFO-FLOW: Append model upconv_core_top_ucb0_UpConv_Fused_Row_8_16_16_960_480_s_void_UpConv_Fused_Row_ap_uint_ap_uint_consbkb
INFO-FLOW: Found component upconv_core_top_ucb0_UpConv_Fused_Row_8_16_16_960_480_s_mean_buf_RAM_2P_LUTRAM_1R1W.
INFO-FLOW: Append model upconv_core_top_ucb0_UpConv_Fused_Row_8_16_16_960_480_s_mean_buf_RAM_2P_LUTRAM_1R1W
INFO-FLOW: Found component upconv_core_top_ucb0_UpConv_Fused_Row_8_16_16_960_480_s_inv_buf_RAM_2P_LUTRAM_1R1W.
INFO-FLOW: Append model upconv_core_top_ucb0_UpConv_Fused_Row_8_16_16_960_480_s_inv_buf_RAM_2P_LUTRAM_1R1W
INFO-FLOW: Found component upconv_core_top_ucb0_UpConv_Fused_Row_8_16_16_960_480_s_b_buf_RAM_T2P_BRAM_1R1W.
INFO-FLOW: Append model upconv_core_top_ucb0_UpConv_Fused_Row_8_16_16_960_480_s_b_buf_RAM_T2P_BRAM_1R1W
INFO-FLOW: Handling components in module [upconv_core_top_ucb0_Pipeline_LOAD_ROW_VITIS_LOOP_308_2] ... 
Execute       source /home/hoinguyen/Documents/Vitis/UpConv_HLS/upconv_block0/upconv_block0/hls/.autopilot/db/upconv_core_top_ucb0_Pipeline_LOAD_ROW_VITIS_LOOP_308_2.compgen.tcl 
INFO-FLOW: Found component upconv_core_top_ucb0_flow_control_loop_pipe_sequential_init.
INFO-FLOW: Append model upconv_core_top_ucb0_flow_control_loop_pipe_sequential_init
INFO-FLOW: Handling components in module [upconv_core_top_ucb0] ... 
Execute       source /home/hoinguyen/Documents/Vitis/UpConv_HLS/upconv_block0/upconv_block0/hls/.autopilot/db/upconv_core_top_ucb0.compgen.tcl 
INFO-FLOW: Found component upconv_core_top_ucb0_x_buf_RAM_T2P_URAM_1R1W.
INFO-FLOW: Append model upconv_core_top_ucb0_x_buf_RAM_T2P_URAM_1R1W
INFO-FLOW: Found component upconv_core_top_ucb0_gmem_in_m_axi.
INFO-FLOW: Append model upconv_core_top_ucb0_gmem_in_m_axi
INFO-FLOW: Found component upconv_core_top_ucb0_gmem_weight_m_axi.
INFO-FLOW: Append model upconv_core_top_ucb0_gmem_weight_m_axi
INFO-FLOW: Found component upconv_core_top_ucb0_gmem_param_m_axi.
INFO-FLOW: Append model upconv_core_top_ucb0_gmem_param_m_axi
INFO-FLOW: Found component upconv_core_top_ucb0_gmem_out_m_axi.
INFO-FLOW: Append model upconv_core_top_ucb0_gmem_out_m_axi
INFO-FLOW: Found component upconv_core_top_ucb0_control_s_axi.
INFO-FLOW: Append model upconv_core_top_ucb0_control_s_axi
INFO-FLOW: Append model upconv_core_top_ucb0_Pipeline_LOAD_ROW0_VITIS_LOOP_297_1
INFO-FLOW: Append model UpConv_Fused_Row_8_16_16_960_480_Pipeline_RESET_ROW_ACC
INFO-FLOW: Append model entry_proc
INFO-FLOW: Append model uc_load_tile_8_480_60_s
INFO-FLOW: Append model uc_compute_tile_8_16_16_60_32_480_480_Pipeline_KW_LOOP_FLAT_LOOP
INFO-FLOW: Append model uc_compute_tile_8_16_16_60_32_480_480_s
INFO-FLOW: Append model dataflow_in_loop_TILE_LOOP_1
INFO-FLOW: Append model dataflow_parent_loop_proc
INFO-FLOW: Append model UpConv_Fused_Row_8_16_16_960_480_Pipeline_LOAD_PARAMS
INFO-FLOW: Append model UpConv_Fused_Row_8_16_16_960_480_Pipeline_PIXEL_STATS
INFO-FLOW: Append model UpConv_Fused_Row_8_16_16_960_480_Pipeline_PIXEL_NORM
INFO-FLOW: Append model UpConv_Fused_Row_8_16_16_960_480_s
INFO-FLOW: Append model upconv_core_top_ucb0_Pipeline_LOAD_ROW_VITIS_LOOP_308_2
INFO-FLOW: Append model upconv_core_top_ucb0
INFO-FLOW: Generating RTL model list ...
INFO-FLOW: All models in this session: upconv_core_top_ucb0_flow_control_loop_pipe_sequential_init upconv_core_top_ucb0_flow_control_loop_pipe_sequential_init upconv_core_top_ucb0_mul_9ns_16ns_24_1_1 upconv_core_top_ucb0_flow_control_loop_delay_pipe upconv_core_top_ucb0_hadd_16ns_16ns_16_5_full_dsp_1 upconv_core_top_ucb0_hmul_16ns_16ns_16_4_no_dsp_1 upconv_core_top_ucb0_sparsemux_9_2_16_1_1 upconv_core_top_ucb0_flow_control_loop_pipe_sequential_init upconv_core_top_ucb0_dataflow_in_loop_TILE_LOOP_1_wbuf_RAM_T2P_URAM_1R1W_memcore upconv_core_top_ucb0_dataflow_in_loop_TILE_LOOP_1_wbuf_RAM_T2P_URAM_1R1W upconv_core_top_ucb0_fifo_w5_d3_S upconv_core_top_ucb0_fifo_w6_d2_S upconv_core_top_ucb0_flow_control_loop_pipe_sequential_init upconv_core_top_ucb0_fadd_32ns_32ns_32_11_full_dsp_1 upconv_core_top_ucb0_fsub_32ns_32ns_32_11_full_dsp_1 upconv_core_top_ucb0_fmul_32ns_32ns_32_7_max_dsp_1 upconv_core_top_ucb0_fdiv_32ns_32ns_32_30_no_dsp_1 upconv_core_top_ucb0_fsqrt_32ns_32ns_32_28_no_dsp_1 upconv_core_top_ucb0_partselect_16ns_256ns_32s_16_1_1 upconv_core_top_ucb0_sparsemux_33_4_16_1_1 upconv_core_top_ucb0_sparsemux_17_3_32_1_1 upconv_core_top_ucb0_flow_control_loop_pipe_sequential_init upconv_core_top_ucb0_hsub_16ns_16ns_16_5_full_dsp_1 upconv_core_top_ucb0_hmul_16ns_16ns_16_4_max_dsp_1 upconv_core_top_ucb0_hcmp_16ns_16ns_1_2_no_dsp_1 upconv_core_top_ucb0_flow_control_loop_pipe_sequential_init upconv_core_top_ucb0_hptosp_16ns_32_2_no_dsp_1 upconv_core_top_ucb0_sptohp_32ns_16_2_no_dsp_1 upconv_core_top_ucb0_UpConv_Fused_Row_8_16_16_960_480_s_void_UpConv_Fused_Row_ap_uint_ap_uint_consbkb upconv_core_top_ucb0_UpConv_Fused_Row_8_16_16_960_480_s_mean_buf_RAM_2P_LUTRAM_1R1W upconv_core_top_ucb0_UpConv_Fused_Row_8_16_16_960_480_s_inv_buf_RAM_2P_LUTRAM_1R1W upconv_core_top_ucb0_UpConv_Fused_Row_8_16_16_960_480_s_b_buf_RAM_T2P_BRAM_1R1W upconv_core_top_ucb0_flow_control_loop_pipe_sequential_init upconv_core_top_ucb0_x_buf_RAM_T2P_URAM_1R1W upconv_core_top_ucb0_gmem_in_m_axi upconv_core_top_ucb0_gmem_weight_m_axi upconv_core_top_ucb0_gmem_param_m_axi upconv_core_top_ucb0_gmem_out_m_axi upconv_core_top_ucb0_control_s_axi upconv_core_top_ucb0_Pipeline_LOAD_ROW0_VITIS_LOOP_297_1 UpConv_Fused_Row_8_16_16_960_480_Pipeline_RESET_ROW_ACC entry_proc uc_load_tile_8_480_60_s uc_compute_tile_8_16_16_60_32_480_480_Pipeline_KW_LOOP_FLAT_LOOP uc_compute_tile_8_16_16_60_32_480_480_s dataflow_in_loop_TILE_LOOP_1 dataflow_parent_loop_proc UpConv_Fused_Row_8_16_16_960_480_Pipeline_LOAD_PARAMS UpConv_Fused_Row_8_16_16_960_480_Pipeline_PIXEL_STATS UpConv_Fused_Row_8_16_16_960_480_Pipeline_PIXEL_NORM UpConv_Fused_Row_8_16_16_960_480_s upconv_core_top_ucb0_Pipeline_LOAD_ROW_VITIS_LOOP_308_2 upconv_core_top_ucb0
INFO-FLOW: Generating /home/hoinguyen/Documents/Vitis/UpConv_HLS/upconv_block0/upconv_block0/hls/.autopilot/db/autopilot.rtl.models.txt file...
INFO-FLOW: To file: write model upconv_core_top_ucb0_flow_control_loop_pipe_sequential_init
INFO-FLOW: To file: write model upconv_core_top_ucb0_flow_control_loop_pipe_sequential_init
INFO-FLOW: To file: write model upconv_core_top_ucb0_mul_9ns_16ns_24_1_1
INFO-FLOW: To file: write model upconv_core_top_ucb0_flow_control_loop_delay_pipe
INFO-FLOW: To file: write model upconv_core_top_ucb0_hadd_16ns_16ns_16_5_full_dsp_1
INFO-FLOW: To file: write model upconv_core_top_ucb0_hmul_16ns_16ns_16_4_no_dsp_1
INFO-FLOW: To file: write model upconv_core_top_ucb0_sparsemux_9_2_16_1_1
INFO-FLOW: To file: write model upconv_core_top_ucb0_flow_control_loop_pipe_sequential_init
INFO-FLOW: To file: write model upconv_core_top_ucb0_dataflow_in_loop_TILE_LOOP_1_wbuf_RAM_T2P_URAM_1R1W_memcore
INFO-FLOW: To file: write model upconv_core_top_ucb0_dataflow_in_loop_TILE_LOOP_1_wbuf_RAM_T2P_URAM_1R1W
INFO-FLOW: To file: write model upconv_core_top_ucb0_fifo_w5_d3_S
INFO-FLOW: To file: write model upconv_core_top_ucb0_fifo_w6_d2_S
INFO-FLOW: To file: write model upconv_core_top_ucb0_flow_control_loop_pipe_sequential_init
INFO-FLOW: To file: write model upconv_core_top_ucb0_fadd_32ns_32ns_32_11_full_dsp_1
INFO-FLOW: To file: write model upconv_core_top_ucb0_fsub_32ns_32ns_32_11_full_dsp_1
INFO-FLOW: To file: write model upconv_core_top_ucb0_fmul_32ns_32ns_32_7_max_dsp_1
INFO-FLOW: To file: write model upconv_core_top_ucb0_fdiv_32ns_32ns_32_30_no_dsp_1
INFO-FLOW: To file: write model upconv_core_top_ucb0_fsqrt_32ns_32ns_32_28_no_dsp_1
INFO-FLOW: To file: write model upconv_core_top_ucb0_partselect_16ns_256ns_32s_16_1_1
INFO-FLOW: To file: write model upconv_core_top_ucb0_sparsemux_33_4_16_1_1
INFO-FLOW: To file: write model upconv_core_top_ucb0_sparsemux_17_3_32_1_1
INFO-FLOW: To file: write model upconv_core_top_ucb0_flow_control_loop_pipe_sequential_init
INFO-FLOW: To file: write model upconv_core_top_ucb0_hsub_16ns_16ns_16_5_full_dsp_1
INFO-FLOW: To file: write model upconv_core_top_ucb0_hmul_16ns_16ns_16_4_max_dsp_1
INFO-FLOW: To file: write model upconv_core_top_ucb0_hcmp_16ns_16ns_1_2_no_dsp_1
INFO-FLOW: To file: write model upconv_core_top_ucb0_flow_control_loop_pipe_sequential_init
INFO-FLOW: To file: write model upconv_core_top_ucb0_hptosp_16ns_32_2_no_dsp_1
INFO-FLOW: To file: write model upconv_core_top_ucb0_sptohp_32ns_16_2_no_dsp_1
INFO-FLOW: To file: write model upconv_core_top_ucb0_UpConv_Fused_Row_8_16_16_960_480_s_void_UpConv_Fused_Row_ap_uint_ap_uint_consbkb
INFO-FLOW: To file: write model upconv_core_top_ucb0_UpConv_Fused_Row_8_16_16_960_480_s_mean_buf_RAM_2P_LUTRAM_1R1W
INFO-FLOW: To file: write model upconv_core_top_ucb0_UpConv_Fused_Row_8_16_16_960_480_s_inv_buf_RAM_2P_LUTRAM_1R1W
INFO-FLOW: To file: write model upconv_core_top_ucb0_UpConv_Fused_Row_8_16_16_960_480_s_b_buf_RAM_T2P_BRAM_1R1W
INFO-FLOW: To file: write model upconv_core_top_ucb0_flow_control_loop_pipe_sequential_init
INFO-FLOW: To file: write model upconv_core_top_ucb0_x_buf_RAM_T2P_URAM_1R1W
INFO-FLOW: To file: write model upconv_core_top_ucb0_gmem_in_m_axi
INFO-FLOW: To file: write model upconv_core_top_ucb0_gmem_weight_m_axi
INFO-FLOW: To file: write model upconv_core_top_ucb0_gmem_param_m_axi
INFO-FLOW: To file: write model upconv_core_top_ucb0_gmem_out_m_axi
INFO-FLOW: To file: write model upconv_core_top_ucb0_control_s_axi
INFO-FLOW: To file: write model upconv_core_top_ucb0_Pipeline_LOAD_ROW0_VITIS_LOOP_297_1
INFO-FLOW: To file: write model UpConv_Fused_Row_8_16_16_960_480_Pipeline_RESET_ROW_ACC
INFO-FLOW: To file: write model entry_proc
INFO-FLOW: To file: write model uc_load_tile_8_480_60_s
INFO-FLOW: To file: write model uc_compute_tile_8_16_16_60_32_480_480_Pipeline_KW_LOOP_FLAT_LOOP
INFO-FLOW: To file: write model uc_compute_tile_8_16_16_60_32_480_480_s
INFO-FLOW: To file: write model dataflow_in_loop_TILE_LOOP_1
INFO-FLOW: To file: write model dataflow_parent_loop_proc
INFO-FLOW: To file: write model UpConv_Fused_Row_8_16_16_960_480_Pipeline_LOAD_PARAMS
INFO-FLOW: To file: write model UpConv_Fused_Row_8_16_16_960_480_Pipeline_PIXEL_STATS
INFO-FLOW: To file: write model UpConv_Fused_Row_8_16_16_960_480_Pipeline_PIXEL_NORM
INFO-FLOW: To file: write model UpConv_Fused_Row_8_16_16_960_480_s
INFO-FLOW: To file: write model upconv_core_top_ucb0_Pipeline_LOAD_ROW_VITIS_LOOP_308_2
INFO-FLOW: To file: write model upconv_core_top_ucb0
INFO-FLOW: Generating /home/hoinguyen/Documents/Vitis/UpConv_HLS/upconv_block0/upconv_block0/hls/.autopilot/db/autopilot.rtl.models.tcl file...
INFO-FLOW: Finished generating RTL model list.


INFO-FLOW: RTL Generation done.
INFO-FLOW: CAS Generation done.
INFO-FLOW: CBC Generation done.
INFO-FLOW: DBG:PROC: ::AESL_AUTOMG::auto_generate_csynth_design
INFO-FLOW: DBG:PUTS: read_platform_lib /home/hoinguyen/Documents/Vitis/UpConv_HLS/upconv_block0/upconv_block0/hls/.autopilot/db/global.setting.tcl
Execute       source /home/tools/Xilinx/Vitis/2024.2/common/technology/generic/autopilot/common.gen 
Execute         source /home/tools/Xilinx/Vitis/2024.2/common/technology/generic/autopilot/APCoreGen.gen 
Execute       source /home/tools/Xilinx/Vitis/2024.2/common/technology/generic/autopilot/op.gen 
Execute       source /home/tools/Xilinx/Vitis/2024.2/common/technology/generic/autopilot/op_simcore.gen 
Execute       source /home/tools/Xilinx/Vitis/2024.2/common/technology/generic/autopilot/interface.gen 
Execute       source /home/hoinguyen/Documents/Vitis/UpConv_HLS/upconv_block0/upconv_block0/hls/.autopilot/db/global.setting.tcl 
Execute       source /home/tools/Xilinx/Vitis/2024.2/common/technology/xilinx/common/xilinx.gen 
Execute         source /home/tools/Xilinx/Vitis/2024.2/common/technology/xilinx/interface/plb46.gen 
Execute         source /home/tools/Xilinx/Vitis/2024.2/common/technology/xilinx/interface/axi4.gen 
Execute         source /home/tools/Xilinx/Vitis/2024.2/common/technology/xilinx/interface/nativeAXI4.gen 
Execute           source /home/tools/Xilinx/Vitis/2024.2/common/technology/xilinx/interface/saxilite.gen 
Execute         source /home/tools/Xilinx/Vitis/2024.2/common/technology/xilinx/scripts/xilinxcoregen.gen 
Execute         source /home/tools/Xilinx/Vitis/2024.2/common/technology/xilinx/interface/XilEDKCoreGen.gen 
Execute         source /home/tools/Xilinx/Vitis/2024.2/common/technology/xilinx/ip/xfft.gen 
Execute         source /home/tools/Xilinx/Vitis/2024.2/common/technology/xilinx/ip/util.gen 
Execute         source /home/tools/Xilinx/Vitis/2024.2/common/technology/xilinx/ip/dds_compiler.gen 
Execute         source /home/tools/Xilinx/Vitis/2024.2/common/technology/xilinx/ip/xfir.gen 
Execute         source /home/tools/Xilinx/Vitis/2024.2/common/technology/xilinx/DSP48/dsp48.gen 
INFO-FLOW: DBG:PUTS:   using AESL_AUTOCG::g_clock_period=3.333 (was NA)
INFO-FLOW: DBG:PROC: ::AESL_AUTOMG::generate_ip_cores gen_sim_model='1' gen_fp_models='0' gen_for_export='0' dstSCDir='' dstVhdlDir='/home/hoinguyen/Documents/Vitis/UpConv_HLS/upconv_block0/upconv_block0/hls/.autopilot/db/vhdl' dstVlogDir='/home/hoinguyen/Documents/Vitis/UpConv_HLS/upconv_block0/upconv_block0/hls/.autopilot/db/vlog' tclDir='/home/hoinguyen/Documents/Vitis/UpConv_HLS/upconv_block0/upconv_block0/hls/.autopilot/db' modelList='upconv_core_top_ucb0_flow_control_loop_pipe_sequential_init
upconv_core_top_ucb0_flow_control_loop_pipe_sequential_init
upconv_core_top_ucb0_mul_9ns_16ns_24_1_1
upconv_core_top_ucb0_flow_control_loop_delay_pipe
upconv_core_top_ucb0_hadd_16ns_16ns_16_5_full_dsp_1
upconv_core_top_ucb0_hmul_16ns_16ns_16_4_no_dsp_1
upconv_core_top_ucb0_sparsemux_9_2_16_1_1
upconv_core_top_ucb0_flow_control_loop_pipe_sequential_init
upconv_core_top_ucb0_dataflow_in_loop_TILE_LOOP_1_wbuf_RAM_T2P_URAM_1R1W_memcore
upconv_core_top_ucb0_dataflow_in_loop_TILE_LOOP_1_wbuf_RAM_T2P_URAM_1R1W
upconv_core_top_ucb0_fifo_w5_d3_S
upconv_core_top_ucb0_fifo_w6_d2_S
upconv_core_top_ucb0_flow_control_loop_pipe_sequential_init
upconv_core_top_ucb0_fadd_32ns_32ns_32_11_full_dsp_1
upconv_core_top_ucb0_fsub_32ns_32ns_32_11_full_dsp_1
upconv_core_top_ucb0_fmul_32ns_32ns_32_7_max_dsp_1
upconv_core_top_ucb0_fdiv_32ns_32ns_32_30_no_dsp_1
upconv_core_top_ucb0_fsqrt_32ns_32ns_32_28_no_dsp_1
upconv_core_top_ucb0_partselect_16ns_256ns_32s_16_1_1
upconv_core_top_ucb0_sparsemux_33_4_16_1_1
upconv_core_top_ucb0_sparsemux_17_3_32_1_1
upconv_core_top_ucb0_flow_control_loop_pipe_sequential_init
upconv_core_top_ucb0_hsub_16ns_16ns_16_5_full_dsp_1
upconv_core_top_ucb0_hmul_16ns_16ns_16_4_max_dsp_1
upconv_core_top_ucb0_hcmp_16ns_16ns_1_2_no_dsp_1
upconv_core_top_ucb0_flow_control_loop_pipe_sequential_init
upconv_core_top_ucb0_hptosp_16ns_32_2_no_dsp_1
upconv_core_top_ucb0_sptohp_32ns_16_2_no_dsp_1
upconv_core_top_ucb0_UpConv_Fused_Row_8_16_16_960_480_s_void_UpConv_Fused_Row_ap_uint_ap_uint_consbkb
upconv_core_top_ucb0_UpConv_Fused_Row_8_16_16_960_480_s_mean_buf_RAM_2P_LUTRAM_1R1W
upconv_core_top_ucb0_UpConv_Fused_Row_8_16_16_960_480_s_inv_buf_RAM_2P_LUTRAM_1R1W
upconv_core_top_ucb0_UpConv_Fused_Row_8_16_16_960_480_s_b_buf_RAM_T2P_BRAM_1R1W
upconv_core_top_ucb0_flow_control_loop_pipe_sequential_init
upconv_core_top_ucb0_x_buf_RAM_T2P_URAM_1R1W
upconv_core_top_ucb0_gmem_in_m_axi
upconv_core_top_ucb0_gmem_weight_m_axi
upconv_core_top_ucb0_gmem_param_m_axi
upconv_core_top_ucb0_gmem_out_m_axi
upconv_core_top_ucb0_control_s_axi
upconv_core_top_ucb0_Pipeline_LOAD_ROW0_VITIS_LOOP_297_1
UpConv_Fused_Row_8_16_16_960_480_Pipeline_RESET_ROW_ACC
entry_proc
uc_load_tile_8_480_60_s
uc_compute_tile_8_16_16_60_32_480_480_Pipeline_KW_LOOP_FLAT_LOOP
uc_compute_tile_8_16_16_60_32_480_480_s
dataflow_in_loop_TILE_LOOP_1
dataflow_parent_loop_proc
UpConv_Fused_Row_8_16_16_960_480_Pipeline_LOAD_PARAMS
UpConv_Fused_Row_8_16_16_960_480_Pipeline_PIXEL_STATS
UpConv_Fused_Row_8_16_16_960_480_Pipeline_PIXEL_NORM
UpConv_Fused_Row_8_16_16_960_480_s
upconv_core_top_ucb0_Pipeline_LOAD_ROW_VITIS_LOOP_308_2
upconv_core_top_ucb0
' expOnly='0'
Execute       source /home/hoinguyen/Documents/Vitis/UpConv_HLS/upconv_block0/upconv_block0/hls/.autopilot/db/global.setting.tcl 
Execute       ap_part_info -name xczu7ev-ffvc1156-2-e -data names -quiet 
Execute       ap_part_info -name xczu7ev-ffvc1156-2-e -data info -quiet 
Execute       source /home/hoinguyen/Documents/Vitis/UpConv_HLS/upconv_block0/upconv_block0/hls/.autopilot/db/global.setting.tcl 
Execute       source /home/hoinguyen/Documents/Vitis/UpConv_HLS/upconv_block0/upconv_block0/hls/.autopilot/db/global.setting.tcl 
Execute       source /home/hoinguyen/Documents/Vitis/UpConv_HLS/upconv_block0/upconv_block0/hls/.autopilot/db/upconv_core_top_ucb0_Pipeline_LOAD_ROW0_VITIS_LOOP_297_1.compgen.tcl 
Execute       source /home/hoinguyen/Documents/Vitis/UpConv_HLS/upconv_block0/upconv_block0/hls/.autopilot/db/UpConv_Fused_Row_8_16_16_960_480_Pipeline_RESET_ROW_ACC.compgen.tcl 
Execute       source /home/hoinguyen/Documents/Vitis/UpConv_HLS/upconv_block0/upconv_block0/hls/.autopilot/db/entry_proc.compgen.tcl 
Execute       source /home/hoinguyen/Documents/Vitis/UpConv_HLS/upconv_block0/upconv_block0/hls/.autopilot/db/uc_load_tile_8_480_60_s.compgen.tcl 
Execute       source /home/hoinguyen/Documents/Vitis/UpConv_HLS/upconv_block0/upconv_block0/hls/.autopilot/db/uc_compute_tile_8_16_16_60_32_480_480_Pipeline_KW_LOOP_FLAT_LOOP.compgen.tcl 
Execute       source /home/hoinguyen/Documents/Vitis/UpConv_HLS/upconv_block0/upconv_block0/hls/.autopilot/db/uc_compute_tile_8_16_16_60_32_480_480_s.compgen.tcl 
Execute       source /home/hoinguyen/Documents/Vitis/UpConv_HLS/upconv_block0/upconv_block0/hls/.autopilot/db/dataflow_in_loop_TILE_LOOP_1.compgen.tcl 
Execute       source /home/hoinguyen/Documents/Vitis/UpConv_HLS/upconv_block0/upconv_block0/hls/.autopilot/db/dataflow_parent_loop_proc.compgen.tcl 
Execute       source /home/hoinguyen/Documents/Vitis/UpConv_HLS/upconv_block0/upconv_block0/hls/.autopilot/db/UpConv_Fused_Row_8_16_16_960_480_Pipeline_LOAD_PARAMS.compgen.tcl 
Execute       source /home/hoinguyen/Documents/Vitis/UpConv_HLS/upconv_block0/upconv_block0/hls/.autopilot/db/UpConv_Fused_Row_8_16_16_960_480_Pipeline_PIXEL_STATS.compgen.tcl 
Execute       source /home/hoinguyen/Documents/Vitis/UpConv_HLS/upconv_block0/upconv_block0/hls/.autopilot/db/UpConv_Fused_Row_8_16_16_960_480_Pipeline_PIXEL_NORM.compgen.tcl 
Execute       source /home/hoinguyen/Documents/Vitis/UpConv_HLS/upconv_block0/upconv_block0/hls/.autopilot/db/UpConv_Fused_Row_8_16_16_960_480_s.compgen.tcl 
Execute       source /home/hoinguyen/Documents/Vitis/UpConv_HLS/upconv_block0/upconv_block0/hls/.autopilot/db/upconv_core_top_ucb0_Pipeline_LOAD_ROW_VITIS_LOOP_308_2.compgen.tcl 
Execute       source /home/hoinguyen/Documents/Vitis/UpConv_HLS/upconv_block0/upconv_block0/hls/.autopilot/db/upconv_core_top_ucb0.compgen.tcl 
Execute         source ./control.slave.tcl 
INFO: [HLS 200-111] Finished Generating all RTL models: CPU user time: 0.34 seconds. CPU system time: 0.02 seconds. Elapsed time: 0.36 seconds; current allocated memory: 620.832 MB.
INFO-FLOW: DBG:PROC: ::HLSREPORTS::create_csynth_xml bind_info_var='bind_info' RtlSubPrefix='upconv_core_top_ucb0_' outfile=''
INFO-FLOW: Running: create_csynth_xml read xml data
INFO-FLOW: Done: create_csynth_xml read xml data time: 0 seconds per iteration
INFO-FLOW: Running: create_csynth_xml bind info
INFO-FLOW: No bind nodes found for module_name entry_proc
INFO-FLOW: No bind nodes found for module_name dataflow_parent_loop_proc
INFO-FLOW: Done: create_csynth_xml bind info time: 0 seconds per iteration
INFO-FLOW: Running: create_csynth_xml config info
INFO-FLOW: Done: create_csynth_xml config info time: 0 seconds per iteration
INFO-FLOW: Running: create_csynth_xml write xml
INFO-FLOW: Done: create_csynth_xml write xml time: 0 seconds per iteration
INFO-FLOW: DBG:PUTS:      create_csynth_xml wrote csynth_xml=/home/hoinguyen/Documents/Vitis/UpConv_HLS/upconv_block0/upconv_block0/hls/syn/report/csynth.xml
INFO-FLOW: DBG:PROC: ::AP::DESIGN_DATA::generate_json generate_bd_files='0' generate_xo_files='0' modelList='upconv_core_top_ucb0_flow_control_loop_pipe_sequential_init
upconv_core_top_ucb0_flow_control_loop_pipe_sequential_init
upconv_core_top_ucb0_mul_9ns_16ns_24_1_1
upconv_core_top_ucb0_flow_control_loop_delay_pipe
upconv_core_top_ucb0_hadd_16ns_16ns_16_5_full_dsp_1
upconv_core_top_ucb0_hmul_16ns_16ns_16_4_no_dsp_1
upconv_core_top_ucb0_sparsemux_9_2_16_1_1
upconv_core_top_ucb0_flow_control_loop_pipe_sequential_init
upconv_core_top_ucb0_dataflow_in_loop_TILE_LOOP_1_wbuf_RAM_T2P_URAM_1R1W_memcore
upconv_core_top_ucb0_dataflow_in_loop_TILE_LOOP_1_wbuf_RAM_T2P_URAM_1R1W
upconv_core_top_ucb0_fifo_w5_d3_S
upconv_core_top_ucb0_fifo_w6_d2_S
upconv_core_top_ucb0_flow_control_loop_pipe_sequential_init
upconv_core_top_ucb0_fadd_32ns_32ns_32_11_full_dsp_1
upconv_core_top_ucb0_fsub_32ns_32ns_32_11_full_dsp_1
upconv_core_top_ucb0_fmul_32ns_32ns_32_7_max_dsp_1
upconv_core_top_ucb0_fdiv_32ns_32ns_32_30_no_dsp_1
upconv_core_top_ucb0_fsqrt_32ns_32ns_32_28_no_dsp_1
upconv_core_top_ucb0_partselect_16ns_256ns_32s_16_1_1
upconv_core_top_ucb0_sparsemux_33_4_16_1_1
upconv_core_top_ucb0_sparsemux_17_3_32_1_1
upconv_core_top_ucb0_flow_control_loop_pipe_sequential_init
upconv_core_top_ucb0_hsub_16ns_16ns_16_5_full_dsp_1
upconv_core_top_ucb0_hmul_16ns_16ns_16_4_max_dsp_1
upconv_core_top_ucb0_hcmp_16ns_16ns_1_2_no_dsp_1
upconv_core_top_ucb0_flow_control_loop_pipe_sequential_init
upconv_core_top_ucb0_hptosp_16ns_32_2_no_dsp_1
upconv_core_top_ucb0_sptohp_32ns_16_2_no_dsp_1
upconv_core_top_ucb0_UpConv_Fused_Row_8_16_16_960_480_s_void_UpConv_Fused_Row_ap_uint_ap_uint_consbkb
upconv_core_top_ucb0_UpConv_Fused_Row_8_16_16_960_480_s_mean_buf_RAM_2P_LUTRAM_1R1W
upconv_core_top_ucb0_UpConv_Fused_Row_8_16_16_960_480_s_inv_buf_RAM_2P_LUTRAM_1R1W
upconv_core_top_ucb0_UpConv_Fused_Row_8_16_16_960_480_s_b_buf_RAM_T2P_BRAM_1R1W
upconv_core_top_ucb0_flow_control_loop_pipe_sequential_init
upconv_core_top_ucb0_x_buf_RAM_T2P_URAM_1R1W
upconv_core_top_ucb0_gmem_in_m_axi
upconv_core_top_ucb0_gmem_weight_m_axi
upconv_core_top_ucb0_gmem_param_m_axi
upconv_core_top_ucb0_gmem_out_m_axi
upconv_core_top_ucb0_control_s_axi
upconv_core_top_ucb0_Pipeline_LOAD_ROW0_VITIS_LOOP_297_1
UpConv_Fused_Row_8_16_16_960_480_Pipeline_RESET_ROW_ACC
entry_proc
uc_load_tile_8_480_60_s
uc_compute_tile_8_16_16_60_32_480_480_Pipeline_KW_LOOP_FLAT_LOOP
uc_compute_tile_8_16_16_60_32_480_480_s
dataflow_in_loop_TILE_LOOP_1
dataflow_parent_loop_proc
UpConv_Fused_Row_8_16_16_960_480_Pipeline_LOAD_PARAMS
UpConv_Fused_Row_8_16_16_960_480_Pipeline_PIXEL_STATS
UpConv_Fused_Row_8_16_16_960_480_Pipeline_PIXEL_NORM
UpConv_Fused_Row_8_16_16_960_480_s
upconv_core_top_ucb0_Pipeline_LOAD_ROW_VITIS_LOOP_308_2
upconv_core_top_ucb0
' rtl_lang='both' bootstrap_tcl='false' outdir='' outfilename=''
Execute       source /home/hoinguyen/Documents/Vitis/UpConv_HLS/upconv_block0/upconv_block0/hls/.autopilot/db/global.setting.tcl 
Execute       source /home/hoinguyen/Documents/Vitis/UpConv_HLS/upconv_block0/upconv_block0/hls/.autopilot/db/global.setting.tcl 
Execute       source /home/hoinguyen/Documents/Vitis/UpConv_HLS/upconv_block0/upconv_block0/hls/.autopilot/db/top-io-be.tcl 
Execute       source /home/hoinguyen/Documents/Vitis/UpConv_HLS/upconv_block0/upconv_block0/hls/.autopilot/db/upconv_core_top_ucb0.tbgen.tcl 
Execute       source /home/hoinguyen/Documents/Vitis/UpConv_HLS/upconv_block0/upconv_block0/hls/.autopilot/db/upconv_core_top_ucb0.compgen.dataonly.tcl 
Execute       source /home/hoinguyen/Documents/Vitis/UpConv_HLS/upconv_block0/upconv_block0/hls/.autopilot/db/upconv_core_top_ucb0.compgen.dataonly.tcl 
Execute       source /home/hoinguyen/Documents/Vitis/UpConv_HLS/upconv_block0/upconv_block0/hls/.autopilot/db/upconv_core_top_ucb0.rtl_wrap.cfg.tcl 
Execute       source /home/hoinguyen/Documents/Vitis/UpConv_HLS/upconv_block0/upconv_block0/hls/.autopilot/db/upconv_core_top_ucb0.compgen.dataonly.tcl 
Execute       source /home/hoinguyen/Documents/Vitis/UpConv_HLS/upconv_block0/upconv_block0/hls/.autopilot/db/upconv_core_top_ucb0_Pipeline_LOAD_ROW0_VITIS_LOOP_297_1.tbgen.tcl 
Execute       source /home/hoinguyen/Documents/Vitis/UpConv_HLS/upconv_block0/upconv_block0/hls/.autopilot/db/UpConv_Fused_Row_8_16_16_960_480_Pipeline_RESET_ROW_ACC.tbgen.tcl 
Execute       source /home/hoinguyen/Documents/Vitis/UpConv_HLS/upconv_block0/upconv_block0/hls/.autopilot/db/entry_proc.tbgen.tcl 
Execute       source /home/hoinguyen/Documents/Vitis/UpConv_HLS/upconv_block0/upconv_block0/hls/.autopilot/db/uc_load_tile_8_480_60_s.tbgen.tcl 
Execute       source /home/hoinguyen/Documents/Vitis/UpConv_HLS/upconv_block0/upconv_block0/hls/.autopilot/db/uc_compute_tile_8_16_16_60_32_480_480_Pipeline_KW_LOOP_FLAT_LOOP.tbgen.tcl 
Execute       source /home/hoinguyen/Documents/Vitis/UpConv_HLS/upconv_block0/upconv_block0/hls/.autopilot/db/uc_compute_tile_8_16_16_60_32_480_480_s.tbgen.tcl 
Execute       source /home/hoinguyen/Documents/Vitis/UpConv_HLS/upconv_block0/upconv_block0/hls/.autopilot/db/dataflow_in_loop_TILE_LOOP_1.tbgen.tcl 
Execute       source /home/hoinguyen/Documents/Vitis/UpConv_HLS/upconv_block0/upconv_block0/hls/.autopilot/db/dataflow_parent_loop_proc.tbgen.tcl 
Execute       source /home/hoinguyen/Documents/Vitis/UpConv_HLS/upconv_block0/upconv_block0/hls/.autopilot/db/UpConv_Fused_Row_8_16_16_960_480_Pipeline_LOAD_PARAMS.tbgen.tcl 
Execute       source /home/hoinguyen/Documents/Vitis/UpConv_HLS/upconv_block0/upconv_block0/hls/.autopilot/db/UpConv_Fused_Row_8_16_16_960_480_Pipeline_PIXEL_STATS.tbgen.tcl 
Execute       source /home/hoinguyen/Documents/Vitis/UpConv_HLS/upconv_block0/upconv_block0/hls/.autopilot/db/UpConv_Fused_Row_8_16_16_960_480_Pipeline_PIXEL_NORM.tbgen.tcl 
Execute       source /home/hoinguyen/Documents/Vitis/UpConv_HLS/upconv_block0/upconv_block0/hls/.autopilot/db/UpConv_Fused_Row_8_16_16_960_480_s.tbgen.tcl 
Execute       source /home/hoinguyen/Documents/Vitis/UpConv_HLS/upconv_block0/upconv_block0/hls/.autopilot/db/upconv_core_top_ucb0_Pipeline_LOAD_ROW_VITIS_LOOP_308_2.tbgen.tcl 
Execute       source /home/hoinguyen/Documents/Vitis/UpConv_HLS/upconv_block0/upconv_block0/hls/.autopilot/db/upconv_core_top_ucb0.tbgen.tcl 
Execute       source /home/hoinguyen/Documents/Vitis/UpConv_HLS/upconv_block0/upconv_block0/hls/.autopilot/db/global.setting.tcl 
Execute       ap_part_info -name xczu7ev-ffvc1156-2-e -data names -quiet 
Execute       ap_part_info -name xczu7ev-ffvc1156-2-e -data info -quiet 
Execute       source /home/hoinguyen/Documents/Vitis/UpConv_HLS/upconv_block0/upconv_block0/hls/.autopilot/db/upconv_core_top_ucb0.constraint.tcl 
Execute       sc_get_clocks upconv_core_top_ucb0 
Execute       source /home/hoinguyen/Documents/Vitis/UpConv_HLS/upconv_block0/upconv_block0/hls/.autopilot/db/global.setting.tcl 
Execute       source /home/hoinguyen/Documents/Vitis/UpConv_HLS/upconv_block0/upconv_block0/hls/impl/misc/upconv_core_top_ucb0_fadd_32ns_32ns_32_11_full_dsp_1_ip.tcl 
Execute       source /home/hoinguyen/Documents/Vitis/UpConv_HLS/upconv_block0/upconv_block0/hls/impl/misc/upconv_core_top_ucb0_fdiv_32ns_32ns_32_30_no_dsp_1_ip.tcl 
Execute       source /home/hoinguyen/Documents/Vitis/UpConv_HLS/upconv_block0/upconv_block0/hls/impl/misc/upconv_core_top_ucb0_fmul_32ns_32ns_32_7_max_dsp_1_ip.tcl 
Execute       source /home/hoinguyen/Documents/Vitis/UpConv_HLS/upconv_block0/upconv_block0/hls/impl/misc/upconv_core_top_ucb0_fsqrt_32ns_32ns_32_28_no_dsp_1_ip.tcl 
Execute       source /home/hoinguyen/Documents/Vitis/UpConv_HLS/upconv_block0/upconv_block0/hls/impl/misc/upconv_core_top_ucb0_fsub_32ns_32ns_32_11_full_dsp_1_ip.tcl 
Execute       source /home/hoinguyen/Documents/Vitis/UpConv_HLS/upconv_block0/upconv_block0/hls/impl/misc/upconv_core_top_ucb0_hadd_16ns_16ns_16_5_full_dsp_1_ip.tcl 
Execute       source /home/hoinguyen/Documents/Vitis/UpConv_HLS/upconv_block0/upconv_block0/hls/impl/misc/upconv_core_top_ucb0_hcmp_16ns_16ns_1_2_no_dsp_1_ip.tcl 
Execute       source /home/hoinguyen/Documents/Vitis/UpConv_HLS/upconv_block0/upconv_block0/hls/impl/misc/upconv_core_top_ucb0_hmul_16ns_16ns_16_4_max_dsp_1_ip.tcl 
Execute       source /home/hoinguyen/Documents/Vitis/UpConv_HLS/upconv_block0/upconv_block0/hls/impl/misc/upconv_core_top_ucb0_hmul_16ns_16ns_16_4_no_dsp_1_ip.tcl 
Execute       source /home/hoinguyen/Documents/Vitis/UpConv_HLS/upconv_block0/upconv_block0/hls/impl/misc/upconv_core_top_ucb0_hptosp_16ns_32_2_no_dsp_1_ip.tcl 
Execute       source /home/hoinguyen/Documents/Vitis/UpConv_HLS/upconv_block0/upconv_block0/hls/impl/misc/upconv_core_top_ucb0_hsub_16ns_16ns_16_5_full_dsp_1_ip.tcl 
Execute       source /home/hoinguyen/Documents/Vitis/UpConv_HLS/upconv_block0/upconv_block0/hls/impl/misc/upconv_core_top_ucb0_sptohp_32ns_16_2_no_dsp_1_ip.tcl 
INFO-FLOW: DBG:PROC: ::HLSREPORTS::add_csynth_report_sections bind_info_dict='adapter_nodes {{BINDTYPE adapter ID {} IMPL {} LATENCY {} OPTYPE {} PRAGMA {} RTLNAME control_s_axi_U SOURCE {} VARIABLE {} LOOP {} BUNDLEDNAME control DSP 0 BRAM 0 URAM 0 STORAGESUBTYPE s_axilite STORAGESIZE {} STORAGEUSAGE interface DISPNAME {bind_adapter }} {BINDTYPE adapter ID {} IMPL {} LATENCY {} OPTYPE {} PRAGMA {} RTLNAME gmem_in_m_axi_U SOURCE {} VARIABLE {} LOOP {} BUNDLEDNAME gmem_in DSP 0 BRAM 15 URAM 0 STORAGESUBTYPE m_axi STORAGESIZE {} STORAGEUSAGE interface DISPNAME {bind_adapter }} {BINDTYPE adapter ID {} IMPL {} LATENCY {} OPTYPE {} PRAGMA {} RTLNAME gmem_out_m_axi_U SOURCE {} VARIABLE {} LOOP {} BUNDLEDNAME gmem_out DSP 0 BRAM 15 URAM 0 STORAGESUBTYPE m_axi STORAGESIZE {} STORAGEUSAGE interface DISPNAME {bind_adapter }} {BINDTYPE adapter ID {} IMPL {} LATENCY {} OPTYPE {} PRAGMA {} RTLNAME gmem_param_m_axi_U SOURCE {} VARIABLE {} LOOP {} BUNDLEDNAME gmem_param DSP 0 BRAM 15 URAM 0 STORAGESUBTYPE m_axi STORAGESIZE {} STORAGEUSAGE interface DISPNAME {bind_adapter }} {BINDTYPE adapter ID {} IMPL {} LATENCY {} OPTYPE {} PRAGMA {} RTLNAME gmem_weight_m_axi_U SOURCE {} VARIABLE {} LOOP {} BUNDLEDNAME gmem_weight DSP 0 BRAM 15 URAM 0 STORAGESUBTYPE m_axi STORAGESIZE {} STORAGEUSAGE interface DISPNAME {bind_adapter }}} cache_nodes {} report_dict {TOPINST upconv_core_top_ucb0 MODULE2INSTS {upconv_core_top_ucb0 upconv_core_top_ucb0 upconv_core_top_ucb0_Pipeline_LOAD_ROW0_VITIS_LOOP_297_1 grp_upconv_core_top_ucb0_Pipeline_LOAD_ROW0_VITIS_LOOP_297_1_fu_233 UpConv_Fused_Row_8_16_16_960_480_s grp_UpConv_Fused_Row_8_16_16_960_480_s_fu_242 UpConv_Fused_Row_8_16_16_960_480_Pipeline_RESET_ROW_ACC grp_UpConv_Fused_Row_8_16_16_960_480_Pipeline_RESET_ROW_ACC_fu_174 UpConv_Fused_Row_8_16_16_960_480_Pipeline_LOAD_PARAMS grp_UpConv_Fused_Row_8_16_16_960_480_Pipeline_LOAD_PARAMS_fu_210 dataflow_parent_loop_proc grp_dataflow_parent_loop_proc_fu_225 dataflow_in_loop_TILE_LOOP_1 dataflow_in_loop_TILE_LOOP_1_U0 uc_load_tile_8_480_60_s uc_load_tile_8_480_60_U0 entry_proc entry_proc_U0 uc_compute_tile_8_16_16_60_32_480_480_s uc_compute_tile_8_16_16_60_32_480_480_U0 uc_compute_tile_8_16_16_60_32_480_480_Pipeline_KW_LOOP_FLAT_LOOP grp_uc_compute_tile_8_16_16_60_32_480_480_Pipeline_KW_LOOP_FLAT_LOOP_fu_142 UpConv_Fused_Row_8_16_16_960_480_Pipeline_PIXEL_STATS grp_UpConv_Fused_Row_8_16_16_960_480_Pipeline_PIXEL_STATS_fu_269 UpConv_Fused_Row_8_16_16_960_480_Pipeline_PIXEL_NORM grp_UpConv_Fused_Row_8_16_16_960_480_Pipeline_PIXEL_NORM_fu_311 upconv_core_top_ucb0_Pipeline_LOAD_ROW_VITIS_LOOP_308_2 grp_upconv_core_top_ucb0_Pipeline_LOAD_ROW_VITIS_LOOP_308_2_fu_299} INST2MODULE {upconv_core_top_ucb0 upconv_core_top_ucb0 grp_upconv_core_top_ucb0_Pipeline_LOAD_ROW0_VITIS_LOOP_297_1_fu_233 upconv_core_top_ucb0_Pipeline_LOAD_ROW0_VITIS_LOOP_297_1 grp_UpConv_Fused_Row_8_16_16_960_480_s_fu_242 UpConv_Fused_Row_8_16_16_960_480_s grp_UpConv_Fused_Row_8_16_16_960_480_Pipeline_RESET_ROW_ACC_fu_174 UpConv_Fused_Row_8_16_16_960_480_Pipeline_RESET_ROW_ACC grp_UpConv_Fused_Row_8_16_16_960_480_Pipeline_LOAD_PARAMS_fu_210 UpConv_Fused_Row_8_16_16_960_480_Pipeline_LOAD_PARAMS grp_dataflow_parent_loop_proc_fu_225 dataflow_parent_loop_proc dataflow_in_loop_TILE_LOOP_1_U0 dataflow_in_loop_TILE_LOOP_1 uc_load_tile_8_480_60_U0 uc_load_tile_8_480_60_s entry_proc_U0 entry_proc uc_compute_tile_8_16_16_60_32_480_480_U0 uc_compute_tile_8_16_16_60_32_480_480_s grp_uc_compute_tile_8_16_16_60_32_480_480_Pipeline_KW_LOOP_FLAT_LOOP_fu_142 uc_compute_tile_8_16_16_60_32_480_480_Pipeline_KW_LOOP_FLAT_LOOP grp_UpConv_Fused_Row_8_16_16_960_480_Pipeline_PIXEL_STATS_fu_269 UpConv_Fused_Row_8_16_16_960_480_Pipeline_PIXEL_STATS grp_UpConv_Fused_Row_8_16_16_960_480_Pipeline_PIXEL_NORM_fu_311 UpConv_Fused_Row_8_16_16_960_480_Pipeline_PIXEL_NORM grp_upconv_core_top_ucb0_Pipeline_LOAD_ROW_VITIS_LOOP_308_2_fu_299 upconv_core_top_ucb0_Pipeline_LOAD_ROW_VITIS_LOOP_308_2} INSTDATA {upconv_core_top_ucb0 {DEPTH 1 CHILDREN {grp_upconv_core_top_ucb0_Pipeline_LOAD_ROW0_VITIS_LOOP_297_1_fu_233 grp_UpConv_Fused_Row_8_16_16_960_480_s_fu_242 grp_upconv_core_top_ucb0_Pipeline_LOAD_ROW_VITIS_LOOP_308_2_fu_299}} grp_upconv_core_top_ucb0_Pipeline_LOAD_ROW0_VITIS_LOOP_297_1_fu_233 {DEPTH 2 CHILDREN {}} grp_UpConv_Fused_Row_8_16_16_960_480_s_fu_242 {DEPTH 2 CHILDREN {grp_UpConv_Fused_Row_8_16_16_960_480_Pipeline_RESET_ROW_ACC_fu_174 grp_UpConv_Fused_Row_8_16_16_960_480_Pipeline_LOAD_PARAMS_fu_210 grp_dataflow_parent_loop_proc_fu_225 grp_UpConv_Fused_Row_8_16_16_960_480_Pipeline_PIXEL_STATS_fu_269 grp_UpConv_Fused_Row_8_16_16_960_480_Pipeline_PIXEL_NORM_fu_311}} grp_UpConv_Fused_Row_8_16_16_960_480_Pipeline_RESET_ROW_ACC_fu_174 {DEPTH 3 CHILDREN {}} grp_UpConv_Fused_Row_8_16_16_960_480_Pipeline_LOAD_PARAMS_fu_210 {DEPTH 3 CHILDREN {}} grp_dataflow_parent_loop_proc_fu_225 {DEPTH 3 CHILDREN dataflow_in_loop_TILE_LOOP_1_U0} dataflow_in_loop_TILE_LOOP_1_U0 {DEPTH 4 CHILDREN {uc_load_tile_8_480_60_U0 entry_proc_U0 uc_compute_tile_8_16_16_60_32_480_480_U0}} uc_load_tile_8_480_60_U0 {DEPTH 5 CHILDREN {}} entry_proc_U0 {DEPTH 5 CHILDREN {}} uc_compute_tile_8_16_16_60_32_480_480_U0 {DEPTH 5 CHILDREN grp_uc_compute_tile_8_16_16_60_32_480_480_Pipeline_KW_LOOP_FLAT_LOOP_fu_142} grp_uc_compute_tile_8_16_16_60_32_480_480_Pipeline_KW_LOOP_FLAT_LOOP_fu_142 {DEPTH 6 CHILDREN {}} grp_UpConv_Fused_Row_8_16_16_960_480_Pipeline_PIXEL_STATS_fu_269 {DEPTH 3 CHILDREN {}} grp_UpConv_Fused_Row_8_16_16_960_480_Pipeline_PIXEL_NORM_fu_311 {DEPTH 3 CHILDREN {}} grp_upconv_core_top_ucb0_Pipeline_LOAD_ROW_VITIS_LOOP_308_2_fu_299 {DEPTH 2 CHILDREN {}}} MODULEDATA {upconv_core_top_ucb0_Pipeline_LOAD_ROW0_VITIS_LOOP_297_1 {BINDINFO {{BINDTYPE op ID {} IMPL auto LATENCY 0 OPTYPE seteq PRAGMA {} RTLNAME icmp_ln296_fu_132_p2 SOURCE ../gen/Hls_Layers_UpConv.tpp:296 VARIABLE icmp_ln296 LOOP LOAD_ROW0_VITIS_LOOP_297_1 BUNDLEDNAME {} DSP 0 BRAM 0 URAM 0 STORAGESUBTYPE {} DISPNAME {bind_op seteq} VISIBLE false} {BINDTYPE op ID {} IMPL fabric LATENCY 0 OPTYPE add PRAGMA {} RTLNAME add_ln296_1_fu_138_p2 SOURCE ../gen/Hls_Layers_UpConv.tpp:296 VARIABLE add_ln296_1 LOOP LOAD_ROW0_VITIS_LOOP_297_1 BUNDLEDNAME {} DSP 0 BRAM 0 URAM 0 STORAGESUBTYPE {} DISPNAME {bind_op add} VISIBLE true} {BINDTYPE op ID {} IMPL fabric LATENCY 0 OPTYPE add PRAGMA {} RTLNAME add_ln296_fu_161_p2 SOURCE ../gen/Hls_Layers_UpConv.tpp:296 VARIABLE add_ln296 LOOP LOAD_ROW0_VITIS_LOOP_297_1 BUNDLEDNAME {} DSP 0 BRAM 0 URAM 0 STORAGESUBTYPE {} DISPNAME {bind_op add} VISIBLE true} {BINDTYPE op ID {} IMPL auto LATENCY 0 OPTYPE seteq PRAGMA {} RTLNAME icmp_ln297_fu_167_p2 SOURCE ../gen/Hls_Layers_UpConv.tpp:297 VARIABLE icmp_ln297 LOOP LOAD_ROW0_VITIS_LOOP_297_1 BUNDLEDNAME {} DSP 0 BRAM 0 URAM 0 STORAGESUBTYPE {} DISPNAME {bind_op seteq} VISIBLE false} {BINDTYPE op ID {} IMPL auto_sel LATENCY 0 OPTYPE select PRAGMA {} RTLNAME select_ln296_fu_173_p3 SOURCE ../gen/Hls_Layers_UpConv.tpp:296 VARIABLE select_ln296 LOOP LOAD_ROW0_VITIS_LOOP_297_1 BUNDLEDNAME {} DSP 0 BRAM 0 URAM 0 STORAGESUBTYPE {} DISPNAME {bind_op select} VISIBLE false} {BINDTYPE op ID {} IMPL auto_sel LATENCY 0 OPTYPE select PRAGMA {} RTLNAME select_ln296_1_fu_181_p3 SOURCE ../gen/Hls_Layers_UpConv.tpp:296 VARIABLE select_ln296_1 LOOP LOAD_ROW0_VITIS_LOOP_297_1 BUNDLEDNAME {} DSP 0 BRAM 0 URAM 0 STORAGESUBTYPE {} DISPNAME {bind_op select} VISIBLE false} {BINDTYPE op ID {} IMPL fabric LATENCY 0 OPTYPE add PRAGMA {} RTLNAME add_ln297_fu_229_p2 SOURCE ../gen/Hls_Layers_UpConv.tpp:297 VARIABLE add_ln297 LOOP LOAD_ROW0_VITIS_LOOP_297_1 BUNDLEDNAME {} DSP 0 BRAM 0 URAM 0 STORAGESUBTYPE {} DISPNAME {bind_op add} VISIBLE true}} AREA {DSP 0 BRAM 0 URAM 0}} UpConv_Fused_Row_8_16_16_960_480_Pipeline_RESET_ROW_ACC {BINDINFO {{BINDTYPE op ID {} IMPL auto LATENCY 0 OPTYPE seteq PRAGMA {} RTLNAME icmp_ln185_fu_330_p2 SOURCE ../gen/Hls_Layers_UpConv.tpp:185 VARIABLE icmp_ln185 LOOP RESET_ROW_ACC BUNDLEDNAME {} DSP 0 BRAM 0 URAM 0 STORAGESUBTYPE {} DISPNAME {bind_op seteq} VISIBLE false} {BINDTYPE op ID {} IMPL fabric LATENCY 0 OPTYPE add PRAGMA {} RTLNAME m_2_fu_336_p2 SOURCE ../gen/Hls_Layers_UpConv.tpp:185 VARIABLE m_2 LOOP RESET_ROW_ACC BUNDLEDNAME {} DSP 0 BRAM 0 URAM 0 STORAGESUBTYPE {} DISPNAME {bind_op add} VISIBLE true} {BINDTYPE op ID {} IMPL auto LATENCY 0 OPTYPE seteq PRAGMA {} RTLNAME icmp_ln191_fu_413_p2 SOURCE ../gen/Hls_Layers_UpConv.tpp:191 VARIABLE icmp_ln191 LOOP RESET_ROW_ACC BUNDLEDNAME {} DSP 0 BRAM 0 URAM 0 STORAGESUBTYPE {} DISPNAME {bind_op seteq} VISIBLE false} {BINDTYPE op ID {} IMPL fabric LATENCY 0 OPTYPE add PRAGMA {} RTLNAME rw_1_fu_419_p2 SOURCE ../gen/Hls_Layers_UpConv.tpp:191 VARIABLE rw_1 LOOP RESET_ROW_ACC BUNDLEDNAME {} DSP 0 BRAM 0 URAM 0 STORAGESUBTYPE {} DISPNAME {bind_op add} VISIBLE true} {BINDTYPE op ID {} IMPL fabric LATENCY 0 OPTYPE add PRAGMA {} RTLNAME rcw_1_fu_425_p2 SOURCE ../gen/Hls_Layers_UpConv.tpp:191 VARIABLE rcw_1 LOOP RESET_ROW_ACC BUNDLEDNAME {} DSP 0 BRAM 0 URAM 0 STORAGESUBTYPE {} DISPNAME {bind_op add} VISIBLE true} {BINDTYPE op ID {} IMPL auto_sel LATENCY 0 OPTYPE select PRAGMA {} RTLNAME rw_2_fu_431_p3 SOURCE ../gen/Hls_Layers_UpConv.tpp:191 VARIABLE rw_2 LOOP RESET_ROW_ACC BUNDLEDNAME {} DSP 0 BRAM 0 URAM 0 STORAGESUBTYPE {} DISPNAME {bind_op select} VISIBLE false} {BINDTYPE op ID {} IMPL auto_sel LATENCY 0 OPTYPE select PRAGMA {} RTLNAME rcw_2_fu_439_p3 SOURCE ../gen/Hls_Layers_UpConv.tpp:191 VARIABLE rcw_2 LOOP RESET_ROW_ACC BUNDLEDNAME {} DSP 0 BRAM 0 URAM 0 STORAGESUBTYPE {} DISPNAME {bind_op select} VISIBLE false}} AREA {DSP 0 BRAM 0 URAM 0}} uc_load_tile_8_480_60_s {BINDINFO {{BINDTYPE op ID {} IMPL fabric LATENCY 0 OPTYPE add PRAGMA {} RTLNAME add_ln71_2_fu_338_p2 SOURCE ../gen/Hls_Layers_UpConv.tpp:71 VARIABLE add_ln71_2 LOOP PRELOAD_W_W_FLAT BUNDLEDNAME {} DSP 0 BRAM 0 URAM 0 STORAGESUBTYPE {} DISPNAME {bind_op add} VISIBLE true} {BINDTYPE op ID {} IMPL auto LATENCY 0 OPTYPE or PRAGMA {} RTLNAME or_ln71_fu_344_p2 SOURCE ../gen/Hls_Layers_UpConv.tpp:71 VARIABLE or_ln71 LOOP PRELOAD_W_W_FLAT BUNDLEDNAME {} DSP 0 BRAM 0 URAM 0 STORAGESUBTYPE {} DISPNAME {bind_op or} VISIBLE false} {BINDTYPE op ID {} IMPL auto_sel LATENCY 0 OPTYPE select PRAGMA {} RTLNAME tc_fu_350_p3 SOURCE ../gen/Hls_Layers_UpConv.tpp:71 VARIABLE tc LOOP PRELOAD_W_W_FLAT BUNDLEDNAME {} DSP 0 BRAM 0 URAM 0 STORAGESUBTYPE {} DISPNAME {bind_op select} VISIBLE false} {BINDTYPE op ID {} IMPL fabric LATENCY 0 OPTYPE add PRAGMA {} RTLNAME add_ln71_fu_362_p2 SOURCE ../gen/Hls_Layers_UpConv.tpp:71 VARIABLE add_ln71 LOOP PRELOAD_W_W_FLAT BUNDLEDNAME {} DSP 0 BRAM 0 URAM 0 STORAGESUBTYPE {} DISPNAME {bind_op add} VISIBLE true} {BINDTYPE op ID {} IMPL auto LATENCY 0 OPTYPE mul PRAGMA {} RTLNAME mul_9ns_16ns_24_1_1_U22 SOURCE ../gen/Hls_Layers_UpConv.tpp:71 VARIABLE mul_ln71 LOOP PRELOAD_W_W_FLAT BUNDLEDNAME {} DSP 1 BRAM 0 URAM 0 STORAGESUBTYPE {} DISPNAME {bind_op mul} VISIBLE true} {BINDTYPE op ID {} IMPL fabric LATENCY 0 OPTYPE add PRAGMA {} RTLNAME add_ln71_1_fu_431_p2 SOURCE ../gen/Hls_Layers_UpConv.tpp:71 VARIABLE add_ln71_1 LOOP PRELOAD_W_W_FLAT BUNDLEDNAME {} DSP 0 BRAM 0 URAM 0 STORAGESUBTYPE {} DISPNAME {bind_op add} VISIBLE true} {BINDTYPE op ID {} IMPL fabric LATENCY 0 OPTYPE add PRAGMA {} RTLNAME add_ln71_3_fu_368_p2 SOURCE ../gen/Hls_Layers_UpConv.tpp:71 VARIABLE add_ln71_3 LOOP PRELOAD_W_W_FLAT BUNDLEDNAME {} DSP 0 BRAM 0 URAM 0 STORAGESUBTYPE {} DISPNAME {bind_op add} VISIBLE true} {BINDTYPE op ID {} IMPL auto_sel LATENCY 0 OPTYPE select PRAGMA {} RTLNAME select_ln71_1_fu_459_p3 SOURCE ../gen/Hls_Layers_UpConv.tpp:71 VARIABLE select_ln71_1 LOOP PRELOAD_W_W_FLAT BUNDLEDNAME {} DSP 0 BRAM 0 URAM 0 STORAGESUBTYPE {} DISPNAME {bind_op select} VISIBLE false} {BINDTYPE op ID {} IMPL auto_sel LATENCY 0 OPTYPE select PRAGMA {} RTLNAME select_ln71_2_fu_499_p3 SOURCE ../gen/Hls_Layers_UpConv.tpp:71 VARIABLE select_ln71_2 LOOP PRELOAD_W_W_FLAT BUNDLEDNAME {} DSP 0 BRAM 0 URAM 0 STORAGESUBTYPE {} DISPNAME {bind_op select} VISIBLE false} {BINDTYPE op ID {} IMPL fabric LATENCY 0 OPTYPE add PRAGMA {} RTLNAME ci_cnt_1_fu_471_p2 SOURCE ../gen/Hls_Layers_UpConv.tpp:78 VARIABLE ci_cnt_1 LOOP PRELOAD_W_W_FLAT BUNDLEDNAME {} DSP 0 BRAM 0 URAM 0 STORAGESUBTYPE {} DISPNAME {bind_op add} VISIBLE true} {BINDTYPE op ID {} IMPL auto LATENCY 0 OPTYPE setgt PRAGMA {} RTLNAME icmp_ln79_fu_477_p2 SOURCE ../gen/Hls_Layers_UpConv.tpp:79 VARIABLE icmp_ln79 LOOP PRELOAD_W_W_FLAT BUNDLEDNAME {} DSP 0 BRAM 0 URAM 0 STORAGESUBTYPE {} DISPNAME {bind_op setgt} VISIBLE false} {BINDTYPE op ID {} IMPL fabric LATENCY 0 OPTYPE add PRAGMA {} RTLNAME add_ln79_fu_542_p2 SOURCE ../gen/Hls_Layers_UpConv.tpp:79 VARIABLE add_ln79 LOOP PRELOAD_W_W_FLAT BUNDLEDNAME {} DSP 0 BRAM 0 URAM 0 STORAGESUBTYPE {} DISPNAME {bind_op add} VISIBLE true} {BINDTYPE op ID {} IMPL auto_sel LATENCY 0 OPTYPE select PRAGMA {} RTLNAME k_cnt_fu_548_p3 SOURCE ../gen/Hls_Layers_UpConv.tpp:79 VARIABLE k_cnt LOOP PRELOAD_W_W_FLAT BUNDLEDNAME {} DSP 0 BRAM 0 URAM 0 STORAGESUBTYPE {} DISPNAME {bind_op select} VISIBLE false} {BINDTYPE op ID {} IMPL auto_sel LATENCY 0 OPTYPE select PRAGMA {} RTLNAME ci_cnt_fu_483_p3 SOURCE ../gen/Hls_Layers_UpConv.tpp:79 VARIABLE ci_cnt LOOP PRELOAD_W_W_FLAT BUNDLEDNAME {} DSP 0 BRAM 0 URAM 0 STORAGESUBTYPE {} DISPNAME {bind_op select} VISIBLE false} {BINDTYPE op ID {} IMPL fabric LATENCY 0 OPTYPE add PRAGMA {} RTLNAME add_ln75_fu_378_p2 SOURCE ../gen/Hls_Layers_UpConv.tpp:75 VARIABLE add_ln75 LOOP PRELOAD_W_W_FLAT BUNDLEDNAME {} DSP 0 BRAM 0 URAM 0 STORAGESUBTYPE {} DISPNAME {bind_op add} VISIBLE true} {BINDTYPE op ID {} IMPL auto_sel LATENCY 0 OPTYPE select PRAGMA {} RTLNAME kci_fu_384_p3 SOURCE ../gen/Hls_Layers_UpConv.tpp:75 VARIABLE kci LOOP PRELOAD_W_W_FLAT BUNDLEDNAME {} DSP 0 BRAM 0 URAM 0 STORAGESUBTYPE {} DISPNAME {bind_op select} VISIBLE false} {BINDTYPE op ID {} IMPL auto LATENCY 0 OPTYPE seteq PRAGMA {} RTLNAME icmp_ln75_fu_392_p2 SOURCE ../gen/Hls_Layers_UpConv.tpp:75 VARIABLE icmp_ln75 LOOP PRELOAD_W_W_FLAT BUNDLEDNAME {} DSP 0 BRAM 0 URAM 0 STORAGESUBTYPE {} DISPNAME {bind_op seteq} VISIBLE false} {BINDTYPE op ID {} IMPL auto LATENCY 0 OPTYPE seteq PRAGMA {} RTLNAME icmp_ln71_fu_398_p2 SOURCE ../gen/Hls_Layers_UpConv.tpp:71 VARIABLE icmp_ln71 LOOP PRELOAD_W_W_FLAT BUNDLEDNAME {} DSP 0 BRAM 0 URAM 0 STORAGESUBTYPE {} DISPNAME {bind_op seteq} VISIBLE false}} AREA {DSP 1 BRAM 0 URAM 0}} uc_compute_tile_8_16_16_60_32_480_480_Pipeline_KW_LOOP_FLAT_LOOP {BINDINFO {{BINDTYPE op ID {} IMPL auto LATENCY 0 OPTYPE seteq PRAGMA {} RTLNAME icmp_ln98_fu_2237_p2 SOURCE ../gen/Hls_Layers_UpConv.tpp:98 VARIABLE icmp_ln98 LOOP KW_LOOP_FLAT_LOOP BUNDLEDNAME {} DSP 0 BRAM 0 URAM 0 STORAGESUBTYPE {} DISPNAME {bind_op seteq} VISIBLE false} {BINDTYPE op ID {} IMPL fabric LATENCY 0 OPTYPE add PRAGMA {} RTLNAME add_ln98_fu_2243_p2 SOURCE ../gen/Hls_Layers_UpConv.tpp:98 VARIABLE add_ln98 LOOP KW_LOOP_FLAT_LOOP BUNDLEDNAME {} DSP 0 BRAM 0 URAM 0 STORAGESUBTYPE {} DISPNAME {bind_op add} VISIBLE true} {BINDTYPE op ID {} IMPL fabric LATENCY 0 OPTYPE add PRAGMA {} RTLNAME kw_2_fu_2288_p2 SOURCE ../gen/Hls_Layers_UpConv.tpp:98 VARIABLE kw_2 LOOP KW_LOOP_FLAT_LOOP BUNDLEDNAME {} DSP 0 BRAM 0 URAM 0 STORAGESUBTYPE {} DISPNAME {bind_op add} VISIBLE true} {BINDTYPE op ID {} IMPL auto LATENCY 0 OPTYPE seteq PRAGMA {} RTLNAME icmp_ln108_fu_2257_p2 SOURCE ../gen/Hls_Layers_UpConv.tpp:108 VARIABLE icmp_ln108 LOOP KW_LOOP_FLAT_LOOP BUNDLEDNAME {} DSP 0 BRAM 0 URAM 0 STORAGESUBTYPE {} DISPNAME {bind_op seteq} VISIBLE false} {BINDTYPE op ID {} IMPL auto_sel LATENCY 0 OPTYPE select PRAGMA {} RTLNAME select_ln98_fu_2263_p3 SOURCE ../gen/Hls_Layers_UpConv.tpp:98 VARIABLE select_ln98 LOOP KW_LOOP_FLAT_LOOP BUNDLEDNAME {} DSP 0 BRAM 0 URAM 0 STORAGESUBTYPE {} DISPNAME {bind_op select} VISIBLE false} {BINDTYPE op ID {} IMPL auto_sel LATENCY 0 OPTYPE select PRAGMA {} RTLNAME select_ln98_1_fu_2294_p3 SOURCE ../gen/Hls_Layers_UpConv.tpp:98 VARIABLE select_ln98_1 LOOP KW_LOOP_FLAT_LOOP BUNDLEDNAME {} DSP 0 BRAM 0 URAM 0 STORAGESUBTYPE {} DISPNAME {bind_op select} VISIBLE false} {BINDTYPE op ID {} IMPL auto_sel LATENCY 0 OPTYPE select PRAGMA {} RTLNAME select_ln98_2_fu_4716_p3 SOURCE ../gen/Hls_Layers_UpConv.tpp:98 VARIABLE select_ln98_2 LOOP KW_LOOP_FLAT_LOOP BUNDLEDNAME {} DSP 0 BRAM 0 URAM 0 STORAGESUBTYPE {} DISPNAME {bind_op select} VISIBLE false} {BINDTYPE op ID {} IMPL auto_sel LATENCY 0 OPTYPE select PRAGMA {} RTLNAME select_ln98_3_fu_2301_p3 SOURCE ../gen/Hls_Layers_UpConv.tpp:98 VARIABLE select_ln98_3 LOOP KW_LOOP_FLAT_LOOP BUNDLEDNAME {} DSP 0 BRAM 0 URAM 0 STORAGESUBTYPE {} DISPNAME {bind_op select} VISIBLE false} {BINDTYPE op ID {} IMPL fabric LATENCY 0 OPTYPE add PRAGMA {} RTLNAME k_fu_2312_p2 SOURCE ../gen/Hls_Layers_UpConv.tpp:99 VARIABLE k LOOP KW_LOOP_FLAT_LOOP BUNDLEDNAME {} DSP 0 BRAM 0 URAM 0 STORAGESUBTYPE {} DISPNAME {bind_op add} VISIBLE true} {BINDTYPE op ID {} IMPL fabric LATENCY 0 OPTYPE add PRAGMA {} RTLNAME add_ln113_fu_2403_p2 SOURCE ../gen/Hls_Layers_UpConv.tpp:113 VARIABLE add_ln113 LOOP KW_LOOP_FLAT_LOOP BUNDLEDNAME {} DSP 0 BRAM 0 URAM 0 STORAGESUBTYPE {} DISPNAME {bind_op add} VISIBLE true} {BINDTYPE op ID {} IMPL auto LATENCY 0 OPTYPE setlt PRAGMA {} RTLNAME icmp157_fu_2367_p2 SOURCE ../gen/Hls_Layers_UpConv.tpp:98 VARIABLE icmp157 LOOP KW_LOOP_FLAT_LOOP BUNDLEDNAME {} DSP 0 BRAM 0 URAM 0 STORAGESUBTYPE {} DISPNAME {bind_op setlt} VISIBLE false} {BINDTYPE op ID {} IMPL fabric LATENCY 3 OPTYPE hmul PRAGMA yes RTLNAME hmul_16ns_16ns_16_4_no_dsp_1_U203 SOURCE ../gen/Hls_Layers_UpConv.tpp:125 VARIABLE prod LOOP KW_LOOP_FLAT_LOOP BUNDLEDNAME {} DSP 0 BRAM 0 URAM 0 STORAGESUBTYPE {} DISPNAME {bind_op hmul} VISIBLE true} {BINDTYPE op ID {} IMPL fulldsp LATENCY 4 OPTYPE hadd PRAGMA {} RTLNAME hadd_16ns_16ns_16_5_full_dsp_1_U35 SOURCE ../gen/Hls_Layers_UpConv.tpp:126 VARIABLE dot LOOP KW_LOOP_FLAT_LOOP BUNDLEDNAME {} DSP 2 BRAM 0 URAM 0 STORAGESUBTYPE {} DISPNAME {bind_op hadd} VISIBLE true} {BINDTYPE op ID {} IMPL fabric LATENCY 3 OPTYPE hmul PRAGMA yes RTLNAME hmul_16ns_16ns_16_4_no_dsp_1_U204 SOURCE ../gen/Hls_Layers_UpConv.tpp:125 VARIABLE prod_1 LOOP KW_LOOP_FLAT_LOOP BUNDLEDNAME {} DSP 0 BRAM 0 URAM 0 STORAGESUBTYPE {} DISPNAME {bind_op hmul} VISIBLE true} {BINDTYPE op ID {} IMPL fulldsp LATENCY 4 OPTYPE hadd PRAGMA {} RTLNAME hadd_16ns_16ns_16_5_full_dsp_1_U43 SOURCE ../gen/Hls_Layers_UpConv.tpp:126 VARIABLE dot_1 LOOP KW_LOOP_FLAT_LOOP BUNDLEDNAME {} DSP 2 BRAM 0 URAM 0 STORAGESUBTYPE {} DISPNAME {bind_op hadd} VISIBLE true} {BINDTYPE op ID {} IMPL fabric LATENCY 3 OPTYPE hmul PRAGMA yes RTLNAME hmul_16ns_16ns_16_4_no_dsp_1_U205 SOURCE ../gen/Hls_Layers_UpConv.tpp:125 VARIABLE prod_2 LOOP KW_LOOP_FLAT_LOOP BUNDLEDNAME {} DSP 0 BRAM 0 URAM 0 STORAGESUBTYPE {} DISPNAME {bind_op hmul} VISIBLE true} {BINDTYPE op ID {} IMPL fulldsp LATENCY 4 OPTYPE hadd PRAGMA {} RTLNAME hadd_16ns_16ns_16_5_full_dsp_1_U51 SOURCE ../gen/Hls_Layers_UpConv.tpp:126 VARIABLE dot_2 LOOP KW_LOOP_FLAT_LOOP BUNDLEDNAME {} DSP 2 BRAM 0 URAM 0 STORAGESUBTYPE {} DISPNAME {bind_op hadd} VISIBLE true} {BINDTYPE op ID {} IMPL fabric LATENCY 3 OPTYPE hmul PRAGMA yes RTLNAME hmul_16ns_16ns_16_4_no_dsp_1_U206 SOURCE ../gen/Hls_Layers_UpConv.tpp:125 VARIABLE prod_3 LOOP KW_LOOP_FLAT_LOOP BUNDLEDNAME {} DSP 0 BRAM 0 URAM 0 STORAGESUBTYPE {} DISPNAME {bind_op hmul} VISIBLE true} {BINDTYPE op ID {} IMPL fulldsp LATENCY 4 OPTYPE hadd PRAGMA {} RTLNAME hadd_16ns_16ns_16_5_full_dsp_1_U59 SOURCE ../gen/Hls_Layers_UpConv.tpp:126 VARIABLE dot_3 LOOP KW_LOOP_FLAT_LOOP BUNDLEDNAME {} DSP 2 BRAM 0 URAM 0 STORAGESUBTYPE {} DISPNAME {bind_op hadd} VISIBLE true} {BINDTYPE op ID {} IMPL fabric LATENCY 3 OPTYPE hmul PRAGMA yes RTLNAME hmul_16ns_16ns_16_4_no_dsp_1_U207 SOURCE ../gen/Hls_Layers_UpConv.tpp:125 VARIABLE prod_4 LOOP KW_LOOP_FLAT_LOOP BUNDLEDNAME {} DSP 0 BRAM 0 URAM 0 STORAGESUBTYPE {} DISPNAME {bind_op hmul} VISIBLE true} {BINDTYPE op ID {} IMPL fulldsp LATENCY 4 OPTYPE hadd PRAGMA {} RTLNAME hadd_16ns_16ns_16_5_full_dsp_1_U67 SOURCE ../gen/Hls_Layers_UpConv.tpp:126 VARIABLE dot_4 LOOP KW_LOOP_FLAT_LOOP BUNDLEDNAME {} DSP 2 BRAM 0 URAM 0 STORAGESUBTYPE {} DISPNAME {bind_op hadd} VISIBLE true} {BINDTYPE op ID {} IMPL fabric LATENCY 3 OPTYPE hmul PRAGMA yes RTLNAME hmul_16ns_16ns_16_4_no_dsp_1_U208 SOURCE ../gen/Hls_Layers_UpConv.tpp:125 VARIABLE prod_5 LOOP KW_LOOP_FLAT_LOOP BUNDLEDNAME {} DSP 0 BRAM 0 URAM 0 STORAGESUBTYPE {} DISPNAME {bind_op hmul} VISIBLE true} {BINDTYPE op ID {} IMPL fulldsp LATENCY 4 OPTYPE hadd PRAGMA {} RTLNAME hadd_16ns_16ns_16_5_full_dsp_1_U75 SOURCE ../gen/Hls_Layers_UpConv.tpp:126 VARIABLE dot_5 LOOP KW_LOOP_FLAT_LOOP BUNDLEDNAME {} DSP 2 BRAM 0 URAM 0 STORAGESUBTYPE {} DISPNAME {bind_op hadd} VISIBLE true} {BINDTYPE op ID {} IMPL fabric LATENCY 3 OPTYPE hmul PRAGMA yes RTLNAME hmul_16ns_16ns_16_4_no_dsp_1_U209 SOURCE ../gen/Hls_Layers_UpConv.tpp:125 VARIABLE prod_6 LOOP KW_LOOP_FLAT_LOOP BUNDLEDNAME {} DSP 0 BRAM 0 URAM 0 STORAGESUBTYPE {} DISPNAME {bind_op hmul} VISIBLE true} {BINDTYPE op ID {} IMPL fulldsp LATENCY 4 OPTYPE hadd PRAGMA {} RTLNAME hadd_16ns_16ns_16_5_full_dsp_1_U83 SOURCE ../gen/Hls_Layers_UpConv.tpp:126 VARIABLE dot_6 LOOP KW_LOOP_FLAT_LOOP BUNDLEDNAME {} DSP 2 BRAM 0 URAM 0 STORAGESUBTYPE {} DISPNAME {bind_op hadd} VISIBLE true} {BINDTYPE op ID {} IMPL fabric LATENCY 3 OPTYPE hmul PRAGMA yes RTLNAME hmul_16ns_16ns_16_4_no_dsp_1_U210 SOURCE ../gen/Hls_Layers_UpConv.tpp:125 VARIABLE prod_7 LOOP KW_LOOP_FLAT_LOOP BUNDLEDNAME {} DSP 0 BRAM 0 URAM 0 STORAGESUBTYPE {} DISPNAME {bind_op hmul} VISIBLE true} {BINDTYPE op ID {} IMPL fulldsp LATENCY 4 OPTYPE hadd PRAGMA {} RTLNAME hadd_16ns_16ns_16_5_full_dsp_1_U91 SOURCE ../gen/Hls_Layers_UpConv.tpp:126 VARIABLE dot_7 LOOP KW_LOOP_FLAT_LOOP BUNDLEDNAME {} DSP 2 BRAM 0 URAM 0 STORAGESUBTYPE {} DISPNAME {bind_op hadd} VISIBLE true} {BINDTYPE op ID {} IMPL fabric LATENCY 3 OPTYPE hmul PRAGMA yes RTLNAME hmul_16ns_16ns_16_4_no_dsp_1_U211 SOURCE ../gen/Hls_Layers_UpConv.tpp:125 VARIABLE prod_8 LOOP KW_LOOP_FLAT_LOOP BUNDLEDNAME {} DSP 0 BRAM 0 URAM 0 STORAGESUBTYPE {} DISPNAME {bind_op hmul} VISIBLE true} {BINDTYPE op ID {} IMPL fulldsp LATENCY 4 OPTYPE hadd PRAGMA {} RTLNAME hadd_16ns_16ns_16_5_full_dsp_1_U99 SOURCE ../gen/Hls_Layers_UpConv.tpp:126 VARIABLE dot_8 LOOP KW_LOOP_FLAT_LOOP BUNDLEDNAME {} DSP 2 BRAM 0 URAM 0 STORAGESUBTYPE {} DISPNAME {bind_op hadd} VISIBLE true} {BINDTYPE op ID {} IMPL fabric LATENCY 3 OPTYPE hmul PRAGMA yes RTLNAME hmul_16ns_16ns_16_4_no_dsp_1_U212 SOURCE ../gen/Hls_Layers_UpConv.tpp:125 VARIABLE prod_9 LOOP KW_LOOP_FLAT_LOOP BUNDLEDNAME {} DSP 0 BRAM 0 URAM 0 STORAGESUBTYPE {} DISPNAME {bind_op hmul} VISIBLE true} {BINDTYPE op ID {} IMPL fulldsp LATENCY 4 OPTYPE hadd PRAGMA {} RTLNAME hadd_16ns_16ns_16_5_full_dsp_1_U107 SOURCE ../gen/Hls_Layers_UpConv.tpp:126 VARIABLE dot_9 LOOP KW_LOOP_FLAT_LOOP BUNDLEDNAME {} DSP 2 BRAM 0 URAM 0 STORAGESUBTYPE {} DISPNAME {bind_op hadd} VISIBLE true} {BINDTYPE op ID {} IMPL fabric LATENCY 3 OPTYPE hmul PRAGMA yes RTLNAME hmul_16ns_16ns_16_4_no_dsp_1_U213 SOURCE ../gen/Hls_Layers_UpConv.tpp:125 VARIABLE prod_10 LOOP KW_LOOP_FLAT_LOOP BUNDLEDNAME {} DSP 0 BRAM 0 URAM 0 STORAGESUBTYPE {} DISPNAME {bind_op hmul} VISIBLE true} {BINDTYPE op ID {} IMPL fulldsp LATENCY 4 OPTYPE hadd PRAGMA {} RTLNAME hadd_16ns_16ns_16_5_full_dsp_1_U115 SOURCE ../gen/Hls_Layers_UpConv.tpp:126 VARIABLE dot_10 LOOP KW_LOOP_FLAT_LOOP BUNDLEDNAME {} DSP 2 BRAM 0 URAM 0 STORAGESUBTYPE {} DISPNAME {bind_op hadd} VISIBLE true} {BINDTYPE op ID {} IMPL fabric LATENCY 3 OPTYPE hmul PRAGMA yes RTLNAME hmul_16ns_16ns_16_4_no_dsp_1_U214 SOURCE ../gen/Hls_Layers_UpConv.tpp:125 VARIABLE prod_11 LOOP KW_LOOP_FLAT_LOOP BUNDLEDNAME {} DSP 0 BRAM 0 URAM 0 STORAGESUBTYPE {} DISPNAME {bind_op hmul} VISIBLE true} {BINDTYPE op ID {} IMPL fulldsp LATENCY 4 OPTYPE hadd PRAGMA {} RTLNAME hadd_16ns_16ns_16_5_full_dsp_1_U123 SOURCE ../gen/Hls_Layers_UpConv.tpp:126 VARIABLE dot_11 LOOP KW_LOOP_FLAT_LOOP BUNDLEDNAME {} DSP 2 BRAM 0 URAM 0 STORAGESUBTYPE {} DISPNAME {bind_op hadd} VISIBLE true} {BINDTYPE op ID {} IMPL fabric LATENCY 3 OPTYPE hmul PRAGMA yes RTLNAME hmul_16ns_16ns_16_4_no_dsp_1_U215 SOURCE ../gen/Hls_Layers_UpConv.tpp:125 VARIABLE prod_12 LOOP KW_LOOP_FLAT_LOOP BUNDLEDNAME {} DSP 0 BRAM 0 URAM 0 STORAGESUBTYPE {} DISPNAME {bind_op hmul} VISIBLE true} {BINDTYPE op ID {} IMPL fulldsp LATENCY 4 OPTYPE hadd PRAGMA {} RTLNAME hadd_16ns_16ns_16_5_full_dsp_1_U131 SOURCE ../gen/Hls_Layers_UpConv.tpp:126 VARIABLE dot_12 LOOP KW_LOOP_FLAT_LOOP BUNDLEDNAME {} DSP 2 BRAM 0 URAM 0 STORAGESUBTYPE {} DISPNAME {bind_op hadd} VISIBLE true} {BINDTYPE op ID {} IMPL fabric LATENCY 3 OPTYPE hmul PRAGMA yes RTLNAME hmul_16ns_16ns_16_4_no_dsp_1_U216 SOURCE ../gen/Hls_Layers_UpConv.tpp:125 VARIABLE prod_13 LOOP KW_LOOP_FLAT_LOOP BUNDLEDNAME {} DSP 0 BRAM 0 URAM 0 STORAGESUBTYPE {} DISPNAME {bind_op hmul} VISIBLE true} {BINDTYPE op ID {} IMPL fulldsp LATENCY 4 OPTYPE hadd PRAGMA {} RTLNAME hadd_16ns_16ns_16_5_full_dsp_1_U139 SOURCE ../gen/Hls_Layers_UpConv.tpp:126 VARIABLE dot_13 LOOP KW_LOOP_FLAT_LOOP BUNDLEDNAME {} DSP 2 BRAM 0 URAM 0 STORAGESUBTYPE {} DISPNAME {bind_op hadd} VISIBLE true} {BINDTYPE op ID {} IMPL fabric LATENCY 3 OPTYPE hmul PRAGMA yes RTLNAME hmul_16ns_16ns_16_4_no_dsp_1_U217 SOURCE ../gen/Hls_Layers_UpConv.tpp:125 VARIABLE prod_14 LOOP KW_LOOP_FLAT_LOOP BUNDLEDNAME {} DSP 0 BRAM 0 URAM 0 STORAGESUBTYPE {} DISPNAME {bind_op hmul} VISIBLE true} {BINDTYPE op ID {} IMPL fulldsp LATENCY 4 OPTYPE hadd PRAGMA {} RTLNAME hadd_16ns_16ns_16_5_full_dsp_1_U147 SOURCE ../gen/Hls_Layers_UpConv.tpp:126 VARIABLE dot_14 LOOP KW_LOOP_FLAT_LOOP BUNDLEDNAME {} DSP 2 BRAM 0 URAM 0 STORAGESUBTYPE {} DISPNAME {bind_op hadd} VISIBLE true} {BINDTYPE op ID {} IMPL fabric LATENCY 3 OPTYPE hmul PRAGMA yes RTLNAME hmul_16ns_16ns_16_4_no_dsp_1_U218 SOURCE ../gen/Hls_Layers_UpConv.tpp:125 VARIABLE prod_15 LOOP KW_LOOP_FLAT_LOOP BUNDLEDNAME {} DSP 0 BRAM 0 URAM 0 STORAGESUBTYPE {} DISPNAME {bind_op hmul} VISIBLE true} {BINDTYPE op ID {} IMPL fulldsp LATENCY 4 OPTYPE hadd PRAGMA {} RTLNAME hadd_16ns_16ns_16_5_full_dsp_1_U155 SOURCE ../gen/Hls_Layers_UpConv.tpp:126 VARIABLE dot_15 LOOP KW_LOOP_FLAT_LOOP BUNDLEDNAME {} DSP 2 BRAM 0 URAM 0 STORAGESUBTYPE {} DISPNAME {bind_op hadd} VISIBLE true} {BINDTYPE op ID {} IMPL fabric LATENCY 3 OPTYPE hmul PRAGMA yes RTLNAME hmul_16ns_16ns_16_4_no_dsp_1_U219 SOURCE ../gen/Hls_Layers_UpConv.tpp:125 VARIABLE prod_127 LOOP KW_LOOP_FLAT_LOOP BUNDLEDNAME {} DSP 0 BRAM 0 URAM 0 STORAGESUBTYPE {} DISPNAME {bind_op hmul} VISIBLE true} {BINDTYPE op ID {} IMPL fulldsp LATENCY 4 OPTYPE hadd PRAGMA {} RTLNAME hadd_16ns_16ns_16_5_full_dsp_1_U36 SOURCE ../gen/Hls_Layers_UpConv.tpp:126 VARIABLE dot_127 LOOP KW_LOOP_FLAT_LOOP BUNDLEDNAME {} DSP 2 BRAM 0 URAM 0 STORAGESUBTYPE {} DISPNAME {bind_op hadd} VISIBLE true} {BINDTYPE op ID {} IMPL fabric LATENCY 3 OPTYPE hmul PRAGMA yes RTLNAME hmul_16ns_16ns_16_4_no_dsp_1_U220 SOURCE ../gen/Hls_Layers_UpConv.tpp:125 VARIABLE prod_16 LOOP KW_LOOP_FLAT_LOOP BUNDLEDNAME {} DSP 0 BRAM 0 URAM 0 STORAGESUBTYPE {} DISPNAME {bind_op hmul} VISIBLE true} {BINDTYPE op ID {} IMPL fulldsp LATENCY 4 OPTYPE hadd PRAGMA {} RTLNAME hadd_16ns_16ns_16_5_full_dsp_1_U44 SOURCE ../gen/Hls_Layers_UpConv.tpp:126 VARIABLE dot_16 LOOP KW_LOOP_FLAT_LOOP BUNDLEDNAME {} DSP 2 BRAM 0 URAM 0 STORAGESUBTYPE {} DISPNAME {bind_op hadd} VISIBLE true} {BINDTYPE op ID {} IMPL fabric LATENCY 3 OPTYPE hmul PRAGMA yes RTLNAME hmul_16ns_16ns_16_4_no_dsp_1_U221 SOURCE ../gen/Hls_Layers_UpConv.tpp:125 VARIABLE prod_17 LOOP KW_LOOP_FLAT_LOOP BUNDLEDNAME {} DSP 0 BRAM 0 URAM 0 STORAGESUBTYPE {} DISPNAME {bind_op hmul} VISIBLE true} {BINDTYPE op ID {} IMPL fulldsp LATENCY 4 OPTYPE hadd PRAGMA {} RTLNAME hadd_16ns_16ns_16_5_full_dsp_1_U52 SOURCE ../gen/Hls_Layers_UpConv.tpp:126 VARIABLE dot_17 LOOP KW_LOOP_FLAT_LOOP BUNDLEDNAME {} DSP 2 BRAM 0 URAM 0 STORAGESUBTYPE {} DISPNAME {bind_op hadd} VISIBLE true} {BINDTYPE op ID {} IMPL fabric LATENCY 3 OPTYPE hmul PRAGMA yes RTLNAME hmul_16ns_16ns_16_4_no_dsp_1_U222 SOURCE ../gen/Hls_Layers_UpConv.tpp:125 VARIABLE prod_18 LOOP KW_LOOP_FLAT_LOOP BUNDLEDNAME {} DSP 0 BRAM 0 URAM 0 STORAGESUBTYPE {} DISPNAME {bind_op hmul} VISIBLE true} {BINDTYPE op ID {} IMPL fulldsp LATENCY 4 OPTYPE hadd PRAGMA {} RTLNAME hadd_16ns_16ns_16_5_full_dsp_1_U60 SOURCE ../gen/Hls_Layers_UpConv.tpp:126 VARIABLE dot_18 LOOP KW_LOOP_FLAT_LOOP BUNDLEDNAME {} DSP 2 BRAM 0 URAM 0 STORAGESUBTYPE {} DISPNAME {bind_op hadd} VISIBLE true} {BINDTYPE op ID {} IMPL fabric LATENCY 3 OPTYPE hmul PRAGMA yes RTLNAME hmul_16ns_16ns_16_4_no_dsp_1_U223 SOURCE ../gen/Hls_Layers_UpConv.tpp:125 VARIABLE prod_19 LOOP KW_LOOP_FLAT_LOOP BUNDLEDNAME {} DSP 0 BRAM 0 URAM 0 STORAGESUBTYPE {} DISPNAME {bind_op hmul} VISIBLE true} {BINDTYPE op ID {} IMPL fulldsp LATENCY 4 OPTYPE hadd PRAGMA {} RTLNAME hadd_16ns_16ns_16_5_full_dsp_1_U68 SOURCE ../gen/Hls_Layers_UpConv.tpp:126 VARIABLE dot_19 LOOP KW_LOOP_FLAT_LOOP BUNDLEDNAME {} DSP 2 BRAM 0 URAM 0 STORAGESUBTYPE {} DISPNAME {bind_op hadd} VISIBLE true} {BINDTYPE op ID {} IMPL fabric LATENCY 3 OPTYPE hmul PRAGMA yes RTLNAME hmul_16ns_16ns_16_4_no_dsp_1_U224 SOURCE ../gen/Hls_Layers_UpConv.tpp:125 VARIABLE prod_20 LOOP KW_LOOP_FLAT_LOOP BUNDLEDNAME {} DSP 0 BRAM 0 URAM 0 STORAGESUBTYPE {} DISPNAME {bind_op hmul} VISIBLE true} {BINDTYPE op ID {} IMPL fulldsp LATENCY 4 OPTYPE hadd PRAGMA {} RTLNAME hadd_16ns_16ns_16_5_full_dsp_1_U76 SOURCE ../gen/Hls_Layers_UpConv.tpp:126 VARIABLE dot_20 LOOP KW_LOOP_FLAT_LOOP BUNDLEDNAME {} DSP 2 BRAM 0 URAM 0 STORAGESUBTYPE {} DISPNAME {bind_op hadd} VISIBLE true} {BINDTYPE op ID {} IMPL fabric LATENCY 3 OPTYPE hmul PRAGMA yes RTLNAME hmul_16ns_16ns_16_4_no_dsp_1_U225 SOURCE ../gen/Hls_Layers_UpConv.tpp:125 VARIABLE prod_21 LOOP KW_LOOP_FLAT_LOOP BUNDLEDNAME {} DSP 0 BRAM 0 URAM 0 STORAGESUBTYPE {} DISPNAME {bind_op hmul} VISIBLE true} {BINDTYPE op ID {} IMPL fulldsp LATENCY 4 OPTYPE hadd PRAGMA {} RTLNAME hadd_16ns_16ns_16_5_full_dsp_1_U84 SOURCE ../gen/Hls_Layers_UpConv.tpp:126 VARIABLE dot_21 LOOP KW_LOOP_FLAT_LOOP BUNDLEDNAME {} DSP 2 BRAM 0 URAM 0 STORAGESUBTYPE {} DISPNAME {bind_op hadd} VISIBLE true} {BINDTYPE op ID {} IMPL fabric LATENCY 3 OPTYPE hmul PRAGMA yes RTLNAME hmul_16ns_16ns_16_4_no_dsp_1_U226 SOURCE ../gen/Hls_Layers_UpConv.tpp:125 VARIABLE prod_22 LOOP KW_LOOP_FLAT_LOOP BUNDLEDNAME {} DSP 0 BRAM 0 URAM 0 STORAGESUBTYPE {} DISPNAME {bind_op hmul} VISIBLE true} {BINDTYPE op ID {} IMPL fulldsp LATENCY 4 OPTYPE hadd PRAGMA {} RTLNAME hadd_16ns_16ns_16_5_full_dsp_1_U92 SOURCE ../gen/Hls_Layers_UpConv.tpp:126 VARIABLE dot_22 LOOP KW_LOOP_FLAT_LOOP BUNDLEDNAME {} DSP 2 BRAM 0 URAM 0 STORAGESUBTYPE {} DISPNAME {bind_op hadd} VISIBLE true} {BINDTYPE op ID {} IMPL fabric LATENCY 3 OPTYPE hmul PRAGMA yes RTLNAME hmul_16ns_16ns_16_4_no_dsp_1_U227 SOURCE ../gen/Hls_Layers_UpConv.tpp:125 VARIABLE prod_23 LOOP KW_LOOP_FLAT_LOOP BUNDLEDNAME {} DSP 0 BRAM 0 URAM 0 STORAGESUBTYPE {} DISPNAME {bind_op hmul} VISIBLE true} {BINDTYPE op ID {} IMPL fulldsp LATENCY 4 OPTYPE hadd PRAGMA {} RTLNAME hadd_16ns_16ns_16_5_full_dsp_1_U100 SOURCE ../gen/Hls_Layers_UpConv.tpp:126 VARIABLE dot_23 LOOP KW_LOOP_FLAT_LOOP BUNDLEDNAME {} DSP 2 BRAM 0 URAM 0 STORAGESUBTYPE {} DISPNAME {bind_op hadd} VISIBLE true} {BINDTYPE op ID {} IMPL fabric LATENCY 3 OPTYPE hmul PRAGMA yes RTLNAME hmul_16ns_16ns_16_4_no_dsp_1_U228 SOURCE ../gen/Hls_Layers_UpConv.tpp:125 VARIABLE prod_24 LOOP KW_LOOP_FLAT_LOOP BUNDLEDNAME {} DSP 0 BRAM 0 URAM 0 STORAGESUBTYPE {} DISPNAME {bind_op hmul} VISIBLE true} {BINDTYPE op ID {} IMPL fulldsp LATENCY 4 OPTYPE hadd PRAGMA {} RTLNAME hadd_16ns_16ns_16_5_full_dsp_1_U108 SOURCE ../gen/Hls_Layers_UpConv.tpp:126 VARIABLE dot_24 LOOP KW_LOOP_FLAT_LOOP BUNDLEDNAME {} DSP 2 BRAM 0 URAM 0 STORAGESUBTYPE {} DISPNAME {bind_op hadd} VISIBLE true} {BINDTYPE op ID {} IMPL fabric LATENCY 3 OPTYPE hmul PRAGMA yes RTLNAME hmul_16ns_16ns_16_4_no_dsp_1_U229 SOURCE ../gen/Hls_Layers_UpConv.tpp:125 VARIABLE prod_25 LOOP KW_LOOP_FLAT_LOOP BUNDLEDNAME {} DSP 0 BRAM 0 URAM 0 STORAGESUBTYPE {} DISPNAME {bind_op hmul} VISIBLE true} {BINDTYPE op ID {} IMPL fulldsp LATENCY 4 OPTYPE hadd PRAGMA {} RTLNAME hadd_16ns_16ns_16_5_full_dsp_1_U116 SOURCE ../gen/Hls_Layers_UpConv.tpp:126 VARIABLE dot_25 LOOP KW_LOOP_FLAT_LOOP BUNDLEDNAME {} DSP 2 BRAM 0 URAM 0 STORAGESUBTYPE {} DISPNAME {bind_op hadd} VISIBLE true} {BINDTYPE op ID {} IMPL fabric LATENCY 3 OPTYPE hmul PRAGMA yes RTLNAME hmul_16ns_16ns_16_4_no_dsp_1_U230 SOURCE ../gen/Hls_Layers_UpConv.tpp:125 VARIABLE prod_26 LOOP KW_LOOP_FLAT_LOOP BUNDLEDNAME {} DSP 0 BRAM 0 URAM 0 STORAGESUBTYPE {} DISPNAME {bind_op hmul} VISIBLE true} {BINDTYPE op ID {} IMPL fulldsp LATENCY 4 OPTYPE hadd PRAGMA {} RTLNAME hadd_16ns_16ns_16_5_full_dsp_1_U124 SOURCE ../gen/Hls_Layers_UpConv.tpp:126 VARIABLE dot_26 LOOP KW_LOOP_FLAT_LOOP BUNDLEDNAME {} DSP 2 BRAM 0 URAM 0 STORAGESUBTYPE {} DISPNAME {bind_op hadd} VISIBLE true} {BINDTYPE op ID {} IMPL fabric LATENCY 3 OPTYPE hmul PRAGMA yes RTLNAME hmul_16ns_16ns_16_4_no_dsp_1_U231 SOURCE ../gen/Hls_Layers_UpConv.tpp:125 VARIABLE prod_27 LOOP KW_LOOP_FLAT_LOOP BUNDLEDNAME {} DSP 0 BRAM 0 URAM 0 STORAGESUBTYPE {} DISPNAME {bind_op hmul} VISIBLE true} {BINDTYPE op ID {} IMPL fulldsp LATENCY 4 OPTYPE hadd PRAGMA {} RTLNAME hadd_16ns_16ns_16_5_full_dsp_1_U132 SOURCE ../gen/Hls_Layers_UpConv.tpp:126 VARIABLE dot_27 LOOP KW_LOOP_FLAT_LOOP BUNDLEDNAME {} DSP 2 BRAM 0 URAM 0 STORAGESUBTYPE {} DISPNAME {bind_op hadd} VISIBLE true} {BINDTYPE op ID {} IMPL fabric LATENCY 3 OPTYPE hmul PRAGMA yes RTLNAME hmul_16ns_16ns_16_4_no_dsp_1_U232 SOURCE ../gen/Hls_Layers_UpConv.tpp:125 VARIABLE prod_28 LOOP KW_LOOP_FLAT_LOOP BUNDLEDNAME {} DSP 0 BRAM 0 URAM 0 STORAGESUBTYPE {} DISPNAME {bind_op hmul} VISIBLE true} {BINDTYPE op ID {} IMPL fulldsp LATENCY 4 OPTYPE hadd PRAGMA {} RTLNAME hadd_16ns_16ns_16_5_full_dsp_1_U140 SOURCE ../gen/Hls_Layers_UpConv.tpp:126 VARIABLE dot_28 LOOP KW_LOOP_FLAT_LOOP BUNDLEDNAME {} DSP 2 BRAM 0 URAM 0 STORAGESUBTYPE {} DISPNAME {bind_op hadd} VISIBLE true} {BINDTYPE op ID {} IMPL fabric LATENCY 3 OPTYPE hmul PRAGMA yes RTLNAME hmul_16ns_16ns_16_4_no_dsp_1_U233 SOURCE ../gen/Hls_Layers_UpConv.tpp:125 VARIABLE prod_29 LOOP KW_LOOP_FLAT_LOOP BUNDLEDNAME {} DSP 0 BRAM 0 URAM 0 STORAGESUBTYPE {} DISPNAME {bind_op hmul} VISIBLE true} {BINDTYPE op ID {} IMPL fulldsp LATENCY 4 OPTYPE hadd PRAGMA {} RTLNAME hadd_16ns_16ns_16_5_full_dsp_1_U148 SOURCE ../gen/Hls_Layers_UpConv.tpp:126 VARIABLE dot_29 LOOP KW_LOOP_FLAT_LOOP BUNDLEDNAME {} DSP 2 BRAM 0 URAM 0 STORAGESUBTYPE {} DISPNAME {bind_op hadd} VISIBLE true} {BINDTYPE op ID {} IMPL fabric LATENCY 3 OPTYPE hmul PRAGMA yes RTLNAME hmul_16ns_16ns_16_4_no_dsp_1_U234 SOURCE ../gen/Hls_Layers_UpConv.tpp:125 VARIABLE prod_30 LOOP KW_LOOP_FLAT_LOOP BUNDLEDNAME {} DSP 0 BRAM 0 URAM 0 STORAGESUBTYPE {} DISPNAME {bind_op hmul} VISIBLE true} {BINDTYPE op ID {} IMPL fulldsp LATENCY 4 OPTYPE hadd PRAGMA {} RTLNAME hadd_16ns_16ns_16_5_full_dsp_1_U156 SOURCE ../gen/Hls_Layers_UpConv.tpp:126 VARIABLE dot_30 LOOP KW_LOOP_FLAT_LOOP BUNDLEDNAME {} DSP 2 BRAM 0 URAM 0 STORAGESUBTYPE {} DISPNAME {bind_op hadd} VISIBLE true} {BINDTYPE op ID {} IMPL fabric LATENCY 3 OPTYPE hmul PRAGMA yes RTLNAME hmul_16ns_16ns_16_4_no_dsp_1_U235 SOURCE ../gen/Hls_Layers_UpConv.tpp:125 VARIABLE prod_31 LOOP KW_LOOP_FLAT_LOOP BUNDLEDNAME {} DSP 0 BRAM 0 URAM 0 STORAGESUBTYPE {} DISPNAME {bind_op hmul} VISIBLE true} {BINDTYPE op ID {} IMPL fulldsp LATENCY 4 OPTYPE hadd PRAGMA {} RTLNAME hadd_16ns_16ns_16_5_full_dsp_1_U37 SOURCE ../gen/Hls_Layers_UpConv.tpp:126 VARIABLE dot_31 LOOP KW_LOOP_FLAT_LOOP BUNDLEDNAME {} DSP 2 BRAM 0 URAM 0 STORAGESUBTYPE {} DISPNAME {bind_op hadd} VISIBLE true} {BINDTYPE op ID {} IMPL fabric LATENCY 3 OPTYPE hmul PRAGMA yes RTLNAME hmul_16ns_16ns_16_4_no_dsp_1_U236 SOURCE ../gen/Hls_Layers_UpConv.tpp:125 VARIABLE prod_32 LOOP KW_LOOP_FLAT_LOOP BUNDLEDNAME {} DSP 0 BRAM 0 URAM 0 STORAGESUBTYPE {} DISPNAME {bind_op hmul} VISIBLE true} {BINDTYPE op ID {} IMPL fulldsp LATENCY 4 OPTYPE hadd PRAGMA {} RTLNAME hadd_16ns_16ns_16_5_full_dsp_1_U45 SOURCE ../gen/Hls_Layers_UpConv.tpp:126 VARIABLE dot_32 LOOP KW_LOOP_FLAT_LOOP BUNDLEDNAME {} DSP 2 BRAM 0 URAM 0 STORAGESUBTYPE {} DISPNAME {bind_op hadd} VISIBLE true} {BINDTYPE op ID {} IMPL fabric LATENCY 3 OPTYPE hmul PRAGMA yes RTLNAME hmul_16ns_16ns_16_4_no_dsp_1_U237 SOURCE ../gen/Hls_Layers_UpConv.tpp:125 VARIABLE prod_33 LOOP KW_LOOP_FLAT_LOOP BUNDLEDNAME {} DSP 0 BRAM 0 URAM 0 STORAGESUBTYPE {} DISPNAME {bind_op hmul} VISIBLE true} {BINDTYPE op ID {} IMPL fulldsp LATENCY 4 OPTYPE hadd PRAGMA {} RTLNAME hadd_16ns_16ns_16_5_full_dsp_1_U53 SOURCE ../gen/Hls_Layers_UpConv.tpp:126 VARIABLE dot_33 LOOP KW_LOOP_FLAT_LOOP BUNDLEDNAME {} DSP 2 BRAM 0 URAM 0 STORAGESUBTYPE {} DISPNAME {bind_op hadd} VISIBLE true} {BINDTYPE op ID {} IMPL fabric LATENCY 3 OPTYPE hmul PRAGMA yes RTLNAME hmul_16ns_16ns_16_4_no_dsp_1_U238 SOURCE ../gen/Hls_Layers_UpConv.tpp:125 VARIABLE prod_34 LOOP KW_LOOP_FLAT_LOOP BUNDLEDNAME {} DSP 0 BRAM 0 URAM 0 STORAGESUBTYPE {} DISPNAME {bind_op hmul} VISIBLE true} {BINDTYPE op ID {} IMPL fulldsp LATENCY 4 OPTYPE hadd PRAGMA {} RTLNAME hadd_16ns_16ns_16_5_full_dsp_1_U61 SOURCE ../gen/Hls_Layers_UpConv.tpp:126 VARIABLE dot_34 LOOP KW_LOOP_FLAT_LOOP BUNDLEDNAME {} DSP 2 BRAM 0 URAM 0 STORAGESUBTYPE {} DISPNAME {bind_op hadd} VISIBLE true} {BINDTYPE op ID {} IMPL fabric LATENCY 3 OPTYPE hmul PRAGMA yes RTLNAME hmul_16ns_16ns_16_4_no_dsp_1_U239 SOURCE ../gen/Hls_Layers_UpConv.tpp:125 VARIABLE prod_35 LOOP KW_LOOP_FLAT_LOOP BUNDLEDNAME {} DSP 0 BRAM 0 URAM 0 STORAGESUBTYPE {} DISPNAME {bind_op hmul} VISIBLE true} {BINDTYPE op ID {} IMPL fulldsp LATENCY 4 OPTYPE hadd PRAGMA {} RTLNAME hadd_16ns_16ns_16_5_full_dsp_1_U69 SOURCE ../gen/Hls_Layers_UpConv.tpp:126 VARIABLE dot_35 LOOP KW_LOOP_FLAT_LOOP BUNDLEDNAME {} DSP 2 BRAM 0 URAM 0 STORAGESUBTYPE {} DISPNAME {bind_op hadd} VISIBLE true} {BINDTYPE op ID {} IMPL fabric LATENCY 3 OPTYPE hmul PRAGMA yes RTLNAME hmul_16ns_16ns_16_4_no_dsp_1_U240 SOURCE ../gen/Hls_Layers_UpConv.tpp:125 VARIABLE prod_36 LOOP KW_LOOP_FLAT_LOOP BUNDLEDNAME {} DSP 0 BRAM 0 URAM 0 STORAGESUBTYPE {} DISPNAME {bind_op hmul} VISIBLE true} {BINDTYPE op ID {} IMPL fulldsp LATENCY 4 OPTYPE hadd PRAGMA {} RTLNAME hadd_16ns_16ns_16_5_full_dsp_1_U77 SOURCE ../gen/Hls_Layers_UpConv.tpp:126 VARIABLE dot_36 LOOP KW_LOOP_FLAT_LOOP BUNDLEDNAME {} DSP 2 BRAM 0 URAM 0 STORAGESUBTYPE {} DISPNAME {bind_op hadd} VISIBLE true} {BINDTYPE op ID {} IMPL fabric LATENCY 3 OPTYPE hmul PRAGMA yes RTLNAME hmul_16ns_16ns_16_4_no_dsp_1_U241 SOURCE ../gen/Hls_Layers_UpConv.tpp:125 VARIABLE prod_37 LOOP KW_LOOP_FLAT_LOOP BUNDLEDNAME {} DSP 0 BRAM 0 URAM 0 STORAGESUBTYPE {} DISPNAME {bind_op hmul} VISIBLE true} {BINDTYPE op ID {} IMPL fulldsp LATENCY 4 OPTYPE hadd PRAGMA {} RTLNAME hadd_16ns_16ns_16_5_full_dsp_1_U85 SOURCE ../gen/Hls_Layers_UpConv.tpp:126 VARIABLE dot_37 LOOP KW_LOOP_FLAT_LOOP BUNDLEDNAME {} DSP 2 BRAM 0 URAM 0 STORAGESUBTYPE {} DISPNAME {bind_op hadd} VISIBLE true} {BINDTYPE op ID {} IMPL fabric LATENCY 3 OPTYPE hmul PRAGMA yes RTLNAME hmul_16ns_16ns_16_4_no_dsp_1_U242 SOURCE ../gen/Hls_Layers_UpConv.tpp:125 VARIABLE prod_38 LOOP KW_LOOP_FLAT_LOOP BUNDLEDNAME {} DSP 0 BRAM 0 URAM 0 STORAGESUBTYPE {} DISPNAME {bind_op hmul} VISIBLE true} {BINDTYPE op ID {} IMPL fulldsp LATENCY 4 OPTYPE hadd PRAGMA {} RTLNAME hadd_16ns_16ns_16_5_full_dsp_1_U93 SOURCE ../gen/Hls_Layers_UpConv.tpp:126 VARIABLE dot_38 LOOP KW_LOOP_FLAT_LOOP BUNDLEDNAME {} DSP 2 BRAM 0 URAM 0 STORAGESUBTYPE {} DISPNAME {bind_op hadd} VISIBLE true} {BINDTYPE op ID {} IMPL fabric LATENCY 3 OPTYPE hmul PRAGMA yes RTLNAME hmul_16ns_16ns_16_4_no_dsp_1_U243 SOURCE ../gen/Hls_Layers_UpConv.tpp:125 VARIABLE prod_39 LOOP KW_LOOP_FLAT_LOOP BUNDLEDNAME {} DSP 0 BRAM 0 URAM 0 STORAGESUBTYPE {} DISPNAME {bind_op hmul} VISIBLE true} {BINDTYPE op ID {} IMPL fulldsp LATENCY 4 OPTYPE hadd PRAGMA {} RTLNAME hadd_16ns_16ns_16_5_full_dsp_1_U101 SOURCE ../gen/Hls_Layers_UpConv.tpp:126 VARIABLE dot_39 LOOP KW_LOOP_FLAT_LOOP BUNDLEDNAME {} DSP 2 BRAM 0 URAM 0 STORAGESUBTYPE {} DISPNAME {bind_op hadd} VISIBLE true} {BINDTYPE op ID {} IMPL fabric LATENCY 3 OPTYPE hmul PRAGMA yes RTLNAME hmul_16ns_16ns_16_4_no_dsp_1_U244 SOURCE ../gen/Hls_Layers_UpConv.tpp:125 VARIABLE prod_40 LOOP KW_LOOP_FLAT_LOOP BUNDLEDNAME {} DSP 0 BRAM 0 URAM 0 STORAGESUBTYPE {} DISPNAME {bind_op hmul} VISIBLE true} {BINDTYPE op ID {} IMPL fulldsp LATENCY 4 OPTYPE hadd PRAGMA {} RTLNAME hadd_16ns_16ns_16_5_full_dsp_1_U109 SOURCE ../gen/Hls_Layers_UpConv.tpp:126 VARIABLE dot_40 LOOP KW_LOOP_FLAT_LOOP BUNDLEDNAME {} DSP 2 BRAM 0 URAM 0 STORAGESUBTYPE {} DISPNAME {bind_op hadd} VISIBLE true} {BINDTYPE op ID {} IMPL fabric LATENCY 3 OPTYPE hmul PRAGMA yes RTLNAME hmul_16ns_16ns_16_4_no_dsp_1_U245 SOURCE ../gen/Hls_Layers_UpConv.tpp:125 VARIABLE prod_41 LOOP KW_LOOP_FLAT_LOOP BUNDLEDNAME {} DSP 0 BRAM 0 URAM 0 STORAGESUBTYPE {} DISPNAME {bind_op hmul} VISIBLE true} {BINDTYPE op ID {} IMPL fulldsp LATENCY 4 OPTYPE hadd PRAGMA {} RTLNAME hadd_16ns_16ns_16_5_full_dsp_1_U117 SOURCE ../gen/Hls_Layers_UpConv.tpp:126 VARIABLE dot_41 LOOP KW_LOOP_FLAT_LOOP BUNDLEDNAME {} DSP 2 BRAM 0 URAM 0 STORAGESUBTYPE {} DISPNAME {bind_op hadd} VISIBLE true} {BINDTYPE op ID {} IMPL fabric LATENCY 3 OPTYPE hmul PRAGMA yes RTLNAME hmul_16ns_16ns_16_4_no_dsp_1_U246 SOURCE ../gen/Hls_Layers_UpConv.tpp:125 VARIABLE prod_42 LOOP KW_LOOP_FLAT_LOOP BUNDLEDNAME {} DSP 0 BRAM 0 URAM 0 STORAGESUBTYPE {} DISPNAME {bind_op hmul} VISIBLE true} {BINDTYPE op ID {} IMPL fulldsp LATENCY 4 OPTYPE hadd PRAGMA {} RTLNAME hadd_16ns_16ns_16_5_full_dsp_1_U125 SOURCE ../gen/Hls_Layers_UpConv.tpp:126 VARIABLE dot_42 LOOP KW_LOOP_FLAT_LOOP BUNDLEDNAME {} DSP 2 BRAM 0 URAM 0 STORAGESUBTYPE {} DISPNAME {bind_op hadd} VISIBLE true} {BINDTYPE op ID {} IMPL fabric LATENCY 3 OPTYPE hmul PRAGMA yes RTLNAME hmul_16ns_16ns_16_4_no_dsp_1_U247 SOURCE ../gen/Hls_Layers_UpConv.tpp:125 VARIABLE prod_43 LOOP KW_LOOP_FLAT_LOOP BUNDLEDNAME {} DSP 0 BRAM 0 URAM 0 STORAGESUBTYPE {} DISPNAME {bind_op hmul} VISIBLE true} {BINDTYPE op ID {} IMPL fulldsp LATENCY 4 OPTYPE hadd PRAGMA {} RTLNAME hadd_16ns_16ns_16_5_full_dsp_1_U133 SOURCE ../gen/Hls_Layers_UpConv.tpp:126 VARIABLE dot_43 LOOP KW_LOOP_FLAT_LOOP BUNDLEDNAME {} DSP 2 BRAM 0 URAM 0 STORAGESUBTYPE {} DISPNAME {bind_op hadd} VISIBLE true} {BINDTYPE op ID {} IMPL fabric LATENCY 3 OPTYPE hmul PRAGMA yes RTLNAME hmul_16ns_16ns_16_4_no_dsp_1_U248 SOURCE ../gen/Hls_Layers_UpConv.tpp:125 VARIABLE prod_44 LOOP KW_LOOP_FLAT_LOOP BUNDLEDNAME {} DSP 0 BRAM 0 URAM 0 STORAGESUBTYPE {} DISPNAME {bind_op hmul} VISIBLE true} {BINDTYPE op ID {} IMPL fulldsp LATENCY 4 OPTYPE hadd PRAGMA {} RTLNAME hadd_16ns_16ns_16_5_full_dsp_1_U141 SOURCE ../gen/Hls_Layers_UpConv.tpp:126 VARIABLE dot_44 LOOP KW_LOOP_FLAT_LOOP BUNDLEDNAME {} DSP 2 BRAM 0 URAM 0 STORAGESUBTYPE {} DISPNAME {bind_op hadd} VISIBLE true} {BINDTYPE op ID {} IMPL fabric LATENCY 3 OPTYPE hmul PRAGMA yes RTLNAME hmul_16ns_16ns_16_4_no_dsp_1_U249 SOURCE ../gen/Hls_Layers_UpConv.tpp:125 VARIABLE prod_45 LOOP KW_LOOP_FLAT_LOOP BUNDLEDNAME {} DSP 0 BRAM 0 URAM 0 STORAGESUBTYPE {} DISPNAME {bind_op hmul} VISIBLE true} {BINDTYPE op ID {} IMPL fulldsp LATENCY 4 OPTYPE hadd PRAGMA {} RTLNAME hadd_16ns_16ns_16_5_full_dsp_1_U149 SOURCE ../gen/Hls_Layers_UpConv.tpp:126 VARIABLE dot_45 LOOP KW_LOOP_FLAT_LOOP BUNDLEDNAME {} DSP 2 BRAM 0 URAM 0 STORAGESUBTYPE {} DISPNAME {bind_op hadd} VISIBLE true} {BINDTYPE op ID {} IMPL fabric LATENCY 3 OPTYPE hmul PRAGMA yes RTLNAME hmul_16ns_16ns_16_4_no_dsp_1_U250 SOURCE ../gen/Hls_Layers_UpConv.tpp:125 VARIABLE prod_46 LOOP KW_LOOP_FLAT_LOOP BUNDLEDNAME {} DSP 0 BRAM 0 URAM 0 STORAGESUBTYPE {} DISPNAME {bind_op hmul} VISIBLE true} {BINDTYPE op ID {} IMPL fulldsp LATENCY 4 OPTYPE hadd PRAGMA {} RTLNAME hadd_16ns_16ns_16_5_full_dsp_1_U157 SOURCE ../gen/Hls_Layers_UpConv.tpp:126 VARIABLE dot_46 LOOP KW_LOOP_FLAT_LOOP BUNDLEDNAME {} DSP 2 BRAM 0 URAM 0 STORAGESUBTYPE {} DISPNAME {bind_op hadd} VISIBLE true} {BINDTYPE op ID {} IMPL fabric LATENCY 3 OPTYPE hmul PRAGMA yes RTLNAME hmul_16ns_16ns_16_4_no_dsp_1_U251 SOURCE ../gen/Hls_Layers_UpConv.tpp:125 VARIABLE prod_47 LOOP KW_LOOP_FLAT_LOOP BUNDLEDNAME {} DSP 0 BRAM 0 URAM 0 STORAGESUBTYPE {} DISPNAME {bind_op hmul} VISIBLE true} {BINDTYPE op ID {} IMPL fulldsp LATENCY 4 OPTYPE hadd PRAGMA {} RTLNAME hadd_16ns_16ns_16_5_full_dsp_1_U38 SOURCE ../gen/Hls_Layers_UpConv.tpp:126 VARIABLE dot_47 LOOP KW_LOOP_FLAT_LOOP BUNDLEDNAME {} DSP 2 BRAM 0 URAM 0 STORAGESUBTYPE {} DISPNAME {bind_op hadd} VISIBLE true} {BINDTYPE op ID {} IMPL fabric LATENCY 3 OPTYPE hmul PRAGMA yes RTLNAME hmul_16ns_16ns_16_4_no_dsp_1_U252 SOURCE ../gen/Hls_Layers_UpConv.tpp:125 VARIABLE prod_48 LOOP KW_LOOP_FLAT_LOOP BUNDLEDNAME {} DSP 0 BRAM 0 URAM 0 STORAGESUBTYPE {} DISPNAME {bind_op hmul} VISIBLE true} {BINDTYPE op ID {} IMPL fulldsp LATENCY 4 OPTYPE hadd PRAGMA {} RTLNAME hadd_16ns_16ns_16_5_full_dsp_1_U46 SOURCE ../gen/Hls_Layers_UpConv.tpp:126 VARIABLE dot_48 LOOP KW_LOOP_FLAT_LOOP BUNDLEDNAME {} DSP 2 BRAM 0 URAM 0 STORAGESUBTYPE {} DISPNAME {bind_op hadd} VISIBLE true} {BINDTYPE op ID {} IMPL fabric LATENCY 3 OPTYPE hmul PRAGMA yes RTLNAME hmul_16ns_16ns_16_4_no_dsp_1_U253 SOURCE ../gen/Hls_Layers_UpConv.tpp:125 VARIABLE prod_49 LOOP KW_LOOP_FLAT_LOOP BUNDLEDNAME {} DSP 0 BRAM 0 URAM 0 STORAGESUBTYPE {} DISPNAME {bind_op hmul} VISIBLE true} {BINDTYPE op ID {} IMPL fulldsp LATENCY 4 OPTYPE hadd PRAGMA {} RTLNAME hadd_16ns_16ns_16_5_full_dsp_1_U54 SOURCE ../gen/Hls_Layers_UpConv.tpp:126 VARIABLE dot_49 LOOP KW_LOOP_FLAT_LOOP BUNDLEDNAME {} DSP 2 BRAM 0 URAM 0 STORAGESUBTYPE {} DISPNAME {bind_op hadd} VISIBLE true} {BINDTYPE op ID {} IMPL fabric LATENCY 3 OPTYPE hmul PRAGMA yes RTLNAME hmul_16ns_16ns_16_4_no_dsp_1_U254 SOURCE ../gen/Hls_Layers_UpConv.tpp:125 VARIABLE prod_50 LOOP KW_LOOP_FLAT_LOOP BUNDLEDNAME {} DSP 0 BRAM 0 URAM 0 STORAGESUBTYPE {} DISPNAME {bind_op hmul} VISIBLE true} {BINDTYPE op ID {} IMPL fulldsp LATENCY 4 OPTYPE hadd PRAGMA {} RTLNAME hadd_16ns_16ns_16_5_full_dsp_1_U62 SOURCE ../gen/Hls_Layers_UpConv.tpp:126 VARIABLE dot_50 LOOP KW_LOOP_FLAT_LOOP BUNDLEDNAME {} DSP 2 BRAM 0 URAM 0 STORAGESUBTYPE {} DISPNAME {bind_op hadd} VISIBLE true} {BINDTYPE op ID {} IMPL fabric LATENCY 3 OPTYPE hmul PRAGMA yes RTLNAME hmul_16ns_16ns_16_4_no_dsp_1_U255 SOURCE ../gen/Hls_Layers_UpConv.tpp:125 VARIABLE prod_51 LOOP KW_LOOP_FLAT_LOOP BUNDLEDNAME {} DSP 0 BRAM 0 URAM 0 STORAGESUBTYPE {} DISPNAME {bind_op hmul} VISIBLE true} {BINDTYPE op ID {} IMPL fulldsp LATENCY 4 OPTYPE hadd PRAGMA {} RTLNAME hadd_16ns_16ns_16_5_full_dsp_1_U70 SOURCE ../gen/Hls_Layers_UpConv.tpp:126 VARIABLE dot_51 LOOP KW_LOOP_FLAT_LOOP BUNDLEDNAME {} DSP 2 BRAM 0 URAM 0 STORAGESUBTYPE {} DISPNAME {bind_op hadd} VISIBLE true} {BINDTYPE op ID {} IMPL fabric LATENCY 3 OPTYPE hmul PRAGMA yes RTLNAME hmul_16ns_16ns_16_4_no_dsp_1_U256 SOURCE ../gen/Hls_Layers_UpConv.tpp:125 VARIABLE prod_52 LOOP KW_LOOP_FLAT_LOOP BUNDLEDNAME {} DSP 0 BRAM 0 URAM 0 STORAGESUBTYPE {} DISPNAME {bind_op hmul} VISIBLE true} {BINDTYPE op ID {} IMPL fulldsp LATENCY 4 OPTYPE hadd PRAGMA {} RTLNAME hadd_16ns_16ns_16_5_full_dsp_1_U78 SOURCE ../gen/Hls_Layers_UpConv.tpp:126 VARIABLE dot_52 LOOP KW_LOOP_FLAT_LOOP BUNDLEDNAME {} DSP 2 BRAM 0 URAM 0 STORAGESUBTYPE {} DISPNAME {bind_op hadd} VISIBLE true} {BINDTYPE op ID {} IMPL fabric LATENCY 3 OPTYPE hmul PRAGMA yes RTLNAME hmul_16ns_16ns_16_4_no_dsp_1_U257 SOURCE ../gen/Hls_Layers_UpConv.tpp:125 VARIABLE prod_53 LOOP KW_LOOP_FLAT_LOOP BUNDLEDNAME {} DSP 0 BRAM 0 URAM 0 STORAGESUBTYPE {} DISPNAME {bind_op hmul} VISIBLE true} {BINDTYPE op ID {} IMPL fulldsp LATENCY 4 OPTYPE hadd PRAGMA {} RTLNAME hadd_16ns_16ns_16_5_full_dsp_1_U86 SOURCE ../gen/Hls_Layers_UpConv.tpp:126 VARIABLE dot_53 LOOP KW_LOOP_FLAT_LOOP BUNDLEDNAME {} DSP 2 BRAM 0 URAM 0 STORAGESUBTYPE {} DISPNAME {bind_op hadd} VISIBLE true} {BINDTYPE op ID {} IMPL fabric LATENCY 3 OPTYPE hmul PRAGMA yes RTLNAME hmul_16ns_16ns_16_4_no_dsp_1_U258 SOURCE ../gen/Hls_Layers_UpConv.tpp:125 VARIABLE prod_54 LOOP KW_LOOP_FLAT_LOOP BUNDLEDNAME {} DSP 0 BRAM 0 URAM 0 STORAGESUBTYPE {} DISPNAME {bind_op hmul} VISIBLE true} {BINDTYPE op ID {} IMPL fulldsp LATENCY 4 OPTYPE hadd PRAGMA {} RTLNAME hadd_16ns_16ns_16_5_full_dsp_1_U94 SOURCE ../gen/Hls_Layers_UpConv.tpp:126 VARIABLE dot_54 LOOP KW_LOOP_FLAT_LOOP BUNDLEDNAME {} DSP 2 BRAM 0 URAM 0 STORAGESUBTYPE {} DISPNAME {bind_op hadd} VISIBLE true} {BINDTYPE op ID {} IMPL fabric LATENCY 3 OPTYPE hmul PRAGMA yes RTLNAME hmul_16ns_16ns_16_4_no_dsp_1_U259 SOURCE ../gen/Hls_Layers_UpConv.tpp:125 VARIABLE prod_55 LOOP KW_LOOP_FLAT_LOOP BUNDLEDNAME {} DSP 0 BRAM 0 URAM 0 STORAGESUBTYPE {} DISPNAME {bind_op hmul} VISIBLE true} {BINDTYPE op ID {} IMPL fulldsp LATENCY 4 OPTYPE hadd PRAGMA {} RTLNAME hadd_16ns_16ns_16_5_full_dsp_1_U102 SOURCE ../gen/Hls_Layers_UpConv.tpp:126 VARIABLE dot_55 LOOP KW_LOOP_FLAT_LOOP BUNDLEDNAME {} DSP 2 BRAM 0 URAM 0 STORAGESUBTYPE {} DISPNAME {bind_op hadd} VISIBLE true} {BINDTYPE op ID {} IMPL fabric LATENCY 3 OPTYPE hmul PRAGMA yes RTLNAME hmul_16ns_16ns_16_4_no_dsp_1_U260 SOURCE ../gen/Hls_Layers_UpConv.tpp:125 VARIABLE prod_56 LOOP KW_LOOP_FLAT_LOOP BUNDLEDNAME {} DSP 0 BRAM 0 URAM 0 STORAGESUBTYPE {} DISPNAME {bind_op hmul} VISIBLE true} {BINDTYPE op ID {} IMPL fulldsp LATENCY 4 OPTYPE hadd PRAGMA {} RTLNAME hadd_16ns_16ns_16_5_full_dsp_1_U110 SOURCE ../gen/Hls_Layers_UpConv.tpp:126 VARIABLE dot_56 LOOP KW_LOOP_FLAT_LOOP BUNDLEDNAME {} DSP 2 BRAM 0 URAM 0 STORAGESUBTYPE {} DISPNAME {bind_op hadd} VISIBLE true} {BINDTYPE op ID {} IMPL fabric LATENCY 3 OPTYPE hmul PRAGMA yes RTLNAME hmul_16ns_16ns_16_4_no_dsp_1_U261 SOURCE ../gen/Hls_Layers_UpConv.tpp:125 VARIABLE prod_57 LOOP KW_LOOP_FLAT_LOOP BUNDLEDNAME {} DSP 0 BRAM 0 URAM 0 STORAGESUBTYPE {} DISPNAME {bind_op hmul} VISIBLE true} {BINDTYPE op ID {} IMPL fulldsp LATENCY 4 OPTYPE hadd PRAGMA {} RTLNAME hadd_16ns_16ns_16_5_full_dsp_1_U118 SOURCE ../gen/Hls_Layers_UpConv.tpp:126 VARIABLE dot_57 LOOP KW_LOOP_FLAT_LOOP BUNDLEDNAME {} DSP 2 BRAM 0 URAM 0 STORAGESUBTYPE {} DISPNAME {bind_op hadd} VISIBLE true} {BINDTYPE op ID {} IMPL fabric LATENCY 3 OPTYPE hmul PRAGMA yes RTLNAME hmul_16ns_16ns_16_4_no_dsp_1_U262 SOURCE ../gen/Hls_Layers_UpConv.tpp:125 VARIABLE prod_58 LOOP KW_LOOP_FLAT_LOOP BUNDLEDNAME {} DSP 0 BRAM 0 URAM 0 STORAGESUBTYPE {} DISPNAME {bind_op hmul} VISIBLE true} {BINDTYPE op ID {} IMPL fulldsp LATENCY 4 OPTYPE hadd PRAGMA {} RTLNAME hadd_16ns_16ns_16_5_full_dsp_1_U126 SOURCE ../gen/Hls_Layers_UpConv.tpp:126 VARIABLE dot_58 LOOP KW_LOOP_FLAT_LOOP BUNDLEDNAME {} DSP 2 BRAM 0 URAM 0 STORAGESUBTYPE {} DISPNAME {bind_op hadd} VISIBLE true} {BINDTYPE op ID {} IMPL fabric LATENCY 3 OPTYPE hmul PRAGMA yes RTLNAME hmul_16ns_16ns_16_4_no_dsp_1_U263 SOURCE ../gen/Hls_Layers_UpConv.tpp:125 VARIABLE prod_59 LOOP KW_LOOP_FLAT_LOOP BUNDLEDNAME {} DSP 0 BRAM 0 URAM 0 STORAGESUBTYPE {} DISPNAME {bind_op hmul} VISIBLE true} {BINDTYPE op ID {} IMPL fulldsp LATENCY 4 OPTYPE hadd PRAGMA {} RTLNAME hadd_16ns_16ns_16_5_full_dsp_1_U134 SOURCE ../gen/Hls_Layers_UpConv.tpp:126 VARIABLE dot_59 LOOP KW_LOOP_FLAT_LOOP BUNDLEDNAME {} DSP 2 BRAM 0 URAM 0 STORAGESUBTYPE {} DISPNAME {bind_op hadd} VISIBLE true} {BINDTYPE op ID {} IMPL fabric LATENCY 3 OPTYPE hmul PRAGMA yes RTLNAME hmul_16ns_16ns_16_4_no_dsp_1_U264 SOURCE ../gen/Hls_Layers_UpConv.tpp:125 VARIABLE prod_60 LOOP KW_LOOP_FLAT_LOOP BUNDLEDNAME {} DSP 0 BRAM 0 URAM 0 STORAGESUBTYPE {} DISPNAME {bind_op hmul} VISIBLE true} {BINDTYPE op ID {} IMPL fulldsp LATENCY 4 OPTYPE hadd PRAGMA {} RTLNAME hadd_16ns_16ns_16_5_full_dsp_1_U142 SOURCE ../gen/Hls_Layers_UpConv.tpp:126 VARIABLE dot_60 LOOP KW_LOOP_FLAT_LOOP BUNDLEDNAME {} DSP 2 BRAM 0 URAM 0 STORAGESUBTYPE {} DISPNAME {bind_op hadd} VISIBLE true} {BINDTYPE op ID {} IMPL fabric LATENCY 3 OPTYPE hmul PRAGMA yes RTLNAME hmul_16ns_16ns_16_4_no_dsp_1_U265 SOURCE ../gen/Hls_Layers_UpConv.tpp:125 VARIABLE prod_61 LOOP KW_LOOP_FLAT_LOOP BUNDLEDNAME {} DSP 0 BRAM 0 URAM 0 STORAGESUBTYPE {} DISPNAME {bind_op hmul} VISIBLE true} {BINDTYPE op ID {} IMPL fulldsp LATENCY 4 OPTYPE hadd PRAGMA {} RTLNAME hadd_16ns_16ns_16_5_full_dsp_1_U150 SOURCE ../gen/Hls_Layers_UpConv.tpp:126 VARIABLE dot_61 LOOP KW_LOOP_FLAT_LOOP BUNDLEDNAME {} DSP 2 BRAM 0 URAM 0 STORAGESUBTYPE {} DISPNAME {bind_op hadd} VISIBLE true} {BINDTYPE op ID {} IMPL fabric LATENCY 3 OPTYPE hmul PRAGMA yes RTLNAME hmul_16ns_16ns_16_4_no_dsp_1_U266 SOURCE ../gen/Hls_Layers_UpConv.tpp:125 VARIABLE prod_62 LOOP KW_LOOP_FLAT_LOOP BUNDLEDNAME {} DSP 0 BRAM 0 URAM 0 STORAGESUBTYPE {} DISPNAME {bind_op hmul} VISIBLE true} {BINDTYPE op ID {} IMPL fulldsp LATENCY 4 OPTYPE hadd PRAGMA {} RTLNAME hadd_16ns_16ns_16_5_full_dsp_1_U158 SOURCE ../gen/Hls_Layers_UpConv.tpp:126 VARIABLE dot_62 LOOP KW_LOOP_FLAT_LOOP BUNDLEDNAME {} DSP 2 BRAM 0 URAM 0 STORAGESUBTYPE {} DISPNAME {bind_op hadd} VISIBLE true} {BINDTYPE op ID {} IMPL fabric LATENCY 3 OPTYPE hmul PRAGMA yes RTLNAME hmul_16ns_16ns_16_4_no_dsp_1_U267 SOURCE ../gen/Hls_Layers_UpConv.tpp:125 VARIABLE prod_63 LOOP KW_LOOP_FLAT_LOOP BUNDLEDNAME {} DSP 0 BRAM 0 URAM 0 STORAGESUBTYPE {} DISPNAME {bind_op hmul} VISIBLE true} {BINDTYPE op ID {} IMPL fulldsp LATENCY 4 OPTYPE hadd PRAGMA {} RTLNAME hadd_16ns_16ns_16_5_full_dsp_1_U39 SOURCE ../gen/Hls_Layers_UpConv.tpp:126 VARIABLE dot_63 LOOP KW_LOOP_FLAT_LOOP BUNDLEDNAME {} DSP 2 BRAM 0 URAM 0 STORAGESUBTYPE {} DISPNAME {bind_op hadd} VISIBLE true} {BINDTYPE op ID {} IMPL fabric LATENCY 3 OPTYPE hmul PRAGMA yes RTLNAME hmul_16ns_16ns_16_4_no_dsp_1_U268 SOURCE ../gen/Hls_Layers_UpConv.tpp:125 VARIABLE prod_64 LOOP KW_LOOP_FLAT_LOOP BUNDLEDNAME {} DSP 0 BRAM 0 URAM 0 STORAGESUBTYPE {} DISPNAME {bind_op hmul} VISIBLE true} {BINDTYPE op ID {} IMPL fulldsp LATENCY 4 OPTYPE hadd PRAGMA {} RTLNAME hadd_16ns_16ns_16_5_full_dsp_1_U47 SOURCE ../gen/Hls_Layers_UpConv.tpp:126 VARIABLE dot_64 LOOP KW_LOOP_FLAT_LOOP BUNDLEDNAME {} DSP 2 BRAM 0 URAM 0 STORAGESUBTYPE {} DISPNAME {bind_op hadd} VISIBLE true} {BINDTYPE op ID {} IMPL fabric LATENCY 3 OPTYPE hmul PRAGMA yes RTLNAME hmul_16ns_16ns_16_4_no_dsp_1_U269 SOURCE ../gen/Hls_Layers_UpConv.tpp:125 VARIABLE prod_65 LOOP KW_LOOP_FLAT_LOOP BUNDLEDNAME {} DSP 0 BRAM 0 URAM 0 STORAGESUBTYPE {} DISPNAME {bind_op hmul} VISIBLE true} {BINDTYPE op ID {} IMPL fulldsp LATENCY 4 OPTYPE hadd PRAGMA {} RTLNAME hadd_16ns_16ns_16_5_full_dsp_1_U55 SOURCE ../gen/Hls_Layers_UpConv.tpp:126 VARIABLE dot_65 LOOP KW_LOOP_FLAT_LOOP BUNDLEDNAME {} DSP 2 BRAM 0 URAM 0 STORAGESUBTYPE {} DISPNAME {bind_op hadd} VISIBLE true} {BINDTYPE op ID {} IMPL fabric LATENCY 3 OPTYPE hmul PRAGMA yes RTLNAME hmul_16ns_16ns_16_4_no_dsp_1_U270 SOURCE ../gen/Hls_Layers_UpConv.tpp:125 VARIABLE prod_66 LOOP KW_LOOP_FLAT_LOOP BUNDLEDNAME {} DSP 0 BRAM 0 URAM 0 STORAGESUBTYPE {} DISPNAME {bind_op hmul} VISIBLE true} {BINDTYPE op ID {} IMPL fulldsp LATENCY 4 OPTYPE hadd PRAGMA {} RTLNAME hadd_16ns_16ns_16_5_full_dsp_1_U63 SOURCE ../gen/Hls_Layers_UpConv.tpp:126 VARIABLE dot_66 LOOP KW_LOOP_FLAT_LOOP BUNDLEDNAME {} DSP 2 BRAM 0 URAM 0 STORAGESUBTYPE {} DISPNAME {bind_op hadd} VISIBLE true} {BINDTYPE op ID {} IMPL fabric LATENCY 3 OPTYPE hmul PRAGMA yes RTLNAME hmul_16ns_16ns_16_4_no_dsp_1_U271 SOURCE ../gen/Hls_Layers_UpConv.tpp:125 VARIABLE prod_67 LOOP KW_LOOP_FLAT_LOOP BUNDLEDNAME {} DSP 0 BRAM 0 URAM 0 STORAGESUBTYPE {} DISPNAME {bind_op hmul} VISIBLE true} {BINDTYPE op ID {} IMPL fulldsp LATENCY 4 OPTYPE hadd PRAGMA {} RTLNAME hadd_16ns_16ns_16_5_full_dsp_1_U71 SOURCE ../gen/Hls_Layers_UpConv.tpp:126 VARIABLE dot_67 LOOP KW_LOOP_FLAT_LOOP BUNDLEDNAME {} DSP 2 BRAM 0 URAM 0 STORAGESUBTYPE {} DISPNAME {bind_op hadd} VISIBLE true} {BINDTYPE op ID {} IMPL fabric LATENCY 3 OPTYPE hmul PRAGMA yes RTLNAME hmul_16ns_16ns_16_4_no_dsp_1_U272 SOURCE ../gen/Hls_Layers_UpConv.tpp:125 VARIABLE prod_68 LOOP KW_LOOP_FLAT_LOOP BUNDLEDNAME {} DSP 0 BRAM 0 URAM 0 STORAGESUBTYPE {} DISPNAME {bind_op hmul} VISIBLE true} {BINDTYPE op ID {} IMPL fulldsp LATENCY 4 OPTYPE hadd PRAGMA {} RTLNAME hadd_16ns_16ns_16_5_full_dsp_1_U79 SOURCE ../gen/Hls_Layers_UpConv.tpp:126 VARIABLE dot_68 LOOP KW_LOOP_FLAT_LOOP BUNDLEDNAME {} DSP 2 BRAM 0 URAM 0 STORAGESUBTYPE {} DISPNAME {bind_op hadd} VISIBLE true} {BINDTYPE op ID {} IMPL fabric LATENCY 3 OPTYPE hmul PRAGMA yes RTLNAME hmul_16ns_16ns_16_4_no_dsp_1_U273 SOURCE ../gen/Hls_Layers_UpConv.tpp:125 VARIABLE prod_69 LOOP KW_LOOP_FLAT_LOOP BUNDLEDNAME {} DSP 0 BRAM 0 URAM 0 STORAGESUBTYPE {} DISPNAME {bind_op hmul} VISIBLE true} {BINDTYPE op ID {} IMPL fulldsp LATENCY 4 OPTYPE hadd PRAGMA {} RTLNAME hadd_16ns_16ns_16_5_full_dsp_1_U87 SOURCE ../gen/Hls_Layers_UpConv.tpp:126 VARIABLE dot_69 LOOP KW_LOOP_FLAT_LOOP BUNDLEDNAME {} DSP 2 BRAM 0 URAM 0 STORAGESUBTYPE {} DISPNAME {bind_op hadd} VISIBLE true} {BINDTYPE op ID {} IMPL fabric LATENCY 3 OPTYPE hmul PRAGMA yes RTLNAME hmul_16ns_16ns_16_4_no_dsp_1_U274 SOURCE ../gen/Hls_Layers_UpConv.tpp:125 VARIABLE prod_70 LOOP KW_LOOP_FLAT_LOOP BUNDLEDNAME {} DSP 0 BRAM 0 URAM 0 STORAGESUBTYPE {} DISPNAME {bind_op hmul} VISIBLE true} {BINDTYPE op ID {} IMPL fulldsp LATENCY 4 OPTYPE hadd PRAGMA {} RTLNAME hadd_16ns_16ns_16_5_full_dsp_1_U95 SOURCE ../gen/Hls_Layers_UpConv.tpp:126 VARIABLE dot_70 LOOP KW_LOOP_FLAT_LOOP BUNDLEDNAME {} DSP 2 BRAM 0 URAM 0 STORAGESUBTYPE {} DISPNAME {bind_op hadd} VISIBLE true} {BINDTYPE op ID {} IMPL fabric LATENCY 3 OPTYPE hmul PRAGMA yes RTLNAME hmul_16ns_16ns_16_4_no_dsp_1_U275 SOURCE ../gen/Hls_Layers_UpConv.tpp:125 VARIABLE prod_71 LOOP KW_LOOP_FLAT_LOOP BUNDLEDNAME {} DSP 0 BRAM 0 URAM 0 STORAGESUBTYPE {} DISPNAME {bind_op hmul} VISIBLE true} {BINDTYPE op ID {} IMPL fulldsp LATENCY 4 OPTYPE hadd PRAGMA {} RTLNAME hadd_16ns_16ns_16_5_full_dsp_1_U103 SOURCE ../gen/Hls_Layers_UpConv.tpp:126 VARIABLE dot_71 LOOP KW_LOOP_FLAT_LOOP BUNDLEDNAME {} DSP 2 BRAM 0 URAM 0 STORAGESUBTYPE {} DISPNAME {bind_op hadd} VISIBLE true} {BINDTYPE op ID {} IMPL fabric LATENCY 3 OPTYPE hmul PRAGMA yes RTLNAME hmul_16ns_16ns_16_4_no_dsp_1_U276 SOURCE ../gen/Hls_Layers_UpConv.tpp:125 VARIABLE prod_72 LOOP KW_LOOP_FLAT_LOOP BUNDLEDNAME {} DSP 0 BRAM 0 URAM 0 STORAGESUBTYPE {} DISPNAME {bind_op hmul} VISIBLE true} {BINDTYPE op ID {} IMPL fulldsp LATENCY 4 OPTYPE hadd PRAGMA {} RTLNAME hadd_16ns_16ns_16_5_full_dsp_1_U111 SOURCE ../gen/Hls_Layers_UpConv.tpp:126 VARIABLE dot_72 LOOP KW_LOOP_FLAT_LOOP BUNDLEDNAME {} DSP 2 BRAM 0 URAM 0 STORAGESUBTYPE {} DISPNAME {bind_op hadd} VISIBLE true} {BINDTYPE op ID {} IMPL fabric LATENCY 3 OPTYPE hmul PRAGMA yes RTLNAME hmul_16ns_16ns_16_4_no_dsp_1_U277 SOURCE ../gen/Hls_Layers_UpConv.tpp:125 VARIABLE prod_73 LOOP KW_LOOP_FLAT_LOOP BUNDLEDNAME {} DSP 0 BRAM 0 URAM 0 STORAGESUBTYPE {} DISPNAME {bind_op hmul} VISIBLE true} {BINDTYPE op ID {} IMPL fulldsp LATENCY 4 OPTYPE hadd PRAGMA {} RTLNAME hadd_16ns_16ns_16_5_full_dsp_1_U119 SOURCE ../gen/Hls_Layers_UpConv.tpp:126 VARIABLE dot_73 LOOP KW_LOOP_FLAT_LOOP BUNDLEDNAME {} DSP 2 BRAM 0 URAM 0 STORAGESUBTYPE {} DISPNAME {bind_op hadd} VISIBLE true} {BINDTYPE op ID {} IMPL fabric LATENCY 3 OPTYPE hmul PRAGMA yes RTLNAME hmul_16ns_16ns_16_4_no_dsp_1_U278 SOURCE ../gen/Hls_Layers_UpConv.tpp:125 VARIABLE prod_74 LOOP KW_LOOP_FLAT_LOOP BUNDLEDNAME {} DSP 0 BRAM 0 URAM 0 STORAGESUBTYPE {} DISPNAME {bind_op hmul} VISIBLE true} {BINDTYPE op ID {} IMPL fulldsp LATENCY 4 OPTYPE hadd PRAGMA {} RTLNAME hadd_16ns_16ns_16_5_full_dsp_1_U127 SOURCE ../gen/Hls_Layers_UpConv.tpp:126 VARIABLE dot_74 LOOP KW_LOOP_FLAT_LOOP BUNDLEDNAME {} DSP 2 BRAM 0 URAM 0 STORAGESUBTYPE {} DISPNAME {bind_op hadd} VISIBLE true} {BINDTYPE op ID {} IMPL fabric LATENCY 3 OPTYPE hmul PRAGMA yes RTLNAME hmul_16ns_16ns_16_4_no_dsp_1_U279 SOURCE ../gen/Hls_Layers_UpConv.tpp:125 VARIABLE prod_75 LOOP KW_LOOP_FLAT_LOOP BUNDLEDNAME {} DSP 0 BRAM 0 URAM 0 STORAGESUBTYPE {} DISPNAME {bind_op hmul} VISIBLE true} {BINDTYPE op ID {} IMPL fulldsp LATENCY 4 OPTYPE hadd PRAGMA {} RTLNAME hadd_16ns_16ns_16_5_full_dsp_1_U135 SOURCE ../gen/Hls_Layers_UpConv.tpp:126 VARIABLE dot_75 LOOP KW_LOOP_FLAT_LOOP BUNDLEDNAME {} DSP 2 BRAM 0 URAM 0 STORAGESUBTYPE {} DISPNAME {bind_op hadd} VISIBLE true} {BINDTYPE op ID {} IMPL fabric LATENCY 3 OPTYPE hmul PRAGMA yes RTLNAME hmul_16ns_16ns_16_4_no_dsp_1_U280 SOURCE ../gen/Hls_Layers_UpConv.tpp:125 VARIABLE prod_76 LOOP KW_LOOP_FLAT_LOOP BUNDLEDNAME {} DSP 0 BRAM 0 URAM 0 STORAGESUBTYPE {} DISPNAME {bind_op hmul} VISIBLE true} {BINDTYPE op ID {} IMPL fulldsp LATENCY 4 OPTYPE hadd PRAGMA {} RTLNAME hadd_16ns_16ns_16_5_full_dsp_1_U143 SOURCE ../gen/Hls_Layers_UpConv.tpp:126 VARIABLE dot_76 LOOP KW_LOOP_FLAT_LOOP BUNDLEDNAME {} DSP 2 BRAM 0 URAM 0 STORAGESUBTYPE {} DISPNAME {bind_op hadd} VISIBLE true} {BINDTYPE op ID {} IMPL fabric LATENCY 3 OPTYPE hmul PRAGMA yes RTLNAME hmul_16ns_16ns_16_4_no_dsp_1_U281 SOURCE ../gen/Hls_Layers_UpConv.tpp:125 VARIABLE prod_77 LOOP KW_LOOP_FLAT_LOOP BUNDLEDNAME {} DSP 0 BRAM 0 URAM 0 STORAGESUBTYPE {} DISPNAME {bind_op hmul} VISIBLE true} {BINDTYPE op ID {} IMPL fulldsp LATENCY 4 OPTYPE hadd PRAGMA {} RTLNAME hadd_16ns_16ns_16_5_full_dsp_1_U151 SOURCE ../gen/Hls_Layers_UpConv.tpp:126 VARIABLE dot_77 LOOP KW_LOOP_FLAT_LOOP BUNDLEDNAME {} DSP 2 BRAM 0 URAM 0 STORAGESUBTYPE {} DISPNAME {bind_op hadd} VISIBLE true} {BINDTYPE op ID {} IMPL fabric LATENCY 3 OPTYPE hmul PRAGMA yes RTLNAME hmul_16ns_16ns_16_4_no_dsp_1_U282 SOURCE ../gen/Hls_Layers_UpConv.tpp:125 VARIABLE prod_78 LOOP KW_LOOP_FLAT_LOOP BUNDLEDNAME {} DSP 0 BRAM 0 URAM 0 STORAGESUBTYPE {} DISPNAME {bind_op hmul} VISIBLE true} {BINDTYPE op ID {} IMPL fulldsp LATENCY 4 OPTYPE hadd PRAGMA {} RTLNAME hadd_16ns_16ns_16_5_full_dsp_1_U159 SOURCE ../gen/Hls_Layers_UpConv.tpp:126 VARIABLE dot_78 LOOP KW_LOOP_FLAT_LOOP BUNDLEDNAME {} DSP 2 BRAM 0 URAM 0 STORAGESUBTYPE {} DISPNAME {bind_op hadd} VISIBLE true} {BINDTYPE op ID {} IMPL fabric LATENCY 3 OPTYPE hmul PRAGMA yes RTLNAME hmul_16ns_16ns_16_4_no_dsp_1_U283 SOURCE ../gen/Hls_Layers_UpConv.tpp:125 VARIABLE prod_79 LOOP KW_LOOP_FLAT_LOOP BUNDLEDNAME {} DSP 0 BRAM 0 URAM 0 STORAGESUBTYPE {} DISPNAME {bind_op hmul} VISIBLE true} {BINDTYPE op ID {} IMPL fulldsp LATENCY 4 OPTYPE hadd PRAGMA {} RTLNAME hadd_16ns_16ns_16_5_full_dsp_1_U40 SOURCE ../gen/Hls_Layers_UpConv.tpp:126 VARIABLE dot_79 LOOP KW_LOOP_FLAT_LOOP BUNDLEDNAME {} DSP 2 BRAM 0 URAM 0 STORAGESUBTYPE {} DISPNAME {bind_op hadd} VISIBLE true} {BINDTYPE op ID {} IMPL fabric LATENCY 3 OPTYPE hmul PRAGMA yes RTLNAME hmul_16ns_16ns_16_4_no_dsp_1_U284 SOURCE ../gen/Hls_Layers_UpConv.tpp:125 VARIABLE prod_80 LOOP KW_LOOP_FLAT_LOOP BUNDLEDNAME {} DSP 0 BRAM 0 URAM 0 STORAGESUBTYPE {} DISPNAME {bind_op hmul} VISIBLE true} {BINDTYPE op ID {} IMPL fulldsp LATENCY 4 OPTYPE hadd PRAGMA {} RTLNAME hadd_16ns_16ns_16_5_full_dsp_1_U48 SOURCE ../gen/Hls_Layers_UpConv.tpp:126 VARIABLE dot_80 LOOP KW_LOOP_FLAT_LOOP BUNDLEDNAME {} DSP 2 BRAM 0 URAM 0 STORAGESUBTYPE {} DISPNAME {bind_op hadd} VISIBLE true} {BINDTYPE op ID {} IMPL fabric LATENCY 3 OPTYPE hmul PRAGMA yes RTLNAME hmul_16ns_16ns_16_4_no_dsp_1_U285 SOURCE ../gen/Hls_Layers_UpConv.tpp:125 VARIABLE prod_81 LOOP KW_LOOP_FLAT_LOOP BUNDLEDNAME {} DSP 0 BRAM 0 URAM 0 STORAGESUBTYPE {} DISPNAME {bind_op hmul} VISIBLE true} {BINDTYPE op ID {} IMPL fulldsp LATENCY 4 OPTYPE hadd PRAGMA {} RTLNAME hadd_16ns_16ns_16_5_full_dsp_1_U56 SOURCE ../gen/Hls_Layers_UpConv.tpp:126 VARIABLE dot_81 LOOP KW_LOOP_FLAT_LOOP BUNDLEDNAME {} DSP 2 BRAM 0 URAM 0 STORAGESUBTYPE {} DISPNAME {bind_op hadd} VISIBLE true} {BINDTYPE op ID {} IMPL fabric LATENCY 3 OPTYPE hmul PRAGMA yes RTLNAME hmul_16ns_16ns_16_4_no_dsp_1_U286 SOURCE ../gen/Hls_Layers_UpConv.tpp:125 VARIABLE prod_82 LOOP KW_LOOP_FLAT_LOOP BUNDLEDNAME {} DSP 0 BRAM 0 URAM 0 STORAGESUBTYPE {} DISPNAME {bind_op hmul} VISIBLE true} {BINDTYPE op ID {} IMPL fulldsp LATENCY 4 OPTYPE hadd PRAGMA {} RTLNAME hadd_16ns_16ns_16_5_full_dsp_1_U64 SOURCE ../gen/Hls_Layers_UpConv.tpp:126 VARIABLE dot_82 LOOP KW_LOOP_FLAT_LOOP BUNDLEDNAME {} DSP 2 BRAM 0 URAM 0 STORAGESUBTYPE {} DISPNAME {bind_op hadd} VISIBLE true} {BINDTYPE op ID {} IMPL fabric LATENCY 3 OPTYPE hmul PRAGMA yes RTLNAME hmul_16ns_16ns_16_4_no_dsp_1_U287 SOURCE ../gen/Hls_Layers_UpConv.tpp:125 VARIABLE prod_83 LOOP KW_LOOP_FLAT_LOOP BUNDLEDNAME {} DSP 0 BRAM 0 URAM 0 STORAGESUBTYPE {} DISPNAME {bind_op hmul} VISIBLE true} {BINDTYPE op ID {} IMPL fulldsp LATENCY 4 OPTYPE hadd PRAGMA {} RTLNAME hadd_16ns_16ns_16_5_full_dsp_1_U72 SOURCE ../gen/Hls_Layers_UpConv.tpp:126 VARIABLE dot_83 LOOP KW_LOOP_FLAT_LOOP BUNDLEDNAME {} DSP 2 BRAM 0 URAM 0 STORAGESUBTYPE {} DISPNAME {bind_op hadd} VISIBLE true} {BINDTYPE op ID {} IMPL fabric LATENCY 3 OPTYPE hmul PRAGMA yes RTLNAME hmul_16ns_16ns_16_4_no_dsp_1_U288 SOURCE ../gen/Hls_Layers_UpConv.tpp:125 VARIABLE prod_84 LOOP KW_LOOP_FLAT_LOOP BUNDLEDNAME {} DSP 0 BRAM 0 URAM 0 STORAGESUBTYPE {} DISPNAME {bind_op hmul} VISIBLE true} {BINDTYPE op ID {} IMPL fulldsp LATENCY 4 OPTYPE hadd PRAGMA {} RTLNAME hadd_16ns_16ns_16_5_full_dsp_1_U80 SOURCE ../gen/Hls_Layers_UpConv.tpp:126 VARIABLE dot_84 LOOP KW_LOOP_FLAT_LOOP BUNDLEDNAME {} DSP 2 BRAM 0 URAM 0 STORAGESUBTYPE {} DISPNAME {bind_op hadd} VISIBLE true} {BINDTYPE op ID {} IMPL fabric LATENCY 3 OPTYPE hmul PRAGMA yes RTLNAME hmul_16ns_16ns_16_4_no_dsp_1_U289 SOURCE ../gen/Hls_Layers_UpConv.tpp:125 VARIABLE prod_85 LOOP KW_LOOP_FLAT_LOOP BUNDLEDNAME {} DSP 0 BRAM 0 URAM 0 STORAGESUBTYPE {} DISPNAME {bind_op hmul} VISIBLE true} {BINDTYPE op ID {} IMPL fulldsp LATENCY 4 OPTYPE hadd PRAGMA {} RTLNAME hadd_16ns_16ns_16_5_full_dsp_1_U88 SOURCE ../gen/Hls_Layers_UpConv.tpp:126 VARIABLE dot_85 LOOP KW_LOOP_FLAT_LOOP BUNDLEDNAME {} DSP 2 BRAM 0 URAM 0 STORAGESUBTYPE {} DISPNAME {bind_op hadd} VISIBLE true} {BINDTYPE op ID {} IMPL fabric LATENCY 3 OPTYPE hmul PRAGMA yes RTLNAME hmul_16ns_16ns_16_4_no_dsp_1_U290 SOURCE ../gen/Hls_Layers_UpConv.tpp:125 VARIABLE prod_86 LOOP KW_LOOP_FLAT_LOOP BUNDLEDNAME {} DSP 0 BRAM 0 URAM 0 STORAGESUBTYPE {} DISPNAME {bind_op hmul} VISIBLE true} {BINDTYPE op ID {} IMPL fulldsp LATENCY 4 OPTYPE hadd PRAGMA {} RTLNAME hadd_16ns_16ns_16_5_full_dsp_1_U96 SOURCE ../gen/Hls_Layers_UpConv.tpp:126 VARIABLE dot_86 LOOP KW_LOOP_FLAT_LOOP BUNDLEDNAME {} DSP 2 BRAM 0 URAM 0 STORAGESUBTYPE {} DISPNAME {bind_op hadd} VISIBLE true} {BINDTYPE op ID {} IMPL fabric LATENCY 3 OPTYPE hmul PRAGMA yes RTLNAME hmul_16ns_16ns_16_4_no_dsp_1_U291 SOURCE ../gen/Hls_Layers_UpConv.tpp:125 VARIABLE prod_87 LOOP KW_LOOP_FLAT_LOOP BUNDLEDNAME {} DSP 0 BRAM 0 URAM 0 STORAGESUBTYPE {} DISPNAME {bind_op hmul} VISIBLE true} {BINDTYPE op ID {} IMPL fulldsp LATENCY 4 OPTYPE hadd PRAGMA {} RTLNAME hadd_16ns_16ns_16_5_full_dsp_1_U104 SOURCE ../gen/Hls_Layers_UpConv.tpp:126 VARIABLE dot_87 LOOP KW_LOOP_FLAT_LOOP BUNDLEDNAME {} DSP 2 BRAM 0 URAM 0 STORAGESUBTYPE {} DISPNAME {bind_op hadd} VISIBLE true} {BINDTYPE op ID {} IMPL fabric LATENCY 3 OPTYPE hmul PRAGMA yes RTLNAME hmul_16ns_16ns_16_4_no_dsp_1_U292 SOURCE ../gen/Hls_Layers_UpConv.tpp:125 VARIABLE prod_88 LOOP KW_LOOP_FLAT_LOOP BUNDLEDNAME {} DSP 0 BRAM 0 URAM 0 STORAGESUBTYPE {} DISPNAME {bind_op hmul} VISIBLE true} {BINDTYPE op ID {} IMPL fulldsp LATENCY 4 OPTYPE hadd PRAGMA {} RTLNAME hadd_16ns_16ns_16_5_full_dsp_1_U112 SOURCE ../gen/Hls_Layers_UpConv.tpp:126 VARIABLE dot_88 LOOP KW_LOOP_FLAT_LOOP BUNDLEDNAME {} DSP 2 BRAM 0 URAM 0 STORAGESUBTYPE {} DISPNAME {bind_op hadd} VISIBLE true} {BINDTYPE op ID {} IMPL fabric LATENCY 3 OPTYPE hmul PRAGMA yes RTLNAME hmul_16ns_16ns_16_4_no_dsp_1_U293 SOURCE ../gen/Hls_Layers_UpConv.tpp:125 VARIABLE prod_89 LOOP KW_LOOP_FLAT_LOOP BUNDLEDNAME {} DSP 0 BRAM 0 URAM 0 STORAGESUBTYPE {} DISPNAME {bind_op hmul} VISIBLE true} {BINDTYPE op ID {} IMPL fulldsp LATENCY 4 OPTYPE hadd PRAGMA {} RTLNAME hadd_16ns_16ns_16_5_full_dsp_1_U120 SOURCE ../gen/Hls_Layers_UpConv.tpp:126 VARIABLE dot_89 LOOP KW_LOOP_FLAT_LOOP BUNDLEDNAME {} DSP 2 BRAM 0 URAM 0 STORAGESUBTYPE {} DISPNAME {bind_op hadd} VISIBLE true} {BINDTYPE op ID {} IMPL fabric LATENCY 3 OPTYPE hmul PRAGMA yes RTLNAME hmul_16ns_16ns_16_4_no_dsp_1_U294 SOURCE ../gen/Hls_Layers_UpConv.tpp:125 VARIABLE prod_90 LOOP KW_LOOP_FLAT_LOOP BUNDLEDNAME {} DSP 0 BRAM 0 URAM 0 STORAGESUBTYPE {} DISPNAME {bind_op hmul} VISIBLE true} {BINDTYPE op ID {} IMPL fulldsp LATENCY 4 OPTYPE hadd PRAGMA {} RTLNAME hadd_16ns_16ns_16_5_full_dsp_1_U128 SOURCE ../gen/Hls_Layers_UpConv.tpp:126 VARIABLE dot_90 LOOP KW_LOOP_FLAT_LOOP BUNDLEDNAME {} DSP 2 BRAM 0 URAM 0 STORAGESUBTYPE {} DISPNAME {bind_op hadd} VISIBLE true} {BINDTYPE op ID {} IMPL fabric LATENCY 3 OPTYPE hmul PRAGMA yes RTLNAME hmul_16ns_16ns_16_4_no_dsp_1_U295 SOURCE ../gen/Hls_Layers_UpConv.tpp:125 VARIABLE prod_91 LOOP KW_LOOP_FLAT_LOOP BUNDLEDNAME {} DSP 0 BRAM 0 URAM 0 STORAGESUBTYPE {} DISPNAME {bind_op hmul} VISIBLE true} {BINDTYPE op ID {} IMPL fulldsp LATENCY 4 OPTYPE hadd PRAGMA {} RTLNAME hadd_16ns_16ns_16_5_full_dsp_1_U136 SOURCE ../gen/Hls_Layers_UpConv.tpp:126 VARIABLE dot_91 LOOP KW_LOOP_FLAT_LOOP BUNDLEDNAME {} DSP 2 BRAM 0 URAM 0 STORAGESUBTYPE {} DISPNAME {bind_op hadd} VISIBLE true} {BINDTYPE op ID {} IMPL fabric LATENCY 3 OPTYPE hmul PRAGMA yes RTLNAME hmul_16ns_16ns_16_4_no_dsp_1_U296 SOURCE ../gen/Hls_Layers_UpConv.tpp:125 VARIABLE prod_92 LOOP KW_LOOP_FLAT_LOOP BUNDLEDNAME {} DSP 0 BRAM 0 URAM 0 STORAGESUBTYPE {} DISPNAME {bind_op hmul} VISIBLE true} {BINDTYPE op ID {} IMPL fulldsp LATENCY 4 OPTYPE hadd PRAGMA {} RTLNAME hadd_16ns_16ns_16_5_full_dsp_1_U144 SOURCE ../gen/Hls_Layers_UpConv.tpp:126 VARIABLE dot_92 LOOP KW_LOOP_FLAT_LOOP BUNDLEDNAME {} DSP 2 BRAM 0 URAM 0 STORAGESUBTYPE {} DISPNAME {bind_op hadd} VISIBLE true} {BINDTYPE op ID {} IMPL fabric LATENCY 3 OPTYPE hmul PRAGMA yes RTLNAME hmul_16ns_16ns_16_4_no_dsp_1_U297 SOURCE ../gen/Hls_Layers_UpConv.tpp:125 VARIABLE prod_93 LOOP KW_LOOP_FLAT_LOOP BUNDLEDNAME {} DSP 0 BRAM 0 URAM 0 STORAGESUBTYPE {} DISPNAME {bind_op hmul} VISIBLE true} {BINDTYPE op ID {} IMPL fulldsp LATENCY 4 OPTYPE hadd PRAGMA {} RTLNAME hadd_16ns_16ns_16_5_full_dsp_1_U152 SOURCE ../gen/Hls_Layers_UpConv.tpp:126 VARIABLE dot_93 LOOP KW_LOOP_FLAT_LOOP BUNDLEDNAME {} DSP 2 BRAM 0 URAM 0 STORAGESUBTYPE {} DISPNAME {bind_op hadd} VISIBLE true} {BINDTYPE op ID {} IMPL fabric LATENCY 3 OPTYPE hmul PRAGMA yes RTLNAME hmul_16ns_16ns_16_4_no_dsp_1_U298 SOURCE ../gen/Hls_Layers_UpConv.tpp:125 VARIABLE prod_94 LOOP KW_LOOP_FLAT_LOOP BUNDLEDNAME {} DSP 0 BRAM 0 URAM 0 STORAGESUBTYPE {} DISPNAME {bind_op hmul} VISIBLE true} {BINDTYPE op ID {} IMPL fulldsp LATENCY 4 OPTYPE hadd PRAGMA {} RTLNAME hadd_16ns_16ns_16_5_full_dsp_1_U160 SOURCE ../gen/Hls_Layers_UpConv.tpp:126 VARIABLE dot_94 LOOP KW_LOOP_FLAT_LOOP BUNDLEDNAME {} DSP 2 BRAM 0 URAM 0 STORAGESUBTYPE {} DISPNAME {bind_op hadd} VISIBLE true} {BINDTYPE op ID {} IMPL fabric LATENCY 3 OPTYPE hmul PRAGMA yes RTLNAME hmul_16ns_16ns_16_4_no_dsp_1_U299 SOURCE ../gen/Hls_Layers_UpConv.tpp:125 VARIABLE prod_95 LOOP KW_LOOP_FLAT_LOOP BUNDLEDNAME {} DSP 0 BRAM 0 URAM 0 STORAGESUBTYPE {} DISPNAME {bind_op hmul} VISIBLE true} {BINDTYPE op ID {} IMPL fulldsp LATENCY 4 OPTYPE hadd PRAGMA {} RTLNAME hadd_16ns_16ns_16_5_full_dsp_1_U41 SOURCE ../gen/Hls_Layers_UpConv.tpp:126 VARIABLE dot_95 LOOP KW_LOOP_FLAT_LOOP BUNDLEDNAME {} DSP 2 BRAM 0 URAM 0 STORAGESUBTYPE {} DISPNAME {bind_op hadd} VISIBLE true} {BINDTYPE op ID {} IMPL fabric LATENCY 3 OPTYPE hmul PRAGMA yes RTLNAME hmul_16ns_16ns_16_4_no_dsp_1_U300 SOURCE ../gen/Hls_Layers_UpConv.tpp:125 VARIABLE prod_96 LOOP KW_LOOP_FLAT_LOOP BUNDLEDNAME {} DSP 0 BRAM 0 URAM 0 STORAGESUBTYPE {} DISPNAME {bind_op hmul} VISIBLE true} {BINDTYPE op ID {} IMPL fulldsp LATENCY 4 OPTYPE hadd PRAGMA {} RTLNAME hadd_16ns_16ns_16_5_full_dsp_1_U49 SOURCE ../gen/Hls_Layers_UpConv.tpp:126 VARIABLE dot_96 LOOP KW_LOOP_FLAT_LOOP BUNDLEDNAME {} DSP 2 BRAM 0 URAM 0 STORAGESUBTYPE {} DISPNAME {bind_op hadd} VISIBLE true} {BINDTYPE op ID {} IMPL fabric LATENCY 3 OPTYPE hmul PRAGMA yes RTLNAME hmul_16ns_16ns_16_4_no_dsp_1_U301 SOURCE ../gen/Hls_Layers_UpConv.tpp:125 VARIABLE prod_97 LOOP KW_LOOP_FLAT_LOOP BUNDLEDNAME {} DSP 0 BRAM 0 URAM 0 STORAGESUBTYPE {} DISPNAME {bind_op hmul} VISIBLE true} {BINDTYPE op ID {} IMPL fulldsp LATENCY 4 OPTYPE hadd PRAGMA {} RTLNAME hadd_16ns_16ns_16_5_full_dsp_1_U57 SOURCE ../gen/Hls_Layers_UpConv.tpp:126 VARIABLE dot_97 LOOP KW_LOOP_FLAT_LOOP BUNDLEDNAME {} DSP 2 BRAM 0 URAM 0 STORAGESUBTYPE {} DISPNAME {bind_op hadd} VISIBLE true} {BINDTYPE op ID {} IMPL fabric LATENCY 3 OPTYPE hmul PRAGMA yes RTLNAME hmul_16ns_16ns_16_4_no_dsp_1_U302 SOURCE ../gen/Hls_Layers_UpConv.tpp:125 VARIABLE prod_98 LOOP KW_LOOP_FLAT_LOOP BUNDLEDNAME {} DSP 0 BRAM 0 URAM 0 STORAGESUBTYPE {} DISPNAME {bind_op hmul} VISIBLE true} {BINDTYPE op ID {} IMPL fulldsp LATENCY 4 OPTYPE hadd PRAGMA {} RTLNAME hadd_16ns_16ns_16_5_full_dsp_1_U65 SOURCE ../gen/Hls_Layers_UpConv.tpp:126 VARIABLE dot_98 LOOP KW_LOOP_FLAT_LOOP BUNDLEDNAME {} DSP 2 BRAM 0 URAM 0 STORAGESUBTYPE {} DISPNAME {bind_op hadd} VISIBLE true} {BINDTYPE op ID {} IMPL fabric LATENCY 3 OPTYPE hmul PRAGMA yes RTLNAME hmul_16ns_16ns_16_4_no_dsp_1_U303 SOURCE ../gen/Hls_Layers_UpConv.tpp:125 VARIABLE prod_99 LOOP KW_LOOP_FLAT_LOOP BUNDLEDNAME {} DSP 0 BRAM 0 URAM 0 STORAGESUBTYPE {} DISPNAME {bind_op hmul} VISIBLE true} {BINDTYPE op ID {} IMPL fulldsp LATENCY 4 OPTYPE hadd PRAGMA {} RTLNAME hadd_16ns_16ns_16_5_full_dsp_1_U73 SOURCE ../gen/Hls_Layers_UpConv.tpp:126 VARIABLE dot_99 LOOP KW_LOOP_FLAT_LOOP BUNDLEDNAME {} DSP 2 BRAM 0 URAM 0 STORAGESUBTYPE {} DISPNAME {bind_op hadd} VISIBLE true} {BINDTYPE op ID {} IMPL fabric LATENCY 3 OPTYPE hmul PRAGMA yes RTLNAME hmul_16ns_16ns_16_4_no_dsp_1_U304 SOURCE ../gen/Hls_Layers_UpConv.tpp:125 VARIABLE prod_100 LOOP KW_LOOP_FLAT_LOOP BUNDLEDNAME {} DSP 0 BRAM 0 URAM 0 STORAGESUBTYPE {} DISPNAME {bind_op hmul} VISIBLE true} {BINDTYPE op ID {} IMPL fulldsp LATENCY 4 OPTYPE hadd PRAGMA {} RTLNAME hadd_16ns_16ns_16_5_full_dsp_1_U81 SOURCE ../gen/Hls_Layers_UpConv.tpp:126 VARIABLE dot_100 LOOP KW_LOOP_FLAT_LOOP BUNDLEDNAME {} DSP 2 BRAM 0 URAM 0 STORAGESUBTYPE {} DISPNAME {bind_op hadd} VISIBLE true} {BINDTYPE op ID {} IMPL fabric LATENCY 3 OPTYPE hmul PRAGMA yes RTLNAME hmul_16ns_16ns_16_4_no_dsp_1_U305 SOURCE ../gen/Hls_Layers_UpConv.tpp:125 VARIABLE prod_101 LOOP KW_LOOP_FLAT_LOOP BUNDLEDNAME {} DSP 0 BRAM 0 URAM 0 STORAGESUBTYPE {} DISPNAME {bind_op hmul} VISIBLE true} {BINDTYPE op ID {} IMPL fulldsp LATENCY 4 OPTYPE hadd PRAGMA {} RTLNAME hadd_16ns_16ns_16_5_full_dsp_1_U89 SOURCE ../gen/Hls_Layers_UpConv.tpp:126 VARIABLE dot_101 LOOP KW_LOOP_FLAT_LOOP BUNDLEDNAME {} DSP 2 BRAM 0 URAM 0 STORAGESUBTYPE {} DISPNAME {bind_op hadd} VISIBLE true} {BINDTYPE op ID {} IMPL fabric LATENCY 3 OPTYPE hmul PRAGMA yes RTLNAME hmul_16ns_16ns_16_4_no_dsp_1_U306 SOURCE ../gen/Hls_Layers_UpConv.tpp:125 VARIABLE prod_102 LOOP KW_LOOP_FLAT_LOOP BUNDLEDNAME {} DSP 0 BRAM 0 URAM 0 STORAGESUBTYPE {} DISPNAME {bind_op hmul} VISIBLE true} {BINDTYPE op ID {} IMPL fulldsp LATENCY 4 OPTYPE hadd PRAGMA {} RTLNAME hadd_16ns_16ns_16_5_full_dsp_1_U97 SOURCE ../gen/Hls_Layers_UpConv.tpp:126 VARIABLE dot_102 LOOP KW_LOOP_FLAT_LOOP BUNDLEDNAME {} DSP 2 BRAM 0 URAM 0 STORAGESUBTYPE {} DISPNAME {bind_op hadd} VISIBLE true} {BINDTYPE op ID {} IMPL fabric LATENCY 3 OPTYPE hmul PRAGMA yes RTLNAME hmul_16ns_16ns_16_4_no_dsp_1_U307 SOURCE ../gen/Hls_Layers_UpConv.tpp:125 VARIABLE prod_103 LOOP KW_LOOP_FLAT_LOOP BUNDLEDNAME {} DSP 0 BRAM 0 URAM 0 STORAGESUBTYPE {} DISPNAME {bind_op hmul} VISIBLE true} {BINDTYPE op ID {} IMPL fulldsp LATENCY 4 OPTYPE hadd PRAGMA {} RTLNAME hadd_16ns_16ns_16_5_full_dsp_1_U105 SOURCE ../gen/Hls_Layers_UpConv.tpp:126 VARIABLE dot_103 LOOP KW_LOOP_FLAT_LOOP BUNDLEDNAME {} DSP 2 BRAM 0 URAM 0 STORAGESUBTYPE {} DISPNAME {bind_op hadd} VISIBLE true} {BINDTYPE op ID {} IMPL fabric LATENCY 3 OPTYPE hmul PRAGMA yes RTLNAME hmul_16ns_16ns_16_4_no_dsp_1_U308 SOURCE ../gen/Hls_Layers_UpConv.tpp:125 VARIABLE prod_104 LOOP KW_LOOP_FLAT_LOOP BUNDLEDNAME {} DSP 0 BRAM 0 URAM 0 STORAGESUBTYPE {} DISPNAME {bind_op hmul} VISIBLE true} {BINDTYPE op ID {} IMPL fulldsp LATENCY 4 OPTYPE hadd PRAGMA {} RTLNAME hadd_16ns_16ns_16_5_full_dsp_1_U113 SOURCE ../gen/Hls_Layers_UpConv.tpp:126 VARIABLE dot_104 LOOP KW_LOOP_FLAT_LOOP BUNDLEDNAME {} DSP 2 BRAM 0 URAM 0 STORAGESUBTYPE {} DISPNAME {bind_op hadd} VISIBLE true} {BINDTYPE op ID {} IMPL fabric LATENCY 3 OPTYPE hmul PRAGMA yes RTLNAME hmul_16ns_16ns_16_4_no_dsp_1_U309 SOURCE ../gen/Hls_Layers_UpConv.tpp:125 VARIABLE prod_105 LOOP KW_LOOP_FLAT_LOOP BUNDLEDNAME {} DSP 0 BRAM 0 URAM 0 STORAGESUBTYPE {} DISPNAME {bind_op hmul} VISIBLE true} {BINDTYPE op ID {} IMPL fulldsp LATENCY 4 OPTYPE hadd PRAGMA {} RTLNAME hadd_16ns_16ns_16_5_full_dsp_1_U121 SOURCE ../gen/Hls_Layers_UpConv.tpp:126 VARIABLE dot_105 LOOP KW_LOOP_FLAT_LOOP BUNDLEDNAME {} DSP 2 BRAM 0 URAM 0 STORAGESUBTYPE {} DISPNAME {bind_op hadd} VISIBLE true} {BINDTYPE op ID {} IMPL fabric LATENCY 3 OPTYPE hmul PRAGMA yes RTLNAME hmul_16ns_16ns_16_4_no_dsp_1_U310 SOURCE ../gen/Hls_Layers_UpConv.tpp:125 VARIABLE prod_106 LOOP KW_LOOP_FLAT_LOOP BUNDLEDNAME {} DSP 0 BRAM 0 URAM 0 STORAGESUBTYPE {} DISPNAME {bind_op hmul} VISIBLE true} {BINDTYPE op ID {} IMPL fulldsp LATENCY 4 OPTYPE hadd PRAGMA {} RTLNAME hadd_16ns_16ns_16_5_full_dsp_1_U129 SOURCE ../gen/Hls_Layers_UpConv.tpp:126 VARIABLE dot_106 LOOP KW_LOOP_FLAT_LOOP BUNDLEDNAME {} DSP 2 BRAM 0 URAM 0 STORAGESUBTYPE {} DISPNAME {bind_op hadd} VISIBLE true} {BINDTYPE op ID {} IMPL fabric LATENCY 3 OPTYPE hmul PRAGMA yes RTLNAME hmul_16ns_16ns_16_4_no_dsp_1_U311 SOURCE ../gen/Hls_Layers_UpConv.tpp:125 VARIABLE prod_107 LOOP KW_LOOP_FLAT_LOOP BUNDLEDNAME {} DSP 0 BRAM 0 URAM 0 STORAGESUBTYPE {} DISPNAME {bind_op hmul} VISIBLE true} {BINDTYPE op ID {} IMPL fulldsp LATENCY 4 OPTYPE hadd PRAGMA {} RTLNAME hadd_16ns_16ns_16_5_full_dsp_1_U137 SOURCE ../gen/Hls_Layers_UpConv.tpp:126 VARIABLE dot_107 LOOP KW_LOOP_FLAT_LOOP BUNDLEDNAME {} DSP 2 BRAM 0 URAM 0 STORAGESUBTYPE {} DISPNAME {bind_op hadd} VISIBLE true} {BINDTYPE op ID {} IMPL fabric LATENCY 3 OPTYPE hmul PRAGMA yes RTLNAME hmul_16ns_16ns_16_4_no_dsp_1_U312 SOURCE ../gen/Hls_Layers_UpConv.tpp:125 VARIABLE prod_108 LOOP KW_LOOP_FLAT_LOOP BUNDLEDNAME {} DSP 0 BRAM 0 URAM 0 STORAGESUBTYPE {} DISPNAME {bind_op hmul} VISIBLE true} {BINDTYPE op ID {} IMPL fulldsp LATENCY 4 OPTYPE hadd PRAGMA {} RTLNAME hadd_16ns_16ns_16_5_full_dsp_1_U145 SOURCE ../gen/Hls_Layers_UpConv.tpp:126 VARIABLE dot_108 LOOP KW_LOOP_FLAT_LOOP BUNDLEDNAME {} DSP 2 BRAM 0 URAM 0 STORAGESUBTYPE {} DISPNAME {bind_op hadd} VISIBLE true} {BINDTYPE op ID {} IMPL fabric LATENCY 3 OPTYPE hmul PRAGMA yes RTLNAME hmul_16ns_16ns_16_4_no_dsp_1_U313 SOURCE ../gen/Hls_Layers_UpConv.tpp:125 VARIABLE prod_109 LOOP KW_LOOP_FLAT_LOOP BUNDLEDNAME {} DSP 0 BRAM 0 URAM 0 STORAGESUBTYPE {} DISPNAME {bind_op hmul} VISIBLE true} {BINDTYPE op ID {} IMPL fulldsp LATENCY 4 OPTYPE hadd PRAGMA {} RTLNAME hadd_16ns_16ns_16_5_full_dsp_1_U153 SOURCE ../gen/Hls_Layers_UpConv.tpp:126 VARIABLE dot_109 LOOP KW_LOOP_FLAT_LOOP BUNDLEDNAME {} DSP 2 BRAM 0 URAM 0 STORAGESUBTYPE {} DISPNAME {bind_op hadd} VISIBLE true} {BINDTYPE op ID {} IMPL fabric LATENCY 3 OPTYPE hmul PRAGMA yes RTLNAME hmul_16ns_16ns_16_4_no_dsp_1_U314 SOURCE ../gen/Hls_Layers_UpConv.tpp:125 VARIABLE prod_110 LOOP KW_LOOP_FLAT_LOOP BUNDLEDNAME {} DSP 0 BRAM 0 URAM 0 STORAGESUBTYPE {} DISPNAME {bind_op hmul} VISIBLE true} {BINDTYPE op ID {} IMPL fulldsp LATENCY 4 OPTYPE hadd PRAGMA {} RTLNAME hadd_16ns_16ns_16_5_full_dsp_1_U161 SOURCE ../gen/Hls_Layers_UpConv.tpp:126 VARIABLE dot_110 LOOP KW_LOOP_FLAT_LOOP BUNDLEDNAME {} DSP 2 BRAM 0 URAM 0 STORAGESUBTYPE {} DISPNAME {bind_op hadd} VISIBLE true} {BINDTYPE op ID {} IMPL fabric LATENCY 3 OPTYPE hmul PRAGMA yes RTLNAME hmul_16ns_16ns_16_4_no_dsp_1_U315 SOURCE ../gen/Hls_Layers_UpConv.tpp:125 VARIABLE prod_111 LOOP KW_LOOP_FLAT_LOOP BUNDLEDNAME {} DSP 0 BRAM 0 URAM 0 STORAGESUBTYPE {} DISPNAME {bind_op hmul} VISIBLE true} {BINDTYPE op ID {} IMPL fulldsp LATENCY 4 OPTYPE hadd PRAGMA {} RTLNAME hadd_16ns_16ns_16_5_full_dsp_1_U42 SOURCE ../gen/Hls_Layers_UpConv.tpp:126 VARIABLE dot_111 LOOP KW_LOOP_FLAT_LOOP BUNDLEDNAME {} DSP 2 BRAM 0 URAM 0 STORAGESUBTYPE {} DISPNAME {bind_op hadd} VISIBLE true} {BINDTYPE op ID {} IMPL fabric LATENCY 3 OPTYPE hmul PRAGMA yes RTLNAME hmul_16ns_16ns_16_4_no_dsp_1_U316 SOURCE ../gen/Hls_Layers_UpConv.tpp:125 VARIABLE prod_112 LOOP KW_LOOP_FLAT_LOOP BUNDLEDNAME {} DSP 0 BRAM 0 URAM 0 STORAGESUBTYPE {} DISPNAME {bind_op hmul} VISIBLE true} {BINDTYPE op ID {} IMPL fulldsp LATENCY 4 OPTYPE hadd PRAGMA {} RTLNAME hadd_16ns_16ns_16_5_full_dsp_1_U50 SOURCE ../gen/Hls_Layers_UpConv.tpp:126 VARIABLE dot_112 LOOP KW_LOOP_FLAT_LOOP BUNDLEDNAME {} DSP 2 BRAM 0 URAM 0 STORAGESUBTYPE {} DISPNAME {bind_op hadd} VISIBLE true} {BINDTYPE op ID {} IMPL fabric LATENCY 3 OPTYPE hmul PRAGMA yes RTLNAME hmul_16ns_16ns_16_4_no_dsp_1_U317 SOURCE ../gen/Hls_Layers_UpConv.tpp:125 VARIABLE prod_113 LOOP KW_LOOP_FLAT_LOOP BUNDLEDNAME {} DSP 0 BRAM 0 URAM 0 STORAGESUBTYPE {} DISPNAME {bind_op hmul} VISIBLE true} {BINDTYPE op ID {} IMPL fulldsp LATENCY 4 OPTYPE hadd PRAGMA {} RTLNAME hadd_16ns_16ns_16_5_full_dsp_1_U58 SOURCE ../gen/Hls_Layers_UpConv.tpp:126 VARIABLE dot_113 LOOP KW_LOOP_FLAT_LOOP BUNDLEDNAME {} DSP 2 BRAM 0 URAM 0 STORAGESUBTYPE {} DISPNAME {bind_op hadd} VISIBLE true} {BINDTYPE op ID {} IMPL fabric LATENCY 3 OPTYPE hmul PRAGMA yes RTLNAME hmul_16ns_16ns_16_4_no_dsp_1_U318 SOURCE ../gen/Hls_Layers_UpConv.tpp:125 VARIABLE prod_114 LOOP KW_LOOP_FLAT_LOOP BUNDLEDNAME {} DSP 0 BRAM 0 URAM 0 STORAGESUBTYPE {} DISPNAME {bind_op hmul} VISIBLE true} {BINDTYPE op ID {} IMPL fulldsp LATENCY 4 OPTYPE hadd PRAGMA {} RTLNAME hadd_16ns_16ns_16_5_full_dsp_1_U66 SOURCE ../gen/Hls_Layers_UpConv.tpp:126 VARIABLE dot_114 LOOP KW_LOOP_FLAT_LOOP BUNDLEDNAME {} DSP 2 BRAM 0 URAM 0 STORAGESUBTYPE {} DISPNAME {bind_op hadd} VISIBLE true} {BINDTYPE op ID {} IMPL fabric LATENCY 3 OPTYPE hmul PRAGMA yes RTLNAME hmul_16ns_16ns_16_4_no_dsp_1_U319 SOURCE ../gen/Hls_Layers_UpConv.tpp:125 VARIABLE prod_115 LOOP KW_LOOP_FLAT_LOOP BUNDLEDNAME {} DSP 0 BRAM 0 URAM 0 STORAGESUBTYPE {} DISPNAME {bind_op hmul} VISIBLE true} {BINDTYPE op ID {} IMPL fulldsp LATENCY 4 OPTYPE hadd PRAGMA {} RTLNAME hadd_16ns_16ns_16_5_full_dsp_1_U74 SOURCE ../gen/Hls_Layers_UpConv.tpp:126 VARIABLE dot_115 LOOP KW_LOOP_FLAT_LOOP BUNDLEDNAME {} DSP 2 BRAM 0 URAM 0 STORAGESUBTYPE {} DISPNAME {bind_op hadd} VISIBLE true} {BINDTYPE op ID {} IMPL fabric LATENCY 3 OPTYPE hmul PRAGMA yes RTLNAME hmul_16ns_16ns_16_4_no_dsp_1_U320 SOURCE ../gen/Hls_Layers_UpConv.tpp:125 VARIABLE prod_116 LOOP KW_LOOP_FLAT_LOOP BUNDLEDNAME {} DSP 0 BRAM 0 URAM 0 STORAGESUBTYPE {} DISPNAME {bind_op hmul} VISIBLE true} {BINDTYPE op ID {} IMPL fulldsp LATENCY 4 OPTYPE hadd PRAGMA {} RTLNAME hadd_16ns_16ns_16_5_full_dsp_1_U82 SOURCE ../gen/Hls_Layers_UpConv.tpp:126 VARIABLE dot_116 LOOP KW_LOOP_FLAT_LOOP BUNDLEDNAME {} DSP 2 BRAM 0 URAM 0 STORAGESUBTYPE {} DISPNAME {bind_op hadd} VISIBLE true} {BINDTYPE op ID {} IMPL fabric LATENCY 3 OPTYPE hmul PRAGMA yes RTLNAME hmul_16ns_16ns_16_4_no_dsp_1_U321 SOURCE ../gen/Hls_Layers_UpConv.tpp:125 VARIABLE prod_117 LOOP KW_LOOP_FLAT_LOOP BUNDLEDNAME {} DSP 0 BRAM 0 URAM 0 STORAGESUBTYPE {} DISPNAME {bind_op hmul} VISIBLE true} {BINDTYPE op ID {} IMPL fulldsp LATENCY 4 OPTYPE hadd PRAGMA {} RTLNAME hadd_16ns_16ns_16_5_full_dsp_1_U90 SOURCE ../gen/Hls_Layers_UpConv.tpp:126 VARIABLE dot_117 LOOP KW_LOOP_FLAT_LOOP BUNDLEDNAME {} DSP 2 BRAM 0 URAM 0 STORAGESUBTYPE {} DISPNAME {bind_op hadd} VISIBLE true} {BINDTYPE op ID {} IMPL fabric LATENCY 3 OPTYPE hmul PRAGMA yes RTLNAME hmul_16ns_16ns_16_4_no_dsp_1_U322 SOURCE ../gen/Hls_Layers_UpConv.tpp:125 VARIABLE prod_118 LOOP KW_LOOP_FLAT_LOOP BUNDLEDNAME {} DSP 0 BRAM 0 URAM 0 STORAGESUBTYPE {} DISPNAME {bind_op hmul} VISIBLE true} {BINDTYPE op ID {} IMPL fulldsp LATENCY 4 OPTYPE hadd PRAGMA {} RTLNAME hadd_16ns_16ns_16_5_full_dsp_1_U98 SOURCE ../gen/Hls_Layers_UpConv.tpp:126 VARIABLE dot_118 LOOP KW_LOOP_FLAT_LOOP BUNDLEDNAME {} DSP 2 BRAM 0 URAM 0 STORAGESUBTYPE {} DISPNAME {bind_op hadd} VISIBLE true} {BINDTYPE op ID {} IMPL fabric LATENCY 3 OPTYPE hmul PRAGMA yes RTLNAME hmul_16ns_16ns_16_4_no_dsp_1_U323 SOURCE ../gen/Hls_Layers_UpConv.tpp:125 VARIABLE prod_119 LOOP KW_LOOP_FLAT_LOOP BUNDLEDNAME {} DSP 0 BRAM 0 URAM 0 STORAGESUBTYPE {} DISPNAME {bind_op hmul} VISIBLE true} {BINDTYPE op ID {} IMPL fulldsp LATENCY 4 OPTYPE hadd PRAGMA {} RTLNAME hadd_16ns_16ns_16_5_full_dsp_1_U106 SOURCE ../gen/Hls_Layers_UpConv.tpp:126 VARIABLE dot_119 LOOP KW_LOOP_FLAT_LOOP BUNDLEDNAME {} DSP 2 BRAM 0 URAM 0 STORAGESUBTYPE {} DISPNAME {bind_op hadd} VISIBLE true} {BINDTYPE op ID {} IMPL fabric LATENCY 3 OPTYPE hmul PRAGMA yes RTLNAME hmul_16ns_16ns_16_4_no_dsp_1_U324 SOURCE ../gen/Hls_Layers_UpConv.tpp:125 VARIABLE prod_120 LOOP KW_LOOP_FLAT_LOOP BUNDLEDNAME {} DSP 0 BRAM 0 URAM 0 STORAGESUBTYPE {} DISPNAME {bind_op hmul} VISIBLE true} {BINDTYPE op ID {} IMPL fulldsp LATENCY 4 OPTYPE hadd PRAGMA {} RTLNAME hadd_16ns_16ns_16_5_full_dsp_1_U114 SOURCE ../gen/Hls_Layers_UpConv.tpp:126 VARIABLE dot_120 LOOP KW_LOOP_FLAT_LOOP BUNDLEDNAME {} DSP 2 BRAM 0 URAM 0 STORAGESUBTYPE {} DISPNAME {bind_op hadd} VISIBLE true} {BINDTYPE op ID {} IMPL fabric LATENCY 3 OPTYPE hmul PRAGMA yes RTLNAME hmul_16ns_16ns_16_4_no_dsp_1_U325 SOURCE ../gen/Hls_Layers_UpConv.tpp:125 VARIABLE prod_121 LOOP KW_LOOP_FLAT_LOOP BUNDLEDNAME {} DSP 0 BRAM 0 URAM 0 STORAGESUBTYPE {} DISPNAME {bind_op hmul} VISIBLE true} {BINDTYPE op ID {} IMPL fulldsp LATENCY 4 OPTYPE hadd PRAGMA {} RTLNAME hadd_16ns_16ns_16_5_full_dsp_1_U122 SOURCE ../gen/Hls_Layers_UpConv.tpp:126 VARIABLE dot_121 LOOP KW_LOOP_FLAT_LOOP BUNDLEDNAME {} DSP 2 BRAM 0 URAM 0 STORAGESUBTYPE {} DISPNAME {bind_op hadd} VISIBLE true} {BINDTYPE op ID {} IMPL fabric LATENCY 3 OPTYPE hmul PRAGMA yes RTLNAME hmul_16ns_16ns_16_4_no_dsp_1_U326 SOURCE ../gen/Hls_Layers_UpConv.tpp:125 VARIABLE prod_122 LOOP KW_LOOP_FLAT_LOOP BUNDLEDNAME {} DSP 0 BRAM 0 URAM 0 STORAGESUBTYPE {} DISPNAME {bind_op hmul} VISIBLE true} {BINDTYPE op ID {} IMPL fulldsp LATENCY 4 OPTYPE hadd PRAGMA {} RTLNAME hadd_16ns_16ns_16_5_full_dsp_1_U130 SOURCE ../gen/Hls_Layers_UpConv.tpp:126 VARIABLE dot_122 LOOP KW_LOOP_FLAT_LOOP BUNDLEDNAME {} DSP 2 BRAM 0 URAM 0 STORAGESUBTYPE {} DISPNAME {bind_op hadd} VISIBLE true} {BINDTYPE op ID {} IMPL fabric LATENCY 3 OPTYPE hmul PRAGMA yes RTLNAME hmul_16ns_16ns_16_4_no_dsp_1_U327 SOURCE ../gen/Hls_Layers_UpConv.tpp:125 VARIABLE prod_123 LOOP KW_LOOP_FLAT_LOOP BUNDLEDNAME {} DSP 0 BRAM 0 URAM 0 STORAGESUBTYPE {} DISPNAME {bind_op hmul} VISIBLE true} {BINDTYPE op ID {} IMPL fulldsp LATENCY 4 OPTYPE hadd PRAGMA {} RTLNAME hadd_16ns_16ns_16_5_full_dsp_1_U138 SOURCE ../gen/Hls_Layers_UpConv.tpp:126 VARIABLE dot_123 LOOP KW_LOOP_FLAT_LOOP BUNDLEDNAME {} DSP 2 BRAM 0 URAM 0 STORAGESUBTYPE {} DISPNAME {bind_op hadd} VISIBLE true} {BINDTYPE op ID {} IMPL fabric LATENCY 3 OPTYPE hmul PRAGMA yes RTLNAME hmul_16ns_16ns_16_4_no_dsp_1_U328 SOURCE ../gen/Hls_Layers_UpConv.tpp:125 VARIABLE prod_124 LOOP KW_LOOP_FLAT_LOOP BUNDLEDNAME {} DSP 0 BRAM 0 URAM 0 STORAGESUBTYPE {} DISPNAME {bind_op hmul} VISIBLE true} {BINDTYPE op ID {} IMPL fulldsp LATENCY 4 OPTYPE hadd PRAGMA {} RTLNAME hadd_16ns_16ns_16_5_full_dsp_1_U146 SOURCE ../gen/Hls_Layers_UpConv.tpp:126 VARIABLE dot_124 LOOP KW_LOOP_FLAT_LOOP BUNDLEDNAME {} DSP 2 BRAM 0 URAM 0 STORAGESUBTYPE {} DISPNAME {bind_op hadd} VISIBLE true} {BINDTYPE op ID {} IMPL fabric LATENCY 3 OPTYPE hmul PRAGMA yes RTLNAME hmul_16ns_16ns_16_4_no_dsp_1_U329 SOURCE ../gen/Hls_Layers_UpConv.tpp:125 VARIABLE prod_125 LOOP KW_LOOP_FLAT_LOOP BUNDLEDNAME {} DSP 0 BRAM 0 URAM 0 STORAGESUBTYPE {} DISPNAME {bind_op hmul} VISIBLE true} {BINDTYPE op ID {} IMPL fulldsp LATENCY 4 OPTYPE hadd PRAGMA {} RTLNAME hadd_16ns_16ns_16_5_full_dsp_1_U154 SOURCE ../gen/Hls_Layers_UpConv.tpp:126 VARIABLE dot_125 LOOP KW_LOOP_FLAT_LOOP BUNDLEDNAME {} DSP 2 BRAM 0 URAM 0 STORAGESUBTYPE {} DISPNAME {bind_op hadd} VISIBLE true} {BINDTYPE op ID {} IMPL fabric LATENCY 3 OPTYPE hmul PRAGMA yes RTLNAME hmul_16ns_16ns_16_4_no_dsp_1_U330 SOURCE ../gen/Hls_Layers_UpConv.tpp:125 VARIABLE prod_126 LOOP KW_LOOP_FLAT_LOOP BUNDLEDNAME {} DSP 0 BRAM 0 URAM 0 STORAGESUBTYPE {} DISPNAME {bind_op hmul} VISIBLE true} {BINDTYPE op ID {} IMPL fulldsp LATENCY 4 OPTYPE hadd PRAGMA {} RTLNAME hadd_16ns_16ns_16_5_full_dsp_1_U162 SOURCE ../gen/Hls_Layers_UpConv.tpp:126 VARIABLE dot_126 LOOP KW_LOOP_FLAT_LOOP BUNDLEDNAME {} DSP 2 BRAM 0 URAM 0 STORAGESUBTYPE {} DISPNAME {bind_op hadd} VISIBLE true} {BINDTYPE op ID {} IMPL compactencoding_dontcare LATENCY 0 OPTYPE sparsemux PRAGMA {} RTLNAME sparsemux_9_2_16_1_1_U331 SOURCE ../gen/Hls_Layers_UpConv.tpp:129 VARIABLE tmp_s LOOP KW_LOOP_FLAT_LOOP BUNDLEDNAME {} DSP 0 BRAM 0 URAM 0 STORAGESUBTYPE {} DISPNAME {bind_op sparsemux} VISIBLE false} {BINDTYPE op ID {} IMPL fulldsp LATENCY 4 OPTYPE hadd PRAGMA {} RTLNAME hadd_16ns_16ns_16_5_full_dsp_1_U163 SOURCE ../gen/Hls_Layers_UpConv.tpp:129 VARIABLE add2 LOOP KW_LOOP_FLAT_LOOP BUNDLEDNAME {} DSP 2 BRAM 0 URAM 0 STORAGESUBTYPE {} DISPNAME {bind_op hadd} VISIBLE true} {BINDTYPE op ID {} IMPL compactencoding_dontcare LATENCY 0 OPTYPE sparsemux PRAGMA {} RTLNAME sparsemux_9_2_16_1_1_U332 SOURCE ../gen/Hls_Layers_UpConv.tpp:129 VARIABLE tmp LOOP KW_LOOP_FLAT_LOOP BUNDLEDNAME {} DSP 0 BRAM 0 URAM 0 STORAGESUBTYPE {} DISPNAME {bind_op sparsemux} VISIBLE false} {BINDTYPE op ID {} IMPL fulldsp LATENCY 4 OPTYPE hadd PRAGMA {} RTLNAME hadd_16ns_16ns_16_5_full_dsp_1_U164 SOURCE ../gen/Hls_Layers_UpConv.tpp:129 VARIABLE add57_1 LOOP KW_LOOP_FLAT_LOOP BUNDLEDNAME {} DSP 2 BRAM 0 URAM 0 STORAGESUBTYPE {} DISPNAME {bind_op hadd} VISIBLE true} {BINDTYPE op ID {} IMPL compactencoding_dontcare LATENCY 0 OPTYPE sparsemux PRAGMA {} RTLNAME sparsemux_9_2_16_1_1_U333 SOURCE ../gen/Hls_Layers_UpConv.tpp:129 VARIABLE tmp_1 LOOP KW_LOOP_FLAT_LOOP BUNDLEDNAME {} DSP 0 BRAM 0 URAM 0 STORAGESUBTYPE {} DISPNAME {bind_op sparsemux} VISIBLE false} {BINDTYPE op ID {} IMPL fulldsp LATENCY 4 OPTYPE hadd PRAGMA {} RTLNAME hadd_16ns_16ns_16_5_full_dsp_1_U165 SOURCE ../gen/Hls_Layers_UpConv.tpp:129 VARIABLE add57_2 LOOP KW_LOOP_FLAT_LOOP BUNDLEDNAME {} DSP 2 BRAM 0 URAM 0 STORAGESUBTYPE {} DISPNAME {bind_op hadd} VISIBLE true} {BINDTYPE op ID {} IMPL compactencoding_dontcare LATENCY 0 OPTYPE sparsemux PRAGMA {} RTLNAME sparsemux_9_2_16_1_1_U334 SOURCE ../gen/Hls_Layers_UpConv.tpp:129 VARIABLE tmp_2 LOOP KW_LOOP_FLAT_LOOP BUNDLEDNAME {} DSP 0 BRAM 0 URAM 0 STORAGESUBTYPE {} DISPNAME {bind_op sparsemux} VISIBLE false} {BINDTYPE op ID {} IMPL fulldsp LATENCY 4 OPTYPE hadd PRAGMA {} RTLNAME hadd_16ns_16ns_16_5_full_dsp_1_U166 SOURCE ../gen/Hls_Layers_UpConv.tpp:129 VARIABLE add57_3 LOOP KW_LOOP_FLAT_LOOP BUNDLEDNAME {} DSP 2 BRAM 0 URAM 0 STORAGESUBTYPE {} DISPNAME {bind_op hadd} VISIBLE true} {BINDTYPE op ID {} IMPL compactencoding_dontcare LATENCY 0 OPTYPE sparsemux PRAGMA {} RTLNAME sparsemux_9_2_16_1_1_U335 SOURCE ../gen/Hls_Layers_UpConv.tpp:129 VARIABLE tmp_3 LOOP KW_LOOP_FLAT_LOOP BUNDLEDNAME {} DSP 0 BRAM 0 URAM 0 STORAGESUBTYPE {} DISPNAME {bind_op sparsemux} VISIBLE false} {BINDTYPE op ID {} IMPL fulldsp LATENCY 4 OPTYPE hadd PRAGMA {} RTLNAME hadd_16ns_16ns_16_5_full_dsp_1_U167 SOURCE ../gen/Hls_Layers_UpConv.tpp:129 VARIABLE add57_4 LOOP KW_LOOP_FLAT_LOOP BUNDLEDNAME {} DSP 2 BRAM 0 URAM 0 STORAGESUBTYPE {} DISPNAME {bind_op hadd} VISIBLE true} {BINDTYPE op ID {} IMPL compactencoding_dontcare LATENCY 0 OPTYPE sparsemux PRAGMA {} RTLNAME sparsemux_9_2_16_1_1_U336 SOURCE ../gen/Hls_Layers_UpConv.tpp:129 VARIABLE tmp_4 LOOP KW_LOOP_FLAT_LOOP BUNDLEDNAME {} DSP 0 BRAM 0 URAM 0 STORAGESUBTYPE {} DISPNAME {bind_op sparsemux} VISIBLE false} {BINDTYPE op ID {} IMPL fulldsp LATENCY 4 OPTYPE hadd PRAGMA {} RTLNAME hadd_16ns_16ns_16_5_full_dsp_1_U168 SOURCE ../gen/Hls_Layers_UpConv.tpp:129 VARIABLE add57_5 LOOP KW_LOOP_FLAT_LOOP BUNDLEDNAME {} DSP 2 BRAM 0 URAM 0 STORAGESUBTYPE {} DISPNAME {bind_op hadd} VISIBLE true} {BINDTYPE op ID {} IMPL compactencoding_dontcare LATENCY 0 OPTYPE sparsemux PRAGMA {} RTLNAME sparsemux_9_2_16_1_1_U337 SOURCE ../gen/Hls_Layers_UpConv.tpp:129 VARIABLE tmp_5 LOOP KW_LOOP_FLAT_LOOP BUNDLEDNAME {} DSP 0 BRAM 0 URAM 0 STORAGESUBTYPE {} DISPNAME {bind_op sparsemux} VISIBLE false} {BINDTYPE op ID {} IMPL fulldsp LATENCY 4 OPTYPE hadd PRAGMA {} RTLNAME hadd_16ns_16ns_16_5_full_dsp_1_U169 SOURCE ../gen/Hls_Layers_UpConv.tpp:129 VARIABLE add57_6 LOOP KW_LOOP_FLAT_LOOP BUNDLEDNAME {} DSP 2 BRAM 0 URAM 0 STORAGESUBTYPE {} DISPNAME {bind_op hadd} VISIBLE true} {BINDTYPE op ID {} IMPL compactencoding_dontcare LATENCY 0 OPTYPE sparsemux PRAGMA {} RTLNAME sparsemux_9_2_16_1_1_U338 SOURCE ../gen/Hls_Layers_UpConv.tpp:129 VARIABLE tmp_6 LOOP KW_LOOP_FLAT_LOOP BUNDLEDNAME {} DSP 0 BRAM 0 URAM 0 STORAGESUBTYPE {} DISPNAME {bind_op sparsemux} VISIBLE false} {BINDTYPE op ID {} IMPL fulldsp LATENCY 4 OPTYPE hadd PRAGMA {} RTLNAME hadd_16ns_16ns_16_5_full_dsp_1_U170 SOURCE ../gen/Hls_Layers_UpConv.tpp:129 VARIABLE add57_7 LOOP KW_LOOP_FLAT_LOOP BUNDLEDNAME {} DSP 2 BRAM 0 URAM 0 STORAGESUBTYPE {} DISPNAME {bind_op hadd} VISIBLE true} {BINDTYPE op ID {} IMPL auto_sel LATENCY 0 OPTYPE select PRAGMA {} RTLNAME psum_38_fu_4508_p3 SOURCE ../gen/Hls_Layers_UpConv.tpp:98 VARIABLE psum_38 LOOP KW_LOOP_FLAT_LOOP BUNDLEDNAME {} DSP 0 BRAM 0 URAM 0 STORAGESUBTYPE {} DISPNAME {bind_op select} VISIBLE false} {BINDTYPE op ID {} IMPL auto_sel LATENCY 0 OPTYPE select PRAGMA {} RTLNAME psum_36_fu_4513_p3 SOURCE ../gen/Hls_Layers_UpConv.tpp:98 VARIABLE psum_36 LOOP KW_LOOP_FLAT_LOOP BUNDLEDNAME {} DSP 0 BRAM 0 URAM 0 STORAGESUBTYPE {} DISPNAME {bind_op select} VISIBLE false} {BINDTYPE op ID {} IMPL auto_sel LATENCY 0 OPTYPE select PRAGMA {} RTLNAME psum_34_fu_4518_p3 SOURCE ../gen/Hls_Layers_UpConv.tpp:98 VARIABLE psum_34 LOOP KW_LOOP_FLAT_LOOP BUNDLEDNAME {} DSP 0 BRAM 0 URAM 0 STORAGESUBTYPE {} DISPNAME {bind_op select} VISIBLE false} {BINDTYPE op ID {} IMPL auto_sel LATENCY 0 OPTYPE select PRAGMA {} RTLNAME psum_32_fu_4523_p3 SOURCE ../gen/Hls_Layers_UpConv.tpp:98 VARIABLE psum_32 LOOP KW_LOOP_FLAT_LOOP BUNDLEDNAME {} DSP 0 BRAM 0 URAM 0 STORAGESUBTYPE {} DISPNAME {bind_op select} VISIBLE false} {BINDTYPE op ID {} IMPL auto_sel LATENCY 0 OPTYPE select PRAGMA {} RTLNAME psum_33_fu_4528_p3 SOURCE ../gen/Hls_Layers_UpConv.tpp:98 VARIABLE psum_33 LOOP KW_LOOP_FLAT_LOOP BUNDLEDNAME {} DSP 0 BRAM 0 URAM 0 STORAGESUBTYPE {} DISPNAME {bind_op select} VISIBLE false} {BINDTYPE op ID {} IMPL auto_sel LATENCY 0 OPTYPE select PRAGMA {} RTLNAME psum_35_fu_4533_p3 SOURCE ../gen/Hls_Layers_UpConv.tpp:98 VARIABLE psum_35 LOOP KW_LOOP_FLAT_LOOP BUNDLEDNAME {} DSP 0 BRAM 0 URAM 0 STORAGESUBTYPE {} DISPNAME {bind_op select} VISIBLE false} {BINDTYPE op ID {} IMPL auto_sel LATENCY 0 OPTYPE select PRAGMA {} RTLNAME psum_37_fu_4538_p3 SOURCE ../gen/Hls_Layers_UpConv.tpp:98 VARIABLE psum_37 LOOP KW_LOOP_FLAT_LOOP BUNDLEDNAME {} DSP 0 BRAM 0 URAM 0 STORAGESUBTYPE {} DISPNAME {bind_op select} VISIBLE false} {BINDTYPE op ID {} IMPL auto_sel LATENCY 0 OPTYPE select PRAGMA {} RTLNAME psum_39_fu_4543_p3 SOURCE ../gen/Hls_Layers_UpConv.tpp:98 VARIABLE psum_39 LOOP KW_LOOP_FLAT_LOOP BUNDLEDNAME {} DSP 0 BRAM 0 URAM 0 STORAGESUBTYPE {} DISPNAME {bind_op select} VISIBLE false} {BINDTYPE op ID {} IMPL auto LATENCY 0 OPTYPE seteq PRAGMA {} RTLNAME icmp_ln132_fu_2373_p2 SOURCE ../gen/Hls_Layers_UpConv.tpp:132 VARIABLE icmp_ln132 LOOP KW_LOOP_FLAT_LOOP BUNDLEDNAME {} DSP 0 BRAM 0 URAM 0 STORAGESUBTYPE {} DISPNAME {bind_op seteq} VISIBLE false} {BINDTYPE op ID {} IMPL fabric LATENCY 0 OPTYPE add PRAGMA {} RTLNAME ci_w_1_fu_2379_p2 SOURCE ../gen/Hls_Layers_UpConv.tpp:145 VARIABLE ci_w_1 LOOP KW_LOOP_FLAT_LOOP BUNDLEDNAME {} DSP 0 BRAM 0 URAM 0 STORAGESUBTYPE {} DISPNAME {bind_op add} VISIBLE true} {BINDTYPE op ID {} IMPL fabric LATENCY 0 OPTYPE add PRAGMA {} RTLNAME add_ln133_fu_4708_p2 SOURCE ../gen/Hls_Layers_UpConv.tpp:133 VARIABLE add_ln133 LOOP KW_LOOP_FLAT_LOOP BUNDLEDNAME {} DSP 0 BRAM 0 URAM 0 STORAGESUBTYPE {} DISPNAME {bind_op add} VISIBLE true} {BINDTYPE op ID {} IMPL fabric LATENCY 0 OPTYPE add PRAGMA {} RTLNAME wo_fu_4737_p2 SOURCE ../gen/Hls_Layers_UpConv.tpp:133 VARIABLE wo LOOP KW_LOOP_FLAT_LOOP BUNDLEDNAME {} DSP 0 BRAM 0 URAM 0 STORAGESUBTYPE {} DISPNAME {bind_op add} VISIBLE true} {BINDTYPE op ID {} IMPL auto LATENCY 0 OPTYPE seteq PRAGMA {} RTLNAME icmp_ln134_fu_4753_p2 SOURCE ../gen/Hls_Layers_UpConv.tpp:134 VARIABLE icmp_ln134 LOOP KW_LOOP_FLAT_LOOP BUNDLEDNAME {} DSP 0 BRAM 0 URAM 0 STORAGESUBTYPE {} DISPNAME {bind_op seteq} VISIBLE false} {BINDTYPE op ID {} IMPL fulldsp LATENCY 4 OPTYPE hadd PRAGMA {} RTLNAME hadd_16ns_16ns_16_5_full_dsp_1_U171 SOURCE ../gen/Hls_Layers_UpConv.tpp:138 VARIABLE add3 LOOP KW_LOOP_FLAT_LOOP BUNDLEDNAME {} DSP 2 BRAM 0 URAM 0 STORAGESUBTYPE {} DISPNAME {bind_op hadd} VISIBLE true} {BINDTYPE op ID {} IMPL fulldsp LATENCY 4 OPTYPE hadd PRAGMA {} RTLNAME hadd_16ns_16ns_16_5_full_dsp_1_U179 SOURCE ../gen/Hls_Layers_UpConv.tpp:138 VARIABLE add4 LOOP KW_LOOP_FLAT_LOOP BUNDLEDNAME {} DSP 2 BRAM 0 URAM 0 STORAGESUBTYPE {} DISPNAME {bind_op hadd} VISIBLE true} {BINDTYPE op ID {} IMPL fulldsp LATENCY 4 OPTYPE hadd PRAGMA {} RTLNAME hadd_16ns_16ns_16_5_full_dsp_1_U187 SOURCE ../gen/Hls_Layers_UpConv.tpp:138 VARIABLE total LOOP KW_LOOP_FLAT_LOOP BUNDLEDNAME {} DSP 2 BRAM 0 URAM 0 STORAGESUBTYPE {} DISPNAME {bind_op hadd} VISIBLE true} {BINDTYPE op ID {} IMPL auto_sel LATENCY 0 OPTYPE select PRAGMA {} RTLNAME select_ln139_fu_4952_p3 SOURCE ../gen/Hls_Layers_UpConv.tpp:139 VARIABLE select_ln139 LOOP KW_LOOP_FLAT_LOOP BUNDLEDNAME {} DSP 0 BRAM 0 URAM 0 STORAGESUBTYPE {} DISPNAME {bind_op select} VISIBLE false} {BINDTYPE op ID {} IMPL fulldsp LATENCY 4 OPTYPE hadd PRAGMA {} RTLNAME hadd_16ns_16ns_16_5_full_dsp_1_U195 SOURCE ../gen/Hls_Layers_UpConv.tpp:139 VARIABLE add6 LOOP KW_LOOP_FLAT_LOOP BUNDLEDNAME {} DSP 2 BRAM 0 URAM 0 STORAGESUBTYPE {} DISPNAME {bind_op hadd} VISIBLE true} {BINDTYPE op ID {} IMPL fulldsp LATENCY 4 OPTYPE hadd PRAGMA {} RTLNAME hadd_16ns_16ns_16_5_full_dsp_1_U172 SOURCE ../gen/Hls_Layers_UpConv.tpp:138 VARIABLE add84_1 LOOP KW_LOOP_FLAT_LOOP BUNDLEDNAME {} DSP 2 BRAM 0 URAM 0 STORAGESUBTYPE {} DISPNAME {bind_op hadd} VISIBLE true} {BINDTYPE op ID {} IMPL fulldsp LATENCY 4 OPTYPE hadd PRAGMA {} RTLNAME hadd_16ns_16ns_16_5_full_dsp_1_U180 SOURCE ../gen/Hls_Layers_UpConv.tpp:138 VARIABLE add88_1 LOOP KW_LOOP_FLAT_LOOP BUNDLEDNAME {} DSP 2 BRAM 0 URAM 0 STORAGESUBTYPE {} DISPNAME {bind_op hadd} VISIBLE true} {BINDTYPE op ID {} IMPL fulldsp LATENCY 4 OPTYPE hadd PRAGMA {} RTLNAME hadd_16ns_16ns_16_5_full_dsp_1_U188 SOURCE ../gen/Hls_Layers_UpConv.tpp:138 VARIABLE total_1 LOOP KW_LOOP_FLAT_LOOP BUNDLEDNAME {} DSP 2 BRAM 0 URAM 0 STORAGESUBTYPE {} DISPNAME {bind_op hadd} VISIBLE true} {BINDTYPE op ID {} IMPL auto_sel LATENCY 0 OPTYPE select PRAGMA {} RTLNAME select_ln139_1_fu_4959_p3 SOURCE ../gen/Hls_Layers_UpConv.tpp:139 VARIABLE select_ln139_1 LOOP KW_LOOP_FLAT_LOOP BUNDLEDNAME {} DSP 0 BRAM 0 URAM 0 STORAGESUBTYPE {} DISPNAME {bind_op select} VISIBLE false} {BINDTYPE op ID {} IMPL fulldsp LATENCY 4 OPTYPE hadd PRAGMA {} RTLNAME hadd_16ns_16ns_16_5_full_dsp_1_U196 SOURCE ../gen/Hls_Layers_UpConv.tpp:139 VARIABLE add98_1 LOOP KW_LOOP_FLAT_LOOP BUNDLEDNAME {} DSP 2 BRAM 0 URAM 0 STORAGESUBTYPE {} DISPNAME {bind_op hadd} VISIBLE true} {BINDTYPE op ID {} IMPL fulldsp LATENCY 4 OPTYPE hadd PRAGMA {} RTLNAME hadd_16ns_16ns_16_5_full_dsp_1_U173 SOURCE ../gen/Hls_Layers_UpConv.tpp:138 VARIABLE add84_2 LOOP KW_LOOP_FLAT_LOOP BUNDLEDNAME {} DSP 2 BRAM 0 URAM 0 STORAGESUBTYPE {} DISPNAME {bind_op hadd} VISIBLE true} {BINDTYPE op ID {} IMPL fulldsp LATENCY 4 OPTYPE hadd PRAGMA {} RTLNAME hadd_16ns_16ns_16_5_full_dsp_1_U181 SOURCE ../gen/Hls_Layers_UpConv.tpp:138 VARIABLE add88_2 LOOP KW_LOOP_FLAT_LOOP BUNDLEDNAME {} DSP 2 BRAM 0 URAM 0 STORAGESUBTYPE {} DISPNAME {bind_op hadd} VISIBLE true} {BINDTYPE op ID {} IMPL fulldsp LATENCY 4 OPTYPE hadd PRAGMA {} RTLNAME hadd_16ns_16ns_16_5_full_dsp_1_U189 SOURCE ../gen/Hls_Layers_UpConv.tpp:138 VARIABLE total_2 LOOP KW_LOOP_FLAT_LOOP BUNDLEDNAME {} DSP 2 BRAM 0 URAM 0 STORAGESUBTYPE {} DISPNAME {bind_op hadd} VISIBLE true} {BINDTYPE op ID {} IMPL auto_sel LATENCY 0 OPTYPE select PRAGMA {} RTLNAME select_ln139_2_fu_4966_p3 SOURCE ../gen/Hls_Layers_UpConv.tpp:139 VARIABLE select_ln139_2 LOOP KW_LOOP_FLAT_LOOP BUNDLEDNAME {} DSP 0 BRAM 0 URAM 0 STORAGESUBTYPE {} DISPNAME {bind_op select} VISIBLE false} {BINDTYPE op ID {} IMPL fulldsp LATENCY 4 OPTYPE hadd PRAGMA {} RTLNAME hadd_16ns_16ns_16_5_full_dsp_1_U197 SOURCE ../gen/Hls_Layers_UpConv.tpp:139 VARIABLE add98_2 LOOP KW_LOOP_FLAT_LOOP BUNDLEDNAME {} DSP 2 BRAM 0 URAM 0 STORAGESUBTYPE {} DISPNAME {bind_op hadd} VISIBLE true} {BINDTYPE op ID {} IMPL fulldsp LATENCY 4 OPTYPE hadd PRAGMA {} RTLNAME hadd_16ns_16ns_16_5_full_dsp_1_U174 SOURCE ../gen/Hls_Layers_UpConv.tpp:138 VARIABLE add84_3 LOOP KW_LOOP_FLAT_LOOP BUNDLEDNAME {} DSP 2 BRAM 0 URAM 0 STORAGESUBTYPE {} DISPNAME {bind_op hadd} VISIBLE true} {BINDTYPE op ID {} IMPL fulldsp LATENCY 4 OPTYPE hadd PRAGMA {} RTLNAME hadd_16ns_16ns_16_5_full_dsp_1_U182 SOURCE ../gen/Hls_Layers_UpConv.tpp:138 VARIABLE add88_3 LOOP KW_LOOP_FLAT_LOOP BUNDLEDNAME {} DSP 2 BRAM 0 URAM 0 STORAGESUBTYPE {} DISPNAME {bind_op hadd} VISIBLE true} {BINDTYPE op ID {} IMPL fulldsp LATENCY 4 OPTYPE hadd PRAGMA {} RTLNAME hadd_16ns_16ns_16_5_full_dsp_1_U190 SOURCE ../gen/Hls_Layers_UpConv.tpp:138 VARIABLE total_3 LOOP KW_LOOP_FLAT_LOOP BUNDLEDNAME {} DSP 2 BRAM 0 URAM 0 STORAGESUBTYPE {} DISPNAME {bind_op hadd} VISIBLE true} {BINDTYPE op ID {} IMPL auto_sel LATENCY 0 OPTYPE select PRAGMA {} RTLNAME select_ln139_3_fu_4973_p3 SOURCE ../gen/Hls_Layers_UpConv.tpp:139 VARIABLE select_ln139_3 LOOP KW_LOOP_FLAT_LOOP BUNDLEDNAME {} DSP 0 BRAM 0 URAM 0 STORAGESUBTYPE {} DISPNAME {bind_op select} VISIBLE false} {BINDTYPE op ID {} IMPL fulldsp LATENCY 4 OPTYPE hadd PRAGMA {} RTLNAME hadd_16ns_16ns_16_5_full_dsp_1_U198 SOURCE ../gen/Hls_Layers_UpConv.tpp:139 VARIABLE add98_3 LOOP KW_LOOP_FLAT_LOOP BUNDLEDNAME {} DSP 2 BRAM 0 URAM 0 STORAGESUBTYPE {} DISPNAME {bind_op hadd} VISIBLE true} {BINDTYPE op ID {} IMPL fulldsp LATENCY 4 OPTYPE hadd PRAGMA {} RTLNAME hadd_16ns_16ns_16_5_full_dsp_1_U175 SOURCE ../gen/Hls_Layers_UpConv.tpp:138 VARIABLE add84_4 LOOP KW_LOOP_FLAT_LOOP BUNDLEDNAME {} DSP 2 BRAM 0 URAM 0 STORAGESUBTYPE {} DISPNAME {bind_op hadd} VISIBLE true} {BINDTYPE op ID {} IMPL fulldsp LATENCY 4 OPTYPE hadd PRAGMA {} RTLNAME hadd_16ns_16ns_16_5_full_dsp_1_U183 SOURCE ../gen/Hls_Layers_UpConv.tpp:138 VARIABLE add88_4 LOOP KW_LOOP_FLAT_LOOP BUNDLEDNAME {} DSP 2 BRAM 0 URAM 0 STORAGESUBTYPE {} DISPNAME {bind_op hadd} VISIBLE true} {BINDTYPE op ID {} IMPL fulldsp LATENCY 4 OPTYPE hadd PRAGMA {} RTLNAME hadd_16ns_16ns_16_5_full_dsp_1_U191 SOURCE ../gen/Hls_Layers_UpConv.tpp:138 VARIABLE total_4 LOOP KW_LOOP_FLAT_LOOP BUNDLEDNAME {} DSP 2 BRAM 0 URAM 0 STORAGESUBTYPE {} DISPNAME {bind_op hadd} VISIBLE true} {BINDTYPE op ID {} IMPL auto_sel LATENCY 0 OPTYPE select PRAGMA {} RTLNAME select_ln139_4_fu_4980_p3 SOURCE ../gen/Hls_Layers_UpConv.tpp:139 VARIABLE select_ln139_4 LOOP KW_LOOP_FLAT_LOOP BUNDLEDNAME {} DSP 0 BRAM 0 URAM 0 STORAGESUBTYPE {} DISPNAME {bind_op select} VISIBLE false} {BINDTYPE op ID {} IMPL fulldsp LATENCY 4 OPTYPE hadd PRAGMA {} RTLNAME hadd_16ns_16ns_16_5_full_dsp_1_U199 SOURCE ../gen/Hls_Layers_UpConv.tpp:139 VARIABLE add98_4 LOOP KW_LOOP_FLAT_LOOP BUNDLEDNAME {} DSP 2 BRAM 0 URAM 0 STORAGESUBTYPE {} DISPNAME {bind_op hadd} VISIBLE true} {BINDTYPE op ID {} IMPL fulldsp LATENCY 4 OPTYPE hadd PRAGMA {} RTLNAME hadd_16ns_16ns_16_5_full_dsp_1_U176 SOURCE ../gen/Hls_Layers_UpConv.tpp:138 VARIABLE add84_5 LOOP KW_LOOP_FLAT_LOOP BUNDLEDNAME {} DSP 2 BRAM 0 URAM 0 STORAGESUBTYPE {} DISPNAME {bind_op hadd} VISIBLE true} {BINDTYPE op ID {} IMPL fulldsp LATENCY 4 OPTYPE hadd PRAGMA {} RTLNAME hadd_16ns_16ns_16_5_full_dsp_1_U184 SOURCE ../gen/Hls_Layers_UpConv.tpp:138 VARIABLE add88_5 LOOP KW_LOOP_FLAT_LOOP BUNDLEDNAME {} DSP 2 BRAM 0 URAM 0 STORAGESUBTYPE {} DISPNAME {bind_op hadd} VISIBLE true} {BINDTYPE op ID {} IMPL fulldsp LATENCY 4 OPTYPE hadd PRAGMA {} RTLNAME hadd_16ns_16ns_16_5_full_dsp_1_U192 SOURCE ../gen/Hls_Layers_UpConv.tpp:138 VARIABLE total_5 LOOP KW_LOOP_FLAT_LOOP BUNDLEDNAME {} DSP 2 BRAM 0 URAM 0 STORAGESUBTYPE {} DISPNAME {bind_op hadd} VISIBLE true} {BINDTYPE op ID {} IMPL auto_sel LATENCY 0 OPTYPE select PRAGMA {} RTLNAME select_ln139_5_fu_4987_p3 SOURCE ../gen/Hls_Layers_UpConv.tpp:139 VARIABLE select_ln139_5 LOOP KW_LOOP_FLAT_LOOP BUNDLEDNAME {} DSP 0 BRAM 0 URAM 0 STORAGESUBTYPE {} DISPNAME {bind_op select} VISIBLE false} {BINDTYPE op ID {} IMPL fulldsp LATENCY 4 OPTYPE hadd PRAGMA {} RTLNAME hadd_16ns_16ns_16_5_full_dsp_1_U200 SOURCE ../gen/Hls_Layers_UpConv.tpp:139 VARIABLE add98_5 LOOP KW_LOOP_FLAT_LOOP BUNDLEDNAME {} DSP 2 BRAM 0 URAM 0 STORAGESUBTYPE {} DISPNAME {bind_op hadd} VISIBLE true} {BINDTYPE op ID {} IMPL fulldsp LATENCY 4 OPTYPE hadd PRAGMA {} RTLNAME hadd_16ns_16ns_16_5_full_dsp_1_U177 SOURCE ../gen/Hls_Layers_UpConv.tpp:138 VARIABLE add84_6 LOOP KW_LOOP_FLAT_LOOP BUNDLEDNAME {} DSP 2 BRAM 0 URAM 0 STORAGESUBTYPE {} DISPNAME {bind_op hadd} VISIBLE true} {BINDTYPE op ID {} IMPL fulldsp LATENCY 4 OPTYPE hadd PRAGMA {} RTLNAME hadd_16ns_16ns_16_5_full_dsp_1_U185 SOURCE ../gen/Hls_Layers_UpConv.tpp:138 VARIABLE add88_6 LOOP KW_LOOP_FLAT_LOOP BUNDLEDNAME {} DSP 2 BRAM 0 URAM 0 STORAGESUBTYPE {} DISPNAME {bind_op hadd} VISIBLE true} {BINDTYPE op ID {} IMPL fulldsp LATENCY 4 OPTYPE hadd PRAGMA {} RTLNAME hadd_16ns_16ns_16_5_full_dsp_1_U193 SOURCE ../gen/Hls_Layers_UpConv.tpp:138 VARIABLE total_6 LOOP KW_LOOP_FLAT_LOOP BUNDLEDNAME {} DSP 2 BRAM 0 URAM 0 STORAGESUBTYPE {} DISPNAME {bind_op hadd} VISIBLE true} {BINDTYPE op ID {} IMPL auto_sel LATENCY 0 OPTYPE select PRAGMA {} RTLNAME select_ln139_6_fu_4994_p3 SOURCE ../gen/Hls_Layers_UpConv.tpp:139 VARIABLE select_ln139_6 LOOP KW_LOOP_FLAT_LOOP BUNDLEDNAME {} DSP 0 BRAM 0 URAM 0 STORAGESUBTYPE {} DISPNAME {bind_op select} VISIBLE false} {BINDTYPE op ID {} IMPL fulldsp LATENCY 4 OPTYPE hadd PRAGMA {} RTLNAME hadd_16ns_16ns_16_5_full_dsp_1_U201 SOURCE ../gen/Hls_Layers_UpConv.tpp:139 VARIABLE add98_6 LOOP KW_LOOP_FLAT_LOOP BUNDLEDNAME {} DSP 2 BRAM 0 URAM 0 STORAGESUBTYPE {} DISPNAME {bind_op hadd} VISIBLE true} {BINDTYPE op ID {} IMPL fulldsp LATENCY 4 OPTYPE hadd PRAGMA {} RTLNAME hadd_16ns_16ns_16_5_full_dsp_1_U178 SOURCE ../gen/Hls_Layers_UpConv.tpp:138 VARIABLE add84_7 LOOP KW_LOOP_FLAT_LOOP BUNDLEDNAME {} DSP 2 BRAM 0 URAM 0 STORAGESUBTYPE {} DISPNAME {bind_op hadd} VISIBLE true} {BINDTYPE op ID {} IMPL fulldsp LATENCY 4 OPTYPE hadd PRAGMA {} RTLNAME hadd_16ns_16ns_16_5_full_dsp_1_U186 SOURCE ../gen/Hls_Layers_UpConv.tpp:138 VARIABLE add88_7 LOOP KW_LOOP_FLAT_LOOP BUNDLEDNAME {} DSP 2 BRAM 0 URAM 0 STORAGESUBTYPE {} DISPNAME {bind_op hadd} VISIBLE true} {BINDTYPE op ID {} IMPL fulldsp LATENCY 4 OPTYPE hadd PRAGMA {} RTLNAME hadd_16ns_16ns_16_5_full_dsp_1_U194 SOURCE ../gen/Hls_Layers_UpConv.tpp:138 VARIABLE total_7 LOOP KW_LOOP_FLAT_LOOP BUNDLEDNAME {} DSP 2 BRAM 0 URAM 0 STORAGESUBTYPE {} DISPNAME {bind_op hadd} VISIBLE true} {BINDTYPE op ID {} IMPL auto_sel LATENCY 0 OPTYPE select PRAGMA {} RTLNAME select_ln139_7_fu_5001_p3 SOURCE ../gen/Hls_Layers_UpConv.tpp:139 VARIABLE select_ln139_7 LOOP KW_LOOP_FLAT_LOOP BUNDLEDNAME {} DSP 0 BRAM 0 URAM 0 STORAGESUBTYPE {} DISPNAME {bind_op select} VISIBLE false} {BINDTYPE op ID {} IMPL fulldsp LATENCY 4 OPTYPE hadd PRAGMA {} RTLNAME hadd_16ns_16ns_16_5_full_dsp_1_U202 SOURCE ../gen/Hls_Layers_UpConv.tpp:139 VARIABLE add98_7 LOOP KW_LOOP_FLAT_LOOP BUNDLEDNAME {} DSP 2 BRAM 0 URAM 0 STORAGESUBTYPE {} DISPNAME {bind_op hadd} VISIBLE true} {BINDTYPE op ID {} IMPL fabric LATENCY 0 OPTYPE add PRAGMA {} RTLNAME wi_1_fu_4858_p2 SOURCE ../gen/Hls_Layers_UpConv.tpp:143 VARIABLE wi_1 LOOP KW_LOOP_FLAT_LOOP BUNDLEDNAME {} DSP 0 BRAM 0 URAM 0 STORAGESUBTYPE {} DISPNAME {bind_op add} VISIBLE true} {BINDTYPE op ID {} IMPL fabric LATENCY 0 OPTYPE add PRAGMA {} RTLNAME add_ln108_fu_2271_p2 SOURCE ../gen/Hls_Layers_UpConv.tpp:108 VARIABLE add_ln108 LOOP KW_LOOP_FLAT_LOOP BUNDLEDNAME {} DSP 0 BRAM 0 URAM 0 STORAGESUBTYPE {} DISPNAME {bind_op add} VISIBLE true}} AREA {DSP 336 BRAM 0 URAM 0}} uc_compute_tile_8_16_16_60_32_480_480_s {BINDINFO {{BINDTYPE op ID {} IMPL fabric LATENCY 0 OPTYPE add PRAGMA {} RTLNAME add_fu_218_p2 SOURCE {} VARIABLE add LOOP {} BUNDLEDNAME {} DSP 0 BRAM 0 URAM 0 STORAGESUBTYPE {} DISPNAME {bind_op add} VISIBLE true} {BINDTYPE op ID {} IMPL auto LATENCY 0 OPTYPE seteq PRAGMA {} RTLNAME icmp_ln91_fu_236_p2 SOURCE ../gen/Hls_Layers_UpConv.tpp:91 VARIABLE icmp_ln91 LOOP KH_LOOP BUNDLEDNAME {} DSP 0 BRAM 0 URAM 0 STORAGESUBTYPE {} DISPNAME {bind_op seteq} VISIBLE false} {BINDTYPE op ID {} IMPL fabric LATENCY 0 OPTYPE add PRAGMA {} RTLNAME kh_2_fu_242_p2 SOURCE ../gen/Hls_Layers_UpConv.tpp:91 VARIABLE kh_2 LOOP KH_LOOP BUNDLEDNAME {} DSP 0 BRAM 0 URAM 0 STORAGESUBTYPE {} DISPNAME {bind_op add} VISIBLE true} {BINDTYPE op ID {} IMPL fabric LATENCY 0 OPTYPE sub PRAGMA {} RTLNAME hpk_fu_252_p2 SOURCE ../gen/Hls_Layers_UpConv.tpp:92 VARIABLE hpk LOOP KH_LOOP BUNDLEDNAME {} DSP 0 BRAM 0 URAM 0 STORAGESUBTYPE {} DISPNAME {bind_op sub} VISIBLE true} {BINDTYPE op ID {} IMPL auto LATENCY 0 OPTYPE setne PRAGMA {} RTLNAME icmp_ln95_fu_279_p2 SOURCE ../gen/Hls_Layers_UpConv.tpp:95 VARIABLE icmp_ln95 LOOP KH_LOOP BUNDLEDNAME {} DSP 0 BRAM 0 URAM 0 STORAGESUBTYPE {} DISPNAME {bind_op setne} VISIBLE false} {BINDTYPE op ID {} IMPL auto LATENCY 0 OPTYPE setne PRAGMA {} RTLNAME icmp_ln95_1_fu_295_p2 SOURCE ../gen/Hls_Layers_UpConv.tpp:95 VARIABLE icmp_ln95_1 LOOP KH_LOOP BUNDLEDNAME {} DSP 0 BRAM 0 URAM 0 STORAGESUBTYPE {} DISPNAME {bind_op setne} VISIBLE false} {BINDTYPE op ID {} IMPL auto LATENCY 0 OPTYPE or PRAGMA {} RTLNAME or_ln95_fu_301_p2 SOURCE ../gen/Hls_Layers_UpConv.tpp:95 VARIABLE or_ln95 LOOP KH_LOOP BUNDLEDNAME {} DSP 0 BRAM 0 URAM 0 STORAGESUBTYPE {} DISPNAME {bind_op or} VISIBLE false} {BINDTYPE op ID {} IMPL fabric LATENCY 0 OPTYPE sub PRAGMA {} RTLNAME empty_178_fu_323_p2 SOURCE {} VARIABLE empty_178 LOOP KH_LOOP BUNDLEDNAME {} DSP 0 BRAM 0 URAM 0 STORAGESUBTYPE {} DISPNAME {bind_op sub} VISIBLE true} {BINDTYPE op ID {} IMPL fabric LATENCY 0 OPTYPE sub PRAGMA {} RTLNAME x_base_fu_358_p2 SOURCE ../gen/Hls_Layers_UpConv.tpp:92 VARIABLE x_base LOOP KH_LOOP BUNDLEDNAME {} DSP 0 BRAM 0 URAM 0 STORAGESUBTYPE {} DISPNAME {bind_op sub} VISIBLE true}} AREA {DSP 336 BRAM 0 URAM 0}} dataflow_in_loop_TILE_LOOP_1 {BINDINFO {{BINDTYPE storage ID {} IMPL srl LATENCY 0 OPTYPE fifo PRAGMA {} RTLNAME ho_c_U SOURCE :0 VARIABLE ho_c LOOP {} BUNDLEDNAME {} DSP 0 BRAM 0 URAM 0 STORAGESUBTYPE {scalar prop} STORAGESIZE {5 3 1} STORAGEUSAGE {fifo channel} DISPNAME {bind_storage fifo} VISIBLE true} {BINDTYPE storage ID {} IMPL uram LATENCY 1 OPTYPE ram_t2p PRAGMA {} RTLNAME wbuf_4_U SOURCE ../gen/Hls_Layers_UpConv.tpp:197 VARIABLE wbuf_4 LOOP {} BUNDLEDNAME {} DSP 0 BRAM 0 URAM 4 STORAGESUBTYPE pipo STORAGESIZE {256 540 2} STORAGEUSAGE {ram_t2p channel} DISPNAME {bind_storage ram_t2p} VISIBLE true} {BINDTYPE storage ID {} IMPL uram LATENCY 1 OPTYPE ram_t2p PRAGMA {} RTLNAME wbuf_1_U SOURCE ../gen/Hls_Layers_UpConv.tpp:197 VARIABLE wbuf_1 LOOP {} BUNDLEDNAME {} DSP 0 BRAM 0 URAM 4 STORAGESUBTYPE pipo STORAGESIZE {256 540 2} STORAGEUSAGE {ram_t2p channel} DISPNAME {bind_storage ram_t2p} VISIBLE true} {BINDTYPE storage ID {} IMPL uram LATENCY 1 OPTYPE ram_t2p PRAGMA {} RTLNAME wbuf_2_U SOURCE ../gen/Hls_Layers_UpConv.tpp:197 VARIABLE wbuf_2 LOOP {} BUNDLEDNAME {} DSP 0 BRAM 0 URAM 4 STORAGESUBTYPE pipo STORAGESIZE {256 540 2} STORAGEUSAGE {ram_t2p channel} DISPNAME {bind_storage ram_t2p} VISIBLE true} {BINDTYPE storage ID {} IMPL uram LATENCY 1 OPTYPE ram_t2p PRAGMA {} RTLNAME wbuf_3_U SOURCE ../gen/Hls_Layers_UpConv.tpp:197 VARIABLE wbuf_3 LOOP {} BUNDLEDNAME {} DSP 0 BRAM 0 URAM 4 STORAGESUBTYPE pipo STORAGESIZE {256 540 2} STORAGEUSAGE {ram_t2p channel} DISPNAME {bind_storage ram_t2p} VISIBLE true} {BINDTYPE storage ID {} IMPL uram LATENCY 1 OPTYPE ram_t2p PRAGMA {} RTLNAME wbuf_3_181_U SOURCE ../gen/Hls_Layers_UpConv.tpp:197 VARIABLE wbuf_3_181 LOOP {} BUNDLEDNAME {} DSP 0 BRAM 0 URAM 4 STORAGESUBTYPE pipo STORAGESIZE {256 540 2} STORAGEUSAGE {ram_t2p channel} DISPNAME {bind_storage ram_t2p} VISIBLE true} {BINDTYPE storage ID {} IMPL uram LATENCY 1 OPTYPE ram_t2p PRAGMA {} RTLNAME wbuf_2_180_U SOURCE ../gen/Hls_Layers_UpConv.tpp:197 VARIABLE wbuf_2_180 LOOP {} BUNDLEDNAME {} DSP 0 BRAM 0 URAM 4 STORAGESUBTYPE pipo STORAGESIZE {256 540 2} STORAGEUSAGE {ram_t2p channel} DISPNAME {bind_storage ram_t2p} VISIBLE true} {BINDTYPE storage ID {} IMPL uram LATENCY 1 OPTYPE ram_t2p PRAGMA {} RTLNAME wbuf_1_179_U SOURCE ../gen/Hls_Layers_UpConv.tpp:197 VARIABLE wbuf_1_179 LOOP {} BUNDLEDNAME {} DSP 0 BRAM 0 URAM 4 STORAGESUBTYPE pipo STORAGESIZE {256 540 2} STORAGEUSAGE {ram_t2p channel} DISPNAME {bind_storage ram_t2p} VISIBLE true} {BINDTYPE storage ID {} IMPL uram LATENCY 1 OPTYPE ram_t2p PRAGMA {} RTLNAME wbuf_U SOURCE ../gen/Hls_Layers_UpConv.tpp:197 VARIABLE wbuf LOOP {} BUNDLEDNAME {} DSP 0 BRAM 0 URAM 4 STORAGESUBTYPE pipo STORAGESIZE {256 540 2} STORAGEUSAGE {ram_t2p channel} DISPNAME {bind_storage ram_t2p} VISIBLE true} {BINDTYPE storage ID {} IMPL srl LATENCY 0 OPTYPE fifo PRAGMA {} RTLNAME tile_0_c_channel_U SOURCE ../gen/Hls_Layers_UpConv.tpp:200 VARIABLE tile_0_c_channel LOOP {} BUNDLEDNAME {} DSP 0 BRAM 0 URAM 0 STORAGESUBTYPE {task level} STORAGESIZE {6 2 1} STORAGEUSAGE {fifo channel} DISPNAME {bind_storage fifo} VISIBLE true}} AREA {DSP 337 BRAM 0 URAM 32}} UpConv_Fused_Row_8_16_16_960_480_Pipeline_LOAD_PARAMS {BINDINFO {{BINDTYPE op ID {} IMPL auto LATENCY 0 OPTYPE seteq PRAGMA {} RTLNAME icmp_ln209_fu_183_p2 SOURCE ../gen/Hls_Layers_UpConv.tpp:209 VARIABLE icmp_ln209 LOOP LOAD_PARAMS BUNDLEDNAME {} DSP 0 BRAM 0 URAM 0 STORAGESUBTYPE {} DISPNAME {bind_op seteq} VISIBLE false} {BINDTYPE op ID {} IMPL fabric LATENCY 0 OPTYPE add PRAGMA {} RTLNAME add_ln209_fu_189_p2 SOURCE ../gen/Hls_Layers_UpConv.tpp:209 VARIABLE add_ln209 LOOP LOAD_PARAMS BUNDLEDNAME {} DSP 0 BRAM 0 URAM 0 STORAGESUBTYPE {} DISPNAME {bind_op add} VISIBLE true} {BINDTYPE op ID {} IMPL fabric LATENCY 0 OPTYPE add PRAGMA {} RTLNAME add_ln211_fu_199_p2 SOURCE ../gen/Hls_Layers_UpConv.tpp:211 VARIABLE add_ln211 LOOP LOAD_PARAMS BUNDLEDNAME {} DSP 0 BRAM 0 URAM 0 STORAGESUBTYPE {} DISPNAME {bind_op add} VISIBLE true} {BINDTYPE op ID {} IMPL fabric LATENCY 0 OPTYPE add PRAGMA {} RTLNAME add_ln212_fu_220_p2 SOURCE ../gen/Hls_Layers_UpConv.tpp:212 VARIABLE add_ln212 LOOP LOAD_PARAMS BUNDLEDNAME {} DSP 0 BRAM 0 URAM 0 STORAGESUBTYPE {} DISPNAME {bind_op add} VISIBLE true} {BINDTYPE op ID {} IMPL fabric LATENCY 0 OPTYPE add PRAGMA {} RTLNAME add_ln213_fu_224_p2 SOURCE ../gen/Hls_Layers_UpConv.tpp:213 VARIABLE add_ln213 LOOP LOAD_PARAMS BUNDLEDNAME {} DSP 0 BRAM 0 URAM 0 STORAGESUBTYPE {} DISPNAME {bind_op add} VISIBLE true}} AREA {DSP 0 BRAM 0 URAM 0}} UpConv_Fused_Row_8_16_16_960_480_Pipeline_PIXEL_STATS {BINDINFO {{BINDTYPE op ID {} IMPL auto LATENCY 0 OPTYPE seteq PRAGMA {} RTLNAME icmp_ln227_fu_733_p2 SOURCE ../gen/Hls_Layers_UpConv.tpp:227 VARIABLE icmp_ln227 LOOP PIXEL_STATS BUNDLEDNAME {} DSP 0 BRAM 0 URAM 0 STORAGESUBTYPE {} DISPNAME {bind_op seteq} VISIBLE false} {BINDTYPE op ID {} IMPL fabric LATENCY 0 OPTYPE add PRAGMA {} RTLNAME m_3_fu_739_p2 SOURCE ../gen/Hls_Layers_UpConv.tpp:227 VARIABLE m_3 LOOP PIXEL_STATS BUNDLEDNAME {} DSP 0 BRAM 0 URAM 0 STORAGESUBTYPE {} DISPNAME {bind_op add} VISIBLE true} {BINDTYPE op ID {} IMPL fabric LATENCY 0 OPTYPE sub PRAGMA {} RTLNAME sub_ln233_fu_753_p2 SOURCE ../gen/Hls_Layers_UpConv.tpp:233 VARIABLE sub_ln233 LOOP PIXEL_STATS BUNDLEDNAME {} DSP 0 BRAM 0 URAM 0 STORAGESUBTYPE {} DISPNAME {bind_op sub} VISIBLE true} {BINDTYPE op ID {} IMPL fabric LATENCY 0 OPTYPE sub PRAGMA {} RTLNAME sub_ln233_1_fu_769_p2 SOURCE ../gen/Hls_Layers_UpConv.tpp:233 VARIABLE sub_ln233_1 LOOP PIXEL_STATS BUNDLEDNAME {} DSP 0 BRAM 0 URAM 0 STORAGESUBTYPE {} DISPNAME {bind_op sub} VISIBLE true} {BINDTYPE op ID {} IMPL auto_sel LATENCY 0 OPTYPE select PRAGMA {} RTLNAME select_ln233_fu_833_p3 SOURCE ../gen/Hls_Layers_UpConv.tpp:233 VARIABLE select_ln233 LOOP PIXEL_STATS BUNDLEDNAME {} DSP 0 BRAM 0 URAM 0 STORAGESUBTYPE {} DISPNAME {bind_op select} VISIBLE false} {BINDTYPE op ID {} IMPL fabric LATENCY 0 OPTYPE sub PRAGMA {} RTLNAME sub_ln233_2_fu_845_p2 SOURCE ../gen/Hls_Layers_UpConv.tpp:233 VARIABLE sub_ln233_2 LOOP PIXEL_STATS BUNDLEDNAME {} DSP 0 BRAM 0 URAM 0 STORAGESUBTYPE {} DISPNAME {bind_op sub} VISIBLE true} {BINDTYPE op ID {} IMPL fabric LATENCY 0 OPTYPE sub PRAGMA {} RTLNAME sub_ln233_3_fu_938_p2 SOURCE ../gen/Hls_Layers_UpConv.tpp:233 VARIABLE sub_ln233_3 LOOP PIXEL_STATS BUNDLEDNAME {} DSP 0 BRAM 0 URAM 0 STORAGESUBTYPE {} DISPNAME {bind_op sub} VISIBLE true} {BINDTYPE op ID {} IMPL auto_sel LATENCY 0 OPTYPE select PRAGMA {} RTLNAME select_ln233_1_fu_947_p3 SOURCE ../gen/Hls_Layers_UpConv.tpp:233 VARIABLE select_ln233_1 LOOP PIXEL_STATS BUNDLEDNAME {} DSP 0 BRAM 0 URAM 0 STORAGESUBTYPE {} DISPNAME {bind_op select} VISIBLE false} {BINDTYPE op ID {} IMPL auto LATENCY 0 OPTYPE partselect PRAGMA {} RTLNAME partselect_16ns_256ns_32s_16_1_1_U478 SOURCE ../gen/Hls_Layers_UpConv.tpp:233 VARIABLE u LOOP PIXEL_STATS BUNDLEDNAME {} DSP 0 BRAM 0 URAM 0 STORAGESUBTYPE {} DISPNAME {bind_op partselect} VISIBLE false} {BINDTYPE op ID {} IMPL compactencoding_dontcare LATENCY 0 OPTYPE sparsemux PRAGMA {} RTLNAME sparsemux_33_4_16_1_1_U479 SOURCE ../gen/Hls_Layers_UpConv.tpp:234 VARIABLE tmp LOOP PIXEL_STATS BUNDLEDNAME {} DSP 0 BRAM 0 URAM 0 STORAGESUBTYPE {} DISPNAME {bind_op sparsemux} VISIBLE false} {BINDTYPE op ID {} IMPL auto LATENCY 0 OPTYPE setlt PRAGMA {} RTLNAME icmp_ln237_fu_915_p2 SOURCE ../gen/Hls_Layers_UpConv.tpp:237 VARIABLE icmp_ln237 LOOP PIXEL_STATS BUNDLEDNAME {} DSP 0 BRAM 0 URAM 0 STORAGESUBTYPE {} DISPNAME {bind_op setlt} VISIBLE false} {BINDTYPE op ID {} IMPL maxdsp LATENCY 6 OPTYPE fmul PRAGMA {} RTLNAME fmul_32ns_32ns_32_7_max_dsp_1_U469 SOURCE ../gen/Hls_Layers_UpConv.tpp:237 VARIABLE mul LOOP PIXEL_STATS BUNDLEDNAME {} DSP 3 BRAM 0 URAM 0 STORAGESUBTYPE {} DISPNAME {bind_op fmul} VISIBLE true} {BINDTYPE op ID {} IMPL compactencoding_dontcare LATENCY 0 OPTYPE sparsemux PRAGMA {} RTLNAME sparsemux_17_3_32_1_1_U480 SOURCE ../gen/Hls_Layers_UpConv.tpp:238 VARIABLE tmp_s LOOP PIXEL_STATS BUNDLEDNAME {} DSP 0 BRAM 0 URAM 0 STORAGESUBTYPE {} DISPNAME {bind_op sparsemux} VISIBLE false} {BINDTYPE op ID {} IMPL fulldsp LATENCY 10 OPTYPE fadd PRAGMA {} RTLNAME fadd_32ns_32ns_32_11_full_dsp_1_U449 SOURCE ../gen/Hls_Layers_UpConv.tpp:238 VARIABLE sum_rot_9 LOOP PIXEL_STATS BUNDLEDNAME {} DSP 2 BRAM 0 URAM 0 STORAGESUBTYPE {} DISPNAME {bind_op fadd} VISIBLE true} {BINDTYPE op ID {} IMPL compactencoding_dontcare LATENCY 0 OPTYPE sparsemux PRAGMA {} RTLNAME sparsemux_17_3_32_1_1_U481 SOURCE ../gen/Hls_Layers_UpConv.tpp:238 VARIABLE tmp_1 LOOP PIXEL_STATS BUNDLEDNAME {} DSP 0 BRAM 0 URAM 0 STORAGESUBTYPE {} DISPNAME {bind_op sparsemux} VISIBLE false} {BINDTYPE op ID {} IMPL fulldsp LATENCY 10 OPTYPE fadd PRAGMA {} RTLNAME fadd_32ns_32ns_32_11_full_dsp_1_U450 SOURCE ../gen/Hls_Layers_UpConv.tpp:238 VARIABLE add8 LOOP PIXEL_STATS BUNDLEDNAME {} DSP 2 BRAM 0 URAM 0 STORAGESUBTYPE {} DISPNAME {bind_op fadd} VISIBLE true} {BINDTYPE op ID {} IMPL auto LATENCY 0 OPTYPE seteq PRAGMA {} RTLNAME icmp_ln240_fu_775_p2 SOURCE ../gen/Hls_Layers_UpConv.tpp:240 VARIABLE icmp_ln240 LOOP PIXEL_STATS BUNDLEDNAME {} DSP 0 BRAM 0 URAM 0 STORAGESUBTYPE {} DISPNAME {bind_op seteq} VISIBLE false} {BINDTYPE op ID {} IMPL fabric LATENCY 0 OPTYPE add PRAGMA {} RTLNAME cs_2_fu_781_p2 SOURCE ../gen/Hls_Layers_UpConv.tpp:253 VARIABLE cs_2 LOOP PIXEL_STATS BUNDLEDNAME {} DSP 0 BRAM 0 URAM 0 STORAGESUBTYPE {} DISPNAME {bind_op add} VISIBLE true} {BINDTYPE op ID {} IMPL fulldsp LATENCY 10 OPTYPE fadd PRAGMA {} RTLNAME fadd_32ns_32ns_32_11_full_dsp_1_U451 SOURCE ../gen/Hls_Layers_UpConv.tpp:244 VARIABLE sum LOOP PIXEL_STATS BUNDLEDNAME {} DSP 2 BRAM 0 URAM 0 STORAGESUBTYPE {} DISPNAME {bind_op fadd} VISIBLE true} {BINDTYPE op ID {} IMPL fulldsp LATENCY 10 OPTYPE fadd PRAGMA {} RTLNAME fadd_32ns_32ns_32_11_full_dsp_1_U452 SOURCE ../gen/Hls_Layers_UpConv.tpp:245 VARIABLE sumsq LOOP PIXEL_STATS BUNDLEDNAME {} DSP 2 BRAM 0 URAM 0 STORAGESUBTYPE {} DISPNAME {bind_op fadd} VISIBLE true} {BINDTYPE op ID {} IMPL fulldsp LATENCY 10 OPTYPE fadd PRAGMA {} RTLNAME fadd_32ns_32ns_32_11_full_dsp_1_U453 SOURCE ../gen/Hls_Layers_UpConv.tpp:244 VARIABLE sum_1 LOOP PIXEL_STATS BUNDLEDNAME {} DSP 2 BRAM 0 URAM 0 STORAGESUBTYPE {} DISPNAME {bind_op fadd} VISIBLE true} {BINDTYPE op ID {} IMPL fulldsp LATENCY 10 OPTYPE fadd PRAGMA {} RTLNAME fadd_32ns_32ns_32_11_full_dsp_1_U454 SOURCE ../gen/Hls_Layers_UpConv.tpp:245 VARIABLE sumsq_1 LOOP PIXEL_STATS BUNDLEDNAME {} DSP 2 BRAM 0 URAM 0 STORAGESUBTYPE {} DISPNAME {bind_op fadd} VISIBLE true} {BINDTYPE op ID {} IMPL fulldsp LATENCY 10 OPTYPE fadd PRAGMA {} RTLNAME fadd_32ns_32ns_32_11_full_dsp_1_U455 SOURCE ../gen/Hls_Layers_UpConv.tpp:244 VARIABLE sum_2 LOOP PIXEL_STATS BUNDLEDNAME {} DSP 2 BRAM 0 URAM 0 STORAGESUBTYPE {} DISPNAME {bind_op fadd} VISIBLE true} {BINDTYPE op ID {} IMPL fulldsp LATENCY 10 OPTYPE fadd PRAGMA {} RTLNAME fadd_32ns_32ns_32_11_full_dsp_1_U456 SOURCE ../gen/Hls_Layers_UpConv.tpp:245 VARIABLE sumsq_2 LOOP PIXEL_STATS BUNDLEDNAME {} DSP 2 BRAM 0 URAM 0 STORAGESUBTYPE {} DISPNAME {bind_op fadd} VISIBLE true} {BINDTYPE op ID {} IMPL fulldsp LATENCY 10 OPTYPE fadd PRAGMA {} RTLNAME fadd_32ns_32ns_32_11_full_dsp_1_U457 SOURCE ../gen/Hls_Layers_UpConv.tpp:244 VARIABLE sum_3 LOOP PIXEL_STATS BUNDLEDNAME {} DSP 2 BRAM 0 URAM 0 STORAGESUBTYPE {} DISPNAME {bind_op fadd} VISIBLE true} {BINDTYPE op ID {} IMPL fulldsp LATENCY 10 OPTYPE fadd PRAGMA {} RTLNAME fadd_32ns_32ns_32_11_full_dsp_1_U458 SOURCE ../gen/Hls_Layers_UpConv.tpp:245 VARIABLE sumsq_3 LOOP PIXEL_STATS BUNDLEDNAME {} DSP 2 BRAM 0 URAM 0 STORAGESUBTYPE {} DISPNAME {bind_op fadd} VISIBLE true} {BINDTYPE op ID {} IMPL fulldsp LATENCY 10 OPTYPE fadd PRAGMA {} RTLNAME fadd_32ns_32ns_32_11_full_dsp_1_U459 SOURCE ../gen/Hls_Layers_UpConv.tpp:244 VARIABLE sum_4 LOOP PIXEL_STATS BUNDLEDNAME {} DSP 2 BRAM 0 URAM 0 STORAGESUBTYPE {} DISPNAME {bind_op fadd} VISIBLE true} {BINDTYPE op ID {} IMPL fulldsp LATENCY 10 OPTYPE fadd PRAGMA {} RTLNAME fadd_32ns_32ns_32_11_full_dsp_1_U460 SOURCE ../gen/Hls_Layers_UpConv.tpp:245 VARIABLE sumsq_4 LOOP PIXEL_STATS BUNDLEDNAME {} DSP 2 BRAM 0 URAM 0 STORAGESUBTYPE {} DISPNAME {bind_op fadd} VISIBLE true} {BINDTYPE op ID {} IMPL fulldsp LATENCY 10 OPTYPE fadd PRAGMA {} RTLNAME fadd_32ns_32ns_32_11_full_dsp_1_U461 SOURCE ../gen/Hls_Layers_UpConv.tpp:244 VARIABLE sum_5 LOOP PIXEL_STATS BUNDLEDNAME {} DSP 2 BRAM 0 URAM 0 STORAGESUBTYPE {} DISPNAME {bind_op fadd} VISIBLE true} {BINDTYPE op ID {} IMPL fulldsp LATENCY 10 OPTYPE fadd PRAGMA {} RTLNAME fadd_32ns_32ns_32_11_full_dsp_1_U462 SOURCE ../gen/Hls_Layers_UpConv.tpp:245 VARIABLE sumsq_5 LOOP PIXEL_STATS BUNDLEDNAME {} DSP 2 BRAM 0 URAM 0 STORAGESUBTYPE {} DISPNAME {bind_op fadd} VISIBLE true} {BINDTYPE op ID {} IMPL fulldsp LATENCY 10 OPTYPE fadd PRAGMA {} RTLNAME fadd_32ns_32ns_32_11_full_dsp_1_U463 SOURCE ../gen/Hls_Layers_UpConv.tpp:244 VARIABLE sum_6 LOOP PIXEL_STATS BUNDLEDNAME {} DSP 2 BRAM 0 URAM 0 STORAGESUBTYPE {} DISPNAME {bind_op fadd} VISIBLE true} {BINDTYPE op ID {} IMPL fulldsp LATENCY 10 OPTYPE fadd PRAGMA {} RTLNAME fadd_32ns_32ns_32_11_full_dsp_1_U464 SOURCE ../gen/Hls_Layers_UpConv.tpp:245 VARIABLE sumsq_6 LOOP PIXEL_STATS BUNDLEDNAME {} DSP 2 BRAM 0 URAM 0 STORAGESUBTYPE {} DISPNAME {bind_op fadd} VISIBLE true} {BINDTYPE op ID {} IMPL fulldsp LATENCY 10 OPTYPE fadd PRAGMA {} RTLNAME fadd_32ns_32ns_32_11_full_dsp_1_U465 SOURCE ../gen/Hls_Layers_UpConv.tpp:244 VARIABLE sum_7 LOOP PIXEL_STATS BUNDLEDNAME {} DSP 2 BRAM 0 URAM 0 STORAGESUBTYPE {} DISPNAME {bind_op fadd} VISIBLE true} {BINDTYPE op ID {} IMPL fulldsp LATENCY 10 OPTYPE fadd PRAGMA {} RTLNAME fadd_32ns_32ns_32_11_full_dsp_1_U466 SOURCE ../gen/Hls_Layers_UpConv.tpp:245 VARIABLE sumsq_7 LOOP PIXEL_STATS BUNDLEDNAME {} DSP 2 BRAM 0 URAM 0 STORAGESUBTYPE {} DISPNAME {bind_op fadd} VISIBLE true} {BINDTYPE op ID {} IMPL fabric LATENCY 29 OPTYPE fdiv PRAGMA {} RTLNAME fdiv_32ns_32ns_32_30_no_dsp_1_U471 SOURCE ../gen/Hls_Layers_UpConv.tpp:247 VARIABLE mean LOOP PIXEL_STATS BUNDLEDNAME {} DSP 0 BRAM 0 URAM 0 STORAGESUBTYPE {} DISPNAME {bind_op fdiv} VISIBLE true} {BINDTYPE op ID {} IMPL fabric LATENCY 29 OPTYPE fdiv PRAGMA {} RTLNAME fdiv_32ns_32ns_32_30_no_dsp_1_U472 SOURCE ../gen/Hls_Layers_UpConv.tpp:248 VARIABLE div LOOP PIXEL_STATS BUNDLEDNAME {} DSP 0 BRAM 0 URAM 0 STORAGESUBTYPE {} DISPNAME {bind_op fdiv} VISIBLE true} {BINDTYPE op ID {} IMPL maxdsp LATENCY 6 OPTYPE fmul PRAGMA {} RTLNAME fmul_32ns_32ns_32_7_max_dsp_1_U470 SOURCE ../gen/Hls_Layers_UpConv.tpp:248 VARIABLE mul3 LOOP PIXEL_STATS BUNDLEDNAME {} DSP 3 BRAM 0 URAM 0 STORAGESUBTYPE {} DISPNAME {bind_op fmul} VISIBLE true} {BINDTYPE op ID {} IMPL fulldsp LATENCY 10 OPTYPE fsub PRAGMA {} RTLNAME fsub_32ns_32ns_32_11_full_dsp_1_U467 SOURCE ../gen/Hls_Layers_UpConv.tpp:248 VARIABLE var LOOP PIXEL_STATS BUNDLEDNAME {} DSP 2 BRAM 0 URAM 0 STORAGESUBTYPE {} DISPNAME {bind_op fsub} VISIBLE true} {BINDTYPE op ID {} IMPL fulldsp LATENCY 10 OPTYPE fadd PRAGMA {} RTLNAME fadd_32ns_32ns_32_11_full_dsp_1_U468 SOURCE ../gen/Hls_Layers_UpConv.tpp:250 VARIABLE x_assign LOOP PIXEL_STATS BUNDLEDNAME {} DSP 2 BRAM 0 URAM 0 STORAGESUBTYPE {} DISPNAME {bind_op fadd} VISIBLE true} {BINDTYPE op ID {} IMPL fabric LATENCY 27 OPTYPE fsqrt PRAGMA {} RTLNAME fsqrt_32ns_32ns_32_28_no_dsp_1_U474 SOURCE /wrk/ci/prod/2024.2/hls_product/continuous/495/2024.2/src/shared/hls/clib/hlsmath/src/c++/sqrtfloat.cpp:13 VARIABLE tmp_2 LOOP PIXEL_STATS BUNDLEDNAME {} DSP 0 BRAM 0 URAM 0 STORAGESUBTYPE {} DISPNAME {bind_op fsqrt} VISIBLE true} {BINDTYPE op ID {} IMPL fabric LATENCY 29 OPTYPE fdiv PRAGMA {} RTLNAME fdiv_32ns_32ns_32_30_no_dsp_1_U473 SOURCE ../gen/Hls_Layers_UpConv.tpp:250 VARIABLE div1 LOOP PIXEL_STATS BUNDLEDNAME {} DSP 0 BRAM 0 URAM 0 STORAGESUBTYPE {} DISPNAME {bind_op fdiv} VISIBLE true} {BINDTYPE op ID {} IMPL fabric LATENCY 0 OPTYPE add PRAGMA {} RTLNAME ws_1_fu_924_p2 SOURCE ../gen/Hls_Layers_UpConv.tpp:251 VARIABLE ws_1 LOOP PIXEL_STATS BUNDLEDNAME {} DSP 0 BRAM 0 URAM 0 STORAGESUBTYPE {} DISPNAME {bind_op add} VISIBLE true}} AREA {DSP 46 BRAM 0 URAM 0}} UpConv_Fused_Row_8_16_16_960_480_Pipeline_PIXEL_NORM {BINDINFO {{BINDTYPE op ID {} IMPL auto LATENCY 0 OPTYPE seteq PRAGMA {} RTLNAME icmp_ln258_fu_857_p2 SOURCE ../gen/Hls_Layers_UpConv.tpp:258 VARIABLE icmp_ln258 LOOP PIXEL_NORM BUNDLEDNAME {} DSP 0 BRAM 0 URAM 0 STORAGESUBTYPE {} DISPNAME {bind_op seteq} VISIBLE false} {BINDTYPE op ID {} IMPL fabric LATENCY 0 OPTYPE add PRAGMA {} RTLNAME m_4_fu_863_p2 SOURCE ../gen/Hls_Layers_UpConv.tpp:258 VARIABLE m_4 LOOP PIXEL_NORM BUNDLEDNAME {} DSP 0 BRAM 0 URAM 0 STORAGESUBTYPE {} DISPNAME {bind_op add} VISIBLE true} {BINDTYPE op ID {} IMPL auto LATENCY 0 OPTYPE setlt PRAGMA {} RTLNAME icmp_ln266_fu_1236_p2 SOURCE ../gen/Hls_Layers_UpConv.tpp:266 VARIABLE icmp_ln266 LOOP PIXEL_NORM BUNDLEDNAME {} DSP 0 BRAM 0 URAM 0 STORAGESUBTYPE {} DISPNAME {bind_op setlt} VISIBLE false} {BINDTYPE op ID {} IMPL fulldsp LATENCY 4 OPTYPE hsub PRAGMA {} RTLNAME hsub_16ns_16ns_16_5_full_dsp_1_U527 SOURCE ../gen/Hls_Layers_UpConv.tpp:269 VARIABLE sub1 LOOP PIXEL_NORM BUNDLEDNAME {} DSP 2 BRAM 0 URAM 0 STORAGESUBTYPE {} DISPNAME {bind_op hsub} VISIBLE true} {BINDTYPE op ID {} IMPL maxdsp LATENCY 3 OPTYPE hmul PRAGMA {} RTLNAME hmul_16ns_16ns_16_4_max_dsp_1_U543 SOURCE ../gen/Hls_Layers_UpConv.tpp:269 VARIABLE mul1 LOOP PIXEL_NORM BUNDLEDNAME {} DSP 2 BRAM 0 URAM 0 STORAGESUBTYPE {} DISPNAME {bind_op hmul} VISIBLE true} {BINDTYPE op ID {} IMPL maxdsp LATENCY 3 OPTYPE hmul PRAGMA {} RTLNAME hmul_16ns_16ns_16_4_max_dsp_1_U559 SOURCE ../gen/Hls_Layers_UpConv.tpp:269 VARIABLE mul2 LOOP PIXEL_NORM BUNDLEDNAME {} DSP 2 BRAM 0 URAM 0 STORAGESUBTYPE {} DISPNAME {bind_op hmul} VISIBLE true} {BINDTYPE op ID {} IMPL auto_sel LATENCY 0 OPTYPE select PRAGMA {} RTLNAME norm_fu_1622_p3 SOURCE ../gen/Hls_Layers_UpConv.tpp:266 VARIABLE norm LOOP PIXEL_NORM BUNDLEDNAME {} DSP 0 BRAM 0 URAM 0 STORAGESUBTYPE {} DISPNAME {bind_op select} VISIBLE false} {BINDTYPE op ID {} IMPL auto LATENCY 1 OPTYPE hcmp PRAGMA {} RTLNAME hcmp_16ns_16ns_1_2_no_dsp_1_U575 SOURCE ../gen/Hls_Layers_UpConv.tpp:270 VARIABLE cmp LOOP PIXEL_NORM BUNDLEDNAME {} DSP 0 BRAM 0 URAM 0 STORAGESUBTYPE {} DISPNAME {bind_op hcmp} VISIBLE false} {BINDTYPE op ID {} IMPL auto_sel LATENCY 0 OPTYPE select PRAGMA {} RTLNAME select_ln27_fu_1763_p3 SOURCE ../gen/Hls_Layers_UpConv.tpp:27 VARIABLE select_ln27 LOOP PIXEL_NORM BUNDLEDNAME {} DSP 0 BRAM 0 URAM 0 STORAGESUBTYPE {} DISPNAME {bind_op select} VISIBLE false} {BINDTYPE op ID {} IMPL auto LATENCY 0 OPTYPE setlt PRAGMA {} RTLNAME icmp_ln266_1_fu_932_p2 SOURCE ../gen/Hls_Layers_UpConv.tpp:266 VARIABLE icmp_ln266_1 LOOP PIXEL_NORM BUNDLEDNAME {} DSP 0 BRAM 0 URAM 0 STORAGESUBTYPE {} DISPNAME {bind_op setlt} VISIBLE false} {BINDTYPE op ID {} IMPL fulldsp LATENCY 4 OPTYPE hsub PRAGMA {} RTLNAME hsub_16ns_16ns_16_5_full_dsp_1_U528 SOURCE ../gen/Hls_Layers_UpConv.tpp:269 VARIABLE sub151_1 LOOP PIXEL_NORM BUNDLEDNAME {} DSP 2 BRAM 0 URAM 0 STORAGESUBTYPE {} DISPNAME {bind_op hsub} VISIBLE true} {BINDTYPE op ID {} IMPL maxdsp LATENCY 3 OPTYPE hmul PRAGMA {} RTLNAME hmul_16ns_16ns_16_4_max_dsp_1_U544 SOURCE ../gen/Hls_Layers_UpConv.tpp:269 VARIABLE mul152_1 LOOP PIXEL_NORM BUNDLEDNAME {} DSP 2 BRAM 0 URAM 0 STORAGESUBTYPE {} DISPNAME {bind_op hmul} VISIBLE true} {BINDTYPE op ID {} IMPL maxdsp LATENCY 3 OPTYPE hmul PRAGMA {} RTLNAME hmul_16ns_16ns_16_4_max_dsp_1_U560 SOURCE ../gen/Hls_Layers_UpConv.tpp:269 VARIABLE mul153_1 LOOP PIXEL_NORM BUNDLEDNAME {} DSP 2 BRAM 0 URAM 0 STORAGESUBTYPE {} DISPNAME {bind_op hmul} VISIBLE true} {BINDTYPE op ID {} IMPL fulldsp LATENCY 4 OPTYPE hadd PRAGMA {} RTLNAME hadd_16ns_16ns_16_5_full_dsp_1_U512 SOURCE ../gen/Hls_Layers_UpConv.tpp:269 VARIABLE add154_1 LOOP PIXEL_NORM BUNDLEDNAME {} DSP 2 BRAM 0 URAM 0 STORAGESUBTYPE {} DISPNAME {bind_op hadd} VISIBLE true} {BINDTYPE op ID {} IMPL auto_sel LATENCY 0 OPTYPE select PRAGMA {} RTLNAME norm_1_fu_1629_p3 SOURCE ../gen/Hls_Layers_UpConv.tpp:266 VARIABLE norm_1 LOOP PIXEL_NORM BUNDLEDNAME {} DSP 0 BRAM 0 URAM 0 STORAGESUBTYPE {} DISPNAME {bind_op select} VISIBLE false} {BINDTYPE op ID {} IMPL auto LATENCY 1 OPTYPE hcmp PRAGMA {} RTLNAME hcmp_16ns_16ns_1_2_no_dsp_1_U576 SOURCE ../gen/Hls_Layers_UpConv.tpp:270 VARIABLE cmp158_1 LOOP PIXEL_NORM BUNDLEDNAME {} DSP 0 BRAM 0 URAM 0 STORAGESUBTYPE {} DISPNAME {bind_op hcmp} VISIBLE false} {BINDTYPE op ID {} IMPL auto_sel LATENCY 0 OPTYPE select PRAGMA {} RTLNAME select_ln27_1_fu_1774_p3 SOURCE ../gen/Hls_Layers_UpConv.tpp:27 VARIABLE select_ln27_1 LOOP PIXEL_NORM BUNDLEDNAME {} DSP 0 BRAM 0 URAM 0 STORAGESUBTYPE {} DISPNAME {bind_op select} VISIBLE false} {BINDTYPE op ID {} IMPL auto LATENCY 0 OPTYPE setlt PRAGMA {} RTLNAME icmp_ln266_2_fu_946_p2 SOURCE ../gen/Hls_Layers_UpConv.tpp:266 VARIABLE icmp_ln266_2 LOOP PIXEL_NORM BUNDLEDNAME {} DSP 0 BRAM 0 URAM 0 STORAGESUBTYPE {} DISPNAME {bind_op setlt} VISIBLE false} {BINDTYPE op ID {} IMPL fulldsp LATENCY 4 OPTYPE hsub PRAGMA {} RTLNAME hsub_16ns_16ns_16_5_full_dsp_1_U529 SOURCE ../gen/Hls_Layers_UpConv.tpp:269 VARIABLE sub151_2 LOOP PIXEL_NORM BUNDLEDNAME {} DSP 2 BRAM 0 URAM 0 STORAGESUBTYPE {} DISPNAME {bind_op hsub} VISIBLE true} {BINDTYPE op ID {} IMPL maxdsp LATENCY 3 OPTYPE hmul PRAGMA {} RTLNAME hmul_16ns_16ns_16_4_max_dsp_1_U545 SOURCE ../gen/Hls_Layers_UpConv.tpp:269 VARIABLE mul152_2 LOOP PIXEL_NORM BUNDLEDNAME {} DSP 2 BRAM 0 URAM 0 STORAGESUBTYPE {} DISPNAME {bind_op hmul} VISIBLE true} {BINDTYPE op ID {} IMPL maxdsp LATENCY 3 OPTYPE hmul PRAGMA {} RTLNAME hmul_16ns_16ns_16_4_max_dsp_1_U561 SOURCE ../gen/Hls_Layers_UpConv.tpp:269 VARIABLE mul153_2 LOOP PIXEL_NORM BUNDLEDNAME {} DSP 2 BRAM 0 URAM 0 STORAGESUBTYPE {} DISPNAME {bind_op hmul} VISIBLE true} {BINDTYPE op ID {} IMPL fulldsp LATENCY 4 OPTYPE hadd PRAGMA {} RTLNAME hadd_16ns_16ns_16_5_full_dsp_1_U513 SOURCE ../gen/Hls_Layers_UpConv.tpp:269 VARIABLE add154_2 LOOP PIXEL_NORM BUNDLEDNAME {} DSP 2 BRAM 0 URAM 0 STORAGESUBTYPE {} DISPNAME {bind_op hadd} VISIBLE true} {BINDTYPE op ID {} IMPL auto_sel LATENCY 0 OPTYPE select PRAGMA {} RTLNAME norm_2_fu_1636_p3 SOURCE ../gen/Hls_Layers_UpConv.tpp:266 VARIABLE norm_2 LOOP PIXEL_NORM BUNDLEDNAME {} DSP 0 BRAM 0 URAM 0 STORAGESUBTYPE {} DISPNAME {bind_op select} VISIBLE false} {BINDTYPE op ID {} IMPL auto LATENCY 1 OPTYPE hcmp PRAGMA {} RTLNAME hcmp_16ns_16ns_1_2_no_dsp_1_U577 SOURCE ../gen/Hls_Layers_UpConv.tpp:270 VARIABLE cmp158_2 LOOP PIXEL_NORM BUNDLEDNAME {} DSP 0 BRAM 0 URAM 0 STORAGESUBTYPE {} DISPNAME {bind_op hcmp} VISIBLE false} {BINDTYPE op ID {} IMPL auto_sel LATENCY 0 OPTYPE select PRAGMA {} RTLNAME select_ln27_2_fu_1785_p3 SOURCE ../gen/Hls_Layers_UpConv.tpp:27 VARIABLE select_ln27_2 LOOP PIXEL_NORM BUNDLEDNAME {} DSP 0 BRAM 0 URAM 0 STORAGESUBTYPE {} DISPNAME {bind_op select} VISIBLE false} {BINDTYPE op ID {} IMPL auto LATENCY 0 OPTYPE setlt PRAGMA {} RTLNAME icmp_ln266_3_fu_960_p2 SOURCE ../gen/Hls_Layers_UpConv.tpp:266 VARIABLE icmp_ln266_3 LOOP PIXEL_NORM BUNDLEDNAME {} DSP 0 BRAM 0 URAM 0 STORAGESUBTYPE {} DISPNAME {bind_op setlt} VISIBLE false} {BINDTYPE op ID {} IMPL fulldsp LATENCY 4 OPTYPE hsub PRAGMA {} RTLNAME hsub_16ns_16ns_16_5_full_dsp_1_U530 SOURCE ../gen/Hls_Layers_UpConv.tpp:269 VARIABLE sub151_3 LOOP PIXEL_NORM BUNDLEDNAME {} DSP 2 BRAM 0 URAM 0 STORAGESUBTYPE {} DISPNAME {bind_op hsub} VISIBLE true} {BINDTYPE op ID {} IMPL maxdsp LATENCY 3 OPTYPE hmul PRAGMA {} RTLNAME hmul_16ns_16ns_16_4_max_dsp_1_U546 SOURCE ../gen/Hls_Layers_UpConv.tpp:269 VARIABLE mul152_3 LOOP PIXEL_NORM BUNDLEDNAME {} DSP 2 BRAM 0 URAM 0 STORAGESUBTYPE {} DISPNAME {bind_op hmul} VISIBLE true} {BINDTYPE op ID {} IMPL maxdsp LATENCY 3 OPTYPE hmul PRAGMA {} RTLNAME hmul_16ns_16ns_16_4_max_dsp_1_U562 SOURCE ../gen/Hls_Layers_UpConv.tpp:269 VARIABLE mul153_3 LOOP PIXEL_NORM BUNDLEDNAME {} DSP 2 BRAM 0 URAM 0 STORAGESUBTYPE {} DISPNAME {bind_op hmul} VISIBLE true} {BINDTYPE op ID {} IMPL fulldsp LATENCY 4 OPTYPE hadd PRAGMA {} RTLNAME hadd_16ns_16ns_16_5_full_dsp_1_U514 SOURCE ../gen/Hls_Layers_UpConv.tpp:269 VARIABLE add154_3 LOOP PIXEL_NORM BUNDLEDNAME {} DSP 2 BRAM 0 URAM 0 STORAGESUBTYPE {} DISPNAME {bind_op hadd} VISIBLE true} {BINDTYPE op ID {} IMPL auto_sel LATENCY 0 OPTYPE select PRAGMA {} RTLNAME norm_3_fu_1643_p3 SOURCE ../gen/Hls_Layers_UpConv.tpp:266 VARIABLE norm_3 LOOP PIXEL_NORM BUNDLEDNAME {} DSP 0 BRAM 0 URAM 0 STORAGESUBTYPE {} DISPNAME {bind_op select} VISIBLE false} {BINDTYPE op ID {} IMPL auto LATENCY 1 OPTYPE hcmp PRAGMA {} RTLNAME hcmp_16ns_16ns_1_2_no_dsp_1_U578 SOURCE ../gen/Hls_Layers_UpConv.tpp:270 VARIABLE cmp158_3 LOOP PIXEL_NORM BUNDLEDNAME {} DSP 0 BRAM 0 URAM 0 STORAGESUBTYPE {} DISPNAME {bind_op hcmp} VISIBLE false} {BINDTYPE op ID {} IMPL auto_sel LATENCY 0 OPTYPE select PRAGMA {} RTLNAME select_ln27_3_fu_1796_p3 SOURCE ../gen/Hls_Layers_UpConv.tpp:27 VARIABLE select_ln27_3 LOOP PIXEL_NORM BUNDLEDNAME {} DSP 0 BRAM 0 URAM 0 STORAGESUBTYPE {} DISPNAME {bind_op select} VISIBLE false} {BINDTYPE op ID {} IMPL auto LATENCY 0 OPTYPE setlt PRAGMA {} RTLNAME icmp_ln266_4_fu_974_p2 SOURCE ../gen/Hls_Layers_UpConv.tpp:266 VARIABLE icmp_ln266_4 LOOP PIXEL_NORM BUNDLEDNAME {} DSP 0 BRAM 0 URAM 0 STORAGESUBTYPE {} DISPNAME {bind_op setlt} VISIBLE false} {BINDTYPE op ID {} IMPL fulldsp LATENCY 4 OPTYPE hsub PRAGMA {} RTLNAME hsub_16ns_16ns_16_5_full_dsp_1_U531 SOURCE ../gen/Hls_Layers_UpConv.tpp:269 VARIABLE sub151_4 LOOP PIXEL_NORM BUNDLEDNAME {} DSP 2 BRAM 0 URAM 0 STORAGESUBTYPE {} DISPNAME {bind_op hsub} VISIBLE true} {BINDTYPE op ID {} IMPL maxdsp LATENCY 3 OPTYPE hmul PRAGMA {} RTLNAME hmul_16ns_16ns_16_4_max_dsp_1_U547 SOURCE ../gen/Hls_Layers_UpConv.tpp:269 VARIABLE mul152_4 LOOP PIXEL_NORM BUNDLEDNAME {} DSP 2 BRAM 0 URAM 0 STORAGESUBTYPE {} DISPNAME {bind_op hmul} VISIBLE true} {BINDTYPE op ID {} IMPL maxdsp LATENCY 3 OPTYPE hmul PRAGMA {} RTLNAME hmul_16ns_16ns_16_4_max_dsp_1_U563 SOURCE ../gen/Hls_Layers_UpConv.tpp:269 VARIABLE mul153_4 LOOP PIXEL_NORM BUNDLEDNAME {} DSP 2 BRAM 0 URAM 0 STORAGESUBTYPE {} DISPNAME {bind_op hmul} VISIBLE true} {BINDTYPE op ID {} IMPL fulldsp LATENCY 4 OPTYPE hadd PRAGMA {} RTLNAME hadd_16ns_16ns_16_5_full_dsp_1_U515 SOURCE ../gen/Hls_Layers_UpConv.tpp:269 VARIABLE add154_4 LOOP PIXEL_NORM BUNDLEDNAME {} DSP 2 BRAM 0 URAM 0 STORAGESUBTYPE {} DISPNAME {bind_op hadd} VISIBLE true} {BINDTYPE op ID {} IMPL auto_sel LATENCY 0 OPTYPE select PRAGMA {} RTLNAME norm_4_fu_1650_p3 SOURCE ../gen/Hls_Layers_UpConv.tpp:266 VARIABLE norm_4 LOOP PIXEL_NORM BUNDLEDNAME {} DSP 0 BRAM 0 URAM 0 STORAGESUBTYPE {} DISPNAME {bind_op select} VISIBLE false} {BINDTYPE op ID {} IMPL auto LATENCY 1 OPTYPE hcmp PRAGMA {} RTLNAME hcmp_16ns_16ns_1_2_no_dsp_1_U579 SOURCE ../gen/Hls_Layers_UpConv.tpp:270 VARIABLE cmp158_4 LOOP PIXEL_NORM BUNDLEDNAME {} DSP 0 BRAM 0 URAM 0 STORAGESUBTYPE {} DISPNAME {bind_op hcmp} VISIBLE false} {BINDTYPE op ID {} IMPL auto_sel LATENCY 0 OPTYPE select PRAGMA {} RTLNAME select_ln27_4_fu_1807_p3 SOURCE ../gen/Hls_Layers_UpConv.tpp:27 VARIABLE select_ln27_4 LOOP PIXEL_NORM BUNDLEDNAME {} DSP 0 BRAM 0 URAM 0 STORAGESUBTYPE {} DISPNAME {bind_op select} VISIBLE false} {BINDTYPE op ID {} IMPL auto LATENCY 0 OPTYPE setlt PRAGMA {} RTLNAME icmp_ln266_5_fu_988_p2 SOURCE ../gen/Hls_Layers_UpConv.tpp:266 VARIABLE icmp_ln266_5 LOOP PIXEL_NORM BUNDLEDNAME {} DSP 0 BRAM 0 URAM 0 STORAGESUBTYPE {} DISPNAME {bind_op setlt} VISIBLE false} {BINDTYPE op ID {} IMPL fulldsp LATENCY 4 OPTYPE hsub PRAGMA {} RTLNAME hsub_16ns_16ns_16_5_full_dsp_1_U532 SOURCE ../gen/Hls_Layers_UpConv.tpp:269 VARIABLE sub151_5 LOOP PIXEL_NORM BUNDLEDNAME {} DSP 2 BRAM 0 URAM 0 STORAGESUBTYPE {} DISPNAME {bind_op hsub} VISIBLE true} {BINDTYPE op ID {} IMPL maxdsp LATENCY 3 OPTYPE hmul PRAGMA {} RTLNAME hmul_16ns_16ns_16_4_max_dsp_1_U548 SOURCE ../gen/Hls_Layers_UpConv.tpp:269 VARIABLE mul152_5 LOOP PIXEL_NORM BUNDLEDNAME {} DSP 2 BRAM 0 URAM 0 STORAGESUBTYPE {} DISPNAME {bind_op hmul} VISIBLE true} {BINDTYPE op ID {} IMPL maxdsp LATENCY 3 OPTYPE hmul PRAGMA {} RTLNAME hmul_16ns_16ns_16_4_max_dsp_1_U564 SOURCE ../gen/Hls_Layers_UpConv.tpp:269 VARIABLE mul153_5 LOOP PIXEL_NORM BUNDLEDNAME {} DSP 2 BRAM 0 URAM 0 STORAGESUBTYPE {} DISPNAME {bind_op hmul} VISIBLE true} {BINDTYPE op ID {} IMPL fulldsp LATENCY 4 OPTYPE hadd PRAGMA {} RTLNAME hadd_16ns_16ns_16_5_full_dsp_1_U516 SOURCE ../gen/Hls_Layers_UpConv.tpp:269 VARIABLE add154_5 LOOP PIXEL_NORM BUNDLEDNAME {} DSP 2 BRAM 0 URAM 0 STORAGESUBTYPE {} DISPNAME {bind_op hadd} VISIBLE true} {BINDTYPE op ID {} IMPL auto_sel LATENCY 0 OPTYPE select PRAGMA {} RTLNAME norm_5_fu_1657_p3 SOURCE ../gen/Hls_Layers_UpConv.tpp:266 VARIABLE norm_5 LOOP PIXEL_NORM BUNDLEDNAME {} DSP 0 BRAM 0 URAM 0 STORAGESUBTYPE {} DISPNAME {bind_op select} VISIBLE false} {BINDTYPE op ID {} IMPL auto LATENCY 1 OPTYPE hcmp PRAGMA {} RTLNAME hcmp_16ns_16ns_1_2_no_dsp_1_U580 SOURCE ../gen/Hls_Layers_UpConv.tpp:270 VARIABLE cmp158_5 LOOP PIXEL_NORM BUNDLEDNAME {} DSP 0 BRAM 0 URAM 0 STORAGESUBTYPE {} DISPNAME {bind_op hcmp} VISIBLE false} {BINDTYPE op ID {} IMPL auto_sel LATENCY 0 OPTYPE select PRAGMA {} RTLNAME select_ln27_5_fu_1818_p3 SOURCE ../gen/Hls_Layers_UpConv.tpp:27 VARIABLE select_ln27_5 LOOP PIXEL_NORM BUNDLEDNAME {} DSP 0 BRAM 0 URAM 0 STORAGESUBTYPE {} DISPNAME {bind_op select} VISIBLE false} {BINDTYPE op ID {} IMPL auto LATENCY 0 OPTYPE setlt PRAGMA {} RTLNAME icmp_ln266_6_fu_1002_p2 SOURCE ../gen/Hls_Layers_UpConv.tpp:266 VARIABLE icmp_ln266_6 LOOP PIXEL_NORM BUNDLEDNAME {} DSP 0 BRAM 0 URAM 0 STORAGESUBTYPE {} DISPNAME {bind_op setlt} VISIBLE false} {BINDTYPE op ID {} IMPL fulldsp LATENCY 4 OPTYPE hsub PRAGMA {} RTLNAME hsub_16ns_16ns_16_5_full_dsp_1_U533 SOURCE ../gen/Hls_Layers_UpConv.tpp:269 VARIABLE sub151_6 LOOP PIXEL_NORM BUNDLEDNAME {} DSP 2 BRAM 0 URAM 0 STORAGESUBTYPE {} DISPNAME {bind_op hsub} VISIBLE true} {BINDTYPE op ID {} IMPL maxdsp LATENCY 3 OPTYPE hmul PRAGMA {} RTLNAME hmul_16ns_16ns_16_4_max_dsp_1_U549 SOURCE ../gen/Hls_Layers_UpConv.tpp:269 VARIABLE mul152_6 LOOP PIXEL_NORM BUNDLEDNAME {} DSP 2 BRAM 0 URAM 0 STORAGESUBTYPE {} DISPNAME {bind_op hmul} VISIBLE true} {BINDTYPE op ID {} IMPL maxdsp LATENCY 3 OPTYPE hmul PRAGMA {} RTLNAME hmul_16ns_16ns_16_4_max_dsp_1_U565 SOURCE ../gen/Hls_Layers_UpConv.tpp:269 VARIABLE mul153_6 LOOP PIXEL_NORM BUNDLEDNAME {} DSP 2 BRAM 0 URAM 0 STORAGESUBTYPE {} DISPNAME {bind_op hmul} VISIBLE true} {BINDTYPE op ID {} IMPL fulldsp LATENCY 4 OPTYPE hadd PRAGMA {} RTLNAME hadd_16ns_16ns_16_5_full_dsp_1_U517 SOURCE ../gen/Hls_Layers_UpConv.tpp:269 VARIABLE add154_6 LOOP PIXEL_NORM BUNDLEDNAME {} DSP 2 BRAM 0 URAM 0 STORAGESUBTYPE {} DISPNAME {bind_op hadd} VISIBLE true} {BINDTYPE op ID {} IMPL auto_sel LATENCY 0 OPTYPE select PRAGMA {} RTLNAME norm_6_fu_1664_p3 SOURCE ../gen/Hls_Layers_UpConv.tpp:266 VARIABLE norm_6 LOOP PIXEL_NORM BUNDLEDNAME {} DSP 0 BRAM 0 URAM 0 STORAGESUBTYPE {} DISPNAME {bind_op select} VISIBLE false} {BINDTYPE op ID {} IMPL auto LATENCY 1 OPTYPE hcmp PRAGMA {} RTLNAME hcmp_16ns_16ns_1_2_no_dsp_1_U581 SOURCE ../gen/Hls_Layers_UpConv.tpp:270 VARIABLE cmp158_6 LOOP PIXEL_NORM BUNDLEDNAME {} DSP 0 BRAM 0 URAM 0 STORAGESUBTYPE {} DISPNAME {bind_op hcmp} VISIBLE false} {BINDTYPE op ID {} IMPL auto_sel LATENCY 0 OPTYPE select PRAGMA {} RTLNAME select_ln27_6_fu_1829_p3 SOURCE ../gen/Hls_Layers_UpConv.tpp:27 VARIABLE select_ln27_6 LOOP PIXEL_NORM BUNDLEDNAME {} DSP 0 BRAM 0 URAM 0 STORAGESUBTYPE {} DISPNAME {bind_op select} VISIBLE false} {BINDTYPE op ID {} IMPL auto LATENCY 0 OPTYPE setlt PRAGMA {} RTLNAME icmp_ln266_7_fu_1016_p2 SOURCE ../gen/Hls_Layers_UpConv.tpp:266 VARIABLE icmp_ln266_7 LOOP PIXEL_NORM BUNDLEDNAME {} DSP 0 BRAM 0 URAM 0 STORAGESUBTYPE {} DISPNAME {bind_op setlt} VISIBLE false} {BINDTYPE op ID {} IMPL fulldsp LATENCY 4 OPTYPE hsub PRAGMA {} RTLNAME hsub_16ns_16ns_16_5_full_dsp_1_U534 SOURCE ../gen/Hls_Layers_UpConv.tpp:269 VARIABLE sub151_7 LOOP PIXEL_NORM BUNDLEDNAME {} DSP 2 BRAM 0 URAM 0 STORAGESUBTYPE {} DISPNAME {bind_op hsub} VISIBLE true} {BINDTYPE op ID {} IMPL maxdsp LATENCY 3 OPTYPE hmul PRAGMA {} RTLNAME hmul_16ns_16ns_16_4_max_dsp_1_U550 SOURCE ../gen/Hls_Layers_UpConv.tpp:269 VARIABLE mul152_7 LOOP PIXEL_NORM BUNDLEDNAME {} DSP 2 BRAM 0 URAM 0 STORAGESUBTYPE {} DISPNAME {bind_op hmul} VISIBLE true} {BINDTYPE op ID {} IMPL maxdsp LATENCY 3 OPTYPE hmul PRAGMA {} RTLNAME hmul_16ns_16ns_16_4_max_dsp_1_U566 SOURCE ../gen/Hls_Layers_UpConv.tpp:269 VARIABLE mul153_7 LOOP PIXEL_NORM BUNDLEDNAME {} DSP 2 BRAM 0 URAM 0 STORAGESUBTYPE {} DISPNAME {bind_op hmul} VISIBLE true} {BINDTYPE op ID {} IMPL fulldsp LATENCY 4 OPTYPE hadd PRAGMA {} RTLNAME hadd_16ns_16ns_16_5_full_dsp_1_U518 SOURCE ../gen/Hls_Layers_UpConv.tpp:269 VARIABLE add154_7 LOOP PIXEL_NORM BUNDLEDNAME {} DSP 2 BRAM 0 URAM 0 STORAGESUBTYPE {} DISPNAME {bind_op hadd} VISIBLE true} {BINDTYPE op ID {} IMPL auto_sel LATENCY 0 OPTYPE select PRAGMA {} RTLNAME norm_7_fu_1671_p3 SOURCE ../gen/Hls_Layers_UpConv.tpp:266 VARIABLE norm_7 LOOP PIXEL_NORM BUNDLEDNAME {} DSP 0 BRAM 0 URAM 0 STORAGESUBTYPE {} DISPNAME {bind_op select} VISIBLE false} {BINDTYPE op ID {} IMPL auto LATENCY 1 OPTYPE hcmp PRAGMA {} RTLNAME hcmp_16ns_16ns_1_2_no_dsp_1_U582 SOURCE ../gen/Hls_Layers_UpConv.tpp:270 VARIABLE cmp158_7 LOOP PIXEL_NORM BUNDLEDNAME {} DSP 0 BRAM 0 URAM 0 STORAGESUBTYPE {} DISPNAME {bind_op hcmp} VISIBLE false} {BINDTYPE op ID {} IMPL auto_sel LATENCY 0 OPTYPE select PRAGMA {} RTLNAME select_ln27_7_fu_1840_p3 SOURCE ../gen/Hls_Layers_UpConv.tpp:27 VARIABLE select_ln27_7 LOOP PIXEL_NORM BUNDLEDNAME {} DSP 0 BRAM 0 URAM 0 STORAGESUBTYPE {} DISPNAME {bind_op select} VISIBLE false} {BINDTYPE op ID {} IMPL auto LATENCY 0 OPTYPE setlt PRAGMA {} RTLNAME icmp_ln266_8_fu_1030_p2 SOURCE ../gen/Hls_Layers_UpConv.tpp:266 VARIABLE icmp_ln266_8 LOOP PIXEL_NORM BUNDLEDNAME {} DSP 0 BRAM 0 URAM 0 STORAGESUBTYPE {} DISPNAME {bind_op setlt} VISIBLE false} {BINDTYPE op ID {} IMPL fulldsp LATENCY 4 OPTYPE hsub PRAGMA {} RTLNAME hsub_16ns_16ns_16_5_full_dsp_1_U535 SOURCE ../gen/Hls_Layers_UpConv.tpp:269 VARIABLE sub151_8 LOOP PIXEL_NORM BUNDLEDNAME {} DSP 2 BRAM 0 URAM 0 STORAGESUBTYPE {} DISPNAME {bind_op hsub} VISIBLE true} {BINDTYPE op ID {} IMPL maxdsp LATENCY 3 OPTYPE hmul PRAGMA {} RTLNAME hmul_16ns_16ns_16_4_max_dsp_1_U551 SOURCE ../gen/Hls_Layers_UpConv.tpp:269 VARIABLE mul152_8 LOOP PIXEL_NORM BUNDLEDNAME {} DSP 2 BRAM 0 URAM 0 STORAGESUBTYPE {} DISPNAME {bind_op hmul} VISIBLE true} {BINDTYPE op ID {} IMPL maxdsp LATENCY 3 OPTYPE hmul PRAGMA {} RTLNAME hmul_16ns_16ns_16_4_max_dsp_1_U567 SOURCE ../gen/Hls_Layers_UpConv.tpp:269 VARIABLE mul153_8 LOOP PIXEL_NORM BUNDLEDNAME {} DSP 2 BRAM 0 URAM 0 STORAGESUBTYPE {} DISPNAME {bind_op hmul} VISIBLE true} {BINDTYPE op ID {} IMPL fulldsp LATENCY 4 OPTYPE hadd PRAGMA {} RTLNAME hadd_16ns_16ns_16_5_full_dsp_1_U519 SOURCE ../gen/Hls_Layers_UpConv.tpp:269 VARIABLE add154_8 LOOP PIXEL_NORM BUNDLEDNAME {} DSP 2 BRAM 0 URAM 0 STORAGESUBTYPE {} DISPNAME {bind_op hadd} VISIBLE true} {BINDTYPE op ID {} IMPL auto_sel LATENCY 0 OPTYPE select PRAGMA {} RTLNAME norm_8_fu_1678_p3 SOURCE ../gen/Hls_Layers_UpConv.tpp:266 VARIABLE norm_8 LOOP PIXEL_NORM BUNDLEDNAME {} DSP 0 BRAM 0 URAM 0 STORAGESUBTYPE {} DISPNAME {bind_op select} VISIBLE false} {BINDTYPE op ID {} IMPL auto LATENCY 1 OPTYPE hcmp PRAGMA {} RTLNAME hcmp_16ns_16ns_1_2_no_dsp_1_U583 SOURCE ../gen/Hls_Layers_UpConv.tpp:270 VARIABLE cmp158_8 LOOP PIXEL_NORM BUNDLEDNAME {} DSP 0 BRAM 0 URAM 0 STORAGESUBTYPE {} DISPNAME {bind_op hcmp} VISIBLE false} {BINDTYPE op ID {} IMPL auto_sel LATENCY 0 OPTYPE select PRAGMA {} RTLNAME select_ln27_8_fu_1851_p3 SOURCE ../gen/Hls_Layers_UpConv.tpp:27 VARIABLE select_ln27_8 LOOP PIXEL_NORM BUNDLEDNAME {} DSP 0 BRAM 0 URAM 0 STORAGESUBTYPE {} DISPNAME {bind_op select} VISIBLE false} {BINDTYPE op ID {} IMPL auto LATENCY 0 OPTYPE setlt PRAGMA {} RTLNAME icmp_ln266_9_fu_1044_p2 SOURCE ../gen/Hls_Layers_UpConv.tpp:266 VARIABLE icmp_ln266_9 LOOP PIXEL_NORM BUNDLEDNAME {} DSP 0 BRAM 0 URAM 0 STORAGESUBTYPE {} DISPNAME {bind_op setlt} VISIBLE false} {BINDTYPE op ID {} IMPL fulldsp LATENCY 4 OPTYPE hsub PRAGMA {} RTLNAME hsub_16ns_16ns_16_5_full_dsp_1_U536 SOURCE ../gen/Hls_Layers_UpConv.tpp:269 VARIABLE sub151_9 LOOP PIXEL_NORM BUNDLEDNAME {} DSP 2 BRAM 0 URAM 0 STORAGESUBTYPE {} DISPNAME {bind_op hsub} VISIBLE true} {BINDTYPE op ID {} IMPL maxdsp LATENCY 3 OPTYPE hmul PRAGMA {} RTLNAME hmul_16ns_16ns_16_4_max_dsp_1_U552 SOURCE ../gen/Hls_Layers_UpConv.tpp:269 VARIABLE mul152_9 LOOP PIXEL_NORM BUNDLEDNAME {} DSP 2 BRAM 0 URAM 0 STORAGESUBTYPE {} DISPNAME {bind_op hmul} VISIBLE true} {BINDTYPE op ID {} IMPL maxdsp LATENCY 3 OPTYPE hmul PRAGMA {} RTLNAME hmul_16ns_16ns_16_4_max_dsp_1_U568 SOURCE ../gen/Hls_Layers_UpConv.tpp:269 VARIABLE mul153_9 LOOP PIXEL_NORM BUNDLEDNAME {} DSP 2 BRAM 0 URAM 0 STORAGESUBTYPE {} DISPNAME {bind_op hmul} VISIBLE true} {BINDTYPE op ID {} IMPL fulldsp LATENCY 4 OPTYPE hadd PRAGMA {} RTLNAME hadd_16ns_16ns_16_5_full_dsp_1_U520 SOURCE ../gen/Hls_Layers_UpConv.tpp:269 VARIABLE add154_9 LOOP PIXEL_NORM BUNDLEDNAME {} DSP 2 BRAM 0 URAM 0 STORAGESUBTYPE {} DISPNAME {bind_op hadd} VISIBLE true} {BINDTYPE op ID {} IMPL auto_sel LATENCY 0 OPTYPE select PRAGMA {} RTLNAME norm_9_fu_1685_p3 SOURCE ../gen/Hls_Layers_UpConv.tpp:266 VARIABLE norm_9 LOOP PIXEL_NORM BUNDLEDNAME {} DSP 0 BRAM 0 URAM 0 STORAGESUBTYPE {} DISPNAME {bind_op select} VISIBLE false} {BINDTYPE op ID {} IMPL auto LATENCY 1 OPTYPE hcmp PRAGMA {} RTLNAME hcmp_16ns_16ns_1_2_no_dsp_1_U584 SOURCE ../gen/Hls_Layers_UpConv.tpp:270 VARIABLE cmp158_9 LOOP PIXEL_NORM BUNDLEDNAME {} DSP 0 BRAM 0 URAM 0 STORAGESUBTYPE {} DISPNAME {bind_op hcmp} VISIBLE false} {BINDTYPE op ID {} IMPL auto_sel LATENCY 0 OPTYPE select PRAGMA {} RTLNAME select_ln27_9_fu_1862_p3 SOURCE ../gen/Hls_Layers_UpConv.tpp:27 VARIABLE select_ln27_9 LOOP PIXEL_NORM BUNDLEDNAME {} DSP 0 BRAM 0 URAM 0 STORAGESUBTYPE {} DISPNAME {bind_op select} VISIBLE false} {BINDTYPE op ID {} IMPL auto LATENCY 0 OPTYPE setlt PRAGMA {} RTLNAME icmp_ln266_10_fu_1058_p2 SOURCE ../gen/Hls_Layers_UpConv.tpp:266 VARIABLE icmp_ln266_10 LOOP PIXEL_NORM BUNDLEDNAME {} DSP 0 BRAM 0 URAM 0 STORAGESUBTYPE {} DISPNAME {bind_op setlt} VISIBLE false} {BINDTYPE op ID {} IMPL fulldsp LATENCY 4 OPTYPE hsub PRAGMA {} RTLNAME hsub_16ns_16ns_16_5_full_dsp_1_U537 SOURCE ../gen/Hls_Layers_UpConv.tpp:269 VARIABLE sub151_s LOOP PIXEL_NORM BUNDLEDNAME {} DSP 2 BRAM 0 URAM 0 STORAGESUBTYPE {} DISPNAME {bind_op hsub} VISIBLE true} {BINDTYPE op ID {} IMPL maxdsp LATENCY 3 OPTYPE hmul PRAGMA {} RTLNAME hmul_16ns_16ns_16_4_max_dsp_1_U553 SOURCE ../gen/Hls_Layers_UpConv.tpp:269 VARIABLE mul152_s LOOP PIXEL_NORM BUNDLEDNAME {} DSP 2 BRAM 0 URAM 0 STORAGESUBTYPE {} DISPNAME {bind_op hmul} VISIBLE true} {BINDTYPE op ID {} IMPL maxdsp LATENCY 3 OPTYPE hmul PRAGMA {} RTLNAME hmul_16ns_16ns_16_4_max_dsp_1_U569 SOURCE ../gen/Hls_Layers_UpConv.tpp:269 VARIABLE mul153_s LOOP PIXEL_NORM BUNDLEDNAME {} DSP 2 BRAM 0 URAM 0 STORAGESUBTYPE {} DISPNAME {bind_op hmul} VISIBLE true} {BINDTYPE op ID {} IMPL fulldsp LATENCY 4 OPTYPE hadd PRAGMA {} RTLNAME hadd_16ns_16ns_16_5_full_dsp_1_U521 SOURCE ../gen/Hls_Layers_UpConv.tpp:269 VARIABLE add154_s LOOP PIXEL_NORM BUNDLEDNAME {} DSP 2 BRAM 0 URAM 0 STORAGESUBTYPE {} DISPNAME {bind_op hadd} VISIBLE true} {BINDTYPE op ID {} IMPL auto_sel LATENCY 0 OPTYPE select PRAGMA {} RTLNAME norm_10_fu_1692_p3 SOURCE ../gen/Hls_Layers_UpConv.tpp:266 VARIABLE norm_10 LOOP PIXEL_NORM BUNDLEDNAME {} DSP 0 BRAM 0 URAM 0 STORAGESUBTYPE {} DISPNAME {bind_op select} VISIBLE false} {BINDTYPE op ID {} IMPL auto LATENCY 1 OPTYPE hcmp PRAGMA {} RTLNAME hcmp_16ns_16ns_1_2_no_dsp_1_U585 SOURCE ../gen/Hls_Layers_UpConv.tpp:270 VARIABLE cmp158_s LOOP PIXEL_NORM BUNDLEDNAME {} DSP 0 BRAM 0 URAM 0 STORAGESUBTYPE {} DISPNAME {bind_op hcmp} VISIBLE false} {BINDTYPE op ID {} IMPL auto_sel LATENCY 0 OPTYPE select PRAGMA {} RTLNAME select_ln27_10_fu_1873_p3 SOURCE ../gen/Hls_Layers_UpConv.tpp:27 VARIABLE select_ln27_10 LOOP PIXEL_NORM BUNDLEDNAME {} DSP 0 BRAM 0 URAM 0 STORAGESUBTYPE {} DISPNAME {bind_op select} VISIBLE false} {BINDTYPE op ID {} IMPL auto LATENCY 0 OPTYPE setlt PRAGMA {} RTLNAME icmp_ln266_11_fu_1072_p2 SOURCE ../gen/Hls_Layers_UpConv.tpp:266 VARIABLE icmp_ln266_11 LOOP PIXEL_NORM BUNDLEDNAME {} DSP 0 BRAM 0 URAM 0 STORAGESUBTYPE {} DISPNAME {bind_op setlt} VISIBLE false} {BINDTYPE op ID {} IMPL fulldsp LATENCY 4 OPTYPE hsub PRAGMA {} RTLNAME hsub_16ns_16ns_16_5_full_dsp_1_U538 SOURCE ../gen/Hls_Layers_UpConv.tpp:269 VARIABLE sub151_10 LOOP PIXEL_NORM BUNDLEDNAME {} DSP 2 BRAM 0 URAM 0 STORAGESUBTYPE {} DISPNAME {bind_op hsub} VISIBLE true} {BINDTYPE op ID {} IMPL maxdsp LATENCY 3 OPTYPE hmul PRAGMA {} RTLNAME hmul_16ns_16ns_16_4_max_dsp_1_U554 SOURCE ../gen/Hls_Layers_UpConv.tpp:269 VARIABLE mul152_10 LOOP PIXEL_NORM BUNDLEDNAME {} DSP 2 BRAM 0 URAM 0 STORAGESUBTYPE {} DISPNAME {bind_op hmul} VISIBLE true} {BINDTYPE op ID {} IMPL maxdsp LATENCY 3 OPTYPE hmul PRAGMA {} RTLNAME hmul_16ns_16ns_16_4_max_dsp_1_U570 SOURCE ../gen/Hls_Layers_UpConv.tpp:269 VARIABLE mul153_10 LOOP PIXEL_NORM BUNDLEDNAME {} DSP 2 BRAM 0 URAM 0 STORAGESUBTYPE {} DISPNAME {bind_op hmul} VISIBLE true} {BINDTYPE op ID {} IMPL fulldsp LATENCY 4 OPTYPE hadd PRAGMA {} RTLNAME hadd_16ns_16ns_16_5_full_dsp_1_U522 SOURCE ../gen/Hls_Layers_UpConv.tpp:269 VARIABLE add154_10 LOOP PIXEL_NORM BUNDLEDNAME {} DSP 2 BRAM 0 URAM 0 STORAGESUBTYPE {} DISPNAME {bind_op hadd} VISIBLE true} {BINDTYPE op ID {} IMPL auto_sel LATENCY 0 OPTYPE select PRAGMA {} RTLNAME norm_11_fu_1699_p3 SOURCE ../gen/Hls_Layers_UpConv.tpp:266 VARIABLE norm_11 LOOP PIXEL_NORM BUNDLEDNAME {} DSP 0 BRAM 0 URAM 0 STORAGESUBTYPE {} DISPNAME {bind_op select} VISIBLE false} {BINDTYPE op ID {} IMPL auto LATENCY 1 OPTYPE hcmp PRAGMA {} RTLNAME hcmp_16ns_16ns_1_2_no_dsp_1_U586 SOURCE ../gen/Hls_Layers_UpConv.tpp:270 VARIABLE cmp158_10 LOOP PIXEL_NORM BUNDLEDNAME {} DSP 0 BRAM 0 URAM 0 STORAGESUBTYPE {} DISPNAME {bind_op hcmp} VISIBLE false} {BINDTYPE op ID {} IMPL auto_sel LATENCY 0 OPTYPE select PRAGMA {} RTLNAME select_ln27_11_fu_1884_p3 SOURCE ../gen/Hls_Layers_UpConv.tpp:27 VARIABLE select_ln27_11 LOOP PIXEL_NORM BUNDLEDNAME {} DSP 0 BRAM 0 URAM 0 STORAGESUBTYPE {} DISPNAME {bind_op select} VISIBLE false} {BINDTYPE op ID {} IMPL auto LATENCY 0 OPTYPE setlt PRAGMA {} RTLNAME icmp_ln266_12_fu_1086_p2 SOURCE ../gen/Hls_Layers_UpConv.tpp:266 VARIABLE icmp_ln266_12 LOOP PIXEL_NORM BUNDLEDNAME {} DSP 0 BRAM 0 URAM 0 STORAGESUBTYPE {} DISPNAME {bind_op setlt} VISIBLE false} {BINDTYPE op ID {} IMPL fulldsp LATENCY 4 OPTYPE hsub PRAGMA {} RTLNAME hsub_16ns_16ns_16_5_full_dsp_1_U539 SOURCE ../gen/Hls_Layers_UpConv.tpp:269 VARIABLE sub151_11 LOOP PIXEL_NORM BUNDLEDNAME {} DSP 2 BRAM 0 URAM 0 STORAGESUBTYPE {} DISPNAME {bind_op hsub} VISIBLE true} {BINDTYPE op ID {} IMPL maxdsp LATENCY 3 OPTYPE hmul PRAGMA {} RTLNAME hmul_16ns_16ns_16_4_max_dsp_1_U555 SOURCE ../gen/Hls_Layers_UpConv.tpp:269 VARIABLE mul152_11 LOOP PIXEL_NORM BUNDLEDNAME {} DSP 2 BRAM 0 URAM 0 STORAGESUBTYPE {} DISPNAME {bind_op hmul} VISIBLE true} {BINDTYPE op ID {} IMPL maxdsp LATENCY 3 OPTYPE hmul PRAGMA {} RTLNAME hmul_16ns_16ns_16_4_max_dsp_1_U571 SOURCE ../gen/Hls_Layers_UpConv.tpp:269 VARIABLE mul153_11 LOOP PIXEL_NORM BUNDLEDNAME {} DSP 2 BRAM 0 URAM 0 STORAGESUBTYPE {} DISPNAME {bind_op hmul} VISIBLE true} {BINDTYPE op ID {} IMPL fulldsp LATENCY 4 OPTYPE hadd PRAGMA {} RTLNAME hadd_16ns_16ns_16_5_full_dsp_1_U523 SOURCE ../gen/Hls_Layers_UpConv.tpp:269 VARIABLE add154_11 LOOP PIXEL_NORM BUNDLEDNAME {} DSP 2 BRAM 0 URAM 0 STORAGESUBTYPE {} DISPNAME {bind_op hadd} VISIBLE true} {BINDTYPE op ID {} IMPL auto_sel LATENCY 0 OPTYPE select PRAGMA {} RTLNAME norm_12_fu_1706_p3 SOURCE ../gen/Hls_Layers_UpConv.tpp:266 VARIABLE norm_12 LOOP PIXEL_NORM BUNDLEDNAME {} DSP 0 BRAM 0 URAM 0 STORAGESUBTYPE {} DISPNAME {bind_op select} VISIBLE false} {BINDTYPE op ID {} IMPL auto LATENCY 1 OPTYPE hcmp PRAGMA {} RTLNAME hcmp_16ns_16ns_1_2_no_dsp_1_U587 SOURCE ../gen/Hls_Layers_UpConv.tpp:270 VARIABLE cmp158_11 LOOP PIXEL_NORM BUNDLEDNAME {} DSP 0 BRAM 0 URAM 0 STORAGESUBTYPE {} DISPNAME {bind_op hcmp} VISIBLE false} {BINDTYPE op ID {} IMPL auto_sel LATENCY 0 OPTYPE select PRAGMA {} RTLNAME select_ln27_12_fu_1895_p3 SOURCE ../gen/Hls_Layers_UpConv.tpp:27 VARIABLE select_ln27_12 LOOP PIXEL_NORM BUNDLEDNAME {} DSP 0 BRAM 0 URAM 0 STORAGESUBTYPE {} DISPNAME {bind_op select} VISIBLE false} {BINDTYPE op ID {} IMPL auto LATENCY 0 OPTYPE setlt PRAGMA {} RTLNAME icmp_ln266_13_fu_1100_p2 SOURCE ../gen/Hls_Layers_UpConv.tpp:266 VARIABLE icmp_ln266_13 LOOP PIXEL_NORM BUNDLEDNAME {} DSP 0 BRAM 0 URAM 0 STORAGESUBTYPE {} DISPNAME {bind_op setlt} VISIBLE false} {BINDTYPE op ID {} IMPL fulldsp LATENCY 4 OPTYPE hsub PRAGMA {} RTLNAME hsub_16ns_16ns_16_5_full_dsp_1_U540 SOURCE ../gen/Hls_Layers_UpConv.tpp:269 VARIABLE sub151_12 LOOP PIXEL_NORM BUNDLEDNAME {} DSP 2 BRAM 0 URAM 0 STORAGESUBTYPE {} DISPNAME {bind_op hsub} VISIBLE true} {BINDTYPE op ID {} IMPL maxdsp LATENCY 3 OPTYPE hmul PRAGMA {} RTLNAME hmul_16ns_16ns_16_4_max_dsp_1_U556 SOURCE ../gen/Hls_Layers_UpConv.tpp:269 VARIABLE mul152_12 LOOP PIXEL_NORM BUNDLEDNAME {} DSP 2 BRAM 0 URAM 0 STORAGESUBTYPE {} DISPNAME {bind_op hmul} VISIBLE true} {BINDTYPE op ID {} IMPL maxdsp LATENCY 3 OPTYPE hmul PRAGMA {} RTLNAME hmul_16ns_16ns_16_4_max_dsp_1_U572 SOURCE ../gen/Hls_Layers_UpConv.tpp:269 VARIABLE mul153_12 LOOP PIXEL_NORM BUNDLEDNAME {} DSP 2 BRAM 0 URAM 0 STORAGESUBTYPE {} DISPNAME {bind_op hmul} VISIBLE true} {BINDTYPE op ID {} IMPL fulldsp LATENCY 4 OPTYPE hadd PRAGMA {} RTLNAME hadd_16ns_16ns_16_5_full_dsp_1_U524 SOURCE ../gen/Hls_Layers_UpConv.tpp:269 VARIABLE add154_12 LOOP PIXEL_NORM BUNDLEDNAME {} DSP 2 BRAM 0 URAM 0 STORAGESUBTYPE {} DISPNAME {bind_op hadd} VISIBLE true} {BINDTYPE op ID {} IMPL auto_sel LATENCY 0 OPTYPE select PRAGMA {} RTLNAME norm_13_fu_1713_p3 SOURCE ../gen/Hls_Layers_UpConv.tpp:266 VARIABLE norm_13 LOOP PIXEL_NORM BUNDLEDNAME {} DSP 0 BRAM 0 URAM 0 STORAGESUBTYPE {} DISPNAME {bind_op select} VISIBLE false} {BINDTYPE op ID {} IMPL auto LATENCY 1 OPTYPE hcmp PRAGMA {} RTLNAME hcmp_16ns_16ns_1_2_no_dsp_1_U588 SOURCE ../gen/Hls_Layers_UpConv.tpp:270 VARIABLE cmp158_12 LOOP PIXEL_NORM BUNDLEDNAME {} DSP 0 BRAM 0 URAM 0 STORAGESUBTYPE {} DISPNAME {bind_op hcmp} VISIBLE false} {BINDTYPE op ID {} IMPL auto_sel LATENCY 0 OPTYPE select PRAGMA {} RTLNAME select_ln27_13_fu_1906_p3 SOURCE ../gen/Hls_Layers_UpConv.tpp:27 VARIABLE select_ln27_13 LOOP PIXEL_NORM BUNDLEDNAME {} DSP 0 BRAM 0 URAM 0 STORAGESUBTYPE {} DISPNAME {bind_op select} VISIBLE false} {BINDTYPE op ID {} IMPL auto LATENCY 0 OPTYPE setlt PRAGMA {} RTLNAME icmp_ln266_14_fu_1114_p2 SOURCE ../gen/Hls_Layers_UpConv.tpp:266 VARIABLE icmp_ln266_14 LOOP PIXEL_NORM BUNDLEDNAME {} DSP 0 BRAM 0 URAM 0 STORAGESUBTYPE {} DISPNAME {bind_op setlt} VISIBLE false} {BINDTYPE op ID {} IMPL fulldsp LATENCY 4 OPTYPE hsub PRAGMA {} RTLNAME hsub_16ns_16ns_16_5_full_dsp_1_U541 SOURCE ../gen/Hls_Layers_UpConv.tpp:269 VARIABLE sub151_13 LOOP PIXEL_NORM BUNDLEDNAME {} DSP 2 BRAM 0 URAM 0 STORAGESUBTYPE {} DISPNAME {bind_op hsub} VISIBLE true} {BINDTYPE op ID {} IMPL maxdsp LATENCY 3 OPTYPE hmul PRAGMA {} RTLNAME hmul_16ns_16ns_16_4_max_dsp_1_U557 SOURCE ../gen/Hls_Layers_UpConv.tpp:269 VARIABLE mul152_13 LOOP PIXEL_NORM BUNDLEDNAME {} DSP 2 BRAM 0 URAM 0 STORAGESUBTYPE {} DISPNAME {bind_op hmul} VISIBLE true} {BINDTYPE op ID {} IMPL maxdsp LATENCY 3 OPTYPE hmul PRAGMA {} RTLNAME hmul_16ns_16ns_16_4_max_dsp_1_U573 SOURCE ../gen/Hls_Layers_UpConv.tpp:269 VARIABLE mul153_13 LOOP PIXEL_NORM BUNDLEDNAME {} DSP 2 BRAM 0 URAM 0 STORAGESUBTYPE {} DISPNAME {bind_op hmul} VISIBLE true} {BINDTYPE op ID {} IMPL fulldsp LATENCY 4 OPTYPE hadd PRAGMA {} RTLNAME hadd_16ns_16ns_16_5_full_dsp_1_U525 SOURCE ../gen/Hls_Layers_UpConv.tpp:269 VARIABLE add154_13 LOOP PIXEL_NORM BUNDLEDNAME {} DSP 2 BRAM 0 URAM 0 STORAGESUBTYPE {} DISPNAME {bind_op hadd} VISIBLE true} {BINDTYPE op ID {} IMPL auto_sel LATENCY 0 OPTYPE select PRAGMA {} RTLNAME norm_14_fu_1720_p3 SOURCE ../gen/Hls_Layers_UpConv.tpp:266 VARIABLE norm_14 LOOP PIXEL_NORM BUNDLEDNAME {} DSP 0 BRAM 0 URAM 0 STORAGESUBTYPE {} DISPNAME {bind_op select} VISIBLE false} {BINDTYPE op ID {} IMPL auto LATENCY 1 OPTYPE hcmp PRAGMA {} RTLNAME hcmp_16ns_16ns_1_2_no_dsp_1_U589 SOURCE ../gen/Hls_Layers_UpConv.tpp:270 VARIABLE cmp158_13 LOOP PIXEL_NORM BUNDLEDNAME {} DSP 0 BRAM 0 URAM 0 STORAGESUBTYPE {} DISPNAME {bind_op hcmp} VISIBLE false} {BINDTYPE op ID {} IMPL auto_sel LATENCY 0 OPTYPE select PRAGMA {} RTLNAME select_ln27_14_fu_1917_p3 SOURCE ../gen/Hls_Layers_UpConv.tpp:27 VARIABLE select_ln27_14 LOOP PIXEL_NORM BUNDLEDNAME {} DSP 0 BRAM 0 URAM 0 STORAGESUBTYPE {} DISPNAME {bind_op select} VISIBLE false} {BINDTYPE op ID {} IMPL auto LATENCY 0 OPTYPE setlt PRAGMA {} RTLNAME icmp_ln266_15_fu_1128_p2 SOURCE ../gen/Hls_Layers_UpConv.tpp:266 VARIABLE icmp_ln266_15 LOOP PIXEL_NORM BUNDLEDNAME {} DSP 0 BRAM 0 URAM 0 STORAGESUBTYPE {} DISPNAME {bind_op setlt} VISIBLE false} {BINDTYPE op ID {} IMPL fulldsp LATENCY 4 OPTYPE hsub PRAGMA {} RTLNAME hsub_16ns_16ns_16_5_full_dsp_1_U542 SOURCE ../gen/Hls_Layers_UpConv.tpp:269 VARIABLE sub151_14 LOOP PIXEL_NORM BUNDLEDNAME {} DSP 2 BRAM 0 URAM 0 STORAGESUBTYPE {} DISPNAME {bind_op hsub} VISIBLE true} {BINDTYPE op ID {} IMPL maxdsp LATENCY 3 OPTYPE hmul PRAGMA {} RTLNAME hmul_16ns_16ns_16_4_max_dsp_1_U558 SOURCE ../gen/Hls_Layers_UpConv.tpp:269 VARIABLE mul152_14 LOOP PIXEL_NORM BUNDLEDNAME {} DSP 2 BRAM 0 URAM 0 STORAGESUBTYPE {} DISPNAME {bind_op hmul} VISIBLE true} {BINDTYPE op ID {} IMPL maxdsp LATENCY 3 OPTYPE hmul PRAGMA {} RTLNAME hmul_16ns_16ns_16_4_max_dsp_1_U574 SOURCE ../gen/Hls_Layers_UpConv.tpp:269 VARIABLE mul153_14 LOOP PIXEL_NORM BUNDLEDNAME {} DSP 2 BRAM 0 URAM 0 STORAGESUBTYPE {} DISPNAME {bind_op hmul} VISIBLE true} {BINDTYPE op ID {} IMPL fulldsp LATENCY 4 OPTYPE hadd PRAGMA {} RTLNAME hadd_16ns_16ns_16_5_full_dsp_1_U526 SOURCE ../gen/Hls_Layers_UpConv.tpp:269 VARIABLE add154_14 LOOP PIXEL_NORM BUNDLEDNAME {} DSP 2 BRAM 0 URAM 0 STORAGESUBTYPE {} DISPNAME {bind_op hadd} VISIBLE true} {BINDTYPE op ID {} IMPL auto_sel LATENCY 0 OPTYPE select PRAGMA {} RTLNAME norm_15_fu_1727_p3 SOURCE ../gen/Hls_Layers_UpConv.tpp:266 VARIABLE norm_15 LOOP PIXEL_NORM BUNDLEDNAME {} DSP 0 BRAM 0 URAM 0 STORAGESUBTYPE {} DISPNAME {bind_op select} VISIBLE false} {BINDTYPE op ID {} IMPL auto LATENCY 1 OPTYPE hcmp PRAGMA {} RTLNAME hcmp_16ns_16ns_1_2_no_dsp_1_U590 SOURCE ../gen/Hls_Layers_UpConv.tpp:270 VARIABLE cmp158_14 LOOP PIXEL_NORM BUNDLEDNAME {} DSP 0 BRAM 0 URAM 0 STORAGESUBTYPE {} DISPNAME {bind_op hcmp} VISIBLE false} {BINDTYPE op ID {} IMPL auto_sel LATENCY 0 OPTYPE select PRAGMA {} RTLNAME select_ln27_15_fu_1928_p3 SOURCE ../gen/Hls_Layers_UpConv.tpp:27 VARIABLE select_ln27_15 LOOP PIXEL_NORM BUNDLEDNAME {} DSP 0 BRAM 0 URAM 0 STORAGESUBTYPE {} DISPNAME {bind_op select} VISIBLE false} {BINDTYPE op ID {} IMPL fabric LATENCY 0 OPTYPE add PRAGMA {} RTLNAME add_ln273_fu_1134_p2 SOURCE ../gen/Hls_Layers_UpConv.tpp:273 VARIABLE add_ln273 LOOP PIXEL_NORM BUNDLEDNAME {} DSP 0 BRAM 0 URAM 0 STORAGESUBTYPE {} DISPNAME {bind_op add} VISIBLE true} {BINDTYPE op ID {} IMPL fabric LATENCY 0 OPTYPE add PRAGMA {} RTLNAME add_ln273_2_fu_1745_p2 SOURCE ../gen/Hls_Layers_UpConv.tpp:273 VARIABLE add_ln273_2 LOOP PIXEL_NORM BUNDLEDNAME {} DSP 0 BRAM 0 URAM 0 STORAGESUBTYPE {} DISPNAME {bind_op add} VISIBLE true} {BINDTYPE op ID {} IMPL auto LATENCY 0 OPTYPE seteq PRAGMA {} RTLNAME icmp_ln274_fu_1163_p2 SOURCE ../gen/Hls_Layers_UpConv.tpp:274 VARIABLE icmp_ln274 LOOP PIXEL_NORM BUNDLEDNAME {} DSP 0 BRAM 0 URAM 0 STORAGESUBTYPE {} DISPNAME {bind_op seteq} VISIBLE false} {BINDTYPE op ID {} IMPL fabric LATENCY 0 OPTYPE add PRAGMA {} RTLNAME wn_1_fu_1169_p2 SOURCE ../gen/Hls_Layers_UpConv.tpp:274 VARIABLE wn_1 LOOP PIXEL_NORM BUNDLEDNAME {} DSP 0 BRAM 0 URAM 0 STORAGESUBTYPE {} DISPNAME {bind_op add} VISIBLE true} {BINDTYPE op ID {} IMPL fabric LATENCY 0 OPTYPE add PRAGMA {} RTLNAME cwn_1_fu_1175_p2 SOURCE ../gen/Hls_Layers_UpConv.tpp:274 VARIABLE cwn_1 LOOP PIXEL_NORM BUNDLEDNAME {} DSP 0 BRAM 0 URAM 0 STORAGESUBTYPE {} DISPNAME {bind_op add} VISIBLE true} {BINDTYPE op ID {} IMPL auto_sel LATENCY 0 OPTYPE select PRAGMA {} RTLNAME wn_2_fu_1181_p3 SOURCE ../gen/Hls_Layers_UpConv.tpp:274 VARIABLE wn_2 LOOP PIXEL_NORM BUNDLEDNAME {} DSP 0 BRAM 0 URAM 0 STORAGESUBTYPE {} DISPNAME {bind_op select} VISIBLE false} {BINDTYPE op ID {} IMPL auto_sel LATENCY 0 OPTYPE select PRAGMA {} RTLNAME cwn_2_fu_1189_p3 SOURCE ../gen/Hls_Layers_UpConv.tpp:274 VARIABLE cwn_2 LOOP PIXEL_NORM BUNDLEDNAME {} DSP 0 BRAM 0 URAM 0 STORAGESUBTYPE {} DISPNAME {bind_op select} VISIBLE false}} AREA {DSP 126 BRAM 0 URAM 0}} UpConv_Fused_Row_8_16_16_960_480_s {BINDINFO {{BINDTYPE storage ID {} IMPL bram LATENCY 1 OPTYPE ram_t2p PRAGMA yes RTLNAME b_buf_U SOURCE ../gen/Hls_Layers_UpConv.tpp:204 VARIABLE b_buf LOOP {} BUNDLEDNAME {} DSP 0 BRAM 8 URAM 0 STORAGESUBTYPE {} STORAGESIZE {256 30 1} STORAGEUSAGE {ram_t2p array} DISPNAME {bind_storage ram_t2p} VISIBLE true} {BINDTYPE storage ID {} IMPL bram LATENCY 1 OPTYPE ram_t2p PRAGMA yes RTLNAME g_buf_U SOURCE ../gen/Hls_Layers_UpConv.tpp:204 VARIABLE g_buf LOOP {} BUNDLEDNAME {} DSP 0 BRAM 8 URAM 0 STORAGESUBTYPE {} STORAGESIZE {256 30 1} STORAGEUSAGE {ram_t2p array} DISPNAME {bind_storage ram_t2p} VISIBLE true} {BINDTYPE storage ID {} IMPL bram LATENCY 1 OPTYPE ram_t2p PRAGMA yes RTLNAME be_buf_U SOURCE ../gen/Hls_Layers_UpConv.tpp:204 VARIABLE be_buf LOOP {} BUNDLEDNAME {} DSP 0 BRAM 8 URAM 0 STORAGESUBTYPE {} STORAGESIZE {256 30 1} STORAGEUSAGE {ram_t2p array} DISPNAME {bind_storage ram_t2p} VISIBLE true} {BINDTYPE op ID {} IMPL auto LATENCY 1 OPTYPE hptosp PRAGMA {} RTLNAME hptosp_16ns_32_2_no_dsp_1_U617 SOURCE {} VARIABLE conv1 LOOP {} BUNDLEDNAME {} DSP 0 BRAM 0 URAM 0 STORAGESUBTYPE {} DISPNAME {bind_op hptosp} VISIBLE false} {BINDTYPE storage ID {} IMPL uram LATENCY 1 OPTYPE ram_t2p PRAGMA pragma RTLNAME void_UpConv_Fused_Row_ap_uint_ap_uint_const_ap_uint_const_ap_uint_const_ap_u_9_U SOURCE {} VARIABLE void_UpConv_Fused_Row_ap_uint_ap_uint_const_ap_uint_const_ap_uint_const_ap_u_9 LOOP {} BUNDLEDNAME {} DSP 0 BRAM 0 URAM 1 STORAGESUBTYPE {} STORAGESIZE {16 960 1} STORAGEUSAGE ram_t2p DISPNAME {bind_storage ram_t2p} VISIBLE true} {BINDTYPE storage ID {} IMPL uram LATENCY 1 OPTYPE ram_t2p PRAGMA pragma RTLNAME void_UpConv_Fused_Row_ap_uint_ap_uint_const_ap_uint_const_ap_uint_const_ap_u_8_U SOURCE {} VARIABLE void_UpConv_Fused_Row_ap_uint_ap_uint_const_ap_uint_const_ap_uint_const_ap_u_8 LOOP {} BUNDLEDNAME {} DSP 0 BRAM 0 URAM 1 STORAGESUBTYPE {} STORAGESIZE {16 960 1} STORAGEUSAGE ram_t2p DISPNAME {bind_storage ram_t2p} VISIBLE true} {BINDTYPE storage ID {} IMPL uram LATENCY 1 OPTYPE ram_t2p PRAGMA pragma RTLNAME void_UpConv_Fused_Row_ap_uint_ap_uint_const_ap_uint_const_ap_uint_const_ap_u_7_U SOURCE {} VARIABLE void_UpConv_Fused_Row_ap_uint_ap_uint_const_ap_uint_const_ap_uint_const_ap_u_7 LOOP {} BUNDLEDNAME {} DSP 0 BRAM 0 URAM 1 STORAGESUBTYPE {} STORAGESIZE {16 960 1} STORAGEUSAGE ram_t2p DISPNAME {bind_storage ram_t2p} VISIBLE true} {BINDTYPE storage ID {} IMPL uram LATENCY 1 OPTYPE ram_t2p PRAGMA pragma RTLNAME void_UpConv_Fused_Row_ap_uint_ap_uint_const_ap_uint_const_ap_uint_const_ap_u_6_U SOURCE {} VARIABLE void_UpConv_Fused_Row_ap_uint_ap_uint_const_ap_uint_const_ap_uint_const_ap_u_6 LOOP {} BUNDLEDNAME {} DSP 0 BRAM 0 URAM 1 STORAGESUBTYPE {} STORAGESIZE {16 960 1} STORAGEUSAGE ram_t2p DISPNAME {bind_storage ram_t2p} VISIBLE true} {BINDTYPE storage ID {} IMPL uram LATENCY 1 OPTYPE ram_t2p PRAGMA pragma RTLNAME void_UpConv_Fused_Row_ap_uint_ap_uint_const_ap_uint_const_ap_uint_const_ap_u_5_U SOURCE {} VARIABLE void_UpConv_Fused_Row_ap_uint_ap_uint_const_ap_uint_const_ap_uint_const_ap_u_5 LOOP {} BUNDLEDNAME {} DSP 0 BRAM 0 URAM 1 STORAGESUBTYPE {} STORAGESIZE {16 960 1} STORAGEUSAGE ram_t2p DISPNAME {bind_storage ram_t2p} VISIBLE true} {BINDTYPE storage ID {} IMPL uram LATENCY 1 OPTYPE ram_t2p PRAGMA pragma RTLNAME void_UpConv_Fused_Row_ap_uint_ap_uint_const_ap_uint_const_ap_uint_const_ap_u_4_U SOURCE {} VARIABLE void_UpConv_Fused_Row_ap_uint_ap_uint_const_ap_uint_const_ap_uint_const_ap_u_4 LOOP {} BUNDLEDNAME {} DSP 0 BRAM 0 URAM 1 STORAGESUBTYPE {} STORAGESIZE {16 960 1} STORAGEUSAGE ram_t2p DISPNAME {bind_storage ram_t2p} VISIBLE true} {BINDTYPE storage ID {} IMPL uram LATENCY 1 OPTYPE ram_t2p PRAGMA pragma RTLNAME void_UpConv_Fused_Row_ap_uint_ap_uint_const_ap_uint_const_ap_uint_const_ap_u_3_U SOURCE {} VARIABLE void_UpConv_Fused_Row_ap_uint_ap_uint_const_ap_uint_const_ap_uint_const_ap_u_3 LOOP {} BUNDLEDNAME {} DSP 0 BRAM 0 URAM 1 STORAGESUBTYPE {} STORAGESIZE {16 960 1} STORAGEUSAGE ram_t2p DISPNAME {bind_storage ram_t2p} VISIBLE true} {BINDTYPE storage ID {} IMPL uram LATENCY 1 OPTYPE ram_t2p PRAGMA pragma RTLNAME void_UpConv_Fused_Row_ap_uint_ap_uint_const_ap_uint_const_ap_uint_const_ap_u_2_U SOURCE {} VARIABLE void_UpConv_Fused_Row_ap_uint_ap_uint_const_ap_uint_const_ap_uint_const_ap_u_2 LOOP {} BUNDLEDNAME {} DSP 0 BRAM 0 URAM 1 STORAGESUBTYPE {} STORAGESIZE {16 960 1} STORAGEUSAGE ram_t2p DISPNAME {bind_storage ram_t2p} VISIBLE true} {BINDTYPE storage ID {} IMPL uram LATENCY 1 OPTYPE ram_t2p PRAGMA pragma RTLNAME void_UpConv_Fused_Row_ap_uint_ap_uint_const_ap_uint_const_ap_uint_const_ap_u_1_U SOURCE {} VARIABLE void_UpConv_Fused_Row_ap_uint_ap_uint_const_ap_uint_const_ap_uint_const_ap_u_1 LOOP {} BUNDLEDNAME {} DSP 0 BRAM 0 URAM 1 STORAGESUBTYPE {} STORAGESIZE {16 960 1} STORAGEUSAGE ram_t2p DISPNAME {bind_storage ram_t2p} VISIBLE true} {BINDTYPE storage ID {} IMPL uram LATENCY 1 OPTYPE ram_t2p PRAGMA pragma RTLNAME void_UpConv_Fused_Row_ap_uint_ap_uint_const_ap_uint_const_ap_uint_const_ap_u_U SOURCE {} VARIABLE void_UpConv_Fused_Row_ap_uint_ap_uint_const_ap_uint_const_ap_uint_const_ap_u LOOP {} BUNDLEDNAME {} DSP 0 BRAM 0 URAM 1 STORAGESUBTYPE {} STORAGESIZE {16 960 1} STORAGEUSAGE ram_t2p DISPNAME {bind_storage ram_t2p} VISIBLE true} {BINDTYPE storage ID {} IMPL uram LATENCY 1 OPTYPE ram_t2p PRAGMA pragma RTLNAME p_ZZ16UpConv_Fused_RowILi8ELi16ELi16ELi960ELi480EEvP7ap_uintILi256EEPKS1_S4_S4_S4_5_U SOURCE {} VARIABLE p_ZZ16UpConv_Fused_RowILi8ELi16ELi16ELi960ELi480EEvP7ap_uintILi256EEPKS1_S4_S4_S4_5 LOOP {} BUNDLEDNAME {} DSP 0 BRAM 0 URAM 1 STORAGESUBTYPE {} STORAGESIZE {16 960 1} STORAGEUSAGE ram_t2p DISPNAME {bind_storage ram_t2p} VISIBLE true} {BINDTYPE storage ID {} IMPL uram LATENCY 1 OPTYPE ram_t2p PRAGMA pragma RTLNAME p_ZZ16UpConv_Fused_RowILi8ELi16ELi16ELi960ELi480EEvP7ap_uintILi256EEPKS1_S4_S4_S4_4_U SOURCE {} VARIABLE p_ZZ16UpConv_Fused_RowILi8ELi16ELi16ELi960ELi480EEvP7ap_uintILi256EEPKS1_S4_S4_S4_4 LOOP {} BUNDLEDNAME {} DSP 0 BRAM 0 URAM 1 STORAGESUBTYPE {} STORAGESIZE {16 960 1} STORAGEUSAGE ram_t2p DISPNAME {bind_storage ram_t2p} VISIBLE true} {BINDTYPE storage ID {} IMPL uram LATENCY 1 OPTYPE ram_t2p PRAGMA pragma RTLNAME p_ZZ16UpConv_Fused_RowILi8ELi16ELi16ELi960ELi480EEvP7ap_uintILi256EEPKS1_S4_S4_S4_3_U SOURCE {} VARIABLE p_ZZ16UpConv_Fused_RowILi8ELi16ELi16ELi960ELi480EEvP7ap_uintILi256EEPKS1_S4_S4_S4_3 LOOP {} BUNDLEDNAME {} DSP 0 BRAM 0 URAM 1 STORAGESUBTYPE {} STORAGESIZE {16 960 1} STORAGEUSAGE ram_t2p DISPNAME {bind_storage ram_t2p} VISIBLE true} {BINDTYPE storage ID {} IMPL uram LATENCY 1 OPTYPE ram_t2p PRAGMA pragma RTLNAME p_ZZ16UpConv_Fused_RowILi8ELi16ELi16ELi960ELi480EEvP7ap_uintILi256EEPKS1_S4_S4_S4_2_U SOURCE {} VARIABLE p_ZZ16UpConv_Fused_RowILi8ELi16ELi16ELi960ELi480EEvP7ap_uintILi256EEPKS1_S4_S4_S4_2 LOOP {} BUNDLEDNAME {} DSP 0 BRAM 0 URAM 1 STORAGESUBTYPE {} STORAGESIZE {16 960 1} STORAGEUSAGE ram_t2p DISPNAME {bind_storage ram_t2p} VISIBLE true} {BINDTYPE storage ID {} IMPL uram LATENCY 1 OPTYPE ram_t2p PRAGMA pragma RTLNAME p_ZZ16UpConv_Fused_RowILi8ELi16ELi16ELi960ELi480EEvP7ap_uintILi256EEPKS1_S4_S4_S4_1_U SOURCE {} VARIABLE p_ZZ16UpConv_Fused_RowILi8ELi16ELi16ELi960ELi480EEvP7ap_uintILi256EEPKS1_S4_S4_S4_1 LOOP {} BUNDLEDNAME {} DSP 0 BRAM 0 URAM 1 STORAGESUBTYPE {} STORAGESIZE {16 960 1} STORAGEUSAGE ram_t2p DISPNAME {bind_storage ram_t2p} VISIBLE true} {BINDTYPE storage ID {} IMPL uram LATENCY 1 OPTYPE ram_t2p PRAGMA pragma RTLNAME p_ZZ16UpConv_Fused_RowILi8ELi16ELi16ELi960ELi480EEvP7ap_uintILi256EEPKS1_S4_S4_S4_U SOURCE {} VARIABLE p_ZZ16UpConv_Fused_RowILi8ELi16ELi16ELi960ELi480EEvP7ap_uintILi256EEPKS1_S4_S4_S4 LOOP {} BUNDLEDNAME {} DSP 0 BRAM 0 URAM 1 STORAGESUBTYPE {} STORAGESIZE {16 960 1} STORAGEUSAGE ram_t2p DISPNAME {bind_storage ram_t2p} VISIBLE true} {BINDTYPE storage ID {} IMPL lutram LATENCY 1 OPTYPE ram_2p PRAGMA pragma RTLNAME mean_buf_U SOURCE {} VARIABLE mean_buf LOOP {} BUNDLEDNAME {} DSP 0 BRAM 0 URAM 0 STORAGESUBTYPE {} STORAGESIZE {32 32 1} STORAGEUSAGE ram_2p DISPNAME {bind_storage ram_2p} VISIBLE true} {BINDTYPE storage ID {} IMPL lutram LATENCY 1 OPTYPE ram_2p PRAGMA pragma RTLNAME inv_buf_U SOURCE {} VARIABLE inv_buf LOOP {} BUNDLEDNAME {} DSP 0 BRAM 0 URAM 0 STORAGESUBTYPE {} STORAGESIZE {16 32 1} STORAGEUSAGE ram_2p DISPNAME {bind_storage ram_2p} VISIBLE true}} AREA {DSP 511 BRAM 24 URAM 48}} upconv_core_top_ucb0_Pipeline_LOAD_ROW_VITIS_LOOP_308_2 {BINDINFO {{BINDTYPE op ID {} IMPL auto LATENCY 0 OPTYPE seteq PRAGMA {} RTLNAME icmp_ln307_fu_169_p2 SOURCE ../gen/Hls_Layers_UpConv.tpp:307 VARIABLE icmp_ln307 LOOP LOAD_ROW_VITIS_LOOP_308_2 BUNDLEDNAME {} DSP 0 BRAM 0 URAM 0 STORAGESUBTYPE {} DISPNAME {bind_op seteq} VISIBLE false} {BINDTYPE op ID {} IMPL fabric LATENCY 0 OPTYPE add PRAGMA {} RTLNAME add_ln307_1_fu_175_p2 SOURCE ../gen/Hls_Layers_UpConv.tpp:307 VARIABLE add_ln307_1 LOOP LOAD_ROW_VITIS_LOOP_308_2 BUNDLEDNAME {} DSP 0 BRAM 0 URAM 0 STORAGESUBTYPE {} DISPNAME {bind_op add} VISIBLE true} {BINDTYPE op ID {} IMPL fabric LATENCY 0 OPTYPE add PRAGMA {} RTLNAME add_ln307_fu_192_p2 SOURCE ../gen/Hls_Layers_UpConv.tpp:307 VARIABLE add_ln307 LOOP LOAD_ROW_VITIS_LOOP_308_2 BUNDLEDNAME {} DSP 0 BRAM 0 URAM 0 STORAGESUBTYPE {} DISPNAME {bind_op add} VISIBLE true} {BINDTYPE op ID {} IMPL auto LATENCY 0 OPTYPE seteq PRAGMA {} RTLNAME icmp_ln308_fu_198_p2 SOURCE ../gen/Hls_Layers_UpConv.tpp:308 VARIABLE icmp_ln308 LOOP LOAD_ROW_VITIS_LOOP_308_2 BUNDLEDNAME {} DSP 0 BRAM 0 URAM 0 STORAGESUBTYPE {} DISPNAME {bind_op seteq} VISIBLE false} {BINDTYPE op ID {} IMPL auto_sel LATENCY 0 OPTYPE select PRAGMA {} RTLNAME select_ln307_fu_204_p3 SOURCE ../gen/Hls_Layers_UpConv.tpp:307 VARIABLE select_ln307 LOOP LOAD_ROW_VITIS_LOOP_308_2 BUNDLEDNAME {} DSP 0 BRAM 0 URAM 0 STORAGESUBTYPE {} DISPNAME {bind_op select} VISIBLE false} {BINDTYPE op ID {} IMPL auto_sel LATENCY 0 OPTYPE select PRAGMA {} RTLNAME select_ln307_1_fu_212_p3 SOURCE ../gen/Hls_Layers_UpConv.tpp:307 VARIABLE select_ln307_1 LOOP LOAD_ROW_VITIS_LOOP_308_2 BUNDLEDNAME {} DSP 0 BRAM 0 URAM 0 STORAGESUBTYPE {} DISPNAME {bind_op select} VISIBLE false} {BINDTYPE op ID {} IMPL fabric LATENCY 0 OPTYPE add PRAGMA {} RTLNAME empty_172_fu_264_p2 SOURCE ../gen/Hls_Layers_UpConv.tpp:307 VARIABLE empty_172 LOOP LOAD_ROW_VITIS_LOOP_308_2 BUNDLEDNAME {} DSP 0 BRAM 0 URAM 0 STORAGESUBTYPE {} DISPNAME {bind_op add} VISIBLE true} {BINDTYPE op ID {} IMPL fabric LATENCY 0 OPTYPE add PRAGMA {} RTLNAME add_ln308_fu_224_p2 SOURCE ../gen/Hls_Layers_UpConv.tpp:308 VARIABLE add_ln308 LOOP LOAD_ROW_VITIS_LOOP_308_2 BUNDLEDNAME {} DSP 0 BRAM 0 URAM 0 STORAGESUBTYPE {} DISPNAME {bind_op add} VISIBLE true}} AREA {DSP 0 BRAM 0 URAM 0}} upconv_core_top_ucb0 {BINDINFO {{BINDTYPE op ID {} IMPL fabric LATENCY 0 OPTYPE add PRAGMA {} RTLNAME add_ln305_fu_320_p2 SOURCE ../gen/Hls_Layers_UpConv.tpp:305 VARIABLE add_ln305 LOOP {} BUNDLEDNAME {} DSP 0 BRAM 0 URAM 0 STORAGESUBTYPE {} DISPNAME {bind_op add} VISIBLE true} {BINDTYPE op ID {} IMPL auto LATENCY 0 OPTYPE seteq PRAGMA {} RTLNAME icmp_ln305_fu_362_p2 SOURCE ../gen/Hls_Layers_UpConv.tpp:305 VARIABLE icmp_ln305 LOOP ROW_LOOP BUNDLEDNAME {} DSP 0 BRAM 0 URAM 0 STORAGESUBTYPE {} DISPNAME {bind_op seteq} VISIBLE false} {BINDTYPE op ID {} IMPL fabric LATENCY 0 OPTYPE add PRAGMA {} RTLNAME add_ln305_2_fu_368_p2 SOURCE ../gen/Hls_Layers_UpConv.tpp:305 VARIABLE add_ln305_2 LOOP ROW_LOOP BUNDLEDNAME {} DSP 0 BRAM 0 URAM 0 STORAGESUBTYPE {} DISPNAME {bind_op add} VISIBLE true} {BINDTYPE op ID {} IMPL fabric LATENCY 0 OPTYPE sub PRAGMA {} RTLNAME sub_ln306_fu_394_p2 SOURCE ../gen/Hls_Layers_UpConv.tpp:306 VARIABLE sub_ln306 LOOP ROW_LOOP BUNDLEDNAME {} DSP 0 BRAM 0 URAM 0 STORAGESUBTYPE {} DISPNAME {bind_op sub} VISIBLE true} {BINDTYPE op ID {} IMPL fabric LATENCY 0 OPTYPE add PRAGMA {} RTLNAME add_ln313_fu_429_p2 SOURCE ../gen/Hls_Layers_UpConv.tpp:313 VARIABLE add_ln313 LOOP ROW_LOOP BUNDLEDNAME {} DSP 0 BRAM 0 URAM 0 STORAGESUBTYPE {} DISPNAME {bind_op add} VISIBLE true} {BINDTYPE op ID {} IMPL fabric LATENCY 0 OPTYPE add PRAGMA {} RTLNAME add_ln305_1_fu_408_p2 SOURCE ../gen/Hls_Layers_UpConv.tpp:305 VARIABLE add_ln305_1 LOOP ROW_LOOP BUNDLEDNAME {} DSP 0 BRAM 0 URAM 0 STORAGESUBTYPE {} DISPNAME {bind_op add} VISIBLE true} {BINDTYPE storage ID {} IMPL uram LATENCY 1 OPTYPE ram_t2p PRAGMA pragma RTLNAME x_buf_U SOURCE {} VARIABLE x_buf LOOP {} BUNDLEDNAME {} DSP 0 BRAM 0 URAM 4 STORAGESUBTYPE {} STORAGESIZE {256 1920 1} STORAGEUSAGE ram_t2p DISPNAME {bind_storage ram_t2p} VISIBLE true}} AREA {DSP 511 BRAM 84 URAM 52}} entry_proc {AREA {DSP 0 BRAM 0 URAM 0}} dataflow_parent_loop_proc {AREA {DSP 337 BRAM 0 URAM 32}}}}'
INFO-FLOW: DBG:PUTS:      update_csynth_reports json2rpt_hw_sw_interfaces
Execute       send_msg_by_id INFO @200-1603@%s  and missed bursts 
INFO: [HLS 200-1603] Design has inferred MAXI bursts and missed bursts, see Vitis HLS GUI synthesis summary report for detailed information.
INFO-FLOW: Running: gen_csynth_sec_pragma
INFO-FLOW: Done: gen_csynth_sec_pragma time: 0 seconds per iteration
INFO-FLOW: DBG:PUTS:      update_csynth_reports wrote xml
INFO-FLOW: DBG:PUTS:      update_csynth_reports appended to csynth rpt file
INFO: [HLS 200-111] Finished Updating report files: CPU user time: 1.07 seconds. CPU system time: 0.02 seconds. Elapsed time: 1.1 seconds; current allocated memory: 645.969 MB.
INFO: [VHDL 208-304] Generating VHDL RTL for upconv_core_top_ucb0.
INFO: [VLOG 209-307] Generating Verilog RTL for upconv_core_top_ucb0.
Execute       syn_report -model upconv_core_top_ucb0 -printsummary 
INFO: [HLS 200-790] **** Loop Constraint Status: All loop constraints were satisfied.
INFO: [HLS 200-789] **** Estimated Fmax: 297.89 MHz
Command     autosyn done; 6.74 sec.
Command   csynth_design done; 28.07 sec.
Execute   close_project 
Execute     close_solution 
Execute       cleanup_all 
Execute       cleanup_all 
