

================================================================
== Vitis HLS Report for 'uc_compute_tile_8_16_16_60_32_480_480_s'
================================================================
* Date:           Thu Jun 18 11:44:35 2026

* Version:        2024.2 (Build 5238294 on Nov  8 2024)
* Project:        upconv_block0
* Solution:       hls (Vivado IP Flow Target)
* Product family: zynquplus
* Target device:  xczu7ev-ffvc1156-2-e


================================================================
== Performance Estimates
================================================================
+ Timing: 
    * Summary: 
    +--------+---------+----------+------------+
    |  Clock |  Target | Estimated| Uncertainty|
    +--------+---------+----------+------------+
    |ap_clk  |  3.33 ns|  2.430 ns|     0.90 ns|
    +--------+---------+----------+------------+

+ Latency: 
    * Summary: 
    +---------+---------+-----------+-----------+-----+------+---------+
    |  Latency (cycles) |   Latency (absolute)  |  Interval  | Pipeline|
    |   min   |   max   |    min    |    max    | min |  max |   Type  |
    +---------+---------+-----------+-----------+-----+------+---------+
    |        7|     8995|  23.331 ns|  29.980 us|    7|  8995|       no|
    +---------+---------+-----------+-----------+-----+------+---------+

    + Detail: 
        * Instance: 
        +-----------------------------------------------------------------------------+------------------------------------------------------------------+---------+---------+----------+----------+------+------+------------------------------------------------+
        |                                                                             |                                                                  |  Latency (cycles) |  Latency (absolute) |   Interval  |                    Pipeline                    |
        |                                   Instance                                  |                              Module                              |   min   |   max   |    min   |    max   |  min |  max |                      Type                      |
        +-----------------------------------------------------------------------------+------------------------------------------------------------------+---------+---------+----------+----------+------+------+------------------------------------------------+
        |grp_uc_compute_tile_8_16_16_60_32_480_480_Pipeline_KW_LOOP_FLAT_LOOP_fu_142  |uc_compute_tile_8_16_16_60_32_480_480_Pipeline_KW_LOOP_FLAT_LOOP  |     2996|     2996|  9.986 us|  9.986 us|  2881|  2881|  loop auto-rewind stp (delay=0 clock cycles(s))|
        +-----------------------------------------------------------------------------+------------------------------------------------------------------+---------+---------+----------+----------+------+------+------------------------------------------------+

        * Loop: 
        +-----------+---------+---------+----------+-----------+-----------+------+----------+
        |           |  Latency (cycles) | Iteration|  Initiation Interval  | Trip |          |
        | Loop Name |   min   |   max   |  Latency |  achieved |   target  | Count| Pipelined|
        +-----------+---------+---------+----------+-----------+-----------+------+----------+
        |- KH_LOOP  |        6|     8994|  2 ~ 2998|          -|          -|     3|        no|
        +-----------+---------+---------+----------+-----------+-----------+------+----------+



================================================================
== Utilization Estimates
================================================================
* Summary: 
+-----------------+---------+------+--------+--------+-----+
|       Name      | BRAM_18K|  DSP |   FF   |   LUT  | URAM|
+-----------------+---------+------+--------+--------+-----+
|DSP              |        -|     -|       -|       -|    -|
|Expression       |        -|     -|       0|     127|    -|
|FIFO             |        -|     -|       -|       -|    -|
|Instance         |        -|   336|   50145|   47226|    -|
|Memory           |        -|     -|       -|       -|    -|
|Multiplexer      |        -|     -|       0|      47|    -|
|Register         |        -|     -|      30|       -|    -|
+-----------------+---------+------+--------+--------+-----+
|Total            |        0|   336|   50175|   47400|    0|
+-----------------+---------+------+--------+--------+-----+
|Available        |      624|  1728|  460800|  230400|   96|
+-----------------+---------+------+--------+--------+-----+
|Utilization (%)  |        0|    19|      10|      20|    0|
+-----------------+---------+------+--------+--------+-----+

+ Detail: 
    * Instance: 
    +-----------------------------------------------------------------------------+------------------------------------------------------------------+---------+-----+-------+-------+-----+
    |                                   Instance                                  |                              Module                              | BRAM_18K| DSP |   FF  |  LUT  | URAM|
    +-----------------------------------------------------------------------------+------------------------------------------------------------------+---------+-----+-------+-------+-----+
    |grp_uc_compute_tile_8_16_16_60_32_480_480_Pipeline_KW_LOOP_FLAT_LOOP_fu_142  |uc_compute_tile_8_16_16_60_32_480_480_Pipeline_KW_LOOP_FLAT_LOOP  |        0|  336|  50145|  47226|    0|
    +-----------------------------------------------------------------------------+------------------------------------------------------------------+---------+-----+-------+-------+-----+
    |Total                                                                        |                                                                  |        0|  336|  50145|  47226|    0|
    +-----------------------------------------------------------------------------+------------------------------------------------------------------+---------+-----+-------+-------+-----+

    * DSP: 
    N/A

    * Memory: 
    N/A

    * FIFO: 
    N/A

    * Expression: 
    +---------------------------------+----------+----+---+----+------------+------------+
    |          Variable Name          | Operation| DSP| FF| LUT| Bitwidth P0| Bitwidth P1|
    +---------------------------------+----------+----+---+----+------------+------------+
    |add_fu_218_p2                    |         +|   0|  0|  13|           6|           1|
    |kh_2_fu_242_p2                   |         +|   0|  0|   9|           2|           1|
    |empty_178_fu_323_p2              |         -|   0|  0|  10|           3|           3|
    |hpk_fu_252_p2                    |         -|   0|  0|  14|           7|           7|
    |x_base_fu_358_p2                 |         -|   0|  0|  18|          11|          11|
    |ap_block_state3_on_subcall_done  |       and|   0|  0|   2|           1|           1|
    |icmp_ln91_fu_236_p2              |      icmp|   0|  0|   9|           2|           2|
    |icmp_ln95_1_fu_295_p2            |      icmp|   0|  0|   9|           2|           1|
    |icmp_ln95_fu_279_p2              |      icmp|   0|  0|  39|          32|           1|
    |ap_block_state1                  |        or|   0|  0|   2|           1|           1|
    |or_ln95_fu_301_p2                |        or|   0|  0|   2|           1|           1|
    +---------------------------------+----------+----+---+----+------------+------------+
    |Total                            |          |   0|  0| 127|          68|          30|
    +---------------------------------+----------+----+---+----+------------+------------+

    * Multiplexer: 
    +-----------+----+-----------+-----+-----------+
    |    Name   | LUT| Input Size| Bits| Total Bits|
    +-----------+----+-----------+-----+-----------+
    |ap_NS_fsm  |  20|          4|    1|          4|
    |ap_done    |   9|          2|    1|          2|
    |ho_blk_n   |   9|          2|    1|          2|
    |kh_fu_126  |   9|          2|    2|          4|
    +-----------+----+-----------+-----+-----------+
    |Total      |  47|         10|    5|         12|
    +-----------+----+-----------+-----+-----------+

    * Register: 
    +------------------------------------------------------------------------------------------+---+----+-----+-----------+
    |                                           Name                                           | FF| LUT| Bits| Const Bits|
    +------------------------------------------------------------------------------------------+---+----+-----+-----------+
    |add_cast_reg_386                                                                          |  6|   0|    7|          1|
    |ap_CS_fsm                                                                                 |  3|   0|    3|          0|
    |ap_done_reg                                                                               |  1|   0|    1|          0|
    |empty_178_reg_403                                                                         |  3|   0|    3|          0|
    |empty_reg_376                                                                             |  1|   0|    1|          0|
    |grp_uc_compute_tile_8_16_16_60_32_480_480_Pipeline_KW_LOOP_FLAT_LOOP_fu_142_ap_start_reg  |  1|   0|    1|          0|
    |kh_2_reg_394                                                                              |  2|   0|    2|          0|
    |kh_fu_126                                                                                 |  2|   0|    2|          0|
    |lshr_ln_reg_381                                                                           |  5|   0|    5|          0|
    |or_ln95_reg_399                                                                           |  1|   0|    1|          0|
    |x_base_reg_408                                                                            |  5|   0|   11|          6|
    +------------------------------------------------------------------------------------------+---+----+-----+-----------+
    |Total                                                                                     | 30|   0|   37|          7|
    +------------------------------------------------------------------------------------------+---+----+-----+-----------+



================================================================
== Interface
================================================================
* Summary: 
+----------------------------------------------------------------------------------------------+-----+-----+------------+-------------------------------------------------------------------------------------+--------------+
|                                           RTL Ports                                          | Dir | Bits|  Protocol  |                                    Source Object                                    |    C Type    |
+----------------------------------------------------------------------------------------------+-----+-----+------------+-------------------------------------------------------------------------------------+--------------+
|ap_clk                                                                                        |   in|    1|  ap_ctrl_hs|                                         uc_compute_tile<8, 16, 16, 60, 32, 480, 480>|  return value|
|ap_rst                                                                                        |   in|    1|  ap_ctrl_hs|                                         uc_compute_tile<8, 16, 16, 60, 32, 480, 480>|  return value|
|ap_start                                                                                      |   in|    1|  ap_ctrl_hs|                                         uc_compute_tile<8, 16, 16, 60, 32, 480, 480>|  return value|
|ap_done                                                                                       |  out|    1|  ap_ctrl_hs|                                         uc_compute_tile<8, 16, 16, 60, 32, 480, 480>|  return value|
|ap_continue                                                                                   |   in|    1|  ap_ctrl_hs|                                         uc_compute_tile<8, 16, 16, 60, 32, 480, 480>|  return value|
|ap_idle                                                                                       |  out|    1|  ap_ctrl_hs|                                         uc_compute_tile<8, 16, 16, 60, 32, 480, 480>|  return value|
|ap_ready                                                                                      |  out|    1|  ap_ctrl_hs|                                         uc_compute_tile<8, 16, 16, 60, 32, 480, 480>|  return value|
|wbuf_0_address0                                                                               |  out|   10|   ap_memory|                                                                               wbuf_0|         array|
|wbuf_0_ce0                                                                                    |  out|    1|   ap_memory|                                                                               wbuf_0|         array|
|wbuf_0_q0                                                                                     |   in|  256|   ap_memory|                                                                               wbuf_0|         array|
|wbuf_1_address0                                                                               |  out|   10|   ap_memory|                                                                               wbuf_1|         array|
|wbuf_1_ce0                                                                                    |  out|    1|   ap_memory|                                                                               wbuf_1|         array|
|wbuf_1_q0                                                                                     |   in|  256|   ap_memory|                                                                               wbuf_1|         array|
|wbuf_2_address0                                                                               |  out|   10|   ap_memory|                                                                               wbuf_2|         array|
|wbuf_2_ce0                                                                                    |  out|    1|   ap_memory|                                                                               wbuf_2|         array|
|wbuf_2_q0                                                                                     |   in|  256|   ap_memory|                                                                               wbuf_2|         array|
|wbuf_3_address0                                                                               |  out|   10|   ap_memory|                                                                               wbuf_3|         array|
|wbuf_3_ce0                                                                                    |  out|    1|   ap_memory|                                                                               wbuf_3|         array|
|wbuf_3_q0                                                                                     |   in|  256|   ap_memory|                                                                               wbuf_3|         array|
|wbuf_4_address0                                                                               |  out|   10|   ap_memory|                                                                               wbuf_4|         array|
|wbuf_4_ce0                                                                                    |  out|    1|   ap_memory|                                                                               wbuf_4|         array|
|wbuf_4_q0                                                                                     |   in|  256|   ap_memory|                                                                               wbuf_4|         array|
|wbuf_5_address0                                                                               |  out|   10|   ap_memory|                                                                               wbuf_5|         array|
|wbuf_5_ce0                                                                                    |  out|    1|   ap_memory|                                                                               wbuf_5|         array|
|wbuf_5_q0                                                                                     |   in|  256|   ap_memory|                                                                               wbuf_5|         array|
|wbuf_6_address0                                                                               |  out|   10|   ap_memory|                                                                               wbuf_6|         array|
|wbuf_6_ce0                                                                                    |  out|    1|   ap_memory|                                                                               wbuf_6|         array|
|wbuf_6_q0                                                                                     |   in|  256|   ap_memory|                                                                               wbuf_6|         array|
|wbuf_7_address0                                                                               |  out|   10|   ap_memory|                                                                               wbuf_7|         array|
|wbuf_7_ce0                                                                                    |  out|    1|   ap_memory|                                                                               wbuf_7|         array|
|wbuf_7_q0                                                                                     |   in|  256|   ap_memory|                                                                               wbuf_7|         array|
|p_read                                                                                        |   in|    6|     ap_none|                                                                               p_read|        scalar|
|ho_dout                                                                                       |   in|    5|     ap_fifo|                                                                                   ho|       pointer|
|ho_empty_n                                                                                    |   in|    1|     ap_fifo|                                                                                   ho|       pointer|
|ho_read                                                                                       |  out|    1|     ap_fifo|                                                                                   ho|       pointer|
|ho_num_data_valid                                                                             |   in|    3|     ap_fifo|                                                                                   ho|       pointer|
|ho_fifo_cap                                                                                   |   in|    3|     ap_fifo|                                                                                   ho|       pointer|
|x_buf_address0                                                                                |  out|   11|   ap_memory|                                                                                x_buf|         array|
|x_buf_ce0                                                                                     |  out|    1|   ap_memory|                                                                                x_buf|         array|
|x_buf_q0                                                                                      |   in|  256|   ap_memory|                                                                                x_buf|         array|
|void_UpConv_Fused_Row_ap_uint_ap_uint_const_ap_uint_const_ap_uint_const_ap_u_2_address0       |  out|   10|   ap_memory|       void_UpConv_Fused_Row_ap_uint_ap_uint_const_ap_uint_const_ap_uint_const_ap_u_2|         array|
|void_UpConv_Fused_Row_ap_uint_ap_uint_const_ap_uint_const_ap_uint_const_ap_u_2_ce0            |  out|    1|   ap_memory|       void_UpConv_Fused_Row_ap_uint_ap_uint_const_ap_uint_const_ap_uint_const_ap_u_2|         array|
|void_UpConv_Fused_Row_ap_uint_ap_uint_const_ap_uint_const_ap_uint_const_ap_u_2_we0            |  out|    1|   ap_memory|       void_UpConv_Fused_Row_ap_uint_ap_uint_const_ap_uint_const_ap_uint_const_ap_u_2|         array|
|void_UpConv_Fused_Row_ap_uint_ap_uint_const_ap_uint_const_ap_uint_const_ap_u_2_d0             |  out|   16|   ap_memory|       void_UpConv_Fused_Row_ap_uint_ap_uint_const_ap_uint_const_ap_uint_const_ap_u_2|         array|
|void_UpConv_Fused_Row_ap_uint_ap_uint_const_ap_uint_const_ap_uint_const_ap_u_2_address1       |  out|   10|   ap_memory|       void_UpConv_Fused_Row_ap_uint_ap_uint_const_ap_uint_const_ap_uint_const_ap_u_2|         array|
|void_UpConv_Fused_Row_ap_uint_ap_uint_const_ap_uint_const_ap_uint_const_ap_u_2_ce1            |  out|    1|   ap_memory|       void_UpConv_Fused_Row_ap_uint_ap_uint_const_ap_uint_const_ap_uint_const_ap_u_2|         array|
|void_UpConv_Fused_Row_ap_uint_ap_uint_const_ap_uint_const_ap_uint_const_ap_u_2_q1             |   in|   16|   ap_memory|       void_UpConv_Fused_Row_ap_uint_ap_uint_const_ap_uint_const_ap_uint_const_ap_u_2|         array|
|p_ZZ16UpConv_Fused_RowILi8ELi16ELi16ELi960ELi480EEvP7ap_uintILi256EEPKS1_S4_S4_S4_address0    |  out|   10|   ap_memory|    p_ZZ16UpConv_Fused_RowILi8ELi16ELi16ELi960ELi480EEvP7ap_uintILi256EEPKS1_S4_S4_S4|         array|
|p_ZZ16UpConv_Fused_RowILi8ELi16ELi16ELi960ELi480EEvP7ap_uintILi256EEPKS1_S4_S4_S4_ce0         |  out|    1|   ap_memory|    p_ZZ16UpConv_Fused_RowILi8ELi16ELi16ELi960ELi480EEvP7ap_uintILi256EEPKS1_S4_S4_S4|         array|
|p_ZZ16UpConv_Fused_RowILi8ELi16ELi16ELi960ELi480EEvP7ap_uintILi256EEPKS1_S4_S4_S4_we0         |  out|    1|   ap_memory|    p_ZZ16UpConv_Fused_RowILi8ELi16ELi16ELi960ELi480EEvP7ap_uintILi256EEPKS1_S4_S4_S4|         array|
|p_ZZ16UpConv_Fused_RowILi8ELi16ELi16ELi960ELi480EEvP7ap_uintILi256EEPKS1_S4_S4_S4_d0          |  out|   16|   ap_memory|    p_ZZ16UpConv_Fused_RowILi8ELi16ELi16ELi960ELi480EEvP7ap_uintILi256EEPKS1_S4_S4_S4|         array|
|p_ZZ16UpConv_Fused_RowILi8ELi16ELi16ELi960ELi480EEvP7ap_uintILi256EEPKS1_S4_S4_S4_address1    |  out|   10|   ap_memory|    p_ZZ16UpConv_Fused_RowILi8ELi16ELi16ELi960ELi480EEvP7ap_uintILi256EEPKS1_S4_S4_S4|         array|
|p_ZZ16UpConv_Fused_RowILi8ELi16ELi16ELi960ELi480EEvP7ap_uintILi256EEPKS1_S4_S4_S4_ce1         |  out|    1|   ap_memory|    p_ZZ16UpConv_Fused_RowILi8ELi16ELi16ELi960ELi480EEvP7ap_uintILi256EEPKS1_S4_S4_S4|         array|
|p_ZZ16UpConv_Fused_RowILi8ELi16ELi16ELi960ELi480EEvP7ap_uintILi256EEPKS1_S4_S4_S4_q1          |   in|   16|   ap_memory|    p_ZZ16UpConv_Fused_RowILi8ELi16ELi16ELi960ELi480EEvP7ap_uintILi256EEPKS1_S4_S4_S4|         array|
|void_UpConv_Fused_Row_ap_uint_ap_uint_const_ap_uint_const_ap_uint_const_ap_u_3_address0       |  out|   10|   ap_memory|       void_UpConv_Fused_Row_ap_uint_ap_uint_const_ap_uint_const_ap_uint_const_ap_u_3|         array|
|void_UpConv_Fused_Row_ap_uint_ap_uint_const_ap_uint_const_ap_uint_const_ap_u_3_ce0            |  out|    1|   ap_memory|       void_UpConv_Fused_Row_ap_uint_ap_uint_const_ap_uint_const_ap_uint_const_ap_u_3|         array|
|void_UpConv_Fused_Row_ap_uint_ap_uint_const_ap_uint_const_ap_uint_const_ap_u_3_we0            |  out|    1|   ap_memory|       void_UpConv_Fused_Row_ap_uint_ap_uint_const_ap_uint_const_ap_uint_const_ap_u_3|         array|
|void_UpConv_Fused_Row_ap_uint_ap_uint_const_ap_uint_const_ap_uint_const_ap_u_3_d0             |  out|   16|   ap_memory|       void_UpConv_Fused_Row_ap_uint_ap_uint_const_ap_uint_const_ap_uint_const_ap_u_3|         array|
|void_UpConv_Fused_Row_ap_uint_ap_uint_const_ap_uint_const_ap_uint_const_ap_u_3_address1       |  out|   10|   ap_memory|       void_UpConv_Fused_Row_ap_uint_ap_uint_const_ap_uint_const_ap_uint_const_ap_u_3|         array|
|void_UpConv_Fused_Row_ap_uint_ap_uint_const_ap_uint_const_ap_uint_const_ap_u_3_ce1            |  out|    1|   ap_memory|       void_UpConv_Fused_Row_ap_uint_ap_uint_const_ap_uint_const_ap_uint_const_ap_u_3|         array|
|void_UpConv_Fused_Row_ap_uint_ap_uint_const_ap_uint_const_ap_uint_const_ap_u_3_q1             |   in|   16|   ap_memory|       void_UpConv_Fused_Row_ap_uint_ap_uint_const_ap_uint_const_ap_uint_const_ap_u_3|         array|
|p_ZZ16UpConv_Fused_RowILi8ELi16ELi16ELi960ELi480EEvP7ap_uintILi256EEPKS1_S4_S4_S4_1_address0  |  out|   10|   ap_memory|  p_ZZ16UpConv_Fused_RowILi8ELi16ELi16ELi960ELi480EEvP7ap_uintILi256EEPKS1_S4_S4_S4_1|         array|
|p_ZZ16UpConv_Fused_RowILi8ELi16ELi16ELi960ELi480EEvP7ap_uintILi256EEPKS1_S4_S4_S4_1_ce0       |  out|    1|   ap_memory|  p_ZZ16UpConv_Fused_RowILi8ELi16ELi16ELi960ELi480EEvP7ap_uintILi256EEPKS1_S4_S4_S4_1|         array|
|p_ZZ16UpConv_Fused_RowILi8ELi16ELi16ELi960ELi480EEvP7ap_uintILi256EEPKS1_S4_S4_S4_1_we0       |  out|    1|   ap_memory|  p_ZZ16UpConv_Fused_RowILi8ELi16ELi16ELi960ELi480EEvP7ap_uintILi256EEPKS1_S4_S4_S4_1|         array|
|p_ZZ16UpConv_Fused_RowILi8ELi16ELi16ELi960ELi480EEvP7ap_uintILi256EEPKS1_S4_S4_S4_1_d0        |  out|   16|   ap_memory|  p_ZZ16UpConv_Fused_RowILi8ELi16ELi16ELi960ELi480EEvP7ap_uintILi256EEPKS1_S4_S4_S4_1|         array|
|p_ZZ16UpConv_Fused_RowILi8ELi16ELi16ELi960ELi480EEvP7ap_uintILi256EEPKS1_S4_S4_S4_1_address1  |  out|   10|   ap_memory|  p_ZZ16UpConv_Fused_RowILi8ELi16ELi16ELi960ELi480EEvP7ap_uintILi256EEPKS1_S4_S4_S4_1|         array|
|p_ZZ16UpConv_Fused_RowILi8ELi16ELi16ELi960ELi480EEvP7ap_uintILi256EEPKS1_S4_S4_S4_1_ce1       |  out|    1|   ap_memory|  p_ZZ16UpConv_Fused_RowILi8ELi16ELi16ELi960ELi480EEvP7ap_uintILi256EEPKS1_S4_S4_S4_1|         array|
|p_ZZ16UpConv_Fused_RowILi8ELi16ELi16ELi960ELi480EEvP7ap_uintILi256EEPKS1_S4_S4_S4_1_q1        |   in|   16|   ap_memory|  p_ZZ16UpConv_Fused_RowILi8ELi16ELi16ELi960ELi480EEvP7ap_uintILi256EEPKS1_S4_S4_S4_1|         array|
|void_UpConv_Fused_Row_ap_uint_ap_uint_const_ap_uint_const_ap_uint_const_ap_u_4_address0       |  out|   10|   ap_memory|       void_UpConv_Fused_Row_ap_uint_ap_uint_const_ap_uint_const_ap_uint_const_ap_u_4|         array|
|void_UpConv_Fused_Row_ap_uint_ap_uint_const_ap_uint_const_ap_uint_const_ap_u_4_ce0            |  out|    1|   ap_memory|       void_UpConv_Fused_Row_ap_uint_ap_uint_const_ap_uint_const_ap_uint_const_ap_u_4|         array|
|void_UpConv_Fused_Row_ap_uint_ap_uint_const_ap_uint_const_ap_uint_const_ap_u_4_we0            |  out|    1|   ap_memory|       void_UpConv_Fused_Row_ap_uint_ap_uint_const_ap_uint_const_ap_uint_const_ap_u_4|         array|
|void_UpConv_Fused_Row_ap_uint_ap_uint_const_ap_uint_const_ap_uint_const_ap_u_4_d0             |  out|   16|   ap_memory|       void_UpConv_Fused_Row_ap_uint_ap_uint_const_ap_uint_const_ap_uint_const_ap_u_4|         array|
|void_UpConv_Fused_Row_ap_uint_ap_uint_const_ap_uint_const_ap_uint_const_ap_u_4_address1       |  out|   10|   ap_memory|       void_UpConv_Fused_Row_ap_uint_ap_uint_const_ap_uint_const_ap_uint_const_ap_u_4|         array|
|void_UpConv_Fused_Row_ap_uint_ap_uint_const_ap_uint_const_ap_uint_const_ap_u_4_ce1            |  out|    1|   ap_memory|       void_UpConv_Fused_Row_ap_uint_ap_uint_const_ap_uint_const_ap_uint_const_ap_u_4|         array|
|void_UpConv_Fused_Row_ap_uint_ap_uint_const_ap_uint_const_ap_uint_const_ap_u_4_q1             |   in|   16|   ap_memory|       void_UpConv_Fused_Row_ap_uint_ap_uint_const_ap_uint_const_ap_uint_const_ap_u_4|         array|
|p_ZZ16UpConv_Fused_RowILi8ELi16ELi16ELi960ELi480EEvP7ap_uintILi256EEPKS1_S4_S4_S4_2_address0  |  out|   10|   ap_memory|  p_ZZ16UpConv_Fused_RowILi8ELi16ELi16ELi960ELi480EEvP7ap_uintILi256EEPKS1_S4_S4_S4_2|         array|
|p_ZZ16UpConv_Fused_RowILi8ELi16ELi16ELi960ELi480EEvP7ap_uintILi256EEPKS1_S4_S4_S4_2_ce0       |  out|    1|   ap_memory|  p_ZZ16UpConv_Fused_RowILi8ELi16ELi16ELi960ELi480EEvP7ap_uintILi256EEPKS1_S4_S4_S4_2|         array|
|p_ZZ16UpConv_Fused_RowILi8ELi16ELi16ELi960ELi480EEvP7ap_uintILi256EEPKS1_S4_S4_S4_2_we0       |  out|    1|   ap_memory|  p_ZZ16UpConv_Fused_RowILi8ELi16ELi16ELi960ELi480EEvP7ap_uintILi256EEPKS1_S4_S4_S4_2|         array|
|p_ZZ16UpConv_Fused_RowILi8ELi16ELi16ELi960ELi480EEvP7ap_uintILi256EEPKS1_S4_S4_S4_2_d0        |  out|   16|   ap_memory|  p_ZZ16UpConv_Fused_RowILi8ELi16ELi16ELi960ELi480EEvP7ap_uintILi256EEPKS1_S4_S4_S4_2|         array|
|p_ZZ16UpConv_Fused_RowILi8ELi16ELi16ELi960ELi480EEvP7ap_uintILi256EEPKS1_S4_S4_S4_2_address1  |  out|   10|   ap_memory|  p_ZZ16UpConv_Fused_RowILi8ELi16ELi16ELi960ELi480EEvP7ap_uintILi256EEPKS1_S4_S4_S4_2|         array|
|p_ZZ16UpConv_Fused_RowILi8ELi16ELi16ELi960ELi480EEvP7ap_uintILi256EEPKS1_S4_S4_S4_2_ce1       |  out|    1|   ap_memory|  p_ZZ16UpConv_Fused_RowILi8ELi16ELi16ELi960ELi480EEvP7ap_uintILi256EEPKS1_S4_S4_S4_2|         array|
|p_ZZ16UpConv_Fused_RowILi8ELi16ELi16ELi960ELi480EEvP7ap_uintILi256EEPKS1_S4_S4_S4_2_q1        |   in|   16|   ap_memory|  p_ZZ16UpConv_Fused_RowILi8ELi16ELi16ELi960ELi480EEvP7ap_uintILi256EEPKS1_S4_S4_S4_2|         array|
|void_UpConv_Fused_Row_ap_uint_ap_uint_const_ap_uint_const_ap_uint_const_ap_u_5_address0       |  out|   10|   ap_memory|       void_UpConv_Fused_Row_ap_uint_ap_uint_const_ap_uint_const_ap_uint_const_ap_u_5|         array|
|void_UpConv_Fused_Row_ap_uint_ap_uint_const_ap_uint_const_ap_uint_const_ap_u_5_ce0            |  out|    1|   ap_memory|       void_UpConv_Fused_Row_ap_uint_ap_uint_const_ap_uint_const_ap_uint_const_ap_u_5|         array|
|void_UpConv_Fused_Row_ap_uint_ap_uint_const_ap_uint_const_ap_uint_const_ap_u_5_we0            |  out|    1|   ap_memory|       void_UpConv_Fused_Row_ap_uint_ap_uint_const_ap_uint_const_ap_uint_const_ap_u_5|         array|
|void_UpConv_Fused_Row_ap_uint_ap_uint_const_ap_uint_const_ap_uint_const_ap_u_5_d0             |  out|   16|   ap_memory|       void_UpConv_Fused_Row_ap_uint_ap_uint_const_ap_uint_const_ap_uint_const_ap_u_5|         array|
|void_UpConv_Fused_Row_ap_uint_ap_uint_const_ap_uint_const_ap_uint_const_ap_u_5_address1       |  out|   10|   ap_memory|       void_UpConv_Fused_Row_ap_uint_ap_uint_const_ap_uint_const_ap_uint_const_ap_u_5|         array|
|void_UpConv_Fused_Row_ap_uint_ap_uint_const_ap_uint_const_ap_uint_const_ap_u_5_ce1            |  out|    1|   ap_memory|       void_UpConv_Fused_Row_ap_uint_ap_uint_const_ap_uint_const_ap_uint_const_ap_u_5|         array|
|void_UpConv_Fused_Row_ap_uint_ap_uint_const_ap_uint_const_ap_uint_const_ap_u_5_q1             |   in|   16|   ap_memory|       void_UpConv_Fused_Row_ap_uint_ap_uint_const_ap_uint_const_ap_uint_const_ap_u_5|         array|
|p_ZZ16UpConv_Fused_RowILi8ELi16ELi16ELi960ELi480EEvP7ap_uintILi256EEPKS1_S4_S4_S4_3_address0  |  out|   10|   ap_memory|  p_ZZ16UpConv_Fused_RowILi8ELi16ELi16ELi960ELi480EEvP7ap_uintILi256EEPKS1_S4_S4_S4_3|         array|
|p_ZZ16UpConv_Fused_RowILi8ELi16ELi16ELi960ELi480EEvP7ap_uintILi256EEPKS1_S4_S4_S4_3_ce0       |  out|    1|   ap_memory|  p_ZZ16UpConv_Fused_RowILi8ELi16ELi16ELi960ELi480EEvP7ap_uintILi256EEPKS1_S4_S4_S4_3|         array|
|p_ZZ16UpConv_Fused_RowILi8ELi16ELi16ELi960ELi480EEvP7ap_uintILi256EEPKS1_S4_S4_S4_3_we0       |  out|    1|   ap_memory|  p_ZZ16UpConv_Fused_RowILi8ELi16ELi16ELi960ELi480EEvP7ap_uintILi256EEPKS1_S4_S4_S4_3|         array|
|p_ZZ16UpConv_Fused_RowILi8ELi16ELi16ELi960ELi480EEvP7ap_uintILi256EEPKS1_S4_S4_S4_3_d0        |  out|   16|   ap_memory|  p_ZZ16UpConv_Fused_RowILi8ELi16ELi16ELi960ELi480EEvP7ap_uintILi256EEPKS1_S4_S4_S4_3|         array|
|p_ZZ16UpConv_Fused_RowILi8ELi16ELi16ELi960ELi480EEvP7ap_uintILi256EEPKS1_S4_S4_S4_3_address1  |  out|   10|   ap_memory|  p_ZZ16UpConv_Fused_RowILi8ELi16ELi16ELi960ELi480EEvP7ap_uintILi256EEPKS1_S4_S4_S4_3|         array|
|p_ZZ16UpConv_Fused_RowILi8ELi16ELi16ELi960ELi480EEvP7ap_uintILi256EEPKS1_S4_S4_S4_3_ce1       |  out|    1|   ap_memory|  p_ZZ16UpConv_Fused_RowILi8ELi16ELi16ELi960ELi480EEvP7ap_uintILi256EEPKS1_S4_S4_S4_3|         array|
|p_ZZ16UpConv_Fused_RowILi8ELi16ELi16ELi960ELi480EEvP7ap_uintILi256EEPKS1_S4_S4_S4_3_q1        |   in|   16|   ap_memory|  p_ZZ16UpConv_Fused_RowILi8ELi16ELi16ELi960ELi480EEvP7ap_uintILi256EEPKS1_S4_S4_S4_3|         array|
|void_UpConv_Fused_Row_ap_uint_ap_uint_const_ap_uint_const_ap_uint_const_ap_u_6_address0       |  out|   10|   ap_memory|       void_UpConv_Fused_Row_ap_uint_ap_uint_const_ap_uint_const_ap_uint_const_ap_u_6|         array|
|void_UpConv_Fused_Row_ap_uint_ap_uint_const_ap_uint_const_ap_uint_const_ap_u_6_ce0            |  out|    1|   ap_memory|       void_UpConv_Fused_Row_ap_uint_ap_uint_const_ap_uint_const_ap_uint_const_ap_u_6|         array|
|void_UpConv_Fused_Row_ap_uint_ap_uint_const_ap_uint_const_ap_uint_const_ap_u_6_we0            |  out|    1|   ap_memory|       void_UpConv_Fused_Row_ap_uint_ap_uint_const_ap_uint_const_ap_uint_const_ap_u_6|         array|
|void_UpConv_Fused_Row_ap_uint_ap_uint_const_ap_uint_const_ap_uint_const_ap_u_6_d0             |  out|   16|   ap_memory|       void_UpConv_Fused_Row_ap_uint_ap_uint_const_ap_uint_const_ap_uint_const_ap_u_6|         array|
|void_UpConv_Fused_Row_ap_uint_ap_uint_const_ap_uint_const_ap_uint_const_ap_u_6_address1       |  out|   10|   ap_memory|       void_UpConv_Fused_Row_ap_uint_ap_uint_const_ap_uint_const_ap_uint_const_ap_u_6|         array|
|void_UpConv_Fused_Row_ap_uint_ap_uint_const_ap_uint_const_ap_uint_const_ap_u_6_ce1            |  out|    1|   ap_memory|       void_UpConv_Fused_Row_ap_uint_ap_uint_const_ap_uint_const_ap_uint_const_ap_u_6|         array|
|void_UpConv_Fused_Row_ap_uint_ap_uint_const_ap_uint_const_ap_uint_const_ap_u_6_q1             |   in|   16|   ap_memory|       void_UpConv_Fused_Row_ap_uint_ap_uint_const_ap_uint_const_ap_uint_const_ap_u_6|         array|
|p_ZZ16UpConv_Fused_RowILi8ELi16ELi16ELi960ELi480EEvP7ap_uintILi256EEPKS1_S4_S4_S4_4_address0  |  out|   10|   ap_memory|  p_ZZ16UpConv_Fused_RowILi8ELi16ELi16ELi960ELi480EEvP7ap_uintILi256EEPKS1_S4_S4_S4_4|         array|
|p_ZZ16UpConv_Fused_RowILi8ELi16ELi16ELi960ELi480EEvP7ap_uintILi256EEPKS1_S4_S4_S4_4_ce0       |  out|    1|   ap_memory|  p_ZZ16UpConv_Fused_RowILi8ELi16ELi16ELi960ELi480EEvP7ap_uintILi256EEPKS1_S4_S4_S4_4|         array|
|p_ZZ16UpConv_Fused_RowILi8ELi16ELi16ELi960ELi480EEvP7ap_uintILi256EEPKS1_S4_S4_S4_4_we0       |  out|    1|   ap_memory|  p_ZZ16UpConv_Fused_RowILi8ELi16ELi16ELi960ELi480EEvP7ap_uintILi256EEPKS1_S4_S4_S4_4|         array|
|p_ZZ16UpConv_Fused_RowILi8ELi16ELi16ELi960ELi480EEvP7ap_uintILi256EEPKS1_S4_S4_S4_4_d0        |  out|   16|   ap_memory|  p_ZZ16UpConv_Fused_RowILi8ELi16ELi16ELi960ELi480EEvP7ap_uintILi256EEPKS1_S4_S4_S4_4|         array|
|p_ZZ16UpConv_Fused_RowILi8ELi16ELi16ELi960ELi480EEvP7ap_uintILi256EEPKS1_S4_S4_S4_4_address1  |  out|   10|   ap_memory|  p_ZZ16UpConv_Fused_RowILi8ELi16ELi16ELi960ELi480EEvP7ap_uintILi256EEPKS1_S4_S4_S4_4|         array|
|p_ZZ16UpConv_Fused_RowILi8ELi16ELi16ELi960ELi480EEvP7ap_uintILi256EEPKS1_S4_S4_S4_4_ce1       |  out|    1|   ap_memory|  p_ZZ16UpConv_Fused_RowILi8ELi16ELi16ELi960ELi480EEvP7ap_uintILi256EEPKS1_S4_S4_S4_4|         array|
|p_ZZ16UpConv_Fused_RowILi8ELi16ELi16ELi960ELi480EEvP7ap_uintILi256EEPKS1_S4_S4_S4_4_q1        |   in|   16|   ap_memory|  p_ZZ16UpConv_Fused_RowILi8ELi16ELi16ELi960ELi480EEvP7ap_uintILi256EEPKS1_S4_S4_S4_4|         array|
|void_UpConv_Fused_Row_ap_uint_ap_uint_const_ap_uint_const_ap_uint_const_ap_u_7_address0       |  out|   10|   ap_memory|       void_UpConv_Fused_Row_ap_uint_ap_uint_const_ap_uint_const_ap_uint_const_ap_u_7|         array|
|void_UpConv_Fused_Row_ap_uint_ap_uint_const_ap_uint_const_ap_uint_const_ap_u_7_ce0            |  out|    1|   ap_memory|       void_UpConv_Fused_Row_ap_uint_ap_uint_const_ap_uint_const_ap_uint_const_ap_u_7|         array|
|void_UpConv_Fused_Row_ap_uint_ap_uint_const_ap_uint_const_ap_uint_const_ap_u_7_we0            |  out|    1|   ap_memory|       void_UpConv_Fused_Row_ap_uint_ap_uint_const_ap_uint_const_ap_uint_const_ap_u_7|         array|
|void_UpConv_Fused_Row_ap_uint_ap_uint_const_ap_uint_const_ap_uint_const_ap_u_7_d0             |  out|   16|   ap_memory|       void_UpConv_Fused_Row_ap_uint_ap_uint_const_ap_uint_const_ap_uint_const_ap_u_7|         array|
|void_UpConv_Fused_Row_ap_uint_ap_uint_const_ap_uint_const_ap_uint_const_ap_u_7_address1       |  out|   10|   ap_memory|       void_UpConv_Fused_Row_ap_uint_ap_uint_const_ap_uint_const_ap_uint_const_ap_u_7|         array|
|void_UpConv_Fused_Row_ap_uint_ap_uint_const_ap_uint_const_ap_uint_const_ap_u_7_ce1            |  out|    1|   ap_memory|       void_UpConv_Fused_Row_ap_uint_ap_uint_const_ap_uint_const_ap_uint_const_ap_u_7|         array|
|void_UpConv_Fused_Row_ap_uint_ap_uint_const_ap_uint_const_ap_uint_const_ap_u_7_q1             |   in|   16|   ap_memory|       void_UpConv_Fused_Row_ap_uint_ap_uint_const_ap_uint_const_ap_uint_const_ap_u_7|         array|
|p_ZZ16UpConv_Fused_RowILi8ELi16ELi16ELi960ELi480EEvP7ap_uintILi256EEPKS1_S4_S4_S4_5_address0  |  out|   10|   ap_memory|  p_ZZ16UpConv_Fused_RowILi8ELi16ELi16ELi960ELi480EEvP7ap_uintILi256EEPKS1_S4_S4_S4_5|         array|
|p_ZZ16UpConv_Fused_RowILi8ELi16ELi16ELi960ELi480EEvP7ap_uintILi256EEPKS1_S4_S4_S4_5_ce0       |  out|    1|   ap_memory|  p_ZZ16UpConv_Fused_RowILi8ELi16ELi16ELi960ELi480EEvP7ap_uintILi256EEPKS1_S4_S4_S4_5|         array|
|p_ZZ16UpConv_Fused_RowILi8ELi16ELi16ELi960ELi480EEvP7ap_uintILi256EEPKS1_S4_S4_S4_5_we0       |  out|    1|   ap_memory|  p_ZZ16UpConv_Fused_RowILi8ELi16ELi16ELi960ELi480EEvP7ap_uintILi256EEPKS1_S4_S4_S4_5|         array|
|p_ZZ16UpConv_Fused_RowILi8ELi16ELi16ELi960ELi480EEvP7ap_uintILi256EEPKS1_S4_S4_S4_5_d0        |  out|   16|   ap_memory|  p_ZZ16UpConv_Fused_RowILi8ELi16ELi16ELi960ELi480EEvP7ap_uintILi256EEPKS1_S4_S4_S4_5|         array|
|p_ZZ16UpConv_Fused_RowILi8ELi16ELi16ELi960ELi480EEvP7ap_uintILi256EEPKS1_S4_S4_S4_5_address1  |  out|   10|   ap_memory|  p_ZZ16UpConv_Fused_RowILi8ELi16ELi16ELi960ELi480EEvP7ap_uintILi256EEPKS1_S4_S4_S4_5|         array|
|p_ZZ16UpConv_Fused_RowILi8ELi16ELi16ELi960ELi480EEvP7ap_uintILi256EEPKS1_S4_S4_S4_5_ce1       |  out|    1|   ap_memory|  p_ZZ16UpConv_Fused_RowILi8ELi16ELi16ELi960ELi480EEvP7ap_uintILi256EEPKS1_S4_S4_S4_5|         array|
|p_ZZ16UpConv_Fused_RowILi8ELi16ELi16ELi960ELi480EEvP7ap_uintILi256EEPKS1_S4_S4_S4_5_q1        |   in|   16|   ap_memory|  p_ZZ16UpConv_Fused_RowILi8ELi16ELi16ELi960ELi480EEvP7ap_uintILi256EEPKS1_S4_S4_S4_5|         array|
|void_UpConv_Fused_Row_ap_uint_ap_uint_const_ap_uint_const_ap_uint_const_ap_u_8_address0       |  out|   10|   ap_memory|       void_UpConv_Fused_Row_ap_uint_ap_uint_const_ap_uint_const_ap_uint_const_ap_u_8|         array|
|void_UpConv_Fused_Row_ap_uint_ap_uint_const_ap_uint_const_ap_uint_const_ap_u_8_ce0            |  out|    1|   ap_memory|       void_UpConv_Fused_Row_ap_uint_ap_uint_const_ap_uint_const_ap_uint_const_ap_u_8|         array|
|void_UpConv_Fused_Row_ap_uint_ap_uint_const_ap_uint_const_ap_uint_const_ap_u_8_we0            |  out|    1|   ap_memory|       void_UpConv_Fused_Row_ap_uint_ap_uint_const_ap_uint_const_ap_uint_const_ap_u_8|         array|
|void_UpConv_Fused_Row_ap_uint_ap_uint_const_ap_uint_const_ap_uint_const_ap_u_8_d0             |  out|   16|   ap_memory|       void_UpConv_Fused_Row_ap_uint_ap_uint_const_ap_uint_const_ap_uint_const_ap_u_8|         array|
|void_UpConv_Fused_Row_ap_uint_ap_uint_const_ap_uint_const_ap_uint_const_ap_u_8_address1       |  out|   10|   ap_memory|       void_UpConv_Fused_Row_ap_uint_ap_uint_const_ap_uint_const_ap_uint_const_ap_u_8|         array|
|void_UpConv_Fused_Row_ap_uint_ap_uint_const_ap_uint_const_ap_uint_const_ap_u_8_ce1            |  out|    1|   ap_memory|       void_UpConv_Fused_Row_ap_uint_ap_uint_const_ap_uint_const_ap_uint_const_ap_u_8|         array|
|void_UpConv_Fused_Row_ap_uint_ap_uint_const_ap_uint_const_ap_uint_const_ap_u_8_q1             |   in|   16|   ap_memory|       void_UpConv_Fused_Row_ap_uint_ap_uint_const_ap_uint_const_ap_uint_const_ap_u_8|         array|
|void_UpConv_Fused_Row_ap_uint_ap_uint_const_ap_uint_const_ap_uint_const_ap_u_address0         |  out|   10|   ap_memory|         void_UpConv_Fused_Row_ap_uint_ap_uint_const_ap_uint_const_ap_uint_const_ap_u|         array|
|void_UpConv_Fused_Row_ap_uint_ap_uint_const_ap_uint_const_ap_uint_const_ap_u_ce0              |  out|    1|   ap_memory|         void_UpConv_Fused_Row_ap_uint_ap_uint_const_ap_uint_const_ap_uint_const_ap_u|         array|
|void_UpConv_Fused_Row_ap_uint_ap_uint_const_ap_uint_const_ap_uint_const_ap_u_we0              |  out|    1|   ap_memory|         void_UpConv_Fused_Row_ap_uint_ap_uint_const_ap_uint_const_ap_uint_const_ap_u|         array|
|void_UpConv_Fused_Row_ap_uint_ap_uint_const_ap_uint_const_ap_uint_const_ap_u_d0               |  out|   16|   ap_memory|         void_UpConv_Fused_Row_ap_uint_ap_uint_const_ap_uint_const_ap_uint_const_ap_u|         array|
|void_UpConv_Fused_Row_ap_uint_ap_uint_const_ap_uint_const_ap_uint_const_ap_u_address1         |  out|   10|   ap_memory|         void_UpConv_Fused_Row_ap_uint_ap_uint_const_ap_uint_const_ap_uint_const_ap_u|         array|
|void_UpConv_Fused_Row_ap_uint_ap_uint_const_ap_uint_const_ap_uint_const_ap_u_ce1              |  out|    1|   ap_memory|         void_UpConv_Fused_Row_ap_uint_ap_uint_const_ap_uint_const_ap_uint_const_ap_u|         array|
|void_UpConv_Fused_Row_ap_uint_ap_uint_const_ap_uint_const_ap_uint_const_ap_u_q1               |   in|   16|   ap_memory|         void_UpConv_Fused_Row_ap_uint_ap_uint_const_ap_uint_const_ap_uint_const_ap_u|         array|
|void_UpConv_Fused_Row_ap_uint_ap_uint_const_ap_uint_const_ap_uint_const_ap_u_9_address0       |  out|   10|   ap_memory|       void_UpConv_Fused_Row_ap_uint_ap_uint_const_ap_uint_const_ap_uint_const_ap_u_9|         array|
|void_UpConv_Fused_Row_ap_uint_ap_uint_const_ap_uint_const_ap_uint_const_ap_u_9_ce0            |  out|    1|   ap_memory|       void_UpConv_Fused_Row_ap_uint_ap_uint_const_ap_uint_const_ap_uint_const_ap_u_9|         array|
|void_UpConv_Fused_Row_ap_uint_ap_uint_const_ap_uint_const_ap_uint_const_ap_u_9_we0            |  out|    1|   ap_memory|       void_UpConv_Fused_Row_ap_uint_ap_uint_const_ap_uint_const_ap_uint_const_ap_u_9|         array|
|void_UpConv_Fused_Row_ap_uint_ap_uint_const_ap_uint_const_ap_uint_const_ap_u_9_d0             |  out|   16|   ap_memory|       void_UpConv_Fused_Row_ap_uint_ap_uint_const_ap_uint_const_ap_uint_const_ap_u_9|         array|
|void_UpConv_Fused_Row_ap_uint_ap_uint_const_ap_uint_const_ap_uint_const_ap_u_9_address1       |  out|   10|   ap_memory|       void_UpConv_Fused_Row_ap_uint_ap_uint_const_ap_uint_const_ap_uint_const_ap_u_9|         array|
|void_UpConv_Fused_Row_ap_uint_ap_uint_const_ap_uint_const_ap_uint_const_ap_u_9_ce1            |  out|    1|   ap_memory|       void_UpConv_Fused_Row_ap_uint_ap_uint_const_ap_uint_const_ap_uint_const_ap_u_9|         array|
|void_UpConv_Fused_Row_ap_uint_ap_uint_const_ap_uint_const_ap_uint_const_ap_u_9_q1             |   in|   16|   ap_memory|       void_UpConv_Fused_Row_ap_uint_ap_uint_const_ap_uint_const_ap_uint_const_ap_u_9|         array|
|void_UpConv_Fused_Row_ap_uint_ap_uint_const_ap_uint_const_ap_uint_const_ap_u_1_address0       |  out|   10|   ap_memory|       void_UpConv_Fused_Row_ap_uint_ap_uint_const_ap_uint_const_ap_uint_const_ap_u_1|         array|
|void_UpConv_Fused_Row_ap_uint_ap_uint_const_ap_uint_const_ap_uint_const_ap_u_1_ce0            |  out|    1|   ap_memory|       void_UpConv_Fused_Row_ap_uint_ap_uint_const_ap_uint_const_ap_uint_const_ap_u_1|         array|
|void_UpConv_Fused_Row_ap_uint_ap_uint_const_ap_uint_const_ap_uint_const_ap_u_1_we0            |  out|    1|   ap_memory|       void_UpConv_Fused_Row_ap_uint_ap_uint_const_ap_uint_const_ap_uint_const_ap_u_1|         array|
|void_UpConv_Fused_Row_ap_uint_ap_uint_const_ap_uint_const_ap_uint_const_ap_u_1_d0             |  out|   16|   ap_memory|       void_UpConv_Fused_Row_ap_uint_ap_uint_const_ap_uint_const_ap_uint_const_ap_u_1|         array|
|void_UpConv_Fused_Row_ap_uint_ap_uint_const_ap_uint_const_ap_uint_const_ap_u_1_address1       |  out|   10|   ap_memory|       void_UpConv_Fused_Row_ap_uint_ap_uint_const_ap_uint_const_ap_uint_const_ap_u_1|         array|
|void_UpConv_Fused_Row_ap_uint_ap_uint_const_ap_uint_const_ap_uint_const_ap_u_1_ce1            |  out|    1|   ap_memory|       void_UpConv_Fused_Row_ap_uint_ap_uint_const_ap_uint_const_ap_uint_const_ap_u_1|         array|
|void_UpConv_Fused_Row_ap_uint_ap_uint_const_ap_uint_const_ap_uint_const_ap_u_1_q1             |   in|   16|   ap_memory|       void_UpConv_Fused_Row_ap_uint_ap_uint_const_ap_uint_const_ap_uint_const_ap_u_1|         array|
+----------------------------------------------------------------------------------------------+-----+-----+------------+-------------------------------------------------------------------------------------+--------------+

============================================================
+ Verbose Summary: Synthesis Manager
============================================================
InlineROM: 1
ExposeGlobal: 0
============================================================
+ Verbose Summary: CDFG Model
============================================================
IsTopModel: 0
ResetActiveHigh: 1
IsCombinational: 2
IsDatapathOnly: 0
HasWiredReturn: 1
HasMFsm: 0
HasVarLatency: 1
IsPipeline: 0
IsRtlPipelined: 0
IsInstanceOverlapped: 0
IsDontTouch: 0
HasImplIP: 0
IsGatedGlobalClock: 0


============================================================
+ Verbose Summary: Schedule
============================================================
* Number of FSM states : 3
* Pipeline : 0
* Dataflow Pipeline: 0

* FSM state transitions: 
1 --> 2 
2 --> 3 
3 --> 2 

* FSM state operations: 

State 1 <SV = 0> <Delay = 2.00>
ST_1 : Operation 4 [1/1] (0.00ns)   --->   "%kh = alloca i32 1" [../gen/Hls_Layers_UpConv.tpp:91]   --->   Operation 4 'alloca' 'kh' <Predicate = true> <Delay = 0.00>
ST_1 : Operation 5 [1/1] (1.21ns)   --->   "%p_read_2 = read i6 @_ssdm_op_Read.ap_auto.i6, i6 %p_read"   --->   Operation 5 'read' 'p_read_2' <Predicate = true> <Delay = 1.21> <CoreInst = "FIFO_SRL">   --->   Core 80 'FIFO_SRL' <Latency = 0> <II = 1> <Delay = 1.83> <Storage> <Opcode : 'read' 'write' 'nbread' 'nbwrite'> <Ports = 0> <Width = -1> <Depth = -1> <FIFO>
ST_1 : Operation 6 [1/1] (0.00ns)   --->   "%empty = trunc i6 %p_read_2"   --->   Operation 6 'trunc' 'empty' <Predicate = true> <Delay = 0.00>
ST_1 : Operation 7 [1/1] (0.00ns)   --->   "%specinterface_ln0 = specinterface void @_ssdm_op_SpecInterface, i5 %ho, void @ap_fifo_str, i32 0, i32 0, void @p_str, i32 0, i32 0, void @p_str, void @p_str, void @p_str, i32 2, i32 2, i32 16, i32 16, void @p_str, void @ScalarProp_str, i32 4294967295, i32 0, i32 0"   --->   Operation 7 'specinterface' 'specinterface_ln0' <Predicate = true> <Delay = 0.00>
ST_1 : Operation 8 [1/1] ( I:1.21ns O:1.21ns )   --->   "%ho_1 = read i5 @_ssdm_op_Read.ap_fifo.i5P0A, i5 %ho"   --->   Operation 8 'read' 'ho_1' <Predicate = true> <Delay = 1.21> <CoreInst = "FIFO_SRL">   --->   Core 80 'FIFO_SRL' <Latency = 0> <II = 1> <Delay = 1.83> <Storage> <Opcode : 'read' 'write' 'nbread' 'nbwrite'> <Ports = 0> <Width = 5> <Depth = 3> <FIFO>
ST_1 : Operation 9 [1/1] (0.00ns)   --->   "%ho_cast = zext i5 %ho_1"   --->   Operation 9 'zext' 'ho_cast' <Predicate = true> <Delay = 0.00>
ST_1 : Operation 10 [1/1] (0.00ns)   --->   "%specmemcore_ln0 = specmemcore void @_ssdm_op_SpecMemCore, i256 %wbuf_0, i64 666, i64 31, i64 18446744073709551615"   --->   Operation 10 'specmemcore' 'specmemcore_ln0' <Predicate = true> <Delay = 0.00>
ST_1 : Operation 11 [1/1] (0.00ns)   --->   "%specmemcore_ln0 = specmemcore void @_ssdm_op_SpecMemCore, i256 %wbuf_1, i64 666, i64 31, i64 18446744073709551615"   --->   Operation 11 'specmemcore' 'specmemcore_ln0' <Predicate = true> <Delay = 0.00>
ST_1 : Operation 12 [1/1] (0.00ns)   --->   "%specmemcore_ln0 = specmemcore void @_ssdm_op_SpecMemCore, i256 %wbuf_2, i64 666, i64 31, i64 18446744073709551615"   --->   Operation 12 'specmemcore' 'specmemcore_ln0' <Predicate = true> <Delay = 0.00>
ST_1 : Operation 13 [1/1] (0.00ns)   --->   "%specmemcore_ln0 = specmemcore void @_ssdm_op_SpecMemCore, i256 %wbuf_3, i64 666, i64 31, i64 18446744073709551615"   --->   Operation 13 'specmemcore' 'specmemcore_ln0' <Predicate = true> <Delay = 0.00>
ST_1 : Operation 14 [1/1] (0.00ns)   --->   "%specmemcore_ln0 = specmemcore void @_ssdm_op_SpecMemCore, i256 %wbuf_4, i64 666, i64 31, i64 18446744073709551615"   --->   Operation 14 'specmemcore' 'specmemcore_ln0' <Predicate = true> <Delay = 0.00>
ST_1 : Operation 15 [1/1] (0.00ns)   --->   "%specmemcore_ln0 = specmemcore void @_ssdm_op_SpecMemCore, i256 %wbuf_5, i64 666, i64 31, i64 18446744073709551615"   --->   Operation 15 'specmemcore' 'specmemcore_ln0' <Predicate = true> <Delay = 0.00>
ST_1 : Operation 16 [1/1] (0.00ns)   --->   "%specmemcore_ln0 = specmemcore void @_ssdm_op_SpecMemCore, i256 %wbuf_6, i64 666, i64 31, i64 18446744073709551615"   --->   Operation 16 'specmemcore' 'specmemcore_ln0' <Predicate = true> <Delay = 0.00>
ST_1 : Operation 17 [1/1] (0.00ns)   --->   "%specmemcore_ln0 = specmemcore void @_ssdm_op_SpecMemCore, i256 %wbuf_7, i64 666, i64 31, i64 18446744073709551615"   --->   Operation 17 'specmemcore' 'specmemcore_ln0' <Predicate = true> <Delay = 0.00>
ST_1 : Operation 18 [1/1] (0.00ns)   --->   "%specmemcore_ln0 = specmemcore void @_ssdm_op_SpecMemCore, i16 %void_UpConv_Fused_Row_ap_uint_ap_uint_const_ap_uint_const_ap_uint_const_ap_u_9, i64 666, i64 31, i64 18446744073709551615"   --->   Operation 18 'specmemcore' 'specmemcore_ln0' <Predicate = true> <Delay = 0.00>
ST_1 : Operation 19 [1/1] (0.00ns)   --->   "%specmemcore_ln0 = specmemcore void @_ssdm_op_SpecMemCore, i16 %void_UpConv_Fused_Row_ap_uint_ap_uint_const_ap_uint_const_ap_uint_const_ap_u_8, i64 666, i64 31, i64 18446744073709551615"   --->   Operation 19 'specmemcore' 'specmemcore_ln0' <Predicate = true> <Delay = 0.00>
ST_1 : Operation 20 [1/1] (0.00ns)   --->   "%specmemcore_ln0 = specmemcore void @_ssdm_op_SpecMemCore, i16 %void_UpConv_Fused_Row_ap_uint_ap_uint_const_ap_uint_const_ap_uint_const_ap_u_7, i64 666, i64 31, i64 18446744073709551615"   --->   Operation 20 'specmemcore' 'specmemcore_ln0' <Predicate = true> <Delay = 0.00>
ST_1 : Operation 21 [1/1] (0.00ns)   --->   "%specmemcore_ln0 = specmemcore void @_ssdm_op_SpecMemCore, i16 %void_UpConv_Fused_Row_ap_uint_ap_uint_const_ap_uint_const_ap_uint_const_ap_u_6, i64 666, i64 31, i64 18446744073709551615"   --->   Operation 21 'specmemcore' 'specmemcore_ln0' <Predicate = true> <Delay = 0.00>
ST_1 : Operation 22 [1/1] (0.00ns)   --->   "%specmemcore_ln0 = specmemcore void @_ssdm_op_SpecMemCore, i16 %void_UpConv_Fused_Row_ap_uint_ap_uint_const_ap_uint_const_ap_uint_const_ap_u_5, i64 666, i64 31, i64 18446744073709551615"   --->   Operation 22 'specmemcore' 'specmemcore_ln0' <Predicate = true> <Delay = 0.00>
ST_1 : Operation 23 [1/1] (0.00ns)   --->   "%specmemcore_ln0 = specmemcore void @_ssdm_op_SpecMemCore, i16 %void_UpConv_Fused_Row_ap_uint_ap_uint_const_ap_uint_const_ap_uint_const_ap_u_4, i64 666, i64 31, i64 18446744073709551615"   --->   Operation 23 'specmemcore' 'specmemcore_ln0' <Predicate = true> <Delay = 0.00>
ST_1 : Operation 24 [1/1] (0.00ns)   --->   "%specmemcore_ln0 = specmemcore void @_ssdm_op_SpecMemCore, i16 %void_UpConv_Fused_Row_ap_uint_ap_uint_const_ap_uint_const_ap_uint_const_ap_u_3, i64 666, i64 31, i64 18446744073709551615"   --->   Operation 24 'specmemcore' 'specmemcore_ln0' <Predicate = true> <Delay = 0.00>
ST_1 : Operation 25 [1/1] (0.00ns)   --->   "%specmemcore_ln0 = specmemcore void @_ssdm_op_SpecMemCore, i16 %void_UpConv_Fused_Row_ap_uint_ap_uint_const_ap_uint_const_ap_uint_const_ap_u_2, i64 666, i64 31, i64 18446744073709551615"   --->   Operation 25 'specmemcore' 'specmemcore_ln0' <Predicate = true> <Delay = 0.00>
ST_1 : Operation 26 [1/1] (0.00ns)   --->   "%specmemcore_ln0 = specmemcore void @_ssdm_op_SpecMemCore, i16 %void_UpConv_Fused_Row_ap_uint_ap_uint_const_ap_uint_const_ap_uint_const_ap_u_1, i64 666, i64 31, i64 18446744073709551615"   --->   Operation 26 'specmemcore' 'specmemcore_ln0' <Predicate = true> <Delay = 0.00>
ST_1 : Operation 27 [1/1] (0.00ns)   --->   "%specmemcore_ln0 = specmemcore void @_ssdm_op_SpecMemCore, i16 %void_UpConv_Fused_Row_ap_uint_ap_uint_const_ap_uint_const_ap_uint_const_ap_u, i64 666, i64 31, i64 18446744073709551615"   --->   Operation 27 'specmemcore' 'specmemcore_ln0' <Predicate = true> <Delay = 0.00>
ST_1 : Operation 28 [1/1] (0.00ns)   --->   "%specmemcore_ln0 = specmemcore void @_ssdm_op_SpecMemCore, i16 %p_ZZ16UpConv_Fused_RowILi8ELi16ELi16ELi960ELi480EEvP7ap_uintILi256EEPKS1_S4_S4_S4_5, i64 666, i64 31, i64 18446744073709551615"   --->   Operation 28 'specmemcore' 'specmemcore_ln0' <Predicate = true> <Delay = 0.00>
ST_1 : Operation 29 [1/1] (0.00ns)   --->   "%specmemcore_ln0 = specmemcore void @_ssdm_op_SpecMemCore, i16 %p_ZZ16UpConv_Fused_RowILi8ELi16ELi16ELi960ELi480EEvP7ap_uintILi256EEPKS1_S4_S4_S4_4, i64 666, i64 31, i64 18446744073709551615"   --->   Operation 29 'specmemcore' 'specmemcore_ln0' <Predicate = true> <Delay = 0.00>
ST_1 : Operation 30 [1/1] (0.00ns)   --->   "%specmemcore_ln0 = specmemcore void @_ssdm_op_SpecMemCore, i16 %p_ZZ16UpConv_Fused_RowILi8ELi16ELi16ELi960ELi480EEvP7ap_uintILi256EEPKS1_S4_S4_S4_3, i64 666, i64 31, i64 18446744073709551615"   --->   Operation 30 'specmemcore' 'specmemcore_ln0' <Predicate = true> <Delay = 0.00>
ST_1 : Operation 31 [1/1] (0.00ns)   --->   "%specmemcore_ln0 = specmemcore void @_ssdm_op_SpecMemCore, i16 %p_ZZ16UpConv_Fused_RowILi8ELi16ELi16ELi960ELi480EEvP7ap_uintILi256EEPKS1_S4_S4_S4_2, i64 666, i64 31, i64 18446744073709551615"   --->   Operation 31 'specmemcore' 'specmemcore_ln0' <Predicate = true> <Delay = 0.00>
ST_1 : Operation 32 [1/1] (0.00ns)   --->   "%specmemcore_ln0 = specmemcore void @_ssdm_op_SpecMemCore, i16 %p_ZZ16UpConv_Fused_RowILi8ELi16ELi16ELi960ELi480EEvP7ap_uintILi256EEPKS1_S4_S4_S4_1, i64 666, i64 31, i64 18446744073709551615"   --->   Operation 32 'specmemcore' 'specmemcore_ln0' <Predicate = true> <Delay = 0.00>
ST_1 : Operation 33 [1/1] (0.00ns)   --->   "%specmemcore_ln0 = specmemcore void @_ssdm_op_SpecMemCore, i16 %p_ZZ16UpConv_Fused_RowILi8ELi16ELi16ELi960ELi480EEvP7ap_uintILi256EEPKS1_S4_S4_S4, i64 666, i64 31, i64 18446744073709551615"   --->   Operation 33 'specmemcore' 'specmemcore_ln0' <Predicate = true> <Delay = 0.00>
ST_1 : Operation 34 [1/1] (0.00ns)   --->   "%specmemcore_ln0 = specmemcore void @_ssdm_op_SpecMemCore, i256 %x_buf, i64 666, i64 31, i64 18446744073709551615"   --->   Operation 34 'specmemcore' 'specmemcore_ln0' <Predicate = true> <Delay = 0.00>
ST_1 : Operation 35 [1/1] (0.00ns)   --->   "%lshr_ln = partselect i5 @_ssdm_op_PartSelect.i5.i6.i32.i32, i6 %p_read_2, i32 1, i32 5" [../gen/Hls_Layers_UpConv.tpp:90]   --->   Operation 35 'partselect' 'lshr_ln' <Predicate = true> <Delay = 0.00>
ST_1 : Operation 36 [1/1] (0.78ns)   --->   "%add = add i6 %ho_cast, i6 1"   --->   Operation 36 'add' 'add' <Predicate = true> <Delay = 0.78> <CoreInst = "Adder">   --->   Core 1 'Adder' <Latency = 0> <II = 1> <Delay = 0.78> <FuncUnit> <Opcode : 'add' 'sub'> <InPorts = 2> <OutPorts = 1>
ST_1 : Operation 37 [1/1] (0.00ns)   --->   "%add_cast = zext i6 %add"   --->   Operation 37 'zext' 'add_cast' <Predicate = true> <Delay = 0.00>
ST_1 : Operation 38 [1/1] (0.42ns)   --->   "%store_ln91 = store i2 0, i2 %kh" [../gen/Hls_Layers_UpConv.tpp:91]   --->   Operation 38 'store' 'store_ln91' <Predicate = true> <Delay = 0.42>
ST_1 : Operation 39 [1/1] (0.00ns)   --->   "%br_ln91 = br void %for.body" [../gen/Hls_Layers_UpConv.tpp:91]   --->   Operation 39 'br' 'br_ln91' <Predicate = true> <Delay = 0.00>

State 2 <SV = 1> <Delay = 2.08>
ST_2 : Operation 40 [1/1] (0.00ns)   --->   "%kh_1 = load i2 %kh"   --->   Operation 40 'load' 'kh_1' <Predicate = true> <Delay = 0.00>
ST_2 : Operation 41 [1/1] (0.54ns)   --->   "%icmp_ln91 = icmp_eq  i2 %kh_1, i2 3" [../gen/Hls_Layers_UpConv.tpp:91]   --->   Operation 41 'icmp' 'icmp_ln91' <Predicate = true> <Delay = 0.54> <CoreInst = "Cmp">   --->   Core 9 'Cmp' <Latency = 0> <II = 1> <Delay = 0.54> <FuncUnit> <Opcode : 'seteq' 'setne' 'setle' 'setge' 'setlt' 'setgt'> <InPorts = 2> <OutPorts = 1>
ST_2 : Operation 42 [1/1] (0.00ns)   --->   "%speclooptripcount_ln0 = speclooptripcount void @_ssdm_op_SpecLoopTripCount, i64 3, i64 3, i64 3"   --->   Operation 42 'speclooptripcount' 'speclooptripcount_ln0' <Predicate = true> <Delay = 0.00>
ST_2 : Operation 43 [1/1] (0.54ns)   --->   "%kh_2 = add i2 %kh_1, i2 1" [../gen/Hls_Layers_UpConv.tpp:91]   --->   Operation 43 'add' 'kh_2' <Predicate = true> <Delay = 0.54> <CoreInst = "Adder">   --->   Core 1 'Adder' <Latency = 0> <II = 1> <Delay = 0.54> <FuncUnit> <Opcode : 'add' 'sub'> <InPorts = 2> <OutPorts = 1>
ST_2 : Operation 44 [1/1] (0.00ns)   --->   "%br_ln91 = br i1 %icmp_ln91, void %for.body.split, void %for.end118" [../gen/Hls_Layers_UpConv.tpp:91]   --->   Operation 44 'br' 'br_ln91' <Predicate = true> <Delay = 0.00>
ST_2 : Operation 45 [1/1] (0.00ns)   --->   "%zext_ln91 = zext i2 %kh_1" [../gen/Hls_Layers_UpConv.tpp:91]   --->   Operation 45 'zext' 'zext_ln91' <Predicate = (!icmp_ln91)> <Delay = 0.00>
ST_2 : Operation 46 [1/1] (0.00ns)   --->   "%specloopname_ln91 = specloopname void @_ssdm_op_SpecLoopName, void @empty_18" [../gen/Hls_Layers_UpConv.tpp:91]   --->   Operation 46 'specloopname' 'specloopname_ln91' <Predicate = (!icmp_ln91)> <Delay = 0.00>
ST_2 : Operation 47 [1/1] (0.78ns)   --->   "%hpk = sub i7 %add_cast, i7 %zext_ln91" [../gen/Hls_Layers_UpConv.tpp:92]   --->   Operation 47 'sub' 'hpk' <Predicate = (!icmp_ln91)> <Delay = 0.78> <CoreInst = "Adder">   --->   Core 1 'Adder' <Latency = 0> <II = 1> <Delay = 0.77> <FuncUnit> <Opcode : 'add' 'sub'> <InPorts = 2> <OutPorts = 1>
ST_2 : Operation 48 [1/1] (0.00ns)   --->   "%tmp = bitselect i1 @_ssdm_op_BitSelect.i1.i7.i32, i7 %hpk, i32 6" [../gen/Hls_Layers_UpConv.tpp:93]   --->   Operation 48 'bitselect' 'tmp' <Predicate = (!icmp_ln91)> <Delay = 0.00>
ST_2 : Operation 49 [1/1] (0.00ns)   --->   "%trunc_ln93 = trunc i7 %hpk" [../gen/Hls_Layers_UpConv.tpp:93]   --->   Operation 49 'trunc' 'trunc_ln93' <Predicate = (!icmp_ln91)> <Delay = 0.00>
ST_2 : Operation 50 [1/1] (0.00ns)   --->   "%and_ln = bitconcatenate i32 @_ssdm_op_BitConcatenate.i32.i1.i30.i1, i1 %tmp, i30 0, i1 %trunc_ln93" [../gen/Hls_Layers_UpConv.tpp:93]   --->   Operation 50 'bitconcatenate' 'and_ln' <Predicate = (!icmp_ln91)> <Delay = 0.00>
ST_2 : Operation 51 [1/1] (1.01ns)   --->   "%icmp_ln95 = icmp_ne  i32 %and_ln, i32 0" [../gen/Hls_Layers_UpConv.tpp:95]   --->   Operation 51 'icmp' 'icmp_ln95' <Predicate = (!icmp_ln91)> <Delay = 1.01> <CoreInst = "Cmp">   --->   Core 9 'Cmp' <Latency = 0> <II = 1> <Delay = 1.01> <FuncUnit> <Opcode : 'seteq' 'setne' 'setle' 'setge' 'setlt' 'setgt'> <InPorts = 2> <OutPorts = 1>
ST_2 : Operation 52 [1/1] (0.00ns)   --->   "%tmp_10 = partselect i2 @_ssdm_op_PartSelect.i2.i7.i32.i32, i7 %hpk, i32 5, i32 6" [../gen/Hls_Layers_UpConv.tpp:95]   --->   Operation 52 'partselect' 'tmp_10' <Predicate = (!icmp_ln91)> <Delay = 0.00>
ST_2 : Operation 53 [1/1] (0.54ns)   --->   "%icmp_ln95_1 = icmp_ne  i2 %tmp_10, i2 0" [../gen/Hls_Layers_UpConv.tpp:95]   --->   Operation 53 'icmp' 'icmp_ln95_1' <Predicate = (!icmp_ln91)> <Delay = 0.54> <CoreInst = "Cmp">   --->   Core 9 'Cmp' <Latency = 0> <II = 1> <Delay = 0.54> <FuncUnit> <Opcode : 'seteq' 'setne' 'setle' 'setge' 'setlt' 'setgt'> <InPorts = 2> <OutPorts = 1>
ST_2 : Operation 54 [1/1] (0.28ns)   --->   "%or_ln95 = or i1 %icmp_ln95, i1 %icmp_ln95_1" [../gen/Hls_Layers_UpConv.tpp:95]   --->   Operation 54 'or' 'or_ln95' <Predicate = (!icmp_ln91)> <Delay = 0.28> <CoreInst = "LogicGate">   --->   Core 74 'LogicGate' <Latency = 0> <II = 1> <Delay = 0.28> <FuncUnit> <Opcode : 'and' 'or' 'xor'> <InPorts = 2> <OutPorts = 1>
ST_2 : Operation 55 [1/1] (0.00ns)   --->   "%br_ln93 = br i1 %or_ln95, void %KW_LOOP, void %cleanup114" [../gen/Hls_Layers_UpConv.tpp:93]   --->   Operation 55 'br' 'br_ln93' <Predicate = (!icmp_ln91)> <Delay = 0.00>
ST_2 : Operation 56 [1/1] (0.00ns)   --->   "%empty_176 = trunc i2 %kh_1"   --->   Operation 56 'trunc' 'empty_176' <Predicate = (!icmp_ln91 & !or_ln95)> <Delay = 0.00>
ST_2 : Operation 57 [1/1] (0.00ns)   --->   "%tmp_11 = bitconcatenate i3 @_ssdm_op_BitConcatenate.i3.i1.i2, i1 %empty_176, i2 0"   --->   Operation 57 'bitconcatenate' 'tmp_11' <Predicate = (!icmp_ln91 & !or_ln95)> <Delay = 0.00>
ST_2 : Operation 58 [1/1] (0.00ns)   --->   "%empty_177 = zext i2 %kh_1"   --->   Operation 58 'zext' 'empty_177' <Predicate = (!icmp_ln91 & !or_ln95)> <Delay = 0.00>
ST_2 : Operation 59 [1/1] (0.67ns)   --->   "%empty_178 = sub i3 %tmp_11, i3 %empty_177"   --->   Operation 59 'sub' 'empty_178' <Predicate = (!icmp_ln91 & !or_ln95)> <Delay = 0.67> <CoreInst = "Adder">   --->   Core 1 'Adder' <Latency = 0> <II = 1> <Delay = 0.67> <FuncUnit> <Opcode : 'add' 'sub'> <InPorts = 2> <OutPorts = 1>
ST_2 : Operation 60 [1/1] (0.00ns)   --->   "%tmp_12 = bitselect i1 @_ssdm_op_BitSelect.i1.i7.i32, i7 %hpk, i32 1" [../gen/Hls_Layers_UpConv.tpp:92]   --->   Operation 60 'bitselect' 'tmp_12' <Predicate = (!icmp_ln91 & !or_ln95)> <Delay = 0.00>
ST_2 : Operation 61 [1/1] (0.00ns)   --->   "%p_shl = bitconcatenate i11 @_ssdm_op_BitConcatenate.i11.i1.i10, i1 %tmp_12, i10 0" [../gen/Hls_Layers_UpConv.tpp:92]   --->   Operation 61 'bitconcatenate' 'p_shl' <Predicate = (!icmp_ln91 & !or_ln95)> <Delay = 0.00>
ST_2 : Operation 62 [1/1] (0.00ns)   --->   "%tmp_13 = bitconcatenate i7 @_ssdm_op_BitConcatenate.i7.i1.i6, i1 %tmp_12, i6 0" [../gen/Hls_Layers_UpConv.tpp:92]   --->   Operation 62 'bitconcatenate' 'tmp_13' <Predicate = (!icmp_ln91 & !or_ln95)> <Delay = 0.00>
ST_2 : Operation 63 [1/1] (0.00ns)   --->   "%p_shl165 = zext i7 %tmp_13" [../gen/Hls_Layers_UpConv.tpp:92]   --->   Operation 63 'zext' 'p_shl165' <Predicate = (!icmp_ln91 & !or_ln95)> <Delay = 0.00>
ST_2 : Operation 64 [1/1] (0.79ns)   --->   "%x_base = sub i11 %p_shl, i11 %p_shl165" [../gen/Hls_Layers_UpConv.tpp:92]   --->   Operation 64 'sub' 'x_base' <Predicate = (!icmp_ln91 & !or_ln95)> <Delay = 0.79> <CoreInst = "Adder">   --->   Core 1 'Adder' <Latency = 0> <II = 1> <Delay = 0.79> <FuncUnit> <Opcode : 'add' 'sub'> <InPorts = 2> <OutPorts = 1>
ST_2 : Operation 65 [2/2] (0.00ns)   --->   "%call_ln92 = call void @uc_compute_tile<8, 16, 16, 60, 32, 480, 480>_Pipeline_KW_LOOP_FLAT_LOOP, i3 %empty_178, i11 %x_base, i256 %wbuf_0, i256 %wbuf_1, i256 %wbuf_2, i256 %wbuf_3, i256 %wbuf_4, i256 %wbuf_5, i256 %wbuf_6, i256 %wbuf_7, i5 %lshr_ln, i1 %empty, i256 %x_buf, i16 %void_UpConv_Fused_Row_ap_uint_ap_uint_const_ap_uint_const_ap_uint_const_ap_u_2, i16 %p_ZZ16UpConv_Fused_RowILi8ELi16ELi16ELi960ELi480EEvP7ap_uintILi256EEPKS1_S4_S4_S4, i16 %void_UpConv_Fused_Row_ap_uint_ap_uint_const_ap_uint_const_ap_uint_const_ap_u_3, i16 %p_ZZ16UpConv_Fused_RowILi8ELi16ELi16ELi960ELi480EEvP7ap_uintILi256EEPKS1_S4_S4_S4_1, i16 %void_UpConv_Fused_Row_ap_uint_ap_uint_const_ap_uint_const_ap_uint_const_ap_u_4, i16 %p_ZZ16UpConv_Fused_RowILi8ELi16ELi16ELi960ELi480EEvP7ap_uintILi256EEPKS1_S4_S4_S4_2, i16 %void_UpConv_Fused_Row_ap_uint_ap_uint_const_ap_uint_const_ap_uint_const_ap_u_5, i16 %p_ZZ16UpConv_Fused_RowILi8ELi16ELi16ELi960ELi480EEvP7ap_uintILi256EEPKS1_S4_S4_S4_3, i16 %void_UpConv_Fused_Row_ap_uint_ap_uint_const_ap_uint_const_ap_uint_const_ap_u_6, i16 %p_ZZ16UpConv_Fused_RowILi8ELi16ELi16ELi960ELi480EEvP7ap_uintILi256EEPKS1_S4_S4_S4_4, i16 %void_UpConv_Fused_Row_ap_uint_ap_uint_const_ap_uint_const_ap_uint_const_ap_u_7, i16 %p_ZZ16UpConv_Fused_RowILi8ELi16ELi16ELi960ELi480EEvP7ap_uintILi256EEPKS1_S4_S4_S4_5, i16 %void_UpConv_Fused_Row_ap_uint_ap_uint_const_ap_uint_const_ap_uint_const_ap_u_8, i16 %void_UpConv_Fused_Row_ap_uint_ap_uint_const_ap_uint_const_ap_uint_const_ap_u, i16 %void_UpConv_Fused_Row_ap_uint_ap_uint_const_ap_uint_const_ap_uint_const_ap_u_9, i16 %void_UpConv_Fused_Row_ap_uint_ap_uint_const_ap_uint_const_ap_uint_const_ap_u_1" [../gen/Hls_Layers_UpConv.tpp:92]   --->   Operation 65 'call' 'call_ln92' <Predicate = (!icmp_ln91 & !or_ln95)> <Delay = 0.00> <CoreType = "Generic">   --->   Generic Core
ST_2 : Operation 66 [1/1] (0.00ns)   --->   "%ret_ln150 = ret" [../gen/Hls_Layers_UpConv.tpp:150]   --->   Operation 66 'ret' 'ret_ln150' <Predicate = (icmp_ln91)> <Delay = 0.00>

State 3 <SV = 2> <Delay = 0.42>
ST_3 : Operation 67 [1/2] (0.00ns)   --->   "%call_ln92 = call void @uc_compute_tile<8, 16, 16, 60, 32, 480, 480>_Pipeline_KW_LOOP_FLAT_LOOP, i3 %empty_178, i11 %x_base, i256 %wbuf_0, i256 %wbuf_1, i256 %wbuf_2, i256 %wbuf_3, i256 %wbuf_4, i256 %wbuf_5, i256 %wbuf_6, i256 %wbuf_7, i5 %lshr_ln, i1 %empty, i256 %x_buf, i16 %void_UpConv_Fused_Row_ap_uint_ap_uint_const_ap_uint_const_ap_uint_const_ap_u_2, i16 %p_ZZ16UpConv_Fused_RowILi8ELi16ELi16ELi960ELi480EEvP7ap_uintILi256EEPKS1_S4_S4_S4, i16 %void_UpConv_Fused_Row_ap_uint_ap_uint_const_ap_uint_const_ap_uint_const_ap_u_3, i16 %p_ZZ16UpConv_Fused_RowILi8ELi16ELi16ELi960ELi480EEvP7ap_uintILi256EEPKS1_S4_S4_S4_1, i16 %void_UpConv_Fused_Row_ap_uint_ap_uint_const_ap_uint_const_ap_uint_const_ap_u_4, i16 %p_ZZ16UpConv_Fused_RowILi8ELi16ELi16ELi960ELi480EEvP7ap_uintILi256EEPKS1_S4_S4_S4_2, i16 %void_UpConv_Fused_Row_ap_uint_ap_uint_const_ap_uint_const_ap_uint_const_ap_u_5, i16 %p_ZZ16UpConv_Fused_RowILi8ELi16ELi16ELi960ELi480EEvP7ap_uintILi256EEPKS1_S4_S4_S4_3, i16 %void_UpConv_Fused_Row_ap_uint_ap_uint_const_ap_uint_const_ap_uint_const_ap_u_6, i16 %p_ZZ16UpConv_Fused_RowILi8ELi16ELi16ELi960ELi480EEvP7ap_uintILi256EEPKS1_S4_S4_S4_4, i16 %void_UpConv_Fused_Row_ap_uint_ap_uint_const_ap_uint_const_ap_uint_const_ap_u_7, i16 %p_ZZ16UpConv_Fused_RowILi8ELi16ELi16ELi960ELi480EEvP7ap_uintILi256EEPKS1_S4_S4_S4_5, i16 %void_UpConv_Fused_Row_ap_uint_ap_uint_const_ap_uint_const_ap_uint_const_ap_u_8, i16 %void_UpConv_Fused_Row_ap_uint_ap_uint_const_ap_uint_const_ap_uint_const_ap_u, i16 %void_UpConv_Fused_Row_ap_uint_ap_uint_const_ap_uint_const_ap_uint_const_ap_u_9, i16 %void_UpConv_Fused_Row_ap_uint_ap_uint_const_ap_uint_const_ap_uint_const_ap_u_1" [../gen/Hls_Layers_UpConv.tpp:92]   --->   Operation 67 'call' 'call_ln92' <Predicate = (!or_ln95)> <Delay = 0.00> <CoreType = "Generic">   --->   Generic Core
ST_3 : Operation 68 [1/1] (0.00ns)   --->   "%br_ln0 = br void %cleanup114"   --->   Operation 68 'br' 'br_ln0' <Predicate = (!or_ln95)> <Delay = 0.00>
ST_3 : Operation 69 [1/1] (0.42ns)   --->   "%store_ln91 = store i2 %kh_2, i2 %kh" [../gen/Hls_Layers_UpConv.tpp:91]   --->   Operation 69 'store' 'store_ln91' <Predicate = true> <Delay = 0.42>
ST_3 : Operation 70 [1/1] (0.00ns)   --->   "%br_ln91 = br void %for.body" [../gen/Hls_Layers_UpConv.tpp:91]   --->   Operation 70 'br' 'br_ln91' <Predicate = true> <Delay = 0.00>


============================================================
+ Verbose Summary: Binding
============================================================
STG Binding: 
---------------- STG Properties BEGIN ----------------
- Is combinational: 0
- Is one-state seq: 0
- Is datapath-only: 0
- Is pipelined: 0
- Is top level: 0
Port [ Return ] is wired: 1; IO mode=ap_ctrl_hs:ce=0
Port [ wbuf_0]:  wired=1; compound=1; hidden=0; nouse=0; global=0; static=0; extern=0; dir=0; type=1; pingpong=1; private_global=0; MemPort=[13]; IO mode=ap_memory:ce=0
Port [ wbuf_1]:  wired=1; compound=1; hidden=0; nouse=0; global=0; static=0; extern=0; dir=0; type=1; pingpong=1; private_global=0; MemPort=[13]; IO mode=ap_memory:ce=0
Port [ wbuf_2]:  wired=1; compound=1; hidden=0; nouse=0; global=0; static=0; extern=0; dir=0; type=1; pingpong=1; private_global=0; MemPort=[13]; IO mode=ap_memory:ce=0
Port [ wbuf_3]:  wired=1; compound=1; hidden=0; nouse=0; global=0; static=0; extern=0; dir=0; type=1; pingpong=1; private_global=0; MemPort=[13]; IO mode=ap_memory:ce=0
Port [ wbuf_4]:  wired=1; compound=1; hidden=0; nouse=0; global=0; static=0; extern=0; dir=0; type=1; pingpong=1; private_global=0; MemPort=[13]; IO mode=ap_memory:ce=0
Port [ wbuf_5]:  wired=1; compound=1; hidden=0; nouse=0; global=0; static=0; extern=0; dir=0; type=1; pingpong=1; private_global=0; MemPort=[13]; IO mode=ap_memory:ce=0
Port [ wbuf_6]:  wired=1; compound=1; hidden=0; nouse=0; global=0; static=0; extern=0; dir=0; type=1; pingpong=1; private_global=0; MemPort=[13]; IO mode=ap_memory:ce=0
Port [ wbuf_7]:  wired=1; compound=1; hidden=0; nouse=0; global=0; static=0; extern=0; dir=0; type=1; pingpong=1; private_global=0; MemPort=[13]; IO mode=ap_memory:ce=0
Port [ p_read]:  wired=1; compound=0; hidden=0; nouse=0; global=0; static=0; extern=0; dir=0; type=0; pingpong=0; private_global=0; IO mode=ap_none:ce=0
Port [ ho]:  wired=1; compound=1; hidden=0; nouse=0; global=0; static=0; extern=0; dir=0; type=3; pingpong=0; private_global=0; IO mode=ap_fifo:ce=0
Port [ x_buf]:  wired=1; compound=1; hidden=0; nouse=0; global=1; static=1; extern=0; dir=0; type=1; pingpong=0; private_global=0; MemPort=[13]; IO mode=ap_memory:ce=0
Port [ void_UpConv_Fused_Row_ap_uint_ap_uint_const_ap_uint_const_ap_uint_const_ap_u_2]:  wired=1; compound=1; hidden=0; nouse=0; global=1; static=1; extern=0; dir=2; type=1; pingpong=0; private_global=0; MemPort=[01]; IO mode=ap_memory:ce=0
Port [ p_ZZ16UpConv_Fused_RowILi8ELi16ELi16ELi960ELi480EEvP7ap_uintILi256EEPKS1_S4_S4_S4]:  wired=1; compound=1; hidden=0; nouse=0; global=1; static=1; extern=0; dir=2; type=1; pingpong=0; private_global=0; MemPort=[01]; IO mode=ap_memory:ce=0
Port [ void_UpConv_Fused_Row_ap_uint_ap_uint_const_ap_uint_const_ap_uint_const_ap_u_3]:  wired=1; compound=1; hidden=0; nouse=0; global=1; static=1; extern=0; dir=2; type=1; pingpong=0; private_global=0; MemPort=[01]; IO mode=ap_memory:ce=0
Port [ p_ZZ16UpConv_Fused_RowILi8ELi16ELi16ELi960ELi480EEvP7ap_uintILi256EEPKS1_S4_S4_S4_1]:  wired=1; compound=1; hidden=0; nouse=0; global=1; static=1; extern=0; dir=2; type=1; pingpong=0; private_global=0; MemPort=[01]; IO mode=ap_memory:ce=0
Port [ void_UpConv_Fused_Row_ap_uint_ap_uint_const_ap_uint_const_ap_uint_const_ap_u_4]:  wired=1; compound=1; hidden=0; nouse=0; global=1; static=1; extern=0; dir=2; type=1; pingpong=0; private_global=0; MemPort=[01]; IO mode=ap_memory:ce=0
Port [ p_ZZ16UpConv_Fused_RowILi8ELi16ELi16ELi960ELi480EEvP7ap_uintILi256EEPKS1_S4_S4_S4_2]:  wired=1; compound=1; hidden=0; nouse=0; global=1; static=1; extern=0; dir=2; type=1; pingpong=0; private_global=0; MemPort=[01]; IO mode=ap_memory:ce=0
Port [ void_UpConv_Fused_Row_ap_uint_ap_uint_const_ap_uint_const_ap_uint_const_ap_u_5]:  wired=1; compound=1; hidden=0; nouse=0; global=1; static=1; extern=0; dir=2; type=1; pingpong=0; private_global=0; MemPort=[01]; IO mode=ap_memory:ce=0
Port [ p_ZZ16UpConv_Fused_RowILi8ELi16ELi16ELi960ELi480EEvP7ap_uintILi256EEPKS1_S4_S4_S4_3]:  wired=1; compound=1; hidden=0; nouse=0; global=1; static=1; extern=0; dir=2; type=1; pingpong=0; private_global=0; MemPort=[01]; IO mode=ap_memory:ce=0
Port [ void_UpConv_Fused_Row_ap_uint_ap_uint_const_ap_uint_const_ap_uint_const_ap_u_6]:  wired=1; compound=1; hidden=0; nouse=0; global=1; static=1; extern=0; dir=2; type=1; pingpong=0; private_global=0; MemPort=[01]; IO mode=ap_memory:ce=0
Port [ p_ZZ16UpConv_Fused_RowILi8ELi16ELi16ELi960ELi480EEvP7ap_uintILi256EEPKS1_S4_S4_S4_4]:  wired=1; compound=1; hidden=0; nouse=0; global=1; static=1; extern=0; dir=2; type=1; pingpong=0; private_global=0; MemPort=[01]; IO mode=ap_memory:ce=0
Port [ void_UpConv_Fused_Row_ap_uint_ap_uint_const_ap_uint_const_ap_uint_const_ap_u_7]:  wired=1; compound=1; hidden=0; nouse=0; global=1; static=1; extern=0; dir=2; type=1; pingpong=0; private_global=0; MemPort=[01]; IO mode=ap_memory:ce=0
Port [ p_ZZ16UpConv_Fused_RowILi8ELi16ELi16ELi960ELi480EEvP7ap_uintILi256EEPKS1_S4_S4_S4_5]:  wired=1; compound=1; hidden=0; nouse=0; global=1; static=1; extern=0; dir=2; type=1; pingpong=0; private_global=0; MemPort=[01]; IO mode=ap_memory:ce=0
Port [ void_UpConv_Fused_Row_ap_uint_ap_uint_const_ap_uint_const_ap_uint_const_ap_u_8]:  wired=1; compound=1; hidden=0; nouse=0; global=1; static=1; extern=0; dir=2; type=1; pingpong=0; private_global=0; MemPort=[01]; IO mode=ap_memory:ce=0
Port [ void_UpConv_Fused_Row_ap_uint_ap_uint_const_ap_uint_const_ap_uint_const_ap_u]:  wired=1; compound=1; hidden=0; nouse=0; global=1; static=1; extern=0; dir=2; type=1; pingpong=0; private_global=0; MemPort=[01]; IO mode=ap_memory:ce=0
Port [ void_UpConv_Fused_Row_ap_uint_ap_uint_const_ap_uint_const_ap_uint_const_ap_u_9]:  wired=1; compound=1; hidden=0; nouse=0; global=1; static=1; extern=0; dir=2; type=1; pingpong=0; private_global=0; MemPort=[01]; IO mode=ap_memory:ce=0
Port [ void_UpConv_Fused_Row_ap_uint_ap_uint_const_ap_uint_const_ap_uint_const_ap_u_1]:  wired=1; compound=1; hidden=0; nouse=0; global=1; static=1; extern=0; dir=2; type=1; pingpong=0; private_global=0; MemPort=[01]; IO mode=ap_memory:ce=0
---------------- STG Properties END ------------------

---------------- Datapath Model BEGIN ----------------

<LifeTime>
<method=bitvector/>
kh                    (alloca           ) [ 0111]
p_read_2              (read             ) [ 0000]
empty                 (trunc            ) [ 0011]
specinterface_ln0     (specinterface    ) [ 0000]
ho_1                  (read             ) [ 0000]
ho_cast               (zext             ) [ 0000]
specmemcore_ln0       (specmemcore      ) [ 0000]
specmemcore_ln0       (specmemcore      ) [ 0000]
specmemcore_ln0       (specmemcore      ) [ 0000]
specmemcore_ln0       (specmemcore      ) [ 0000]
specmemcore_ln0       (specmemcore      ) [ 0000]
specmemcore_ln0       (specmemcore      ) [ 0000]
specmemcore_ln0       (specmemcore      ) [ 0000]
specmemcore_ln0       (specmemcore      ) [ 0000]
specmemcore_ln0       (specmemcore      ) [ 0000]
specmemcore_ln0       (specmemcore      ) [ 0000]
specmemcore_ln0       (specmemcore      ) [ 0000]
specmemcore_ln0       (specmemcore      ) [ 0000]
specmemcore_ln0       (specmemcore      ) [ 0000]
specmemcore_ln0       (specmemcore      ) [ 0000]
specmemcore_ln0       (specmemcore      ) [ 0000]
specmemcore_ln0       (specmemcore      ) [ 0000]
specmemcore_ln0       (specmemcore      ) [ 0000]
specmemcore_ln0       (specmemcore      ) [ 0000]
specmemcore_ln0       (specmemcore      ) [ 0000]
specmemcore_ln0       (specmemcore      ) [ 0000]
specmemcore_ln0       (specmemcore      ) [ 0000]
specmemcore_ln0       (specmemcore      ) [ 0000]
specmemcore_ln0       (specmemcore      ) [ 0000]
specmemcore_ln0       (specmemcore      ) [ 0000]
specmemcore_ln0       (specmemcore      ) [ 0000]
lshr_ln               (partselect       ) [ 0011]
add                   (add              ) [ 0000]
add_cast              (zext             ) [ 0011]
store_ln91            (store            ) [ 0000]
br_ln91               (br               ) [ 0000]
kh_1                  (load             ) [ 0000]
icmp_ln91             (icmp             ) [ 0011]
speclooptripcount_ln0 (speclooptripcount) [ 0000]
kh_2                  (add              ) [ 0001]
br_ln91               (br               ) [ 0000]
zext_ln91             (zext             ) [ 0000]
specloopname_ln91     (specloopname     ) [ 0000]
hpk                   (sub              ) [ 0000]
tmp                   (bitselect        ) [ 0000]
trunc_ln93            (trunc            ) [ 0000]
and_ln                (bitconcatenate   ) [ 0000]
icmp_ln95             (icmp             ) [ 0000]
tmp_10                (partselect       ) [ 0000]
icmp_ln95_1           (icmp             ) [ 0000]
or_ln95               (or               ) [ 0011]
br_ln93               (br               ) [ 0000]
empty_176             (trunc            ) [ 0000]
tmp_11                (bitconcatenate   ) [ 0000]
empty_177             (zext             ) [ 0000]
empty_178             (sub              ) [ 0001]
tmp_12                (bitselect        ) [ 0000]
p_shl                 (bitconcatenate   ) [ 0000]
tmp_13                (bitconcatenate   ) [ 0000]
p_shl165              (zext             ) [ 0000]
x_base                (sub              ) [ 0001]
ret_ln150             (ret              ) [ 0000]
call_ln92             (call             ) [ 0000]
br_ln0                (br               ) [ 0000]
store_ln91            (store            ) [ 0000]
br_ln91               (br               ) [ 0000]
</LifeTime>

<model>

<comp_list>
<comp id="0" class="1000" name="wbuf_0">
<pin_list>
<pin id="1" dir="1" index="0" bw="1" slack="0"/>
</pin_list>
<bind>
<StgValue><ssdm name="wbuf_0"/><MemPortTyVec>1 3 </MemPortTyVec>
</StgValue>
</bind>
</comp>

<comp id="2" class="1000" name="wbuf_1">
<pin_list>
<pin id="3" dir="1" index="0" bw="1" slack="0"/>
</pin_list>
<bind>
<StgValue><ssdm name="wbuf_1"/><MemPortTyVec>1 3 </MemPortTyVec>
</StgValue>
</bind>
</comp>

<comp id="4" class="1000" name="wbuf_2">
<pin_list>
<pin id="5" dir="1" index="0" bw="1" slack="0"/>
</pin_list>
<bind>
<StgValue><ssdm name="wbuf_2"/><MemPortTyVec>1 3 </MemPortTyVec>
</StgValue>
</bind>
</comp>

<comp id="6" class="1000" name="wbuf_3">
<pin_list>
<pin id="7" dir="1" index="0" bw="1" slack="0"/>
</pin_list>
<bind>
<StgValue><ssdm name="wbuf_3"/><MemPortTyVec>1 3 </MemPortTyVec>
</StgValue>
</bind>
</comp>

<comp id="8" class="1000" name="wbuf_4">
<pin_list>
<pin id="9" dir="1" index="0" bw="1" slack="0"/>
</pin_list>
<bind>
<StgValue><ssdm name="wbuf_4"/><MemPortTyVec>1 3 </MemPortTyVec>
</StgValue>
</bind>
</comp>

<comp id="10" class="1000" name="wbuf_5">
<pin_list>
<pin id="11" dir="1" index="0" bw="1" slack="0"/>
</pin_list>
<bind>
<StgValue><ssdm name="wbuf_5"/><MemPortTyVec>1 3 </MemPortTyVec>
</StgValue>
</bind>
</comp>

<comp id="12" class="1000" name="wbuf_6">
<pin_list>
<pin id="13" dir="1" index="0" bw="1" slack="0"/>
</pin_list>
<bind>
<StgValue><ssdm name="wbuf_6"/><MemPortTyVec>1 3 </MemPortTyVec>
</StgValue>
</bind>
</comp>

<comp id="14" class="1000" name="wbuf_7">
<pin_list>
<pin id="15" dir="1" index="0" bw="1" slack="0"/>
</pin_list>
<bind>
<StgValue><ssdm name="wbuf_7"/><MemPortTyVec>1 3 </MemPortTyVec>
</StgValue>
</bind>
</comp>

<comp id="16" class="1000" name="p_read">
<pin_list>
<pin id="17" dir="1" index="0" bw="1" slack="0"/>
</pin_list>
<bind>
<StgValue><ssdm name="p_read"/></StgValue>
</bind>
</comp>

<comp id="18" class="1000" name="ho">
<pin_list>
<pin id="19" dir="1" index="0" bw="1" slack="0"/>
</pin_list>
<bind>
<StgValue><ssdm name="ho"/></StgValue>
</bind>
</comp>

<comp id="20" class="1000" name="x_buf">
<pin_list>
<pin id="21" dir="1" index="0" bw="1" slack="0"/>
</pin_list>
<bind>
<StgValue><ssdm name="x_buf"/><MemPortTyVec>1 3 </MemPortTyVec>
</StgValue>
</bind>
</comp>

<comp id="22" class="1000" name="void_UpConv_Fused_Row_ap_uint_ap_uint_const_ap_uint_const_ap_uint_const_ap_u_2">
<pin_list>
<pin id="23" dir="1" index="0" bw="1" slack="0"/>
</pin_list>
<bind>
<StgValue><ssdm name="void_UpConv_Fused_Row_ap_uint_ap_uint_const_ap_uint_const_ap_uint_const_ap_u_2"/><MemPortTyVec>0 1 </MemPortTyVec>
</StgValue>
</bind>
</comp>

<comp id="24" class="1000" name="p_ZZ16UpConv_Fused_RowILi8ELi16ELi16ELi960ELi480EEvP7ap_uintILi256EEPKS1_S4_S4_S4">
<pin_list>
<pin id="25" dir="1" index="0" bw="1" slack="0"/>
</pin_list>
<bind>
<StgValue><ssdm name="p_ZZ16UpConv_Fused_RowILi8ELi16ELi16ELi960ELi480EEvP7ap_uintILi256EEPKS1_S4_S4_S4"/><MemPortTyVec>0 1 </MemPortTyVec>
</StgValue>
</bind>
</comp>

<comp id="26" class="1000" name="void_UpConv_Fused_Row_ap_uint_ap_uint_const_ap_uint_const_ap_uint_const_ap_u_3">
<pin_list>
<pin id="27" dir="1" index="0" bw="1" slack="0"/>
</pin_list>
<bind>
<StgValue><ssdm name="void_UpConv_Fused_Row_ap_uint_ap_uint_const_ap_uint_const_ap_uint_const_ap_u_3"/><MemPortTyVec>0 1 </MemPortTyVec>
</StgValue>
</bind>
</comp>

<comp id="28" class="1000" name="p_ZZ16UpConv_Fused_RowILi8ELi16ELi16ELi960ELi480EEvP7ap_uintILi256EEPKS1_S4_S4_S4_1">
<pin_list>
<pin id="29" dir="1" index="0" bw="1" slack="0"/>
</pin_list>
<bind>
<StgValue><ssdm name="p_ZZ16UpConv_Fused_RowILi8ELi16ELi16ELi960ELi480EEvP7ap_uintILi256EEPKS1_S4_S4_S4_1"/><MemPortTyVec>0 1 </MemPortTyVec>
</StgValue>
</bind>
</comp>

<comp id="30" class="1000" name="void_UpConv_Fused_Row_ap_uint_ap_uint_const_ap_uint_const_ap_uint_const_ap_u_4">
<pin_list>
<pin id="31" dir="1" index="0" bw="1" slack="0"/>
</pin_list>
<bind>
<StgValue><ssdm name="void_UpConv_Fused_Row_ap_uint_ap_uint_const_ap_uint_const_ap_uint_const_ap_u_4"/><MemPortTyVec>0 1 </MemPortTyVec>
</StgValue>
</bind>
</comp>

<comp id="32" class="1000" name="p_ZZ16UpConv_Fused_RowILi8ELi16ELi16ELi960ELi480EEvP7ap_uintILi256EEPKS1_S4_S4_S4_2">
<pin_list>
<pin id="33" dir="1" index="0" bw="1" slack="0"/>
</pin_list>
<bind>
<StgValue><ssdm name="p_ZZ16UpConv_Fused_RowILi8ELi16ELi16ELi960ELi480EEvP7ap_uintILi256EEPKS1_S4_S4_S4_2"/><MemPortTyVec>0 1 </MemPortTyVec>
</StgValue>
</bind>
</comp>

<comp id="34" class="1000" name="void_UpConv_Fused_Row_ap_uint_ap_uint_const_ap_uint_const_ap_uint_const_ap_u_5">
<pin_list>
<pin id="35" dir="1" index="0" bw="1" slack="0"/>
</pin_list>
<bind>
<StgValue><ssdm name="void_UpConv_Fused_Row_ap_uint_ap_uint_const_ap_uint_const_ap_uint_const_ap_u_5"/><MemPortTyVec>0 1 </MemPortTyVec>
</StgValue>
</bind>
</comp>

<comp id="36" class="1000" name="p_ZZ16UpConv_Fused_RowILi8ELi16ELi16ELi960ELi480EEvP7ap_uintILi256EEPKS1_S4_S4_S4_3">
<pin_list>
<pin id="37" dir="1" index="0" bw="1" slack="0"/>
</pin_list>
<bind>
<StgValue><ssdm name="p_ZZ16UpConv_Fused_RowILi8ELi16ELi16ELi960ELi480EEvP7ap_uintILi256EEPKS1_S4_S4_S4_3"/><MemPortTyVec>0 1 </MemPortTyVec>
</StgValue>
</bind>
</comp>

<comp id="38" class="1000" name="void_UpConv_Fused_Row_ap_uint_ap_uint_const_ap_uint_const_ap_uint_const_ap_u_6">
<pin_list>
<pin id="39" dir="1" index="0" bw="1" slack="0"/>
</pin_list>
<bind>
<StgValue><ssdm name="void_UpConv_Fused_Row_ap_uint_ap_uint_const_ap_uint_const_ap_uint_const_ap_u_6"/><MemPortTyVec>0 1 </MemPortTyVec>
</StgValue>
</bind>
</comp>

<comp id="40" class="1000" name="p_ZZ16UpConv_Fused_RowILi8ELi16ELi16ELi960ELi480EEvP7ap_uintILi256EEPKS1_S4_S4_S4_4">
<pin_list>
<pin id="41" dir="1" index="0" bw="1" slack="0"/>
</pin_list>
<bind>
<StgValue><ssdm name="p_ZZ16UpConv_Fused_RowILi8ELi16ELi16ELi960ELi480EEvP7ap_uintILi256EEPKS1_S4_S4_S4_4"/><MemPortTyVec>0 1 </MemPortTyVec>
</StgValue>
</bind>
</comp>

<comp id="42" class="1000" name="void_UpConv_Fused_Row_ap_uint_ap_uint_const_ap_uint_const_ap_uint_const_ap_u_7">
<pin_list>
<pin id="43" dir="1" index="0" bw="1" slack="0"/>
</pin_list>
<bind>
<StgValue><ssdm name="void_UpConv_Fused_Row_ap_uint_ap_uint_const_ap_uint_const_ap_uint_const_ap_u_7"/><MemPortTyVec>0 1 </MemPortTyVec>
</StgValue>
</bind>
</comp>

<comp id="44" class="1000" name="p_ZZ16UpConv_Fused_RowILi8ELi16ELi16ELi960ELi480EEvP7ap_uintILi256EEPKS1_S4_S4_S4_5">
<pin_list>
<pin id="45" dir="1" index="0" bw="1" slack="0"/>
</pin_list>
<bind>
<StgValue><ssdm name="p_ZZ16UpConv_Fused_RowILi8ELi16ELi16ELi960ELi480EEvP7ap_uintILi256EEPKS1_S4_S4_S4_5"/><MemPortTyVec>0 1 </MemPortTyVec>
</StgValue>
</bind>
</comp>

<comp id="46" class="1000" name="void_UpConv_Fused_Row_ap_uint_ap_uint_const_ap_uint_const_ap_uint_const_ap_u_8">
<pin_list>
<pin id="47" dir="1" index="0" bw="1" slack="0"/>
</pin_list>
<bind>
<StgValue><ssdm name="void_UpConv_Fused_Row_ap_uint_ap_uint_const_ap_uint_const_ap_uint_const_ap_u_8"/><MemPortTyVec>0 1 </MemPortTyVec>
</StgValue>
</bind>
</comp>

<comp id="48" class="1000" name="void_UpConv_Fused_Row_ap_uint_ap_uint_const_ap_uint_const_ap_uint_const_ap_u">
<pin_list>
<pin id="49" dir="1" index="0" bw="1" slack="0"/>
</pin_list>
<bind>
<StgValue><ssdm name="void_UpConv_Fused_Row_ap_uint_ap_uint_const_ap_uint_const_ap_uint_const_ap_u"/><MemPortTyVec>0 1 </MemPortTyVec>
</StgValue>
</bind>
</comp>

<comp id="50" class="1000" name="void_UpConv_Fused_Row_ap_uint_ap_uint_const_ap_uint_const_ap_uint_const_ap_u_9">
<pin_list>
<pin id="51" dir="1" index="0" bw="1" slack="0"/>
</pin_list>
<bind>
<StgValue><ssdm name="void_UpConv_Fused_Row_ap_uint_ap_uint_const_ap_uint_const_ap_uint_const_ap_u_9"/><MemPortTyVec>0 1 </MemPortTyVec>
</StgValue>
</bind>
</comp>

<comp id="52" class="1000" name="void_UpConv_Fused_Row_ap_uint_ap_uint_const_ap_uint_const_ap_uint_const_ap_u_1">
<pin_list>
<pin id="53" dir="1" index="0" bw="1" slack="0"/>
</pin_list>
<bind>
<StgValue><ssdm name="void_UpConv_Fused_Row_ap_uint_ap_uint_const_ap_uint_const_ap_uint_const_ap_u_1"/><MemPortTyVec>0 1 </MemPortTyVec>
</StgValue>
</bind>
</comp>

<comp id="54" class="1001" name="const_54">
<pin_list>
<pin id="55" dir="1" index="0" bw="1" slack="0"/>
</pin_list>
<bind>
<StgValue><ssdm name=""/></StgValue>
</bind>
</comp>

<comp id="56" class="1001" name="const_56">
<pin_list>
<pin id="57" dir="1" index="0" bw="1" slack="0"/>
</pin_list>
<bind>
<StgValue><ssdm name="_ssdm_op_Read.ap_auto.i6"/></StgValue>
</bind>
</comp>

<comp id="58" class="1001" name="const_58">
<pin_list>
<pin id="59" dir="1" index="0" bw="1" slack="2147483647"/>
</pin_list>
<bind>
<StgValue><ssdm name="_ssdm_op_SpecInterface"/></StgValue>
</bind>
</comp>

<comp id="60" class="1001" name="const_60">
<pin_list>
<pin id="61" dir="1" index="0" bw="1" slack="2147483647"/>
</pin_list>
<bind>
<StgValue><ssdm name="ap_fifo_str"/></StgValue>
</bind>
</comp>

<comp id="62" class="1001" name="const_62">
<pin_list>
<pin id="63" dir="1" index="0" bw="1" slack="0"/>
</pin_list>
<bind>
<StgValue><ssdm name=""/></StgValue>
</bind>
</comp>

<comp id="64" class="1001" name="const_64">
<pin_list>
<pin id="65" dir="1" index="0" bw="1" slack="2147483647"/>
</pin_list>
<bind>
<StgValue><ssdm name="p_str"/></StgValue>
</bind>
</comp>

<comp id="66" class="1001" name="const_66">
<pin_list>
<pin id="67" dir="1" index="0" bw="1" slack="2147483647"/>
</pin_list>
<bind>
<StgValue><ssdm name=""/></StgValue>
</bind>
</comp>

<comp id="68" class="1001" name="const_68">
<pin_list>
<pin id="69" dir="1" index="0" bw="1" slack="2147483647"/>
</pin_list>
<bind>
<StgValue><ssdm name=""/></StgValue>
</bind>
</comp>

<comp id="70" class="1001" name="const_70">
<pin_list>
<pin id="71" dir="1" index="0" bw="1" slack="2147483647"/>
</pin_list>
<bind>
<StgValue><ssdm name="ScalarProp_str"/></StgValue>
</bind>
</comp>

<comp id="72" class="1001" name="const_72">
<pin_list>
<pin id="73" dir="1" index="0" bw="1" slack="2147483647"/>
</pin_list>
<bind>
<StgValue><ssdm name=""/></StgValue>
</bind>
</comp>

<comp id="74" class="1001" name="const_74">
<pin_list>
<pin id="75" dir="1" index="0" bw="1" slack="0"/>
</pin_list>
<bind>
<StgValue><ssdm name="_ssdm_op_Read.ap_fifo.i5P0A"/></StgValue>
</bind>
</comp>

<comp id="76" class="1001" name="const_76">
<pin_list>
<pin id="77" dir="1" index="0" bw="1" slack="2147483647"/>
</pin_list>
<bind>
<StgValue><ssdm name="_ssdm_op_SpecMemCore"/></StgValue>
</bind>
</comp>

<comp id="78" class="1001" name="const_78">
<pin_list>
<pin id="79" dir="1" index="0" bw="1" slack="2147483647"/>
</pin_list>
<bind>
<StgValue><ssdm name=""/></StgValue>
</bind>
</comp>

<comp id="80" class="1001" name="const_80">
<pin_list>
<pin id="81" dir="1" index="0" bw="1" slack="2147483647"/>
</pin_list>
<bind>
<StgValue><ssdm name=""/></StgValue>
</bind>
</comp>

<comp id="82" class="1001" name="const_82">
<pin_list>
<pin id="83" dir="1" index="0" bw="1" slack="2147483647"/>
</pin_list>
<bind>
<StgValue><ssdm name=""/></StgValue>
</bind>
</comp>

<comp id="84" class="1001" name="const_84">
<pin_list>
<pin id="85" dir="1" index="0" bw="1" slack="0"/>
</pin_list>
<bind>
<StgValue><ssdm name="_ssdm_op_PartSelect.i5.i6.i32.i32"/></StgValue>
</bind>
</comp>

<comp id="86" class="1001" name="const_86">
<pin_list>
<pin id="87" dir="1" index="0" bw="1" slack="0"/>
</pin_list>
<bind>
<StgValue><ssdm name=""/></StgValue>
</bind>
</comp>

<comp id="88" class="1001" name="const_88">
<pin_list>
<pin id="89" dir="1" index="0" bw="1" slack="0"/>
</pin_list>
<bind>
<StgValue><ssdm name=""/></StgValue>
</bind>
</comp>

<comp id="90" class="1001" name="const_90">
<pin_list>
<pin id="91" dir="1" index="0" bw="1" slack="0"/>
</pin_list>
<bind>
<StgValue><ssdm name=""/></StgValue>
</bind>
</comp>

<comp id="92" class="1001" name="const_92">
<pin_list>
<pin id="93" dir="1" index="0" bw="1" slack="0"/>
</pin_list>
<bind>
<StgValue><ssdm name=""/></StgValue>
</bind>
</comp>

<comp id="94" class="1001" name="const_94">
<pin_list>
<pin id="95" dir="1" index="0" bw="1" slack="2147483647"/>
</pin_list>
<bind>
<StgValue><ssdm name="_ssdm_op_SpecLoopTripCount"/></StgValue>
</bind>
</comp>

<comp id="96" class="1001" name="const_96">
<pin_list>
<pin id="97" dir="1" index="0" bw="1" slack="2147483647"/>
</pin_list>
<bind>
<StgValue><ssdm name=""/></StgValue>
</bind>
</comp>

<comp id="98" class="1001" name="const_98">
<pin_list>
<pin id="99" dir="1" index="0" bw="1" slack="0"/>
</pin_list>
<bind>
<StgValue><ssdm name=""/></StgValue>
</bind>
</comp>

<comp id="100" class="1001" name="const_100">
<pin_list>
<pin id="101" dir="1" index="0" bw="1" slack="2147483647"/>
</pin_list>
<bind>
<StgValue><ssdm name="_ssdm_op_SpecLoopName"/></StgValue>
</bind>
</comp>

<comp id="102" class="1001" name="const_102">
<pin_list>
<pin id="103" dir="1" index="0" bw="1" slack="2147483647"/>
</pin_list>
<bind>
<StgValue><ssdm name="empty_18"/></StgValue>
</bind>
</comp>

<comp id="104" class="1001" name="const_104">
<pin_list>
<pin id="105" dir="1" index="0" bw="1" slack="0"/>
</pin_list>
<bind>
<StgValue><ssdm name="_ssdm_op_BitSelect.i1.i7.i32"/></StgValue>
</bind>
</comp>

<comp id="106" class="1001" name="const_106">
<pin_list>
<pin id="107" dir="1" index="0" bw="1" slack="0"/>
</pin_list>
<bind>
<StgValue><ssdm name=""/></StgValue>
</bind>
</comp>

<comp id="108" class="1001" name="const_108">
<pin_list>
<pin id="109" dir="1" index="0" bw="1" slack="0"/>
</pin_list>
<bind>
<StgValue><ssdm name="_ssdm_op_BitConcatenate.i32.i1.i30.i1"/></StgValue>
</bind>
</comp>

<comp id="110" class="1001" name="const_110">
<pin_list>
<pin id="111" dir="1" index="0" bw="1" slack="0"/>
</pin_list>
<bind>
<StgValue><ssdm name=""/></StgValue>
</bind>
</comp>

<comp id="112" class="1001" name="const_112">
<pin_list>
<pin id="113" dir="1" index="0" bw="1" slack="0"/>
</pin_list>
<bind>
<StgValue><ssdm name="_ssdm_op_PartSelect.i2.i7.i32.i32"/></StgValue>
</bind>
</comp>

<comp id="114" class="1001" name="const_114">
<pin_list>
<pin id="115" dir="1" index="0" bw="1" slack="0"/>
</pin_list>
<bind>
<StgValue><ssdm name="_ssdm_op_BitConcatenate.i3.i1.i2"/></StgValue>
</bind>
</comp>

<comp id="116" class="1001" name="const_116">
<pin_list>
<pin id="117" dir="1" index="0" bw="1" slack="0"/>
</pin_list>
<bind>
<StgValue><ssdm name="_ssdm_op_BitConcatenate.i11.i1.i10"/></StgValue>
</bind>
</comp>

<comp id="118" class="1001" name="const_118">
<pin_list>
<pin id="119" dir="1" index="0" bw="1" slack="0"/>
</pin_list>
<bind>
<StgValue><ssdm name=""/></StgValue>
</bind>
</comp>

<comp id="120" class="1001" name="const_120">
<pin_list>
<pin id="121" dir="1" index="0" bw="1" slack="0"/>
</pin_list>
<bind>
<StgValue><ssdm name="_ssdm_op_BitConcatenate.i7.i1.i6"/></StgValue>
</bind>
</comp>

<comp id="122" class="1001" name="const_122">
<pin_list>
<pin id="123" dir="1" index="0" bw="1" slack="0"/>
</pin_list>
<bind>
<StgValue><ssdm name=""/></StgValue>
</bind>
</comp>

<comp id="124" class="1001" name="const_124">
<pin_list>
<pin id="125" dir="1" index="0" bw="1" slack="0"/>
</pin_list>
<bind>
<StgValue><ssdm name="uc_compute_tile<8, 16, 16, 60, 32, 480, 480>_Pipeline_KW_LOOP_FLAT_LOOP"/></StgValue>
</bind>
</comp>

<comp id="126" class="1004" name="kh_fu_126">
<pin_list>
<pin id="127" dir="0" index="0" bw="1" slack="0"/>
<pin id="128" dir="1" index="1" bw="2" slack="0"/>
</pin_list>
<bind>
<opcode="alloca(26) " fcode="alloca"/>
<opset="kh/1 "/>
</bind>
</comp>

<comp id="130" class="1004" name="p_read_2_read_fu_130">
<pin_list>
<pin id="131" dir="0" index="0" bw="6" slack="0"/>
<pin id="132" dir="0" index="1" bw="6" slack="0"/>
<pin id="133" dir="1" index="2" bw="6" slack="0"/>
</pin_list>
<bind>
<opcode="read(1150) " fcode="read"/>
<opset="p_read_2/1 "/>
</bind>
</comp>

<comp id="136" class="1004" name="ho_1_read_fu_136">
<pin_list>
<pin id="137" dir="0" index="0" bw="5" slack="0"/>
<pin id="138" dir="0" index="1" bw="5" slack="0"/>
<pin id="139" dir="1" index="2" bw="5" slack="0"/>
</pin_list>
<bind>
<opcode="read(1150) " fcode="read"/>
<opset="ho_1/1 "/>
</bind>
</comp>

<comp id="142" class="1004" name="grp_uc_compute_tile_8_16_16_60_32_480_480_Pipeline_KW_LOOP_FLAT_LOOP_fu_142">
<pin_list>
<pin id="143" dir="0" index="0" bw="0" slack="0"/>
<pin id="144" dir="0" index="1" bw="3" slack="0"/>
<pin id="145" dir="0" index="2" bw="11" slack="0"/>
<pin id="146" dir="0" index="3" bw="256" slack="0"/>
<pin id="147" dir="0" index="4" bw="256" slack="0"/>
<pin id="148" dir="0" index="5" bw="256" slack="0"/>
<pin id="149" dir="0" index="6" bw="256" slack="0"/>
<pin id="150" dir="0" index="7" bw="256" slack="0"/>
<pin id="151" dir="0" index="8" bw="256" slack="0"/>
<pin id="152" dir="0" index="9" bw="256" slack="0"/>
<pin id="153" dir="0" index="10" bw="256" slack="0"/>
<pin id="154" dir="0" index="11" bw="5" slack="1"/>
<pin id="155" dir="0" index="12" bw="1" slack="1"/>
<pin id="156" dir="0" index="13" bw="256" slack="0"/>
<pin id="157" dir="0" index="14" bw="16" slack="0"/>
<pin id="158" dir="0" index="15" bw="16" slack="0"/>
<pin id="159" dir="0" index="16" bw="16" slack="0"/>
<pin id="160" dir="0" index="17" bw="16" slack="0"/>
<pin id="161" dir="0" index="18" bw="16" slack="0"/>
<pin id="162" dir="0" index="19" bw="16" slack="0"/>
<pin id="163" dir="0" index="20" bw="16" slack="0"/>
<pin id="164" dir="0" index="21" bw="16" slack="0"/>
<pin id="165" dir="0" index="22" bw="16" slack="0"/>
<pin id="166" dir="0" index="23" bw="16" slack="0"/>
<pin id="167" dir="0" index="24" bw="16" slack="0"/>
<pin id="168" dir="0" index="25" bw="16" slack="0"/>
<pin id="169" dir="0" index="26" bw="16" slack="0"/>
<pin id="170" dir="0" index="27" bw="16" slack="0"/>
<pin id="171" dir="0" index="28" bw="16" slack="0"/>
<pin id="172" dir="0" index="29" bw="16" slack="0"/>
<pin id="173" dir="1" index="30" bw="0" slack="2147483647"/>
</pin_list>
<bind>
<opcode="call(48) " fcode="call"/>
<opset="call_ln92/2 "/>
</bind>
</comp>

<comp id="200" class="1004" name="empty_fu_200">
<pin_list>
<pin id="201" dir="0" index="0" bw="6" slack="0"/>
<pin id="202" dir="1" index="1" bw="1" slack="1"/>
</pin_list>
<bind>
<opcode="trunc(33) " fcode="trunc"/>
<opset="empty/1 "/>
</bind>
</comp>

<comp id="204" class="1004" name="ho_cast_fu_204">
<pin_list>
<pin id="205" dir="0" index="0" bw="5" slack="0"/>
<pin id="206" dir="1" index="1" bw="6" slack="0"/>
</pin_list>
<bind>
<opcode="zext(34) " fcode="zext"/>
<opset="ho_cast/1 "/>
</bind>
</comp>

<comp id="208" class="1004" name="lshr_ln_fu_208">
<pin_list>
<pin id="209" dir="0" index="0" bw="5" slack="0"/>
<pin id="210" dir="0" index="1" bw="6" slack="0"/>
<pin id="211" dir="0" index="2" bw="1" slack="0"/>
<pin id="212" dir="0" index="3" bw="4" slack="0"/>
<pin id="213" dir="1" index="4" bw="5" slack="1"/>
</pin_list>
<bind>
<opcode="partselect(1002) " fcode="partselect"/>
<opset="lshr_ln/1 "/>
</bind>
</comp>

<comp id="218" class="1004" name="add_fu_218">
<pin_list>
<pin id="219" dir="0" index="0" bw="5" slack="0"/>
<pin id="220" dir="0" index="1" bw="1" slack="0"/>
<pin id="221" dir="1" index="2" bw="6" slack="0"/>
</pin_list>
<bind>
<opcode="add(8) " fcode="add"/>
<opset="add/1 "/>
</bind>
</comp>

<comp id="224" class="1004" name="add_cast_fu_224">
<pin_list>
<pin id="225" dir="0" index="0" bw="6" slack="0"/>
<pin id="226" dir="1" index="1" bw="7" slack="1"/>
</pin_list>
<bind>
<opcode="zext(34) " fcode="zext"/>
<opset="add_cast/1 "/>
</bind>
</comp>

<comp id="228" class="1004" name="store_ln91_store_fu_228">
<pin_list>
<pin id="229" dir="0" index="0" bw="1" slack="0"/>
<pin id="230" dir="0" index="1" bw="2" slack="0"/>
<pin id="231" dir="1" index="2" bw="0" slack="2147483647"/>
</pin_list>
<bind>
<opcode="store(28) " fcode="store"/>
<opset="store_ln91/1 "/>
</bind>
</comp>

<comp id="233" class="1004" name="kh_1_load_fu_233">
<pin_list>
<pin id="234" dir="0" index="0" bw="2" slack="1"/>
<pin id="235" dir="1" index="1" bw="2" slack="0"/>
</pin_list>
<bind>
<opcode="load(27) " fcode="load"/>
<opset="kh_1/2 "/>
</bind>
</comp>

<comp id="236" class="1004" name="icmp_ln91_fu_236">
<pin_list>
<pin id="237" dir="0" index="0" bw="2" slack="0"/>
<pin id="238" dir="0" index="1" bw="2" slack="0"/>
<pin id="239" dir="1" index="2" bw="1" slack="2147483647"/>
</pin_list>
<bind>
<opcode="icmp(45) " fcode="icmp"/>
<opset="icmp_ln91/2 "/>
</bind>
</comp>

<comp id="242" class="1004" name="kh_2_fu_242">
<pin_list>
<pin id="243" dir="0" index="0" bw="2" slack="0"/>
<pin id="244" dir="0" index="1" bw="1" slack="0"/>
<pin id="245" dir="1" index="2" bw="2" slack="1"/>
</pin_list>
<bind>
<opcode="add(8) " fcode="add"/>
<opset="kh_2/2 "/>
</bind>
</comp>

<comp id="248" class="1004" name="zext_ln91_fu_248">
<pin_list>
<pin id="249" dir="0" index="0" bw="2" slack="0"/>
<pin id="250" dir="1" index="1" bw="7" slack="0"/>
</pin_list>
<bind>
<opcode="zext(34) " fcode="zext"/>
<opset="zext_ln91/2 "/>
</bind>
</comp>

<comp id="252" class="1004" name="hpk_fu_252">
<pin_list>
<pin id="253" dir="0" index="0" bw="6" slack="1"/>
<pin id="254" dir="0" index="1" bw="2" slack="0"/>
<pin id="255" dir="1" index="2" bw="7" slack="0"/>
</pin_list>
<bind>
<opcode="sub(10) " fcode="sub"/>
<opset="hpk/2 "/>
</bind>
</comp>

<comp id="257" class="1004" name="tmp_fu_257">
<pin_list>
<pin id="258" dir="0" index="0" bw="1" slack="0"/>
<pin id="259" dir="0" index="1" bw="7" slack="0"/>
<pin id="260" dir="0" index="2" bw="4" slack="0"/>
<pin id="261" dir="1" index="3" bw="1" slack="0"/>
</pin_list>
<bind>
<opcode="bitselect(1000) " fcode="bitselect"/>
<opset="tmp/2 "/>
</bind>
</comp>

<comp id="265" class="1004" name="trunc_ln93_fu_265">
<pin_list>
<pin id="266" dir="0" index="0" bw="7" slack="0"/>
<pin id="267" dir="1" index="1" bw="1" slack="0"/>
</pin_list>
<bind>
<opcode="trunc(33) " fcode="trunc"/>
<opset="trunc_ln93/2 "/>
</bind>
</comp>

<comp id="269" class="1004" name="and_ln_fu_269">
<pin_list>
<pin id="270" dir="0" index="0" bw="32" slack="0"/>
<pin id="271" dir="0" index="1" bw="1" slack="0"/>
<pin id="272" dir="0" index="2" bw="1" slack="0"/>
<pin id="273" dir="0" index="3" bw="1" slack="0"/>
<pin id="274" dir="1" index="4" bw="32" slack="0"/>
</pin_list>
<bind>
<opcode="bitconcatenate(1004) " fcode="bitconcatenate"/>
<opset="and_ln/2 "/>
</bind>
</comp>

<comp id="279" class="1004" name="icmp_ln95_fu_279">
<pin_list>
<pin id="280" dir="0" index="0" bw="32" slack="0"/>
<pin id="281" dir="0" index="1" bw="32" slack="0"/>
<pin id="282" dir="1" index="2" bw="1" slack="0"/>
</pin_list>
<bind>
<opcode="icmp(45) " fcode="icmp"/>
<opset="icmp_ln95/2 "/>
</bind>
</comp>

<comp id="285" class="1004" name="tmp_10_fu_285">
<pin_list>
<pin id="286" dir="0" index="0" bw="2" slack="0"/>
<pin id="287" dir="0" index="1" bw="7" slack="0"/>
<pin id="288" dir="0" index="2" bw="4" slack="0"/>
<pin id="289" dir="0" index="3" bw="4" slack="0"/>
<pin id="290" dir="1" index="4" bw="2" slack="0"/>
</pin_list>
<bind>
<opcode="partselect(1002) " fcode="partselect"/>
<opset="tmp_10/2 "/>
</bind>
</comp>

<comp id="295" class="1004" name="icmp_ln95_1_fu_295">
<pin_list>
<pin id="296" dir="0" index="0" bw="2" slack="0"/>
<pin id="297" dir="0" index="1" bw="2" slack="0"/>
<pin id="298" dir="1" index="2" bw="1" slack="0"/>
</pin_list>
<bind>
<opcode="icmp(45) " fcode="icmp"/>
<opset="icmp_ln95_1/2 "/>
</bind>
</comp>

<comp id="301" class="1004" name="or_ln95_fu_301">
<pin_list>
<pin id="302" dir="0" index="0" bw="1" slack="0"/>
<pin id="303" dir="0" index="1" bw="1" slack="0"/>
<pin id="304" dir="1" index="2" bw="1" slack="1"/>
</pin_list>
<bind>
<opcode="or(24) " fcode="or"/>
<opset="or_ln95/2 "/>
</bind>
</comp>

<comp id="307" class="1004" name="empty_176_fu_307">
<pin_list>
<pin id="308" dir="0" index="0" bw="2" slack="0"/>
<pin id="309" dir="1" index="1" bw="1" slack="0"/>
</pin_list>
<bind>
<opcode="trunc(33) " fcode="trunc"/>
<opset="empty_176/2 "/>
</bind>
</comp>

<comp id="311" class="1004" name="tmp_11_fu_311">
<pin_list>
<pin id="312" dir="0" index="0" bw="3" slack="0"/>
<pin id="313" dir="0" index="1" bw="1" slack="0"/>
<pin id="314" dir="0" index="2" bw="1" slack="0"/>
<pin id="315" dir="1" index="3" bw="3" slack="0"/>
</pin_list>
<bind>
<opcode="bitconcatenate(1004) " fcode="bitconcatenate"/>
<opset="tmp_11/2 "/>
</bind>
</comp>

<comp id="319" class="1004" name="empty_177_fu_319">
<pin_list>
<pin id="320" dir="0" index="0" bw="2" slack="0"/>
<pin id="321" dir="1" index="1" bw="3" slack="0"/>
</pin_list>
<bind>
<opcode="zext(34) " fcode="zext"/>
<opset="empty_177/2 "/>
</bind>
</comp>

<comp id="323" class="1004" name="empty_178_fu_323">
<pin_list>
<pin id="324" dir="0" index="0" bw="3" slack="0"/>
<pin id="325" dir="0" index="1" bw="2" slack="0"/>
<pin id="326" dir="1" index="2" bw="3" slack="0"/>
</pin_list>
<bind>
<opcode="sub(10) " fcode="sub"/>
<opset="empty_178/2 "/>
</bind>
</comp>

<comp id="330" class="1004" name="tmp_12_fu_330">
<pin_list>
<pin id="331" dir="0" index="0" bw="1" slack="0"/>
<pin id="332" dir="0" index="1" bw="7" slack="0"/>
<pin id="333" dir="0" index="2" bw="1" slack="0"/>
<pin id="334" dir="1" index="3" bw="1" slack="0"/>
</pin_list>
<bind>
<opcode="bitselect(1000) " fcode="bitselect"/>
<opset="tmp_12/2 "/>
</bind>
</comp>

<comp id="338" class="1004" name="p_shl_fu_338">
<pin_list>
<pin id="339" dir="0" index="0" bw="11" slack="0"/>
<pin id="340" dir="0" index="1" bw="1" slack="0"/>
<pin id="341" dir="0" index="2" bw="1" slack="0"/>
<pin id="342" dir="1" index="3" bw="11" slack="0"/>
</pin_list>
<bind>
<opcode="bitconcatenate(1004) " fcode="bitconcatenate"/>
<opset="p_shl/2 "/>
</bind>
</comp>

<comp id="346" class="1004" name="tmp_13_fu_346">
<pin_list>
<pin id="347" dir="0" index="0" bw="7" slack="0"/>
<pin id="348" dir="0" index="1" bw="1" slack="0"/>
<pin id="349" dir="0" index="2" bw="1" slack="0"/>
<pin id="350" dir="1" index="3" bw="7" slack="0"/>
</pin_list>
<bind>
<opcode="bitconcatenate(1004) " fcode="bitconcatenate"/>
<opset="tmp_13/2 "/>
</bind>
</comp>

<comp id="354" class="1004" name="p_shl165_fu_354">
<pin_list>
<pin id="355" dir="0" index="0" bw="7" slack="0"/>
<pin id="356" dir="1" index="1" bw="11" slack="0"/>
</pin_list>
<bind>
<opcode="zext(34) " fcode="zext"/>
<opset="p_shl165/2 "/>
</bind>
</comp>

<comp id="358" class="1004" name="x_base_fu_358">
<pin_list>
<pin id="359" dir="0" index="0" bw="11" slack="0"/>
<pin id="360" dir="0" index="1" bw="7" slack="0"/>
<pin id="361" dir="1" index="2" bw="11" slack="0"/>
</pin_list>
<bind>
<opcode="sub(10) " fcode="sub"/>
<opset="x_base/2 "/>
</bind>
</comp>

<comp id="365" class="1004" name="store_ln91_store_fu_365">
<pin_list>
<pin id="366" dir="0" index="0" bw="2" slack="1"/>
<pin id="367" dir="0" index="1" bw="2" slack="2"/>
<pin id="368" dir="1" index="2" bw="0" slack="2147483647"/>
</pin_list>
<bind>
<opcode="store(28) " fcode="store"/>
<opset="store_ln91/3 "/>
</bind>
</comp>

<comp id="369" class="1005" name="kh_reg_369">
<pin_list>
<pin id="370" dir="0" index="0" bw="2" slack="0"/>
<pin id="371" dir="1" index="1" bw="2" slack="0"/>
</pin_list>
<bind>
<opset="kh "/>
</bind>
</comp>

<comp id="376" class="1005" name="empty_reg_376">
<pin_list>
<pin id="377" dir="0" index="0" bw="1" slack="1"/>
<pin id="378" dir="1" index="1" bw="1" slack="1"/>
</pin_list>
<bind>
<opset="empty "/>
</bind>
</comp>

<comp id="381" class="1005" name="lshr_ln_reg_381">
<pin_list>
<pin id="382" dir="0" index="0" bw="5" slack="1"/>
<pin id="383" dir="1" index="1" bw="5" slack="1"/>
</pin_list>
<bind>
<opset="lshr_ln "/>
</bind>
</comp>

<comp id="386" class="1005" name="add_cast_reg_386">
<pin_list>
<pin id="387" dir="0" index="0" bw="7" slack="1"/>
<pin id="388" dir="1" index="1" bw="7" slack="1"/>
</pin_list>
<bind>
<opset="add_cast "/>
</bind>
</comp>

<comp id="394" class="1005" name="kh_2_reg_394">
<pin_list>
<pin id="395" dir="0" index="0" bw="2" slack="1"/>
<pin id="396" dir="1" index="1" bw="2" slack="1"/>
</pin_list>
<bind>
<opset="kh_2 "/>
</bind>
</comp>

<comp id="399" class="1005" name="or_ln95_reg_399">
<pin_list>
<pin id="400" dir="0" index="0" bw="1" slack="1"/>
<pin id="401" dir="1" index="1" bw="1" slack="2147483647"/>
</pin_list>
<bind>
<opset="or_ln95 "/>
</bind>
</comp>

<comp id="403" class="1005" name="empty_178_reg_403">
<pin_list>
<pin id="404" dir="0" index="0" bw="3" slack="1"/>
<pin id="405" dir="1" index="1" bw="3" slack="1"/>
</pin_list>
<bind>
<opset="empty_178 "/>
</bind>
</comp>

<comp id="408" class="1005" name="x_base_reg_408">
<pin_list>
<pin id="409" dir="0" index="0" bw="11" slack="1"/>
<pin id="410" dir="1" index="1" bw="11" slack="1"/>
</pin_list>
<bind>
<opset="x_base "/>
</bind>
</comp>

</comp_list>

<net_list>
<net id="129"><net_src comp="54" pin="0"/><net_sink comp="126" pin=0"/></net>

<net id="134"><net_src comp="56" pin="0"/><net_sink comp="130" pin=0"/></net>

<net id="135"><net_src comp="16" pin="0"/><net_sink comp="130" pin=1"/></net>

<net id="140"><net_src comp="74" pin="0"/><net_sink comp="136" pin=0"/></net>

<net id="141"><net_src comp="18" pin="0"/><net_sink comp="136" pin=1"/></net>

<net id="174"><net_src comp="124" pin="0"/><net_sink comp="142" pin=0"/></net>

<net id="175"><net_src comp="0" pin="0"/><net_sink comp="142" pin=3"/></net>

<net id="176"><net_src comp="2" pin="0"/><net_sink comp="142" pin=4"/></net>

<net id="177"><net_src comp="4" pin="0"/><net_sink comp="142" pin=5"/></net>

<net id="178"><net_src comp="6" pin="0"/><net_sink comp="142" pin=6"/></net>

<net id="179"><net_src comp="8" pin="0"/><net_sink comp="142" pin=7"/></net>

<net id="180"><net_src comp="10" pin="0"/><net_sink comp="142" pin=8"/></net>

<net id="181"><net_src comp="12" pin="0"/><net_sink comp="142" pin=9"/></net>

<net id="182"><net_src comp="14" pin="0"/><net_sink comp="142" pin=10"/></net>

<net id="183"><net_src comp="20" pin="0"/><net_sink comp="142" pin=13"/></net>

<net id="184"><net_src comp="22" pin="0"/><net_sink comp="142" pin=14"/></net>

<net id="185"><net_src comp="24" pin="0"/><net_sink comp="142" pin=15"/></net>

<net id="186"><net_src comp="26" pin="0"/><net_sink comp="142" pin=16"/></net>

<net id="187"><net_src comp="28" pin="0"/><net_sink comp="142" pin=17"/></net>

<net id="188"><net_src comp="30" pin="0"/><net_sink comp="142" pin=18"/></net>

<net id="189"><net_src comp="32" pin="0"/><net_sink comp="142" pin=19"/></net>

<net id="190"><net_src comp="34" pin="0"/><net_sink comp="142" pin=20"/></net>

<net id="191"><net_src comp="36" pin="0"/><net_sink comp="142" pin=21"/></net>

<net id="192"><net_src comp="38" pin="0"/><net_sink comp="142" pin=22"/></net>

<net id="193"><net_src comp="40" pin="0"/><net_sink comp="142" pin=23"/></net>

<net id="194"><net_src comp="42" pin="0"/><net_sink comp="142" pin=24"/></net>

<net id="195"><net_src comp="44" pin="0"/><net_sink comp="142" pin=25"/></net>

<net id="196"><net_src comp="46" pin="0"/><net_sink comp="142" pin=26"/></net>

<net id="197"><net_src comp="48" pin="0"/><net_sink comp="142" pin=27"/></net>

<net id="198"><net_src comp="50" pin="0"/><net_sink comp="142" pin=28"/></net>

<net id="199"><net_src comp="52" pin="0"/><net_sink comp="142" pin=29"/></net>

<net id="203"><net_src comp="130" pin="2"/><net_sink comp="200" pin=0"/></net>

<net id="207"><net_src comp="136" pin="2"/><net_sink comp="204" pin=0"/></net>

<net id="214"><net_src comp="84" pin="0"/><net_sink comp="208" pin=0"/></net>

<net id="215"><net_src comp="130" pin="2"/><net_sink comp="208" pin=1"/></net>

<net id="216"><net_src comp="54" pin="0"/><net_sink comp="208" pin=2"/></net>

<net id="217"><net_src comp="86" pin="0"/><net_sink comp="208" pin=3"/></net>

<net id="222"><net_src comp="204" pin="1"/><net_sink comp="218" pin=0"/></net>

<net id="223"><net_src comp="88" pin="0"/><net_sink comp="218" pin=1"/></net>

<net id="227"><net_src comp="218" pin="2"/><net_sink comp="224" pin=0"/></net>

<net id="232"><net_src comp="90" pin="0"/><net_sink comp="228" pin=0"/></net>

<net id="240"><net_src comp="233" pin="1"/><net_sink comp="236" pin=0"/></net>

<net id="241"><net_src comp="92" pin="0"/><net_sink comp="236" pin=1"/></net>

<net id="246"><net_src comp="233" pin="1"/><net_sink comp="242" pin=0"/></net>

<net id="247"><net_src comp="98" pin="0"/><net_sink comp="242" pin=1"/></net>

<net id="251"><net_src comp="233" pin="1"/><net_sink comp="248" pin=0"/></net>

<net id="256"><net_src comp="248" pin="1"/><net_sink comp="252" pin=1"/></net>

<net id="262"><net_src comp="104" pin="0"/><net_sink comp="257" pin=0"/></net>

<net id="263"><net_src comp="252" pin="2"/><net_sink comp="257" pin=1"/></net>

<net id="264"><net_src comp="106" pin="0"/><net_sink comp="257" pin=2"/></net>

<net id="268"><net_src comp="252" pin="2"/><net_sink comp="265" pin=0"/></net>

<net id="275"><net_src comp="108" pin="0"/><net_sink comp="269" pin=0"/></net>

<net id="276"><net_src comp="257" pin="3"/><net_sink comp="269" pin=1"/></net>

<net id="277"><net_src comp="110" pin="0"/><net_sink comp="269" pin=2"/></net>

<net id="278"><net_src comp="265" pin="1"/><net_sink comp="269" pin=3"/></net>

<net id="283"><net_src comp="269" pin="4"/><net_sink comp="279" pin=0"/></net>

<net id="284"><net_src comp="62" pin="0"/><net_sink comp="279" pin=1"/></net>

<net id="291"><net_src comp="112" pin="0"/><net_sink comp="285" pin=0"/></net>

<net id="292"><net_src comp="252" pin="2"/><net_sink comp="285" pin=1"/></net>

<net id="293"><net_src comp="86" pin="0"/><net_sink comp="285" pin=2"/></net>

<net id="294"><net_src comp="106" pin="0"/><net_sink comp="285" pin=3"/></net>

<net id="299"><net_src comp="285" pin="4"/><net_sink comp="295" pin=0"/></net>

<net id="300"><net_src comp="90" pin="0"/><net_sink comp="295" pin=1"/></net>

<net id="305"><net_src comp="279" pin="2"/><net_sink comp="301" pin=0"/></net>

<net id="306"><net_src comp="295" pin="2"/><net_sink comp="301" pin=1"/></net>

<net id="310"><net_src comp="233" pin="1"/><net_sink comp="307" pin=0"/></net>

<net id="316"><net_src comp="114" pin="0"/><net_sink comp="311" pin=0"/></net>

<net id="317"><net_src comp="307" pin="1"/><net_sink comp="311" pin=1"/></net>

<net id="318"><net_src comp="90" pin="0"/><net_sink comp="311" pin=2"/></net>

<net id="322"><net_src comp="233" pin="1"/><net_sink comp="319" pin=0"/></net>

<net id="327"><net_src comp="311" pin="3"/><net_sink comp="323" pin=0"/></net>

<net id="328"><net_src comp="319" pin="1"/><net_sink comp="323" pin=1"/></net>

<net id="329"><net_src comp="323" pin="2"/><net_sink comp="142" pin=1"/></net>

<net id="335"><net_src comp="104" pin="0"/><net_sink comp="330" pin=0"/></net>

<net id="336"><net_src comp="252" pin="2"/><net_sink comp="330" pin=1"/></net>

<net id="337"><net_src comp="54" pin="0"/><net_sink comp="330" pin=2"/></net>

<net id="343"><net_src comp="116" pin="0"/><net_sink comp="338" pin=0"/></net>

<net id="344"><net_src comp="330" pin="3"/><net_sink comp="338" pin=1"/></net>

<net id="345"><net_src comp="118" pin="0"/><net_sink comp="338" pin=2"/></net>

<net id="351"><net_src comp="120" pin="0"/><net_sink comp="346" pin=0"/></net>

<net id="352"><net_src comp="330" pin="3"/><net_sink comp="346" pin=1"/></net>

<net id="353"><net_src comp="122" pin="0"/><net_sink comp="346" pin=2"/></net>

<net id="357"><net_src comp="346" pin="3"/><net_sink comp="354" pin=0"/></net>

<net id="362"><net_src comp="338" pin="3"/><net_sink comp="358" pin=0"/></net>

<net id="363"><net_src comp="354" pin="1"/><net_sink comp="358" pin=1"/></net>

<net id="364"><net_src comp="358" pin="2"/><net_sink comp="142" pin=2"/></net>

<net id="372"><net_src comp="126" pin="1"/><net_sink comp="369" pin=0"/></net>

<net id="373"><net_src comp="369" pin="1"/><net_sink comp="228" pin=1"/></net>

<net id="374"><net_src comp="369" pin="1"/><net_sink comp="233" pin=0"/></net>

<net id="375"><net_src comp="369" pin="1"/><net_sink comp="365" pin=1"/></net>

<net id="379"><net_src comp="200" pin="1"/><net_sink comp="376" pin=0"/></net>

<net id="380"><net_src comp="376" pin="1"/><net_sink comp="142" pin=12"/></net>

<net id="384"><net_src comp="208" pin="4"/><net_sink comp="381" pin=0"/></net>

<net id="385"><net_src comp="381" pin="1"/><net_sink comp="142" pin=11"/></net>

<net id="389"><net_src comp="224" pin="1"/><net_sink comp="386" pin=0"/></net>

<net id="390"><net_src comp="386" pin="1"/><net_sink comp="252" pin=0"/></net>

<net id="397"><net_src comp="242" pin="2"/><net_sink comp="394" pin=0"/></net>

<net id="398"><net_src comp="394" pin="1"/><net_sink comp="365" pin=0"/></net>

<net id="402"><net_src comp="301" pin="2"/><net_sink comp="399" pin=0"/></net>

<net id="406"><net_src comp="323" pin="2"/><net_sink comp="403" pin=0"/></net>

<net id="407"><net_src comp="403" pin="1"/><net_sink comp="142" pin=1"/></net>

<net id="411"><net_src comp="358" pin="2"/><net_sink comp="408" pin=0"/></net>

<net id="412"><net_src comp="408" pin="1"/><net_sink comp="142" pin=2"/></net>

</net_list>

</model> 
---------------- Datapath Model END ------------------

* FSMD analyzer results:
  - Output states:
	Port: x_buf | {}
	Port: void_UpConv_Fused_Row_ap_uint_ap_uint_const_ap_uint_const_ap_uint_const_ap_u_2 | {2 3 }
	Port: p_ZZ16UpConv_Fused_RowILi8ELi16ELi16ELi960ELi480EEvP7ap_uintILi256EEPKS1_S4_S4_S4 | {2 3 }
	Port: void_UpConv_Fused_Row_ap_uint_ap_uint_const_ap_uint_const_ap_uint_const_ap_u_3 | {2 3 }
	Port: p_ZZ16UpConv_Fused_RowILi8ELi16ELi16ELi960ELi480EEvP7ap_uintILi256EEPKS1_S4_S4_S4_1 | {2 3 }
	Port: void_UpConv_Fused_Row_ap_uint_ap_uint_const_ap_uint_const_ap_uint_const_ap_u_4 | {2 3 }
	Port: p_ZZ16UpConv_Fused_RowILi8ELi16ELi16ELi960ELi480EEvP7ap_uintILi256EEPKS1_S4_S4_S4_2 | {2 3 }
	Port: void_UpConv_Fused_Row_ap_uint_ap_uint_const_ap_uint_const_ap_uint_const_ap_u_5 | {2 3 }
	Port: p_ZZ16UpConv_Fused_RowILi8ELi16ELi16ELi960ELi480EEvP7ap_uintILi256EEPKS1_S4_S4_S4_3 | {2 3 }
	Port: void_UpConv_Fused_Row_ap_uint_ap_uint_const_ap_uint_const_ap_uint_const_ap_u_6 | {2 3 }
	Port: p_ZZ16UpConv_Fused_RowILi8ELi16ELi16ELi960ELi480EEvP7ap_uintILi256EEPKS1_S4_S4_S4_4 | {2 3 }
	Port: void_UpConv_Fused_Row_ap_uint_ap_uint_const_ap_uint_const_ap_uint_const_ap_u_7 | {2 3 }
	Port: p_ZZ16UpConv_Fused_RowILi8ELi16ELi16ELi960ELi480EEvP7ap_uintILi256EEPKS1_S4_S4_S4_5 | {2 3 }
	Port: void_UpConv_Fused_Row_ap_uint_ap_uint_const_ap_uint_const_ap_uint_const_ap_u_8 | {2 3 }
	Port: void_UpConv_Fused_Row_ap_uint_ap_uint_const_ap_uint_const_ap_uint_const_ap_u | {2 3 }
	Port: void_UpConv_Fused_Row_ap_uint_ap_uint_const_ap_uint_const_ap_uint_const_ap_u_9 | {2 3 }
	Port: void_UpConv_Fused_Row_ap_uint_ap_uint_const_ap_uint_const_ap_uint_const_ap_u_1 | {2 3 }
 - Input state : 
	Port: uc_compute_tile<8, 16, 16, 60, 32, 480, 480> : wbuf_0 | {2 3 }
	Port: uc_compute_tile<8, 16, 16, 60, 32, 480, 480> : wbuf_1 | {2 3 }
	Port: uc_compute_tile<8, 16, 16, 60, 32, 480, 480> : wbuf_2 | {2 3 }
	Port: uc_compute_tile<8, 16, 16, 60, 32, 480, 480> : wbuf_3 | {2 3 }
	Port: uc_compute_tile<8, 16, 16, 60, 32, 480, 480> : wbuf_4 | {2 3 }
	Port: uc_compute_tile<8, 16, 16, 60, 32, 480, 480> : wbuf_5 | {2 3 }
	Port: uc_compute_tile<8, 16, 16, 60, 32, 480, 480> : wbuf_6 | {2 3 }
	Port: uc_compute_tile<8, 16, 16, 60, 32, 480, 480> : wbuf_7 | {2 3 }
	Port: uc_compute_tile<8, 16, 16, 60, 32, 480, 480> : p_read | {1 }
	Port: uc_compute_tile<8, 16, 16, 60, 32, 480, 480> : ho | {1 }
	Port: uc_compute_tile<8, 16, 16, 60, 32, 480, 480> : x_buf | {2 3 }
	Port: uc_compute_tile<8, 16, 16, 60, 32, 480, 480> : void_UpConv_Fused_Row_ap_uint_ap_uint_const_ap_uint_const_ap_uint_const_ap_u_2 | {2 3 }
	Port: uc_compute_tile<8, 16, 16, 60, 32, 480, 480> : p_ZZ16UpConv_Fused_RowILi8ELi16ELi16ELi960ELi480EEvP7ap_uintILi256EEPKS1_S4_S4_S4 | {2 3 }
	Port: uc_compute_tile<8, 16, 16, 60, 32, 480, 480> : void_UpConv_Fused_Row_ap_uint_ap_uint_const_ap_uint_const_ap_uint_const_ap_u_3 | {2 3 }
	Port: uc_compute_tile<8, 16, 16, 60, 32, 480, 480> : p_ZZ16UpConv_Fused_RowILi8ELi16ELi16ELi960ELi480EEvP7ap_uintILi256EEPKS1_S4_S4_S4_1 | {2 3 }
	Port: uc_compute_tile<8, 16, 16, 60, 32, 480, 480> : void_UpConv_Fused_Row_ap_uint_ap_uint_const_ap_uint_const_ap_uint_const_ap_u_4 | {2 3 }
	Port: uc_compute_tile<8, 16, 16, 60, 32, 480, 480> : p_ZZ16UpConv_Fused_RowILi8ELi16ELi16ELi960ELi480EEvP7ap_uintILi256EEPKS1_S4_S4_S4_2 | {2 3 }
	Port: uc_compute_tile<8, 16, 16, 60, 32, 480, 480> : void_UpConv_Fused_Row_ap_uint_ap_uint_const_ap_uint_const_ap_uint_const_ap_u_5 | {2 3 }
	Port: uc_compute_tile<8, 16, 16, 60, 32, 480, 480> : p_ZZ16UpConv_Fused_RowILi8ELi16ELi16ELi960ELi480EEvP7ap_uintILi256EEPKS1_S4_S4_S4_3 | {2 3 }
	Port: uc_compute_tile<8, 16, 16, 60, 32, 480, 480> : void_UpConv_Fused_Row_ap_uint_ap_uint_const_ap_uint_const_ap_uint_const_ap_u_6 | {2 3 }
	Port: uc_compute_tile<8, 16, 16, 60, 32, 480, 480> : p_ZZ16UpConv_Fused_RowILi8ELi16ELi16ELi960ELi480EEvP7ap_uintILi256EEPKS1_S4_S4_S4_4 | {2 3 }
	Port: uc_compute_tile<8, 16, 16, 60, 32, 480, 480> : void_UpConv_Fused_Row_ap_uint_ap_uint_const_ap_uint_const_ap_uint_const_ap_u_7 | {2 3 }
	Port: uc_compute_tile<8, 16, 16, 60, 32, 480, 480> : p_ZZ16UpConv_Fused_RowILi8ELi16ELi16ELi960ELi480EEvP7ap_uintILi256EEPKS1_S4_S4_S4_5 | {2 3 }
	Port: uc_compute_tile<8, 16, 16, 60, 32, 480, 480> : void_UpConv_Fused_Row_ap_uint_ap_uint_const_ap_uint_const_ap_uint_const_ap_u_8 | {2 3 }
	Port: uc_compute_tile<8, 16, 16, 60, 32, 480, 480> : void_UpConv_Fused_Row_ap_uint_ap_uint_const_ap_uint_const_ap_uint_const_ap_u | {2 3 }
	Port: uc_compute_tile<8, 16, 16, 60, 32, 480, 480> : void_UpConv_Fused_Row_ap_uint_ap_uint_const_ap_uint_const_ap_uint_const_ap_u_9 | {2 3 }
	Port: uc_compute_tile<8, 16, 16, 60, 32, 480, 480> : void_UpConv_Fused_Row_ap_uint_ap_uint_const_ap_uint_const_ap_uint_const_ap_u_1 | {2 3 }
  - Chain level:
	State 1
		add : 1
		add_cast : 2
		store_ln91 : 1
	State 2
		icmp_ln91 : 1
		kh_2 : 1
		br_ln91 : 2
		zext_ln91 : 1
		hpk : 2
		tmp : 3
		trunc_ln93 : 3
		and_ln : 4
		icmp_ln95 : 5
		tmp_10 : 3
		icmp_ln95_1 : 4
		or_ln95 : 6
		br_ln93 : 6
		empty_176 : 1
		tmp_11 : 2
		empty_177 : 1
		empty_178 : 3
		tmp_12 : 3
		p_shl : 4
		tmp_13 : 4
		p_shl165 : 5
		x_base : 6
		call_ln92 : 7
	State 3


============================================================
+ Verbose Summary: Datapath Resource usage 
============================================================

* Functional unit list:
|----------|-----------------------------------------------------------------------------|---------|---------|---------|---------|
| Operation|                               Functional Unit                               |   DSP   |  Delay  |    FF   |   LUT   |
|----------|-----------------------------------------------------------------------------|---------|---------|---------|---------|
|   call   | grp_uc_compute_tile_8_16_16_60_32_480_480_Pipeline_KW_LOOP_FLAT_LOOP_fu_142 |   336   | 133.651 |  43166  |  45110  |
|----------|-----------------------------------------------------------------------------|---------|---------|---------|---------|
|          |                               icmp_ln91_fu_236                              |    0    |    0    |    0    |    9    |
|   icmp   |                               icmp_ln95_fu_279                              |    0    |    0    |    0    |    39   |
|          |                              icmp_ln95_1_fu_295                             |    0    |    0    |    0    |    9    |
|----------|-----------------------------------------------------------------------------|---------|---------|---------|---------|
|          |                                  hpk_fu_252                                 |    0    |    0    |    0    |    13   |
|    sub   |                               empty_178_fu_323                              |    0    |    0    |    0    |    10   |
|          |                                x_base_fu_358                                |    0    |    0    |    0    |    18   |
|----------|-----------------------------------------------------------------------------|---------|---------|---------|---------|
|    add   |                                  add_fu_218                                 |    0    |    0    |    0    |    12   |
|          |                                 kh_2_fu_242                                 |    0    |    0    |    0    |    9    |
|----------|-----------------------------------------------------------------------------|---------|---------|---------|---------|
|    or    |                                or_ln95_fu_301                               |    0    |    0    |    0    |    2    |
|----------|-----------------------------------------------------------------------------|---------|---------|---------|---------|
|   read   |                             p_read_2_read_fu_130                            |    0    |    0    |    0    |    0    |
|          |                               ho_1_read_fu_136                              |    0    |    0    |    0    |    0    |
|----------|-----------------------------------------------------------------------------|---------|---------|---------|---------|
|          |                                 empty_fu_200                                |    0    |    0    |    0    |    0    |
|   trunc  |                              trunc_ln93_fu_265                              |    0    |    0    |    0    |    0    |
|          |                               empty_176_fu_307                              |    0    |    0    |    0    |    0    |
|----------|-----------------------------------------------------------------------------|---------|---------|---------|---------|
|          |                                ho_cast_fu_204                               |    0    |    0    |    0    |    0    |
|          |                               add_cast_fu_224                               |    0    |    0    |    0    |    0    |
|   zext   |                               zext_ln91_fu_248                              |    0    |    0    |    0    |    0    |
|          |                               empty_177_fu_319                              |    0    |    0    |    0    |    0    |
|          |                               p_shl165_fu_354                               |    0    |    0    |    0    |    0    |
|----------|-----------------------------------------------------------------------------|---------|---------|---------|---------|
|partselect|                                lshr_ln_fu_208                               |    0    |    0    |    0    |    0    |
|          |                                tmp_10_fu_285                                |    0    |    0    |    0    |    0    |
|----------|-----------------------------------------------------------------------------|---------|---------|---------|---------|
| bitselect|                                  tmp_fu_257                                 |    0    |    0    |    0    |    0    |
|          |                                tmp_12_fu_330                                |    0    |    0    |    0    |    0    |
|----------|-----------------------------------------------------------------------------|---------|---------|---------|---------|
|          |                                and_ln_fu_269                                |    0    |    0    |    0    |    0    |
|bitconcatenate|                                tmp_11_fu_311                                |    0    |    0    |    0    |    0    |
|          |                                 p_shl_fu_338                                |    0    |    0    |    0    |    0    |
|          |                                tmp_13_fu_346                                |    0    |    0    |    0    |    0    |
|----------|-----------------------------------------------------------------------------|---------|---------|---------|---------|
|   Total  |                                                                             |   336   | 133.651 |  43166  |  45231  |
|----------|-----------------------------------------------------------------------------|---------|---------|---------|---------|

Memories:
N/A

* Register list:
+-----------------+--------+
|                 |   FF   |
+-----------------+--------+
| add_cast_reg_386|    7   |
|empty_178_reg_403|    3   |
|  empty_reg_376  |    1   |
|   kh_2_reg_394  |    2   |
|    kh_reg_369   |    2   |
| lshr_ln_reg_381 |    5   |
| or_ln95_reg_399 |    1   |
|  x_base_reg_408 |   11   |
+-----------------+--------+
|      Total      |   32   |
+-----------------+--------+

* Multiplexer (MUX) list: 
|-----------------------------------------------------------------------------|------|------|------|--------||---------||---------||---------|
|                                     Comp                                    |  Pin | Size |  BW  | S x BW ||  Delay  ||    FF   ||   LUT   |
|-----------------------------------------------------------------------------|------|------|------|--------||---------||---------||---------|
| grp_uc_compute_tile_8_16_16_60_32_480_480_Pipeline_KW_LOOP_FLAT_LOOP_fu_142 |  p1  |   2  |   3  |    6   ||    0    ||    9    |
| grp_uc_compute_tile_8_16_16_60_32_480_480_Pipeline_KW_LOOP_FLAT_LOOP_fu_142 |  p2  |   2  |  11  |   22   ||    0    ||    9    |
|-----------------------------------------------------------------------------|------|------|------|--------||---------||---------||---------|
|                                    Total                                    |      |      |      |   28   ||  0.854  ||    0    ||    18   |
|-----------------------------------------------------------------------------|------|------|------|--------||---------||---------||---------|



* Summary:
+-----------+--------+--------+--------+--------+
|           |   DSP  |  Delay |   FF   |   LUT  |
+-----------+--------+--------+--------+--------+
|  Function |   336  |   133  |  43166 |  45231 |
|   Memory  |    -   |    -   |    -   |    -   |
|Multiplexer|    -   |    0   |    0   |   18   |
|  Register |    -   |    -   |   32   |    -   |
+-----------+--------+--------+--------+--------+
|   Total   |   336  |   134  |  43198 |  45249 |
+-----------+--------+--------+--------+--------+
