

================================================================
== Vitis HLS Report for 'uc_compute_tile_8_16_16_60_32_480_480_Pipeline_KW_LOOP_FLAT_LOOP'
================================================================
* Date:           Thu Jun 18 11:44:32 2026

* Version:        2024.2 (Build 5238294 on Nov  8 2024)
* Project:        upconv_block0
* Solution:       hls (Vivado IP Flow Target)
* Product family: zynquplus
* Target device:  xczu7ev-ffvc1156-2-e


================================================================
== Performance Estimates
================================================================
+ Timing: 
    * Summary: 
    +--------+---------+----------+------------+
    |  Clock |  Target | Estimated| Uncertainty|
    +--------+---------+----------+------------+
    |ap_clk  |  3.33 ns|  2.430 ns|     0.90 ns|
    +--------+---------+----------+------------+

+ Latency: 
    * Summary: 
    +---------+---------+----------+----------+------+------+------------------------------------------------+
    |  Latency (cycles) |  Latency (absolute) |   Interval  |                    Pipeline                    |
    |   min   |   max   |    min   |    max   |  min |  max |                      Type                      |
    +---------+---------+----------+----------+------+------+------------------------------------------------+
    |     2996|     2996|  9.986 us|  9.986 us|  2881|  2881|  loop auto-rewind stp (delay=0 clock cycles(s))|
    +---------+---------+----------+----------+------+------+------------------------------------------------+

    + Detail: 
        * Instance: 
        N/A

        * Loop: 
        +---------------------+---------+---------+----------+-----------+-----------+------+----------+
        |                     |  Latency (cycles) | Iteration|  Initiation Interval  | Trip |          |
        |      Loop Name      |   min   |   max   |  Latency |  achieved |   target  | Count| Pipelined|
        +---------------------+---------+---------+----------+-----------+-----------+------+----------+
        |- KW_LOOP_FLAT_LOOP  |     2994|     2994|       116|          1|          1|  2880|       yes|
        +---------------------+---------+---------+----------+-----------+-----------+------+----------+

============================================================
+ Verbose Summary: Synthesis Manager
============================================================
InlineROM: 1
ExposeGlobal: 0
============================================================
+ Verbose Summary: CDFG Model
============================================================
IsTopModel: 0
ResetActiveHigh: 1
IsCombinational: 0
IsDatapathOnly: 0
HasWiredReturn: 1
HasMFsm: 2
HasVarLatency: 1
IsPipeline: 0
IsRtlPipelined: 0
IsInstanceOverlapped: 0
IsDontTouch: 0
HasImplIP: 0
IsGatedGlobalClock: 0

+ Individual pipeline summary: 
  * Pipeline-0: initiation interval (II) = 1, depth = 116


============================================================
+ Verbose Summary: Schedule
============================================================
* Number of FSM states : 116
* Pipeline : 1
  Pipeline-0 : II = 1, D = 116, States = { 1 2 3 4 5 6 7 8 9 10 11 12 13 14 15 16 17 18 19 20 21 22 23 24 25 26 27 28 29 30 31 32 33 34 35 36 37 38 39 40 41 42 43 44 45 46 47 48 49 50 51 52 53 54 55 56 57 58 59 60 61 62 63 64 65 66 67 68 69 70 71 72 73 74 75 76 77 78 79 80 81 82 83 84 85 86 87 88 89 90 91 92 93 94 95 96 97 98 99 100 101 102 103 104 105 106 107 108 109 110 111 112 113 114 115 116 }
* Dataflow Pipeline: 0

* FSM state transitions: 
1 --> 2 
2 --> 3 
3 --> 4 
4 --> 5 
5 --> 6 
6 --> 7 
7 --> 8 
8 --> 9 
9 --> 10 
10 --> 11 
11 --> 12 
12 --> 13 
13 --> 14 
14 --> 15 
15 --> 16 
16 --> 17 
17 --> 18 
18 --> 19 
19 --> 20 
20 --> 21 
21 --> 22 
22 --> 23 
23 --> 24 
24 --> 25 
25 --> 26 
26 --> 27 
27 --> 28 
28 --> 29 
29 --> 30 
30 --> 31 
31 --> 32 
32 --> 33 
33 --> 34 
34 --> 35 
35 --> 36 
36 --> 37 
37 --> 38 
38 --> 39 
39 --> 40 
40 --> 41 
41 --> 42 
42 --> 43 
43 --> 44 
44 --> 45 
45 --> 46 
46 --> 47 
47 --> 48 
48 --> 49 
49 --> 50 
50 --> 51 
51 --> 52 
52 --> 53 
53 --> 54 
54 --> 55 
55 --> 56 
56 --> 57 
57 --> 58 
58 --> 59 
59 --> 60 
60 --> 61 
61 --> 62 
62 --> 63 
63 --> 64 
64 --> 65 
65 --> 66 
66 --> 67 
67 --> 68 
68 --> 69 
69 --> 70 
70 --> 71 
71 --> 72 
72 --> 73 
73 --> 74 
74 --> 75 
75 --> 76 
76 --> 77 
77 --> 78 
78 --> 79 
79 --> 80 
80 --> 81 
81 --> 82 
82 --> 83 
83 --> 84 
84 --> 85 
85 --> 86 
86 --> 87 
87 --> 88 
88 --> 89 
89 --> 90 
90 --> 91 
91 --> 92 
92 --> 93 
93 --> 94 
94 --> 95 
95 --> 96 
96 --> 97 
97 --> 98 
98 --> 99 
99 --> 100 
100 --> 101 
101 --> 102 
102 --> 103 
103 --> 104 
104 --> 105 
105 --> 106 
106 --> 107 
107 --> 108 
108 --> 109 
109 --> 110 
110 --> 111 
111 --> 112 
112 --> 113 
113 --> 114 
114 --> 115 
115 --> 116 
116 --> 

* FSM state operations: 

State 1 <SV = 0> <Delay = 1.66>
ST_1 : Operation 119 [1/1] (0.00ns)   --->   "%wi = alloca i32 1" [../gen/Hls_Layers_UpConv.tpp:107]   --->   Operation 119 'alloca' 'wi' <Predicate = true> <Delay = 0.00>
ST_1 : Operation 120 [1/1] (0.00ns)   --->   "%ci_w = alloca i32 1" [../gen/Hls_Layers_UpConv.tpp:107]   --->   Operation 120 'alloca' 'ci_w' <Predicate = true> <Delay = 0.00>
ST_1 : Operation 121 [1/1] (0.00ns)   --->   "%m = alloca i32 1" [../gen/Hls_Layers_UpConv.tpp:108]   --->   Operation 121 'alloca' 'm' <Predicate = true> <Delay = 0.00>
ST_1 : Operation 122 [1/1] (0.00ns)   --->   "%kw = alloca i32 1" [../gen/Hls_Layers_UpConv.tpp:98]   --->   Operation 122 'alloca' 'kw' <Predicate = true> <Delay = 0.00>
ST_1 : Operation 123 [1/1] (0.00ns)   --->   "%indvar_flatten = alloca i32 1"   --->   Operation 123 'alloca' 'indvar_flatten' <Predicate = true> <Delay = 0.00>
ST_1 : Operation 124 [1/1] (0.00ns)   --->   "%p_read_1 = read i1 @_ssdm_op_Read.ap_auto.i1, i1 %p_read"   --->   Operation 124 'read' 'p_read_1' <Predicate = true> <Delay = 0.00>
ST_1 : Operation 125 [1/1] (0.00ns)   --->   "%zext_ln90_read = read i5 @_ssdm_op_Read.ap_auto.i5, i5 %zext_ln90"   --->   Operation 125 'read' 'zext_ln90_read' <Predicate = true> <Delay = 0.00>
ST_1 : Operation 126 [1/1] (0.00ns)   --->   "%x_base_read = read i11 @_ssdm_op_Read.ap_auto.i11, i11 %x_base"   --->   Operation 126 'read' 'x_base_read' <Predicate = true> <Delay = 0.00>
ST_1 : Operation 127 [1/1] (0.00ns)   --->   "%mul13_read = read i3 @_ssdm_op_Read.ap_auto.i3, i3 %mul13"   --->   Operation 127 'read' 'mul13_read' <Predicate = true> <Delay = 0.00>
ST_1 : Operation 128 [1/1] (0.00ns)   --->   "%mul13_cast = zext i3 %mul13_read"   --->   Operation 128 'zext' 'mul13_cast' <Predicate = true> <Delay = 0.00>
ST_1 : Operation 129 [1/1] (0.00ns)   --->   "%zext_ln90_cast = zext i5 %zext_ln90_read"   --->   Operation 129 'zext' 'zext_ln90_cast' <Predicate = true> <Delay = 0.00>
ST_1 : Operation 130 [1/1] (0.00ns)   --->   "%specmemcore_ln0 = specmemcore void @_ssdm_op_SpecMemCore, i256 %wbuf_7, i64 666, i64 31, i64 18446744073709551615"   --->   Operation 130 'specmemcore' 'specmemcore_ln0' <Predicate = true> <Delay = 0.00>
ST_1 : Operation 131 [1/1] (0.00ns)   --->   "%specmemcore_ln0 = specmemcore void @_ssdm_op_SpecMemCore, i256 %wbuf_6, i64 666, i64 31, i64 18446744073709551615"   --->   Operation 131 'specmemcore' 'specmemcore_ln0' <Predicate = true> <Delay = 0.00>
ST_1 : Operation 132 [1/1] (0.00ns)   --->   "%specmemcore_ln0 = specmemcore void @_ssdm_op_SpecMemCore, i256 %wbuf_5, i64 666, i64 31, i64 18446744073709551615"   --->   Operation 132 'specmemcore' 'specmemcore_ln0' <Predicate = true> <Delay = 0.00>
ST_1 : Operation 133 [1/1] (0.00ns)   --->   "%specmemcore_ln0 = specmemcore void @_ssdm_op_SpecMemCore, i256 %wbuf_4, i64 666, i64 31, i64 18446744073709551615"   --->   Operation 133 'specmemcore' 'specmemcore_ln0' <Predicate = true> <Delay = 0.00>
ST_1 : Operation 134 [1/1] (0.00ns)   --->   "%specmemcore_ln0 = specmemcore void @_ssdm_op_SpecMemCore, i256 %wbuf_3, i64 666, i64 31, i64 18446744073709551615"   --->   Operation 134 'specmemcore' 'specmemcore_ln0' <Predicate = true> <Delay = 0.00>
ST_1 : Operation 135 [1/1] (0.00ns)   --->   "%specmemcore_ln0 = specmemcore void @_ssdm_op_SpecMemCore, i256 %wbuf_2, i64 666, i64 31, i64 18446744073709551615"   --->   Operation 135 'specmemcore' 'specmemcore_ln0' <Predicate = true> <Delay = 0.00>
ST_1 : Operation 136 [1/1] (0.00ns)   --->   "%specmemcore_ln0 = specmemcore void @_ssdm_op_SpecMemCore, i256 %wbuf_1, i64 666, i64 31, i64 18446744073709551615"   --->   Operation 136 'specmemcore' 'specmemcore_ln0' <Predicate = true> <Delay = 0.00>
ST_1 : Operation 137 [1/1] (0.00ns)   --->   "%specmemcore_ln0 = specmemcore void @_ssdm_op_SpecMemCore, i256 %wbuf_0, i64 666, i64 31, i64 18446744073709551615"   --->   Operation 137 'specmemcore' 'specmemcore_ln0' <Predicate = true> <Delay = 0.00>
ST_1 : Operation 138 [1/1] (0.00ns)   --->   "%specmemcore_ln0 = specmemcore void @_ssdm_op_SpecMemCore, i16 %void_UpConv_Fused_Row_ap_uint_ap_uint_const_ap_uint_const_ap_uint_const_ap_u_9, i64 666, i64 31, i64 18446744073709551615"   --->   Operation 138 'specmemcore' 'specmemcore_ln0' <Predicate = true> <Delay = 0.00>
ST_1 : Operation 139 [1/1] (0.00ns)   --->   "%specmemcore_ln0 = specmemcore void @_ssdm_op_SpecMemCore, i16 %void_UpConv_Fused_Row_ap_uint_ap_uint_const_ap_uint_const_ap_uint_const_ap_u_8, i64 666, i64 31, i64 18446744073709551615"   --->   Operation 139 'specmemcore' 'specmemcore_ln0' <Predicate = true> <Delay = 0.00>
ST_1 : Operation 140 [1/1] (0.00ns)   --->   "%specmemcore_ln0 = specmemcore void @_ssdm_op_SpecMemCore, i16 %void_UpConv_Fused_Row_ap_uint_ap_uint_const_ap_uint_const_ap_uint_const_ap_u_7, i64 666, i64 31, i64 18446744073709551615"   --->   Operation 140 'specmemcore' 'specmemcore_ln0' <Predicate = true> <Delay = 0.00>
ST_1 : Operation 141 [1/1] (0.00ns)   --->   "%specmemcore_ln0 = specmemcore void @_ssdm_op_SpecMemCore, i16 %void_UpConv_Fused_Row_ap_uint_ap_uint_const_ap_uint_const_ap_uint_const_ap_u_6, i64 666, i64 31, i64 18446744073709551615"   --->   Operation 141 'specmemcore' 'specmemcore_ln0' <Predicate = true> <Delay = 0.00>
ST_1 : Operation 142 [1/1] (0.00ns)   --->   "%specmemcore_ln0 = specmemcore void @_ssdm_op_SpecMemCore, i16 %void_UpConv_Fused_Row_ap_uint_ap_uint_const_ap_uint_const_ap_uint_const_ap_u_5, i64 666, i64 31, i64 18446744073709551615"   --->   Operation 142 'specmemcore' 'specmemcore_ln0' <Predicate = true> <Delay = 0.00>
ST_1 : Operation 143 [1/1] (0.00ns)   --->   "%specmemcore_ln0 = specmemcore void @_ssdm_op_SpecMemCore, i16 %void_UpConv_Fused_Row_ap_uint_ap_uint_const_ap_uint_const_ap_uint_const_ap_u_4, i64 666, i64 31, i64 18446744073709551615"   --->   Operation 143 'specmemcore' 'specmemcore_ln0' <Predicate = true> <Delay = 0.00>
ST_1 : Operation 144 [1/1] (0.00ns)   --->   "%specmemcore_ln0 = specmemcore void @_ssdm_op_SpecMemCore, i16 %void_UpConv_Fused_Row_ap_uint_ap_uint_const_ap_uint_const_ap_uint_const_ap_u_3, i64 666, i64 31, i64 18446744073709551615"   --->   Operation 144 'specmemcore' 'specmemcore_ln0' <Predicate = true> <Delay = 0.00>
ST_1 : Operation 145 [1/1] (0.00ns)   --->   "%specmemcore_ln0 = specmemcore void @_ssdm_op_SpecMemCore, i16 %void_UpConv_Fused_Row_ap_uint_ap_uint_const_ap_uint_const_ap_uint_const_ap_u_2, i64 666, i64 31, i64 18446744073709551615"   --->   Operation 145 'specmemcore' 'specmemcore_ln0' <Predicate = true> <Delay = 0.00>
ST_1 : Operation 146 [1/1] (0.00ns)   --->   "%specmemcore_ln0 = specmemcore void @_ssdm_op_SpecMemCore, i16 %void_UpConv_Fused_Row_ap_uint_ap_uint_const_ap_uint_const_ap_uint_const_ap_u_1, i64 666, i64 31, i64 18446744073709551615"   --->   Operation 146 'specmemcore' 'specmemcore_ln0' <Predicate = true> <Delay = 0.00>
ST_1 : Operation 147 [1/1] (0.00ns)   --->   "%specmemcore_ln0 = specmemcore void @_ssdm_op_SpecMemCore, i16 %void_UpConv_Fused_Row_ap_uint_ap_uint_const_ap_uint_const_ap_uint_const_ap_u, i64 666, i64 31, i64 18446744073709551615"   --->   Operation 147 'specmemcore' 'specmemcore_ln0' <Predicate = true> <Delay = 0.00>
ST_1 : Operation 148 [1/1] (0.00ns)   --->   "%specmemcore_ln0 = specmemcore void @_ssdm_op_SpecMemCore, i16 %p_ZZ16UpConv_Fused_RowILi8ELi16ELi16ELi960ELi480EEvP7ap_uintILi256EEPKS1_S4_S4_S4_5, i64 666, i64 31, i64 18446744073709551615"   --->   Operation 148 'specmemcore' 'specmemcore_ln0' <Predicate = true> <Delay = 0.00>
ST_1 : Operation 149 [1/1] (0.00ns)   --->   "%specmemcore_ln0 = specmemcore void @_ssdm_op_SpecMemCore, i16 %p_ZZ16UpConv_Fused_RowILi8ELi16ELi16ELi960ELi480EEvP7ap_uintILi256EEPKS1_S4_S4_S4_4, i64 666, i64 31, i64 18446744073709551615"   --->   Operation 149 'specmemcore' 'specmemcore_ln0' <Predicate = true> <Delay = 0.00>
ST_1 : Operation 150 [1/1] (0.00ns)   --->   "%specmemcore_ln0 = specmemcore void @_ssdm_op_SpecMemCore, i16 %p_ZZ16UpConv_Fused_RowILi8ELi16ELi16ELi960ELi480EEvP7ap_uintILi256EEPKS1_S4_S4_S4_3, i64 666, i64 31, i64 18446744073709551615"   --->   Operation 150 'specmemcore' 'specmemcore_ln0' <Predicate = true> <Delay = 0.00>
ST_1 : Operation 151 [1/1] (0.00ns)   --->   "%specmemcore_ln0 = specmemcore void @_ssdm_op_SpecMemCore, i16 %p_ZZ16UpConv_Fused_RowILi8ELi16ELi16ELi960ELi480EEvP7ap_uintILi256EEPKS1_S4_S4_S4_2, i64 666, i64 31, i64 18446744073709551615"   --->   Operation 151 'specmemcore' 'specmemcore_ln0' <Predicate = true> <Delay = 0.00>
ST_1 : Operation 152 [1/1] (0.00ns)   --->   "%specmemcore_ln0 = specmemcore void @_ssdm_op_SpecMemCore, i16 %p_ZZ16UpConv_Fused_RowILi8ELi16ELi16ELi960ELi480EEvP7ap_uintILi256EEPKS1_S4_S4_S4_1, i64 666, i64 31, i64 18446744073709551615"   --->   Operation 152 'specmemcore' 'specmemcore_ln0' <Predicate = true> <Delay = 0.00>
ST_1 : Operation 153 [1/1] (0.00ns)   --->   "%specmemcore_ln0 = specmemcore void @_ssdm_op_SpecMemCore, i16 %p_ZZ16UpConv_Fused_RowILi8ELi16ELi16ELi960ELi480EEvP7ap_uintILi256EEPKS1_S4_S4_S4, i64 666, i64 31, i64 18446744073709551615"   --->   Operation 153 'specmemcore' 'specmemcore_ln0' <Predicate = true> <Delay = 0.00>
ST_1 : Operation 154 [1/1] (0.00ns)   --->   "%specmemcore_ln0 = specmemcore void @_ssdm_op_SpecMemCore, i256 %x_buf, i64 666, i64 31, i64 18446744073709551615"   --->   Operation 154 'specmemcore' 'specmemcore_ln0' <Predicate = true> <Delay = 0.00>
ST_1 : Operation 155 [1/1] (0.00ns)   --->   "%psum_31 = alloca i64 1" [../gen/Hls_Layers_UpConv.tpp:104]   --->   Operation 155 'alloca' 'psum_31' <Predicate = true> <Delay = 0.00>
ST_1 : Operation 156 [1/1] (0.00ns)   --->   "%psum_30 = alloca i64 1" [../gen/Hls_Layers_UpConv.tpp:104]   --->   Operation 156 'alloca' 'psum_30' <Predicate = true> <Delay = 0.00>
ST_1 : Operation 157 [1/1] (0.00ns)   --->   "%psum_29 = alloca i64 1" [../gen/Hls_Layers_UpConv.tpp:104]   --->   Operation 157 'alloca' 'psum_29' <Predicate = true> <Delay = 0.00>
ST_1 : Operation 158 [1/1] (0.00ns)   --->   "%psum_28 = alloca i64 1" [../gen/Hls_Layers_UpConv.tpp:104]   --->   Operation 158 'alloca' 'psum_28' <Predicate = true> <Delay = 0.00>
ST_1 : Operation 159 [1/1] (0.00ns)   --->   "%psum_27 = alloca i64 1" [../gen/Hls_Layers_UpConv.tpp:104]   --->   Operation 159 'alloca' 'psum_27' <Predicate = true> <Delay = 0.00>
ST_1 : Operation 160 [1/1] (0.00ns)   --->   "%psum_26 = alloca i64 1" [../gen/Hls_Layers_UpConv.tpp:104]   --->   Operation 160 'alloca' 'psum_26' <Predicate = true> <Delay = 0.00>
ST_1 : Operation 161 [1/1] (0.00ns)   --->   "%psum_25 = alloca i64 1" [../gen/Hls_Layers_UpConv.tpp:104]   --->   Operation 161 'alloca' 'psum_25' <Predicate = true> <Delay = 0.00>
ST_1 : Operation 162 [1/1] (0.00ns)   --->   "%psum_24 = alloca i64 1" [../gen/Hls_Layers_UpConv.tpp:104]   --->   Operation 162 'alloca' 'psum_24' <Predicate = true> <Delay = 0.00>
ST_1 : Operation 163 [1/1] (0.00ns)   --->   "%psum_23 = alloca i64 1" [../gen/Hls_Layers_UpConv.tpp:104]   --->   Operation 163 'alloca' 'psum_23' <Predicate = true> <Delay = 0.00>
ST_1 : Operation 164 [1/1] (0.00ns)   --->   "%psum_22 = alloca i64 1" [../gen/Hls_Layers_UpConv.tpp:104]   --->   Operation 164 'alloca' 'psum_22' <Predicate = true> <Delay = 0.00>
ST_1 : Operation 165 [1/1] (0.00ns)   --->   "%psum_21 = alloca i64 1" [../gen/Hls_Layers_UpConv.tpp:104]   --->   Operation 165 'alloca' 'psum_21' <Predicate = true> <Delay = 0.00>
ST_1 : Operation 166 [1/1] (0.00ns)   --->   "%psum_20 = alloca i64 1" [../gen/Hls_Layers_UpConv.tpp:104]   --->   Operation 166 'alloca' 'psum_20' <Predicate = true> <Delay = 0.00>
ST_1 : Operation 167 [1/1] (0.00ns)   --->   "%psum_19 = alloca i64 1" [../gen/Hls_Layers_UpConv.tpp:104]   --->   Operation 167 'alloca' 'psum_19' <Predicate = true> <Delay = 0.00>
ST_1 : Operation 168 [1/1] (0.00ns)   --->   "%psum_18 = alloca i64 1" [../gen/Hls_Layers_UpConv.tpp:104]   --->   Operation 168 'alloca' 'psum_18' <Predicate = true> <Delay = 0.00>
ST_1 : Operation 169 [1/1] (0.00ns)   --->   "%psum_17 = alloca i64 1" [../gen/Hls_Layers_UpConv.tpp:104]   --->   Operation 169 'alloca' 'psum_17' <Predicate = true> <Delay = 0.00>
ST_1 : Operation 170 [1/1] (0.00ns)   --->   "%psum_16 = alloca i64 1" [../gen/Hls_Layers_UpConv.tpp:104]   --->   Operation 170 'alloca' 'psum_16' <Predicate = true> <Delay = 0.00>
ST_1 : Operation 171 [1/1] (0.00ns)   --->   "%psum_15 = alloca i64 1" [../gen/Hls_Layers_UpConv.tpp:104]   --->   Operation 171 'alloca' 'psum_15' <Predicate = true> <Delay = 0.00>
ST_1 : Operation 172 [1/1] (0.00ns)   --->   "%psum_14 = alloca i64 1" [../gen/Hls_Layers_UpConv.tpp:104]   --->   Operation 172 'alloca' 'psum_14' <Predicate = true> <Delay = 0.00>
ST_1 : Operation 173 [1/1] (0.00ns)   --->   "%psum_13 = alloca i64 1" [../gen/Hls_Layers_UpConv.tpp:104]   --->   Operation 173 'alloca' 'psum_13' <Predicate = true> <Delay = 0.00>
ST_1 : Operation 174 [1/1] (0.00ns)   --->   "%psum_12 = alloca i64 1" [../gen/Hls_Layers_UpConv.tpp:104]   --->   Operation 174 'alloca' 'psum_12' <Predicate = true> <Delay = 0.00>
ST_1 : Operation 175 [1/1] (0.00ns)   --->   "%psum_11 = alloca i64 1" [../gen/Hls_Layers_UpConv.tpp:104]   --->   Operation 175 'alloca' 'psum_11' <Predicate = true> <Delay = 0.00>
ST_1 : Operation 176 [1/1] (0.00ns)   --->   "%psum_10 = alloca i64 1" [../gen/Hls_Layers_UpConv.tpp:104]   --->   Operation 176 'alloca' 'psum_10' <Predicate = true> <Delay = 0.00>
ST_1 : Operation 177 [1/1] (0.00ns)   --->   "%psum_9 = alloca i64 1" [../gen/Hls_Layers_UpConv.tpp:104]   --->   Operation 177 'alloca' 'psum_9' <Predicate = true> <Delay = 0.00>
ST_1 : Operation 178 [1/1] (0.00ns)   --->   "%psum_8 = alloca i64 1" [../gen/Hls_Layers_UpConv.tpp:104]   --->   Operation 178 'alloca' 'psum_8' <Predicate = true> <Delay = 0.00>
ST_1 : Operation 179 [1/1] (0.00ns)   --->   "%psum_7 = alloca i64 1" [../gen/Hls_Layers_UpConv.tpp:104]   --->   Operation 179 'alloca' 'psum_7' <Predicate = true> <Delay = 0.00>
ST_1 : Operation 180 [1/1] (0.00ns)   --->   "%psum_6 = alloca i64 1" [../gen/Hls_Layers_UpConv.tpp:104]   --->   Operation 180 'alloca' 'psum_6' <Predicate = true> <Delay = 0.00>
ST_1 : Operation 181 [1/1] (0.00ns)   --->   "%psum_5 = alloca i64 1" [../gen/Hls_Layers_UpConv.tpp:104]   --->   Operation 181 'alloca' 'psum_5' <Predicate = true> <Delay = 0.00>
ST_1 : Operation 182 [1/1] (0.00ns)   --->   "%psum_4 = alloca i64 1" [../gen/Hls_Layers_UpConv.tpp:104]   --->   Operation 182 'alloca' 'psum_4' <Predicate = true> <Delay = 0.00>
ST_1 : Operation 183 [1/1] (0.00ns)   --->   "%psum_3 = alloca i64 1" [../gen/Hls_Layers_UpConv.tpp:104]   --->   Operation 183 'alloca' 'psum_3' <Predicate = true> <Delay = 0.00>
ST_1 : Operation 184 [1/1] (0.00ns)   --->   "%psum_2 = alloca i64 1" [../gen/Hls_Layers_UpConv.tpp:104]   --->   Operation 184 'alloca' 'psum_2' <Predicate = true> <Delay = 0.00>
ST_1 : Operation 185 [1/1] (0.00ns)   --->   "%psum_1 = alloca i64 1" [../gen/Hls_Layers_UpConv.tpp:104]   --->   Operation 185 'alloca' 'psum_1' <Predicate = true> <Delay = 0.00>
ST_1 : Operation 186 [1/1] (0.00ns)   --->   "%psum = alloca i64 1" [../gen/Hls_Layers_UpConv.tpp:104]   --->   Operation 186 'alloca' 'psum' <Predicate = true> <Delay = 0.00>
ST_1 : Operation 187 [1/1] (0.42ns)   --->   "%store_ln0 = store i12 0, i12 %indvar_flatten"   --->   Operation 187 'store' 'store_ln0' <Predicate = true> <Delay = 0.42>
ST_1 : Operation 188 [1/1] (0.42ns)   --->   "%store_ln98 = store i2 0, i2 %kw" [../gen/Hls_Layers_UpConv.tpp:98]   --->   Operation 188 'store' 'store_ln98' <Predicate = true> <Delay = 0.42>
ST_1 : Operation 189 [1/1] (0.42ns)   --->   "%store_ln108 = store i10 0, i10 %m" [../gen/Hls_Layers_UpConv.tpp:108]   --->   Operation 189 'store' 'store_ln108' <Predicate = true> <Delay = 0.42>
ST_1 : Operation 190 [1/1] (0.42ns)   --->   "%store_ln107 = store i32 0, i32 %ci_w" [../gen/Hls_Layers_UpConv.tpp:107]   --->   Operation 190 'store' 'store_ln107' <Predicate = true> <Delay = 0.42>
ST_1 : Operation 191 [1/1] (0.47ns)   --->   "%store_ln107 = store i32 0, i32 %wi" [../gen/Hls_Layers_UpConv.tpp:107]   --->   Operation 191 'store' 'store_ln107' <Predicate = true> <Delay = 0.47>
ST_1 : Operation 192 [1/1] (0.00ns)   --->   "%br_ln98 = br void %TC_MAC" [../gen/Hls_Layers_UpConv.tpp:98]   --->   Operation 192 'br' 'br_ln98' <Predicate = true> <Delay = 0.00>
ST_1 : Operation 193 [1/1] (0.00ns)   --->   "%indvar_flatten_load = load i12 %indvar_flatten" [../gen/Hls_Layers_UpConv.tpp:98]   --->   Operation 193 'load' 'indvar_flatten_load' <Predicate = true> <Delay = 0.00>
ST_1 : Operation 194 [1/1] (0.80ns)   --->   "%icmp_ln98 = icmp_eq  i12 %indvar_flatten_load, i12 2880" [../gen/Hls_Layers_UpConv.tpp:98]   --->   Operation 194 'icmp' 'icmp_ln98' <Predicate = true> <Delay = 0.80> <CoreInst = "Cmp">   --->   Core 9 'Cmp' <Latency = 0> <II = 1> <Delay = 0.80> <FuncUnit> <Opcode : 'seteq' 'setne' 'setle' 'setge' 'setlt' 'setgt'> <InPorts = 2> <OutPorts = 1>
ST_1 : Operation 195 [1/1] (0.80ns)   --->   "%add_ln98 = add i12 %indvar_flatten_load, i12 1" [../gen/Hls_Layers_UpConv.tpp:98]   --->   Operation 195 'add' 'add_ln98' <Predicate = true> <Delay = 0.80> <CoreInst = "Adder">   --->   Core 1 'Adder' <Latency = 0> <II = 1> <Delay = 0.80> <FuncUnit> <Opcode : 'add' 'sub'> <InPorts = 2> <OutPorts = 1>
ST_1 : Operation 196 [1/1] (0.00ns)   --->   "%br_ln98 = br i1 %icmp_ln98, void %fpga_resource_hint.TC_MAC.127, void %cleanup114.loopexit.exitStub" [../gen/Hls_Layers_UpConv.tpp:98]   --->   Operation 196 'br' 'br_ln98' <Predicate = true> <Delay = 0.00>
ST_1 : Operation 197 [1/1] (0.42ns)   --->   "%store_ln98 = store i12 %add_ln98, i12 %indvar_flatten" [../gen/Hls_Layers_UpConv.tpp:98]   --->   Operation 197 'store' 'store_ln98' <Predicate = (!icmp_ln98)> <Delay = 0.42>

State 2 <SV = 1> <Delay = 2.40>
ST_2 : Operation 198 [1/1] (0.00ns)   --->   "%m_load = load i10 %m" [../gen/Hls_Layers_UpConv.tpp:108]   --->   Operation 198 'load' 'm_load' <Predicate = true> <Delay = 0.00>
ST_2 : Operation 199 [1/1] (0.78ns)   --->   "%icmp_ln108 = icmp_eq  i10 %m_load, i10 960" [../gen/Hls_Layers_UpConv.tpp:108]   --->   Operation 199 'icmp' 'icmp_ln108' <Predicate = true> <Delay = 0.78> <CoreInst = "Cmp">   --->   Core 9 'Cmp' <Latency = 0> <II = 1> <Delay = 0.78> <FuncUnit> <Opcode : 'seteq' 'setne' 'setle' 'setge' 'setlt' 'setgt'> <InPorts = 2> <OutPorts = 1>
ST_2 : Operation 200 [1/1] (0.40ns)   --->   "%select_ln98 = select i1 %icmp_ln108, i10 0, i10 %m_load" [../gen/Hls_Layers_UpConv.tpp:98]   --->   Operation 200 'select' 'select_ln98' <Predicate = true> <Delay = 0.40> <CoreInst = "Sel">   --->   Core 73 'Sel' <Latency = 0> <II = 1> <Delay = 0.40> <FuncUnit> <Opcode : 'select'> <InPorts = 3> <OutPorts = 1>
ST_2 : Operation 201 [1/1] (0.78ns)   --->   "%add_ln108 = add i10 %select_ln98, i10 1" [../gen/Hls_Layers_UpConv.tpp:108]   --->   Operation 201 'add' 'add_ln108' <Predicate = true> <Delay = 0.78> <CoreInst = "Adder">   --->   Core 1 'Adder' <Latency = 0> <II = 1> <Delay = 0.78> <FuncUnit> <Opcode : 'add' 'sub'> <InPorts = 2> <OutPorts = 1>
ST_2 : Operation 202 [1/1] (0.42ns)   --->   "%store_ln108 = store i10 %add_ln108, i10 %m" [../gen/Hls_Layers_UpConv.tpp:108]   --->   Operation 202 'store' 'store_ln108' <Predicate = true> <Delay = 0.42>

State 3 <SV = 2> <Delay = 2.35>
ST_3 : Operation 203 [1/1] (0.00ns)   --->   "%ci_w_load = load i32 %ci_w" [../gen/Hls_Layers_UpConv.tpp:98]   --->   Operation 203 'load' 'ci_w_load' <Predicate = (!icmp_ln108)> <Delay = 0.00>
ST_3 : Operation 204 [1/1] (0.00ns)   --->   "%kw_load = load i2 %kw" [../gen/Hls_Layers_UpConv.tpp:98]   --->   Operation 204 'load' 'kw_load' <Predicate = true> <Delay = 0.00>
ST_3 : Operation 205 [1/1] (0.54ns)   --->   "%kw_2 = add i2 %kw_load, i2 1" [../gen/Hls_Layers_UpConv.tpp:98]   --->   Operation 205 'add' 'kw_2' <Predicate = (icmp_ln108)> <Delay = 0.54> <CoreInst = "Adder">   --->   Core 1 'Adder' <Latency = 0> <II = 1> <Delay = 0.54> <FuncUnit> <Opcode : 'add' 'sub'> <InPorts = 2> <OutPorts = 1>
ST_3 : Operation 206 [1/1] (0.44ns)   --->   "%select_ln98_1 = select i1 %icmp_ln108, i32 0, i32 %ci_w_load" [../gen/Hls_Layers_UpConv.tpp:98]   --->   Operation 206 'select' 'select_ln98_1' <Predicate = true> <Delay = 0.44> <CoreInst = "Sel">   --->   Core 73 'Sel' <Latency = 0> <II = 1> <Delay = 0.44> <FuncUnit> <Opcode : 'select'> <InPorts = 3> <OutPorts = 1>
ST_3 : Operation 207 [1/1] (0.17ns)   --->   "%select_ln98_3 = select i1 %icmp_ln108, i2 %kw_2, i2 %kw_load" [../gen/Hls_Layers_UpConv.tpp:98]   --->   Operation 207 'select' 'select_ln98_3' <Predicate = true> <Delay = 0.17> <CoreInst = "Sel">   --->   Core 73 'Sel' <Latency = 0> <II = 1> <Delay = 0.17> <FuncUnit> <Opcode : 'select'> <InPorts = 3> <OutPorts = 1>
ST_3 : Operation 208 [1/1] (0.00ns)   --->   "%zext_ln98 = zext i2 %select_ln98_3" [../gen/Hls_Layers_UpConv.tpp:98]   --->   Operation 208 'zext' 'zext_ln98' <Predicate = true> <Delay = 0.00>
ST_3 : Operation 209 [1/1] (0.67ns)   --->   "%k = add i4 %mul13_cast, i4 %zext_ln98" [../gen/Hls_Layers_UpConv.tpp:99]   --->   Operation 209 'add' 'k' <Predicate = true> <Delay = 0.67> <CoreInst = "Adder">   --->   Core 1 'Adder' <Latency = 0> <II = 1> <Delay = 0.67> <FuncUnit> <Opcode : 'add' 'sub'> <InPorts = 2> <OutPorts = 1>
ST_3 : Operation 210 [1/1] (0.00ns)   --->   "%p_shl2 = bitconcatenate i10 @_ssdm_op_BitConcatenate.i10.i4.i6, i4 %k, i6 0" [../gen/Hls_Layers_UpConv.tpp:102]   --->   Operation 210 'bitconcatenate' 'p_shl2' <Predicate = true> <Delay = 0.00>
ST_3 : Operation 211 [1/1] (0.00ns)   --->   "%tmp_7 = bitconcatenate i6 @_ssdm_op_BitConcatenate.i6.i4.i2, i4 %k, i2 0" [../gen/Hls_Layers_UpConv.tpp:102]   --->   Operation 211 'bitconcatenate' 'tmp_7' <Predicate = true> <Delay = 0.00>
ST_3 : Operation 212 [1/1] (0.00ns)   --->   "%zext_ln102 = zext i6 %tmp_7" [../gen/Hls_Layers_UpConv.tpp:102]   --->   Operation 212 'zext' 'zext_ln102' <Predicate = true> <Delay = 0.00>
ST_3 : Operation 213 [1/1] (0.00ns) (grouped into TernaryAdder)   --->   "%w_off = sub i10 %p_shl2, i10 %zext_ln102" [../gen/Hls_Layers_UpConv.tpp:102]   --->   Operation 213 'sub' 'w_off' <Predicate = true> <Delay = 0.00> <CoreInst = "TAddSub">   --->   Core 10 'TAddSub' <Latency = 0> <II = 1> <Delay = 0.48> <IPBlock> <Opcode : '' 'add' 'sub'> <InPorts = 3> <OutPorts = 1> <Sync> <CReg>
ST_3 : Operation 214 [1/1] (0.00ns)   --->   "%trunc_ln108 = trunc i32 %select_ln98_1" [../gen/Hls_Layers_UpConv.tpp:108]   --->   Operation 214 'trunc' 'trunc_ln108' <Predicate = true> <Delay = 0.00>
ST_3 : Operation 215 [1/1] (0.00ns)   --->   "%trunc_ln108_1 = trunc i32 %select_ln98_1" [../gen/Hls_Layers_UpConv.tpp:108]   --->   Operation 215 'trunc' 'trunc_ln108_1' <Predicate = true> <Delay = 0.00>
ST_3 : Operation 216 [1/1] (0.96ns) (root node of TernaryAdder)   --->   "%add29 = add i10 %trunc_ln108, i10 %w_off" [../gen/Hls_Layers_UpConv.tpp:108]   --->   Operation 216 'add' 'add29' <Predicate = true> <Delay = 0.96> <CoreInst = "TAddSub">   --->   Core 10 'TAddSub' <Latency = 0> <II = 1> <Delay = 0.48> <IPBlock> <Opcode : '' 'add' 'sub'> <InPorts = 3> <OutPorts = 1> <Sync> <CReg>
ST_3 : Operation 217 [1/1] (0.00ns)   --->   "%tmp_8 = partselect i30 @_ssdm_op_PartSelect.i30.i32.i32.i32, i32 %select_ln98_1, i32 2, i32 31" [../gen/Hls_Layers_UpConv.tpp:98]   --->   Operation 217 'partselect' 'tmp_8' <Predicate = true> <Delay = 0.00>
ST_3 : Operation 218 [1/1] (0.99ns)   --->   "%icmp157 = icmp_slt  i30 %tmp_8, i30 1" [../gen/Hls_Layers_UpConv.tpp:98]   --->   Operation 218 'icmp' 'icmp157' <Predicate = true> <Delay = 0.99> <CoreInst = "Cmp">   --->   Core 9 'Cmp' <Latency = 0> <II = 1> <Delay = 0.99> <FuncUnit> <Opcode : 'seteq' 'setne' 'setle' 'setge' 'setlt' 'setgt'> <InPorts = 2> <OutPorts = 1>
ST_3 : Operation 219 [1/1] (0.54ns)   --->   "%switch_ln108 = switch i2 %trunc_ln108_1, void %arrayidx567.7.case.3, i2 0, void %arrayidx567.7.case.0, i2 1, void %arrayidx567.7.case.1, i2 2, void %arrayidx567.7.case.2" [../gen/Hls_Layers_UpConv.tpp:108]   --->   Operation 219 'switch' 'switch_ln108' <Predicate = true> <Delay = 0.54>
ST_3 : Operation 220 [1/1] (1.01ns)   --->   "%icmp_ln132 = icmp_eq  i32 %select_ln98_1, i32 59" [../gen/Hls_Layers_UpConv.tpp:132]   --->   Operation 220 'icmp' 'icmp_ln132' <Predicate = true> <Delay = 1.01> <CoreInst = "Cmp">   --->   Core 9 'Cmp' <Latency = 0> <II = 1> <Delay = 1.01> <FuncUnit> <Opcode : 'seteq' 'setne' 'setle' 'setge' 'setlt' 'setgt'> <InPorts = 2> <OutPorts = 1>
ST_3 : Operation 221 [1/1] (0.00ns)   --->   "%br_ln132 = br i1 %icmp_ln132, void %if.else105, void %if.then63" [../gen/Hls_Layers_UpConv.tpp:132]   --->   Operation 221 'br' 'br_ln132' <Predicate = true> <Delay = 0.00>
ST_3 : Operation 222 [1/1] (1.01ns)   --->   "%ci_w_1 = add i32 %select_ln98_1, i32 1" [../gen/Hls_Layers_UpConv.tpp:145]   --->   Operation 222 'add' 'ci_w_1' <Predicate = (!icmp_ln132)> <Delay = 1.01> <CoreInst = "Adder">   --->   Core 1 'Adder' <Latency = 0> <II = 1> <Delay = 1.01> <FuncUnit> <Opcode : 'add' 'sub'> <InPorts = 2> <OutPorts = 1>
ST_3 : Operation 223 [1/1] (0.42ns)   --->   "%store_ln107 = store i32 %ci_w_1, i32 %ci_w" [../gen/Hls_Layers_UpConv.tpp:107]   --->   Operation 223 'store' 'store_ln107' <Predicate = (!icmp_ln132)> <Delay = 0.42>
ST_3 : Operation 224 [1/1] (0.42ns)   --->   "%store_ln107 = store i32 0, i32 %ci_w" [../gen/Hls_Layers_UpConv.tpp:107]   --->   Operation 224 'store' 'store_ln107' <Predicate = (icmp_ln132)> <Delay = 0.42>
ST_3 : Operation 225 [1/1] (0.42ns)   --->   "%store_ln98 = store i2 %select_ln98_3, i2 %kw" [../gen/Hls_Layers_UpConv.tpp:98]   --->   Operation 225 'store' 'store_ln98' <Predicate = true> <Delay = 0.42>
ST_3 : Operation 226 [1/1] (0.00ns)   --->   "%br_ln108 = br void %TC_MAC" [../gen/Hls_Layers_UpConv.tpp:108]   --->   Operation 226 'br' 'br_ln108' <Predicate = true> <Delay = 0.00>

State 4 <SV = 3> <Delay = 2.03>
ST_4 : Operation 227 [1/1] (0.00ns)   --->   "%zext_ln108 = zext i10 %select_ln98" [../gen/Hls_Layers_UpConv.tpp:108]   --->   Operation 227 'zext' 'zext_ln108' <Predicate = true> <Delay = 0.00>
ST_4 : Operation 228 [1/1] (0.79ns)   --->   "%add_ln113 = add i11 %x_base_read, i11 %zext_ln108" [../gen/Hls_Layers_UpConv.tpp:113]   --->   Operation 228 'add' 'add_ln113' <Predicate = true> <Delay = 0.79> <CoreInst = "Adder">   --->   Core 1 'Adder' <Latency = 0> <II = 1> <Delay = 0.79> <FuncUnit> <Opcode : 'add' 'sub'> <InPorts = 2> <OutPorts = 1>
ST_4 : Operation 229 [1/1] (0.00ns)   --->   "%zext_ln113 = zext i11 %add_ln113" [../gen/Hls_Layers_UpConv.tpp:113]   --->   Operation 229 'zext' 'zext_ln113' <Predicate = true> <Delay = 0.00>
ST_4 : Operation 230 [1/1] (0.00ns)   --->   "%x_buf_addr = getelementptr i256 %x_buf, i64 0, i64 %zext_ln113" [../gen/Hls_Layers_UpConv.tpp:113]   --->   Operation 230 'getelementptr' 'x_buf_addr' <Predicate = true> <Delay = 0.00>
ST_4 : Operation 231 [2/2] (1.23ns)   --->   "%x_word = load i11 %x_buf_addr" [../gen/Hls_Layers_UpConv.tpp:113]   --->   Operation 231 'load' 'x_word' <Predicate = true> <Delay = 1.23> <CoreInst = "RAM_T2P_URAM">   --->   Core 99 'RAM_T2P_URAM' <Latency = 1> <II = 1> <Delay = 1.23> <Storage> <Opcode : 'load' 'store'> <Ports = 2> <Width = 256> <Depth = 1920> <RAM>
ST_4 : Operation 232 [1/1] (0.00ns)   --->   "%idxprom30 = zext i10 %add29" [../gen/Hls_Layers_UpConv.tpp:108]   --->   Operation 232 'zext' 'idxprom30' <Predicate = true> <Delay = 0.00>
ST_4 : Operation 233 [1/1] (0.00ns)   --->   "%wbuf_0_addr = getelementptr i256 %wbuf_0, i64 0, i64 %idxprom30" [../gen/Hls_Layers_UpConv.tpp:117]   --->   Operation 233 'getelementptr' 'wbuf_0_addr' <Predicate = true> <Delay = 0.00>
ST_4 : Operation 234 [2/2] (1.23ns)   --->   "%w_word = load i10 %wbuf_0_addr" [../gen/Hls_Layers_UpConv.tpp:117]   --->   Operation 234 'load' 'w_word' <Predicate = true> <Delay = 1.23> <CoreInst = "RAM_T2P_URAM">   --->   Core 99 'RAM_T2P_URAM' <Latency = 1> <II = 1> <Delay = 1.23> <Storage> <Opcode : 'load' 'store'> <Ports = 2> <Width = 256> <Depth = 540> <RAM>
ST_4 : Operation 235 [1/1] (0.00ns)   --->   "%wbuf_1_addr = getelementptr i256 %wbuf_1, i64 0, i64 %idxprom30" [../gen/Hls_Layers_UpConv.tpp:117]   --->   Operation 235 'getelementptr' 'wbuf_1_addr' <Predicate = true> <Delay = 0.00>
ST_4 : Operation 236 [2/2] (1.23ns)   --->   "%w_word_1 = load i10 %wbuf_1_addr" [../gen/Hls_Layers_UpConv.tpp:117]   --->   Operation 236 'load' 'w_word_1' <Predicate = true> <Delay = 1.23> <CoreInst = "RAM_T2P_URAM">   --->   Core 99 'RAM_T2P_URAM' <Latency = 1> <II = 1> <Delay = 1.23> <Storage> <Opcode : 'load' 'store'> <Ports = 2> <Width = 256> <Depth = 540> <RAM>
ST_4 : Operation 237 [1/1] (0.00ns)   --->   "%wbuf_2_addr = getelementptr i256 %wbuf_2, i64 0, i64 %idxprom30" [../gen/Hls_Layers_UpConv.tpp:117]   --->   Operation 237 'getelementptr' 'wbuf_2_addr' <Predicate = true> <Delay = 0.00>
ST_4 : Operation 238 [2/2] (1.23ns)   --->   "%w_word_2 = load i10 %wbuf_2_addr" [../gen/Hls_Layers_UpConv.tpp:117]   --->   Operation 238 'load' 'w_word_2' <Predicate = true> <Delay = 1.23> <CoreInst = "RAM_T2P_URAM">   --->   Core 99 'RAM_T2P_URAM' <Latency = 1> <II = 1> <Delay = 1.23> <Storage> <Opcode : 'load' 'store'> <Ports = 2> <Width = 256> <Depth = 540> <RAM>
ST_4 : Operation 239 [1/1] (0.00ns)   --->   "%wbuf_3_addr = getelementptr i256 %wbuf_3, i64 0, i64 %idxprom30" [../gen/Hls_Layers_UpConv.tpp:117]   --->   Operation 239 'getelementptr' 'wbuf_3_addr' <Predicate = true> <Delay = 0.00>
ST_4 : Operation 240 [2/2] (1.23ns)   --->   "%w_word_3 = load i10 %wbuf_3_addr" [../gen/Hls_Layers_UpConv.tpp:117]   --->   Operation 240 'load' 'w_word_3' <Predicate = true> <Delay = 1.23> <CoreInst = "RAM_T2P_URAM">   --->   Core 99 'RAM_T2P_URAM' <Latency = 1> <II = 1> <Delay = 1.23> <Storage> <Opcode : 'load' 'store'> <Ports = 2> <Width = 256> <Depth = 540> <RAM>
ST_4 : Operation 241 [1/1] (0.00ns)   --->   "%wbuf_4_addr = getelementptr i256 %wbuf_4, i64 0, i64 %idxprom30" [../gen/Hls_Layers_UpConv.tpp:117]   --->   Operation 241 'getelementptr' 'wbuf_4_addr' <Predicate = true> <Delay = 0.00>
ST_4 : Operation 242 [2/2] (1.23ns)   --->   "%w_word_4 = load i10 %wbuf_4_addr" [../gen/Hls_Layers_UpConv.tpp:117]   --->   Operation 242 'load' 'w_word_4' <Predicate = true> <Delay = 1.23> <CoreInst = "RAM_T2P_URAM">   --->   Core 99 'RAM_T2P_URAM' <Latency = 1> <II = 1> <Delay = 1.23> <Storage> <Opcode : 'load' 'store'> <Ports = 2> <Width = 256> <Depth = 540> <RAM>
ST_4 : Operation 243 [1/1] (0.00ns)   --->   "%wbuf_5_addr = getelementptr i256 %wbuf_5, i64 0, i64 %idxprom30" [../gen/Hls_Layers_UpConv.tpp:117]   --->   Operation 243 'getelementptr' 'wbuf_5_addr' <Predicate = true> <Delay = 0.00>
ST_4 : Operation 244 [2/2] (1.23ns)   --->   "%w_word_5 = load i10 %wbuf_5_addr" [../gen/Hls_Layers_UpConv.tpp:117]   --->   Operation 244 'load' 'w_word_5' <Predicate = true> <Delay = 1.23> <CoreInst = "RAM_T2P_URAM">   --->   Core 99 'RAM_T2P_URAM' <Latency = 1> <II = 1> <Delay = 1.23> <Storage> <Opcode : 'load' 'store'> <Ports = 2> <Width = 256> <Depth = 540> <RAM>
ST_4 : Operation 245 [1/1] (0.00ns)   --->   "%wbuf_6_addr = getelementptr i256 %wbuf_6, i64 0, i64 %idxprom30" [../gen/Hls_Layers_UpConv.tpp:117]   --->   Operation 245 'getelementptr' 'wbuf_6_addr' <Predicate = true> <Delay = 0.00>
ST_4 : Operation 246 [2/2] (1.23ns)   --->   "%w_word_6 = load i10 %wbuf_6_addr" [../gen/Hls_Layers_UpConv.tpp:117]   --->   Operation 246 'load' 'w_word_6' <Predicate = true> <Delay = 1.23> <CoreInst = "RAM_T2P_URAM">   --->   Core 99 'RAM_T2P_URAM' <Latency = 1> <II = 1> <Delay = 1.23> <Storage> <Opcode : 'load' 'store'> <Ports = 2> <Width = 256> <Depth = 540> <RAM>
ST_4 : Operation 247 [1/1] (0.00ns)   --->   "%wbuf_7_addr = getelementptr i256 %wbuf_7, i64 0, i64 %idxprom30" [../gen/Hls_Layers_UpConv.tpp:117]   --->   Operation 247 'getelementptr' 'wbuf_7_addr' <Predicate = true> <Delay = 0.00>
ST_4 : Operation 248 [2/2] (1.23ns)   --->   "%w_word_7 = load i10 %wbuf_7_addr" [../gen/Hls_Layers_UpConv.tpp:117]   --->   Operation 248 'load' 'w_word_7' <Predicate = true> <Delay = 1.23> <CoreInst = "RAM_T2P_URAM">   --->   Core 99 'RAM_T2P_URAM' <Latency = 1> <II = 1> <Delay = 1.23> <Storage> <Opcode : 'load' 'store'> <Ports = 2> <Width = 256> <Depth = 540> <RAM>

State 5 <SV = 4> <Delay = 1.23>
ST_5 : Operation 249 [1/2] ( I:1.23ns O:1.23ns )   --->   "%x_word = load i11 %x_buf_addr" [../gen/Hls_Layers_UpConv.tpp:113]   --->   Operation 249 'load' 'x_word' <Predicate = true> <Delay = 1.23> <CoreInst = "RAM_T2P_URAM">   --->   Core 99 'RAM_T2P_URAM' <Latency = 1> <II = 1> <Delay = 1.23> <Storage> <Opcode : 'load' 'store'> <Ports = 2> <Width = 256> <Depth = 1920> <RAM>
ST_5 : Operation 250 [1/2] ( I:1.23ns O:1.23ns )   --->   "%w_word = load i10 %wbuf_0_addr" [../gen/Hls_Layers_UpConv.tpp:117]   --->   Operation 250 'load' 'w_word' <Predicate = true> <Delay = 1.23> <CoreInst = "RAM_T2P_URAM">   --->   Core 99 'RAM_T2P_URAM' <Latency = 1> <II = 1> <Delay = 1.23> <Storage> <Opcode : 'load' 'store'> <Ports = 2> <Width = 256> <Depth = 540> <RAM>
ST_5 : Operation 251 [1/1] (0.00ns)   --->   "%u = trunc i256 %x_word" [../gen/Hls_Layers_UpConv.tpp:121]   --->   Operation 251 'trunc' 'u' <Predicate = true> <Delay = 0.00>
ST_5 : Operation 252 [1/1] (0.00ns)   --->   "%u_1 = trunc i256 %w_word" [../gen/Hls_Layers_UpConv.tpp:122]   --->   Operation 252 'trunc' 'u_1' <Predicate = true> <Delay = 0.00>
ST_5 : Operation 253 [1/1] (0.00ns)   --->   "%u_2 = partselect i16 @_ssdm_op_PartSelect.i16.i256.i32, i256 %x_word, i32 16" [../gen/Hls_Layers_UpConv.tpp:121]   --->   Operation 253 'partselect' 'u_2' <Predicate = true> <Delay = 0.00>
ST_5 : Operation 254 [1/1] (0.00ns)   --->   "%u_3 = partselect i16 @_ssdm_op_PartSelect.i16.i256.i32, i256 %w_word, i32 16" [../gen/Hls_Layers_UpConv.tpp:122]   --->   Operation 254 'partselect' 'u_3' <Predicate = true> <Delay = 0.00>
ST_5 : Operation 255 [1/1] (0.00ns)   --->   "%u_4 = partselect i16 @_ssdm_op_PartSelect.i16.i256.i32, i256 %x_word, i32 32" [../gen/Hls_Layers_UpConv.tpp:121]   --->   Operation 255 'partselect' 'u_4' <Predicate = true> <Delay = 0.00>
ST_5 : Operation 256 [1/1] (0.00ns)   --->   "%u_5 = partselect i16 @_ssdm_op_PartSelect.i16.i256.i32, i256 %w_word, i32 32" [../gen/Hls_Layers_UpConv.tpp:122]   --->   Operation 256 'partselect' 'u_5' <Predicate = true> <Delay = 0.00>
ST_5 : Operation 257 [1/1] (0.00ns)   --->   "%u_6 = partselect i16 @_ssdm_op_PartSelect.i16.i256.i32, i256 %x_word, i32 48" [../gen/Hls_Layers_UpConv.tpp:121]   --->   Operation 257 'partselect' 'u_6' <Predicate = true> <Delay = 0.00>
ST_5 : Operation 258 [1/1] (0.00ns)   --->   "%u_7 = partselect i16 @_ssdm_op_PartSelect.i16.i256.i32, i256 %w_word, i32 48" [../gen/Hls_Layers_UpConv.tpp:122]   --->   Operation 258 'partselect' 'u_7' <Predicate = true> <Delay = 0.00>
ST_5 : Operation 259 [1/1] (0.00ns)   --->   "%u_8 = partselect i16 @_ssdm_op_PartSelect.i16.i256.i32, i256 %x_word, i32 64" [../gen/Hls_Layers_UpConv.tpp:121]   --->   Operation 259 'partselect' 'u_8' <Predicate = true> <Delay = 0.00>
ST_5 : Operation 260 [1/1] (0.00ns)   --->   "%u_9 = partselect i16 @_ssdm_op_PartSelect.i16.i256.i32, i256 %w_word, i32 64" [../gen/Hls_Layers_UpConv.tpp:122]   --->   Operation 260 'partselect' 'u_9' <Predicate = true> <Delay = 0.00>
ST_5 : Operation 261 [1/1] (0.00ns)   --->   "%u_10 = partselect i16 @_ssdm_op_PartSelect.i16.i256.i32, i256 %x_word, i32 80" [../gen/Hls_Layers_UpConv.tpp:121]   --->   Operation 261 'partselect' 'u_10' <Predicate = true> <Delay = 0.00>
ST_5 : Operation 262 [1/1] (0.00ns)   --->   "%u_11 = partselect i16 @_ssdm_op_PartSelect.i16.i256.i32, i256 %w_word, i32 80" [../gen/Hls_Layers_UpConv.tpp:122]   --->   Operation 262 'partselect' 'u_11' <Predicate = true> <Delay = 0.00>
ST_5 : Operation 263 [1/1] (0.00ns)   --->   "%u_12 = partselect i16 @_ssdm_op_PartSelect.i16.i256.i32, i256 %x_word, i32 96" [../gen/Hls_Layers_UpConv.tpp:121]   --->   Operation 263 'partselect' 'u_12' <Predicate = true> <Delay = 0.00>
ST_5 : Operation 264 [1/1] (0.00ns)   --->   "%u_13 = partselect i16 @_ssdm_op_PartSelect.i16.i256.i32, i256 %w_word, i32 96" [../gen/Hls_Layers_UpConv.tpp:122]   --->   Operation 264 'partselect' 'u_13' <Predicate = true> <Delay = 0.00>
ST_5 : Operation 265 [1/1] (0.00ns)   --->   "%u_14 = partselect i16 @_ssdm_op_PartSelect.i16.i256.i32, i256 %x_word, i32 112" [../gen/Hls_Layers_UpConv.tpp:121]   --->   Operation 265 'partselect' 'u_14' <Predicate = true> <Delay = 0.00>
ST_5 : Operation 266 [1/1] (0.00ns)   --->   "%u_15 = partselect i16 @_ssdm_op_PartSelect.i16.i256.i32, i256 %w_word, i32 112" [../gen/Hls_Layers_UpConv.tpp:122]   --->   Operation 266 'partselect' 'u_15' <Predicate = true> <Delay = 0.00>
ST_5 : Operation 267 [1/1] (0.00ns)   --->   "%u_16 = partselect i16 @_ssdm_op_PartSelect.i16.i256.i32, i256 %x_word, i32 128" [../gen/Hls_Layers_UpConv.tpp:121]   --->   Operation 267 'partselect' 'u_16' <Predicate = true> <Delay = 0.00>
ST_5 : Operation 268 [1/1] (0.00ns)   --->   "%u_17 = partselect i16 @_ssdm_op_PartSelect.i16.i256.i32, i256 %w_word, i32 128" [../gen/Hls_Layers_UpConv.tpp:122]   --->   Operation 268 'partselect' 'u_17' <Predicate = true> <Delay = 0.00>
ST_5 : Operation 269 [1/1] (0.00ns)   --->   "%u_18 = partselect i16 @_ssdm_op_PartSelect.i16.i256.i32, i256 %x_word, i32 144" [../gen/Hls_Layers_UpConv.tpp:121]   --->   Operation 269 'partselect' 'u_18' <Predicate = true> <Delay = 0.00>
ST_5 : Operation 270 [1/1] (0.00ns)   --->   "%u_19 = partselect i16 @_ssdm_op_PartSelect.i16.i256.i32, i256 %w_word, i32 144" [../gen/Hls_Layers_UpConv.tpp:122]   --->   Operation 270 'partselect' 'u_19' <Predicate = true> <Delay = 0.00>
ST_5 : Operation 271 [1/1] (0.00ns)   --->   "%u_20 = partselect i16 @_ssdm_op_PartSelect.i16.i256.i32, i256 %x_word, i32 160" [../gen/Hls_Layers_UpConv.tpp:121]   --->   Operation 271 'partselect' 'u_20' <Predicate = true> <Delay = 0.00>
ST_5 : Operation 272 [1/1] (0.00ns)   --->   "%u_21 = partselect i16 @_ssdm_op_PartSelect.i16.i256.i32, i256 %w_word, i32 160" [../gen/Hls_Layers_UpConv.tpp:122]   --->   Operation 272 'partselect' 'u_21' <Predicate = true> <Delay = 0.00>
ST_5 : Operation 273 [1/1] (0.00ns)   --->   "%u_22 = partselect i16 @_ssdm_op_PartSelect.i16.i256.i32, i256 %x_word, i32 176" [../gen/Hls_Layers_UpConv.tpp:121]   --->   Operation 273 'partselect' 'u_22' <Predicate = true> <Delay = 0.00>
ST_5 : Operation 274 [1/1] (0.00ns)   --->   "%u_23 = partselect i16 @_ssdm_op_PartSelect.i16.i256.i32, i256 %w_word, i32 176" [../gen/Hls_Layers_UpConv.tpp:122]   --->   Operation 274 'partselect' 'u_23' <Predicate = true> <Delay = 0.00>
ST_5 : Operation 275 [1/1] (0.00ns)   --->   "%u_24 = partselect i16 @_ssdm_op_PartSelect.i16.i256.i32, i256 %x_word, i32 192" [../gen/Hls_Layers_UpConv.tpp:121]   --->   Operation 275 'partselect' 'u_24' <Predicate = true> <Delay = 0.00>
ST_5 : Operation 276 [1/1] (0.00ns)   --->   "%u_25 = partselect i16 @_ssdm_op_PartSelect.i16.i256.i32, i256 %w_word, i32 192" [../gen/Hls_Layers_UpConv.tpp:122]   --->   Operation 276 'partselect' 'u_25' <Predicate = true> <Delay = 0.00>
ST_5 : Operation 277 [1/1] (0.00ns)   --->   "%u_26 = partselect i16 @_ssdm_op_PartSelect.i16.i256.i32, i256 %x_word, i32 208" [../gen/Hls_Layers_UpConv.tpp:121]   --->   Operation 277 'partselect' 'u_26' <Predicate = true> <Delay = 0.00>
ST_5 : Operation 278 [1/1] (0.00ns)   --->   "%u_27 = partselect i16 @_ssdm_op_PartSelect.i16.i256.i32, i256 %w_word, i32 208" [../gen/Hls_Layers_UpConv.tpp:122]   --->   Operation 278 'partselect' 'u_27' <Predicate = true> <Delay = 0.00>
ST_5 : Operation 279 [1/1] (0.00ns)   --->   "%u_28 = partselect i16 @_ssdm_op_PartSelect.i16.i256.i32, i256 %x_word, i32 224" [../gen/Hls_Layers_UpConv.tpp:121]   --->   Operation 279 'partselect' 'u_28' <Predicate = true> <Delay = 0.00>
ST_5 : Operation 280 [1/1] (0.00ns)   --->   "%u_29 = partselect i16 @_ssdm_op_PartSelect.i16.i256.i32, i256 %w_word, i32 224" [../gen/Hls_Layers_UpConv.tpp:122]   --->   Operation 280 'partselect' 'u_29' <Predicate = true> <Delay = 0.00>
ST_5 : Operation 281 [1/1] (0.00ns)   --->   "%u_30 = partselect i16 @_ssdm_op_PartSelect.i16.i256.i32, i256 %x_word, i32 240" [../gen/Hls_Layers_UpConv.tpp:121]   --->   Operation 281 'partselect' 'u_30' <Predicate = true> <Delay = 0.00>
ST_5 : Operation 282 [1/1] (0.00ns)   --->   "%u_31 = partselect i16 @_ssdm_op_PartSelect.i16.i256.i32, i256 %w_word, i32 240" [../gen/Hls_Layers_UpConv.tpp:122]   --->   Operation 282 'partselect' 'u_31' <Predicate = true> <Delay = 0.00>
ST_5 : Operation 283 [1/2] ( I:1.23ns O:1.23ns )   --->   "%w_word_1 = load i10 %wbuf_1_addr" [../gen/Hls_Layers_UpConv.tpp:117]   --->   Operation 283 'load' 'w_word_1' <Predicate = true> <Delay = 1.23> <CoreInst = "RAM_T2P_URAM">   --->   Core 99 'RAM_T2P_URAM' <Latency = 1> <II = 1> <Delay = 1.23> <Storage> <Opcode : 'load' 'store'> <Ports = 2> <Width = 256> <Depth = 540> <RAM>
ST_5 : Operation 284 [1/1] (0.00ns)   --->   "%u_136 = trunc i256 %w_word_1" [../gen/Hls_Layers_UpConv.tpp:122]   --->   Operation 284 'trunc' 'u_136' <Predicate = true> <Delay = 0.00>
ST_5 : Operation 285 [1/1] (0.00ns)   --->   "%u_137 = partselect i16 @_ssdm_op_PartSelect.i16.i256.i32, i256 %w_word_1, i32 16" [../gen/Hls_Layers_UpConv.tpp:122]   --->   Operation 285 'partselect' 'u_137' <Predicate = true> <Delay = 0.00>
ST_5 : Operation 286 [1/1] (0.00ns)   --->   "%u_32 = partselect i16 @_ssdm_op_PartSelect.i16.i256.i32, i256 %w_word_1, i32 32" [../gen/Hls_Layers_UpConv.tpp:122]   --->   Operation 286 'partselect' 'u_32' <Predicate = true> <Delay = 0.00>
ST_5 : Operation 287 [1/1] (0.00ns)   --->   "%u_33 = partselect i16 @_ssdm_op_PartSelect.i16.i256.i32, i256 %w_word_1, i32 48" [../gen/Hls_Layers_UpConv.tpp:122]   --->   Operation 287 'partselect' 'u_33' <Predicate = true> <Delay = 0.00>
ST_5 : Operation 288 [1/1] (0.00ns)   --->   "%u_34 = partselect i16 @_ssdm_op_PartSelect.i16.i256.i32, i256 %w_word_1, i32 64" [../gen/Hls_Layers_UpConv.tpp:122]   --->   Operation 288 'partselect' 'u_34' <Predicate = true> <Delay = 0.00>
ST_5 : Operation 289 [1/1] (0.00ns)   --->   "%u_35 = partselect i16 @_ssdm_op_PartSelect.i16.i256.i32, i256 %w_word_1, i32 80" [../gen/Hls_Layers_UpConv.tpp:122]   --->   Operation 289 'partselect' 'u_35' <Predicate = true> <Delay = 0.00>
ST_5 : Operation 290 [1/1] (0.00ns)   --->   "%u_36 = partselect i16 @_ssdm_op_PartSelect.i16.i256.i32, i256 %w_word_1, i32 96" [../gen/Hls_Layers_UpConv.tpp:122]   --->   Operation 290 'partselect' 'u_36' <Predicate = true> <Delay = 0.00>
ST_5 : Operation 291 [1/1] (0.00ns)   --->   "%u_37 = partselect i16 @_ssdm_op_PartSelect.i16.i256.i32, i256 %w_word_1, i32 112" [../gen/Hls_Layers_UpConv.tpp:122]   --->   Operation 291 'partselect' 'u_37' <Predicate = true> <Delay = 0.00>
ST_5 : Operation 292 [1/1] (0.00ns)   --->   "%u_38 = partselect i16 @_ssdm_op_PartSelect.i16.i256.i32, i256 %w_word_1, i32 128" [../gen/Hls_Layers_UpConv.tpp:122]   --->   Operation 292 'partselect' 'u_38' <Predicate = true> <Delay = 0.00>
ST_5 : Operation 293 [1/1] (0.00ns)   --->   "%u_39 = partselect i16 @_ssdm_op_PartSelect.i16.i256.i32, i256 %w_word_1, i32 144" [../gen/Hls_Layers_UpConv.tpp:122]   --->   Operation 293 'partselect' 'u_39' <Predicate = true> <Delay = 0.00>
ST_5 : Operation 294 [1/1] (0.00ns)   --->   "%u_40 = partselect i16 @_ssdm_op_PartSelect.i16.i256.i32, i256 %w_word_1, i32 160" [../gen/Hls_Layers_UpConv.tpp:122]   --->   Operation 294 'partselect' 'u_40' <Predicate = true> <Delay = 0.00>
ST_5 : Operation 295 [1/1] (0.00ns)   --->   "%u_41 = partselect i16 @_ssdm_op_PartSelect.i16.i256.i32, i256 %w_word_1, i32 176" [../gen/Hls_Layers_UpConv.tpp:122]   --->   Operation 295 'partselect' 'u_41' <Predicate = true> <Delay = 0.00>
ST_5 : Operation 296 [1/1] (0.00ns)   --->   "%u_42 = partselect i16 @_ssdm_op_PartSelect.i16.i256.i32, i256 %w_word_1, i32 192" [../gen/Hls_Layers_UpConv.tpp:122]   --->   Operation 296 'partselect' 'u_42' <Predicate = true> <Delay = 0.00>
ST_5 : Operation 297 [1/1] (0.00ns)   --->   "%u_43 = partselect i16 @_ssdm_op_PartSelect.i16.i256.i32, i256 %w_word_1, i32 208" [../gen/Hls_Layers_UpConv.tpp:122]   --->   Operation 297 'partselect' 'u_43' <Predicate = true> <Delay = 0.00>
ST_5 : Operation 298 [1/1] (0.00ns)   --->   "%u_44 = partselect i16 @_ssdm_op_PartSelect.i16.i256.i32, i256 %w_word_1, i32 224" [../gen/Hls_Layers_UpConv.tpp:122]   --->   Operation 298 'partselect' 'u_44' <Predicate = true> <Delay = 0.00>
ST_5 : Operation 299 [1/1] (0.00ns)   --->   "%u_45 = partselect i16 @_ssdm_op_PartSelect.i16.i256.i32, i256 %w_word_1, i32 240" [../gen/Hls_Layers_UpConv.tpp:122]   --->   Operation 299 'partselect' 'u_45' <Predicate = true> <Delay = 0.00>
ST_5 : Operation 300 [1/2] ( I:1.23ns O:1.23ns )   --->   "%w_word_2 = load i10 %wbuf_2_addr" [../gen/Hls_Layers_UpConv.tpp:117]   --->   Operation 300 'load' 'w_word_2' <Predicate = true> <Delay = 1.23> <CoreInst = "RAM_T2P_URAM">   --->   Core 99 'RAM_T2P_URAM' <Latency = 1> <II = 1> <Delay = 1.23> <Storage> <Opcode : 'load' 'store'> <Ports = 2> <Width = 256> <Depth = 540> <RAM>
ST_5 : Operation 301 [1/1] (0.00ns)   --->   "%u_138 = trunc i256 %w_word_2" [../gen/Hls_Layers_UpConv.tpp:122]   --->   Operation 301 'trunc' 'u_138' <Predicate = true> <Delay = 0.00>
ST_5 : Operation 302 [1/1] (0.00ns)   --->   "%u_46 = partselect i16 @_ssdm_op_PartSelect.i16.i256.i32, i256 %w_word_2, i32 16" [../gen/Hls_Layers_UpConv.tpp:122]   --->   Operation 302 'partselect' 'u_46' <Predicate = true> <Delay = 0.00>
ST_5 : Operation 303 [1/1] (0.00ns)   --->   "%u_47 = partselect i16 @_ssdm_op_PartSelect.i16.i256.i32, i256 %w_word_2, i32 32" [../gen/Hls_Layers_UpConv.tpp:122]   --->   Operation 303 'partselect' 'u_47' <Predicate = true> <Delay = 0.00>
ST_5 : Operation 304 [1/1] (0.00ns)   --->   "%u_48 = partselect i16 @_ssdm_op_PartSelect.i16.i256.i32, i256 %w_word_2, i32 48" [../gen/Hls_Layers_UpConv.tpp:122]   --->   Operation 304 'partselect' 'u_48' <Predicate = true> <Delay = 0.00>
ST_5 : Operation 305 [1/1] (0.00ns)   --->   "%u_49 = partselect i16 @_ssdm_op_PartSelect.i16.i256.i32, i256 %w_word_2, i32 64" [../gen/Hls_Layers_UpConv.tpp:122]   --->   Operation 305 'partselect' 'u_49' <Predicate = true> <Delay = 0.00>
ST_5 : Operation 306 [1/1] (0.00ns)   --->   "%u_50 = partselect i16 @_ssdm_op_PartSelect.i16.i256.i32, i256 %w_word_2, i32 80" [../gen/Hls_Layers_UpConv.tpp:122]   --->   Operation 306 'partselect' 'u_50' <Predicate = true> <Delay = 0.00>
ST_5 : Operation 307 [1/1] (0.00ns)   --->   "%u_51 = partselect i16 @_ssdm_op_PartSelect.i16.i256.i32, i256 %w_word_2, i32 96" [../gen/Hls_Layers_UpConv.tpp:122]   --->   Operation 307 'partselect' 'u_51' <Predicate = true> <Delay = 0.00>
ST_5 : Operation 308 [1/1] (0.00ns)   --->   "%u_52 = partselect i16 @_ssdm_op_PartSelect.i16.i256.i32, i256 %w_word_2, i32 112" [../gen/Hls_Layers_UpConv.tpp:122]   --->   Operation 308 'partselect' 'u_52' <Predicate = true> <Delay = 0.00>
ST_5 : Operation 309 [1/1] (0.00ns)   --->   "%u_53 = partselect i16 @_ssdm_op_PartSelect.i16.i256.i32, i256 %w_word_2, i32 128" [../gen/Hls_Layers_UpConv.tpp:122]   --->   Operation 309 'partselect' 'u_53' <Predicate = true> <Delay = 0.00>
ST_5 : Operation 310 [1/1] (0.00ns)   --->   "%u_54 = partselect i16 @_ssdm_op_PartSelect.i16.i256.i32, i256 %w_word_2, i32 144" [../gen/Hls_Layers_UpConv.tpp:122]   --->   Operation 310 'partselect' 'u_54' <Predicate = true> <Delay = 0.00>
ST_5 : Operation 311 [1/1] (0.00ns)   --->   "%u_55 = partselect i16 @_ssdm_op_PartSelect.i16.i256.i32, i256 %w_word_2, i32 160" [../gen/Hls_Layers_UpConv.tpp:122]   --->   Operation 311 'partselect' 'u_55' <Predicate = true> <Delay = 0.00>
ST_5 : Operation 312 [1/1] (0.00ns)   --->   "%u_56 = partselect i16 @_ssdm_op_PartSelect.i16.i256.i32, i256 %w_word_2, i32 176" [../gen/Hls_Layers_UpConv.tpp:122]   --->   Operation 312 'partselect' 'u_56' <Predicate = true> <Delay = 0.00>
ST_5 : Operation 313 [1/1] (0.00ns)   --->   "%u_57 = partselect i16 @_ssdm_op_PartSelect.i16.i256.i32, i256 %w_word_2, i32 192" [../gen/Hls_Layers_UpConv.tpp:122]   --->   Operation 313 'partselect' 'u_57' <Predicate = true> <Delay = 0.00>
ST_5 : Operation 314 [1/1] (0.00ns)   --->   "%u_58 = partselect i16 @_ssdm_op_PartSelect.i16.i256.i32, i256 %w_word_2, i32 208" [../gen/Hls_Layers_UpConv.tpp:122]   --->   Operation 314 'partselect' 'u_58' <Predicate = true> <Delay = 0.00>
ST_5 : Operation 315 [1/1] (0.00ns)   --->   "%u_59 = partselect i16 @_ssdm_op_PartSelect.i16.i256.i32, i256 %w_word_2, i32 224" [../gen/Hls_Layers_UpConv.tpp:122]   --->   Operation 315 'partselect' 'u_59' <Predicate = true> <Delay = 0.00>
ST_5 : Operation 316 [1/1] (0.00ns)   --->   "%u_60 = partselect i16 @_ssdm_op_PartSelect.i16.i256.i32, i256 %w_word_2, i32 240" [../gen/Hls_Layers_UpConv.tpp:122]   --->   Operation 316 'partselect' 'u_60' <Predicate = true> <Delay = 0.00>
ST_5 : Operation 317 [1/2] ( I:1.23ns O:1.23ns )   --->   "%w_word_3 = load i10 %wbuf_3_addr" [../gen/Hls_Layers_UpConv.tpp:117]   --->   Operation 317 'load' 'w_word_3' <Predicate = true> <Delay = 1.23> <CoreInst = "RAM_T2P_URAM">   --->   Core 99 'RAM_T2P_URAM' <Latency = 1> <II = 1> <Delay = 1.23> <Storage> <Opcode : 'load' 'store'> <Ports = 2> <Width = 256> <Depth = 540> <RAM>
ST_5 : Operation 318 [1/1] (0.00ns)   --->   "%u_139 = trunc i256 %w_word_3" [../gen/Hls_Layers_UpConv.tpp:122]   --->   Operation 318 'trunc' 'u_139' <Predicate = true> <Delay = 0.00>
ST_5 : Operation 319 [1/1] (0.00ns)   --->   "%u_61 = partselect i16 @_ssdm_op_PartSelect.i16.i256.i32, i256 %w_word_3, i32 16" [../gen/Hls_Layers_UpConv.tpp:122]   --->   Operation 319 'partselect' 'u_61' <Predicate = true> <Delay = 0.00>
ST_5 : Operation 320 [1/1] (0.00ns)   --->   "%u_62 = partselect i16 @_ssdm_op_PartSelect.i16.i256.i32, i256 %w_word_3, i32 32" [../gen/Hls_Layers_UpConv.tpp:122]   --->   Operation 320 'partselect' 'u_62' <Predicate = true> <Delay = 0.00>
ST_5 : Operation 321 [1/1] (0.00ns)   --->   "%u_63 = partselect i16 @_ssdm_op_PartSelect.i16.i256.i32, i256 %w_word_3, i32 48" [../gen/Hls_Layers_UpConv.tpp:122]   --->   Operation 321 'partselect' 'u_63' <Predicate = true> <Delay = 0.00>
ST_5 : Operation 322 [1/1] (0.00ns)   --->   "%u_64 = partselect i16 @_ssdm_op_PartSelect.i16.i256.i32, i256 %w_word_3, i32 64" [../gen/Hls_Layers_UpConv.tpp:122]   --->   Operation 322 'partselect' 'u_64' <Predicate = true> <Delay = 0.00>
ST_5 : Operation 323 [1/1] (0.00ns)   --->   "%u_65 = partselect i16 @_ssdm_op_PartSelect.i16.i256.i32, i256 %w_word_3, i32 80" [../gen/Hls_Layers_UpConv.tpp:122]   --->   Operation 323 'partselect' 'u_65' <Predicate = true> <Delay = 0.00>
ST_5 : Operation 324 [1/1] (0.00ns)   --->   "%u_66 = partselect i16 @_ssdm_op_PartSelect.i16.i256.i32, i256 %w_word_3, i32 96" [../gen/Hls_Layers_UpConv.tpp:122]   --->   Operation 324 'partselect' 'u_66' <Predicate = true> <Delay = 0.00>
ST_5 : Operation 325 [1/1] (0.00ns)   --->   "%u_67 = partselect i16 @_ssdm_op_PartSelect.i16.i256.i32, i256 %w_word_3, i32 112" [../gen/Hls_Layers_UpConv.tpp:122]   --->   Operation 325 'partselect' 'u_67' <Predicate = true> <Delay = 0.00>
ST_5 : Operation 326 [1/1] (0.00ns)   --->   "%u_68 = partselect i16 @_ssdm_op_PartSelect.i16.i256.i32, i256 %w_word_3, i32 128" [../gen/Hls_Layers_UpConv.tpp:122]   --->   Operation 326 'partselect' 'u_68' <Predicate = true> <Delay = 0.00>
ST_5 : Operation 327 [1/1] (0.00ns)   --->   "%u_69 = partselect i16 @_ssdm_op_PartSelect.i16.i256.i32, i256 %w_word_3, i32 144" [../gen/Hls_Layers_UpConv.tpp:122]   --->   Operation 327 'partselect' 'u_69' <Predicate = true> <Delay = 0.00>
ST_5 : Operation 328 [1/1] (0.00ns)   --->   "%u_70 = partselect i16 @_ssdm_op_PartSelect.i16.i256.i32, i256 %w_word_3, i32 160" [../gen/Hls_Layers_UpConv.tpp:122]   --->   Operation 328 'partselect' 'u_70' <Predicate = true> <Delay = 0.00>
ST_5 : Operation 329 [1/1] (0.00ns)   --->   "%u_71 = partselect i16 @_ssdm_op_PartSelect.i16.i256.i32, i256 %w_word_3, i32 176" [../gen/Hls_Layers_UpConv.tpp:122]   --->   Operation 329 'partselect' 'u_71' <Predicate = true> <Delay = 0.00>
ST_5 : Operation 330 [1/1] (0.00ns)   --->   "%u_72 = partselect i16 @_ssdm_op_PartSelect.i16.i256.i32, i256 %w_word_3, i32 192" [../gen/Hls_Layers_UpConv.tpp:122]   --->   Operation 330 'partselect' 'u_72' <Predicate = true> <Delay = 0.00>
ST_5 : Operation 331 [1/1] (0.00ns)   --->   "%u_73 = partselect i16 @_ssdm_op_PartSelect.i16.i256.i32, i256 %w_word_3, i32 208" [../gen/Hls_Layers_UpConv.tpp:122]   --->   Operation 331 'partselect' 'u_73' <Predicate = true> <Delay = 0.00>
ST_5 : Operation 332 [1/1] (0.00ns)   --->   "%u_74 = partselect i16 @_ssdm_op_PartSelect.i16.i256.i32, i256 %w_word_3, i32 224" [../gen/Hls_Layers_UpConv.tpp:122]   --->   Operation 332 'partselect' 'u_74' <Predicate = true> <Delay = 0.00>
ST_5 : Operation 333 [1/1] (0.00ns)   --->   "%u_75 = partselect i16 @_ssdm_op_PartSelect.i16.i256.i32, i256 %w_word_3, i32 240" [../gen/Hls_Layers_UpConv.tpp:122]   --->   Operation 333 'partselect' 'u_75' <Predicate = true> <Delay = 0.00>
ST_5 : Operation 334 [1/2] ( I:1.23ns O:1.23ns )   --->   "%w_word_4 = load i10 %wbuf_4_addr" [../gen/Hls_Layers_UpConv.tpp:117]   --->   Operation 334 'load' 'w_word_4' <Predicate = true> <Delay = 1.23> <CoreInst = "RAM_T2P_URAM">   --->   Core 99 'RAM_T2P_URAM' <Latency = 1> <II = 1> <Delay = 1.23> <Storage> <Opcode : 'load' 'store'> <Ports = 2> <Width = 256> <Depth = 540> <RAM>
ST_5 : Operation 335 [1/1] (0.00ns)   --->   "%u_140 = trunc i256 %w_word_4" [../gen/Hls_Layers_UpConv.tpp:122]   --->   Operation 335 'trunc' 'u_140' <Predicate = true> <Delay = 0.00>
ST_5 : Operation 336 [1/1] (0.00ns)   --->   "%u_76 = partselect i16 @_ssdm_op_PartSelect.i16.i256.i32, i256 %w_word_4, i32 16" [../gen/Hls_Layers_UpConv.tpp:122]   --->   Operation 336 'partselect' 'u_76' <Predicate = true> <Delay = 0.00>
ST_5 : Operation 337 [1/1] (0.00ns)   --->   "%u_77 = partselect i16 @_ssdm_op_PartSelect.i16.i256.i32, i256 %w_word_4, i32 32" [../gen/Hls_Layers_UpConv.tpp:122]   --->   Operation 337 'partselect' 'u_77' <Predicate = true> <Delay = 0.00>
ST_5 : Operation 338 [1/1] (0.00ns)   --->   "%u_78 = partselect i16 @_ssdm_op_PartSelect.i16.i256.i32, i256 %w_word_4, i32 48" [../gen/Hls_Layers_UpConv.tpp:122]   --->   Operation 338 'partselect' 'u_78' <Predicate = true> <Delay = 0.00>
ST_5 : Operation 339 [1/1] (0.00ns)   --->   "%u_79 = partselect i16 @_ssdm_op_PartSelect.i16.i256.i32, i256 %w_word_4, i32 64" [../gen/Hls_Layers_UpConv.tpp:122]   --->   Operation 339 'partselect' 'u_79' <Predicate = true> <Delay = 0.00>
ST_5 : Operation 340 [1/1] (0.00ns)   --->   "%u_80 = partselect i16 @_ssdm_op_PartSelect.i16.i256.i32, i256 %w_word_4, i32 80" [../gen/Hls_Layers_UpConv.tpp:122]   --->   Operation 340 'partselect' 'u_80' <Predicate = true> <Delay = 0.00>
ST_5 : Operation 341 [1/1] (0.00ns)   --->   "%u_81 = partselect i16 @_ssdm_op_PartSelect.i16.i256.i32, i256 %w_word_4, i32 96" [../gen/Hls_Layers_UpConv.tpp:122]   --->   Operation 341 'partselect' 'u_81' <Predicate = true> <Delay = 0.00>
ST_5 : Operation 342 [1/1] (0.00ns)   --->   "%u_82 = partselect i16 @_ssdm_op_PartSelect.i16.i256.i32, i256 %w_word_4, i32 112" [../gen/Hls_Layers_UpConv.tpp:122]   --->   Operation 342 'partselect' 'u_82' <Predicate = true> <Delay = 0.00>
ST_5 : Operation 343 [1/1] (0.00ns)   --->   "%u_83 = partselect i16 @_ssdm_op_PartSelect.i16.i256.i32, i256 %w_word_4, i32 128" [../gen/Hls_Layers_UpConv.tpp:122]   --->   Operation 343 'partselect' 'u_83' <Predicate = true> <Delay = 0.00>
ST_5 : Operation 344 [1/1] (0.00ns)   --->   "%u_84 = partselect i16 @_ssdm_op_PartSelect.i16.i256.i32, i256 %w_word_4, i32 144" [../gen/Hls_Layers_UpConv.tpp:122]   --->   Operation 344 'partselect' 'u_84' <Predicate = true> <Delay = 0.00>
ST_5 : Operation 345 [1/1] (0.00ns)   --->   "%u_85 = partselect i16 @_ssdm_op_PartSelect.i16.i256.i32, i256 %w_word_4, i32 160" [../gen/Hls_Layers_UpConv.tpp:122]   --->   Operation 345 'partselect' 'u_85' <Predicate = true> <Delay = 0.00>
ST_5 : Operation 346 [1/1] (0.00ns)   --->   "%u_86 = partselect i16 @_ssdm_op_PartSelect.i16.i256.i32, i256 %w_word_4, i32 176" [../gen/Hls_Layers_UpConv.tpp:122]   --->   Operation 346 'partselect' 'u_86' <Predicate = true> <Delay = 0.00>
ST_5 : Operation 347 [1/1] (0.00ns)   --->   "%u_87 = partselect i16 @_ssdm_op_PartSelect.i16.i256.i32, i256 %w_word_4, i32 192" [../gen/Hls_Layers_UpConv.tpp:122]   --->   Operation 347 'partselect' 'u_87' <Predicate = true> <Delay = 0.00>
ST_5 : Operation 348 [1/1] (0.00ns)   --->   "%u_88 = partselect i16 @_ssdm_op_PartSelect.i16.i256.i32, i256 %w_word_4, i32 208" [../gen/Hls_Layers_UpConv.tpp:122]   --->   Operation 348 'partselect' 'u_88' <Predicate = true> <Delay = 0.00>
ST_5 : Operation 349 [1/1] (0.00ns)   --->   "%u_89 = partselect i16 @_ssdm_op_PartSelect.i16.i256.i32, i256 %w_word_4, i32 224" [../gen/Hls_Layers_UpConv.tpp:122]   --->   Operation 349 'partselect' 'u_89' <Predicate = true> <Delay = 0.00>
ST_5 : Operation 350 [1/1] (0.00ns)   --->   "%u_90 = partselect i16 @_ssdm_op_PartSelect.i16.i256.i32, i256 %w_word_4, i32 240" [../gen/Hls_Layers_UpConv.tpp:122]   --->   Operation 350 'partselect' 'u_90' <Predicate = true> <Delay = 0.00>
ST_5 : Operation 351 [1/2] ( I:1.23ns O:1.23ns )   --->   "%w_word_5 = load i10 %wbuf_5_addr" [../gen/Hls_Layers_UpConv.tpp:117]   --->   Operation 351 'load' 'w_word_5' <Predicate = true> <Delay = 1.23> <CoreInst = "RAM_T2P_URAM">   --->   Core 99 'RAM_T2P_URAM' <Latency = 1> <II = 1> <Delay = 1.23> <Storage> <Opcode : 'load' 'store'> <Ports = 2> <Width = 256> <Depth = 540> <RAM>
ST_5 : Operation 352 [1/1] (0.00ns)   --->   "%u_141 = trunc i256 %w_word_5" [../gen/Hls_Layers_UpConv.tpp:122]   --->   Operation 352 'trunc' 'u_141' <Predicate = true> <Delay = 0.00>
ST_5 : Operation 353 [1/1] (0.00ns)   --->   "%u_91 = partselect i16 @_ssdm_op_PartSelect.i16.i256.i32, i256 %w_word_5, i32 16" [../gen/Hls_Layers_UpConv.tpp:122]   --->   Operation 353 'partselect' 'u_91' <Predicate = true> <Delay = 0.00>
ST_5 : Operation 354 [1/1] (0.00ns)   --->   "%u_92 = partselect i16 @_ssdm_op_PartSelect.i16.i256.i32, i256 %w_word_5, i32 32" [../gen/Hls_Layers_UpConv.tpp:122]   --->   Operation 354 'partselect' 'u_92' <Predicate = true> <Delay = 0.00>
ST_5 : Operation 355 [1/1] (0.00ns)   --->   "%u_93 = partselect i16 @_ssdm_op_PartSelect.i16.i256.i32, i256 %w_word_5, i32 48" [../gen/Hls_Layers_UpConv.tpp:122]   --->   Operation 355 'partselect' 'u_93' <Predicate = true> <Delay = 0.00>
ST_5 : Operation 356 [1/1] (0.00ns)   --->   "%u_94 = partselect i16 @_ssdm_op_PartSelect.i16.i256.i32, i256 %w_word_5, i32 64" [../gen/Hls_Layers_UpConv.tpp:122]   --->   Operation 356 'partselect' 'u_94' <Predicate = true> <Delay = 0.00>
ST_5 : Operation 357 [1/1] (0.00ns)   --->   "%u_95 = partselect i16 @_ssdm_op_PartSelect.i16.i256.i32, i256 %w_word_5, i32 80" [../gen/Hls_Layers_UpConv.tpp:122]   --->   Operation 357 'partselect' 'u_95' <Predicate = true> <Delay = 0.00>
ST_5 : Operation 358 [1/1] (0.00ns)   --->   "%u_96 = partselect i16 @_ssdm_op_PartSelect.i16.i256.i32, i256 %w_word_5, i32 96" [../gen/Hls_Layers_UpConv.tpp:122]   --->   Operation 358 'partselect' 'u_96' <Predicate = true> <Delay = 0.00>
ST_5 : Operation 359 [1/1] (0.00ns)   --->   "%u_97 = partselect i16 @_ssdm_op_PartSelect.i16.i256.i32, i256 %w_word_5, i32 112" [../gen/Hls_Layers_UpConv.tpp:122]   --->   Operation 359 'partselect' 'u_97' <Predicate = true> <Delay = 0.00>
ST_5 : Operation 360 [1/1] (0.00ns)   --->   "%u_98 = partselect i16 @_ssdm_op_PartSelect.i16.i256.i32, i256 %w_word_5, i32 128" [../gen/Hls_Layers_UpConv.tpp:122]   --->   Operation 360 'partselect' 'u_98' <Predicate = true> <Delay = 0.00>
ST_5 : Operation 361 [1/1] (0.00ns)   --->   "%u_99 = partselect i16 @_ssdm_op_PartSelect.i16.i256.i32, i256 %w_word_5, i32 144" [../gen/Hls_Layers_UpConv.tpp:122]   --->   Operation 361 'partselect' 'u_99' <Predicate = true> <Delay = 0.00>
ST_5 : Operation 362 [1/1] (0.00ns)   --->   "%u_100 = partselect i16 @_ssdm_op_PartSelect.i16.i256.i32, i256 %w_word_5, i32 160" [../gen/Hls_Layers_UpConv.tpp:122]   --->   Operation 362 'partselect' 'u_100' <Predicate = true> <Delay = 0.00>
ST_5 : Operation 363 [1/1] (0.00ns)   --->   "%u_101 = partselect i16 @_ssdm_op_PartSelect.i16.i256.i32, i256 %w_word_5, i32 176" [../gen/Hls_Layers_UpConv.tpp:122]   --->   Operation 363 'partselect' 'u_101' <Predicate = true> <Delay = 0.00>
ST_5 : Operation 364 [1/1] (0.00ns)   --->   "%u_102 = partselect i16 @_ssdm_op_PartSelect.i16.i256.i32, i256 %w_word_5, i32 192" [../gen/Hls_Layers_UpConv.tpp:122]   --->   Operation 364 'partselect' 'u_102' <Predicate = true> <Delay = 0.00>
ST_5 : Operation 365 [1/1] (0.00ns)   --->   "%u_103 = partselect i16 @_ssdm_op_PartSelect.i16.i256.i32, i256 %w_word_5, i32 208" [../gen/Hls_Layers_UpConv.tpp:122]   --->   Operation 365 'partselect' 'u_103' <Predicate = true> <Delay = 0.00>
ST_5 : Operation 366 [1/1] (0.00ns)   --->   "%u_104 = partselect i16 @_ssdm_op_PartSelect.i16.i256.i32, i256 %w_word_5, i32 224" [../gen/Hls_Layers_UpConv.tpp:122]   --->   Operation 366 'partselect' 'u_104' <Predicate = true> <Delay = 0.00>
ST_5 : Operation 367 [1/1] (0.00ns)   --->   "%u_105 = partselect i16 @_ssdm_op_PartSelect.i16.i256.i32, i256 %w_word_5, i32 240" [../gen/Hls_Layers_UpConv.tpp:122]   --->   Operation 367 'partselect' 'u_105' <Predicate = true> <Delay = 0.00>
ST_5 : Operation 368 [1/2] ( I:1.23ns O:1.23ns )   --->   "%w_word_6 = load i10 %wbuf_6_addr" [../gen/Hls_Layers_UpConv.tpp:117]   --->   Operation 368 'load' 'w_word_6' <Predicate = true> <Delay = 1.23> <CoreInst = "RAM_T2P_URAM">   --->   Core 99 'RAM_T2P_URAM' <Latency = 1> <II = 1> <Delay = 1.23> <Storage> <Opcode : 'load' 'store'> <Ports = 2> <Width = 256> <Depth = 540> <RAM>
ST_5 : Operation 369 [1/1] (0.00ns)   --->   "%u_142 = trunc i256 %w_word_6" [../gen/Hls_Layers_UpConv.tpp:122]   --->   Operation 369 'trunc' 'u_142' <Predicate = true> <Delay = 0.00>
ST_5 : Operation 370 [1/1] (0.00ns)   --->   "%u_106 = partselect i16 @_ssdm_op_PartSelect.i16.i256.i32, i256 %w_word_6, i32 16" [../gen/Hls_Layers_UpConv.tpp:122]   --->   Operation 370 'partselect' 'u_106' <Predicate = true> <Delay = 0.00>
ST_5 : Operation 371 [1/1] (0.00ns)   --->   "%u_107 = partselect i16 @_ssdm_op_PartSelect.i16.i256.i32, i256 %w_word_6, i32 32" [../gen/Hls_Layers_UpConv.tpp:122]   --->   Operation 371 'partselect' 'u_107' <Predicate = true> <Delay = 0.00>
ST_5 : Operation 372 [1/1] (0.00ns)   --->   "%u_108 = partselect i16 @_ssdm_op_PartSelect.i16.i256.i32, i256 %w_word_6, i32 48" [../gen/Hls_Layers_UpConv.tpp:122]   --->   Operation 372 'partselect' 'u_108' <Predicate = true> <Delay = 0.00>
ST_5 : Operation 373 [1/1] (0.00ns)   --->   "%u_109 = partselect i16 @_ssdm_op_PartSelect.i16.i256.i32, i256 %w_word_6, i32 64" [../gen/Hls_Layers_UpConv.tpp:122]   --->   Operation 373 'partselect' 'u_109' <Predicate = true> <Delay = 0.00>
ST_5 : Operation 374 [1/1] (0.00ns)   --->   "%u_110 = partselect i16 @_ssdm_op_PartSelect.i16.i256.i32, i256 %w_word_6, i32 80" [../gen/Hls_Layers_UpConv.tpp:122]   --->   Operation 374 'partselect' 'u_110' <Predicate = true> <Delay = 0.00>
ST_5 : Operation 375 [1/1] (0.00ns)   --->   "%u_111 = partselect i16 @_ssdm_op_PartSelect.i16.i256.i32, i256 %w_word_6, i32 96" [../gen/Hls_Layers_UpConv.tpp:122]   --->   Operation 375 'partselect' 'u_111' <Predicate = true> <Delay = 0.00>
ST_5 : Operation 376 [1/1] (0.00ns)   --->   "%u_112 = partselect i16 @_ssdm_op_PartSelect.i16.i256.i32, i256 %w_word_6, i32 112" [../gen/Hls_Layers_UpConv.tpp:122]   --->   Operation 376 'partselect' 'u_112' <Predicate = true> <Delay = 0.00>
ST_5 : Operation 377 [1/1] (0.00ns)   --->   "%u_113 = partselect i16 @_ssdm_op_PartSelect.i16.i256.i32, i256 %w_word_6, i32 128" [../gen/Hls_Layers_UpConv.tpp:122]   --->   Operation 377 'partselect' 'u_113' <Predicate = true> <Delay = 0.00>
ST_5 : Operation 378 [1/1] (0.00ns)   --->   "%u_114 = partselect i16 @_ssdm_op_PartSelect.i16.i256.i32, i256 %w_word_6, i32 144" [../gen/Hls_Layers_UpConv.tpp:122]   --->   Operation 378 'partselect' 'u_114' <Predicate = true> <Delay = 0.00>
ST_5 : Operation 379 [1/1] (0.00ns)   --->   "%u_115 = partselect i16 @_ssdm_op_PartSelect.i16.i256.i32, i256 %w_word_6, i32 160" [../gen/Hls_Layers_UpConv.tpp:122]   --->   Operation 379 'partselect' 'u_115' <Predicate = true> <Delay = 0.00>
ST_5 : Operation 380 [1/1] (0.00ns)   --->   "%u_116 = partselect i16 @_ssdm_op_PartSelect.i16.i256.i32, i256 %w_word_6, i32 176" [../gen/Hls_Layers_UpConv.tpp:122]   --->   Operation 380 'partselect' 'u_116' <Predicate = true> <Delay = 0.00>
ST_5 : Operation 381 [1/1] (0.00ns)   --->   "%u_117 = partselect i16 @_ssdm_op_PartSelect.i16.i256.i32, i256 %w_word_6, i32 192" [../gen/Hls_Layers_UpConv.tpp:122]   --->   Operation 381 'partselect' 'u_117' <Predicate = true> <Delay = 0.00>
ST_5 : Operation 382 [1/1] (0.00ns)   --->   "%u_118 = partselect i16 @_ssdm_op_PartSelect.i16.i256.i32, i256 %w_word_6, i32 208" [../gen/Hls_Layers_UpConv.tpp:122]   --->   Operation 382 'partselect' 'u_118' <Predicate = true> <Delay = 0.00>
ST_5 : Operation 383 [1/1] (0.00ns)   --->   "%u_119 = partselect i16 @_ssdm_op_PartSelect.i16.i256.i32, i256 %w_word_6, i32 224" [../gen/Hls_Layers_UpConv.tpp:122]   --->   Operation 383 'partselect' 'u_119' <Predicate = true> <Delay = 0.00>
ST_5 : Operation 384 [1/1] (0.00ns)   --->   "%u_120 = partselect i16 @_ssdm_op_PartSelect.i16.i256.i32, i256 %w_word_6, i32 240" [../gen/Hls_Layers_UpConv.tpp:122]   --->   Operation 384 'partselect' 'u_120' <Predicate = true> <Delay = 0.00>
ST_5 : Operation 385 [1/2] ( I:1.23ns O:1.23ns )   --->   "%w_word_7 = load i10 %wbuf_7_addr" [../gen/Hls_Layers_UpConv.tpp:117]   --->   Operation 385 'load' 'w_word_7' <Predicate = true> <Delay = 1.23> <CoreInst = "RAM_T2P_URAM">   --->   Core 99 'RAM_T2P_URAM' <Latency = 1> <II = 1> <Delay = 1.23> <Storage> <Opcode : 'load' 'store'> <Ports = 2> <Width = 256> <Depth = 540> <RAM>
ST_5 : Operation 386 [1/1] (0.00ns)   --->   "%u_143 = trunc i256 %w_word_7" [../gen/Hls_Layers_UpConv.tpp:122]   --->   Operation 386 'trunc' 'u_143' <Predicate = true> <Delay = 0.00>
ST_5 : Operation 387 [1/1] (0.00ns)   --->   "%u_121 = partselect i16 @_ssdm_op_PartSelect.i16.i256.i32, i256 %w_word_7, i32 16" [../gen/Hls_Layers_UpConv.tpp:122]   --->   Operation 387 'partselect' 'u_121' <Predicate = true> <Delay = 0.00>
ST_5 : Operation 388 [1/1] (0.00ns)   --->   "%u_122 = partselect i16 @_ssdm_op_PartSelect.i16.i256.i32, i256 %w_word_7, i32 32" [../gen/Hls_Layers_UpConv.tpp:122]   --->   Operation 388 'partselect' 'u_122' <Predicate = true> <Delay = 0.00>
ST_5 : Operation 389 [1/1] (0.00ns)   --->   "%u_123 = partselect i16 @_ssdm_op_PartSelect.i16.i256.i32, i256 %w_word_7, i32 48" [../gen/Hls_Layers_UpConv.tpp:122]   --->   Operation 389 'partselect' 'u_123' <Predicate = true> <Delay = 0.00>
ST_5 : Operation 390 [1/1] (0.00ns)   --->   "%u_124 = partselect i16 @_ssdm_op_PartSelect.i16.i256.i32, i256 %w_word_7, i32 64" [../gen/Hls_Layers_UpConv.tpp:122]   --->   Operation 390 'partselect' 'u_124' <Predicate = true> <Delay = 0.00>
ST_5 : Operation 391 [1/1] (0.00ns)   --->   "%u_125 = partselect i16 @_ssdm_op_PartSelect.i16.i256.i32, i256 %w_word_7, i32 80" [../gen/Hls_Layers_UpConv.tpp:122]   --->   Operation 391 'partselect' 'u_125' <Predicate = true> <Delay = 0.00>
ST_5 : Operation 392 [1/1] (0.00ns)   --->   "%u_126 = partselect i16 @_ssdm_op_PartSelect.i16.i256.i32, i256 %w_word_7, i32 96" [../gen/Hls_Layers_UpConv.tpp:122]   --->   Operation 392 'partselect' 'u_126' <Predicate = true> <Delay = 0.00>
ST_5 : Operation 393 [1/1] (0.00ns)   --->   "%u_127 = partselect i16 @_ssdm_op_PartSelect.i16.i256.i32, i256 %w_word_7, i32 112" [../gen/Hls_Layers_UpConv.tpp:122]   --->   Operation 393 'partselect' 'u_127' <Predicate = true> <Delay = 0.00>
ST_5 : Operation 394 [1/1] (0.00ns)   --->   "%u_128 = partselect i16 @_ssdm_op_PartSelect.i16.i256.i32, i256 %w_word_7, i32 128" [../gen/Hls_Layers_UpConv.tpp:122]   --->   Operation 394 'partselect' 'u_128' <Predicate = true> <Delay = 0.00>
ST_5 : Operation 395 [1/1] (0.00ns)   --->   "%u_129 = partselect i16 @_ssdm_op_PartSelect.i16.i256.i32, i256 %w_word_7, i32 144" [../gen/Hls_Layers_UpConv.tpp:122]   --->   Operation 395 'partselect' 'u_129' <Predicate = true> <Delay = 0.00>
ST_5 : Operation 396 [1/1] (0.00ns)   --->   "%u_130 = partselect i16 @_ssdm_op_PartSelect.i16.i256.i32, i256 %w_word_7, i32 160" [../gen/Hls_Layers_UpConv.tpp:122]   --->   Operation 396 'partselect' 'u_130' <Predicate = true> <Delay = 0.00>
ST_5 : Operation 397 [1/1] (0.00ns)   --->   "%u_131 = partselect i16 @_ssdm_op_PartSelect.i16.i256.i32, i256 %w_word_7, i32 176" [../gen/Hls_Layers_UpConv.tpp:122]   --->   Operation 397 'partselect' 'u_131' <Predicate = true> <Delay = 0.00>
ST_5 : Operation 398 [1/1] (0.00ns)   --->   "%u_132 = partselect i16 @_ssdm_op_PartSelect.i16.i256.i32, i256 %w_word_7, i32 192" [../gen/Hls_Layers_UpConv.tpp:122]   --->   Operation 398 'partselect' 'u_132' <Predicate = true> <Delay = 0.00>
ST_5 : Operation 399 [1/1] (0.00ns)   --->   "%u_133 = partselect i16 @_ssdm_op_PartSelect.i16.i256.i32, i256 %w_word_7, i32 208" [../gen/Hls_Layers_UpConv.tpp:122]   --->   Operation 399 'partselect' 'u_133' <Predicate = true> <Delay = 0.00>
ST_5 : Operation 400 [1/1] (0.00ns)   --->   "%u_134 = partselect i16 @_ssdm_op_PartSelect.i16.i256.i32, i256 %w_word_7, i32 224" [../gen/Hls_Layers_UpConv.tpp:122]   --->   Operation 400 'partselect' 'u_134' <Predicate = true> <Delay = 0.00>
ST_5 : Operation 401 [1/1] (0.00ns)   --->   "%u_135 = partselect i16 @_ssdm_op_PartSelect.i16.i256.i32, i256 %w_word_7, i32 240" [../gen/Hls_Layers_UpConv.tpp:122]   --->   Operation 401 'partselect' 'u_135' <Predicate = true> <Delay = 0.00>

State 6 <SV = 5> <Delay = 1.90>
ST_6 : Operation 402 [1/1] (0.00ns)   --->   "%xv = bitcast i16 %u" [../gen/Hls_Layers_UpConv.tpp:43->../gen/Hls_Layers_UpConv.tpp:121]   --->   Operation 402 'bitcast' 'xv' <Predicate = true> <Delay = 0.00>
ST_6 : Operation 403 [1/1] (0.00ns)   --->   "%wv = bitcast i16 %u_1" [../gen/Hls_Layers_UpConv.tpp:43->../gen/Hls_Layers_UpConv.tpp:122]   --->   Operation 403 'bitcast' 'wv' <Predicate = true> <Delay = 0.00>
ST_6 : Operation 404 [4/4] (1.90ns)   --->   "%prod = hmul i16 %xv, i16 %wv" [../gen/Hls_Layers_UpConv.tpp:125]   --->   Operation 404 'hmul' 'prod' <Predicate = true> <Delay = 1.90> <CoreInst = "HMul_nodsp">   --->   Core 58 'HMul_nodsp' <Latency = 3> <II = 1> <Delay = 1.90> <FuncUnit> <Opcode : 'hmul'> <InPorts = 2> <OutPorts = 1>
ST_6 : Operation 405 [1/1] (0.00ns)   --->   "%xv_1 = bitcast i16 %u_2" [../gen/Hls_Layers_UpConv.tpp:43->../gen/Hls_Layers_UpConv.tpp:121]   --->   Operation 405 'bitcast' 'xv_1' <Predicate = true> <Delay = 0.00>
ST_6 : Operation 406 [1/1] (0.00ns)   --->   "%wv_1 = bitcast i16 %u_3" [../gen/Hls_Layers_UpConv.tpp:43->../gen/Hls_Layers_UpConv.tpp:122]   --->   Operation 406 'bitcast' 'wv_1' <Predicate = true> <Delay = 0.00>
ST_6 : Operation 407 [4/4] (1.90ns)   --->   "%prod_1 = hmul i16 %xv_1, i16 %wv_1" [../gen/Hls_Layers_UpConv.tpp:125]   --->   Operation 407 'hmul' 'prod_1' <Predicate = true> <Delay = 1.90> <CoreInst = "HMul_nodsp">   --->   Core 58 'HMul_nodsp' <Latency = 3> <II = 1> <Delay = 1.90> <FuncUnit> <Opcode : 'hmul'> <InPorts = 2> <OutPorts = 1>
ST_6 : Operation 408 [1/1] (0.00ns)   --->   "%xv_2 = bitcast i16 %u_4" [../gen/Hls_Layers_UpConv.tpp:43->../gen/Hls_Layers_UpConv.tpp:121]   --->   Operation 408 'bitcast' 'xv_2' <Predicate = true> <Delay = 0.00>
ST_6 : Operation 409 [1/1] (0.00ns)   --->   "%wv_2 = bitcast i16 %u_5" [../gen/Hls_Layers_UpConv.tpp:43->../gen/Hls_Layers_UpConv.tpp:122]   --->   Operation 409 'bitcast' 'wv_2' <Predicate = true> <Delay = 0.00>
ST_6 : Operation 410 [4/4] (1.90ns)   --->   "%prod_2 = hmul i16 %xv_2, i16 %wv_2" [../gen/Hls_Layers_UpConv.tpp:125]   --->   Operation 410 'hmul' 'prod_2' <Predicate = true> <Delay = 1.90> <CoreInst = "HMul_nodsp">   --->   Core 58 'HMul_nodsp' <Latency = 3> <II = 1> <Delay = 1.90> <FuncUnit> <Opcode : 'hmul'> <InPorts = 2> <OutPorts = 1>
ST_6 : Operation 411 [1/1] (0.00ns)   --->   "%xv_3 = bitcast i16 %u_6" [../gen/Hls_Layers_UpConv.tpp:43->../gen/Hls_Layers_UpConv.tpp:121]   --->   Operation 411 'bitcast' 'xv_3' <Predicate = true> <Delay = 0.00>
ST_6 : Operation 412 [1/1] (0.00ns)   --->   "%wv_3 = bitcast i16 %u_7" [../gen/Hls_Layers_UpConv.tpp:43->../gen/Hls_Layers_UpConv.tpp:122]   --->   Operation 412 'bitcast' 'wv_3' <Predicate = true> <Delay = 0.00>
ST_6 : Operation 413 [4/4] (1.90ns)   --->   "%prod_3 = hmul i16 %xv_3, i16 %wv_3" [../gen/Hls_Layers_UpConv.tpp:125]   --->   Operation 413 'hmul' 'prod_3' <Predicate = true> <Delay = 1.90> <CoreInst = "HMul_nodsp">   --->   Core 58 'HMul_nodsp' <Latency = 3> <II = 1> <Delay = 1.90> <FuncUnit> <Opcode : 'hmul'> <InPorts = 2> <OutPorts = 1>
ST_6 : Operation 414 [1/1] (0.00ns)   --->   "%xv_4 = bitcast i16 %u_8" [../gen/Hls_Layers_UpConv.tpp:43->../gen/Hls_Layers_UpConv.tpp:121]   --->   Operation 414 'bitcast' 'xv_4' <Predicate = true> <Delay = 0.00>
ST_6 : Operation 415 [1/1] (0.00ns)   --->   "%wv_4 = bitcast i16 %u_9" [../gen/Hls_Layers_UpConv.tpp:43->../gen/Hls_Layers_UpConv.tpp:122]   --->   Operation 415 'bitcast' 'wv_4' <Predicate = true> <Delay = 0.00>
ST_6 : Operation 416 [4/4] (1.90ns)   --->   "%prod_4 = hmul i16 %xv_4, i16 %wv_4" [../gen/Hls_Layers_UpConv.tpp:125]   --->   Operation 416 'hmul' 'prod_4' <Predicate = true> <Delay = 1.90> <CoreInst = "HMul_nodsp">   --->   Core 58 'HMul_nodsp' <Latency = 3> <II = 1> <Delay = 1.90> <FuncUnit> <Opcode : 'hmul'> <InPorts = 2> <OutPorts = 1>
ST_6 : Operation 417 [1/1] (0.00ns)   --->   "%xv_5 = bitcast i16 %u_10" [../gen/Hls_Layers_UpConv.tpp:43->../gen/Hls_Layers_UpConv.tpp:121]   --->   Operation 417 'bitcast' 'xv_5' <Predicate = true> <Delay = 0.00>
ST_6 : Operation 418 [1/1] (0.00ns)   --->   "%wv_5 = bitcast i16 %u_11" [../gen/Hls_Layers_UpConv.tpp:43->../gen/Hls_Layers_UpConv.tpp:122]   --->   Operation 418 'bitcast' 'wv_5' <Predicate = true> <Delay = 0.00>
ST_6 : Operation 419 [4/4] (1.90ns)   --->   "%prod_5 = hmul i16 %xv_5, i16 %wv_5" [../gen/Hls_Layers_UpConv.tpp:125]   --->   Operation 419 'hmul' 'prod_5' <Predicate = true> <Delay = 1.90> <CoreInst = "HMul_nodsp">   --->   Core 58 'HMul_nodsp' <Latency = 3> <II = 1> <Delay = 1.90> <FuncUnit> <Opcode : 'hmul'> <InPorts = 2> <OutPorts = 1>
ST_6 : Operation 420 [1/1] (0.00ns)   --->   "%xv_6 = bitcast i16 %u_12" [../gen/Hls_Layers_UpConv.tpp:43->../gen/Hls_Layers_UpConv.tpp:121]   --->   Operation 420 'bitcast' 'xv_6' <Predicate = true> <Delay = 0.00>
ST_6 : Operation 421 [1/1] (0.00ns)   --->   "%wv_6 = bitcast i16 %u_13" [../gen/Hls_Layers_UpConv.tpp:43->../gen/Hls_Layers_UpConv.tpp:122]   --->   Operation 421 'bitcast' 'wv_6' <Predicate = true> <Delay = 0.00>
ST_6 : Operation 422 [4/4] (1.90ns)   --->   "%prod_6 = hmul i16 %xv_6, i16 %wv_6" [../gen/Hls_Layers_UpConv.tpp:125]   --->   Operation 422 'hmul' 'prod_6' <Predicate = true> <Delay = 1.90> <CoreInst = "HMul_nodsp">   --->   Core 58 'HMul_nodsp' <Latency = 3> <II = 1> <Delay = 1.90> <FuncUnit> <Opcode : 'hmul'> <InPorts = 2> <OutPorts = 1>
ST_6 : Operation 423 [1/1] (0.00ns)   --->   "%xv_7 = bitcast i16 %u_14" [../gen/Hls_Layers_UpConv.tpp:43->../gen/Hls_Layers_UpConv.tpp:121]   --->   Operation 423 'bitcast' 'xv_7' <Predicate = true> <Delay = 0.00>
ST_6 : Operation 424 [1/1] (0.00ns)   --->   "%wv_7 = bitcast i16 %u_15" [../gen/Hls_Layers_UpConv.tpp:43->../gen/Hls_Layers_UpConv.tpp:122]   --->   Operation 424 'bitcast' 'wv_7' <Predicate = true> <Delay = 0.00>
ST_6 : Operation 425 [4/4] (1.90ns)   --->   "%prod_7 = hmul i16 %xv_7, i16 %wv_7" [../gen/Hls_Layers_UpConv.tpp:125]   --->   Operation 425 'hmul' 'prod_7' <Predicate = true> <Delay = 1.90> <CoreInst = "HMul_nodsp">   --->   Core 58 'HMul_nodsp' <Latency = 3> <II = 1> <Delay = 1.90> <FuncUnit> <Opcode : 'hmul'> <InPorts = 2> <OutPorts = 1>
ST_6 : Operation 426 [1/1] (0.00ns)   --->   "%xv_8 = bitcast i16 %u_16" [../gen/Hls_Layers_UpConv.tpp:43->../gen/Hls_Layers_UpConv.tpp:121]   --->   Operation 426 'bitcast' 'xv_8' <Predicate = true> <Delay = 0.00>
ST_6 : Operation 427 [1/1] (0.00ns)   --->   "%wv_8 = bitcast i16 %u_17" [../gen/Hls_Layers_UpConv.tpp:43->../gen/Hls_Layers_UpConv.tpp:122]   --->   Operation 427 'bitcast' 'wv_8' <Predicate = true> <Delay = 0.00>
ST_6 : Operation 428 [4/4] (1.90ns)   --->   "%prod_8 = hmul i16 %xv_8, i16 %wv_8" [../gen/Hls_Layers_UpConv.tpp:125]   --->   Operation 428 'hmul' 'prod_8' <Predicate = true> <Delay = 1.90> <CoreInst = "HMul_nodsp">   --->   Core 58 'HMul_nodsp' <Latency = 3> <II = 1> <Delay = 1.90> <FuncUnit> <Opcode : 'hmul'> <InPorts = 2> <OutPorts = 1>
ST_6 : Operation 429 [1/1] (0.00ns)   --->   "%xv_9 = bitcast i16 %u_18" [../gen/Hls_Layers_UpConv.tpp:43->../gen/Hls_Layers_UpConv.tpp:121]   --->   Operation 429 'bitcast' 'xv_9' <Predicate = true> <Delay = 0.00>
ST_6 : Operation 430 [1/1] (0.00ns)   --->   "%wv_9 = bitcast i16 %u_19" [../gen/Hls_Layers_UpConv.tpp:43->../gen/Hls_Layers_UpConv.tpp:122]   --->   Operation 430 'bitcast' 'wv_9' <Predicate = true> <Delay = 0.00>
ST_6 : Operation 431 [4/4] (1.90ns)   --->   "%prod_9 = hmul i16 %xv_9, i16 %wv_9" [../gen/Hls_Layers_UpConv.tpp:125]   --->   Operation 431 'hmul' 'prod_9' <Predicate = true> <Delay = 1.90> <CoreInst = "HMul_nodsp">   --->   Core 58 'HMul_nodsp' <Latency = 3> <II = 1> <Delay = 1.90> <FuncUnit> <Opcode : 'hmul'> <InPorts = 2> <OutPorts = 1>
ST_6 : Operation 432 [1/1] (0.00ns)   --->   "%xv_10 = bitcast i16 %u_20" [../gen/Hls_Layers_UpConv.tpp:43->../gen/Hls_Layers_UpConv.tpp:121]   --->   Operation 432 'bitcast' 'xv_10' <Predicate = true> <Delay = 0.00>
ST_6 : Operation 433 [1/1] (0.00ns)   --->   "%wv_10 = bitcast i16 %u_21" [../gen/Hls_Layers_UpConv.tpp:43->../gen/Hls_Layers_UpConv.tpp:122]   --->   Operation 433 'bitcast' 'wv_10' <Predicate = true> <Delay = 0.00>
ST_6 : Operation 434 [4/4] (1.90ns)   --->   "%prod_10 = hmul i16 %xv_10, i16 %wv_10" [../gen/Hls_Layers_UpConv.tpp:125]   --->   Operation 434 'hmul' 'prod_10' <Predicate = true> <Delay = 1.90> <CoreInst = "HMul_nodsp">   --->   Core 58 'HMul_nodsp' <Latency = 3> <II = 1> <Delay = 1.90> <FuncUnit> <Opcode : 'hmul'> <InPorts = 2> <OutPorts = 1>
ST_6 : Operation 435 [1/1] (0.00ns)   --->   "%xv_11 = bitcast i16 %u_22" [../gen/Hls_Layers_UpConv.tpp:43->../gen/Hls_Layers_UpConv.tpp:121]   --->   Operation 435 'bitcast' 'xv_11' <Predicate = true> <Delay = 0.00>
ST_6 : Operation 436 [1/1] (0.00ns)   --->   "%wv_11 = bitcast i16 %u_23" [../gen/Hls_Layers_UpConv.tpp:43->../gen/Hls_Layers_UpConv.tpp:122]   --->   Operation 436 'bitcast' 'wv_11' <Predicate = true> <Delay = 0.00>
ST_6 : Operation 437 [4/4] (1.90ns)   --->   "%prod_11 = hmul i16 %xv_11, i16 %wv_11" [../gen/Hls_Layers_UpConv.tpp:125]   --->   Operation 437 'hmul' 'prod_11' <Predicate = true> <Delay = 1.90> <CoreInst = "HMul_nodsp">   --->   Core 58 'HMul_nodsp' <Latency = 3> <II = 1> <Delay = 1.90> <FuncUnit> <Opcode : 'hmul'> <InPorts = 2> <OutPorts = 1>
ST_6 : Operation 438 [1/1] (0.00ns)   --->   "%xv_12 = bitcast i16 %u_24" [../gen/Hls_Layers_UpConv.tpp:43->../gen/Hls_Layers_UpConv.tpp:121]   --->   Operation 438 'bitcast' 'xv_12' <Predicate = true> <Delay = 0.00>
ST_6 : Operation 439 [1/1] (0.00ns)   --->   "%wv_12 = bitcast i16 %u_25" [../gen/Hls_Layers_UpConv.tpp:43->../gen/Hls_Layers_UpConv.tpp:122]   --->   Operation 439 'bitcast' 'wv_12' <Predicate = true> <Delay = 0.00>
ST_6 : Operation 440 [4/4] (1.90ns)   --->   "%prod_12 = hmul i16 %xv_12, i16 %wv_12" [../gen/Hls_Layers_UpConv.tpp:125]   --->   Operation 440 'hmul' 'prod_12' <Predicate = true> <Delay = 1.90> <CoreInst = "HMul_nodsp">   --->   Core 58 'HMul_nodsp' <Latency = 3> <II = 1> <Delay = 1.90> <FuncUnit> <Opcode : 'hmul'> <InPorts = 2> <OutPorts = 1>
ST_6 : Operation 441 [1/1] (0.00ns)   --->   "%xv_13 = bitcast i16 %u_26" [../gen/Hls_Layers_UpConv.tpp:43->../gen/Hls_Layers_UpConv.tpp:121]   --->   Operation 441 'bitcast' 'xv_13' <Predicate = true> <Delay = 0.00>
ST_6 : Operation 442 [1/1] (0.00ns)   --->   "%wv_13 = bitcast i16 %u_27" [../gen/Hls_Layers_UpConv.tpp:43->../gen/Hls_Layers_UpConv.tpp:122]   --->   Operation 442 'bitcast' 'wv_13' <Predicate = true> <Delay = 0.00>
ST_6 : Operation 443 [4/4] (1.90ns)   --->   "%prod_13 = hmul i16 %xv_13, i16 %wv_13" [../gen/Hls_Layers_UpConv.tpp:125]   --->   Operation 443 'hmul' 'prod_13' <Predicate = true> <Delay = 1.90> <CoreInst = "HMul_nodsp">   --->   Core 58 'HMul_nodsp' <Latency = 3> <II = 1> <Delay = 1.90> <FuncUnit> <Opcode : 'hmul'> <InPorts = 2> <OutPorts = 1>
ST_6 : Operation 444 [1/1] (0.00ns)   --->   "%xv_14 = bitcast i16 %u_28" [../gen/Hls_Layers_UpConv.tpp:43->../gen/Hls_Layers_UpConv.tpp:121]   --->   Operation 444 'bitcast' 'xv_14' <Predicate = true> <Delay = 0.00>
ST_6 : Operation 445 [1/1] (0.00ns)   --->   "%wv_14 = bitcast i16 %u_29" [../gen/Hls_Layers_UpConv.tpp:43->../gen/Hls_Layers_UpConv.tpp:122]   --->   Operation 445 'bitcast' 'wv_14' <Predicate = true> <Delay = 0.00>
ST_6 : Operation 446 [4/4] (1.90ns)   --->   "%prod_14 = hmul i16 %xv_14, i16 %wv_14" [../gen/Hls_Layers_UpConv.tpp:125]   --->   Operation 446 'hmul' 'prod_14' <Predicate = true> <Delay = 1.90> <CoreInst = "HMul_nodsp">   --->   Core 58 'HMul_nodsp' <Latency = 3> <II = 1> <Delay = 1.90> <FuncUnit> <Opcode : 'hmul'> <InPorts = 2> <OutPorts = 1>
ST_6 : Operation 447 [1/1] (0.00ns)   --->   "%xv_15 = bitcast i16 %u_30" [../gen/Hls_Layers_UpConv.tpp:43->../gen/Hls_Layers_UpConv.tpp:121]   --->   Operation 447 'bitcast' 'xv_15' <Predicate = true> <Delay = 0.00>
ST_6 : Operation 448 [1/1] (0.00ns)   --->   "%wv_15 = bitcast i16 %u_31" [../gen/Hls_Layers_UpConv.tpp:43->../gen/Hls_Layers_UpConv.tpp:122]   --->   Operation 448 'bitcast' 'wv_15' <Predicate = true> <Delay = 0.00>
ST_6 : Operation 449 [4/4] (1.90ns)   --->   "%prod_15 = hmul i16 %xv_15, i16 %wv_15" [../gen/Hls_Layers_UpConv.tpp:125]   --->   Operation 449 'hmul' 'prod_15' <Predicate = true> <Delay = 1.90> <CoreInst = "HMul_nodsp">   --->   Core 58 'HMul_nodsp' <Latency = 3> <II = 1> <Delay = 1.90> <FuncUnit> <Opcode : 'hmul'> <InPorts = 2> <OutPorts = 1>
ST_6 : Operation 450 [1/1] (0.00ns)   --->   "%wv_16 = bitcast i16 %u_136" [../gen/Hls_Layers_UpConv.tpp:43->../gen/Hls_Layers_UpConv.tpp:122]   --->   Operation 450 'bitcast' 'wv_16' <Predicate = true> <Delay = 0.00>
ST_6 : Operation 451 [4/4] (1.90ns)   --->   "%prod_127 = hmul i16 %xv, i16 %wv_16" [../gen/Hls_Layers_UpConv.tpp:125]   --->   Operation 451 'hmul' 'prod_127' <Predicate = true> <Delay = 1.90> <CoreInst = "HMul_nodsp">   --->   Core 58 'HMul_nodsp' <Latency = 3> <II = 1> <Delay = 1.90> <FuncUnit> <Opcode : 'hmul'> <InPorts = 2> <OutPorts = 1>
ST_6 : Operation 452 [1/1] (0.00ns)   --->   "%wv_17 = bitcast i16 %u_137" [../gen/Hls_Layers_UpConv.tpp:43->../gen/Hls_Layers_UpConv.tpp:122]   --->   Operation 452 'bitcast' 'wv_17' <Predicate = true> <Delay = 0.00>
ST_6 : Operation 453 [4/4] (1.90ns)   --->   "%prod_16 = hmul i16 %xv_1, i16 %wv_17" [../gen/Hls_Layers_UpConv.tpp:125]   --->   Operation 453 'hmul' 'prod_16' <Predicate = true> <Delay = 1.90> <CoreInst = "HMul_nodsp">   --->   Core 58 'HMul_nodsp' <Latency = 3> <II = 1> <Delay = 1.90> <FuncUnit> <Opcode : 'hmul'> <InPorts = 2> <OutPorts = 1>
ST_6 : Operation 454 [1/1] (0.00ns)   --->   "%wv_18 = bitcast i16 %u_32" [../gen/Hls_Layers_UpConv.tpp:43->../gen/Hls_Layers_UpConv.tpp:122]   --->   Operation 454 'bitcast' 'wv_18' <Predicate = true> <Delay = 0.00>
ST_6 : Operation 455 [4/4] (1.90ns)   --->   "%prod_17 = hmul i16 %xv_2, i16 %wv_18" [../gen/Hls_Layers_UpConv.tpp:125]   --->   Operation 455 'hmul' 'prod_17' <Predicate = true> <Delay = 1.90> <CoreInst = "HMul_nodsp">   --->   Core 58 'HMul_nodsp' <Latency = 3> <II = 1> <Delay = 1.90> <FuncUnit> <Opcode : 'hmul'> <InPorts = 2> <OutPorts = 1>
ST_6 : Operation 456 [1/1] (0.00ns)   --->   "%wv_19 = bitcast i16 %u_33" [../gen/Hls_Layers_UpConv.tpp:43->../gen/Hls_Layers_UpConv.tpp:122]   --->   Operation 456 'bitcast' 'wv_19' <Predicate = true> <Delay = 0.00>
ST_6 : Operation 457 [4/4] (1.90ns)   --->   "%prod_18 = hmul i16 %xv_3, i16 %wv_19" [../gen/Hls_Layers_UpConv.tpp:125]   --->   Operation 457 'hmul' 'prod_18' <Predicate = true> <Delay = 1.90> <CoreInst = "HMul_nodsp">   --->   Core 58 'HMul_nodsp' <Latency = 3> <II = 1> <Delay = 1.90> <FuncUnit> <Opcode : 'hmul'> <InPorts = 2> <OutPorts = 1>
ST_6 : Operation 458 [1/1] (0.00ns)   --->   "%wv_20 = bitcast i16 %u_34" [../gen/Hls_Layers_UpConv.tpp:43->../gen/Hls_Layers_UpConv.tpp:122]   --->   Operation 458 'bitcast' 'wv_20' <Predicate = true> <Delay = 0.00>
ST_6 : Operation 459 [4/4] (1.90ns)   --->   "%prod_19 = hmul i16 %xv_4, i16 %wv_20" [../gen/Hls_Layers_UpConv.tpp:125]   --->   Operation 459 'hmul' 'prod_19' <Predicate = true> <Delay = 1.90> <CoreInst = "HMul_nodsp">   --->   Core 58 'HMul_nodsp' <Latency = 3> <II = 1> <Delay = 1.90> <FuncUnit> <Opcode : 'hmul'> <InPorts = 2> <OutPorts = 1>
ST_6 : Operation 460 [1/1] (0.00ns)   --->   "%wv_21 = bitcast i16 %u_35" [../gen/Hls_Layers_UpConv.tpp:43->../gen/Hls_Layers_UpConv.tpp:122]   --->   Operation 460 'bitcast' 'wv_21' <Predicate = true> <Delay = 0.00>
ST_6 : Operation 461 [4/4] (1.90ns)   --->   "%prod_20 = hmul i16 %xv_5, i16 %wv_21" [../gen/Hls_Layers_UpConv.tpp:125]   --->   Operation 461 'hmul' 'prod_20' <Predicate = true> <Delay = 1.90> <CoreInst = "HMul_nodsp">   --->   Core 58 'HMul_nodsp' <Latency = 3> <II = 1> <Delay = 1.90> <FuncUnit> <Opcode : 'hmul'> <InPorts = 2> <OutPorts = 1>
ST_6 : Operation 462 [1/1] (0.00ns)   --->   "%wv_22 = bitcast i16 %u_36" [../gen/Hls_Layers_UpConv.tpp:43->../gen/Hls_Layers_UpConv.tpp:122]   --->   Operation 462 'bitcast' 'wv_22' <Predicate = true> <Delay = 0.00>
ST_6 : Operation 463 [4/4] (1.90ns)   --->   "%prod_21 = hmul i16 %xv_6, i16 %wv_22" [../gen/Hls_Layers_UpConv.tpp:125]   --->   Operation 463 'hmul' 'prod_21' <Predicate = true> <Delay = 1.90> <CoreInst = "HMul_nodsp">   --->   Core 58 'HMul_nodsp' <Latency = 3> <II = 1> <Delay = 1.90> <FuncUnit> <Opcode : 'hmul'> <InPorts = 2> <OutPorts = 1>
ST_6 : Operation 464 [1/1] (0.00ns)   --->   "%wv_23 = bitcast i16 %u_37" [../gen/Hls_Layers_UpConv.tpp:43->../gen/Hls_Layers_UpConv.tpp:122]   --->   Operation 464 'bitcast' 'wv_23' <Predicate = true> <Delay = 0.00>
ST_6 : Operation 465 [4/4] (1.90ns)   --->   "%prod_22 = hmul i16 %xv_7, i16 %wv_23" [../gen/Hls_Layers_UpConv.tpp:125]   --->   Operation 465 'hmul' 'prod_22' <Predicate = true> <Delay = 1.90> <CoreInst = "HMul_nodsp">   --->   Core 58 'HMul_nodsp' <Latency = 3> <II = 1> <Delay = 1.90> <FuncUnit> <Opcode : 'hmul'> <InPorts = 2> <OutPorts = 1>
ST_6 : Operation 466 [1/1] (0.00ns)   --->   "%wv_24 = bitcast i16 %u_38" [../gen/Hls_Layers_UpConv.tpp:43->../gen/Hls_Layers_UpConv.tpp:122]   --->   Operation 466 'bitcast' 'wv_24' <Predicate = true> <Delay = 0.00>
ST_6 : Operation 467 [4/4] (1.90ns)   --->   "%prod_23 = hmul i16 %xv_8, i16 %wv_24" [../gen/Hls_Layers_UpConv.tpp:125]   --->   Operation 467 'hmul' 'prod_23' <Predicate = true> <Delay = 1.90> <CoreInst = "HMul_nodsp">   --->   Core 58 'HMul_nodsp' <Latency = 3> <II = 1> <Delay = 1.90> <FuncUnit> <Opcode : 'hmul'> <InPorts = 2> <OutPorts = 1>
ST_6 : Operation 468 [1/1] (0.00ns)   --->   "%wv_25 = bitcast i16 %u_39" [../gen/Hls_Layers_UpConv.tpp:43->../gen/Hls_Layers_UpConv.tpp:122]   --->   Operation 468 'bitcast' 'wv_25' <Predicate = true> <Delay = 0.00>
ST_6 : Operation 469 [4/4] (1.90ns)   --->   "%prod_24 = hmul i16 %xv_9, i16 %wv_25" [../gen/Hls_Layers_UpConv.tpp:125]   --->   Operation 469 'hmul' 'prod_24' <Predicate = true> <Delay = 1.90> <CoreInst = "HMul_nodsp">   --->   Core 58 'HMul_nodsp' <Latency = 3> <II = 1> <Delay = 1.90> <FuncUnit> <Opcode : 'hmul'> <InPorts = 2> <OutPorts = 1>
ST_6 : Operation 470 [1/1] (0.00ns)   --->   "%wv_26 = bitcast i16 %u_40" [../gen/Hls_Layers_UpConv.tpp:43->../gen/Hls_Layers_UpConv.tpp:122]   --->   Operation 470 'bitcast' 'wv_26' <Predicate = true> <Delay = 0.00>
ST_6 : Operation 471 [4/4] (1.90ns)   --->   "%prod_25 = hmul i16 %xv_10, i16 %wv_26" [../gen/Hls_Layers_UpConv.tpp:125]   --->   Operation 471 'hmul' 'prod_25' <Predicate = true> <Delay = 1.90> <CoreInst = "HMul_nodsp">   --->   Core 58 'HMul_nodsp' <Latency = 3> <II = 1> <Delay = 1.90> <FuncUnit> <Opcode : 'hmul'> <InPorts = 2> <OutPorts = 1>
ST_6 : Operation 472 [1/1] (0.00ns)   --->   "%wv_27 = bitcast i16 %u_41" [../gen/Hls_Layers_UpConv.tpp:43->../gen/Hls_Layers_UpConv.tpp:122]   --->   Operation 472 'bitcast' 'wv_27' <Predicate = true> <Delay = 0.00>
ST_6 : Operation 473 [4/4] (1.90ns)   --->   "%prod_26 = hmul i16 %xv_11, i16 %wv_27" [../gen/Hls_Layers_UpConv.tpp:125]   --->   Operation 473 'hmul' 'prod_26' <Predicate = true> <Delay = 1.90> <CoreInst = "HMul_nodsp">   --->   Core 58 'HMul_nodsp' <Latency = 3> <II = 1> <Delay = 1.90> <FuncUnit> <Opcode : 'hmul'> <InPorts = 2> <OutPorts = 1>
ST_6 : Operation 474 [1/1] (0.00ns)   --->   "%wv_28 = bitcast i16 %u_42" [../gen/Hls_Layers_UpConv.tpp:43->../gen/Hls_Layers_UpConv.tpp:122]   --->   Operation 474 'bitcast' 'wv_28' <Predicate = true> <Delay = 0.00>
ST_6 : Operation 475 [4/4] (1.90ns)   --->   "%prod_27 = hmul i16 %xv_12, i16 %wv_28" [../gen/Hls_Layers_UpConv.tpp:125]   --->   Operation 475 'hmul' 'prod_27' <Predicate = true> <Delay = 1.90> <CoreInst = "HMul_nodsp">   --->   Core 58 'HMul_nodsp' <Latency = 3> <II = 1> <Delay = 1.90> <FuncUnit> <Opcode : 'hmul'> <InPorts = 2> <OutPorts = 1>
ST_6 : Operation 476 [1/1] (0.00ns)   --->   "%wv_29 = bitcast i16 %u_43" [../gen/Hls_Layers_UpConv.tpp:43->../gen/Hls_Layers_UpConv.tpp:122]   --->   Operation 476 'bitcast' 'wv_29' <Predicate = true> <Delay = 0.00>
ST_6 : Operation 477 [4/4] (1.90ns)   --->   "%prod_28 = hmul i16 %xv_13, i16 %wv_29" [../gen/Hls_Layers_UpConv.tpp:125]   --->   Operation 477 'hmul' 'prod_28' <Predicate = true> <Delay = 1.90> <CoreInst = "HMul_nodsp">   --->   Core 58 'HMul_nodsp' <Latency = 3> <II = 1> <Delay = 1.90> <FuncUnit> <Opcode : 'hmul'> <InPorts = 2> <OutPorts = 1>
ST_6 : Operation 478 [1/1] (0.00ns)   --->   "%wv_30 = bitcast i16 %u_44" [../gen/Hls_Layers_UpConv.tpp:43->../gen/Hls_Layers_UpConv.tpp:122]   --->   Operation 478 'bitcast' 'wv_30' <Predicate = true> <Delay = 0.00>
ST_6 : Operation 479 [4/4] (1.90ns)   --->   "%prod_29 = hmul i16 %xv_14, i16 %wv_30" [../gen/Hls_Layers_UpConv.tpp:125]   --->   Operation 479 'hmul' 'prod_29' <Predicate = true> <Delay = 1.90> <CoreInst = "HMul_nodsp">   --->   Core 58 'HMul_nodsp' <Latency = 3> <II = 1> <Delay = 1.90> <FuncUnit> <Opcode : 'hmul'> <InPorts = 2> <OutPorts = 1>
ST_6 : Operation 480 [1/1] (0.00ns)   --->   "%wv_31 = bitcast i16 %u_45" [../gen/Hls_Layers_UpConv.tpp:43->../gen/Hls_Layers_UpConv.tpp:122]   --->   Operation 480 'bitcast' 'wv_31' <Predicate = true> <Delay = 0.00>
ST_6 : Operation 481 [4/4] (1.90ns)   --->   "%prod_30 = hmul i16 %xv_15, i16 %wv_31" [../gen/Hls_Layers_UpConv.tpp:125]   --->   Operation 481 'hmul' 'prod_30' <Predicate = true> <Delay = 1.90> <CoreInst = "HMul_nodsp">   --->   Core 58 'HMul_nodsp' <Latency = 3> <II = 1> <Delay = 1.90> <FuncUnit> <Opcode : 'hmul'> <InPorts = 2> <OutPorts = 1>
ST_6 : Operation 482 [1/1] (0.00ns)   --->   "%wv_32 = bitcast i16 %u_138" [../gen/Hls_Layers_UpConv.tpp:43->../gen/Hls_Layers_UpConv.tpp:122]   --->   Operation 482 'bitcast' 'wv_32' <Predicate = true> <Delay = 0.00>
ST_6 : Operation 483 [4/4] (1.90ns)   --->   "%prod_31 = hmul i16 %xv, i16 %wv_32" [../gen/Hls_Layers_UpConv.tpp:125]   --->   Operation 483 'hmul' 'prod_31' <Predicate = true> <Delay = 1.90> <CoreInst = "HMul_nodsp">   --->   Core 58 'HMul_nodsp' <Latency = 3> <II = 1> <Delay = 1.90> <FuncUnit> <Opcode : 'hmul'> <InPorts = 2> <OutPorts = 1>
ST_6 : Operation 484 [1/1] (0.00ns)   --->   "%wv_33 = bitcast i16 %u_46" [../gen/Hls_Layers_UpConv.tpp:43->../gen/Hls_Layers_UpConv.tpp:122]   --->   Operation 484 'bitcast' 'wv_33' <Predicate = true> <Delay = 0.00>
ST_6 : Operation 485 [4/4] (1.90ns)   --->   "%prod_32 = hmul i16 %xv_1, i16 %wv_33" [../gen/Hls_Layers_UpConv.tpp:125]   --->   Operation 485 'hmul' 'prod_32' <Predicate = true> <Delay = 1.90> <CoreInst = "HMul_nodsp">   --->   Core 58 'HMul_nodsp' <Latency = 3> <II = 1> <Delay = 1.90> <FuncUnit> <Opcode : 'hmul'> <InPorts = 2> <OutPorts = 1>
ST_6 : Operation 486 [1/1] (0.00ns)   --->   "%wv_34 = bitcast i16 %u_47" [../gen/Hls_Layers_UpConv.tpp:43->../gen/Hls_Layers_UpConv.tpp:122]   --->   Operation 486 'bitcast' 'wv_34' <Predicate = true> <Delay = 0.00>
ST_6 : Operation 487 [4/4] (1.90ns)   --->   "%prod_33 = hmul i16 %xv_2, i16 %wv_34" [../gen/Hls_Layers_UpConv.tpp:125]   --->   Operation 487 'hmul' 'prod_33' <Predicate = true> <Delay = 1.90> <CoreInst = "HMul_nodsp">   --->   Core 58 'HMul_nodsp' <Latency = 3> <II = 1> <Delay = 1.90> <FuncUnit> <Opcode : 'hmul'> <InPorts = 2> <OutPorts = 1>
ST_6 : Operation 488 [1/1] (0.00ns)   --->   "%wv_35 = bitcast i16 %u_48" [../gen/Hls_Layers_UpConv.tpp:43->../gen/Hls_Layers_UpConv.tpp:122]   --->   Operation 488 'bitcast' 'wv_35' <Predicate = true> <Delay = 0.00>
ST_6 : Operation 489 [4/4] (1.90ns)   --->   "%prod_34 = hmul i16 %xv_3, i16 %wv_35" [../gen/Hls_Layers_UpConv.tpp:125]   --->   Operation 489 'hmul' 'prod_34' <Predicate = true> <Delay = 1.90> <CoreInst = "HMul_nodsp">   --->   Core 58 'HMul_nodsp' <Latency = 3> <II = 1> <Delay = 1.90> <FuncUnit> <Opcode : 'hmul'> <InPorts = 2> <OutPorts = 1>
ST_6 : Operation 490 [1/1] (0.00ns)   --->   "%wv_36 = bitcast i16 %u_49" [../gen/Hls_Layers_UpConv.tpp:43->../gen/Hls_Layers_UpConv.tpp:122]   --->   Operation 490 'bitcast' 'wv_36' <Predicate = true> <Delay = 0.00>
ST_6 : Operation 491 [4/4] (1.90ns)   --->   "%prod_35 = hmul i16 %xv_4, i16 %wv_36" [../gen/Hls_Layers_UpConv.tpp:125]   --->   Operation 491 'hmul' 'prod_35' <Predicate = true> <Delay = 1.90> <CoreInst = "HMul_nodsp">   --->   Core 58 'HMul_nodsp' <Latency = 3> <II = 1> <Delay = 1.90> <FuncUnit> <Opcode : 'hmul'> <InPorts = 2> <OutPorts = 1>
ST_6 : Operation 492 [1/1] (0.00ns)   --->   "%wv_37 = bitcast i16 %u_50" [../gen/Hls_Layers_UpConv.tpp:43->../gen/Hls_Layers_UpConv.tpp:122]   --->   Operation 492 'bitcast' 'wv_37' <Predicate = true> <Delay = 0.00>
ST_6 : Operation 493 [4/4] (1.90ns)   --->   "%prod_36 = hmul i16 %xv_5, i16 %wv_37" [../gen/Hls_Layers_UpConv.tpp:125]   --->   Operation 493 'hmul' 'prod_36' <Predicate = true> <Delay = 1.90> <CoreInst = "HMul_nodsp">   --->   Core 58 'HMul_nodsp' <Latency = 3> <II = 1> <Delay = 1.90> <FuncUnit> <Opcode : 'hmul'> <InPorts = 2> <OutPorts = 1>
ST_6 : Operation 494 [1/1] (0.00ns)   --->   "%wv_38 = bitcast i16 %u_51" [../gen/Hls_Layers_UpConv.tpp:43->../gen/Hls_Layers_UpConv.tpp:122]   --->   Operation 494 'bitcast' 'wv_38' <Predicate = true> <Delay = 0.00>
ST_6 : Operation 495 [4/4] (1.90ns)   --->   "%prod_37 = hmul i16 %xv_6, i16 %wv_38" [../gen/Hls_Layers_UpConv.tpp:125]   --->   Operation 495 'hmul' 'prod_37' <Predicate = true> <Delay = 1.90> <CoreInst = "HMul_nodsp">   --->   Core 58 'HMul_nodsp' <Latency = 3> <II = 1> <Delay = 1.90> <FuncUnit> <Opcode : 'hmul'> <InPorts = 2> <OutPorts = 1>
ST_6 : Operation 496 [1/1] (0.00ns)   --->   "%wv_39 = bitcast i16 %u_52" [../gen/Hls_Layers_UpConv.tpp:43->../gen/Hls_Layers_UpConv.tpp:122]   --->   Operation 496 'bitcast' 'wv_39' <Predicate = true> <Delay = 0.00>
ST_6 : Operation 497 [4/4] (1.90ns)   --->   "%prod_38 = hmul i16 %xv_7, i16 %wv_39" [../gen/Hls_Layers_UpConv.tpp:125]   --->   Operation 497 'hmul' 'prod_38' <Predicate = true> <Delay = 1.90> <CoreInst = "HMul_nodsp">   --->   Core 58 'HMul_nodsp' <Latency = 3> <II = 1> <Delay = 1.90> <FuncUnit> <Opcode : 'hmul'> <InPorts = 2> <OutPorts = 1>
ST_6 : Operation 498 [1/1] (0.00ns)   --->   "%wv_40 = bitcast i16 %u_53" [../gen/Hls_Layers_UpConv.tpp:43->../gen/Hls_Layers_UpConv.tpp:122]   --->   Operation 498 'bitcast' 'wv_40' <Predicate = true> <Delay = 0.00>
ST_6 : Operation 499 [4/4] (1.90ns)   --->   "%prod_39 = hmul i16 %xv_8, i16 %wv_40" [../gen/Hls_Layers_UpConv.tpp:125]   --->   Operation 499 'hmul' 'prod_39' <Predicate = true> <Delay = 1.90> <CoreInst = "HMul_nodsp">   --->   Core 58 'HMul_nodsp' <Latency = 3> <II = 1> <Delay = 1.90> <FuncUnit> <Opcode : 'hmul'> <InPorts = 2> <OutPorts = 1>
ST_6 : Operation 500 [1/1] (0.00ns)   --->   "%wv_41 = bitcast i16 %u_54" [../gen/Hls_Layers_UpConv.tpp:43->../gen/Hls_Layers_UpConv.tpp:122]   --->   Operation 500 'bitcast' 'wv_41' <Predicate = true> <Delay = 0.00>
ST_6 : Operation 501 [4/4] (1.90ns)   --->   "%prod_40 = hmul i16 %xv_9, i16 %wv_41" [../gen/Hls_Layers_UpConv.tpp:125]   --->   Operation 501 'hmul' 'prod_40' <Predicate = true> <Delay = 1.90> <CoreInst = "HMul_nodsp">   --->   Core 58 'HMul_nodsp' <Latency = 3> <II = 1> <Delay = 1.90> <FuncUnit> <Opcode : 'hmul'> <InPorts = 2> <OutPorts = 1>
ST_6 : Operation 502 [1/1] (0.00ns)   --->   "%wv_42 = bitcast i16 %u_55" [../gen/Hls_Layers_UpConv.tpp:43->../gen/Hls_Layers_UpConv.tpp:122]   --->   Operation 502 'bitcast' 'wv_42' <Predicate = true> <Delay = 0.00>
ST_6 : Operation 503 [4/4] (1.90ns)   --->   "%prod_41 = hmul i16 %xv_10, i16 %wv_42" [../gen/Hls_Layers_UpConv.tpp:125]   --->   Operation 503 'hmul' 'prod_41' <Predicate = true> <Delay = 1.90> <CoreInst = "HMul_nodsp">   --->   Core 58 'HMul_nodsp' <Latency = 3> <II = 1> <Delay = 1.90> <FuncUnit> <Opcode : 'hmul'> <InPorts = 2> <OutPorts = 1>
ST_6 : Operation 504 [1/1] (0.00ns)   --->   "%wv_43 = bitcast i16 %u_56" [../gen/Hls_Layers_UpConv.tpp:43->../gen/Hls_Layers_UpConv.tpp:122]   --->   Operation 504 'bitcast' 'wv_43' <Predicate = true> <Delay = 0.00>
ST_6 : Operation 505 [4/4] (1.90ns)   --->   "%prod_42 = hmul i16 %xv_11, i16 %wv_43" [../gen/Hls_Layers_UpConv.tpp:125]   --->   Operation 505 'hmul' 'prod_42' <Predicate = true> <Delay = 1.90> <CoreInst = "HMul_nodsp">   --->   Core 58 'HMul_nodsp' <Latency = 3> <II = 1> <Delay = 1.90> <FuncUnit> <Opcode : 'hmul'> <InPorts = 2> <OutPorts = 1>
ST_6 : Operation 506 [1/1] (0.00ns)   --->   "%wv_44 = bitcast i16 %u_57" [../gen/Hls_Layers_UpConv.tpp:43->../gen/Hls_Layers_UpConv.tpp:122]   --->   Operation 506 'bitcast' 'wv_44' <Predicate = true> <Delay = 0.00>
ST_6 : Operation 507 [4/4] (1.90ns)   --->   "%prod_43 = hmul i16 %xv_12, i16 %wv_44" [../gen/Hls_Layers_UpConv.tpp:125]   --->   Operation 507 'hmul' 'prod_43' <Predicate = true> <Delay = 1.90> <CoreInst = "HMul_nodsp">   --->   Core 58 'HMul_nodsp' <Latency = 3> <II = 1> <Delay = 1.90> <FuncUnit> <Opcode : 'hmul'> <InPorts = 2> <OutPorts = 1>
ST_6 : Operation 508 [1/1] (0.00ns)   --->   "%wv_45 = bitcast i16 %u_58" [../gen/Hls_Layers_UpConv.tpp:43->../gen/Hls_Layers_UpConv.tpp:122]   --->   Operation 508 'bitcast' 'wv_45' <Predicate = true> <Delay = 0.00>
ST_6 : Operation 509 [4/4] (1.90ns)   --->   "%prod_44 = hmul i16 %xv_13, i16 %wv_45" [../gen/Hls_Layers_UpConv.tpp:125]   --->   Operation 509 'hmul' 'prod_44' <Predicate = true> <Delay = 1.90> <CoreInst = "HMul_nodsp">   --->   Core 58 'HMul_nodsp' <Latency = 3> <II = 1> <Delay = 1.90> <FuncUnit> <Opcode : 'hmul'> <InPorts = 2> <OutPorts = 1>
ST_6 : Operation 510 [1/1] (0.00ns)   --->   "%wv_46 = bitcast i16 %u_59" [../gen/Hls_Layers_UpConv.tpp:43->../gen/Hls_Layers_UpConv.tpp:122]   --->   Operation 510 'bitcast' 'wv_46' <Predicate = true> <Delay = 0.00>
ST_6 : Operation 511 [4/4] (1.90ns)   --->   "%prod_45 = hmul i16 %xv_14, i16 %wv_46" [../gen/Hls_Layers_UpConv.tpp:125]   --->   Operation 511 'hmul' 'prod_45' <Predicate = true> <Delay = 1.90> <CoreInst = "HMul_nodsp">   --->   Core 58 'HMul_nodsp' <Latency = 3> <II = 1> <Delay = 1.90> <FuncUnit> <Opcode : 'hmul'> <InPorts = 2> <OutPorts = 1>
ST_6 : Operation 512 [1/1] (0.00ns)   --->   "%wv_47 = bitcast i16 %u_60" [../gen/Hls_Layers_UpConv.tpp:43->../gen/Hls_Layers_UpConv.tpp:122]   --->   Operation 512 'bitcast' 'wv_47' <Predicate = true> <Delay = 0.00>
ST_6 : Operation 513 [4/4] (1.90ns)   --->   "%prod_46 = hmul i16 %xv_15, i16 %wv_47" [../gen/Hls_Layers_UpConv.tpp:125]   --->   Operation 513 'hmul' 'prod_46' <Predicate = true> <Delay = 1.90> <CoreInst = "HMul_nodsp">   --->   Core 58 'HMul_nodsp' <Latency = 3> <II = 1> <Delay = 1.90> <FuncUnit> <Opcode : 'hmul'> <InPorts = 2> <OutPorts = 1>
ST_6 : Operation 514 [1/1] (0.00ns)   --->   "%wv_48 = bitcast i16 %u_139" [../gen/Hls_Layers_UpConv.tpp:43->../gen/Hls_Layers_UpConv.tpp:122]   --->   Operation 514 'bitcast' 'wv_48' <Predicate = true> <Delay = 0.00>
ST_6 : Operation 515 [4/4] (1.90ns)   --->   "%prod_47 = hmul i16 %xv, i16 %wv_48" [../gen/Hls_Layers_UpConv.tpp:125]   --->   Operation 515 'hmul' 'prod_47' <Predicate = true> <Delay = 1.90> <CoreInst = "HMul_nodsp">   --->   Core 58 'HMul_nodsp' <Latency = 3> <II = 1> <Delay = 1.90> <FuncUnit> <Opcode : 'hmul'> <InPorts = 2> <OutPorts = 1>
ST_6 : Operation 516 [1/1] (0.00ns)   --->   "%wv_49 = bitcast i16 %u_61" [../gen/Hls_Layers_UpConv.tpp:43->../gen/Hls_Layers_UpConv.tpp:122]   --->   Operation 516 'bitcast' 'wv_49' <Predicate = true> <Delay = 0.00>
ST_6 : Operation 517 [4/4] (1.90ns)   --->   "%prod_48 = hmul i16 %xv_1, i16 %wv_49" [../gen/Hls_Layers_UpConv.tpp:125]   --->   Operation 517 'hmul' 'prod_48' <Predicate = true> <Delay = 1.90> <CoreInst = "HMul_nodsp">   --->   Core 58 'HMul_nodsp' <Latency = 3> <II = 1> <Delay = 1.90> <FuncUnit> <Opcode : 'hmul'> <InPorts = 2> <OutPorts = 1>
ST_6 : Operation 518 [1/1] (0.00ns)   --->   "%wv_50 = bitcast i16 %u_62" [../gen/Hls_Layers_UpConv.tpp:43->../gen/Hls_Layers_UpConv.tpp:122]   --->   Operation 518 'bitcast' 'wv_50' <Predicate = true> <Delay = 0.00>
ST_6 : Operation 519 [4/4] (1.90ns)   --->   "%prod_49 = hmul i16 %xv_2, i16 %wv_50" [../gen/Hls_Layers_UpConv.tpp:125]   --->   Operation 519 'hmul' 'prod_49' <Predicate = true> <Delay = 1.90> <CoreInst = "HMul_nodsp">   --->   Core 58 'HMul_nodsp' <Latency = 3> <II = 1> <Delay = 1.90> <FuncUnit> <Opcode : 'hmul'> <InPorts = 2> <OutPorts = 1>
ST_6 : Operation 520 [1/1] (0.00ns)   --->   "%wv_51 = bitcast i16 %u_63" [../gen/Hls_Layers_UpConv.tpp:43->../gen/Hls_Layers_UpConv.tpp:122]   --->   Operation 520 'bitcast' 'wv_51' <Predicate = true> <Delay = 0.00>
ST_6 : Operation 521 [4/4] (1.90ns)   --->   "%prod_50 = hmul i16 %xv_3, i16 %wv_51" [../gen/Hls_Layers_UpConv.tpp:125]   --->   Operation 521 'hmul' 'prod_50' <Predicate = true> <Delay = 1.90> <CoreInst = "HMul_nodsp">   --->   Core 58 'HMul_nodsp' <Latency = 3> <II = 1> <Delay = 1.90> <FuncUnit> <Opcode : 'hmul'> <InPorts = 2> <OutPorts = 1>
ST_6 : Operation 522 [1/1] (0.00ns)   --->   "%wv_52 = bitcast i16 %u_64" [../gen/Hls_Layers_UpConv.tpp:43->../gen/Hls_Layers_UpConv.tpp:122]   --->   Operation 522 'bitcast' 'wv_52' <Predicate = true> <Delay = 0.00>
ST_6 : Operation 523 [4/4] (1.90ns)   --->   "%prod_51 = hmul i16 %xv_4, i16 %wv_52" [../gen/Hls_Layers_UpConv.tpp:125]   --->   Operation 523 'hmul' 'prod_51' <Predicate = true> <Delay = 1.90> <CoreInst = "HMul_nodsp">   --->   Core 58 'HMul_nodsp' <Latency = 3> <II = 1> <Delay = 1.90> <FuncUnit> <Opcode : 'hmul'> <InPorts = 2> <OutPorts = 1>
ST_6 : Operation 524 [1/1] (0.00ns)   --->   "%wv_53 = bitcast i16 %u_65" [../gen/Hls_Layers_UpConv.tpp:43->../gen/Hls_Layers_UpConv.tpp:122]   --->   Operation 524 'bitcast' 'wv_53' <Predicate = true> <Delay = 0.00>
ST_6 : Operation 525 [4/4] (1.90ns)   --->   "%prod_52 = hmul i16 %xv_5, i16 %wv_53" [../gen/Hls_Layers_UpConv.tpp:125]   --->   Operation 525 'hmul' 'prod_52' <Predicate = true> <Delay = 1.90> <CoreInst = "HMul_nodsp">   --->   Core 58 'HMul_nodsp' <Latency = 3> <II = 1> <Delay = 1.90> <FuncUnit> <Opcode : 'hmul'> <InPorts = 2> <OutPorts = 1>
ST_6 : Operation 526 [1/1] (0.00ns)   --->   "%wv_54 = bitcast i16 %u_66" [../gen/Hls_Layers_UpConv.tpp:43->../gen/Hls_Layers_UpConv.tpp:122]   --->   Operation 526 'bitcast' 'wv_54' <Predicate = true> <Delay = 0.00>
ST_6 : Operation 527 [4/4] (1.90ns)   --->   "%prod_53 = hmul i16 %xv_6, i16 %wv_54" [../gen/Hls_Layers_UpConv.tpp:125]   --->   Operation 527 'hmul' 'prod_53' <Predicate = true> <Delay = 1.90> <CoreInst = "HMul_nodsp">   --->   Core 58 'HMul_nodsp' <Latency = 3> <II = 1> <Delay = 1.90> <FuncUnit> <Opcode : 'hmul'> <InPorts = 2> <OutPorts = 1>
ST_6 : Operation 528 [1/1] (0.00ns)   --->   "%wv_55 = bitcast i16 %u_67" [../gen/Hls_Layers_UpConv.tpp:43->../gen/Hls_Layers_UpConv.tpp:122]   --->   Operation 528 'bitcast' 'wv_55' <Predicate = true> <Delay = 0.00>
ST_6 : Operation 529 [4/4] (1.90ns)   --->   "%prod_54 = hmul i16 %xv_7, i16 %wv_55" [../gen/Hls_Layers_UpConv.tpp:125]   --->   Operation 529 'hmul' 'prod_54' <Predicate = true> <Delay = 1.90> <CoreInst = "HMul_nodsp">   --->   Core 58 'HMul_nodsp' <Latency = 3> <II = 1> <Delay = 1.90> <FuncUnit> <Opcode : 'hmul'> <InPorts = 2> <OutPorts = 1>
ST_6 : Operation 530 [1/1] (0.00ns)   --->   "%wv_56 = bitcast i16 %u_68" [../gen/Hls_Layers_UpConv.tpp:43->../gen/Hls_Layers_UpConv.tpp:122]   --->   Operation 530 'bitcast' 'wv_56' <Predicate = true> <Delay = 0.00>
ST_6 : Operation 531 [4/4] (1.90ns)   --->   "%prod_55 = hmul i16 %xv_8, i16 %wv_56" [../gen/Hls_Layers_UpConv.tpp:125]   --->   Operation 531 'hmul' 'prod_55' <Predicate = true> <Delay = 1.90> <CoreInst = "HMul_nodsp">   --->   Core 58 'HMul_nodsp' <Latency = 3> <II = 1> <Delay = 1.90> <FuncUnit> <Opcode : 'hmul'> <InPorts = 2> <OutPorts = 1>
ST_6 : Operation 532 [1/1] (0.00ns)   --->   "%wv_57 = bitcast i16 %u_69" [../gen/Hls_Layers_UpConv.tpp:43->../gen/Hls_Layers_UpConv.tpp:122]   --->   Operation 532 'bitcast' 'wv_57' <Predicate = true> <Delay = 0.00>
ST_6 : Operation 533 [4/4] (1.90ns)   --->   "%prod_56 = hmul i16 %xv_9, i16 %wv_57" [../gen/Hls_Layers_UpConv.tpp:125]   --->   Operation 533 'hmul' 'prod_56' <Predicate = true> <Delay = 1.90> <CoreInst = "HMul_nodsp">   --->   Core 58 'HMul_nodsp' <Latency = 3> <II = 1> <Delay = 1.90> <FuncUnit> <Opcode : 'hmul'> <InPorts = 2> <OutPorts = 1>
ST_6 : Operation 534 [1/1] (0.00ns)   --->   "%wv_58 = bitcast i16 %u_70" [../gen/Hls_Layers_UpConv.tpp:43->../gen/Hls_Layers_UpConv.tpp:122]   --->   Operation 534 'bitcast' 'wv_58' <Predicate = true> <Delay = 0.00>
ST_6 : Operation 535 [4/4] (1.90ns)   --->   "%prod_57 = hmul i16 %xv_10, i16 %wv_58" [../gen/Hls_Layers_UpConv.tpp:125]   --->   Operation 535 'hmul' 'prod_57' <Predicate = true> <Delay = 1.90> <CoreInst = "HMul_nodsp">   --->   Core 58 'HMul_nodsp' <Latency = 3> <II = 1> <Delay = 1.90> <FuncUnit> <Opcode : 'hmul'> <InPorts = 2> <OutPorts = 1>
ST_6 : Operation 536 [1/1] (0.00ns)   --->   "%wv_59 = bitcast i16 %u_71" [../gen/Hls_Layers_UpConv.tpp:43->../gen/Hls_Layers_UpConv.tpp:122]   --->   Operation 536 'bitcast' 'wv_59' <Predicate = true> <Delay = 0.00>
ST_6 : Operation 537 [4/4] (1.90ns)   --->   "%prod_58 = hmul i16 %xv_11, i16 %wv_59" [../gen/Hls_Layers_UpConv.tpp:125]   --->   Operation 537 'hmul' 'prod_58' <Predicate = true> <Delay = 1.90> <CoreInst = "HMul_nodsp">   --->   Core 58 'HMul_nodsp' <Latency = 3> <II = 1> <Delay = 1.90> <FuncUnit> <Opcode : 'hmul'> <InPorts = 2> <OutPorts = 1>
ST_6 : Operation 538 [1/1] (0.00ns)   --->   "%wv_60 = bitcast i16 %u_72" [../gen/Hls_Layers_UpConv.tpp:43->../gen/Hls_Layers_UpConv.tpp:122]   --->   Operation 538 'bitcast' 'wv_60' <Predicate = true> <Delay = 0.00>
ST_6 : Operation 539 [4/4] (1.90ns)   --->   "%prod_59 = hmul i16 %xv_12, i16 %wv_60" [../gen/Hls_Layers_UpConv.tpp:125]   --->   Operation 539 'hmul' 'prod_59' <Predicate = true> <Delay = 1.90> <CoreInst = "HMul_nodsp">   --->   Core 58 'HMul_nodsp' <Latency = 3> <II = 1> <Delay = 1.90> <FuncUnit> <Opcode : 'hmul'> <InPorts = 2> <OutPorts = 1>
ST_6 : Operation 540 [1/1] (0.00ns)   --->   "%wv_61 = bitcast i16 %u_73" [../gen/Hls_Layers_UpConv.tpp:43->../gen/Hls_Layers_UpConv.tpp:122]   --->   Operation 540 'bitcast' 'wv_61' <Predicate = true> <Delay = 0.00>
ST_6 : Operation 541 [4/4] (1.90ns)   --->   "%prod_60 = hmul i16 %xv_13, i16 %wv_61" [../gen/Hls_Layers_UpConv.tpp:125]   --->   Operation 541 'hmul' 'prod_60' <Predicate = true> <Delay = 1.90> <CoreInst = "HMul_nodsp">   --->   Core 58 'HMul_nodsp' <Latency = 3> <II = 1> <Delay = 1.90> <FuncUnit> <Opcode : 'hmul'> <InPorts = 2> <OutPorts = 1>
ST_6 : Operation 542 [1/1] (0.00ns)   --->   "%wv_62 = bitcast i16 %u_74" [../gen/Hls_Layers_UpConv.tpp:43->../gen/Hls_Layers_UpConv.tpp:122]   --->   Operation 542 'bitcast' 'wv_62' <Predicate = true> <Delay = 0.00>
ST_6 : Operation 543 [4/4] (1.90ns)   --->   "%prod_61 = hmul i16 %xv_14, i16 %wv_62" [../gen/Hls_Layers_UpConv.tpp:125]   --->   Operation 543 'hmul' 'prod_61' <Predicate = true> <Delay = 1.90> <CoreInst = "HMul_nodsp">   --->   Core 58 'HMul_nodsp' <Latency = 3> <II = 1> <Delay = 1.90> <FuncUnit> <Opcode : 'hmul'> <InPorts = 2> <OutPorts = 1>
ST_6 : Operation 544 [1/1] (0.00ns)   --->   "%wv_63 = bitcast i16 %u_75" [../gen/Hls_Layers_UpConv.tpp:43->../gen/Hls_Layers_UpConv.tpp:122]   --->   Operation 544 'bitcast' 'wv_63' <Predicate = true> <Delay = 0.00>
ST_6 : Operation 545 [4/4] (1.90ns)   --->   "%prod_62 = hmul i16 %xv_15, i16 %wv_63" [../gen/Hls_Layers_UpConv.tpp:125]   --->   Operation 545 'hmul' 'prod_62' <Predicate = true> <Delay = 1.90> <CoreInst = "HMul_nodsp">   --->   Core 58 'HMul_nodsp' <Latency = 3> <II = 1> <Delay = 1.90> <FuncUnit> <Opcode : 'hmul'> <InPorts = 2> <OutPorts = 1>
ST_6 : Operation 546 [1/1] (0.00ns)   --->   "%wv_64 = bitcast i16 %u_140" [../gen/Hls_Layers_UpConv.tpp:43->../gen/Hls_Layers_UpConv.tpp:122]   --->   Operation 546 'bitcast' 'wv_64' <Predicate = true> <Delay = 0.00>
ST_6 : Operation 547 [4/4] (1.90ns)   --->   "%prod_63 = hmul i16 %xv, i16 %wv_64" [../gen/Hls_Layers_UpConv.tpp:125]   --->   Operation 547 'hmul' 'prod_63' <Predicate = true> <Delay = 1.90> <CoreInst = "HMul_nodsp">   --->   Core 58 'HMul_nodsp' <Latency = 3> <II = 1> <Delay = 1.90> <FuncUnit> <Opcode : 'hmul'> <InPorts = 2> <OutPorts = 1>
ST_6 : Operation 548 [1/1] (0.00ns)   --->   "%wv_65 = bitcast i16 %u_76" [../gen/Hls_Layers_UpConv.tpp:43->../gen/Hls_Layers_UpConv.tpp:122]   --->   Operation 548 'bitcast' 'wv_65' <Predicate = true> <Delay = 0.00>
ST_6 : Operation 549 [4/4] (1.90ns)   --->   "%prod_64 = hmul i16 %xv_1, i16 %wv_65" [../gen/Hls_Layers_UpConv.tpp:125]   --->   Operation 549 'hmul' 'prod_64' <Predicate = true> <Delay = 1.90> <CoreInst = "HMul_nodsp">   --->   Core 58 'HMul_nodsp' <Latency = 3> <II = 1> <Delay = 1.90> <FuncUnit> <Opcode : 'hmul'> <InPorts = 2> <OutPorts = 1>
ST_6 : Operation 550 [1/1] (0.00ns)   --->   "%wv_66 = bitcast i16 %u_77" [../gen/Hls_Layers_UpConv.tpp:43->../gen/Hls_Layers_UpConv.tpp:122]   --->   Operation 550 'bitcast' 'wv_66' <Predicate = true> <Delay = 0.00>
ST_6 : Operation 551 [4/4] (1.90ns)   --->   "%prod_65 = hmul i16 %xv_2, i16 %wv_66" [../gen/Hls_Layers_UpConv.tpp:125]   --->   Operation 551 'hmul' 'prod_65' <Predicate = true> <Delay = 1.90> <CoreInst = "HMul_nodsp">   --->   Core 58 'HMul_nodsp' <Latency = 3> <II = 1> <Delay = 1.90> <FuncUnit> <Opcode : 'hmul'> <InPorts = 2> <OutPorts = 1>
ST_6 : Operation 552 [1/1] (0.00ns)   --->   "%wv_67 = bitcast i16 %u_78" [../gen/Hls_Layers_UpConv.tpp:43->../gen/Hls_Layers_UpConv.tpp:122]   --->   Operation 552 'bitcast' 'wv_67' <Predicate = true> <Delay = 0.00>
ST_6 : Operation 553 [4/4] (1.90ns)   --->   "%prod_66 = hmul i16 %xv_3, i16 %wv_67" [../gen/Hls_Layers_UpConv.tpp:125]   --->   Operation 553 'hmul' 'prod_66' <Predicate = true> <Delay = 1.90> <CoreInst = "HMul_nodsp">   --->   Core 58 'HMul_nodsp' <Latency = 3> <II = 1> <Delay = 1.90> <FuncUnit> <Opcode : 'hmul'> <InPorts = 2> <OutPorts = 1>
ST_6 : Operation 554 [1/1] (0.00ns)   --->   "%wv_68 = bitcast i16 %u_79" [../gen/Hls_Layers_UpConv.tpp:43->../gen/Hls_Layers_UpConv.tpp:122]   --->   Operation 554 'bitcast' 'wv_68' <Predicate = true> <Delay = 0.00>
ST_6 : Operation 555 [4/4] (1.90ns)   --->   "%prod_67 = hmul i16 %xv_4, i16 %wv_68" [../gen/Hls_Layers_UpConv.tpp:125]   --->   Operation 555 'hmul' 'prod_67' <Predicate = true> <Delay = 1.90> <CoreInst = "HMul_nodsp">   --->   Core 58 'HMul_nodsp' <Latency = 3> <II = 1> <Delay = 1.90> <FuncUnit> <Opcode : 'hmul'> <InPorts = 2> <OutPorts = 1>
ST_6 : Operation 556 [1/1] (0.00ns)   --->   "%wv_69 = bitcast i16 %u_80" [../gen/Hls_Layers_UpConv.tpp:43->../gen/Hls_Layers_UpConv.tpp:122]   --->   Operation 556 'bitcast' 'wv_69' <Predicate = true> <Delay = 0.00>
ST_6 : Operation 557 [4/4] (1.90ns)   --->   "%prod_68 = hmul i16 %xv_5, i16 %wv_69" [../gen/Hls_Layers_UpConv.tpp:125]   --->   Operation 557 'hmul' 'prod_68' <Predicate = true> <Delay = 1.90> <CoreInst = "HMul_nodsp">   --->   Core 58 'HMul_nodsp' <Latency = 3> <II = 1> <Delay = 1.90> <FuncUnit> <Opcode : 'hmul'> <InPorts = 2> <OutPorts = 1>
ST_6 : Operation 558 [1/1] (0.00ns)   --->   "%wv_70 = bitcast i16 %u_81" [../gen/Hls_Layers_UpConv.tpp:43->../gen/Hls_Layers_UpConv.tpp:122]   --->   Operation 558 'bitcast' 'wv_70' <Predicate = true> <Delay = 0.00>
ST_6 : Operation 559 [4/4] (1.90ns)   --->   "%prod_69 = hmul i16 %xv_6, i16 %wv_70" [../gen/Hls_Layers_UpConv.tpp:125]   --->   Operation 559 'hmul' 'prod_69' <Predicate = true> <Delay = 1.90> <CoreInst = "HMul_nodsp">   --->   Core 58 'HMul_nodsp' <Latency = 3> <II = 1> <Delay = 1.90> <FuncUnit> <Opcode : 'hmul'> <InPorts = 2> <OutPorts = 1>
ST_6 : Operation 560 [1/1] (0.00ns)   --->   "%wv_71 = bitcast i16 %u_82" [../gen/Hls_Layers_UpConv.tpp:43->../gen/Hls_Layers_UpConv.tpp:122]   --->   Operation 560 'bitcast' 'wv_71' <Predicate = true> <Delay = 0.00>
ST_6 : Operation 561 [4/4] (1.90ns)   --->   "%prod_70 = hmul i16 %xv_7, i16 %wv_71" [../gen/Hls_Layers_UpConv.tpp:125]   --->   Operation 561 'hmul' 'prod_70' <Predicate = true> <Delay = 1.90> <CoreInst = "HMul_nodsp">   --->   Core 58 'HMul_nodsp' <Latency = 3> <II = 1> <Delay = 1.90> <FuncUnit> <Opcode : 'hmul'> <InPorts = 2> <OutPorts = 1>
ST_6 : Operation 562 [1/1] (0.00ns)   --->   "%wv_72 = bitcast i16 %u_83" [../gen/Hls_Layers_UpConv.tpp:43->../gen/Hls_Layers_UpConv.tpp:122]   --->   Operation 562 'bitcast' 'wv_72' <Predicate = true> <Delay = 0.00>
ST_6 : Operation 563 [4/4] (1.90ns)   --->   "%prod_71 = hmul i16 %xv_8, i16 %wv_72" [../gen/Hls_Layers_UpConv.tpp:125]   --->   Operation 563 'hmul' 'prod_71' <Predicate = true> <Delay = 1.90> <CoreInst = "HMul_nodsp">   --->   Core 58 'HMul_nodsp' <Latency = 3> <II = 1> <Delay = 1.90> <FuncUnit> <Opcode : 'hmul'> <InPorts = 2> <OutPorts = 1>
ST_6 : Operation 564 [1/1] (0.00ns)   --->   "%wv_73 = bitcast i16 %u_84" [../gen/Hls_Layers_UpConv.tpp:43->../gen/Hls_Layers_UpConv.tpp:122]   --->   Operation 564 'bitcast' 'wv_73' <Predicate = true> <Delay = 0.00>
ST_6 : Operation 565 [4/4] (1.90ns)   --->   "%prod_72 = hmul i16 %xv_9, i16 %wv_73" [../gen/Hls_Layers_UpConv.tpp:125]   --->   Operation 565 'hmul' 'prod_72' <Predicate = true> <Delay = 1.90> <CoreInst = "HMul_nodsp">   --->   Core 58 'HMul_nodsp' <Latency = 3> <II = 1> <Delay = 1.90> <FuncUnit> <Opcode : 'hmul'> <InPorts = 2> <OutPorts = 1>
ST_6 : Operation 566 [1/1] (0.00ns)   --->   "%wv_74 = bitcast i16 %u_85" [../gen/Hls_Layers_UpConv.tpp:43->../gen/Hls_Layers_UpConv.tpp:122]   --->   Operation 566 'bitcast' 'wv_74' <Predicate = true> <Delay = 0.00>
ST_6 : Operation 567 [4/4] (1.90ns)   --->   "%prod_73 = hmul i16 %xv_10, i16 %wv_74" [../gen/Hls_Layers_UpConv.tpp:125]   --->   Operation 567 'hmul' 'prod_73' <Predicate = true> <Delay = 1.90> <CoreInst = "HMul_nodsp">   --->   Core 58 'HMul_nodsp' <Latency = 3> <II = 1> <Delay = 1.90> <FuncUnit> <Opcode : 'hmul'> <InPorts = 2> <OutPorts = 1>
ST_6 : Operation 568 [1/1] (0.00ns)   --->   "%wv_75 = bitcast i16 %u_86" [../gen/Hls_Layers_UpConv.tpp:43->../gen/Hls_Layers_UpConv.tpp:122]   --->   Operation 568 'bitcast' 'wv_75' <Predicate = true> <Delay = 0.00>
ST_6 : Operation 569 [4/4] (1.90ns)   --->   "%prod_74 = hmul i16 %xv_11, i16 %wv_75" [../gen/Hls_Layers_UpConv.tpp:125]   --->   Operation 569 'hmul' 'prod_74' <Predicate = true> <Delay = 1.90> <CoreInst = "HMul_nodsp">   --->   Core 58 'HMul_nodsp' <Latency = 3> <II = 1> <Delay = 1.90> <FuncUnit> <Opcode : 'hmul'> <InPorts = 2> <OutPorts = 1>
ST_6 : Operation 570 [1/1] (0.00ns)   --->   "%wv_76 = bitcast i16 %u_87" [../gen/Hls_Layers_UpConv.tpp:43->../gen/Hls_Layers_UpConv.tpp:122]   --->   Operation 570 'bitcast' 'wv_76' <Predicate = true> <Delay = 0.00>
ST_6 : Operation 571 [4/4] (1.90ns)   --->   "%prod_75 = hmul i16 %xv_12, i16 %wv_76" [../gen/Hls_Layers_UpConv.tpp:125]   --->   Operation 571 'hmul' 'prod_75' <Predicate = true> <Delay = 1.90> <CoreInst = "HMul_nodsp">   --->   Core 58 'HMul_nodsp' <Latency = 3> <II = 1> <Delay = 1.90> <FuncUnit> <Opcode : 'hmul'> <InPorts = 2> <OutPorts = 1>
ST_6 : Operation 572 [1/1] (0.00ns)   --->   "%wv_77 = bitcast i16 %u_88" [../gen/Hls_Layers_UpConv.tpp:43->../gen/Hls_Layers_UpConv.tpp:122]   --->   Operation 572 'bitcast' 'wv_77' <Predicate = true> <Delay = 0.00>
ST_6 : Operation 573 [4/4] (1.90ns)   --->   "%prod_76 = hmul i16 %xv_13, i16 %wv_77" [../gen/Hls_Layers_UpConv.tpp:125]   --->   Operation 573 'hmul' 'prod_76' <Predicate = true> <Delay = 1.90> <CoreInst = "HMul_nodsp">   --->   Core 58 'HMul_nodsp' <Latency = 3> <II = 1> <Delay = 1.90> <FuncUnit> <Opcode : 'hmul'> <InPorts = 2> <OutPorts = 1>
ST_6 : Operation 574 [1/1] (0.00ns)   --->   "%wv_78 = bitcast i16 %u_89" [../gen/Hls_Layers_UpConv.tpp:43->../gen/Hls_Layers_UpConv.tpp:122]   --->   Operation 574 'bitcast' 'wv_78' <Predicate = true> <Delay = 0.00>
ST_6 : Operation 575 [4/4] (1.90ns)   --->   "%prod_77 = hmul i16 %xv_14, i16 %wv_78" [../gen/Hls_Layers_UpConv.tpp:125]   --->   Operation 575 'hmul' 'prod_77' <Predicate = true> <Delay = 1.90> <CoreInst = "HMul_nodsp">   --->   Core 58 'HMul_nodsp' <Latency = 3> <II = 1> <Delay = 1.90> <FuncUnit> <Opcode : 'hmul'> <InPorts = 2> <OutPorts = 1>
ST_6 : Operation 576 [1/1] (0.00ns)   --->   "%wv_79 = bitcast i16 %u_90" [../gen/Hls_Layers_UpConv.tpp:43->../gen/Hls_Layers_UpConv.tpp:122]   --->   Operation 576 'bitcast' 'wv_79' <Predicate = true> <Delay = 0.00>
ST_6 : Operation 577 [4/4] (1.90ns)   --->   "%prod_78 = hmul i16 %xv_15, i16 %wv_79" [../gen/Hls_Layers_UpConv.tpp:125]   --->   Operation 577 'hmul' 'prod_78' <Predicate = true> <Delay = 1.90> <CoreInst = "HMul_nodsp">   --->   Core 58 'HMul_nodsp' <Latency = 3> <II = 1> <Delay = 1.90> <FuncUnit> <Opcode : 'hmul'> <InPorts = 2> <OutPorts = 1>
ST_6 : Operation 578 [1/1] (0.00ns)   --->   "%wv_80 = bitcast i16 %u_141" [../gen/Hls_Layers_UpConv.tpp:43->../gen/Hls_Layers_UpConv.tpp:122]   --->   Operation 578 'bitcast' 'wv_80' <Predicate = true> <Delay = 0.00>
ST_6 : Operation 579 [4/4] (1.90ns)   --->   "%prod_79 = hmul i16 %xv, i16 %wv_80" [../gen/Hls_Layers_UpConv.tpp:125]   --->   Operation 579 'hmul' 'prod_79' <Predicate = true> <Delay = 1.90> <CoreInst = "HMul_nodsp">   --->   Core 58 'HMul_nodsp' <Latency = 3> <II = 1> <Delay = 1.90> <FuncUnit> <Opcode : 'hmul'> <InPorts = 2> <OutPorts = 1>
ST_6 : Operation 580 [1/1] (0.00ns)   --->   "%wv_81 = bitcast i16 %u_91" [../gen/Hls_Layers_UpConv.tpp:43->../gen/Hls_Layers_UpConv.tpp:122]   --->   Operation 580 'bitcast' 'wv_81' <Predicate = true> <Delay = 0.00>
ST_6 : Operation 581 [4/4] (1.90ns)   --->   "%prod_80 = hmul i16 %xv_1, i16 %wv_81" [../gen/Hls_Layers_UpConv.tpp:125]   --->   Operation 581 'hmul' 'prod_80' <Predicate = true> <Delay = 1.90> <CoreInst = "HMul_nodsp">   --->   Core 58 'HMul_nodsp' <Latency = 3> <II = 1> <Delay = 1.90> <FuncUnit> <Opcode : 'hmul'> <InPorts = 2> <OutPorts = 1>
ST_6 : Operation 582 [1/1] (0.00ns)   --->   "%wv_82 = bitcast i16 %u_92" [../gen/Hls_Layers_UpConv.tpp:43->../gen/Hls_Layers_UpConv.tpp:122]   --->   Operation 582 'bitcast' 'wv_82' <Predicate = true> <Delay = 0.00>
ST_6 : Operation 583 [4/4] (1.90ns)   --->   "%prod_81 = hmul i16 %xv_2, i16 %wv_82" [../gen/Hls_Layers_UpConv.tpp:125]   --->   Operation 583 'hmul' 'prod_81' <Predicate = true> <Delay = 1.90> <CoreInst = "HMul_nodsp">   --->   Core 58 'HMul_nodsp' <Latency = 3> <II = 1> <Delay = 1.90> <FuncUnit> <Opcode : 'hmul'> <InPorts = 2> <OutPorts = 1>
ST_6 : Operation 584 [1/1] (0.00ns)   --->   "%wv_83 = bitcast i16 %u_93" [../gen/Hls_Layers_UpConv.tpp:43->../gen/Hls_Layers_UpConv.tpp:122]   --->   Operation 584 'bitcast' 'wv_83' <Predicate = true> <Delay = 0.00>
ST_6 : Operation 585 [4/4] (1.90ns)   --->   "%prod_82 = hmul i16 %xv_3, i16 %wv_83" [../gen/Hls_Layers_UpConv.tpp:125]   --->   Operation 585 'hmul' 'prod_82' <Predicate = true> <Delay = 1.90> <CoreInst = "HMul_nodsp">   --->   Core 58 'HMul_nodsp' <Latency = 3> <II = 1> <Delay = 1.90> <FuncUnit> <Opcode : 'hmul'> <InPorts = 2> <OutPorts = 1>
ST_6 : Operation 586 [1/1] (0.00ns)   --->   "%wv_84 = bitcast i16 %u_94" [../gen/Hls_Layers_UpConv.tpp:43->../gen/Hls_Layers_UpConv.tpp:122]   --->   Operation 586 'bitcast' 'wv_84' <Predicate = true> <Delay = 0.00>
ST_6 : Operation 587 [4/4] (1.90ns)   --->   "%prod_83 = hmul i16 %xv_4, i16 %wv_84" [../gen/Hls_Layers_UpConv.tpp:125]   --->   Operation 587 'hmul' 'prod_83' <Predicate = true> <Delay = 1.90> <CoreInst = "HMul_nodsp">   --->   Core 58 'HMul_nodsp' <Latency = 3> <II = 1> <Delay = 1.90> <FuncUnit> <Opcode : 'hmul'> <InPorts = 2> <OutPorts = 1>
ST_6 : Operation 588 [1/1] (0.00ns)   --->   "%wv_85 = bitcast i16 %u_95" [../gen/Hls_Layers_UpConv.tpp:43->../gen/Hls_Layers_UpConv.tpp:122]   --->   Operation 588 'bitcast' 'wv_85' <Predicate = true> <Delay = 0.00>
ST_6 : Operation 589 [4/4] (1.90ns)   --->   "%prod_84 = hmul i16 %xv_5, i16 %wv_85" [../gen/Hls_Layers_UpConv.tpp:125]   --->   Operation 589 'hmul' 'prod_84' <Predicate = true> <Delay = 1.90> <CoreInst = "HMul_nodsp">   --->   Core 58 'HMul_nodsp' <Latency = 3> <II = 1> <Delay = 1.90> <FuncUnit> <Opcode : 'hmul'> <InPorts = 2> <OutPorts = 1>
ST_6 : Operation 590 [1/1] (0.00ns)   --->   "%wv_86 = bitcast i16 %u_96" [../gen/Hls_Layers_UpConv.tpp:43->../gen/Hls_Layers_UpConv.tpp:122]   --->   Operation 590 'bitcast' 'wv_86' <Predicate = true> <Delay = 0.00>
ST_6 : Operation 591 [4/4] (1.90ns)   --->   "%prod_85 = hmul i16 %xv_6, i16 %wv_86" [../gen/Hls_Layers_UpConv.tpp:125]   --->   Operation 591 'hmul' 'prod_85' <Predicate = true> <Delay = 1.90> <CoreInst = "HMul_nodsp">   --->   Core 58 'HMul_nodsp' <Latency = 3> <II = 1> <Delay = 1.90> <FuncUnit> <Opcode : 'hmul'> <InPorts = 2> <OutPorts = 1>
ST_6 : Operation 592 [1/1] (0.00ns)   --->   "%wv_87 = bitcast i16 %u_97" [../gen/Hls_Layers_UpConv.tpp:43->../gen/Hls_Layers_UpConv.tpp:122]   --->   Operation 592 'bitcast' 'wv_87' <Predicate = true> <Delay = 0.00>
ST_6 : Operation 593 [4/4] (1.90ns)   --->   "%prod_86 = hmul i16 %xv_7, i16 %wv_87" [../gen/Hls_Layers_UpConv.tpp:125]   --->   Operation 593 'hmul' 'prod_86' <Predicate = true> <Delay = 1.90> <CoreInst = "HMul_nodsp">   --->   Core 58 'HMul_nodsp' <Latency = 3> <II = 1> <Delay = 1.90> <FuncUnit> <Opcode : 'hmul'> <InPorts = 2> <OutPorts = 1>
ST_6 : Operation 594 [1/1] (0.00ns)   --->   "%wv_88 = bitcast i16 %u_98" [../gen/Hls_Layers_UpConv.tpp:43->../gen/Hls_Layers_UpConv.tpp:122]   --->   Operation 594 'bitcast' 'wv_88' <Predicate = true> <Delay = 0.00>
ST_6 : Operation 595 [4/4] (1.90ns)   --->   "%prod_87 = hmul i16 %xv_8, i16 %wv_88" [../gen/Hls_Layers_UpConv.tpp:125]   --->   Operation 595 'hmul' 'prod_87' <Predicate = true> <Delay = 1.90> <CoreInst = "HMul_nodsp">   --->   Core 58 'HMul_nodsp' <Latency = 3> <II = 1> <Delay = 1.90> <FuncUnit> <Opcode : 'hmul'> <InPorts = 2> <OutPorts = 1>
ST_6 : Operation 596 [1/1] (0.00ns)   --->   "%wv_89 = bitcast i16 %u_99" [../gen/Hls_Layers_UpConv.tpp:43->../gen/Hls_Layers_UpConv.tpp:122]   --->   Operation 596 'bitcast' 'wv_89' <Predicate = true> <Delay = 0.00>
ST_6 : Operation 597 [4/4] (1.90ns)   --->   "%prod_88 = hmul i16 %xv_9, i16 %wv_89" [../gen/Hls_Layers_UpConv.tpp:125]   --->   Operation 597 'hmul' 'prod_88' <Predicate = true> <Delay = 1.90> <CoreInst = "HMul_nodsp">   --->   Core 58 'HMul_nodsp' <Latency = 3> <II = 1> <Delay = 1.90> <FuncUnit> <Opcode : 'hmul'> <InPorts = 2> <OutPorts = 1>
ST_6 : Operation 598 [1/1] (0.00ns)   --->   "%wv_90 = bitcast i16 %u_100" [../gen/Hls_Layers_UpConv.tpp:43->../gen/Hls_Layers_UpConv.tpp:122]   --->   Operation 598 'bitcast' 'wv_90' <Predicate = true> <Delay = 0.00>
ST_6 : Operation 599 [4/4] (1.90ns)   --->   "%prod_89 = hmul i16 %xv_10, i16 %wv_90" [../gen/Hls_Layers_UpConv.tpp:125]   --->   Operation 599 'hmul' 'prod_89' <Predicate = true> <Delay = 1.90> <CoreInst = "HMul_nodsp">   --->   Core 58 'HMul_nodsp' <Latency = 3> <II = 1> <Delay = 1.90> <FuncUnit> <Opcode : 'hmul'> <InPorts = 2> <OutPorts = 1>
ST_6 : Operation 600 [1/1] (0.00ns)   --->   "%wv_91 = bitcast i16 %u_101" [../gen/Hls_Layers_UpConv.tpp:43->../gen/Hls_Layers_UpConv.tpp:122]   --->   Operation 600 'bitcast' 'wv_91' <Predicate = true> <Delay = 0.00>
ST_6 : Operation 601 [4/4] (1.90ns)   --->   "%prod_90 = hmul i16 %xv_11, i16 %wv_91" [../gen/Hls_Layers_UpConv.tpp:125]   --->   Operation 601 'hmul' 'prod_90' <Predicate = true> <Delay = 1.90> <CoreInst = "HMul_nodsp">   --->   Core 58 'HMul_nodsp' <Latency = 3> <II = 1> <Delay = 1.90> <FuncUnit> <Opcode : 'hmul'> <InPorts = 2> <OutPorts = 1>
ST_6 : Operation 602 [1/1] (0.00ns)   --->   "%wv_92 = bitcast i16 %u_102" [../gen/Hls_Layers_UpConv.tpp:43->../gen/Hls_Layers_UpConv.tpp:122]   --->   Operation 602 'bitcast' 'wv_92' <Predicate = true> <Delay = 0.00>
ST_6 : Operation 603 [4/4] (1.90ns)   --->   "%prod_91 = hmul i16 %xv_12, i16 %wv_92" [../gen/Hls_Layers_UpConv.tpp:125]   --->   Operation 603 'hmul' 'prod_91' <Predicate = true> <Delay = 1.90> <CoreInst = "HMul_nodsp">   --->   Core 58 'HMul_nodsp' <Latency = 3> <II = 1> <Delay = 1.90> <FuncUnit> <Opcode : 'hmul'> <InPorts = 2> <OutPorts = 1>
ST_6 : Operation 604 [1/1] (0.00ns)   --->   "%wv_93 = bitcast i16 %u_103" [../gen/Hls_Layers_UpConv.tpp:43->../gen/Hls_Layers_UpConv.tpp:122]   --->   Operation 604 'bitcast' 'wv_93' <Predicate = true> <Delay = 0.00>
ST_6 : Operation 605 [4/4] (1.90ns)   --->   "%prod_92 = hmul i16 %xv_13, i16 %wv_93" [../gen/Hls_Layers_UpConv.tpp:125]   --->   Operation 605 'hmul' 'prod_92' <Predicate = true> <Delay = 1.90> <CoreInst = "HMul_nodsp">   --->   Core 58 'HMul_nodsp' <Latency = 3> <II = 1> <Delay = 1.90> <FuncUnit> <Opcode : 'hmul'> <InPorts = 2> <OutPorts = 1>
ST_6 : Operation 606 [1/1] (0.00ns)   --->   "%wv_94 = bitcast i16 %u_104" [../gen/Hls_Layers_UpConv.tpp:43->../gen/Hls_Layers_UpConv.tpp:122]   --->   Operation 606 'bitcast' 'wv_94' <Predicate = true> <Delay = 0.00>
ST_6 : Operation 607 [4/4] (1.90ns)   --->   "%prod_93 = hmul i16 %xv_14, i16 %wv_94" [../gen/Hls_Layers_UpConv.tpp:125]   --->   Operation 607 'hmul' 'prod_93' <Predicate = true> <Delay = 1.90> <CoreInst = "HMul_nodsp">   --->   Core 58 'HMul_nodsp' <Latency = 3> <II = 1> <Delay = 1.90> <FuncUnit> <Opcode : 'hmul'> <InPorts = 2> <OutPorts = 1>
ST_6 : Operation 608 [1/1] (0.00ns)   --->   "%wv_95 = bitcast i16 %u_105" [../gen/Hls_Layers_UpConv.tpp:43->../gen/Hls_Layers_UpConv.tpp:122]   --->   Operation 608 'bitcast' 'wv_95' <Predicate = true> <Delay = 0.00>
ST_6 : Operation 609 [4/4] (1.90ns)   --->   "%prod_94 = hmul i16 %xv_15, i16 %wv_95" [../gen/Hls_Layers_UpConv.tpp:125]   --->   Operation 609 'hmul' 'prod_94' <Predicate = true> <Delay = 1.90> <CoreInst = "HMul_nodsp">   --->   Core 58 'HMul_nodsp' <Latency = 3> <II = 1> <Delay = 1.90> <FuncUnit> <Opcode : 'hmul'> <InPorts = 2> <OutPorts = 1>
ST_6 : Operation 610 [1/1] (0.00ns)   --->   "%wv_96 = bitcast i16 %u_142" [../gen/Hls_Layers_UpConv.tpp:43->../gen/Hls_Layers_UpConv.tpp:122]   --->   Operation 610 'bitcast' 'wv_96' <Predicate = true> <Delay = 0.00>
ST_6 : Operation 611 [4/4] (1.90ns)   --->   "%prod_95 = hmul i16 %xv, i16 %wv_96" [../gen/Hls_Layers_UpConv.tpp:125]   --->   Operation 611 'hmul' 'prod_95' <Predicate = true> <Delay = 1.90> <CoreInst = "HMul_nodsp">   --->   Core 58 'HMul_nodsp' <Latency = 3> <II = 1> <Delay = 1.90> <FuncUnit> <Opcode : 'hmul'> <InPorts = 2> <OutPorts = 1>
ST_6 : Operation 612 [1/1] (0.00ns)   --->   "%wv_97 = bitcast i16 %u_106" [../gen/Hls_Layers_UpConv.tpp:43->../gen/Hls_Layers_UpConv.tpp:122]   --->   Operation 612 'bitcast' 'wv_97' <Predicate = true> <Delay = 0.00>
ST_6 : Operation 613 [4/4] (1.90ns)   --->   "%prod_96 = hmul i16 %xv_1, i16 %wv_97" [../gen/Hls_Layers_UpConv.tpp:125]   --->   Operation 613 'hmul' 'prod_96' <Predicate = true> <Delay = 1.90> <CoreInst = "HMul_nodsp">   --->   Core 58 'HMul_nodsp' <Latency = 3> <II = 1> <Delay = 1.90> <FuncUnit> <Opcode : 'hmul'> <InPorts = 2> <OutPorts = 1>
ST_6 : Operation 614 [1/1] (0.00ns)   --->   "%wv_98 = bitcast i16 %u_107" [../gen/Hls_Layers_UpConv.tpp:43->../gen/Hls_Layers_UpConv.tpp:122]   --->   Operation 614 'bitcast' 'wv_98' <Predicate = true> <Delay = 0.00>
ST_6 : Operation 615 [4/4] (1.90ns)   --->   "%prod_97 = hmul i16 %xv_2, i16 %wv_98" [../gen/Hls_Layers_UpConv.tpp:125]   --->   Operation 615 'hmul' 'prod_97' <Predicate = true> <Delay = 1.90> <CoreInst = "HMul_nodsp">   --->   Core 58 'HMul_nodsp' <Latency = 3> <II = 1> <Delay = 1.90> <FuncUnit> <Opcode : 'hmul'> <InPorts = 2> <OutPorts = 1>
ST_6 : Operation 616 [1/1] (0.00ns)   --->   "%wv_99 = bitcast i16 %u_108" [../gen/Hls_Layers_UpConv.tpp:43->../gen/Hls_Layers_UpConv.tpp:122]   --->   Operation 616 'bitcast' 'wv_99' <Predicate = true> <Delay = 0.00>
ST_6 : Operation 617 [4/4] (1.90ns)   --->   "%prod_98 = hmul i16 %xv_3, i16 %wv_99" [../gen/Hls_Layers_UpConv.tpp:125]   --->   Operation 617 'hmul' 'prod_98' <Predicate = true> <Delay = 1.90> <CoreInst = "HMul_nodsp">   --->   Core 58 'HMul_nodsp' <Latency = 3> <II = 1> <Delay = 1.90> <FuncUnit> <Opcode : 'hmul'> <InPorts = 2> <OutPorts = 1>
ST_6 : Operation 618 [1/1] (0.00ns)   --->   "%wv_100 = bitcast i16 %u_109" [../gen/Hls_Layers_UpConv.tpp:43->../gen/Hls_Layers_UpConv.tpp:122]   --->   Operation 618 'bitcast' 'wv_100' <Predicate = true> <Delay = 0.00>
ST_6 : Operation 619 [4/4] (1.90ns)   --->   "%prod_99 = hmul i16 %xv_4, i16 %wv_100" [../gen/Hls_Layers_UpConv.tpp:125]   --->   Operation 619 'hmul' 'prod_99' <Predicate = true> <Delay = 1.90> <CoreInst = "HMul_nodsp">   --->   Core 58 'HMul_nodsp' <Latency = 3> <II = 1> <Delay = 1.90> <FuncUnit> <Opcode : 'hmul'> <InPorts = 2> <OutPorts = 1>
ST_6 : Operation 620 [1/1] (0.00ns)   --->   "%wv_101 = bitcast i16 %u_110" [../gen/Hls_Layers_UpConv.tpp:43->../gen/Hls_Layers_UpConv.tpp:122]   --->   Operation 620 'bitcast' 'wv_101' <Predicate = true> <Delay = 0.00>
ST_6 : Operation 621 [4/4] (1.90ns)   --->   "%prod_100 = hmul i16 %xv_5, i16 %wv_101" [../gen/Hls_Layers_UpConv.tpp:125]   --->   Operation 621 'hmul' 'prod_100' <Predicate = true> <Delay = 1.90> <CoreInst = "HMul_nodsp">   --->   Core 58 'HMul_nodsp' <Latency = 3> <II = 1> <Delay = 1.90> <FuncUnit> <Opcode : 'hmul'> <InPorts = 2> <OutPorts = 1>
ST_6 : Operation 622 [1/1] (0.00ns)   --->   "%wv_102 = bitcast i16 %u_111" [../gen/Hls_Layers_UpConv.tpp:43->../gen/Hls_Layers_UpConv.tpp:122]   --->   Operation 622 'bitcast' 'wv_102' <Predicate = true> <Delay = 0.00>
ST_6 : Operation 623 [4/4] (1.90ns)   --->   "%prod_101 = hmul i16 %xv_6, i16 %wv_102" [../gen/Hls_Layers_UpConv.tpp:125]   --->   Operation 623 'hmul' 'prod_101' <Predicate = true> <Delay = 1.90> <CoreInst = "HMul_nodsp">   --->   Core 58 'HMul_nodsp' <Latency = 3> <II = 1> <Delay = 1.90> <FuncUnit> <Opcode : 'hmul'> <InPorts = 2> <OutPorts = 1>
ST_6 : Operation 624 [1/1] (0.00ns)   --->   "%wv_103 = bitcast i16 %u_112" [../gen/Hls_Layers_UpConv.tpp:43->../gen/Hls_Layers_UpConv.tpp:122]   --->   Operation 624 'bitcast' 'wv_103' <Predicate = true> <Delay = 0.00>
ST_6 : Operation 625 [4/4] (1.90ns)   --->   "%prod_102 = hmul i16 %xv_7, i16 %wv_103" [../gen/Hls_Layers_UpConv.tpp:125]   --->   Operation 625 'hmul' 'prod_102' <Predicate = true> <Delay = 1.90> <CoreInst = "HMul_nodsp">   --->   Core 58 'HMul_nodsp' <Latency = 3> <II = 1> <Delay = 1.90> <FuncUnit> <Opcode : 'hmul'> <InPorts = 2> <OutPorts = 1>
ST_6 : Operation 626 [1/1] (0.00ns)   --->   "%wv_104 = bitcast i16 %u_113" [../gen/Hls_Layers_UpConv.tpp:43->../gen/Hls_Layers_UpConv.tpp:122]   --->   Operation 626 'bitcast' 'wv_104' <Predicate = true> <Delay = 0.00>
ST_6 : Operation 627 [4/4] (1.90ns)   --->   "%prod_103 = hmul i16 %xv_8, i16 %wv_104" [../gen/Hls_Layers_UpConv.tpp:125]   --->   Operation 627 'hmul' 'prod_103' <Predicate = true> <Delay = 1.90> <CoreInst = "HMul_nodsp">   --->   Core 58 'HMul_nodsp' <Latency = 3> <II = 1> <Delay = 1.90> <FuncUnit> <Opcode : 'hmul'> <InPorts = 2> <OutPorts = 1>
ST_6 : Operation 628 [1/1] (0.00ns)   --->   "%wv_105 = bitcast i16 %u_114" [../gen/Hls_Layers_UpConv.tpp:43->../gen/Hls_Layers_UpConv.tpp:122]   --->   Operation 628 'bitcast' 'wv_105' <Predicate = true> <Delay = 0.00>
ST_6 : Operation 629 [4/4] (1.90ns)   --->   "%prod_104 = hmul i16 %xv_9, i16 %wv_105" [../gen/Hls_Layers_UpConv.tpp:125]   --->   Operation 629 'hmul' 'prod_104' <Predicate = true> <Delay = 1.90> <CoreInst = "HMul_nodsp">   --->   Core 58 'HMul_nodsp' <Latency = 3> <II = 1> <Delay = 1.90> <FuncUnit> <Opcode : 'hmul'> <InPorts = 2> <OutPorts = 1>
ST_6 : Operation 630 [1/1] (0.00ns)   --->   "%wv_106 = bitcast i16 %u_115" [../gen/Hls_Layers_UpConv.tpp:43->../gen/Hls_Layers_UpConv.tpp:122]   --->   Operation 630 'bitcast' 'wv_106' <Predicate = true> <Delay = 0.00>
ST_6 : Operation 631 [4/4] (1.90ns)   --->   "%prod_105 = hmul i16 %xv_10, i16 %wv_106" [../gen/Hls_Layers_UpConv.tpp:125]   --->   Operation 631 'hmul' 'prod_105' <Predicate = true> <Delay = 1.90> <CoreInst = "HMul_nodsp">   --->   Core 58 'HMul_nodsp' <Latency = 3> <II = 1> <Delay = 1.90> <FuncUnit> <Opcode : 'hmul'> <InPorts = 2> <OutPorts = 1>
ST_6 : Operation 632 [1/1] (0.00ns)   --->   "%wv_107 = bitcast i16 %u_116" [../gen/Hls_Layers_UpConv.tpp:43->../gen/Hls_Layers_UpConv.tpp:122]   --->   Operation 632 'bitcast' 'wv_107' <Predicate = true> <Delay = 0.00>
ST_6 : Operation 633 [4/4] (1.90ns)   --->   "%prod_106 = hmul i16 %xv_11, i16 %wv_107" [../gen/Hls_Layers_UpConv.tpp:125]   --->   Operation 633 'hmul' 'prod_106' <Predicate = true> <Delay = 1.90> <CoreInst = "HMul_nodsp">   --->   Core 58 'HMul_nodsp' <Latency = 3> <II = 1> <Delay = 1.90> <FuncUnit> <Opcode : 'hmul'> <InPorts = 2> <OutPorts = 1>
ST_6 : Operation 634 [1/1] (0.00ns)   --->   "%wv_108 = bitcast i16 %u_117" [../gen/Hls_Layers_UpConv.tpp:43->../gen/Hls_Layers_UpConv.tpp:122]   --->   Operation 634 'bitcast' 'wv_108' <Predicate = true> <Delay = 0.00>
ST_6 : Operation 635 [4/4] (1.90ns)   --->   "%prod_107 = hmul i16 %xv_12, i16 %wv_108" [../gen/Hls_Layers_UpConv.tpp:125]   --->   Operation 635 'hmul' 'prod_107' <Predicate = true> <Delay = 1.90> <CoreInst = "HMul_nodsp">   --->   Core 58 'HMul_nodsp' <Latency = 3> <II = 1> <Delay = 1.90> <FuncUnit> <Opcode : 'hmul'> <InPorts = 2> <OutPorts = 1>
ST_6 : Operation 636 [1/1] (0.00ns)   --->   "%wv_109 = bitcast i16 %u_118" [../gen/Hls_Layers_UpConv.tpp:43->../gen/Hls_Layers_UpConv.tpp:122]   --->   Operation 636 'bitcast' 'wv_109' <Predicate = true> <Delay = 0.00>
ST_6 : Operation 637 [4/4] (1.90ns)   --->   "%prod_108 = hmul i16 %xv_13, i16 %wv_109" [../gen/Hls_Layers_UpConv.tpp:125]   --->   Operation 637 'hmul' 'prod_108' <Predicate = true> <Delay = 1.90> <CoreInst = "HMul_nodsp">   --->   Core 58 'HMul_nodsp' <Latency = 3> <II = 1> <Delay = 1.90> <FuncUnit> <Opcode : 'hmul'> <InPorts = 2> <OutPorts = 1>
ST_6 : Operation 638 [1/1] (0.00ns)   --->   "%wv_110 = bitcast i16 %u_119" [../gen/Hls_Layers_UpConv.tpp:43->../gen/Hls_Layers_UpConv.tpp:122]   --->   Operation 638 'bitcast' 'wv_110' <Predicate = true> <Delay = 0.00>
ST_6 : Operation 639 [4/4] (1.90ns)   --->   "%prod_109 = hmul i16 %xv_14, i16 %wv_110" [../gen/Hls_Layers_UpConv.tpp:125]   --->   Operation 639 'hmul' 'prod_109' <Predicate = true> <Delay = 1.90> <CoreInst = "HMul_nodsp">   --->   Core 58 'HMul_nodsp' <Latency = 3> <II = 1> <Delay = 1.90> <FuncUnit> <Opcode : 'hmul'> <InPorts = 2> <OutPorts = 1>
ST_6 : Operation 640 [1/1] (0.00ns)   --->   "%wv_111 = bitcast i16 %u_120" [../gen/Hls_Layers_UpConv.tpp:43->../gen/Hls_Layers_UpConv.tpp:122]   --->   Operation 640 'bitcast' 'wv_111' <Predicate = true> <Delay = 0.00>
ST_6 : Operation 641 [4/4] (1.90ns)   --->   "%prod_110 = hmul i16 %xv_15, i16 %wv_111" [../gen/Hls_Layers_UpConv.tpp:125]   --->   Operation 641 'hmul' 'prod_110' <Predicate = true> <Delay = 1.90> <CoreInst = "HMul_nodsp">   --->   Core 58 'HMul_nodsp' <Latency = 3> <II = 1> <Delay = 1.90> <FuncUnit> <Opcode : 'hmul'> <InPorts = 2> <OutPorts = 1>
ST_6 : Operation 642 [1/1] (0.00ns)   --->   "%wv_112 = bitcast i16 %u_143" [../gen/Hls_Layers_UpConv.tpp:43->../gen/Hls_Layers_UpConv.tpp:122]   --->   Operation 642 'bitcast' 'wv_112' <Predicate = true> <Delay = 0.00>
ST_6 : Operation 643 [4/4] (1.90ns)   --->   "%prod_111 = hmul i16 %xv, i16 %wv_112" [../gen/Hls_Layers_UpConv.tpp:125]   --->   Operation 643 'hmul' 'prod_111' <Predicate = true> <Delay = 1.90> <CoreInst = "HMul_nodsp">   --->   Core 58 'HMul_nodsp' <Latency = 3> <II = 1> <Delay = 1.90> <FuncUnit> <Opcode : 'hmul'> <InPorts = 2> <OutPorts = 1>
ST_6 : Operation 644 [1/1] (0.00ns)   --->   "%wv_113 = bitcast i16 %u_121" [../gen/Hls_Layers_UpConv.tpp:43->../gen/Hls_Layers_UpConv.tpp:122]   --->   Operation 644 'bitcast' 'wv_113' <Predicate = true> <Delay = 0.00>
ST_6 : Operation 645 [4/4] (1.90ns)   --->   "%prod_112 = hmul i16 %xv_1, i16 %wv_113" [../gen/Hls_Layers_UpConv.tpp:125]   --->   Operation 645 'hmul' 'prod_112' <Predicate = true> <Delay = 1.90> <CoreInst = "HMul_nodsp">   --->   Core 58 'HMul_nodsp' <Latency = 3> <II = 1> <Delay = 1.90> <FuncUnit> <Opcode : 'hmul'> <InPorts = 2> <OutPorts = 1>
ST_6 : Operation 646 [1/1] (0.00ns)   --->   "%wv_114 = bitcast i16 %u_122" [../gen/Hls_Layers_UpConv.tpp:43->../gen/Hls_Layers_UpConv.tpp:122]   --->   Operation 646 'bitcast' 'wv_114' <Predicate = true> <Delay = 0.00>
ST_6 : Operation 647 [4/4] (1.90ns)   --->   "%prod_113 = hmul i16 %xv_2, i16 %wv_114" [../gen/Hls_Layers_UpConv.tpp:125]   --->   Operation 647 'hmul' 'prod_113' <Predicate = true> <Delay = 1.90> <CoreInst = "HMul_nodsp">   --->   Core 58 'HMul_nodsp' <Latency = 3> <II = 1> <Delay = 1.90> <FuncUnit> <Opcode : 'hmul'> <InPorts = 2> <OutPorts = 1>
ST_6 : Operation 648 [1/1] (0.00ns)   --->   "%wv_115 = bitcast i16 %u_123" [../gen/Hls_Layers_UpConv.tpp:43->../gen/Hls_Layers_UpConv.tpp:122]   --->   Operation 648 'bitcast' 'wv_115' <Predicate = true> <Delay = 0.00>
ST_6 : Operation 649 [4/4] (1.90ns)   --->   "%prod_114 = hmul i16 %xv_3, i16 %wv_115" [../gen/Hls_Layers_UpConv.tpp:125]   --->   Operation 649 'hmul' 'prod_114' <Predicate = true> <Delay = 1.90> <CoreInst = "HMul_nodsp">   --->   Core 58 'HMul_nodsp' <Latency = 3> <II = 1> <Delay = 1.90> <FuncUnit> <Opcode : 'hmul'> <InPorts = 2> <OutPorts = 1>
ST_6 : Operation 650 [1/1] (0.00ns)   --->   "%wv_116 = bitcast i16 %u_124" [../gen/Hls_Layers_UpConv.tpp:43->../gen/Hls_Layers_UpConv.tpp:122]   --->   Operation 650 'bitcast' 'wv_116' <Predicate = true> <Delay = 0.00>
ST_6 : Operation 651 [4/4] (1.90ns)   --->   "%prod_115 = hmul i16 %xv_4, i16 %wv_116" [../gen/Hls_Layers_UpConv.tpp:125]   --->   Operation 651 'hmul' 'prod_115' <Predicate = true> <Delay = 1.90> <CoreInst = "HMul_nodsp">   --->   Core 58 'HMul_nodsp' <Latency = 3> <II = 1> <Delay = 1.90> <FuncUnit> <Opcode : 'hmul'> <InPorts = 2> <OutPorts = 1>
ST_6 : Operation 652 [1/1] (0.00ns)   --->   "%wv_117 = bitcast i16 %u_125" [../gen/Hls_Layers_UpConv.tpp:43->../gen/Hls_Layers_UpConv.tpp:122]   --->   Operation 652 'bitcast' 'wv_117' <Predicate = true> <Delay = 0.00>
ST_6 : Operation 653 [4/4] (1.90ns)   --->   "%prod_116 = hmul i16 %xv_5, i16 %wv_117" [../gen/Hls_Layers_UpConv.tpp:125]   --->   Operation 653 'hmul' 'prod_116' <Predicate = true> <Delay = 1.90> <CoreInst = "HMul_nodsp">   --->   Core 58 'HMul_nodsp' <Latency = 3> <II = 1> <Delay = 1.90> <FuncUnit> <Opcode : 'hmul'> <InPorts = 2> <OutPorts = 1>
ST_6 : Operation 654 [1/1] (0.00ns)   --->   "%wv_118 = bitcast i16 %u_126" [../gen/Hls_Layers_UpConv.tpp:43->../gen/Hls_Layers_UpConv.tpp:122]   --->   Operation 654 'bitcast' 'wv_118' <Predicate = true> <Delay = 0.00>
ST_6 : Operation 655 [4/4] (1.90ns)   --->   "%prod_117 = hmul i16 %xv_6, i16 %wv_118" [../gen/Hls_Layers_UpConv.tpp:125]   --->   Operation 655 'hmul' 'prod_117' <Predicate = true> <Delay = 1.90> <CoreInst = "HMul_nodsp">   --->   Core 58 'HMul_nodsp' <Latency = 3> <II = 1> <Delay = 1.90> <FuncUnit> <Opcode : 'hmul'> <InPorts = 2> <OutPorts = 1>
ST_6 : Operation 656 [1/1] (0.00ns)   --->   "%wv_119 = bitcast i16 %u_127" [../gen/Hls_Layers_UpConv.tpp:43->../gen/Hls_Layers_UpConv.tpp:122]   --->   Operation 656 'bitcast' 'wv_119' <Predicate = true> <Delay = 0.00>
ST_6 : Operation 657 [4/4] (1.90ns)   --->   "%prod_118 = hmul i16 %xv_7, i16 %wv_119" [../gen/Hls_Layers_UpConv.tpp:125]   --->   Operation 657 'hmul' 'prod_118' <Predicate = true> <Delay = 1.90> <CoreInst = "HMul_nodsp">   --->   Core 58 'HMul_nodsp' <Latency = 3> <II = 1> <Delay = 1.90> <FuncUnit> <Opcode : 'hmul'> <InPorts = 2> <OutPorts = 1>
ST_6 : Operation 658 [1/1] (0.00ns)   --->   "%wv_120 = bitcast i16 %u_128" [../gen/Hls_Layers_UpConv.tpp:43->../gen/Hls_Layers_UpConv.tpp:122]   --->   Operation 658 'bitcast' 'wv_120' <Predicate = true> <Delay = 0.00>
ST_6 : Operation 659 [4/4] (1.90ns)   --->   "%prod_119 = hmul i16 %xv_8, i16 %wv_120" [../gen/Hls_Layers_UpConv.tpp:125]   --->   Operation 659 'hmul' 'prod_119' <Predicate = true> <Delay = 1.90> <CoreInst = "HMul_nodsp">   --->   Core 58 'HMul_nodsp' <Latency = 3> <II = 1> <Delay = 1.90> <FuncUnit> <Opcode : 'hmul'> <InPorts = 2> <OutPorts = 1>
ST_6 : Operation 660 [1/1] (0.00ns)   --->   "%wv_121 = bitcast i16 %u_129" [../gen/Hls_Layers_UpConv.tpp:43->../gen/Hls_Layers_UpConv.tpp:122]   --->   Operation 660 'bitcast' 'wv_121' <Predicate = true> <Delay = 0.00>
ST_6 : Operation 661 [4/4] (1.90ns)   --->   "%prod_120 = hmul i16 %xv_9, i16 %wv_121" [../gen/Hls_Layers_UpConv.tpp:125]   --->   Operation 661 'hmul' 'prod_120' <Predicate = true> <Delay = 1.90> <CoreInst = "HMul_nodsp">   --->   Core 58 'HMul_nodsp' <Latency = 3> <II = 1> <Delay = 1.90> <FuncUnit> <Opcode : 'hmul'> <InPorts = 2> <OutPorts = 1>
ST_6 : Operation 662 [1/1] (0.00ns)   --->   "%wv_122 = bitcast i16 %u_130" [../gen/Hls_Layers_UpConv.tpp:43->../gen/Hls_Layers_UpConv.tpp:122]   --->   Operation 662 'bitcast' 'wv_122' <Predicate = true> <Delay = 0.00>
ST_6 : Operation 663 [4/4] (1.90ns)   --->   "%prod_121 = hmul i16 %xv_10, i16 %wv_122" [../gen/Hls_Layers_UpConv.tpp:125]   --->   Operation 663 'hmul' 'prod_121' <Predicate = true> <Delay = 1.90> <CoreInst = "HMul_nodsp">   --->   Core 58 'HMul_nodsp' <Latency = 3> <II = 1> <Delay = 1.90> <FuncUnit> <Opcode : 'hmul'> <InPorts = 2> <OutPorts = 1>
ST_6 : Operation 664 [1/1] (0.00ns)   --->   "%wv_123 = bitcast i16 %u_131" [../gen/Hls_Layers_UpConv.tpp:43->../gen/Hls_Layers_UpConv.tpp:122]   --->   Operation 664 'bitcast' 'wv_123' <Predicate = true> <Delay = 0.00>
ST_6 : Operation 665 [4/4] (1.90ns)   --->   "%prod_122 = hmul i16 %xv_11, i16 %wv_123" [../gen/Hls_Layers_UpConv.tpp:125]   --->   Operation 665 'hmul' 'prod_122' <Predicate = true> <Delay = 1.90> <CoreInst = "HMul_nodsp">   --->   Core 58 'HMul_nodsp' <Latency = 3> <II = 1> <Delay = 1.90> <FuncUnit> <Opcode : 'hmul'> <InPorts = 2> <OutPorts = 1>
ST_6 : Operation 666 [1/1] (0.00ns)   --->   "%wv_124 = bitcast i16 %u_132" [../gen/Hls_Layers_UpConv.tpp:43->../gen/Hls_Layers_UpConv.tpp:122]   --->   Operation 666 'bitcast' 'wv_124' <Predicate = true> <Delay = 0.00>
ST_6 : Operation 667 [4/4] (1.90ns)   --->   "%prod_123 = hmul i16 %xv_12, i16 %wv_124" [../gen/Hls_Layers_UpConv.tpp:125]   --->   Operation 667 'hmul' 'prod_123' <Predicate = true> <Delay = 1.90> <CoreInst = "HMul_nodsp">   --->   Core 58 'HMul_nodsp' <Latency = 3> <II = 1> <Delay = 1.90> <FuncUnit> <Opcode : 'hmul'> <InPorts = 2> <OutPorts = 1>
ST_6 : Operation 668 [1/1] (0.00ns)   --->   "%wv_125 = bitcast i16 %u_133" [../gen/Hls_Layers_UpConv.tpp:43->../gen/Hls_Layers_UpConv.tpp:122]   --->   Operation 668 'bitcast' 'wv_125' <Predicate = true> <Delay = 0.00>
ST_6 : Operation 669 [4/4] (1.90ns)   --->   "%prod_124 = hmul i16 %xv_13, i16 %wv_125" [../gen/Hls_Layers_UpConv.tpp:125]   --->   Operation 669 'hmul' 'prod_124' <Predicate = true> <Delay = 1.90> <CoreInst = "HMul_nodsp">   --->   Core 58 'HMul_nodsp' <Latency = 3> <II = 1> <Delay = 1.90> <FuncUnit> <Opcode : 'hmul'> <InPorts = 2> <OutPorts = 1>
ST_6 : Operation 670 [1/1] (0.00ns)   --->   "%wv_126 = bitcast i16 %u_134" [../gen/Hls_Layers_UpConv.tpp:43->../gen/Hls_Layers_UpConv.tpp:122]   --->   Operation 670 'bitcast' 'wv_126' <Predicate = true> <Delay = 0.00>
ST_6 : Operation 671 [4/4] (1.90ns)   --->   "%prod_125 = hmul i16 %xv_14, i16 %wv_126" [../gen/Hls_Layers_UpConv.tpp:125]   --->   Operation 671 'hmul' 'prod_125' <Predicate = true> <Delay = 1.90> <CoreInst = "HMul_nodsp">   --->   Core 58 'HMul_nodsp' <Latency = 3> <II = 1> <Delay = 1.90> <FuncUnit> <Opcode : 'hmul'> <InPorts = 2> <OutPorts = 1>
ST_6 : Operation 672 [1/1] (0.00ns)   --->   "%wv_127 = bitcast i16 %u_135" [../gen/Hls_Layers_UpConv.tpp:43->../gen/Hls_Layers_UpConv.tpp:122]   --->   Operation 672 'bitcast' 'wv_127' <Predicate = true> <Delay = 0.00>
ST_6 : Operation 673 [4/4] (1.90ns)   --->   "%prod_126 = hmul i16 %xv_15, i16 %wv_127" [../gen/Hls_Layers_UpConv.tpp:125]   --->   Operation 673 'hmul' 'prod_126' <Predicate = true> <Delay = 1.90> <CoreInst = "HMul_nodsp">   --->   Core 58 'HMul_nodsp' <Latency = 3> <II = 1> <Delay = 1.90> <FuncUnit> <Opcode : 'hmul'> <InPorts = 2> <OutPorts = 1>

State 7 <SV = 6> <Delay = 1.90>
ST_7 : Operation 674 [3/4] (1.90ns)   --->   "%prod = hmul i16 %xv, i16 %wv" [../gen/Hls_Layers_UpConv.tpp:125]   --->   Operation 674 'hmul' 'prod' <Predicate = true> <Delay = 1.90> <CoreInst = "HMul_nodsp">   --->   Core 58 'HMul_nodsp' <Latency = 3> <II = 1> <Delay = 1.90> <FuncUnit> <Opcode : 'hmul'> <InPorts = 2> <OutPorts = 1>
ST_7 : Operation 675 [3/4] (1.90ns)   --->   "%prod_1 = hmul i16 %xv_1, i16 %wv_1" [../gen/Hls_Layers_UpConv.tpp:125]   --->   Operation 675 'hmul' 'prod_1' <Predicate = true> <Delay = 1.90> <CoreInst = "HMul_nodsp">   --->   Core 58 'HMul_nodsp' <Latency = 3> <II = 1> <Delay = 1.90> <FuncUnit> <Opcode : 'hmul'> <InPorts = 2> <OutPorts = 1>
ST_7 : Operation 676 [3/4] (1.90ns)   --->   "%prod_2 = hmul i16 %xv_2, i16 %wv_2" [../gen/Hls_Layers_UpConv.tpp:125]   --->   Operation 676 'hmul' 'prod_2' <Predicate = true> <Delay = 1.90> <CoreInst = "HMul_nodsp">   --->   Core 58 'HMul_nodsp' <Latency = 3> <II = 1> <Delay = 1.90> <FuncUnit> <Opcode : 'hmul'> <InPorts = 2> <OutPorts = 1>
ST_7 : Operation 677 [3/4] (1.90ns)   --->   "%prod_3 = hmul i16 %xv_3, i16 %wv_3" [../gen/Hls_Layers_UpConv.tpp:125]   --->   Operation 677 'hmul' 'prod_3' <Predicate = true> <Delay = 1.90> <CoreInst = "HMul_nodsp">   --->   Core 58 'HMul_nodsp' <Latency = 3> <II = 1> <Delay = 1.90> <FuncUnit> <Opcode : 'hmul'> <InPorts = 2> <OutPorts = 1>
ST_7 : Operation 678 [3/4] (1.90ns)   --->   "%prod_4 = hmul i16 %xv_4, i16 %wv_4" [../gen/Hls_Layers_UpConv.tpp:125]   --->   Operation 678 'hmul' 'prod_4' <Predicate = true> <Delay = 1.90> <CoreInst = "HMul_nodsp">   --->   Core 58 'HMul_nodsp' <Latency = 3> <II = 1> <Delay = 1.90> <FuncUnit> <Opcode : 'hmul'> <InPorts = 2> <OutPorts = 1>
ST_7 : Operation 679 [3/4] (1.90ns)   --->   "%prod_5 = hmul i16 %xv_5, i16 %wv_5" [../gen/Hls_Layers_UpConv.tpp:125]   --->   Operation 679 'hmul' 'prod_5' <Predicate = true> <Delay = 1.90> <CoreInst = "HMul_nodsp">   --->   Core 58 'HMul_nodsp' <Latency = 3> <II = 1> <Delay = 1.90> <FuncUnit> <Opcode : 'hmul'> <InPorts = 2> <OutPorts = 1>
ST_7 : Operation 680 [3/4] (1.90ns)   --->   "%prod_6 = hmul i16 %xv_6, i16 %wv_6" [../gen/Hls_Layers_UpConv.tpp:125]   --->   Operation 680 'hmul' 'prod_6' <Predicate = true> <Delay = 1.90> <CoreInst = "HMul_nodsp">   --->   Core 58 'HMul_nodsp' <Latency = 3> <II = 1> <Delay = 1.90> <FuncUnit> <Opcode : 'hmul'> <InPorts = 2> <OutPorts = 1>
ST_7 : Operation 681 [3/4] (1.90ns)   --->   "%prod_7 = hmul i16 %xv_7, i16 %wv_7" [../gen/Hls_Layers_UpConv.tpp:125]   --->   Operation 681 'hmul' 'prod_7' <Predicate = true> <Delay = 1.90> <CoreInst = "HMul_nodsp">   --->   Core 58 'HMul_nodsp' <Latency = 3> <II = 1> <Delay = 1.90> <FuncUnit> <Opcode : 'hmul'> <InPorts = 2> <OutPorts = 1>
ST_7 : Operation 682 [3/4] (1.90ns)   --->   "%prod_8 = hmul i16 %xv_8, i16 %wv_8" [../gen/Hls_Layers_UpConv.tpp:125]   --->   Operation 682 'hmul' 'prod_8' <Predicate = true> <Delay = 1.90> <CoreInst = "HMul_nodsp">   --->   Core 58 'HMul_nodsp' <Latency = 3> <II = 1> <Delay = 1.90> <FuncUnit> <Opcode : 'hmul'> <InPorts = 2> <OutPorts = 1>
ST_7 : Operation 683 [3/4] (1.90ns)   --->   "%prod_9 = hmul i16 %xv_9, i16 %wv_9" [../gen/Hls_Layers_UpConv.tpp:125]   --->   Operation 683 'hmul' 'prod_9' <Predicate = true> <Delay = 1.90> <CoreInst = "HMul_nodsp">   --->   Core 58 'HMul_nodsp' <Latency = 3> <II = 1> <Delay = 1.90> <FuncUnit> <Opcode : 'hmul'> <InPorts = 2> <OutPorts = 1>
ST_7 : Operation 684 [3/4] (1.90ns)   --->   "%prod_10 = hmul i16 %xv_10, i16 %wv_10" [../gen/Hls_Layers_UpConv.tpp:125]   --->   Operation 684 'hmul' 'prod_10' <Predicate = true> <Delay = 1.90> <CoreInst = "HMul_nodsp">   --->   Core 58 'HMul_nodsp' <Latency = 3> <II = 1> <Delay = 1.90> <FuncUnit> <Opcode : 'hmul'> <InPorts = 2> <OutPorts = 1>
ST_7 : Operation 685 [3/4] (1.90ns)   --->   "%prod_11 = hmul i16 %xv_11, i16 %wv_11" [../gen/Hls_Layers_UpConv.tpp:125]   --->   Operation 685 'hmul' 'prod_11' <Predicate = true> <Delay = 1.90> <CoreInst = "HMul_nodsp">   --->   Core 58 'HMul_nodsp' <Latency = 3> <II = 1> <Delay = 1.90> <FuncUnit> <Opcode : 'hmul'> <InPorts = 2> <OutPorts = 1>
ST_7 : Operation 686 [3/4] (1.90ns)   --->   "%prod_12 = hmul i16 %xv_12, i16 %wv_12" [../gen/Hls_Layers_UpConv.tpp:125]   --->   Operation 686 'hmul' 'prod_12' <Predicate = true> <Delay = 1.90> <CoreInst = "HMul_nodsp">   --->   Core 58 'HMul_nodsp' <Latency = 3> <II = 1> <Delay = 1.90> <FuncUnit> <Opcode : 'hmul'> <InPorts = 2> <OutPorts = 1>
ST_7 : Operation 687 [3/4] (1.90ns)   --->   "%prod_13 = hmul i16 %xv_13, i16 %wv_13" [../gen/Hls_Layers_UpConv.tpp:125]   --->   Operation 687 'hmul' 'prod_13' <Predicate = true> <Delay = 1.90> <CoreInst = "HMul_nodsp">   --->   Core 58 'HMul_nodsp' <Latency = 3> <II = 1> <Delay = 1.90> <FuncUnit> <Opcode : 'hmul'> <InPorts = 2> <OutPorts = 1>
ST_7 : Operation 688 [3/4] (1.90ns)   --->   "%prod_14 = hmul i16 %xv_14, i16 %wv_14" [../gen/Hls_Layers_UpConv.tpp:125]   --->   Operation 688 'hmul' 'prod_14' <Predicate = true> <Delay = 1.90> <CoreInst = "HMul_nodsp">   --->   Core 58 'HMul_nodsp' <Latency = 3> <II = 1> <Delay = 1.90> <FuncUnit> <Opcode : 'hmul'> <InPorts = 2> <OutPorts = 1>
ST_7 : Operation 689 [3/4] (1.90ns)   --->   "%prod_15 = hmul i16 %xv_15, i16 %wv_15" [../gen/Hls_Layers_UpConv.tpp:125]   --->   Operation 689 'hmul' 'prod_15' <Predicate = true> <Delay = 1.90> <CoreInst = "HMul_nodsp">   --->   Core 58 'HMul_nodsp' <Latency = 3> <II = 1> <Delay = 1.90> <FuncUnit> <Opcode : 'hmul'> <InPorts = 2> <OutPorts = 1>
ST_7 : Operation 690 [3/4] (1.90ns)   --->   "%prod_127 = hmul i16 %xv, i16 %wv_16" [../gen/Hls_Layers_UpConv.tpp:125]   --->   Operation 690 'hmul' 'prod_127' <Predicate = true> <Delay = 1.90> <CoreInst = "HMul_nodsp">   --->   Core 58 'HMul_nodsp' <Latency = 3> <II = 1> <Delay = 1.90> <FuncUnit> <Opcode : 'hmul'> <InPorts = 2> <OutPorts = 1>
ST_7 : Operation 691 [3/4] (1.90ns)   --->   "%prod_16 = hmul i16 %xv_1, i16 %wv_17" [../gen/Hls_Layers_UpConv.tpp:125]   --->   Operation 691 'hmul' 'prod_16' <Predicate = true> <Delay = 1.90> <CoreInst = "HMul_nodsp">   --->   Core 58 'HMul_nodsp' <Latency = 3> <II = 1> <Delay = 1.90> <FuncUnit> <Opcode : 'hmul'> <InPorts = 2> <OutPorts = 1>
ST_7 : Operation 692 [3/4] (1.90ns)   --->   "%prod_17 = hmul i16 %xv_2, i16 %wv_18" [../gen/Hls_Layers_UpConv.tpp:125]   --->   Operation 692 'hmul' 'prod_17' <Predicate = true> <Delay = 1.90> <CoreInst = "HMul_nodsp">   --->   Core 58 'HMul_nodsp' <Latency = 3> <II = 1> <Delay = 1.90> <FuncUnit> <Opcode : 'hmul'> <InPorts = 2> <OutPorts = 1>
ST_7 : Operation 693 [3/4] (1.90ns)   --->   "%prod_18 = hmul i16 %xv_3, i16 %wv_19" [../gen/Hls_Layers_UpConv.tpp:125]   --->   Operation 693 'hmul' 'prod_18' <Predicate = true> <Delay = 1.90> <CoreInst = "HMul_nodsp">   --->   Core 58 'HMul_nodsp' <Latency = 3> <II = 1> <Delay = 1.90> <FuncUnit> <Opcode : 'hmul'> <InPorts = 2> <OutPorts = 1>
ST_7 : Operation 694 [3/4] (1.90ns)   --->   "%prod_19 = hmul i16 %xv_4, i16 %wv_20" [../gen/Hls_Layers_UpConv.tpp:125]   --->   Operation 694 'hmul' 'prod_19' <Predicate = true> <Delay = 1.90> <CoreInst = "HMul_nodsp">   --->   Core 58 'HMul_nodsp' <Latency = 3> <II = 1> <Delay = 1.90> <FuncUnit> <Opcode : 'hmul'> <InPorts = 2> <OutPorts = 1>
ST_7 : Operation 695 [3/4] (1.90ns)   --->   "%prod_20 = hmul i16 %xv_5, i16 %wv_21" [../gen/Hls_Layers_UpConv.tpp:125]   --->   Operation 695 'hmul' 'prod_20' <Predicate = true> <Delay = 1.90> <CoreInst = "HMul_nodsp">   --->   Core 58 'HMul_nodsp' <Latency = 3> <II = 1> <Delay = 1.90> <FuncUnit> <Opcode : 'hmul'> <InPorts = 2> <OutPorts = 1>
ST_7 : Operation 696 [3/4] (1.90ns)   --->   "%prod_21 = hmul i16 %xv_6, i16 %wv_22" [../gen/Hls_Layers_UpConv.tpp:125]   --->   Operation 696 'hmul' 'prod_21' <Predicate = true> <Delay = 1.90> <CoreInst = "HMul_nodsp">   --->   Core 58 'HMul_nodsp' <Latency = 3> <II = 1> <Delay = 1.90> <FuncUnit> <Opcode : 'hmul'> <InPorts = 2> <OutPorts = 1>
ST_7 : Operation 697 [3/4] (1.90ns)   --->   "%prod_22 = hmul i16 %xv_7, i16 %wv_23" [../gen/Hls_Layers_UpConv.tpp:125]   --->   Operation 697 'hmul' 'prod_22' <Predicate = true> <Delay = 1.90> <CoreInst = "HMul_nodsp">   --->   Core 58 'HMul_nodsp' <Latency = 3> <II = 1> <Delay = 1.90> <FuncUnit> <Opcode : 'hmul'> <InPorts = 2> <OutPorts = 1>
ST_7 : Operation 698 [3/4] (1.90ns)   --->   "%prod_23 = hmul i16 %xv_8, i16 %wv_24" [../gen/Hls_Layers_UpConv.tpp:125]   --->   Operation 698 'hmul' 'prod_23' <Predicate = true> <Delay = 1.90> <CoreInst = "HMul_nodsp">   --->   Core 58 'HMul_nodsp' <Latency = 3> <II = 1> <Delay = 1.90> <FuncUnit> <Opcode : 'hmul'> <InPorts = 2> <OutPorts = 1>
ST_7 : Operation 699 [3/4] (1.90ns)   --->   "%prod_24 = hmul i16 %xv_9, i16 %wv_25" [../gen/Hls_Layers_UpConv.tpp:125]   --->   Operation 699 'hmul' 'prod_24' <Predicate = true> <Delay = 1.90> <CoreInst = "HMul_nodsp">   --->   Core 58 'HMul_nodsp' <Latency = 3> <II = 1> <Delay = 1.90> <FuncUnit> <Opcode : 'hmul'> <InPorts = 2> <OutPorts = 1>
ST_7 : Operation 700 [3/4] (1.90ns)   --->   "%prod_25 = hmul i16 %xv_10, i16 %wv_26" [../gen/Hls_Layers_UpConv.tpp:125]   --->   Operation 700 'hmul' 'prod_25' <Predicate = true> <Delay = 1.90> <CoreInst = "HMul_nodsp">   --->   Core 58 'HMul_nodsp' <Latency = 3> <II = 1> <Delay = 1.90> <FuncUnit> <Opcode : 'hmul'> <InPorts = 2> <OutPorts = 1>
ST_7 : Operation 701 [3/4] (1.90ns)   --->   "%prod_26 = hmul i16 %xv_11, i16 %wv_27" [../gen/Hls_Layers_UpConv.tpp:125]   --->   Operation 701 'hmul' 'prod_26' <Predicate = true> <Delay = 1.90> <CoreInst = "HMul_nodsp">   --->   Core 58 'HMul_nodsp' <Latency = 3> <II = 1> <Delay = 1.90> <FuncUnit> <Opcode : 'hmul'> <InPorts = 2> <OutPorts = 1>
ST_7 : Operation 702 [3/4] (1.90ns)   --->   "%prod_27 = hmul i16 %xv_12, i16 %wv_28" [../gen/Hls_Layers_UpConv.tpp:125]   --->   Operation 702 'hmul' 'prod_27' <Predicate = true> <Delay = 1.90> <CoreInst = "HMul_nodsp">   --->   Core 58 'HMul_nodsp' <Latency = 3> <II = 1> <Delay = 1.90> <FuncUnit> <Opcode : 'hmul'> <InPorts = 2> <OutPorts = 1>
ST_7 : Operation 703 [3/4] (1.90ns)   --->   "%prod_28 = hmul i16 %xv_13, i16 %wv_29" [../gen/Hls_Layers_UpConv.tpp:125]   --->   Operation 703 'hmul' 'prod_28' <Predicate = true> <Delay = 1.90> <CoreInst = "HMul_nodsp">   --->   Core 58 'HMul_nodsp' <Latency = 3> <II = 1> <Delay = 1.90> <FuncUnit> <Opcode : 'hmul'> <InPorts = 2> <OutPorts = 1>
ST_7 : Operation 704 [3/4] (1.90ns)   --->   "%prod_29 = hmul i16 %xv_14, i16 %wv_30" [../gen/Hls_Layers_UpConv.tpp:125]   --->   Operation 704 'hmul' 'prod_29' <Predicate = true> <Delay = 1.90> <CoreInst = "HMul_nodsp">   --->   Core 58 'HMul_nodsp' <Latency = 3> <II = 1> <Delay = 1.90> <FuncUnit> <Opcode : 'hmul'> <InPorts = 2> <OutPorts = 1>
ST_7 : Operation 705 [3/4] (1.90ns)   --->   "%prod_30 = hmul i16 %xv_15, i16 %wv_31" [../gen/Hls_Layers_UpConv.tpp:125]   --->   Operation 705 'hmul' 'prod_30' <Predicate = true> <Delay = 1.90> <CoreInst = "HMul_nodsp">   --->   Core 58 'HMul_nodsp' <Latency = 3> <II = 1> <Delay = 1.90> <FuncUnit> <Opcode : 'hmul'> <InPorts = 2> <OutPorts = 1>
ST_7 : Operation 706 [3/4] (1.90ns)   --->   "%prod_31 = hmul i16 %xv, i16 %wv_32" [../gen/Hls_Layers_UpConv.tpp:125]   --->   Operation 706 'hmul' 'prod_31' <Predicate = true> <Delay = 1.90> <CoreInst = "HMul_nodsp">   --->   Core 58 'HMul_nodsp' <Latency = 3> <II = 1> <Delay = 1.90> <FuncUnit> <Opcode : 'hmul'> <InPorts = 2> <OutPorts = 1>
ST_7 : Operation 707 [3/4] (1.90ns)   --->   "%prod_32 = hmul i16 %xv_1, i16 %wv_33" [../gen/Hls_Layers_UpConv.tpp:125]   --->   Operation 707 'hmul' 'prod_32' <Predicate = true> <Delay = 1.90> <CoreInst = "HMul_nodsp">   --->   Core 58 'HMul_nodsp' <Latency = 3> <II = 1> <Delay = 1.90> <FuncUnit> <Opcode : 'hmul'> <InPorts = 2> <OutPorts = 1>
ST_7 : Operation 708 [3/4] (1.90ns)   --->   "%prod_33 = hmul i16 %xv_2, i16 %wv_34" [../gen/Hls_Layers_UpConv.tpp:125]   --->   Operation 708 'hmul' 'prod_33' <Predicate = true> <Delay = 1.90> <CoreInst = "HMul_nodsp">   --->   Core 58 'HMul_nodsp' <Latency = 3> <II = 1> <Delay = 1.90> <FuncUnit> <Opcode : 'hmul'> <InPorts = 2> <OutPorts = 1>
ST_7 : Operation 709 [3/4] (1.90ns)   --->   "%prod_34 = hmul i16 %xv_3, i16 %wv_35" [../gen/Hls_Layers_UpConv.tpp:125]   --->   Operation 709 'hmul' 'prod_34' <Predicate = true> <Delay = 1.90> <CoreInst = "HMul_nodsp">   --->   Core 58 'HMul_nodsp' <Latency = 3> <II = 1> <Delay = 1.90> <FuncUnit> <Opcode : 'hmul'> <InPorts = 2> <OutPorts = 1>
ST_7 : Operation 710 [3/4] (1.90ns)   --->   "%prod_35 = hmul i16 %xv_4, i16 %wv_36" [../gen/Hls_Layers_UpConv.tpp:125]   --->   Operation 710 'hmul' 'prod_35' <Predicate = true> <Delay = 1.90> <CoreInst = "HMul_nodsp">   --->   Core 58 'HMul_nodsp' <Latency = 3> <II = 1> <Delay = 1.90> <FuncUnit> <Opcode : 'hmul'> <InPorts = 2> <OutPorts = 1>
ST_7 : Operation 711 [3/4] (1.90ns)   --->   "%prod_36 = hmul i16 %xv_5, i16 %wv_37" [../gen/Hls_Layers_UpConv.tpp:125]   --->   Operation 711 'hmul' 'prod_36' <Predicate = true> <Delay = 1.90> <CoreInst = "HMul_nodsp">   --->   Core 58 'HMul_nodsp' <Latency = 3> <II = 1> <Delay = 1.90> <FuncUnit> <Opcode : 'hmul'> <InPorts = 2> <OutPorts = 1>
ST_7 : Operation 712 [3/4] (1.90ns)   --->   "%prod_37 = hmul i16 %xv_6, i16 %wv_38" [../gen/Hls_Layers_UpConv.tpp:125]   --->   Operation 712 'hmul' 'prod_37' <Predicate = true> <Delay = 1.90> <CoreInst = "HMul_nodsp">   --->   Core 58 'HMul_nodsp' <Latency = 3> <II = 1> <Delay = 1.90> <FuncUnit> <Opcode : 'hmul'> <InPorts = 2> <OutPorts = 1>
ST_7 : Operation 713 [3/4] (1.90ns)   --->   "%prod_38 = hmul i16 %xv_7, i16 %wv_39" [../gen/Hls_Layers_UpConv.tpp:125]   --->   Operation 713 'hmul' 'prod_38' <Predicate = true> <Delay = 1.90> <CoreInst = "HMul_nodsp">   --->   Core 58 'HMul_nodsp' <Latency = 3> <II = 1> <Delay = 1.90> <FuncUnit> <Opcode : 'hmul'> <InPorts = 2> <OutPorts = 1>
ST_7 : Operation 714 [3/4] (1.90ns)   --->   "%prod_39 = hmul i16 %xv_8, i16 %wv_40" [../gen/Hls_Layers_UpConv.tpp:125]   --->   Operation 714 'hmul' 'prod_39' <Predicate = true> <Delay = 1.90> <CoreInst = "HMul_nodsp">   --->   Core 58 'HMul_nodsp' <Latency = 3> <II = 1> <Delay = 1.90> <FuncUnit> <Opcode : 'hmul'> <InPorts = 2> <OutPorts = 1>
ST_7 : Operation 715 [3/4] (1.90ns)   --->   "%prod_40 = hmul i16 %xv_9, i16 %wv_41" [../gen/Hls_Layers_UpConv.tpp:125]   --->   Operation 715 'hmul' 'prod_40' <Predicate = true> <Delay = 1.90> <CoreInst = "HMul_nodsp">   --->   Core 58 'HMul_nodsp' <Latency = 3> <II = 1> <Delay = 1.90> <FuncUnit> <Opcode : 'hmul'> <InPorts = 2> <OutPorts = 1>
ST_7 : Operation 716 [3/4] (1.90ns)   --->   "%prod_41 = hmul i16 %xv_10, i16 %wv_42" [../gen/Hls_Layers_UpConv.tpp:125]   --->   Operation 716 'hmul' 'prod_41' <Predicate = true> <Delay = 1.90> <CoreInst = "HMul_nodsp">   --->   Core 58 'HMul_nodsp' <Latency = 3> <II = 1> <Delay = 1.90> <FuncUnit> <Opcode : 'hmul'> <InPorts = 2> <OutPorts = 1>
ST_7 : Operation 717 [3/4] (1.90ns)   --->   "%prod_42 = hmul i16 %xv_11, i16 %wv_43" [../gen/Hls_Layers_UpConv.tpp:125]   --->   Operation 717 'hmul' 'prod_42' <Predicate = true> <Delay = 1.90> <CoreInst = "HMul_nodsp">   --->   Core 58 'HMul_nodsp' <Latency = 3> <II = 1> <Delay = 1.90> <FuncUnit> <Opcode : 'hmul'> <InPorts = 2> <OutPorts = 1>
ST_7 : Operation 718 [3/4] (1.90ns)   --->   "%prod_43 = hmul i16 %xv_12, i16 %wv_44" [../gen/Hls_Layers_UpConv.tpp:125]   --->   Operation 718 'hmul' 'prod_43' <Predicate = true> <Delay = 1.90> <CoreInst = "HMul_nodsp">   --->   Core 58 'HMul_nodsp' <Latency = 3> <II = 1> <Delay = 1.90> <FuncUnit> <Opcode : 'hmul'> <InPorts = 2> <OutPorts = 1>
ST_7 : Operation 719 [3/4] (1.90ns)   --->   "%prod_44 = hmul i16 %xv_13, i16 %wv_45" [../gen/Hls_Layers_UpConv.tpp:125]   --->   Operation 719 'hmul' 'prod_44' <Predicate = true> <Delay = 1.90> <CoreInst = "HMul_nodsp">   --->   Core 58 'HMul_nodsp' <Latency = 3> <II = 1> <Delay = 1.90> <FuncUnit> <Opcode : 'hmul'> <InPorts = 2> <OutPorts = 1>
ST_7 : Operation 720 [3/4] (1.90ns)   --->   "%prod_45 = hmul i16 %xv_14, i16 %wv_46" [../gen/Hls_Layers_UpConv.tpp:125]   --->   Operation 720 'hmul' 'prod_45' <Predicate = true> <Delay = 1.90> <CoreInst = "HMul_nodsp">   --->   Core 58 'HMul_nodsp' <Latency = 3> <II = 1> <Delay = 1.90> <FuncUnit> <Opcode : 'hmul'> <InPorts = 2> <OutPorts = 1>
ST_7 : Operation 721 [3/4] (1.90ns)   --->   "%prod_46 = hmul i16 %xv_15, i16 %wv_47" [../gen/Hls_Layers_UpConv.tpp:125]   --->   Operation 721 'hmul' 'prod_46' <Predicate = true> <Delay = 1.90> <CoreInst = "HMul_nodsp">   --->   Core 58 'HMul_nodsp' <Latency = 3> <II = 1> <Delay = 1.90> <FuncUnit> <Opcode : 'hmul'> <InPorts = 2> <OutPorts = 1>
ST_7 : Operation 722 [3/4] (1.90ns)   --->   "%prod_47 = hmul i16 %xv, i16 %wv_48" [../gen/Hls_Layers_UpConv.tpp:125]   --->   Operation 722 'hmul' 'prod_47' <Predicate = true> <Delay = 1.90> <CoreInst = "HMul_nodsp">   --->   Core 58 'HMul_nodsp' <Latency = 3> <II = 1> <Delay = 1.90> <FuncUnit> <Opcode : 'hmul'> <InPorts = 2> <OutPorts = 1>
ST_7 : Operation 723 [3/4] (1.90ns)   --->   "%prod_48 = hmul i16 %xv_1, i16 %wv_49" [../gen/Hls_Layers_UpConv.tpp:125]   --->   Operation 723 'hmul' 'prod_48' <Predicate = true> <Delay = 1.90> <CoreInst = "HMul_nodsp">   --->   Core 58 'HMul_nodsp' <Latency = 3> <II = 1> <Delay = 1.90> <FuncUnit> <Opcode : 'hmul'> <InPorts = 2> <OutPorts = 1>
ST_7 : Operation 724 [3/4] (1.90ns)   --->   "%prod_49 = hmul i16 %xv_2, i16 %wv_50" [../gen/Hls_Layers_UpConv.tpp:125]   --->   Operation 724 'hmul' 'prod_49' <Predicate = true> <Delay = 1.90> <CoreInst = "HMul_nodsp">   --->   Core 58 'HMul_nodsp' <Latency = 3> <II = 1> <Delay = 1.90> <FuncUnit> <Opcode : 'hmul'> <InPorts = 2> <OutPorts = 1>
ST_7 : Operation 725 [3/4] (1.90ns)   --->   "%prod_50 = hmul i16 %xv_3, i16 %wv_51" [../gen/Hls_Layers_UpConv.tpp:125]   --->   Operation 725 'hmul' 'prod_50' <Predicate = true> <Delay = 1.90> <CoreInst = "HMul_nodsp">   --->   Core 58 'HMul_nodsp' <Latency = 3> <II = 1> <Delay = 1.90> <FuncUnit> <Opcode : 'hmul'> <InPorts = 2> <OutPorts = 1>
ST_7 : Operation 726 [3/4] (1.90ns)   --->   "%prod_51 = hmul i16 %xv_4, i16 %wv_52" [../gen/Hls_Layers_UpConv.tpp:125]   --->   Operation 726 'hmul' 'prod_51' <Predicate = true> <Delay = 1.90> <CoreInst = "HMul_nodsp">   --->   Core 58 'HMul_nodsp' <Latency = 3> <II = 1> <Delay = 1.90> <FuncUnit> <Opcode : 'hmul'> <InPorts = 2> <OutPorts = 1>
ST_7 : Operation 727 [3/4] (1.90ns)   --->   "%prod_52 = hmul i16 %xv_5, i16 %wv_53" [../gen/Hls_Layers_UpConv.tpp:125]   --->   Operation 727 'hmul' 'prod_52' <Predicate = true> <Delay = 1.90> <CoreInst = "HMul_nodsp">   --->   Core 58 'HMul_nodsp' <Latency = 3> <II = 1> <Delay = 1.90> <FuncUnit> <Opcode : 'hmul'> <InPorts = 2> <OutPorts = 1>
ST_7 : Operation 728 [3/4] (1.90ns)   --->   "%prod_53 = hmul i16 %xv_6, i16 %wv_54" [../gen/Hls_Layers_UpConv.tpp:125]   --->   Operation 728 'hmul' 'prod_53' <Predicate = true> <Delay = 1.90> <CoreInst = "HMul_nodsp">   --->   Core 58 'HMul_nodsp' <Latency = 3> <II = 1> <Delay = 1.90> <FuncUnit> <Opcode : 'hmul'> <InPorts = 2> <OutPorts = 1>
ST_7 : Operation 729 [3/4] (1.90ns)   --->   "%prod_54 = hmul i16 %xv_7, i16 %wv_55" [../gen/Hls_Layers_UpConv.tpp:125]   --->   Operation 729 'hmul' 'prod_54' <Predicate = true> <Delay = 1.90> <CoreInst = "HMul_nodsp">   --->   Core 58 'HMul_nodsp' <Latency = 3> <II = 1> <Delay = 1.90> <FuncUnit> <Opcode : 'hmul'> <InPorts = 2> <OutPorts = 1>
ST_7 : Operation 730 [3/4] (1.90ns)   --->   "%prod_55 = hmul i16 %xv_8, i16 %wv_56" [../gen/Hls_Layers_UpConv.tpp:125]   --->   Operation 730 'hmul' 'prod_55' <Predicate = true> <Delay = 1.90> <CoreInst = "HMul_nodsp">   --->   Core 58 'HMul_nodsp' <Latency = 3> <II = 1> <Delay = 1.90> <FuncUnit> <Opcode : 'hmul'> <InPorts = 2> <OutPorts = 1>
ST_7 : Operation 731 [3/4] (1.90ns)   --->   "%prod_56 = hmul i16 %xv_9, i16 %wv_57" [../gen/Hls_Layers_UpConv.tpp:125]   --->   Operation 731 'hmul' 'prod_56' <Predicate = true> <Delay = 1.90> <CoreInst = "HMul_nodsp">   --->   Core 58 'HMul_nodsp' <Latency = 3> <II = 1> <Delay = 1.90> <FuncUnit> <Opcode : 'hmul'> <InPorts = 2> <OutPorts = 1>
ST_7 : Operation 732 [3/4] (1.90ns)   --->   "%prod_57 = hmul i16 %xv_10, i16 %wv_58" [../gen/Hls_Layers_UpConv.tpp:125]   --->   Operation 732 'hmul' 'prod_57' <Predicate = true> <Delay = 1.90> <CoreInst = "HMul_nodsp">   --->   Core 58 'HMul_nodsp' <Latency = 3> <II = 1> <Delay = 1.90> <FuncUnit> <Opcode : 'hmul'> <InPorts = 2> <OutPorts = 1>
ST_7 : Operation 733 [3/4] (1.90ns)   --->   "%prod_58 = hmul i16 %xv_11, i16 %wv_59" [../gen/Hls_Layers_UpConv.tpp:125]   --->   Operation 733 'hmul' 'prod_58' <Predicate = true> <Delay = 1.90> <CoreInst = "HMul_nodsp">   --->   Core 58 'HMul_nodsp' <Latency = 3> <II = 1> <Delay = 1.90> <FuncUnit> <Opcode : 'hmul'> <InPorts = 2> <OutPorts = 1>
ST_7 : Operation 734 [3/4] (1.90ns)   --->   "%prod_59 = hmul i16 %xv_12, i16 %wv_60" [../gen/Hls_Layers_UpConv.tpp:125]   --->   Operation 734 'hmul' 'prod_59' <Predicate = true> <Delay = 1.90> <CoreInst = "HMul_nodsp">   --->   Core 58 'HMul_nodsp' <Latency = 3> <II = 1> <Delay = 1.90> <FuncUnit> <Opcode : 'hmul'> <InPorts = 2> <OutPorts = 1>
ST_7 : Operation 735 [3/4] (1.90ns)   --->   "%prod_60 = hmul i16 %xv_13, i16 %wv_61" [../gen/Hls_Layers_UpConv.tpp:125]   --->   Operation 735 'hmul' 'prod_60' <Predicate = true> <Delay = 1.90> <CoreInst = "HMul_nodsp">   --->   Core 58 'HMul_nodsp' <Latency = 3> <II = 1> <Delay = 1.90> <FuncUnit> <Opcode : 'hmul'> <InPorts = 2> <OutPorts = 1>
ST_7 : Operation 736 [3/4] (1.90ns)   --->   "%prod_61 = hmul i16 %xv_14, i16 %wv_62" [../gen/Hls_Layers_UpConv.tpp:125]   --->   Operation 736 'hmul' 'prod_61' <Predicate = true> <Delay = 1.90> <CoreInst = "HMul_nodsp">   --->   Core 58 'HMul_nodsp' <Latency = 3> <II = 1> <Delay = 1.90> <FuncUnit> <Opcode : 'hmul'> <InPorts = 2> <OutPorts = 1>
ST_7 : Operation 737 [3/4] (1.90ns)   --->   "%prod_62 = hmul i16 %xv_15, i16 %wv_63" [../gen/Hls_Layers_UpConv.tpp:125]   --->   Operation 737 'hmul' 'prod_62' <Predicate = true> <Delay = 1.90> <CoreInst = "HMul_nodsp">   --->   Core 58 'HMul_nodsp' <Latency = 3> <II = 1> <Delay = 1.90> <FuncUnit> <Opcode : 'hmul'> <InPorts = 2> <OutPorts = 1>
ST_7 : Operation 738 [3/4] (1.90ns)   --->   "%prod_63 = hmul i16 %xv, i16 %wv_64" [../gen/Hls_Layers_UpConv.tpp:125]   --->   Operation 738 'hmul' 'prod_63' <Predicate = true> <Delay = 1.90> <CoreInst = "HMul_nodsp">   --->   Core 58 'HMul_nodsp' <Latency = 3> <II = 1> <Delay = 1.90> <FuncUnit> <Opcode : 'hmul'> <InPorts = 2> <OutPorts = 1>
ST_7 : Operation 739 [3/4] (1.90ns)   --->   "%prod_64 = hmul i16 %xv_1, i16 %wv_65" [../gen/Hls_Layers_UpConv.tpp:125]   --->   Operation 739 'hmul' 'prod_64' <Predicate = true> <Delay = 1.90> <CoreInst = "HMul_nodsp">   --->   Core 58 'HMul_nodsp' <Latency = 3> <II = 1> <Delay = 1.90> <FuncUnit> <Opcode : 'hmul'> <InPorts = 2> <OutPorts = 1>
ST_7 : Operation 740 [3/4] (1.90ns)   --->   "%prod_65 = hmul i16 %xv_2, i16 %wv_66" [../gen/Hls_Layers_UpConv.tpp:125]   --->   Operation 740 'hmul' 'prod_65' <Predicate = true> <Delay = 1.90> <CoreInst = "HMul_nodsp">   --->   Core 58 'HMul_nodsp' <Latency = 3> <II = 1> <Delay = 1.90> <FuncUnit> <Opcode : 'hmul'> <InPorts = 2> <OutPorts = 1>
ST_7 : Operation 741 [3/4] (1.90ns)   --->   "%prod_66 = hmul i16 %xv_3, i16 %wv_67" [../gen/Hls_Layers_UpConv.tpp:125]   --->   Operation 741 'hmul' 'prod_66' <Predicate = true> <Delay = 1.90> <CoreInst = "HMul_nodsp">   --->   Core 58 'HMul_nodsp' <Latency = 3> <II = 1> <Delay = 1.90> <FuncUnit> <Opcode : 'hmul'> <InPorts = 2> <OutPorts = 1>
ST_7 : Operation 742 [3/4] (1.90ns)   --->   "%prod_67 = hmul i16 %xv_4, i16 %wv_68" [../gen/Hls_Layers_UpConv.tpp:125]   --->   Operation 742 'hmul' 'prod_67' <Predicate = true> <Delay = 1.90> <CoreInst = "HMul_nodsp">   --->   Core 58 'HMul_nodsp' <Latency = 3> <II = 1> <Delay = 1.90> <FuncUnit> <Opcode : 'hmul'> <InPorts = 2> <OutPorts = 1>
ST_7 : Operation 743 [3/4] (1.90ns)   --->   "%prod_68 = hmul i16 %xv_5, i16 %wv_69" [../gen/Hls_Layers_UpConv.tpp:125]   --->   Operation 743 'hmul' 'prod_68' <Predicate = true> <Delay = 1.90> <CoreInst = "HMul_nodsp">   --->   Core 58 'HMul_nodsp' <Latency = 3> <II = 1> <Delay = 1.90> <FuncUnit> <Opcode : 'hmul'> <InPorts = 2> <OutPorts = 1>
ST_7 : Operation 744 [3/4] (1.90ns)   --->   "%prod_69 = hmul i16 %xv_6, i16 %wv_70" [../gen/Hls_Layers_UpConv.tpp:125]   --->   Operation 744 'hmul' 'prod_69' <Predicate = true> <Delay = 1.90> <CoreInst = "HMul_nodsp">   --->   Core 58 'HMul_nodsp' <Latency = 3> <II = 1> <Delay = 1.90> <FuncUnit> <Opcode : 'hmul'> <InPorts = 2> <OutPorts = 1>
ST_7 : Operation 745 [3/4] (1.90ns)   --->   "%prod_70 = hmul i16 %xv_7, i16 %wv_71" [../gen/Hls_Layers_UpConv.tpp:125]   --->   Operation 745 'hmul' 'prod_70' <Predicate = true> <Delay = 1.90> <CoreInst = "HMul_nodsp">   --->   Core 58 'HMul_nodsp' <Latency = 3> <II = 1> <Delay = 1.90> <FuncUnit> <Opcode : 'hmul'> <InPorts = 2> <OutPorts = 1>
ST_7 : Operation 746 [3/4] (1.90ns)   --->   "%prod_71 = hmul i16 %xv_8, i16 %wv_72" [../gen/Hls_Layers_UpConv.tpp:125]   --->   Operation 746 'hmul' 'prod_71' <Predicate = true> <Delay = 1.90> <CoreInst = "HMul_nodsp">   --->   Core 58 'HMul_nodsp' <Latency = 3> <II = 1> <Delay = 1.90> <FuncUnit> <Opcode : 'hmul'> <InPorts = 2> <OutPorts = 1>
ST_7 : Operation 747 [3/4] (1.90ns)   --->   "%prod_72 = hmul i16 %xv_9, i16 %wv_73" [../gen/Hls_Layers_UpConv.tpp:125]   --->   Operation 747 'hmul' 'prod_72' <Predicate = true> <Delay = 1.90> <CoreInst = "HMul_nodsp">   --->   Core 58 'HMul_nodsp' <Latency = 3> <II = 1> <Delay = 1.90> <FuncUnit> <Opcode : 'hmul'> <InPorts = 2> <OutPorts = 1>
ST_7 : Operation 748 [3/4] (1.90ns)   --->   "%prod_73 = hmul i16 %xv_10, i16 %wv_74" [../gen/Hls_Layers_UpConv.tpp:125]   --->   Operation 748 'hmul' 'prod_73' <Predicate = true> <Delay = 1.90> <CoreInst = "HMul_nodsp">   --->   Core 58 'HMul_nodsp' <Latency = 3> <II = 1> <Delay = 1.90> <FuncUnit> <Opcode : 'hmul'> <InPorts = 2> <OutPorts = 1>
ST_7 : Operation 749 [3/4] (1.90ns)   --->   "%prod_74 = hmul i16 %xv_11, i16 %wv_75" [../gen/Hls_Layers_UpConv.tpp:125]   --->   Operation 749 'hmul' 'prod_74' <Predicate = true> <Delay = 1.90> <CoreInst = "HMul_nodsp">   --->   Core 58 'HMul_nodsp' <Latency = 3> <II = 1> <Delay = 1.90> <FuncUnit> <Opcode : 'hmul'> <InPorts = 2> <OutPorts = 1>
ST_7 : Operation 750 [3/4] (1.90ns)   --->   "%prod_75 = hmul i16 %xv_12, i16 %wv_76" [../gen/Hls_Layers_UpConv.tpp:125]   --->   Operation 750 'hmul' 'prod_75' <Predicate = true> <Delay = 1.90> <CoreInst = "HMul_nodsp">   --->   Core 58 'HMul_nodsp' <Latency = 3> <II = 1> <Delay = 1.90> <FuncUnit> <Opcode : 'hmul'> <InPorts = 2> <OutPorts = 1>
ST_7 : Operation 751 [3/4] (1.90ns)   --->   "%prod_76 = hmul i16 %xv_13, i16 %wv_77" [../gen/Hls_Layers_UpConv.tpp:125]   --->   Operation 751 'hmul' 'prod_76' <Predicate = true> <Delay = 1.90> <CoreInst = "HMul_nodsp">   --->   Core 58 'HMul_nodsp' <Latency = 3> <II = 1> <Delay = 1.90> <FuncUnit> <Opcode : 'hmul'> <InPorts = 2> <OutPorts = 1>
ST_7 : Operation 752 [3/4] (1.90ns)   --->   "%prod_77 = hmul i16 %xv_14, i16 %wv_78" [../gen/Hls_Layers_UpConv.tpp:125]   --->   Operation 752 'hmul' 'prod_77' <Predicate = true> <Delay = 1.90> <CoreInst = "HMul_nodsp">   --->   Core 58 'HMul_nodsp' <Latency = 3> <II = 1> <Delay = 1.90> <FuncUnit> <Opcode : 'hmul'> <InPorts = 2> <OutPorts = 1>
ST_7 : Operation 753 [3/4] (1.90ns)   --->   "%prod_78 = hmul i16 %xv_15, i16 %wv_79" [../gen/Hls_Layers_UpConv.tpp:125]   --->   Operation 753 'hmul' 'prod_78' <Predicate = true> <Delay = 1.90> <CoreInst = "HMul_nodsp">   --->   Core 58 'HMul_nodsp' <Latency = 3> <II = 1> <Delay = 1.90> <FuncUnit> <Opcode : 'hmul'> <InPorts = 2> <OutPorts = 1>
ST_7 : Operation 754 [3/4] (1.90ns)   --->   "%prod_79 = hmul i16 %xv, i16 %wv_80" [../gen/Hls_Layers_UpConv.tpp:125]   --->   Operation 754 'hmul' 'prod_79' <Predicate = true> <Delay = 1.90> <CoreInst = "HMul_nodsp">   --->   Core 58 'HMul_nodsp' <Latency = 3> <II = 1> <Delay = 1.90> <FuncUnit> <Opcode : 'hmul'> <InPorts = 2> <OutPorts = 1>
ST_7 : Operation 755 [3/4] (1.90ns)   --->   "%prod_80 = hmul i16 %xv_1, i16 %wv_81" [../gen/Hls_Layers_UpConv.tpp:125]   --->   Operation 755 'hmul' 'prod_80' <Predicate = true> <Delay = 1.90> <CoreInst = "HMul_nodsp">   --->   Core 58 'HMul_nodsp' <Latency = 3> <II = 1> <Delay = 1.90> <FuncUnit> <Opcode : 'hmul'> <InPorts = 2> <OutPorts = 1>
ST_7 : Operation 756 [3/4] (1.90ns)   --->   "%prod_81 = hmul i16 %xv_2, i16 %wv_82" [../gen/Hls_Layers_UpConv.tpp:125]   --->   Operation 756 'hmul' 'prod_81' <Predicate = true> <Delay = 1.90> <CoreInst = "HMul_nodsp">   --->   Core 58 'HMul_nodsp' <Latency = 3> <II = 1> <Delay = 1.90> <FuncUnit> <Opcode : 'hmul'> <InPorts = 2> <OutPorts = 1>
ST_7 : Operation 757 [3/4] (1.90ns)   --->   "%prod_82 = hmul i16 %xv_3, i16 %wv_83" [../gen/Hls_Layers_UpConv.tpp:125]   --->   Operation 757 'hmul' 'prod_82' <Predicate = true> <Delay = 1.90> <CoreInst = "HMul_nodsp">   --->   Core 58 'HMul_nodsp' <Latency = 3> <II = 1> <Delay = 1.90> <FuncUnit> <Opcode : 'hmul'> <InPorts = 2> <OutPorts = 1>
ST_7 : Operation 758 [3/4] (1.90ns)   --->   "%prod_83 = hmul i16 %xv_4, i16 %wv_84" [../gen/Hls_Layers_UpConv.tpp:125]   --->   Operation 758 'hmul' 'prod_83' <Predicate = true> <Delay = 1.90> <CoreInst = "HMul_nodsp">   --->   Core 58 'HMul_nodsp' <Latency = 3> <II = 1> <Delay = 1.90> <FuncUnit> <Opcode : 'hmul'> <InPorts = 2> <OutPorts = 1>
ST_7 : Operation 759 [3/4] (1.90ns)   --->   "%prod_84 = hmul i16 %xv_5, i16 %wv_85" [../gen/Hls_Layers_UpConv.tpp:125]   --->   Operation 759 'hmul' 'prod_84' <Predicate = true> <Delay = 1.90> <CoreInst = "HMul_nodsp">   --->   Core 58 'HMul_nodsp' <Latency = 3> <II = 1> <Delay = 1.90> <FuncUnit> <Opcode : 'hmul'> <InPorts = 2> <OutPorts = 1>
ST_7 : Operation 760 [3/4] (1.90ns)   --->   "%prod_85 = hmul i16 %xv_6, i16 %wv_86" [../gen/Hls_Layers_UpConv.tpp:125]   --->   Operation 760 'hmul' 'prod_85' <Predicate = true> <Delay = 1.90> <CoreInst = "HMul_nodsp">   --->   Core 58 'HMul_nodsp' <Latency = 3> <II = 1> <Delay = 1.90> <FuncUnit> <Opcode : 'hmul'> <InPorts = 2> <OutPorts = 1>
ST_7 : Operation 761 [3/4] (1.90ns)   --->   "%prod_86 = hmul i16 %xv_7, i16 %wv_87" [../gen/Hls_Layers_UpConv.tpp:125]   --->   Operation 761 'hmul' 'prod_86' <Predicate = true> <Delay = 1.90> <CoreInst = "HMul_nodsp">   --->   Core 58 'HMul_nodsp' <Latency = 3> <II = 1> <Delay = 1.90> <FuncUnit> <Opcode : 'hmul'> <InPorts = 2> <OutPorts = 1>
ST_7 : Operation 762 [3/4] (1.90ns)   --->   "%prod_87 = hmul i16 %xv_8, i16 %wv_88" [../gen/Hls_Layers_UpConv.tpp:125]   --->   Operation 762 'hmul' 'prod_87' <Predicate = true> <Delay = 1.90> <CoreInst = "HMul_nodsp">   --->   Core 58 'HMul_nodsp' <Latency = 3> <II = 1> <Delay = 1.90> <FuncUnit> <Opcode : 'hmul'> <InPorts = 2> <OutPorts = 1>
ST_7 : Operation 763 [3/4] (1.90ns)   --->   "%prod_88 = hmul i16 %xv_9, i16 %wv_89" [../gen/Hls_Layers_UpConv.tpp:125]   --->   Operation 763 'hmul' 'prod_88' <Predicate = true> <Delay = 1.90> <CoreInst = "HMul_nodsp">   --->   Core 58 'HMul_nodsp' <Latency = 3> <II = 1> <Delay = 1.90> <FuncUnit> <Opcode : 'hmul'> <InPorts = 2> <OutPorts = 1>
ST_7 : Operation 764 [3/4] (1.90ns)   --->   "%prod_89 = hmul i16 %xv_10, i16 %wv_90" [../gen/Hls_Layers_UpConv.tpp:125]   --->   Operation 764 'hmul' 'prod_89' <Predicate = true> <Delay = 1.90> <CoreInst = "HMul_nodsp">   --->   Core 58 'HMul_nodsp' <Latency = 3> <II = 1> <Delay = 1.90> <FuncUnit> <Opcode : 'hmul'> <InPorts = 2> <OutPorts = 1>
ST_7 : Operation 765 [3/4] (1.90ns)   --->   "%prod_90 = hmul i16 %xv_11, i16 %wv_91" [../gen/Hls_Layers_UpConv.tpp:125]   --->   Operation 765 'hmul' 'prod_90' <Predicate = true> <Delay = 1.90> <CoreInst = "HMul_nodsp">   --->   Core 58 'HMul_nodsp' <Latency = 3> <II = 1> <Delay = 1.90> <FuncUnit> <Opcode : 'hmul'> <InPorts = 2> <OutPorts = 1>
ST_7 : Operation 766 [3/4] (1.90ns)   --->   "%prod_91 = hmul i16 %xv_12, i16 %wv_92" [../gen/Hls_Layers_UpConv.tpp:125]   --->   Operation 766 'hmul' 'prod_91' <Predicate = true> <Delay = 1.90> <CoreInst = "HMul_nodsp">   --->   Core 58 'HMul_nodsp' <Latency = 3> <II = 1> <Delay = 1.90> <FuncUnit> <Opcode : 'hmul'> <InPorts = 2> <OutPorts = 1>
ST_7 : Operation 767 [3/4] (1.90ns)   --->   "%prod_92 = hmul i16 %xv_13, i16 %wv_93" [../gen/Hls_Layers_UpConv.tpp:125]   --->   Operation 767 'hmul' 'prod_92' <Predicate = true> <Delay = 1.90> <CoreInst = "HMul_nodsp">   --->   Core 58 'HMul_nodsp' <Latency = 3> <II = 1> <Delay = 1.90> <FuncUnit> <Opcode : 'hmul'> <InPorts = 2> <OutPorts = 1>
ST_7 : Operation 768 [3/4] (1.90ns)   --->   "%prod_93 = hmul i16 %xv_14, i16 %wv_94" [../gen/Hls_Layers_UpConv.tpp:125]   --->   Operation 768 'hmul' 'prod_93' <Predicate = true> <Delay = 1.90> <CoreInst = "HMul_nodsp">   --->   Core 58 'HMul_nodsp' <Latency = 3> <II = 1> <Delay = 1.90> <FuncUnit> <Opcode : 'hmul'> <InPorts = 2> <OutPorts = 1>
ST_7 : Operation 769 [3/4] (1.90ns)   --->   "%prod_94 = hmul i16 %xv_15, i16 %wv_95" [../gen/Hls_Layers_UpConv.tpp:125]   --->   Operation 769 'hmul' 'prod_94' <Predicate = true> <Delay = 1.90> <CoreInst = "HMul_nodsp">   --->   Core 58 'HMul_nodsp' <Latency = 3> <II = 1> <Delay = 1.90> <FuncUnit> <Opcode : 'hmul'> <InPorts = 2> <OutPorts = 1>
ST_7 : Operation 770 [3/4] (1.90ns)   --->   "%prod_95 = hmul i16 %xv, i16 %wv_96" [../gen/Hls_Layers_UpConv.tpp:125]   --->   Operation 770 'hmul' 'prod_95' <Predicate = true> <Delay = 1.90> <CoreInst = "HMul_nodsp">   --->   Core 58 'HMul_nodsp' <Latency = 3> <II = 1> <Delay = 1.90> <FuncUnit> <Opcode : 'hmul'> <InPorts = 2> <OutPorts = 1>
ST_7 : Operation 771 [3/4] (1.90ns)   --->   "%prod_96 = hmul i16 %xv_1, i16 %wv_97" [../gen/Hls_Layers_UpConv.tpp:125]   --->   Operation 771 'hmul' 'prod_96' <Predicate = true> <Delay = 1.90> <CoreInst = "HMul_nodsp">   --->   Core 58 'HMul_nodsp' <Latency = 3> <II = 1> <Delay = 1.90> <FuncUnit> <Opcode : 'hmul'> <InPorts = 2> <OutPorts = 1>
ST_7 : Operation 772 [3/4] (1.90ns)   --->   "%prod_97 = hmul i16 %xv_2, i16 %wv_98" [../gen/Hls_Layers_UpConv.tpp:125]   --->   Operation 772 'hmul' 'prod_97' <Predicate = true> <Delay = 1.90> <CoreInst = "HMul_nodsp">   --->   Core 58 'HMul_nodsp' <Latency = 3> <II = 1> <Delay = 1.90> <FuncUnit> <Opcode : 'hmul'> <InPorts = 2> <OutPorts = 1>
ST_7 : Operation 773 [3/4] (1.90ns)   --->   "%prod_98 = hmul i16 %xv_3, i16 %wv_99" [../gen/Hls_Layers_UpConv.tpp:125]   --->   Operation 773 'hmul' 'prod_98' <Predicate = true> <Delay = 1.90> <CoreInst = "HMul_nodsp">   --->   Core 58 'HMul_nodsp' <Latency = 3> <II = 1> <Delay = 1.90> <FuncUnit> <Opcode : 'hmul'> <InPorts = 2> <OutPorts = 1>
ST_7 : Operation 774 [3/4] (1.90ns)   --->   "%prod_99 = hmul i16 %xv_4, i16 %wv_100" [../gen/Hls_Layers_UpConv.tpp:125]   --->   Operation 774 'hmul' 'prod_99' <Predicate = true> <Delay = 1.90> <CoreInst = "HMul_nodsp">   --->   Core 58 'HMul_nodsp' <Latency = 3> <II = 1> <Delay = 1.90> <FuncUnit> <Opcode : 'hmul'> <InPorts = 2> <OutPorts = 1>
ST_7 : Operation 775 [3/4] (1.90ns)   --->   "%prod_100 = hmul i16 %xv_5, i16 %wv_101" [../gen/Hls_Layers_UpConv.tpp:125]   --->   Operation 775 'hmul' 'prod_100' <Predicate = true> <Delay = 1.90> <CoreInst = "HMul_nodsp">   --->   Core 58 'HMul_nodsp' <Latency = 3> <II = 1> <Delay = 1.90> <FuncUnit> <Opcode : 'hmul'> <InPorts = 2> <OutPorts = 1>
ST_7 : Operation 776 [3/4] (1.90ns)   --->   "%prod_101 = hmul i16 %xv_6, i16 %wv_102" [../gen/Hls_Layers_UpConv.tpp:125]   --->   Operation 776 'hmul' 'prod_101' <Predicate = true> <Delay = 1.90> <CoreInst = "HMul_nodsp">   --->   Core 58 'HMul_nodsp' <Latency = 3> <II = 1> <Delay = 1.90> <FuncUnit> <Opcode : 'hmul'> <InPorts = 2> <OutPorts = 1>
ST_7 : Operation 777 [3/4] (1.90ns)   --->   "%prod_102 = hmul i16 %xv_7, i16 %wv_103" [../gen/Hls_Layers_UpConv.tpp:125]   --->   Operation 777 'hmul' 'prod_102' <Predicate = true> <Delay = 1.90> <CoreInst = "HMul_nodsp">   --->   Core 58 'HMul_nodsp' <Latency = 3> <II = 1> <Delay = 1.90> <FuncUnit> <Opcode : 'hmul'> <InPorts = 2> <OutPorts = 1>
ST_7 : Operation 778 [3/4] (1.90ns)   --->   "%prod_103 = hmul i16 %xv_8, i16 %wv_104" [../gen/Hls_Layers_UpConv.tpp:125]   --->   Operation 778 'hmul' 'prod_103' <Predicate = true> <Delay = 1.90> <CoreInst = "HMul_nodsp">   --->   Core 58 'HMul_nodsp' <Latency = 3> <II = 1> <Delay = 1.90> <FuncUnit> <Opcode : 'hmul'> <InPorts = 2> <OutPorts = 1>
ST_7 : Operation 779 [3/4] (1.90ns)   --->   "%prod_104 = hmul i16 %xv_9, i16 %wv_105" [../gen/Hls_Layers_UpConv.tpp:125]   --->   Operation 779 'hmul' 'prod_104' <Predicate = true> <Delay = 1.90> <CoreInst = "HMul_nodsp">   --->   Core 58 'HMul_nodsp' <Latency = 3> <II = 1> <Delay = 1.90> <FuncUnit> <Opcode : 'hmul'> <InPorts = 2> <OutPorts = 1>
ST_7 : Operation 780 [3/4] (1.90ns)   --->   "%prod_105 = hmul i16 %xv_10, i16 %wv_106" [../gen/Hls_Layers_UpConv.tpp:125]   --->   Operation 780 'hmul' 'prod_105' <Predicate = true> <Delay = 1.90> <CoreInst = "HMul_nodsp">   --->   Core 58 'HMul_nodsp' <Latency = 3> <II = 1> <Delay = 1.90> <FuncUnit> <Opcode : 'hmul'> <InPorts = 2> <OutPorts = 1>
ST_7 : Operation 781 [3/4] (1.90ns)   --->   "%prod_106 = hmul i16 %xv_11, i16 %wv_107" [../gen/Hls_Layers_UpConv.tpp:125]   --->   Operation 781 'hmul' 'prod_106' <Predicate = true> <Delay = 1.90> <CoreInst = "HMul_nodsp">   --->   Core 58 'HMul_nodsp' <Latency = 3> <II = 1> <Delay = 1.90> <FuncUnit> <Opcode : 'hmul'> <InPorts = 2> <OutPorts = 1>
ST_7 : Operation 782 [3/4] (1.90ns)   --->   "%prod_107 = hmul i16 %xv_12, i16 %wv_108" [../gen/Hls_Layers_UpConv.tpp:125]   --->   Operation 782 'hmul' 'prod_107' <Predicate = true> <Delay = 1.90> <CoreInst = "HMul_nodsp">   --->   Core 58 'HMul_nodsp' <Latency = 3> <II = 1> <Delay = 1.90> <FuncUnit> <Opcode : 'hmul'> <InPorts = 2> <OutPorts = 1>
ST_7 : Operation 783 [3/4] (1.90ns)   --->   "%prod_108 = hmul i16 %xv_13, i16 %wv_109" [../gen/Hls_Layers_UpConv.tpp:125]   --->   Operation 783 'hmul' 'prod_108' <Predicate = true> <Delay = 1.90> <CoreInst = "HMul_nodsp">   --->   Core 58 'HMul_nodsp' <Latency = 3> <II = 1> <Delay = 1.90> <FuncUnit> <Opcode : 'hmul'> <InPorts = 2> <OutPorts = 1>
ST_7 : Operation 784 [3/4] (1.90ns)   --->   "%prod_109 = hmul i16 %xv_14, i16 %wv_110" [../gen/Hls_Layers_UpConv.tpp:125]   --->   Operation 784 'hmul' 'prod_109' <Predicate = true> <Delay = 1.90> <CoreInst = "HMul_nodsp">   --->   Core 58 'HMul_nodsp' <Latency = 3> <II = 1> <Delay = 1.90> <FuncUnit> <Opcode : 'hmul'> <InPorts = 2> <OutPorts = 1>
ST_7 : Operation 785 [3/4] (1.90ns)   --->   "%prod_110 = hmul i16 %xv_15, i16 %wv_111" [../gen/Hls_Layers_UpConv.tpp:125]   --->   Operation 785 'hmul' 'prod_110' <Predicate = true> <Delay = 1.90> <CoreInst = "HMul_nodsp">   --->   Core 58 'HMul_nodsp' <Latency = 3> <II = 1> <Delay = 1.90> <FuncUnit> <Opcode : 'hmul'> <InPorts = 2> <OutPorts = 1>
ST_7 : Operation 786 [3/4] (1.90ns)   --->   "%prod_111 = hmul i16 %xv, i16 %wv_112" [../gen/Hls_Layers_UpConv.tpp:125]   --->   Operation 786 'hmul' 'prod_111' <Predicate = true> <Delay = 1.90> <CoreInst = "HMul_nodsp">   --->   Core 58 'HMul_nodsp' <Latency = 3> <II = 1> <Delay = 1.90> <FuncUnit> <Opcode : 'hmul'> <InPorts = 2> <OutPorts = 1>
ST_7 : Operation 787 [3/4] (1.90ns)   --->   "%prod_112 = hmul i16 %xv_1, i16 %wv_113" [../gen/Hls_Layers_UpConv.tpp:125]   --->   Operation 787 'hmul' 'prod_112' <Predicate = true> <Delay = 1.90> <CoreInst = "HMul_nodsp">   --->   Core 58 'HMul_nodsp' <Latency = 3> <II = 1> <Delay = 1.90> <FuncUnit> <Opcode : 'hmul'> <InPorts = 2> <OutPorts = 1>
ST_7 : Operation 788 [3/4] (1.90ns)   --->   "%prod_113 = hmul i16 %xv_2, i16 %wv_114" [../gen/Hls_Layers_UpConv.tpp:125]   --->   Operation 788 'hmul' 'prod_113' <Predicate = true> <Delay = 1.90> <CoreInst = "HMul_nodsp">   --->   Core 58 'HMul_nodsp' <Latency = 3> <II = 1> <Delay = 1.90> <FuncUnit> <Opcode : 'hmul'> <InPorts = 2> <OutPorts = 1>
ST_7 : Operation 789 [3/4] (1.90ns)   --->   "%prod_114 = hmul i16 %xv_3, i16 %wv_115" [../gen/Hls_Layers_UpConv.tpp:125]   --->   Operation 789 'hmul' 'prod_114' <Predicate = true> <Delay = 1.90> <CoreInst = "HMul_nodsp">   --->   Core 58 'HMul_nodsp' <Latency = 3> <II = 1> <Delay = 1.90> <FuncUnit> <Opcode : 'hmul'> <InPorts = 2> <OutPorts = 1>
ST_7 : Operation 790 [3/4] (1.90ns)   --->   "%prod_115 = hmul i16 %xv_4, i16 %wv_116" [../gen/Hls_Layers_UpConv.tpp:125]   --->   Operation 790 'hmul' 'prod_115' <Predicate = true> <Delay = 1.90> <CoreInst = "HMul_nodsp">   --->   Core 58 'HMul_nodsp' <Latency = 3> <II = 1> <Delay = 1.90> <FuncUnit> <Opcode : 'hmul'> <InPorts = 2> <OutPorts = 1>
ST_7 : Operation 791 [3/4] (1.90ns)   --->   "%prod_116 = hmul i16 %xv_5, i16 %wv_117" [../gen/Hls_Layers_UpConv.tpp:125]   --->   Operation 791 'hmul' 'prod_116' <Predicate = true> <Delay = 1.90> <CoreInst = "HMul_nodsp">   --->   Core 58 'HMul_nodsp' <Latency = 3> <II = 1> <Delay = 1.90> <FuncUnit> <Opcode : 'hmul'> <InPorts = 2> <OutPorts = 1>
ST_7 : Operation 792 [3/4] (1.90ns)   --->   "%prod_117 = hmul i16 %xv_6, i16 %wv_118" [../gen/Hls_Layers_UpConv.tpp:125]   --->   Operation 792 'hmul' 'prod_117' <Predicate = true> <Delay = 1.90> <CoreInst = "HMul_nodsp">   --->   Core 58 'HMul_nodsp' <Latency = 3> <II = 1> <Delay = 1.90> <FuncUnit> <Opcode : 'hmul'> <InPorts = 2> <OutPorts = 1>
ST_7 : Operation 793 [3/4] (1.90ns)   --->   "%prod_118 = hmul i16 %xv_7, i16 %wv_119" [../gen/Hls_Layers_UpConv.tpp:125]   --->   Operation 793 'hmul' 'prod_118' <Predicate = true> <Delay = 1.90> <CoreInst = "HMul_nodsp">   --->   Core 58 'HMul_nodsp' <Latency = 3> <II = 1> <Delay = 1.90> <FuncUnit> <Opcode : 'hmul'> <InPorts = 2> <OutPorts = 1>
ST_7 : Operation 794 [3/4] (1.90ns)   --->   "%prod_119 = hmul i16 %xv_8, i16 %wv_120" [../gen/Hls_Layers_UpConv.tpp:125]   --->   Operation 794 'hmul' 'prod_119' <Predicate = true> <Delay = 1.90> <CoreInst = "HMul_nodsp">   --->   Core 58 'HMul_nodsp' <Latency = 3> <II = 1> <Delay = 1.90> <FuncUnit> <Opcode : 'hmul'> <InPorts = 2> <OutPorts = 1>
ST_7 : Operation 795 [3/4] (1.90ns)   --->   "%prod_120 = hmul i16 %xv_9, i16 %wv_121" [../gen/Hls_Layers_UpConv.tpp:125]   --->   Operation 795 'hmul' 'prod_120' <Predicate = true> <Delay = 1.90> <CoreInst = "HMul_nodsp">   --->   Core 58 'HMul_nodsp' <Latency = 3> <II = 1> <Delay = 1.90> <FuncUnit> <Opcode : 'hmul'> <InPorts = 2> <OutPorts = 1>
ST_7 : Operation 796 [3/4] (1.90ns)   --->   "%prod_121 = hmul i16 %xv_10, i16 %wv_122" [../gen/Hls_Layers_UpConv.tpp:125]   --->   Operation 796 'hmul' 'prod_121' <Predicate = true> <Delay = 1.90> <CoreInst = "HMul_nodsp">   --->   Core 58 'HMul_nodsp' <Latency = 3> <II = 1> <Delay = 1.90> <FuncUnit> <Opcode : 'hmul'> <InPorts = 2> <OutPorts = 1>
ST_7 : Operation 797 [3/4] (1.90ns)   --->   "%prod_122 = hmul i16 %xv_11, i16 %wv_123" [../gen/Hls_Layers_UpConv.tpp:125]   --->   Operation 797 'hmul' 'prod_122' <Predicate = true> <Delay = 1.90> <CoreInst = "HMul_nodsp">   --->   Core 58 'HMul_nodsp' <Latency = 3> <II = 1> <Delay = 1.90> <FuncUnit> <Opcode : 'hmul'> <InPorts = 2> <OutPorts = 1>
ST_7 : Operation 798 [3/4] (1.90ns)   --->   "%prod_123 = hmul i16 %xv_12, i16 %wv_124" [../gen/Hls_Layers_UpConv.tpp:125]   --->   Operation 798 'hmul' 'prod_123' <Predicate = true> <Delay = 1.90> <CoreInst = "HMul_nodsp">   --->   Core 58 'HMul_nodsp' <Latency = 3> <II = 1> <Delay = 1.90> <FuncUnit> <Opcode : 'hmul'> <InPorts = 2> <OutPorts = 1>
ST_7 : Operation 799 [3/4] (1.90ns)   --->   "%prod_124 = hmul i16 %xv_13, i16 %wv_125" [../gen/Hls_Layers_UpConv.tpp:125]   --->   Operation 799 'hmul' 'prod_124' <Predicate = true> <Delay = 1.90> <CoreInst = "HMul_nodsp">   --->   Core 58 'HMul_nodsp' <Latency = 3> <II = 1> <Delay = 1.90> <FuncUnit> <Opcode : 'hmul'> <InPorts = 2> <OutPorts = 1>
ST_7 : Operation 800 [3/4] (1.90ns)   --->   "%prod_125 = hmul i16 %xv_14, i16 %wv_126" [../gen/Hls_Layers_UpConv.tpp:125]   --->   Operation 800 'hmul' 'prod_125' <Predicate = true> <Delay = 1.90> <CoreInst = "HMul_nodsp">   --->   Core 58 'HMul_nodsp' <Latency = 3> <II = 1> <Delay = 1.90> <FuncUnit> <Opcode : 'hmul'> <InPorts = 2> <OutPorts = 1>
ST_7 : Operation 801 [3/4] (1.90ns)   --->   "%prod_126 = hmul i16 %xv_15, i16 %wv_127" [../gen/Hls_Layers_UpConv.tpp:125]   --->   Operation 801 'hmul' 'prod_126' <Predicate = true> <Delay = 1.90> <CoreInst = "HMul_nodsp">   --->   Core 58 'HMul_nodsp' <Latency = 3> <II = 1> <Delay = 1.90> <FuncUnit> <Opcode : 'hmul'> <InPorts = 2> <OutPorts = 1>

State 8 <SV = 7> <Delay = 1.90>
ST_8 : Operation 802 [2/4] (1.90ns)   --->   "%prod = hmul i16 %xv, i16 %wv" [../gen/Hls_Layers_UpConv.tpp:125]   --->   Operation 802 'hmul' 'prod' <Predicate = true> <Delay = 1.90> <CoreInst = "HMul_nodsp">   --->   Core 58 'HMul_nodsp' <Latency = 3> <II = 1> <Delay = 1.90> <FuncUnit> <Opcode : 'hmul'> <InPorts = 2> <OutPorts = 1>
ST_8 : Operation 803 [2/4] (1.90ns)   --->   "%prod_1 = hmul i16 %xv_1, i16 %wv_1" [../gen/Hls_Layers_UpConv.tpp:125]   --->   Operation 803 'hmul' 'prod_1' <Predicate = true> <Delay = 1.90> <CoreInst = "HMul_nodsp">   --->   Core 58 'HMul_nodsp' <Latency = 3> <II = 1> <Delay = 1.90> <FuncUnit> <Opcode : 'hmul'> <InPorts = 2> <OutPorts = 1>
ST_8 : Operation 804 [2/4] (1.90ns)   --->   "%prod_2 = hmul i16 %xv_2, i16 %wv_2" [../gen/Hls_Layers_UpConv.tpp:125]   --->   Operation 804 'hmul' 'prod_2' <Predicate = true> <Delay = 1.90> <CoreInst = "HMul_nodsp">   --->   Core 58 'HMul_nodsp' <Latency = 3> <II = 1> <Delay = 1.90> <FuncUnit> <Opcode : 'hmul'> <InPorts = 2> <OutPorts = 1>
ST_8 : Operation 805 [2/4] (1.90ns)   --->   "%prod_3 = hmul i16 %xv_3, i16 %wv_3" [../gen/Hls_Layers_UpConv.tpp:125]   --->   Operation 805 'hmul' 'prod_3' <Predicate = true> <Delay = 1.90> <CoreInst = "HMul_nodsp">   --->   Core 58 'HMul_nodsp' <Latency = 3> <II = 1> <Delay = 1.90> <FuncUnit> <Opcode : 'hmul'> <InPorts = 2> <OutPorts = 1>
ST_8 : Operation 806 [2/4] (1.90ns)   --->   "%prod_4 = hmul i16 %xv_4, i16 %wv_4" [../gen/Hls_Layers_UpConv.tpp:125]   --->   Operation 806 'hmul' 'prod_4' <Predicate = true> <Delay = 1.90> <CoreInst = "HMul_nodsp">   --->   Core 58 'HMul_nodsp' <Latency = 3> <II = 1> <Delay = 1.90> <FuncUnit> <Opcode : 'hmul'> <InPorts = 2> <OutPorts = 1>
ST_8 : Operation 807 [2/4] (1.90ns)   --->   "%prod_5 = hmul i16 %xv_5, i16 %wv_5" [../gen/Hls_Layers_UpConv.tpp:125]   --->   Operation 807 'hmul' 'prod_5' <Predicate = true> <Delay = 1.90> <CoreInst = "HMul_nodsp">   --->   Core 58 'HMul_nodsp' <Latency = 3> <II = 1> <Delay = 1.90> <FuncUnit> <Opcode : 'hmul'> <InPorts = 2> <OutPorts = 1>
ST_8 : Operation 808 [2/4] (1.90ns)   --->   "%prod_6 = hmul i16 %xv_6, i16 %wv_6" [../gen/Hls_Layers_UpConv.tpp:125]   --->   Operation 808 'hmul' 'prod_6' <Predicate = true> <Delay = 1.90> <CoreInst = "HMul_nodsp">   --->   Core 58 'HMul_nodsp' <Latency = 3> <II = 1> <Delay = 1.90> <FuncUnit> <Opcode : 'hmul'> <InPorts = 2> <OutPorts = 1>
ST_8 : Operation 809 [2/4] (1.90ns)   --->   "%prod_7 = hmul i16 %xv_7, i16 %wv_7" [../gen/Hls_Layers_UpConv.tpp:125]   --->   Operation 809 'hmul' 'prod_7' <Predicate = true> <Delay = 1.90> <CoreInst = "HMul_nodsp">   --->   Core 58 'HMul_nodsp' <Latency = 3> <II = 1> <Delay = 1.90> <FuncUnit> <Opcode : 'hmul'> <InPorts = 2> <OutPorts = 1>
ST_8 : Operation 810 [2/4] (1.90ns)   --->   "%prod_8 = hmul i16 %xv_8, i16 %wv_8" [../gen/Hls_Layers_UpConv.tpp:125]   --->   Operation 810 'hmul' 'prod_8' <Predicate = true> <Delay = 1.90> <CoreInst = "HMul_nodsp">   --->   Core 58 'HMul_nodsp' <Latency = 3> <II = 1> <Delay = 1.90> <FuncUnit> <Opcode : 'hmul'> <InPorts = 2> <OutPorts = 1>
ST_8 : Operation 811 [2/4] (1.90ns)   --->   "%prod_9 = hmul i16 %xv_9, i16 %wv_9" [../gen/Hls_Layers_UpConv.tpp:125]   --->   Operation 811 'hmul' 'prod_9' <Predicate = true> <Delay = 1.90> <CoreInst = "HMul_nodsp">   --->   Core 58 'HMul_nodsp' <Latency = 3> <II = 1> <Delay = 1.90> <FuncUnit> <Opcode : 'hmul'> <InPorts = 2> <OutPorts = 1>
ST_8 : Operation 812 [2/4] (1.90ns)   --->   "%prod_10 = hmul i16 %xv_10, i16 %wv_10" [../gen/Hls_Layers_UpConv.tpp:125]   --->   Operation 812 'hmul' 'prod_10' <Predicate = true> <Delay = 1.90> <CoreInst = "HMul_nodsp">   --->   Core 58 'HMul_nodsp' <Latency = 3> <II = 1> <Delay = 1.90> <FuncUnit> <Opcode : 'hmul'> <InPorts = 2> <OutPorts = 1>
ST_8 : Operation 813 [2/4] (1.90ns)   --->   "%prod_11 = hmul i16 %xv_11, i16 %wv_11" [../gen/Hls_Layers_UpConv.tpp:125]   --->   Operation 813 'hmul' 'prod_11' <Predicate = true> <Delay = 1.90> <CoreInst = "HMul_nodsp">   --->   Core 58 'HMul_nodsp' <Latency = 3> <II = 1> <Delay = 1.90> <FuncUnit> <Opcode : 'hmul'> <InPorts = 2> <OutPorts = 1>
ST_8 : Operation 814 [2/4] (1.90ns)   --->   "%prod_12 = hmul i16 %xv_12, i16 %wv_12" [../gen/Hls_Layers_UpConv.tpp:125]   --->   Operation 814 'hmul' 'prod_12' <Predicate = true> <Delay = 1.90> <CoreInst = "HMul_nodsp">   --->   Core 58 'HMul_nodsp' <Latency = 3> <II = 1> <Delay = 1.90> <FuncUnit> <Opcode : 'hmul'> <InPorts = 2> <OutPorts = 1>
ST_8 : Operation 815 [2/4] (1.90ns)   --->   "%prod_13 = hmul i16 %xv_13, i16 %wv_13" [../gen/Hls_Layers_UpConv.tpp:125]   --->   Operation 815 'hmul' 'prod_13' <Predicate = true> <Delay = 1.90> <CoreInst = "HMul_nodsp">   --->   Core 58 'HMul_nodsp' <Latency = 3> <II = 1> <Delay = 1.90> <FuncUnit> <Opcode : 'hmul'> <InPorts = 2> <OutPorts = 1>
ST_8 : Operation 816 [2/4] (1.90ns)   --->   "%prod_14 = hmul i16 %xv_14, i16 %wv_14" [../gen/Hls_Layers_UpConv.tpp:125]   --->   Operation 816 'hmul' 'prod_14' <Predicate = true> <Delay = 1.90> <CoreInst = "HMul_nodsp">   --->   Core 58 'HMul_nodsp' <Latency = 3> <II = 1> <Delay = 1.90> <FuncUnit> <Opcode : 'hmul'> <InPorts = 2> <OutPorts = 1>
ST_8 : Operation 817 [2/4] (1.90ns)   --->   "%prod_15 = hmul i16 %xv_15, i16 %wv_15" [../gen/Hls_Layers_UpConv.tpp:125]   --->   Operation 817 'hmul' 'prod_15' <Predicate = true> <Delay = 1.90> <CoreInst = "HMul_nodsp">   --->   Core 58 'HMul_nodsp' <Latency = 3> <II = 1> <Delay = 1.90> <FuncUnit> <Opcode : 'hmul'> <InPorts = 2> <OutPorts = 1>
ST_8 : Operation 818 [2/4] (1.90ns)   --->   "%prod_127 = hmul i16 %xv, i16 %wv_16" [../gen/Hls_Layers_UpConv.tpp:125]   --->   Operation 818 'hmul' 'prod_127' <Predicate = true> <Delay = 1.90> <CoreInst = "HMul_nodsp">   --->   Core 58 'HMul_nodsp' <Latency = 3> <II = 1> <Delay = 1.90> <FuncUnit> <Opcode : 'hmul'> <InPorts = 2> <OutPorts = 1>
ST_8 : Operation 819 [2/4] (1.90ns)   --->   "%prod_16 = hmul i16 %xv_1, i16 %wv_17" [../gen/Hls_Layers_UpConv.tpp:125]   --->   Operation 819 'hmul' 'prod_16' <Predicate = true> <Delay = 1.90> <CoreInst = "HMul_nodsp">   --->   Core 58 'HMul_nodsp' <Latency = 3> <II = 1> <Delay = 1.90> <FuncUnit> <Opcode : 'hmul'> <InPorts = 2> <OutPorts = 1>
ST_8 : Operation 820 [2/4] (1.90ns)   --->   "%prod_17 = hmul i16 %xv_2, i16 %wv_18" [../gen/Hls_Layers_UpConv.tpp:125]   --->   Operation 820 'hmul' 'prod_17' <Predicate = true> <Delay = 1.90> <CoreInst = "HMul_nodsp">   --->   Core 58 'HMul_nodsp' <Latency = 3> <II = 1> <Delay = 1.90> <FuncUnit> <Opcode : 'hmul'> <InPorts = 2> <OutPorts = 1>
ST_8 : Operation 821 [2/4] (1.90ns)   --->   "%prod_18 = hmul i16 %xv_3, i16 %wv_19" [../gen/Hls_Layers_UpConv.tpp:125]   --->   Operation 821 'hmul' 'prod_18' <Predicate = true> <Delay = 1.90> <CoreInst = "HMul_nodsp">   --->   Core 58 'HMul_nodsp' <Latency = 3> <II = 1> <Delay = 1.90> <FuncUnit> <Opcode : 'hmul'> <InPorts = 2> <OutPorts = 1>
ST_8 : Operation 822 [2/4] (1.90ns)   --->   "%prod_19 = hmul i16 %xv_4, i16 %wv_20" [../gen/Hls_Layers_UpConv.tpp:125]   --->   Operation 822 'hmul' 'prod_19' <Predicate = true> <Delay = 1.90> <CoreInst = "HMul_nodsp">   --->   Core 58 'HMul_nodsp' <Latency = 3> <II = 1> <Delay = 1.90> <FuncUnit> <Opcode : 'hmul'> <InPorts = 2> <OutPorts = 1>
ST_8 : Operation 823 [2/4] (1.90ns)   --->   "%prod_20 = hmul i16 %xv_5, i16 %wv_21" [../gen/Hls_Layers_UpConv.tpp:125]   --->   Operation 823 'hmul' 'prod_20' <Predicate = true> <Delay = 1.90> <CoreInst = "HMul_nodsp">   --->   Core 58 'HMul_nodsp' <Latency = 3> <II = 1> <Delay = 1.90> <FuncUnit> <Opcode : 'hmul'> <InPorts = 2> <OutPorts = 1>
ST_8 : Operation 824 [2/4] (1.90ns)   --->   "%prod_21 = hmul i16 %xv_6, i16 %wv_22" [../gen/Hls_Layers_UpConv.tpp:125]   --->   Operation 824 'hmul' 'prod_21' <Predicate = true> <Delay = 1.90> <CoreInst = "HMul_nodsp">   --->   Core 58 'HMul_nodsp' <Latency = 3> <II = 1> <Delay = 1.90> <FuncUnit> <Opcode : 'hmul'> <InPorts = 2> <OutPorts = 1>
ST_8 : Operation 825 [2/4] (1.90ns)   --->   "%prod_22 = hmul i16 %xv_7, i16 %wv_23" [../gen/Hls_Layers_UpConv.tpp:125]   --->   Operation 825 'hmul' 'prod_22' <Predicate = true> <Delay = 1.90> <CoreInst = "HMul_nodsp">   --->   Core 58 'HMul_nodsp' <Latency = 3> <II = 1> <Delay = 1.90> <FuncUnit> <Opcode : 'hmul'> <InPorts = 2> <OutPorts = 1>
ST_8 : Operation 826 [2/4] (1.90ns)   --->   "%prod_23 = hmul i16 %xv_8, i16 %wv_24" [../gen/Hls_Layers_UpConv.tpp:125]   --->   Operation 826 'hmul' 'prod_23' <Predicate = true> <Delay = 1.90> <CoreInst = "HMul_nodsp">   --->   Core 58 'HMul_nodsp' <Latency = 3> <II = 1> <Delay = 1.90> <FuncUnit> <Opcode : 'hmul'> <InPorts = 2> <OutPorts = 1>
ST_8 : Operation 827 [2/4] (1.90ns)   --->   "%prod_24 = hmul i16 %xv_9, i16 %wv_25" [../gen/Hls_Layers_UpConv.tpp:125]   --->   Operation 827 'hmul' 'prod_24' <Predicate = true> <Delay = 1.90> <CoreInst = "HMul_nodsp">   --->   Core 58 'HMul_nodsp' <Latency = 3> <II = 1> <Delay = 1.90> <FuncUnit> <Opcode : 'hmul'> <InPorts = 2> <OutPorts = 1>
ST_8 : Operation 828 [2/4] (1.90ns)   --->   "%prod_25 = hmul i16 %xv_10, i16 %wv_26" [../gen/Hls_Layers_UpConv.tpp:125]   --->   Operation 828 'hmul' 'prod_25' <Predicate = true> <Delay = 1.90> <CoreInst = "HMul_nodsp">   --->   Core 58 'HMul_nodsp' <Latency = 3> <II = 1> <Delay = 1.90> <FuncUnit> <Opcode : 'hmul'> <InPorts = 2> <OutPorts = 1>
ST_8 : Operation 829 [2/4] (1.90ns)   --->   "%prod_26 = hmul i16 %xv_11, i16 %wv_27" [../gen/Hls_Layers_UpConv.tpp:125]   --->   Operation 829 'hmul' 'prod_26' <Predicate = true> <Delay = 1.90> <CoreInst = "HMul_nodsp">   --->   Core 58 'HMul_nodsp' <Latency = 3> <II = 1> <Delay = 1.90> <FuncUnit> <Opcode : 'hmul'> <InPorts = 2> <OutPorts = 1>
ST_8 : Operation 830 [2/4] (1.90ns)   --->   "%prod_27 = hmul i16 %xv_12, i16 %wv_28" [../gen/Hls_Layers_UpConv.tpp:125]   --->   Operation 830 'hmul' 'prod_27' <Predicate = true> <Delay = 1.90> <CoreInst = "HMul_nodsp">   --->   Core 58 'HMul_nodsp' <Latency = 3> <II = 1> <Delay = 1.90> <FuncUnit> <Opcode : 'hmul'> <InPorts = 2> <OutPorts = 1>
ST_8 : Operation 831 [2/4] (1.90ns)   --->   "%prod_28 = hmul i16 %xv_13, i16 %wv_29" [../gen/Hls_Layers_UpConv.tpp:125]   --->   Operation 831 'hmul' 'prod_28' <Predicate = true> <Delay = 1.90> <CoreInst = "HMul_nodsp">   --->   Core 58 'HMul_nodsp' <Latency = 3> <II = 1> <Delay = 1.90> <FuncUnit> <Opcode : 'hmul'> <InPorts = 2> <OutPorts = 1>
ST_8 : Operation 832 [2/4] (1.90ns)   --->   "%prod_29 = hmul i16 %xv_14, i16 %wv_30" [../gen/Hls_Layers_UpConv.tpp:125]   --->   Operation 832 'hmul' 'prod_29' <Predicate = true> <Delay = 1.90> <CoreInst = "HMul_nodsp">   --->   Core 58 'HMul_nodsp' <Latency = 3> <II = 1> <Delay = 1.90> <FuncUnit> <Opcode : 'hmul'> <InPorts = 2> <OutPorts = 1>
ST_8 : Operation 833 [2/4] (1.90ns)   --->   "%prod_30 = hmul i16 %xv_15, i16 %wv_31" [../gen/Hls_Layers_UpConv.tpp:125]   --->   Operation 833 'hmul' 'prod_30' <Predicate = true> <Delay = 1.90> <CoreInst = "HMul_nodsp">   --->   Core 58 'HMul_nodsp' <Latency = 3> <II = 1> <Delay = 1.90> <FuncUnit> <Opcode : 'hmul'> <InPorts = 2> <OutPorts = 1>
ST_8 : Operation 834 [2/4] (1.90ns)   --->   "%prod_31 = hmul i16 %xv, i16 %wv_32" [../gen/Hls_Layers_UpConv.tpp:125]   --->   Operation 834 'hmul' 'prod_31' <Predicate = true> <Delay = 1.90> <CoreInst = "HMul_nodsp">   --->   Core 58 'HMul_nodsp' <Latency = 3> <II = 1> <Delay = 1.90> <FuncUnit> <Opcode : 'hmul'> <InPorts = 2> <OutPorts = 1>
ST_8 : Operation 835 [2/4] (1.90ns)   --->   "%prod_32 = hmul i16 %xv_1, i16 %wv_33" [../gen/Hls_Layers_UpConv.tpp:125]   --->   Operation 835 'hmul' 'prod_32' <Predicate = true> <Delay = 1.90> <CoreInst = "HMul_nodsp">   --->   Core 58 'HMul_nodsp' <Latency = 3> <II = 1> <Delay = 1.90> <FuncUnit> <Opcode : 'hmul'> <InPorts = 2> <OutPorts = 1>
ST_8 : Operation 836 [2/4] (1.90ns)   --->   "%prod_33 = hmul i16 %xv_2, i16 %wv_34" [../gen/Hls_Layers_UpConv.tpp:125]   --->   Operation 836 'hmul' 'prod_33' <Predicate = true> <Delay = 1.90> <CoreInst = "HMul_nodsp">   --->   Core 58 'HMul_nodsp' <Latency = 3> <II = 1> <Delay = 1.90> <FuncUnit> <Opcode : 'hmul'> <InPorts = 2> <OutPorts = 1>
ST_8 : Operation 837 [2/4] (1.90ns)   --->   "%prod_34 = hmul i16 %xv_3, i16 %wv_35" [../gen/Hls_Layers_UpConv.tpp:125]   --->   Operation 837 'hmul' 'prod_34' <Predicate = true> <Delay = 1.90> <CoreInst = "HMul_nodsp">   --->   Core 58 'HMul_nodsp' <Latency = 3> <II = 1> <Delay = 1.90> <FuncUnit> <Opcode : 'hmul'> <InPorts = 2> <OutPorts = 1>
ST_8 : Operation 838 [2/4] (1.90ns)   --->   "%prod_35 = hmul i16 %xv_4, i16 %wv_36" [../gen/Hls_Layers_UpConv.tpp:125]   --->   Operation 838 'hmul' 'prod_35' <Predicate = true> <Delay = 1.90> <CoreInst = "HMul_nodsp">   --->   Core 58 'HMul_nodsp' <Latency = 3> <II = 1> <Delay = 1.90> <FuncUnit> <Opcode : 'hmul'> <InPorts = 2> <OutPorts = 1>
ST_8 : Operation 839 [2/4] (1.90ns)   --->   "%prod_36 = hmul i16 %xv_5, i16 %wv_37" [../gen/Hls_Layers_UpConv.tpp:125]   --->   Operation 839 'hmul' 'prod_36' <Predicate = true> <Delay = 1.90> <CoreInst = "HMul_nodsp">   --->   Core 58 'HMul_nodsp' <Latency = 3> <II = 1> <Delay = 1.90> <FuncUnit> <Opcode : 'hmul'> <InPorts = 2> <OutPorts = 1>
ST_8 : Operation 840 [2/4] (1.90ns)   --->   "%prod_37 = hmul i16 %xv_6, i16 %wv_38" [../gen/Hls_Layers_UpConv.tpp:125]   --->   Operation 840 'hmul' 'prod_37' <Predicate = true> <Delay = 1.90> <CoreInst = "HMul_nodsp">   --->   Core 58 'HMul_nodsp' <Latency = 3> <II = 1> <Delay = 1.90> <FuncUnit> <Opcode : 'hmul'> <InPorts = 2> <OutPorts = 1>
ST_8 : Operation 841 [2/4] (1.90ns)   --->   "%prod_38 = hmul i16 %xv_7, i16 %wv_39" [../gen/Hls_Layers_UpConv.tpp:125]   --->   Operation 841 'hmul' 'prod_38' <Predicate = true> <Delay = 1.90> <CoreInst = "HMul_nodsp">   --->   Core 58 'HMul_nodsp' <Latency = 3> <II = 1> <Delay = 1.90> <FuncUnit> <Opcode : 'hmul'> <InPorts = 2> <OutPorts = 1>
ST_8 : Operation 842 [2/4] (1.90ns)   --->   "%prod_39 = hmul i16 %xv_8, i16 %wv_40" [../gen/Hls_Layers_UpConv.tpp:125]   --->   Operation 842 'hmul' 'prod_39' <Predicate = true> <Delay = 1.90> <CoreInst = "HMul_nodsp">   --->   Core 58 'HMul_nodsp' <Latency = 3> <II = 1> <Delay = 1.90> <FuncUnit> <Opcode : 'hmul'> <InPorts = 2> <OutPorts = 1>
ST_8 : Operation 843 [2/4] (1.90ns)   --->   "%prod_40 = hmul i16 %xv_9, i16 %wv_41" [../gen/Hls_Layers_UpConv.tpp:125]   --->   Operation 843 'hmul' 'prod_40' <Predicate = true> <Delay = 1.90> <CoreInst = "HMul_nodsp">   --->   Core 58 'HMul_nodsp' <Latency = 3> <II = 1> <Delay = 1.90> <FuncUnit> <Opcode : 'hmul'> <InPorts = 2> <OutPorts = 1>
ST_8 : Operation 844 [2/4] (1.90ns)   --->   "%prod_41 = hmul i16 %xv_10, i16 %wv_42" [../gen/Hls_Layers_UpConv.tpp:125]   --->   Operation 844 'hmul' 'prod_41' <Predicate = true> <Delay = 1.90> <CoreInst = "HMul_nodsp">   --->   Core 58 'HMul_nodsp' <Latency = 3> <II = 1> <Delay = 1.90> <FuncUnit> <Opcode : 'hmul'> <InPorts = 2> <OutPorts = 1>
ST_8 : Operation 845 [2/4] (1.90ns)   --->   "%prod_42 = hmul i16 %xv_11, i16 %wv_43" [../gen/Hls_Layers_UpConv.tpp:125]   --->   Operation 845 'hmul' 'prod_42' <Predicate = true> <Delay = 1.90> <CoreInst = "HMul_nodsp">   --->   Core 58 'HMul_nodsp' <Latency = 3> <II = 1> <Delay = 1.90> <FuncUnit> <Opcode : 'hmul'> <InPorts = 2> <OutPorts = 1>
ST_8 : Operation 846 [2/4] (1.90ns)   --->   "%prod_43 = hmul i16 %xv_12, i16 %wv_44" [../gen/Hls_Layers_UpConv.tpp:125]   --->   Operation 846 'hmul' 'prod_43' <Predicate = true> <Delay = 1.90> <CoreInst = "HMul_nodsp">   --->   Core 58 'HMul_nodsp' <Latency = 3> <II = 1> <Delay = 1.90> <FuncUnit> <Opcode : 'hmul'> <InPorts = 2> <OutPorts = 1>
ST_8 : Operation 847 [2/4] (1.90ns)   --->   "%prod_44 = hmul i16 %xv_13, i16 %wv_45" [../gen/Hls_Layers_UpConv.tpp:125]   --->   Operation 847 'hmul' 'prod_44' <Predicate = true> <Delay = 1.90> <CoreInst = "HMul_nodsp">   --->   Core 58 'HMul_nodsp' <Latency = 3> <II = 1> <Delay = 1.90> <FuncUnit> <Opcode : 'hmul'> <InPorts = 2> <OutPorts = 1>
ST_8 : Operation 848 [2/4] (1.90ns)   --->   "%prod_45 = hmul i16 %xv_14, i16 %wv_46" [../gen/Hls_Layers_UpConv.tpp:125]   --->   Operation 848 'hmul' 'prod_45' <Predicate = true> <Delay = 1.90> <CoreInst = "HMul_nodsp">   --->   Core 58 'HMul_nodsp' <Latency = 3> <II = 1> <Delay = 1.90> <FuncUnit> <Opcode : 'hmul'> <InPorts = 2> <OutPorts = 1>
ST_8 : Operation 849 [2/4] (1.90ns)   --->   "%prod_46 = hmul i16 %xv_15, i16 %wv_47" [../gen/Hls_Layers_UpConv.tpp:125]   --->   Operation 849 'hmul' 'prod_46' <Predicate = true> <Delay = 1.90> <CoreInst = "HMul_nodsp">   --->   Core 58 'HMul_nodsp' <Latency = 3> <II = 1> <Delay = 1.90> <FuncUnit> <Opcode : 'hmul'> <InPorts = 2> <OutPorts = 1>
ST_8 : Operation 850 [2/4] (1.90ns)   --->   "%prod_47 = hmul i16 %xv, i16 %wv_48" [../gen/Hls_Layers_UpConv.tpp:125]   --->   Operation 850 'hmul' 'prod_47' <Predicate = true> <Delay = 1.90> <CoreInst = "HMul_nodsp">   --->   Core 58 'HMul_nodsp' <Latency = 3> <II = 1> <Delay = 1.90> <FuncUnit> <Opcode : 'hmul'> <InPorts = 2> <OutPorts = 1>
ST_8 : Operation 851 [2/4] (1.90ns)   --->   "%prod_48 = hmul i16 %xv_1, i16 %wv_49" [../gen/Hls_Layers_UpConv.tpp:125]   --->   Operation 851 'hmul' 'prod_48' <Predicate = true> <Delay = 1.90> <CoreInst = "HMul_nodsp">   --->   Core 58 'HMul_nodsp' <Latency = 3> <II = 1> <Delay = 1.90> <FuncUnit> <Opcode : 'hmul'> <InPorts = 2> <OutPorts = 1>
ST_8 : Operation 852 [2/4] (1.90ns)   --->   "%prod_49 = hmul i16 %xv_2, i16 %wv_50" [../gen/Hls_Layers_UpConv.tpp:125]   --->   Operation 852 'hmul' 'prod_49' <Predicate = true> <Delay = 1.90> <CoreInst = "HMul_nodsp">   --->   Core 58 'HMul_nodsp' <Latency = 3> <II = 1> <Delay = 1.90> <FuncUnit> <Opcode : 'hmul'> <InPorts = 2> <OutPorts = 1>
ST_8 : Operation 853 [2/4] (1.90ns)   --->   "%prod_50 = hmul i16 %xv_3, i16 %wv_51" [../gen/Hls_Layers_UpConv.tpp:125]   --->   Operation 853 'hmul' 'prod_50' <Predicate = true> <Delay = 1.90> <CoreInst = "HMul_nodsp">   --->   Core 58 'HMul_nodsp' <Latency = 3> <II = 1> <Delay = 1.90> <FuncUnit> <Opcode : 'hmul'> <InPorts = 2> <OutPorts = 1>
ST_8 : Operation 854 [2/4] (1.90ns)   --->   "%prod_51 = hmul i16 %xv_4, i16 %wv_52" [../gen/Hls_Layers_UpConv.tpp:125]   --->   Operation 854 'hmul' 'prod_51' <Predicate = true> <Delay = 1.90> <CoreInst = "HMul_nodsp">   --->   Core 58 'HMul_nodsp' <Latency = 3> <II = 1> <Delay = 1.90> <FuncUnit> <Opcode : 'hmul'> <InPorts = 2> <OutPorts = 1>
ST_8 : Operation 855 [2/4] (1.90ns)   --->   "%prod_52 = hmul i16 %xv_5, i16 %wv_53" [../gen/Hls_Layers_UpConv.tpp:125]   --->   Operation 855 'hmul' 'prod_52' <Predicate = true> <Delay = 1.90> <CoreInst = "HMul_nodsp">   --->   Core 58 'HMul_nodsp' <Latency = 3> <II = 1> <Delay = 1.90> <FuncUnit> <Opcode : 'hmul'> <InPorts = 2> <OutPorts = 1>
ST_8 : Operation 856 [2/4] (1.90ns)   --->   "%prod_53 = hmul i16 %xv_6, i16 %wv_54" [../gen/Hls_Layers_UpConv.tpp:125]   --->   Operation 856 'hmul' 'prod_53' <Predicate = true> <Delay = 1.90> <CoreInst = "HMul_nodsp">   --->   Core 58 'HMul_nodsp' <Latency = 3> <II = 1> <Delay = 1.90> <FuncUnit> <Opcode : 'hmul'> <InPorts = 2> <OutPorts = 1>
ST_8 : Operation 857 [2/4] (1.90ns)   --->   "%prod_54 = hmul i16 %xv_7, i16 %wv_55" [../gen/Hls_Layers_UpConv.tpp:125]   --->   Operation 857 'hmul' 'prod_54' <Predicate = true> <Delay = 1.90> <CoreInst = "HMul_nodsp">   --->   Core 58 'HMul_nodsp' <Latency = 3> <II = 1> <Delay = 1.90> <FuncUnit> <Opcode : 'hmul'> <InPorts = 2> <OutPorts = 1>
ST_8 : Operation 858 [2/4] (1.90ns)   --->   "%prod_55 = hmul i16 %xv_8, i16 %wv_56" [../gen/Hls_Layers_UpConv.tpp:125]   --->   Operation 858 'hmul' 'prod_55' <Predicate = true> <Delay = 1.90> <CoreInst = "HMul_nodsp">   --->   Core 58 'HMul_nodsp' <Latency = 3> <II = 1> <Delay = 1.90> <FuncUnit> <Opcode : 'hmul'> <InPorts = 2> <OutPorts = 1>
ST_8 : Operation 859 [2/4] (1.90ns)   --->   "%prod_56 = hmul i16 %xv_9, i16 %wv_57" [../gen/Hls_Layers_UpConv.tpp:125]   --->   Operation 859 'hmul' 'prod_56' <Predicate = true> <Delay = 1.90> <CoreInst = "HMul_nodsp">   --->   Core 58 'HMul_nodsp' <Latency = 3> <II = 1> <Delay = 1.90> <FuncUnit> <Opcode : 'hmul'> <InPorts = 2> <OutPorts = 1>
ST_8 : Operation 860 [2/4] (1.90ns)   --->   "%prod_57 = hmul i16 %xv_10, i16 %wv_58" [../gen/Hls_Layers_UpConv.tpp:125]   --->   Operation 860 'hmul' 'prod_57' <Predicate = true> <Delay = 1.90> <CoreInst = "HMul_nodsp">   --->   Core 58 'HMul_nodsp' <Latency = 3> <II = 1> <Delay = 1.90> <FuncUnit> <Opcode : 'hmul'> <InPorts = 2> <OutPorts = 1>
ST_8 : Operation 861 [2/4] (1.90ns)   --->   "%prod_58 = hmul i16 %xv_11, i16 %wv_59" [../gen/Hls_Layers_UpConv.tpp:125]   --->   Operation 861 'hmul' 'prod_58' <Predicate = true> <Delay = 1.90> <CoreInst = "HMul_nodsp">   --->   Core 58 'HMul_nodsp' <Latency = 3> <II = 1> <Delay = 1.90> <FuncUnit> <Opcode : 'hmul'> <InPorts = 2> <OutPorts = 1>
ST_8 : Operation 862 [2/4] (1.90ns)   --->   "%prod_59 = hmul i16 %xv_12, i16 %wv_60" [../gen/Hls_Layers_UpConv.tpp:125]   --->   Operation 862 'hmul' 'prod_59' <Predicate = true> <Delay = 1.90> <CoreInst = "HMul_nodsp">   --->   Core 58 'HMul_nodsp' <Latency = 3> <II = 1> <Delay = 1.90> <FuncUnit> <Opcode : 'hmul'> <InPorts = 2> <OutPorts = 1>
ST_8 : Operation 863 [2/4] (1.90ns)   --->   "%prod_60 = hmul i16 %xv_13, i16 %wv_61" [../gen/Hls_Layers_UpConv.tpp:125]   --->   Operation 863 'hmul' 'prod_60' <Predicate = true> <Delay = 1.90> <CoreInst = "HMul_nodsp">   --->   Core 58 'HMul_nodsp' <Latency = 3> <II = 1> <Delay = 1.90> <FuncUnit> <Opcode : 'hmul'> <InPorts = 2> <OutPorts = 1>
ST_8 : Operation 864 [2/4] (1.90ns)   --->   "%prod_61 = hmul i16 %xv_14, i16 %wv_62" [../gen/Hls_Layers_UpConv.tpp:125]   --->   Operation 864 'hmul' 'prod_61' <Predicate = true> <Delay = 1.90> <CoreInst = "HMul_nodsp">   --->   Core 58 'HMul_nodsp' <Latency = 3> <II = 1> <Delay = 1.90> <FuncUnit> <Opcode : 'hmul'> <InPorts = 2> <OutPorts = 1>
ST_8 : Operation 865 [2/4] (1.90ns)   --->   "%prod_62 = hmul i16 %xv_15, i16 %wv_63" [../gen/Hls_Layers_UpConv.tpp:125]   --->   Operation 865 'hmul' 'prod_62' <Predicate = true> <Delay = 1.90> <CoreInst = "HMul_nodsp">   --->   Core 58 'HMul_nodsp' <Latency = 3> <II = 1> <Delay = 1.90> <FuncUnit> <Opcode : 'hmul'> <InPorts = 2> <OutPorts = 1>
ST_8 : Operation 866 [2/4] (1.90ns)   --->   "%prod_63 = hmul i16 %xv, i16 %wv_64" [../gen/Hls_Layers_UpConv.tpp:125]   --->   Operation 866 'hmul' 'prod_63' <Predicate = true> <Delay = 1.90> <CoreInst = "HMul_nodsp">   --->   Core 58 'HMul_nodsp' <Latency = 3> <II = 1> <Delay = 1.90> <FuncUnit> <Opcode : 'hmul'> <InPorts = 2> <OutPorts = 1>
ST_8 : Operation 867 [2/4] (1.90ns)   --->   "%prod_64 = hmul i16 %xv_1, i16 %wv_65" [../gen/Hls_Layers_UpConv.tpp:125]   --->   Operation 867 'hmul' 'prod_64' <Predicate = true> <Delay = 1.90> <CoreInst = "HMul_nodsp">   --->   Core 58 'HMul_nodsp' <Latency = 3> <II = 1> <Delay = 1.90> <FuncUnit> <Opcode : 'hmul'> <InPorts = 2> <OutPorts = 1>
ST_8 : Operation 868 [2/4] (1.90ns)   --->   "%prod_65 = hmul i16 %xv_2, i16 %wv_66" [../gen/Hls_Layers_UpConv.tpp:125]   --->   Operation 868 'hmul' 'prod_65' <Predicate = true> <Delay = 1.90> <CoreInst = "HMul_nodsp">   --->   Core 58 'HMul_nodsp' <Latency = 3> <II = 1> <Delay = 1.90> <FuncUnit> <Opcode : 'hmul'> <InPorts = 2> <OutPorts = 1>
ST_8 : Operation 869 [2/4] (1.90ns)   --->   "%prod_66 = hmul i16 %xv_3, i16 %wv_67" [../gen/Hls_Layers_UpConv.tpp:125]   --->   Operation 869 'hmul' 'prod_66' <Predicate = true> <Delay = 1.90> <CoreInst = "HMul_nodsp">   --->   Core 58 'HMul_nodsp' <Latency = 3> <II = 1> <Delay = 1.90> <FuncUnit> <Opcode : 'hmul'> <InPorts = 2> <OutPorts = 1>
ST_8 : Operation 870 [2/4] (1.90ns)   --->   "%prod_67 = hmul i16 %xv_4, i16 %wv_68" [../gen/Hls_Layers_UpConv.tpp:125]   --->   Operation 870 'hmul' 'prod_67' <Predicate = true> <Delay = 1.90> <CoreInst = "HMul_nodsp">   --->   Core 58 'HMul_nodsp' <Latency = 3> <II = 1> <Delay = 1.90> <FuncUnit> <Opcode : 'hmul'> <InPorts = 2> <OutPorts = 1>
ST_8 : Operation 871 [2/4] (1.90ns)   --->   "%prod_68 = hmul i16 %xv_5, i16 %wv_69" [../gen/Hls_Layers_UpConv.tpp:125]   --->   Operation 871 'hmul' 'prod_68' <Predicate = true> <Delay = 1.90> <CoreInst = "HMul_nodsp">   --->   Core 58 'HMul_nodsp' <Latency = 3> <II = 1> <Delay = 1.90> <FuncUnit> <Opcode : 'hmul'> <InPorts = 2> <OutPorts = 1>
ST_8 : Operation 872 [2/4] (1.90ns)   --->   "%prod_69 = hmul i16 %xv_6, i16 %wv_70" [../gen/Hls_Layers_UpConv.tpp:125]   --->   Operation 872 'hmul' 'prod_69' <Predicate = true> <Delay = 1.90> <CoreInst = "HMul_nodsp">   --->   Core 58 'HMul_nodsp' <Latency = 3> <II = 1> <Delay = 1.90> <FuncUnit> <Opcode : 'hmul'> <InPorts = 2> <OutPorts = 1>
ST_8 : Operation 873 [2/4] (1.90ns)   --->   "%prod_70 = hmul i16 %xv_7, i16 %wv_71" [../gen/Hls_Layers_UpConv.tpp:125]   --->   Operation 873 'hmul' 'prod_70' <Predicate = true> <Delay = 1.90> <CoreInst = "HMul_nodsp">   --->   Core 58 'HMul_nodsp' <Latency = 3> <II = 1> <Delay = 1.90> <FuncUnit> <Opcode : 'hmul'> <InPorts = 2> <OutPorts = 1>
ST_8 : Operation 874 [2/4] (1.90ns)   --->   "%prod_71 = hmul i16 %xv_8, i16 %wv_72" [../gen/Hls_Layers_UpConv.tpp:125]   --->   Operation 874 'hmul' 'prod_71' <Predicate = true> <Delay = 1.90> <CoreInst = "HMul_nodsp">   --->   Core 58 'HMul_nodsp' <Latency = 3> <II = 1> <Delay = 1.90> <FuncUnit> <Opcode : 'hmul'> <InPorts = 2> <OutPorts = 1>
ST_8 : Operation 875 [2/4] (1.90ns)   --->   "%prod_72 = hmul i16 %xv_9, i16 %wv_73" [../gen/Hls_Layers_UpConv.tpp:125]   --->   Operation 875 'hmul' 'prod_72' <Predicate = true> <Delay = 1.90> <CoreInst = "HMul_nodsp">   --->   Core 58 'HMul_nodsp' <Latency = 3> <II = 1> <Delay = 1.90> <FuncUnit> <Opcode : 'hmul'> <InPorts = 2> <OutPorts = 1>
ST_8 : Operation 876 [2/4] (1.90ns)   --->   "%prod_73 = hmul i16 %xv_10, i16 %wv_74" [../gen/Hls_Layers_UpConv.tpp:125]   --->   Operation 876 'hmul' 'prod_73' <Predicate = true> <Delay = 1.90> <CoreInst = "HMul_nodsp">   --->   Core 58 'HMul_nodsp' <Latency = 3> <II = 1> <Delay = 1.90> <FuncUnit> <Opcode : 'hmul'> <InPorts = 2> <OutPorts = 1>
ST_8 : Operation 877 [2/4] (1.90ns)   --->   "%prod_74 = hmul i16 %xv_11, i16 %wv_75" [../gen/Hls_Layers_UpConv.tpp:125]   --->   Operation 877 'hmul' 'prod_74' <Predicate = true> <Delay = 1.90> <CoreInst = "HMul_nodsp">   --->   Core 58 'HMul_nodsp' <Latency = 3> <II = 1> <Delay = 1.90> <FuncUnit> <Opcode : 'hmul'> <InPorts = 2> <OutPorts = 1>
ST_8 : Operation 878 [2/4] (1.90ns)   --->   "%prod_75 = hmul i16 %xv_12, i16 %wv_76" [../gen/Hls_Layers_UpConv.tpp:125]   --->   Operation 878 'hmul' 'prod_75' <Predicate = true> <Delay = 1.90> <CoreInst = "HMul_nodsp">   --->   Core 58 'HMul_nodsp' <Latency = 3> <II = 1> <Delay = 1.90> <FuncUnit> <Opcode : 'hmul'> <InPorts = 2> <OutPorts = 1>
ST_8 : Operation 879 [2/4] (1.90ns)   --->   "%prod_76 = hmul i16 %xv_13, i16 %wv_77" [../gen/Hls_Layers_UpConv.tpp:125]   --->   Operation 879 'hmul' 'prod_76' <Predicate = true> <Delay = 1.90> <CoreInst = "HMul_nodsp">   --->   Core 58 'HMul_nodsp' <Latency = 3> <II = 1> <Delay = 1.90> <FuncUnit> <Opcode : 'hmul'> <InPorts = 2> <OutPorts = 1>
ST_8 : Operation 880 [2/4] (1.90ns)   --->   "%prod_77 = hmul i16 %xv_14, i16 %wv_78" [../gen/Hls_Layers_UpConv.tpp:125]   --->   Operation 880 'hmul' 'prod_77' <Predicate = true> <Delay = 1.90> <CoreInst = "HMul_nodsp">   --->   Core 58 'HMul_nodsp' <Latency = 3> <II = 1> <Delay = 1.90> <FuncUnit> <Opcode : 'hmul'> <InPorts = 2> <OutPorts = 1>
ST_8 : Operation 881 [2/4] (1.90ns)   --->   "%prod_78 = hmul i16 %xv_15, i16 %wv_79" [../gen/Hls_Layers_UpConv.tpp:125]   --->   Operation 881 'hmul' 'prod_78' <Predicate = true> <Delay = 1.90> <CoreInst = "HMul_nodsp">   --->   Core 58 'HMul_nodsp' <Latency = 3> <II = 1> <Delay = 1.90> <FuncUnit> <Opcode : 'hmul'> <InPorts = 2> <OutPorts = 1>
ST_8 : Operation 882 [2/4] (1.90ns)   --->   "%prod_79 = hmul i16 %xv, i16 %wv_80" [../gen/Hls_Layers_UpConv.tpp:125]   --->   Operation 882 'hmul' 'prod_79' <Predicate = true> <Delay = 1.90> <CoreInst = "HMul_nodsp">   --->   Core 58 'HMul_nodsp' <Latency = 3> <II = 1> <Delay = 1.90> <FuncUnit> <Opcode : 'hmul'> <InPorts = 2> <OutPorts = 1>
ST_8 : Operation 883 [2/4] (1.90ns)   --->   "%prod_80 = hmul i16 %xv_1, i16 %wv_81" [../gen/Hls_Layers_UpConv.tpp:125]   --->   Operation 883 'hmul' 'prod_80' <Predicate = true> <Delay = 1.90> <CoreInst = "HMul_nodsp">   --->   Core 58 'HMul_nodsp' <Latency = 3> <II = 1> <Delay = 1.90> <FuncUnit> <Opcode : 'hmul'> <InPorts = 2> <OutPorts = 1>
ST_8 : Operation 884 [2/4] (1.90ns)   --->   "%prod_81 = hmul i16 %xv_2, i16 %wv_82" [../gen/Hls_Layers_UpConv.tpp:125]   --->   Operation 884 'hmul' 'prod_81' <Predicate = true> <Delay = 1.90> <CoreInst = "HMul_nodsp">   --->   Core 58 'HMul_nodsp' <Latency = 3> <II = 1> <Delay = 1.90> <FuncUnit> <Opcode : 'hmul'> <InPorts = 2> <OutPorts = 1>
ST_8 : Operation 885 [2/4] (1.90ns)   --->   "%prod_82 = hmul i16 %xv_3, i16 %wv_83" [../gen/Hls_Layers_UpConv.tpp:125]   --->   Operation 885 'hmul' 'prod_82' <Predicate = true> <Delay = 1.90> <CoreInst = "HMul_nodsp">   --->   Core 58 'HMul_nodsp' <Latency = 3> <II = 1> <Delay = 1.90> <FuncUnit> <Opcode : 'hmul'> <InPorts = 2> <OutPorts = 1>
ST_8 : Operation 886 [2/4] (1.90ns)   --->   "%prod_83 = hmul i16 %xv_4, i16 %wv_84" [../gen/Hls_Layers_UpConv.tpp:125]   --->   Operation 886 'hmul' 'prod_83' <Predicate = true> <Delay = 1.90> <CoreInst = "HMul_nodsp">   --->   Core 58 'HMul_nodsp' <Latency = 3> <II = 1> <Delay = 1.90> <FuncUnit> <Opcode : 'hmul'> <InPorts = 2> <OutPorts = 1>
ST_8 : Operation 887 [2/4] (1.90ns)   --->   "%prod_84 = hmul i16 %xv_5, i16 %wv_85" [../gen/Hls_Layers_UpConv.tpp:125]   --->   Operation 887 'hmul' 'prod_84' <Predicate = true> <Delay = 1.90> <CoreInst = "HMul_nodsp">   --->   Core 58 'HMul_nodsp' <Latency = 3> <II = 1> <Delay = 1.90> <FuncUnit> <Opcode : 'hmul'> <InPorts = 2> <OutPorts = 1>
ST_8 : Operation 888 [2/4] (1.90ns)   --->   "%prod_85 = hmul i16 %xv_6, i16 %wv_86" [../gen/Hls_Layers_UpConv.tpp:125]   --->   Operation 888 'hmul' 'prod_85' <Predicate = true> <Delay = 1.90> <CoreInst = "HMul_nodsp">   --->   Core 58 'HMul_nodsp' <Latency = 3> <II = 1> <Delay = 1.90> <FuncUnit> <Opcode : 'hmul'> <InPorts = 2> <OutPorts = 1>
ST_8 : Operation 889 [2/4] (1.90ns)   --->   "%prod_86 = hmul i16 %xv_7, i16 %wv_87" [../gen/Hls_Layers_UpConv.tpp:125]   --->   Operation 889 'hmul' 'prod_86' <Predicate = true> <Delay = 1.90> <CoreInst = "HMul_nodsp">   --->   Core 58 'HMul_nodsp' <Latency = 3> <II = 1> <Delay = 1.90> <FuncUnit> <Opcode : 'hmul'> <InPorts = 2> <OutPorts = 1>
ST_8 : Operation 890 [2/4] (1.90ns)   --->   "%prod_87 = hmul i16 %xv_8, i16 %wv_88" [../gen/Hls_Layers_UpConv.tpp:125]   --->   Operation 890 'hmul' 'prod_87' <Predicate = true> <Delay = 1.90> <CoreInst = "HMul_nodsp">   --->   Core 58 'HMul_nodsp' <Latency = 3> <II = 1> <Delay = 1.90> <FuncUnit> <Opcode : 'hmul'> <InPorts = 2> <OutPorts = 1>
ST_8 : Operation 891 [2/4] (1.90ns)   --->   "%prod_88 = hmul i16 %xv_9, i16 %wv_89" [../gen/Hls_Layers_UpConv.tpp:125]   --->   Operation 891 'hmul' 'prod_88' <Predicate = true> <Delay = 1.90> <CoreInst = "HMul_nodsp">   --->   Core 58 'HMul_nodsp' <Latency = 3> <II = 1> <Delay = 1.90> <FuncUnit> <Opcode : 'hmul'> <InPorts = 2> <OutPorts = 1>
ST_8 : Operation 892 [2/4] (1.90ns)   --->   "%prod_89 = hmul i16 %xv_10, i16 %wv_90" [../gen/Hls_Layers_UpConv.tpp:125]   --->   Operation 892 'hmul' 'prod_89' <Predicate = true> <Delay = 1.90> <CoreInst = "HMul_nodsp">   --->   Core 58 'HMul_nodsp' <Latency = 3> <II = 1> <Delay = 1.90> <FuncUnit> <Opcode : 'hmul'> <InPorts = 2> <OutPorts = 1>
ST_8 : Operation 893 [2/4] (1.90ns)   --->   "%prod_90 = hmul i16 %xv_11, i16 %wv_91" [../gen/Hls_Layers_UpConv.tpp:125]   --->   Operation 893 'hmul' 'prod_90' <Predicate = true> <Delay = 1.90> <CoreInst = "HMul_nodsp">   --->   Core 58 'HMul_nodsp' <Latency = 3> <II = 1> <Delay = 1.90> <FuncUnit> <Opcode : 'hmul'> <InPorts = 2> <OutPorts = 1>
ST_8 : Operation 894 [2/4] (1.90ns)   --->   "%prod_91 = hmul i16 %xv_12, i16 %wv_92" [../gen/Hls_Layers_UpConv.tpp:125]   --->   Operation 894 'hmul' 'prod_91' <Predicate = true> <Delay = 1.90> <CoreInst = "HMul_nodsp">   --->   Core 58 'HMul_nodsp' <Latency = 3> <II = 1> <Delay = 1.90> <FuncUnit> <Opcode : 'hmul'> <InPorts = 2> <OutPorts = 1>
ST_8 : Operation 895 [2/4] (1.90ns)   --->   "%prod_92 = hmul i16 %xv_13, i16 %wv_93" [../gen/Hls_Layers_UpConv.tpp:125]   --->   Operation 895 'hmul' 'prod_92' <Predicate = true> <Delay = 1.90> <CoreInst = "HMul_nodsp">   --->   Core 58 'HMul_nodsp' <Latency = 3> <II = 1> <Delay = 1.90> <FuncUnit> <Opcode : 'hmul'> <InPorts = 2> <OutPorts = 1>
ST_8 : Operation 896 [2/4] (1.90ns)   --->   "%prod_93 = hmul i16 %xv_14, i16 %wv_94" [../gen/Hls_Layers_UpConv.tpp:125]   --->   Operation 896 'hmul' 'prod_93' <Predicate = true> <Delay = 1.90> <CoreInst = "HMul_nodsp">   --->   Core 58 'HMul_nodsp' <Latency = 3> <II = 1> <Delay = 1.90> <FuncUnit> <Opcode : 'hmul'> <InPorts = 2> <OutPorts = 1>
ST_8 : Operation 897 [2/4] (1.90ns)   --->   "%prod_94 = hmul i16 %xv_15, i16 %wv_95" [../gen/Hls_Layers_UpConv.tpp:125]   --->   Operation 897 'hmul' 'prod_94' <Predicate = true> <Delay = 1.90> <CoreInst = "HMul_nodsp">   --->   Core 58 'HMul_nodsp' <Latency = 3> <II = 1> <Delay = 1.90> <FuncUnit> <Opcode : 'hmul'> <InPorts = 2> <OutPorts = 1>
ST_8 : Operation 898 [2/4] (1.90ns)   --->   "%prod_95 = hmul i16 %xv, i16 %wv_96" [../gen/Hls_Layers_UpConv.tpp:125]   --->   Operation 898 'hmul' 'prod_95' <Predicate = true> <Delay = 1.90> <CoreInst = "HMul_nodsp">   --->   Core 58 'HMul_nodsp' <Latency = 3> <II = 1> <Delay = 1.90> <FuncUnit> <Opcode : 'hmul'> <InPorts = 2> <OutPorts = 1>
ST_8 : Operation 899 [2/4] (1.90ns)   --->   "%prod_96 = hmul i16 %xv_1, i16 %wv_97" [../gen/Hls_Layers_UpConv.tpp:125]   --->   Operation 899 'hmul' 'prod_96' <Predicate = true> <Delay = 1.90> <CoreInst = "HMul_nodsp">   --->   Core 58 'HMul_nodsp' <Latency = 3> <II = 1> <Delay = 1.90> <FuncUnit> <Opcode : 'hmul'> <InPorts = 2> <OutPorts = 1>
ST_8 : Operation 900 [2/4] (1.90ns)   --->   "%prod_97 = hmul i16 %xv_2, i16 %wv_98" [../gen/Hls_Layers_UpConv.tpp:125]   --->   Operation 900 'hmul' 'prod_97' <Predicate = true> <Delay = 1.90> <CoreInst = "HMul_nodsp">   --->   Core 58 'HMul_nodsp' <Latency = 3> <II = 1> <Delay = 1.90> <FuncUnit> <Opcode : 'hmul'> <InPorts = 2> <OutPorts = 1>
ST_8 : Operation 901 [2/4] (1.90ns)   --->   "%prod_98 = hmul i16 %xv_3, i16 %wv_99" [../gen/Hls_Layers_UpConv.tpp:125]   --->   Operation 901 'hmul' 'prod_98' <Predicate = true> <Delay = 1.90> <CoreInst = "HMul_nodsp">   --->   Core 58 'HMul_nodsp' <Latency = 3> <II = 1> <Delay = 1.90> <FuncUnit> <Opcode : 'hmul'> <InPorts = 2> <OutPorts = 1>
ST_8 : Operation 902 [2/4] (1.90ns)   --->   "%prod_99 = hmul i16 %xv_4, i16 %wv_100" [../gen/Hls_Layers_UpConv.tpp:125]   --->   Operation 902 'hmul' 'prod_99' <Predicate = true> <Delay = 1.90> <CoreInst = "HMul_nodsp">   --->   Core 58 'HMul_nodsp' <Latency = 3> <II = 1> <Delay = 1.90> <FuncUnit> <Opcode : 'hmul'> <InPorts = 2> <OutPorts = 1>
ST_8 : Operation 903 [2/4] (1.90ns)   --->   "%prod_100 = hmul i16 %xv_5, i16 %wv_101" [../gen/Hls_Layers_UpConv.tpp:125]   --->   Operation 903 'hmul' 'prod_100' <Predicate = true> <Delay = 1.90> <CoreInst = "HMul_nodsp">   --->   Core 58 'HMul_nodsp' <Latency = 3> <II = 1> <Delay = 1.90> <FuncUnit> <Opcode : 'hmul'> <InPorts = 2> <OutPorts = 1>
ST_8 : Operation 904 [2/4] (1.90ns)   --->   "%prod_101 = hmul i16 %xv_6, i16 %wv_102" [../gen/Hls_Layers_UpConv.tpp:125]   --->   Operation 904 'hmul' 'prod_101' <Predicate = true> <Delay = 1.90> <CoreInst = "HMul_nodsp">   --->   Core 58 'HMul_nodsp' <Latency = 3> <II = 1> <Delay = 1.90> <FuncUnit> <Opcode : 'hmul'> <InPorts = 2> <OutPorts = 1>
ST_8 : Operation 905 [2/4] (1.90ns)   --->   "%prod_102 = hmul i16 %xv_7, i16 %wv_103" [../gen/Hls_Layers_UpConv.tpp:125]   --->   Operation 905 'hmul' 'prod_102' <Predicate = true> <Delay = 1.90> <CoreInst = "HMul_nodsp">   --->   Core 58 'HMul_nodsp' <Latency = 3> <II = 1> <Delay = 1.90> <FuncUnit> <Opcode : 'hmul'> <InPorts = 2> <OutPorts = 1>
ST_8 : Operation 906 [2/4] (1.90ns)   --->   "%prod_103 = hmul i16 %xv_8, i16 %wv_104" [../gen/Hls_Layers_UpConv.tpp:125]   --->   Operation 906 'hmul' 'prod_103' <Predicate = true> <Delay = 1.90> <CoreInst = "HMul_nodsp">   --->   Core 58 'HMul_nodsp' <Latency = 3> <II = 1> <Delay = 1.90> <FuncUnit> <Opcode : 'hmul'> <InPorts = 2> <OutPorts = 1>
ST_8 : Operation 907 [2/4] (1.90ns)   --->   "%prod_104 = hmul i16 %xv_9, i16 %wv_105" [../gen/Hls_Layers_UpConv.tpp:125]   --->   Operation 907 'hmul' 'prod_104' <Predicate = true> <Delay = 1.90> <CoreInst = "HMul_nodsp">   --->   Core 58 'HMul_nodsp' <Latency = 3> <II = 1> <Delay = 1.90> <FuncUnit> <Opcode : 'hmul'> <InPorts = 2> <OutPorts = 1>
ST_8 : Operation 908 [2/4] (1.90ns)   --->   "%prod_105 = hmul i16 %xv_10, i16 %wv_106" [../gen/Hls_Layers_UpConv.tpp:125]   --->   Operation 908 'hmul' 'prod_105' <Predicate = true> <Delay = 1.90> <CoreInst = "HMul_nodsp">   --->   Core 58 'HMul_nodsp' <Latency = 3> <II = 1> <Delay = 1.90> <FuncUnit> <Opcode : 'hmul'> <InPorts = 2> <OutPorts = 1>
ST_8 : Operation 909 [2/4] (1.90ns)   --->   "%prod_106 = hmul i16 %xv_11, i16 %wv_107" [../gen/Hls_Layers_UpConv.tpp:125]   --->   Operation 909 'hmul' 'prod_106' <Predicate = true> <Delay = 1.90> <CoreInst = "HMul_nodsp">   --->   Core 58 'HMul_nodsp' <Latency = 3> <II = 1> <Delay = 1.90> <FuncUnit> <Opcode : 'hmul'> <InPorts = 2> <OutPorts = 1>
ST_8 : Operation 910 [2/4] (1.90ns)   --->   "%prod_107 = hmul i16 %xv_12, i16 %wv_108" [../gen/Hls_Layers_UpConv.tpp:125]   --->   Operation 910 'hmul' 'prod_107' <Predicate = true> <Delay = 1.90> <CoreInst = "HMul_nodsp">   --->   Core 58 'HMul_nodsp' <Latency = 3> <II = 1> <Delay = 1.90> <FuncUnit> <Opcode : 'hmul'> <InPorts = 2> <OutPorts = 1>
ST_8 : Operation 911 [2/4] (1.90ns)   --->   "%prod_108 = hmul i16 %xv_13, i16 %wv_109" [../gen/Hls_Layers_UpConv.tpp:125]   --->   Operation 911 'hmul' 'prod_108' <Predicate = true> <Delay = 1.90> <CoreInst = "HMul_nodsp">   --->   Core 58 'HMul_nodsp' <Latency = 3> <II = 1> <Delay = 1.90> <FuncUnit> <Opcode : 'hmul'> <InPorts = 2> <OutPorts = 1>
ST_8 : Operation 912 [2/4] (1.90ns)   --->   "%prod_109 = hmul i16 %xv_14, i16 %wv_110" [../gen/Hls_Layers_UpConv.tpp:125]   --->   Operation 912 'hmul' 'prod_109' <Predicate = true> <Delay = 1.90> <CoreInst = "HMul_nodsp">   --->   Core 58 'HMul_nodsp' <Latency = 3> <II = 1> <Delay = 1.90> <FuncUnit> <Opcode : 'hmul'> <InPorts = 2> <OutPorts = 1>
ST_8 : Operation 913 [2/4] (1.90ns)   --->   "%prod_110 = hmul i16 %xv_15, i16 %wv_111" [../gen/Hls_Layers_UpConv.tpp:125]   --->   Operation 913 'hmul' 'prod_110' <Predicate = true> <Delay = 1.90> <CoreInst = "HMul_nodsp">   --->   Core 58 'HMul_nodsp' <Latency = 3> <II = 1> <Delay = 1.90> <FuncUnit> <Opcode : 'hmul'> <InPorts = 2> <OutPorts = 1>
ST_8 : Operation 914 [2/4] (1.90ns)   --->   "%prod_111 = hmul i16 %xv, i16 %wv_112" [../gen/Hls_Layers_UpConv.tpp:125]   --->   Operation 914 'hmul' 'prod_111' <Predicate = true> <Delay = 1.90> <CoreInst = "HMul_nodsp">   --->   Core 58 'HMul_nodsp' <Latency = 3> <II = 1> <Delay = 1.90> <FuncUnit> <Opcode : 'hmul'> <InPorts = 2> <OutPorts = 1>
ST_8 : Operation 915 [2/4] (1.90ns)   --->   "%prod_112 = hmul i16 %xv_1, i16 %wv_113" [../gen/Hls_Layers_UpConv.tpp:125]   --->   Operation 915 'hmul' 'prod_112' <Predicate = true> <Delay = 1.90> <CoreInst = "HMul_nodsp">   --->   Core 58 'HMul_nodsp' <Latency = 3> <II = 1> <Delay = 1.90> <FuncUnit> <Opcode : 'hmul'> <InPorts = 2> <OutPorts = 1>
ST_8 : Operation 916 [2/4] (1.90ns)   --->   "%prod_113 = hmul i16 %xv_2, i16 %wv_114" [../gen/Hls_Layers_UpConv.tpp:125]   --->   Operation 916 'hmul' 'prod_113' <Predicate = true> <Delay = 1.90> <CoreInst = "HMul_nodsp">   --->   Core 58 'HMul_nodsp' <Latency = 3> <II = 1> <Delay = 1.90> <FuncUnit> <Opcode : 'hmul'> <InPorts = 2> <OutPorts = 1>
ST_8 : Operation 917 [2/4] (1.90ns)   --->   "%prod_114 = hmul i16 %xv_3, i16 %wv_115" [../gen/Hls_Layers_UpConv.tpp:125]   --->   Operation 917 'hmul' 'prod_114' <Predicate = true> <Delay = 1.90> <CoreInst = "HMul_nodsp">   --->   Core 58 'HMul_nodsp' <Latency = 3> <II = 1> <Delay = 1.90> <FuncUnit> <Opcode : 'hmul'> <InPorts = 2> <OutPorts = 1>
ST_8 : Operation 918 [2/4] (1.90ns)   --->   "%prod_115 = hmul i16 %xv_4, i16 %wv_116" [../gen/Hls_Layers_UpConv.tpp:125]   --->   Operation 918 'hmul' 'prod_115' <Predicate = true> <Delay = 1.90> <CoreInst = "HMul_nodsp">   --->   Core 58 'HMul_nodsp' <Latency = 3> <II = 1> <Delay = 1.90> <FuncUnit> <Opcode : 'hmul'> <InPorts = 2> <OutPorts = 1>
ST_8 : Operation 919 [2/4] (1.90ns)   --->   "%prod_116 = hmul i16 %xv_5, i16 %wv_117" [../gen/Hls_Layers_UpConv.tpp:125]   --->   Operation 919 'hmul' 'prod_116' <Predicate = true> <Delay = 1.90> <CoreInst = "HMul_nodsp">   --->   Core 58 'HMul_nodsp' <Latency = 3> <II = 1> <Delay = 1.90> <FuncUnit> <Opcode : 'hmul'> <InPorts = 2> <OutPorts = 1>
ST_8 : Operation 920 [2/4] (1.90ns)   --->   "%prod_117 = hmul i16 %xv_6, i16 %wv_118" [../gen/Hls_Layers_UpConv.tpp:125]   --->   Operation 920 'hmul' 'prod_117' <Predicate = true> <Delay = 1.90> <CoreInst = "HMul_nodsp">   --->   Core 58 'HMul_nodsp' <Latency = 3> <II = 1> <Delay = 1.90> <FuncUnit> <Opcode : 'hmul'> <InPorts = 2> <OutPorts = 1>
ST_8 : Operation 921 [2/4] (1.90ns)   --->   "%prod_118 = hmul i16 %xv_7, i16 %wv_119" [../gen/Hls_Layers_UpConv.tpp:125]   --->   Operation 921 'hmul' 'prod_118' <Predicate = true> <Delay = 1.90> <CoreInst = "HMul_nodsp">   --->   Core 58 'HMul_nodsp' <Latency = 3> <II = 1> <Delay = 1.90> <FuncUnit> <Opcode : 'hmul'> <InPorts = 2> <OutPorts = 1>
ST_8 : Operation 922 [2/4] (1.90ns)   --->   "%prod_119 = hmul i16 %xv_8, i16 %wv_120" [../gen/Hls_Layers_UpConv.tpp:125]   --->   Operation 922 'hmul' 'prod_119' <Predicate = true> <Delay = 1.90> <CoreInst = "HMul_nodsp">   --->   Core 58 'HMul_nodsp' <Latency = 3> <II = 1> <Delay = 1.90> <FuncUnit> <Opcode : 'hmul'> <InPorts = 2> <OutPorts = 1>
ST_8 : Operation 923 [2/4] (1.90ns)   --->   "%prod_120 = hmul i16 %xv_9, i16 %wv_121" [../gen/Hls_Layers_UpConv.tpp:125]   --->   Operation 923 'hmul' 'prod_120' <Predicate = true> <Delay = 1.90> <CoreInst = "HMul_nodsp">   --->   Core 58 'HMul_nodsp' <Latency = 3> <II = 1> <Delay = 1.90> <FuncUnit> <Opcode : 'hmul'> <InPorts = 2> <OutPorts = 1>
ST_8 : Operation 924 [2/4] (1.90ns)   --->   "%prod_121 = hmul i16 %xv_10, i16 %wv_122" [../gen/Hls_Layers_UpConv.tpp:125]   --->   Operation 924 'hmul' 'prod_121' <Predicate = true> <Delay = 1.90> <CoreInst = "HMul_nodsp">   --->   Core 58 'HMul_nodsp' <Latency = 3> <II = 1> <Delay = 1.90> <FuncUnit> <Opcode : 'hmul'> <InPorts = 2> <OutPorts = 1>
ST_8 : Operation 925 [2/4] (1.90ns)   --->   "%prod_122 = hmul i16 %xv_11, i16 %wv_123" [../gen/Hls_Layers_UpConv.tpp:125]   --->   Operation 925 'hmul' 'prod_122' <Predicate = true> <Delay = 1.90> <CoreInst = "HMul_nodsp">   --->   Core 58 'HMul_nodsp' <Latency = 3> <II = 1> <Delay = 1.90> <FuncUnit> <Opcode : 'hmul'> <InPorts = 2> <OutPorts = 1>
ST_8 : Operation 926 [2/4] (1.90ns)   --->   "%prod_123 = hmul i16 %xv_12, i16 %wv_124" [../gen/Hls_Layers_UpConv.tpp:125]   --->   Operation 926 'hmul' 'prod_123' <Predicate = true> <Delay = 1.90> <CoreInst = "HMul_nodsp">   --->   Core 58 'HMul_nodsp' <Latency = 3> <II = 1> <Delay = 1.90> <FuncUnit> <Opcode : 'hmul'> <InPorts = 2> <OutPorts = 1>
ST_8 : Operation 927 [2/4] (1.90ns)   --->   "%prod_124 = hmul i16 %xv_13, i16 %wv_125" [../gen/Hls_Layers_UpConv.tpp:125]   --->   Operation 927 'hmul' 'prod_124' <Predicate = true> <Delay = 1.90> <CoreInst = "HMul_nodsp">   --->   Core 58 'HMul_nodsp' <Latency = 3> <II = 1> <Delay = 1.90> <FuncUnit> <Opcode : 'hmul'> <InPorts = 2> <OutPorts = 1>
ST_8 : Operation 928 [2/4] (1.90ns)   --->   "%prod_125 = hmul i16 %xv_14, i16 %wv_126" [../gen/Hls_Layers_UpConv.tpp:125]   --->   Operation 928 'hmul' 'prod_125' <Predicate = true> <Delay = 1.90> <CoreInst = "HMul_nodsp">   --->   Core 58 'HMul_nodsp' <Latency = 3> <II = 1> <Delay = 1.90> <FuncUnit> <Opcode : 'hmul'> <InPorts = 2> <OutPorts = 1>
ST_8 : Operation 929 [2/4] (1.90ns)   --->   "%prod_126 = hmul i16 %xv_15, i16 %wv_127" [../gen/Hls_Layers_UpConv.tpp:125]   --->   Operation 929 'hmul' 'prod_126' <Predicate = true> <Delay = 1.90> <CoreInst = "HMul_nodsp">   --->   Core 58 'HMul_nodsp' <Latency = 3> <II = 1> <Delay = 1.90> <FuncUnit> <Opcode : 'hmul'> <InPorts = 2> <OutPorts = 1>

State 9 <SV = 8> <Delay = 1.90>
ST_9 : Operation 930 [1/4] (1.90ns)   --->   "%prod = hmul i16 %xv, i16 %wv" [../gen/Hls_Layers_UpConv.tpp:125]   --->   Operation 930 'hmul' 'prod' <Predicate = true> <Delay = 1.90> <CoreInst = "HMul_nodsp">   --->   Core 58 'HMul_nodsp' <Latency = 3> <II = 1> <Delay = 1.90> <FuncUnit> <Opcode : 'hmul'> <InPorts = 2> <OutPorts = 1>
ST_9 : Operation 931 [1/1] (0.00ns)   --->   "%specfucore_ln124 = specfucore void @_ssdm_op_SpecFUCore, i16 %prod, i64 536, i64 4, i64 18446744073709551615" [../gen/Hls_Layers_UpConv.tpp:124]   --->   Operation 931 'specfucore' 'specfucore_ln124' <Predicate = true> <Delay = 0.00>
ST_9 : Operation 932 [1/4] (1.90ns)   --->   "%prod_1 = hmul i16 %xv_1, i16 %wv_1" [../gen/Hls_Layers_UpConv.tpp:125]   --->   Operation 932 'hmul' 'prod_1' <Predicate = true> <Delay = 1.90> <CoreInst = "HMul_nodsp">   --->   Core 58 'HMul_nodsp' <Latency = 3> <II = 1> <Delay = 1.90> <FuncUnit> <Opcode : 'hmul'> <InPorts = 2> <OutPorts = 1>
ST_9 : Operation 933 [1/1] (0.00ns)   --->   "%specfucore_ln124 = specfucore void @_ssdm_op_SpecFUCore, i16 %prod_1, i64 536, i64 4, i64 18446744073709551615" [../gen/Hls_Layers_UpConv.tpp:124]   --->   Operation 933 'specfucore' 'specfucore_ln124' <Predicate = true> <Delay = 0.00>
ST_9 : Operation 934 [1/4] (1.90ns)   --->   "%prod_2 = hmul i16 %xv_2, i16 %wv_2" [../gen/Hls_Layers_UpConv.tpp:125]   --->   Operation 934 'hmul' 'prod_2' <Predicate = true> <Delay = 1.90> <CoreInst = "HMul_nodsp">   --->   Core 58 'HMul_nodsp' <Latency = 3> <II = 1> <Delay = 1.90> <FuncUnit> <Opcode : 'hmul'> <InPorts = 2> <OutPorts = 1>
ST_9 : Operation 935 [1/1] (0.00ns)   --->   "%specfucore_ln124 = specfucore void @_ssdm_op_SpecFUCore, i16 %prod_2, i64 536, i64 4, i64 18446744073709551615" [../gen/Hls_Layers_UpConv.tpp:124]   --->   Operation 935 'specfucore' 'specfucore_ln124' <Predicate = true> <Delay = 0.00>
ST_9 : Operation 936 [1/4] (1.90ns)   --->   "%prod_3 = hmul i16 %xv_3, i16 %wv_3" [../gen/Hls_Layers_UpConv.tpp:125]   --->   Operation 936 'hmul' 'prod_3' <Predicate = true> <Delay = 1.90> <CoreInst = "HMul_nodsp">   --->   Core 58 'HMul_nodsp' <Latency = 3> <II = 1> <Delay = 1.90> <FuncUnit> <Opcode : 'hmul'> <InPorts = 2> <OutPorts = 1>
ST_9 : Operation 937 [1/1] (0.00ns)   --->   "%specfucore_ln124 = specfucore void @_ssdm_op_SpecFUCore, i16 %prod_3, i64 536, i64 4, i64 18446744073709551615" [../gen/Hls_Layers_UpConv.tpp:124]   --->   Operation 937 'specfucore' 'specfucore_ln124' <Predicate = true> <Delay = 0.00>
ST_9 : Operation 938 [1/4] (1.90ns)   --->   "%prod_4 = hmul i16 %xv_4, i16 %wv_4" [../gen/Hls_Layers_UpConv.tpp:125]   --->   Operation 938 'hmul' 'prod_4' <Predicate = true> <Delay = 1.90> <CoreInst = "HMul_nodsp">   --->   Core 58 'HMul_nodsp' <Latency = 3> <II = 1> <Delay = 1.90> <FuncUnit> <Opcode : 'hmul'> <InPorts = 2> <OutPorts = 1>
ST_9 : Operation 939 [1/1] (0.00ns)   --->   "%specfucore_ln124 = specfucore void @_ssdm_op_SpecFUCore, i16 %prod_4, i64 536, i64 4, i64 18446744073709551615" [../gen/Hls_Layers_UpConv.tpp:124]   --->   Operation 939 'specfucore' 'specfucore_ln124' <Predicate = true> <Delay = 0.00>
ST_9 : Operation 940 [1/4] (1.90ns)   --->   "%prod_5 = hmul i16 %xv_5, i16 %wv_5" [../gen/Hls_Layers_UpConv.tpp:125]   --->   Operation 940 'hmul' 'prod_5' <Predicate = true> <Delay = 1.90> <CoreInst = "HMul_nodsp">   --->   Core 58 'HMul_nodsp' <Latency = 3> <II = 1> <Delay = 1.90> <FuncUnit> <Opcode : 'hmul'> <InPorts = 2> <OutPorts = 1>
ST_9 : Operation 941 [1/1] (0.00ns)   --->   "%specfucore_ln124 = specfucore void @_ssdm_op_SpecFUCore, i16 %prod_5, i64 536, i64 4, i64 18446744073709551615" [../gen/Hls_Layers_UpConv.tpp:124]   --->   Operation 941 'specfucore' 'specfucore_ln124' <Predicate = true> <Delay = 0.00>
ST_9 : Operation 942 [1/4] (1.90ns)   --->   "%prod_6 = hmul i16 %xv_6, i16 %wv_6" [../gen/Hls_Layers_UpConv.tpp:125]   --->   Operation 942 'hmul' 'prod_6' <Predicate = true> <Delay = 1.90> <CoreInst = "HMul_nodsp">   --->   Core 58 'HMul_nodsp' <Latency = 3> <II = 1> <Delay = 1.90> <FuncUnit> <Opcode : 'hmul'> <InPorts = 2> <OutPorts = 1>
ST_9 : Operation 943 [1/1] (0.00ns)   --->   "%specfucore_ln124 = specfucore void @_ssdm_op_SpecFUCore, i16 %prod_6, i64 536, i64 4, i64 18446744073709551615" [../gen/Hls_Layers_UpConv.tpp:124]   --->   Operation 943 'specfucore' 'specfucore_ln124' <Predicate = true> <Delay = 0.00>
ST_9 : Operation 944 [1/4] (1.90ns)   --->   "%prod_7 = hmul i16 %xv_7, i16 %wv_7" [../gen/Hls_Layers_UpConv.tpp:125]   --->   Operation 944 'hmul' 'prod_7' <Predicate = true> <Delay = 1.90> <CoreInst = "HMul_nodsp">   --->   Core 58 'HMul_nodsp' <Latency = 3> <II = 1> <Delay = 1.90> <FuncUnit> <Opcode : 'hmul'> <InPorts = 2> <OutPorts = 1>
ST_9 : Operation 945 [1/1] (0.00ns)   --->   "%specfucore_ln124 = specfucore void @_ssdm_op_SpecFUCore, i16 %prod_7, i64 536, i64 4, i64 18446744073709551615" [../gen/Hls_Layers_UpConv.tpp:124]   --->   Operation 945 'specfucore' 'specfucore_ln124' <Predicate = true> <Delay = 0.00>
ST_9 : Operation 946 [1/4] (1.90ns)   --->   "%prod_8 = hmul i16 %xv_8, i16 %wv_8" [../gen/Hls_Layers_UpConv.tpp:125]   --->   Operation 946 'hmul' 'prod_8' <Predicate = true> <Delay = 1.90> <CoreInst = "HMul_nodsp">   --->   Core 58 'HMul_nodsp' <Latency = 3> <II = 1> <Delay = 1.90> <FuncUnit> <Opcode : 'hmul'> <InPorts = 2> <OutPorts = 1>
ST_9 : Operation 947 [1/1] (0.00ns)   --->   "%specfucore_ln124 = specfucore void @_ssdm_op_SpecFUCore, i16 %prod_8, i64 536, i64 4, i64 18446744073709551615" [../gen/Hls_Layers_UpConv.tpp:124]   --->   Operation 947 'specfucore' 'specfucore_ln124' <Predicate = true> <Delay = 0.00>
ST_9 : Operation 948 [1/4] (1.90ns)   --->   "%prod_9 = hmul i16 %xv_9, i16 %wv_9" [../gen/Hls_Layers_UpConv.tpp:125]   --->   Operation 948 'hmul' 'prod_9' <Predicate = true> <Delay = 1.90> <CoreInst = "HMul_nodsp">   --->   Core 58 'HMul_nodsp' <Latency = 3> <II = 1> <Delay = 1.90> <FuncUnit> <Opcode : 'hmul'> <InPorts = 2> <OutPorts = 1>
ST_9 : Operation 949 [1/1] (0.00ns)   --->   "%specfucore_ln124 = specfucore void @_ssdm_op_SpecFUCore, i16 %prod_9, i64 536, i64 4, i64 18446744073709551615" [../gen/Hls_Layers_UpConv.tpp:124]   --->   Operation 949 'specfucore' 'specfucore_ln124' <Predicate = true> <Delay = 0.00>
ST_9 : Operation 950 [1/4] (1.90ns)   --->   "%prod_10 = hmul i16 %xv_10, i16 %wv_10" [../gen/Hls_Layers_UpConv.tpp:125]   --->   Operation 950 'hmul' 'prod_10' <Predicate = true> <Delay = 1.90> <CoreInst = "HMul_nodsp">   --->   Core 58 'HMul_nodsp' <Latency = 3> <II = 1> <Delay = 1.90> <FuncUnit> <Opcode : 'hmul'> <InPorts = 2> <OutPorts = 1>
ST_9 : Operation 951 [1/1] (0.00ns)   --->   "%specfucore_ln124 = specfucore void @_ssdm_op_SpecFUCore, i16 %prod_10, i64 536, i64 4, i64 18446744073709551615" [../gen/Hls_Layers_UpConv.tpp:124]   --->   Operation 951 'specfucore' 'specfucore_ln124' <Predicate = true> <Delay = 0.00>
ST_9 : Operation 952 [1/4] (1.90ns)   --->   "%prod_11 = hmul i16 %xv_11, i16 %wv_11" [../gen/Hls_Layers_UpConv.tpp:125]   --->   Operation 952 'hmul' 'prod_11' <Predicate = true> <Delay = 1.90> <CoreInst = "HMul_nodsp">   --->   Core 58 'HMul_nodsp' <Latency = 3> <II = 1> <Delay = 1.90> <FuncUnit> <Opcode : 'hmul'> <InPorts = 2> <OutPorts = 1>
ST_9 : Operation 953 [1/1] (0.00ns)   --->   "%specfucore_ln124 = specfucore void @_ssdm_op_SpecFUCore, i16 %prod_11, i64 536, i64 4, i64 18446744073709551615" [../gen/Hls_Layers_UpConv.tpp:124]   --->   Operation 953 'specfucore' 'specfucore_ln124' <Predicate = true> <Delay = 0.00>
ST_9 : Operation 954 [1/4] (1.90ns)   --->   "%prod_12 = hmul i16 %xv_12, i16 %wv_12" [../gen/Hls_Layers_UpConv.tpp:125]   --->   Operation 954 'hmul' 'prod_12' <Predicate = true> <Delay = 1.90> <CoreInst = "HMul_nodsp">   --->   Core 58 'HMul_nodsp' <Latency = 3> <II = 1> <Delay = 1.90> <FuncUnit> <Opcode : 'hmul'> <InPorts = 2> <OutPorts = 1>
ST_9 : Operation 955 [1/1] (0.00ns)   --->   "%specfucore_ln124 = specfucore void @_ssdm_op_SpecFUCore, i16 %prod_12, i64 536, i64 4, i64 18446744073709551615" [../gen/Hls_Layers_UpConv.tpp:124]   --->   Operation 955 'specfucore' 'specfucore_ln124' <Predicate = true> <Delay = 0.00>
ST_9 : Operation 956 [1/4] (1.90ns)   --->   "%prod_13 = hmul i16 %xv_13, i16 %wv_13" [../gen/Hls_Layers_UpConv.tpp:125]   --->   Operation 956 'hmul' 'prod_13' <Predicate = true> <Delay = 1.90> <CoreInst = "HMul_nodsp">   --->   Core 58 'HMul_nodsp' <Latency = 3> <II = 1> <Delay = 1.90> <FuncUnit> <Opcode : 'hmul'> <InPorts = 2> <OutPorts = 1>
ST_9 : Operation 957 [1/1] (0.00ns)   --->   "%specfucore_ln124 = specfucore void @_ssdm_op_SpecFUCore, i16 %prod_13, i64 536, i64 4, i64 18446744073709551615" [../gen/Hls_Layers_UpConv.tpp:124]   --->   Operation 957 'specfucore' 'specfucore_ln124' <Predicate = true> <Delay = 0.00>
ST_9 : Operation 958 [1/4] (1.90ns)   --->   "%prod_14 = hmul i16 %xv_14, i16 %wv_14" [../gen/Hls_Layers_UpConv.tpp:125]   --->   Operation 958 'hmul' 'prod_14' <Predicate = true> <Delay = 1.90> <CoreInst = "HMul_nodsp">   --->   Core 58 'HMul_nodsp' <Latency = 3> <II = 1> <Delay = 1.90> <FuncUnit> <Opcode : 'hmul'> <InPorts = 2> <OutPorts = 1>
ST_9 : Operation 959 [1/1] (0.00ns)   --->   "%specfucore_ln124 = specfucore void @_ssdm_op_SpecFUCore, i16 %prod_14, i64 536, i64 4, i64 18446744073709551615" [../gen/Hls_Layers_UpConv.tpp:124]   --->   Operation 959 'specfucore' 'specfucore_ln124' <Predicate = true> <Delay = 0.00>
ST_9 : Operation 960 [1/4] (1.90ns)   --->   "%prod_15 = hmul i16 %xv_15, i16 %wv_15" [../gen/Hls_Layers_UpConv.tpp:125]   --->   Operation 960 'hmul' 'prod_15' <Predicate = true> <Delay = 1.90> <CoreInst = "HMul_nodsp">   --->   Core 58 'HMul_nodsp' <Latency = 3> <II = 1> <Delay = 1.90> <FuncUnit> <Opcode : 'hmul'> <InPorts = 2> <OutPorts = 1>
ST_9 : Operation 961 [1/1] (0.00ns)   --->   "%specfucore_ln124 = specfucore void @_ssdm_op_SpecFUCore, i16 %prod_15, i64 536, i64 4, i64 18446744073709551615" [../gen/Hls_Layers_UpConv.tpp:124]   --->   Operation 961 'specfucore' 'specfucore_ln124' <Predicate = true> <Delay = 0.00>
ST_9 : Operation 962 [1/4] (1.90ns)   --->   "%prod_127 = hmul i16 %xv, i16 %wv_16" [../gen/Hls_Layers_UpConv.tpp:125]   --->   Operation 962 'hmul' 'prod_127' <Predicate = true> <Delay = 1.90> <CoreInst = "HMul_nodsp">   --->   Core 58 'HMul_nodsp' <Latency = 3> <II = 1> <Delay = 1.90> <FuncUnit> <Opcode : 'hmul'> <InPorts = 2> <OutPorts = 1>
ST_9 : Operation 963 [1/1] (0.00ns)   --->   "%specfucore_ln124 = specfucore void @_ssdm_op_SpecFUCore, i16 %prod_127, i64 536, i64 4, i64 18446744073709551615" [../gen/Hls_Layers_UpConv.tpp:124]   --->   Operation 963 'specfucore' 'specfucore_ln124' <Predicate = true> <Delay = 0.00>
ST_9 : Operation 964 [1/4] (1.90ns)   --->   "%prod_16 = hmul i16 %xv_1, i16 %wv_17" [../gen/Hls_Layers_UpConv.tpp:125]   --->   Operation 964 'hmul' 'prod_16' <Predicate = true> <Delay = 1.90> <CoreInst = "HMul_nodsp">   --->   Core 58 'HMul_nodsp' <Latency = 3> <II = 1> <Delay = 1.90> <FuncUnit> <Opcode : 'hmul'> <InPorts = 2> <OutPorts = 1>
ST_9 : Operation 965 [1/1] (0.00ns)   --->   "%specfucore_ln124 = specfucore void @_ssdm_op_SpecFUCore, i16 %prod_16, i64 536, i64 4, i64 18446744073709551615" [../gen/Hls_Layers_UpConv.tpp:124]   --->   Operation 965 'specfucore' 'specfucore_ln124' <Predicate = true> <Delay = 0.00>
ST_9 : Operation 966 [1/4] (1.90ns)   --->   "%prod_17 = hmul i16 %xv_2, i16 %wv_18" [../gen/Hls_Layers_UpConv.tpp:125]   --->   Operation 966 'hmul' 'prod_17' <Predicate = true> <Delay = 1.90> <CoreInst = "HMul_nodsp">   --->   Core 58 'HMul_nodsp' <Latency = 3> <II = 1> <Delay = 1.90> <FuncUnit> <Opcode : 'hmul'> <InPorts = 2> <OutPorts = 1>
ST_9 : Operation 967 [1/1] (0.00ns)   --->   "%specfucore_ln124 = specfucore void @_ssdm_op_SpecFUCore, i16 %prod_17, i64 536, i64 4, i64 18446744073709551615" [../gen/Hls_Layers_UpConv.tpp:124]   --->   Operation 967 'specfucore' 'specfucore_ln124' <Predicate = true> <Delay = 0.00>
ST_9 : Operation 968 [1/4] (1.90ns)   --->   "%prod_18 = hmul i16 %xv_3, i16 %wv_19" [../gen/Hls_Layers_UpConv.tpp:125]   --->   Operation 968 'hmul' 'prod_18' <Predicate = true> <Delay = 1.90> <CoreInst = "HMul_nodsp">   --->   Core 58 'HMul_nodsp' <Latency = 3> <II = 1> <Delay = 1.90> <FuncUnit> <Opcode : 'hmul'> <InPorts = 2> <OutPorts = 1>
ST_9 : Operation 969 [1/1] (0.00ns)   --->   "%specfucore_ln124 = specfucore void @_ssdm_op_SpecFUCore, i16 %prod_18, i64 536, i64 4, i64 18446744073709551615" [../gen/Hls_Layers_UpConv.tpp:124]   --->   Operation 969 'specfucore' 'specfucore_ln124' <Predicate = true> <Delay = 0.00>
ST_9 : Operation 970 [1/4] (1.90ns)   --->   "%prod_19 = hmul i16 %xv_4, i16 %wv_20" [../gen/Hls_Layers_UpConv.tpp:125]   --->   Operation 970 'hmul' 'prod_19' <Predicate = true> <Delay = 1.90> <CoreInst = "HMul_nodsp">   --->   Core 58 'HMul_nodsp' <Latency = 3> <II = 1> <Delay = 1.90> <FuncUnit> <Opcode : 'hmul'> <InPorts = 2> <OutPorts = 1>
ST_9 : Operation 971 [1/1] (0.00ns)   --->   "%specfucore_ln124 = specfucore void @_ssdm_op_SpecFUCore, i16 %prod_19, i64 536, i64 4, i64 18446744073709551615" [../gen/Hls_Layers_UpConv.tpp:124]   --->   Operation 971 'specfucore' 'specfucore_ln124' <Predicate = true> <Delay = 0.00>
ST_9 : Operation 972 [1/4] (1.90ns)   --->   "%prod_20 = hmul i16 %xv_5, i16 %wv_21" [../gen/Hls_Layers_UpConv.tpp:125]   --->   Operation 972 'hmul' 'prod_20' <Predicate = true> <Delay = 1.90> <CoreInst = "HMul_nodsp">   --->   Core 58 'HMul_nodsp' <Latency = 3> <II = 1> <Delay = 1.90> <FuncUnit> <Opcode : 'hmul'> <InPorts = 2> <OutPorts = 1>
ST_9 : Operation 973 [1/1] (0.00ns)   --->   "%specfucore_ln124 = specfucore void @_ssdm_op_SpecFUCore, i16 %prod_20, i64 536, i64 4, i64 18446744073709551615" [../gen/Hls_Layers_UpConv.tpp:124]   --->   Operation 973 'specfucore' 'specfucore_ln124' <Predicate = true> <Delay = 0.00>
ST_9 : Operation 974 [1/4] (1.90ns)   --->   "%prod_21 = hmul i16 %xv_6, i16 %wv_22" [../gen/Hls_Layers_UpConv.tpp:125]   --->   Operation 974 'hmul' 'prod_21' <Predicate = true> <Delay = 1.90> <CoreInst = "HMul_nodsp">   --->   Core 58 'HMul_nodsp' <Latency = 3> <II = 1> <Delay = 1.90> <FuncUnit> <Opcode : 'hmul'> <InPorts = 2> <OutPorts = 1>
ST_9 : Operation 975 [1/1] (0.00ns)   --->   "%specfucore_ln124 = specfucore void @_ssdm_op_SpecFUCore, i16 %prod_21, i64 536, i64 4, i64 18446744073709551615" [../gen/Hls_Layers_UpConv.tpp:124]   --->   Operation 975 'specfucore' 'specfucore_ln124' <Predicate = true> <Delay = 0.00>
ST_9 : Operation 976 [1/4] (1.90ns)   --->   "%prod_22 = hmul i16 %xv_7, i16 %wv_23" [../gen/Hls_Layers_UpConv.tpp:125]   --->   Operation 976 'hmul' 'prod_22' <Predicate = true> <Delay = 1.90> <CoreInst = "HMul_nodsp">   --->   Core 58 'HMul_nodsp' <Latency = 3> <II = 1> <Delay = 1.90> <FuncUnit> <Opcode : 'hmul'> <InPorts = 2> <OutPorts = 1>
ST_9 : Operation 977 [1/1] (0.00ns)   --->   "%specfucore_ln124 = specfucore void @_ssdm_op_SpecFUCore, i16 %prod_22, i64 536, i64 4, i64 18446744073709551615" [../gen/Hls_Layers_UpConv.tpp:124]   --->   Operation 977 'specfucore' 'specfucore_ln124' <Predicate = true> <Delay = 0.00>
ST_9 : Operation 978 [1/4] (1.90ns)   --->   "%prod_23 = hmul i16 %xv_8, i16 %wv_24" [../gen/Hls_Layers_UpConv.tpp:125]   --->   Operation 978 'hmul' 'prod_23' <Predicate = true> <Delay = 1.90> <CoreInst = "HMul_nodsp">   --->   Core 58 'HMul_nodsp' <Latency = 3> <II = 1> <Delay = 1.90> <FuncUnit> <Opcode : 'hmul'> <InPorts = 2> <OutPorts = 1>
ST_9 : Operation 979 [1/1] (0.00ns)   --->   "%specfucore_ln124 = specfucore void @_ssdm_op_SpecFUCore, i16 %prod_23, i64 536, i64 4, i64 18446744073709551615" [../gen/Hls_Layers_UpConv.tpp:124]   --->   Operation 979 'specfucore' 'specfucore_ln124' <Predicate = true> <Delay = 0.00>
ST_9 : Operation 980 [1/4] (1.90ns)   --->   "%prod_24 = hmul i16 %xv_9, i16 %wv_25" [../gen/Hls_Layers_UpConv.tpp:125]   --->   Operation 980 'hmul' 'prod_24' <Predicate = true> <Delay = 1.90> <CoreInst = "HMul_nodsp">   --->   Core 58 'HMul_nodsp' <Latency = 3> <II = 1> <Delay = 1.90> <FuncUnit> <Opcode : 'hmul'> <InPorts = 2> <OutPorts = 1>
ST_9 : Operation 981 [1/1] (0.00ns)   --->   "%specfucore_ln124 = specfucore void @_ssdm_op_SpecFUCore, i16 %prod_24, i64 536, i64 4, i64 18446744073709551615" [../gen/Hls_Layers_UpConv.tpp:124]   --->   Operation 981 'specfucore' 'specfucore_ln124' <Predicate = true> <Delay = 0.00>
ST_9 : Operation 982 [1/4] (1.90ns)   --->   "%prod_25 = hmul i16 %xv_10, i16 %wv_26" [../gen/Hls_Layers_UpConv.tpp:125]   --->   Operation 982 'hmul' 'prod_25' <Predicate = true> <Delay = 1.90> <CoreInst = "HMul_nodsp">   --->   Core 58 'HMul_nodsp' <Latency = 3> <II = 1> <Delay = 1.90> <FuncUnit> <Opcode : 'hmul'> <InPorts = 2> <OutPorts = 1>
ST_9 : Operation 983 [1/1] (0.00ns)   --->   "%specfucore_ln124 = specfucore void @_ssdm_op_SpecFUCore, i16 %prod_25, i64 536, i64 4, i64 18446744073709551615" [../gen/Hls_Layers_UpConv.tpp:124]   --->   Operation 983 'specfucore' 'specfucore_ln124' <Predicate = true> <Delay = 0.00>
ST_9 : Operation 984 [1/4] (1.90ns)   --->   "%prod_26 = hmul i16 %xv_11, i16 %wv_27" [../gen/Hls_Layers_UpConv.tpp:125]   --->   Operation 984 'hmul' 'prod_26' <Predicate = true> <Delay = 1.90> <CoreInst = "HMul_nodsp">   --->   Core 58 'HMul_nodsp' <Latency = 3> <II = 1> <Delay = 1.90> <FuncUnit> <Opcode : 'hmul'> <InPorts = 2> <OutPorts = 1>
ST_9 : Operation 985 [1/1] (0.00ns)   --->   "%specfucore_ln124 = specfucore void @_ssdm_op_SpecFUCore, i16 %prod_26, i64 536, i64 4, i64 18446744073709551615" [../gen/Hls_Layers_UpConv.tpp:124]   --->   Operation 985 'specfucore' 'specfucore_ln124' <Predicate = true> <Delay = 0.00>
ST_9 : Operation 986 [1/4] (1.90ns)   --->   "%prod_27 = hmul i16 %xv_12, i16 %wv_28" [../gen/Hls_Layers_UpConv.tpp:125]   --->   Operation 986 'hmul' 'prod_27' <Predicate = true> <Delay = 1.90> <CoreInst = "HMul_nodsp">   --->   Core 58 'HMul_nodsp' <Latency = 3> <II = 1> <Delay = 1.90> <FuncUnit> <Opcode : 'hmul'> <InPorts = 2> <OutPorts = 1>
ST_9 : Operation 987 [1/1] (0.00ns)   --->   "%specfucore_ln124 = specfucore void @_ssdm_op_SpecFUCore, i16 %prod_27, i64 536, i64 4, i64 18446744073709551615" [../gen/Hls_Layers_UpConv.tpp:124]   --->   Operation 987 'specfucore' 'specfucore_ln124' <Predicate = true> <Delay = 0.00>
ST_9 : Operation 988 [1/4] (1.90ns)   --->   "%prod_28 = hmul i16 %xv_13, i16 %wv_29" [../gen/Hls_Layers_UpConv.tpp:125]   --->   Operation 988 'hmul' 'prod_28' <Predicate = true> <Delay = 1.90> <CoreInst = "HMul_nodsp">   --->   Core 58 'HMul_nodsp' <Latency = 3> <II = 1> <Delay = 1.90> <FuncUnit> <Opcode : 'hmul'> <InPorts = 2> <OutPorts = 1>
ST_9 : Operation 989 [1/1] (0.00ns)   --->   "%specfucore_ln124 = specfucore void @_ssdm_op_SpecFUCore, i16 %prod_28, i64 536, i64 4, i64 18446744073709551615" [../gen/Hls_Layers_UpConv.tpp:124]   --->   Operation 989 'specfucore' 'specfucore_ln124' <Predicate = true> <Delay = 0.00>
ST_9 : Operation 990 [1/4] (1.90ns)   --->   "%prod_29 = hmul i16 %xv_14, i16 %wv_30" [../gen/Hls_Layers_UpConv.tpp:125]   --->   Operation 990 'hmul' 'prod_29' <Predicate = true> <Delay = 1.90> <CoreInst = "HMul_nodsp">   --->   Core 58 'HMul_nodsp' <Latency = 3> <II = 1> <Delay = 1.90> <FuncUnit> <Opcode : 'hmul'> <InPorts = 2> <OutPorts = 1>
ST_9 : Operation 991 [1/1] (0.00ns)   --->   "%specfucore_ln124 = specfucore void @_ssdm_op_SpecFUCore, i16 %prod_29, i64 536, i64 4, i64 18446744073709551615" [../gen/Hls_Layers_UpConv.tpp:124]   --->   Operation 991 'specfucore' 'specfucore_ln124' <Predicate = true> <Delay = 0.00>
ST_9 : Operation 992 [1/4] (1.90ns)   --->   "%prod_30 = hmul i16 %xv_15, i16 %wv_31" [../gen/Hls_Layers_UpConv.tpp:125]   --->   Operation 992 'hmul' 'prod_30' <Predicate = true> <Delay = 1.90> <CoreInst = "HMul_nodsp">   --->   Core 58 'HMul_nodsp' <Latency = 3> <II = 1> <Delay = 1.90> <FuncUnit> <Opcode : 'hmul'> <InPorts = 2> <OutPorts = 1>
ST_9 : Operation 993 [1/1] (0.00ns)   --->   "%specfucore_ln124 = specfucore void @_ssdm_op_SpecFUCore, i16 %prod_30, i64 536, i64 4, i64 18446744073709551615" [../gen/Hls_Layers_UpConv.tpp:124]   --->   Operation 993 'specfucore' 'specfucore_ln124' <Predicate = true> <Delay = 0.00>
ST_9 : Operation 994 [1/4] (1.90ns)   --->   "%prod_31 = hmul i16 %xv, i16 %wv_32" [../gen/Hls_Layers_UpConv.tpp:125]   --->   Operation 994 'hmul' 'prod_31' <Predicate = true> <Delay = 1.90> <CoreInst = "HMul_nodsp">   --->   Core 58 'HMul_nodsp' <Latency = 3> <II = 1> <Delay = 1.90> <FuncUnit> <Opcode : 'hmul'> <InPorts = 2> <OutPorts = 1>
ST_9 : Operation 995 [1/1] (0.00ns)   --->   "%specfucore_ln124 = specfucore void @_ssdm_op_SpecFUCore, i16 %prod_31, i64 536, i64 4, i64 18446744073709551615" [../gen/Hls_Layers_UpConv.tpp:124]   --->   Operation 995 'specfucore' 'specfucore_ln124' <Predicate = true> <Delay = 0.00>
ST_9 : Operation 996 [1/4] (1.90ns)   --->   "%prod_32 = hmul i16 %xv_1, i16 %wv_33" [../gen/Hls_Layers_UpConv.tpp:125]   --->   Operation 996 'hmul' 'prod_32' <Predicate = true> <Delay = 1.90> <CoreInst = "HMul_nodsp">   --->   Core 58 'HMul_nodsp' <Latency = 3> <II = 1> <Delay = 1.90> <FuncUnit> <Opcode : 'hmul'> <InPorts = 2> <OutPorts = 1>
ST_9 : Operation 997 [1/1] (0.00ns)   --->   "%specfucore_ln124 = specfucore void @_ssdm_op_SpecFUCore, i16 %prod_32, i64 536, i64 4, i64 18446744073709551615" [../gen/Hls_Layers_UpConv.tpp:124]   --->   Operation 997 'specfucore' 'specfucore_ln124' <Predicate = true> <Delay = 0.00>
ST_9 : Operation 998 [1/4] (1.90ns)   --->   "%prod_33 = hmul i16 %xv_2, i16 %wv_34" [../gen/Hls_Layers_UpConv.tpp:125]   --->   Operation 998 'hmul' 'prod_33' <Predicate = true> <Delay = 1.90> <CoreInst = "HMul_nodsp">   --->   Core 58 'HMul_nodsp' <Latency = 3> <II = 1> <Delay = 1.90> <FuncUnit> <Opcode : 'hmul'> <InPorts = 2> <OutPorts = 1>
ST_9 : Operation 999 [1/1] (0.00ns)   --->   "%specfucore_ln124 = specfucore void @_ssdm_op_SpecFUCore, i16 %prod_33, i64 536, i64 4, i64 18446744073709551615" [../gen/Hls_Layers_UpConv.tpp:124]   --->   Operation 999 'specfucore' 'specfucore_ln124' <Predicate = true> <Delay = 0.00>
ST_9 : Operation 1000 [1/4] (1.90ns)   --->   "%prod_34 = hmul i16 %xv_3, i16 %wv_35" [../gen/Hls_Layers_UpConv.tpp:125]   --->   Operation 1000 'hmul' 'prod_34' <Predicate = true> <Delay = 1.90> <CoreInst = "HMul_nodsp">   --->   Core 58 'HMul_nodsp' <Latency = 3> <II = 1> <Delay = 1.90> <FuncUnit> <Opcode : 'hmul'> <InPorts = 2> <OutPorts = 1>
ST_9 : Operation 1001 [1/1] (0.00ns)   --->   "%specfucore_ln124 = specfucore void @_ssdm_op_SpecFUCore, i16 %prod_34, i64 536, i64 4, i64 18446744073709551615" [../gen/Hls_Layers_UpConv.tpp:124]   --->   Operation 1001 'specfucore' 'specfucore_ln124' <Predicate = true> <Delay = 0.00>
ST_9 : Operation 1002 [1/4] (1.90ns)   --->   "%prod_35 = hmul i16 %xv_4, i16 %wv_36" [../gen/Hls_Layers_UpConv.tpp:125]   --->   Operation 1002 'hmul' 'prod_35' <Predicate = true> <Delay = 1.90> <CoreInst = "HMul_nodsp">   --->   Core 58 'HMul_nodsp' <Latency = 3> <II = 1> <Delay = 1.90> <FuncUnit> <Opcode : 'hmul'> <InPorts = 2> <OutPorts = 1>
ST_9 : Operation 1003 [1/1] (0.00ns)   --->   "%specfucore_ln124 = specfucore void @_ssdm_op_SpecFUCore, i16 %prod_35, i64 536, i64 4, i64 18446744073709551615" [../gen/Hls_Layers_UpConv.tpp:124]   --->   Operation 1003 'specfucore' 'specfucore_ln124' <Predicate = true> <Delay = 0.00>
ST_9 : Operation 1004 [1/4] (1.90ns)   --->   "%prod_36 = hmul i16 %xv_5, i16 %wv_37" [../gen/Hls_Layers_UpConv.tpp:125]   --->   Operation 1004 'hmul' 'prod_36' <Predicate = true> <Delay = 1.90> <CoreInst = "HMul_nodsp">   --->   Core 58 'HMul_nodsp' <Latency = 3> <II = 1> <Delay = 1.90> <FuncUnit> <Opcode : 'hmul'> <InPorts = 2> <OutPorts = 1>
ST_9 : Operation 1005 [1/1] (0.00ns)   --->   "%specfucore_ln124 = specfucore void @_ssdm_op_SpecFUCore, i16 %prod_36, i64 536, i64 4, i64 18446744073709551615" [../gen/Hls_Layers_UpConv.tpp:124]   --->   Operation 1005 'specfucore' 'specfucore_ln124' <Predicate = true> <Delay = 0.00>
ST_9 : Operation 1006 [1/4] (1.90ns)   --->   "%prod_37 = hmul i16 %xv_6, i16 %wv_38" [../gen/Hls_Layers_UpConv.tpp:125]   --->   Operation 1006 'hmul' 'prod_37' <Predicate = true> <Delay = 1.90> <CoreInst = "HMul_nodsp">   --->   Core 58 'HMul_nodsp' <Latency = 3> <II = 1> <Delay = 1.90> <FuncUnit> <Opcode : 'hmul'> <InPorts = 2> <OutPorts = 1>
ST_9 : Operation 1007 [1/1] (0.00ns)   --->   "%specfucore_ln124 = specfucore void @_ssdm_op_SpecFUCore, i16 %prod_37, i64 536, i64 4, i64 18446744073709551615" [../gen/Hls_Layers_UpConv.tpp:124]   --->   Operation 1007 'specfucore' 'specfucore_ln124' <Predicate = true> <Delay = 0.00>
ST_9 : Operation 1008 [1/4] (1.90ns)   --->   "%prod_38 = hmul i16 %xv_7, i16 %wv_39" [../gen/Hls_Layers_UpConv.tpp:125]   --->   Operation 1008 'hmul' 'prod_38' <Predicate = true> <Delay = 1.90> <CoreInst = "HMul_nodsp">   --->   Core 58 'HMul_nodsp' <Latency = 3> <II = 1> <Delay = 1.90> <FuncUnit> <Opcode : 'hmul'> <InPorts = 2> <OutPorts = 1>
ST_9 : Operation 1009 [1/1] (0.00ns)   --->   "%specfucore_ln124 = specfucore void @_ssdm_op_SpecFUCore, i16 %prod_38, i64 536, i64 4, i64 18446744073709551615" [../gen/Hls_Layers_UpConv.tpp:124]   --->   Operation 1009 'specfucore' 'specfucore_ln124' <Predicate = true> <Delay = 0.00>
ST_9 : Operation 1010 [1/4] (1.90ns)   --->   "%prod_39 = hmul i16 %xv_8, i16 %wv_40" [../gen/Hls_Layers_UpConv.tpp:125]   --->   Operation 1010 'hmul' 'prod_39' <Predicate = true> <Delay = 1.90> <CoreInst = "HMul_nodsp">   --->   Core 58 'HMul_nodsp' <Latency = 3> <II = 1> <Delay = 1.90> <FuncUnit> <Opcode : 'hmul'> <InPorts = 2> <OutPorts = 1>
ST_9 : Operation 1011 [1/1] (0.00ns)   --->   "%specfucore_ln124 = specfucore void @_ssdm_op_SpecFUCore, i16 %prod_39, i64 536, i64 4, i64 18446744073709551615" [../gen/Hls_Layers_UpConv.tpp:124]   --->   Operation 1011 'specfucore' 'specfucore_ln124' <Predicate = true> <Delay = 0.00>
ST_9 : Operation 1012 [1/4] (1.90ns)   --->   "%prod_40 = hmul i16 %xv_9, i16 %wv_41" [../gen/Hls_Layers_UpConv.tpp:125]   --->   Operation 1012 'hmul' 'prod_40' <Predicate = true> <Delay = 1.90> <CoreInst = "HMul_nodsp">   --->   Core 58 'HMul_nodsp' <Latency = 3> <II = 1> <Delay = 1.90> <FuncUnit> <Opcode : 'hmul'> <InPorts = 2> <OutPorts = 1>
ST_9 : Operation 1013 [1/1] (0.00ns)   --->   "%specfucore_ln124 = specfucore void @_ssdm_op_SpecFUCore, i16 %prod_40, i64 536, i64 4, i64 18446744073709551615" [../gen/Hls_Layers_UpConv.tpp:124]   --->   Operation 1013 'specfucore' 'specfucore_ln124' <Predicate = true> <Delay = 0.00>
ST_9 : Operation 1014 [1/4] (1.90ns)   --->   "%prod_41 = hmul i16 %xv_10, i16 %wv_42" [../gen/Hls_Layers_UpConv.tpp:125]   --->   Operation 1014 'hmul' 'prod_41' <Predicate = true> <Delay = 1.90> <CoreInst = "HMul_nodsp">   --->   Core 58 'HMul_nodsp' <Latency = 3> <II = 1> <Delay = 1.90> <FuncUnit> <Opcode : 'hmul'> <InPorts = 2> <OutPorts = 1>
ST_9 : Operation 1015 [1/1] (0.00ns)   --->   "%specfucore_ln124 = specfucore void @_ssdm_op_SpecFUCore, i16 %prod_41, i64 536, i64 4, i64 18446744073709551615" [../gen/Hls_Layers_UpConv.tpp:124]   --->   Operation 1015 'specfucore' 'specfucore_ln124' <Predicate = true> <Delay = 0.00>
ST_9 : Operation 1016 [1/4] (1.90ns)   --->   "%prod_42 = hmul i16 %xv_11, i16 %wv_43" [../gen/Hls_Layers_UpConv.tpp:125]   --->   Operation 1016 'hmul' 'prod_42' <Predicate = true> <Delay = 1.90> <CoreInst = "HMul_nodsp">   --->   Core 58 'HMul_nodsp' <Latency = 3> <II = 1> <Delay = 1.90> <FuncUnit> <Opcode : 'hmul'> <InPorts = 2> <OutPorts = 1>
ST_9 : Operation 1017 [1/1] (0.00ns)   --->   "%specfucore_ln124 = specfucore void @_ssdm_op_SpecFUCore, i16 %prod_42, i64 536, i64 4, i64 18446744073709551615" [../gen/Hls_Layers_UpConv.tpp:124]   --->   Operation 1017 'specfucore' 'specfucore_ln124' <Predicate = true> <Delay = 0.00>
ST_9 : Operation 1018 [1/4] (1.90ns)   --->   "%prod_43 = hmul i16 %xv_12, i16 %wv_44" [../gen/Hls_Layers_UpConv.tpp:125]   --->   Operation 1018 'hmul' 'prod_43' <Predicate = true> <Delay = 1.90> <CoreInst = "HMul_nodsp">   --->   Core 58 'HMul_nodsp' <Latency = 3> <II = 1> <Delay = 1.90> <FuncUnit> <Opcode : 'hmul'> <InPorts = 2> <OutPorts = 1>
ST_9 : Operation 1019 [1/1] (0.00ns)   --->   "%specfucore_ln124 = specfucore void @_ssdm_op_SpecFUCore, i16 %prod_43, i64 536, i64 4, i64 18446744073709551615" [../gen/Hls_Layers_UpConv.tpp:124]   --->   Operation 1019 'specfucore' 'specfucore_ln124' <Predicate = true> <Delay = 0.00>
ST_9 : Operation 1020 [1/4] (1.90ns)   --->   "%prod_44 = hmul i16 %xv_13, i16 %wv_45" [../gen/Hls_Layers_UpConv.tpp:125]   --->   Operation 1020 'hmul' 'prod_44' <Predicate = true> <Delay = 1.90> <CoreInst = "HMul_nodsp">   --->   Core 58 'HMul_nodsp' <Latency = 3> <II = 1> <Delay = 1.90> <FuncUnit> <Opcode : 'hmul'> <InPorts = 2> <OutPorts = 1>
ST_9 : Operation 1021 [1/1] (0.00ns)   --->   "%specfucore_ln124 = specfucore void @_ssdm_op_SpecFUCore, i16 %prod_44, i64 536, i64 4, i64 18446744073709551615" [../gen/Hls_Layers_UpConv.tpp:124]   --->   Operation 1021 'specfucore' 'specfucore_ln124' <Predicate = true> <Delay = 0.00>
ST_9 : Operation 1022 [1/4] (1.90ns)   --->   "%prod_45 = hmul i16 %xv_14, i16 %wv_46" [../gen/Hls_Layers_UpConv.tpp:125]   --->   Operation 1022 'hmul' 'prod_45' <Predicate = true> <Delay = 1.90> <CoreInst = "HMul_nodsp">   --->   Core 58 'HMul_nodsp' <Latency = 3> <II = 1> <Delay = 1.90> <FuncUnit> <Opcode : 'hmul'> <InPorts = 2> <OutPorts = 1>
ST_9 : Operation 1023 [1/1] (0.00ns)   --->   "%specfucore_ln124 = specfucore void @_ssdm_op_SpecFUCore, i16 %prod_45, i64 536, i64 4, i64 18446744073709551615" [../gen/Hls_Layers_UpConv.tpp:124]   --->   Operation 1023 'specfucore' 'specfucore_ln124' <Predicate = true> <Delay = 0.00>
ST_9 : Operation 1024 [1/4] (1.90ns)   --->   "%prod_46 = hmul i16 %xv_15, i16 %wv_47" [../gen/Hls_Layers_UpConv.tpp:125]   --->   Operation 1024 'hmul' 'prod_46' <Predicate = true> <Delay = 1.90> <CoreInst = "HMul_nodsp">   --->   Core 58 'HMul_nodsp' <Latency = 3> <II = 1> <Delay = 1.90> <FuncUnit> <Opcode : 'hmul'> <InPorts = 2> <OutPorts = 1>
ST_9 : Operation 1025 [1/1] (0.00ns)   --->   "%specfucore_ln124 = specfucore void @_ssdm_op_SpecFUCore, i16 %prod_46, i64 536, i64 4, i64 18446744073709551615" [../gen/Hls_Layers_UpConv.tpp:124]   --->   Operation 1025 'specfucore' 'specfucore_ln124' <Predicate = true> <Delay = 0.00>
ST_9 : Operation 1026 [1/4] (1.90ns)   --->   "%prod_47 = hmul i16 %xv, i16 %wv_48" [../gen/Hls_Layers_UpConv.tpp:125]   --->   Operation 1026 'hmul' 'prod_47' <Predicate = true> <Delay = 1.90> <CoreInst = "HMul_nodsp">   --->   Core 58 'HMul_nodsp' <Latency = 3> <II = 1> <Delay = 1.90> <FuncUnit> <Opcode : 'hmul'> <InPorts = 2> <OutPorts = 1>
ST_9 : Operation 1027 [1/1] (0.00ns)   --->   "%specfucore_ln124 = specfucore void @_ssdm_op_SpecFUCore, i16 %prod_47, i64 536, i64 4, i64 18446744073709551615" [../gen/Hls_Layers_UpConv.tpp:124]   --->   Operation 1027 'specfucore' 'specfucore_ln124' <Predicate = true> <Delay = 0.00>
ST_9 : Operation 1028 [1/4] (1.90ns)   --->   "%prod_48 = hmul i16 %xv_1, i16 %wv_49" [../gen/Hls_Layers_UpConv.tpp:125]   --->   Operation 1028 'hmul' 'prod_48' <Predicate = true> <Delay = 1.90> <CoreInst = "HMul_nodsp">   --->   Core 58 'HMul_nodsp' <Latency = 3> <II = 1> <Delay = 1.90> <FuncUnit> <Opcode : 'hmul'> <InPorts = 2> <OutPorts = 1>
ST_9 : Operation 1029 [1/1] (0.00ns)   --->   "%specfucore_ln124 = specfucore void @_ssdm_op_SpecFUCore, i16 %prod_48, i64 536, i64 4, i64 18446744073709551615" [../gen/Hls_Layers_UpConv.tpp:124]   --->   Operation 1029 'specfucore' 'specfucore_ln124' <Predicate = true> <Delay = 0.00>
ST_9 : Operation 1030 [1/4] (1.90ns)   --->   "%prod_49 = hmul i16 %xv_2, i16 %wv_50" [../gen/Hls_Layers_UpConv.tpp:125]   --->   Operation 1030 'hmul' 'prod_49' <Predicate = true> <Delay = 1.90> <CoreInst = "HMul_nodsp">   --->   Core 58 'HMul_nodsp' <Latency = 3> <II = 1> <Delay = 1.90> <FuncUnit> <Opcode : 'hmul'> <InPorts = 2> <OutPorts = 1>
ST_9 : Operation 1031 [1/1] (0.00ns)   --->   "%specfucore_ln124 = specfucore void @_ssdm_op_SpecFUCore, i16 %prod_49, i64 536, i64 4, i64 18446744073709551615" [../gen/Hls_Layers_UpConv.tpp:124]   --->   Operation 1031 'specfucore' 'specfucore_ln124' <Predicate = true> <Delay = 0.00>
ST_9 : Operation 1032 [1/4] (1.90ns)   --->   "%prod_50 = hmul i16 %xv_3, i16 %wv_51" [../gen/Hls_Layers_UpConv.tpp:125]   --->   Operation 1032 'hmul' 'prod_50' <Predicate = true> <Delay = 1.90> <CoreInst = "HMul_nodsp">   --->   Core 58 'HMul_nodsp' <Latency = 3> <II = 1> <Delay = 1.90> <FuncUnit> <Opcode : 'hmul'> <InPorts = 2> <OutPorts = 1>
ST_9 : Operation 1033 [1/1] (0.00ns)   --->   "%specfucore_ln124 = specfucore void @_ssdm_op_SpecFUCore, i16 %prod_50, i64 536, i64 4, i64 18446744073709551615" [../gen/Hls_Layers_UpConv.tpp:124]   --->   Operation 1033 'specfucore' 'specfucore_ln124' <Predicate = true> <Delay = 0.00>
ST_9 : Operation 1034 [1/4] (1.90ns)   --->   "%prod_51 = hmul i16 %xv_4, i16 %wv_52" [../gen/Hls_Layers_UpConv.tpp:125]   --->   Operation 1034 'hmul' 'prod_51' <Predicate = true> <Delay = 1.90> <CoreInst = "HMul_nodsp">   --->   Core 58 'HMul_nodsp' <Latency = 3> <II = 1> <Delay = 1.90> <FuncUnit> <Opcode : 'hmul'> <InPorts = 2> <OutPorts = 1>
ST_9 : Operation 1035 [1/1] (0.00ns)   --->   "%specfucore_ln124 = specfucore void @_ssdm_op_SpecFUCore, i16 %prod_51, i64 536, i64 4, i64 18446744073709551615" [../gen/Hls_Layers_UpConv.tpp:124]   --->   Operation 1035 'specfucore' 'specfucore_ln124' <Predicate = true> <Delay = 0.00>
ST_9 : Operation 1036 [1/4] (1.90ns)   --->   "%prod_52 = hmul i16 %xv_5, i16 %wv_53" [../gen/Hls_Layers_UpConv.tpp:125]   --->   Operation 1036 'hmul' 'prod_52' <Predicate = true> <Delay = 1.90> <CoreInst = "HMul_nodsp">   --->   Core 58 'HMul_nodsp' <Latency = 3> <II = 1> <Delay = 1.90> <FuncUnit> <Opcode : 'hmul'> <InPorts = 2> <OutPorts = 1>
ST_9 : Operation 1037 [1/1] (0.00ns)   --->   "%specfucore_ln124 = specfucore void @_ssdm_op_SpecFUCore, i16 %prod_52, i64 536, i64 4, i64 18446744073709551615" [../gen/Hls_Layers_UpConv.tpp:124]   --->   Operation 1037 'specfucore' 'specfucore_ln124' <Predicate = true> <Delay = 0.00>
ST_9 : Operation 1038 [1/4] (1.90ns)   --->   "%prod_53 = hmul i16 %xv_6, i16 %wv_54" [../gen/Hls_Layers_UpConv.tpp:125]   --->   Operation 1038 'hmul' 'prod_53' <Predicate = true> <Delay = 1.90> <CoreInst = "HMul_nodsp">   --->   Core 58 'HMul_nodsp' <Latency = 3> <II = 1> <Delay = 1.90> <FuncUnit> <Opcode : 'hmul'> <InPorts = 2> <OutPorts = 1>
ST_9 : Operation 1039 [1/1] (0.00ns)   --->   "%specfucore_ln124 = specfucore void @_ssdm_op_SpecFUCore, i16 %prod_53, i64 536, i64 4, i64 18446744073709551615" [../gen/Hls_Layers_UpConv.tpp:124]   --->   Operation 1039 'specfucore' 'specfucore_ln124' <Predicate = true> <Delay = 0.00>
ST_9 : Operation 1040 [1/4] (1.90ns)   --->   "%prod_54 = hmul i16 %xv_7, i16 %wv_55" [../gen/Hls_Layers_UpConv.tpp:125]   --->   Operation 1040 'hmul' 'prod_54' <Predicate = true> <Delay = 1.90> <CoreInst = "HMul_nodsp">   --->   Core 58 'HMul_nodsp' <Latency = 3> <II = 1> <Delay = 1.90> <FuncUnit> <Opcode : 'hmul'> <InPorts = 2> <OutPorts = 1>
ST_9 : Operation 1041 [1/1] (0.00ns)   --->   "%specfucore_ln124 = specfucore void @_ssdm_op_SpecFUCore, i16 %prod_54, i64 536, i64 4, i64 18446744073709551615" [../gen/Hls_Layers_UpConv.tpp:124]   --->   Operation 1041 'specfucore' 'specfucore_ln124' <Predicate = true> <Delay = 0.00>
ST_9 : Operation 1042 [1/4] (1.90ns)   --->   "%prod_55 = hmul i16 %xv_8, i16 %wv_56" [../gen/Hls_Layers_UpConv.tpp:125]   --->   Operation 1042 'hmul' 'prod_55' <Predicate = true> <Delay = 1.90> <CoreInst = "HMul_nodsp">   --->   Core 58 'HMul_nodsp' <Latency = 3> <II = 1> <Delay = 1.90> <FuncUnit> <Opcode : 'hmul'> <InPorts = 2> <OutPorts = 1>
ST_9 : Operation 1043 [1/1] (0.00ns)   --->   "%specfucore_ln124 = specfucore void @_ssdm_op_SpecFUCore, i16 %prod_55, i64 536, i64 4, i64 18446744073709551615" [../gen/Hls_Layers_UpConv.tpp:124]   --->   Operation 1043 'specfucore' 'specfucore_ln124' <Predicate = true> <Delay = 0.00>
ST_9 : Operation 1044 [1/4] (1.90ns)   --->   "%prod_56 = hmul i16 %xv_9, i16 %wv_57" [../gen/Hls_Layers_UpConv.tpp:125]   --->   Operation 1044 'hmul' 'prod_56' <Predicate = true> <Delay = 1.90> <CoreInst = "HMul_nodsp">   --->   Core 58 'HMul_nodsp' <Latency = 3> <II = 1> <Delay = 1.90> <FuncUnit> <Opcode : 'hmul'> <InPorts = 2> <OutPorts = 1>
ST_9 : Operation 1045 [1/1] (0.00ns)   --->   "%specfucore_ln124 = specfucore void @_ssdm_op_SpecFUCore, i16 %prod_56, i64 536, i64 4, i64 18446744073709551615" [../gen/Hls_Layers_UpConv.tpp:124]   --->   Operation 1045 'specfucore' 'specfucore_ln124' <Predicate = true> <Delay = 0.00>
ST_9 : Operation 1046 [1/4] (1.90ns)   --->   "%prod_57 = hmul i16 %xv_10, i16 %wv_58" [../gen/Hls_Layers_UpConv.tpp:125]   --->   Operation 1046 'hmul' 'prod_57' <Predicate = true> <Delay = 1.90> <CoreInst = "HMul_nodsp">   --->   Core 58 'HMul_nodsp' <Latency = 3> <II = 1> <Delay = 1.90> <FuncUnit> <Opcode : 'hmul'> <InPorts = 2> <OutPorts = 1>
ST_9 : Operation 1047 [1/1] (0.00ns)   --->   "%specfucore_ln124 = specfucore void @_ssdm_op_SpecFUCore, i16 %prod_57, i64 536, i64 4, i64 18446744073709551615" [../gen/Hls_Layers_UpConv.tpp:124]   --->   Operation 1047 'specfucore' 'specfucore_ln124' <Predicate = true> <Delay = 0.00>
ST_9 : Operation 1048 [1/4] (1.90ns)   --->   "%prod_58 = hmul i16 %xv_11, i16 %wv_59" [../gen/Hls_Layers_UpConv.tpp:125]   --->   Operation 1048 'hmul' 'prod_58' <Predicate = true> <Delay = 1.90> <CoreInst = "HMul_nodsp">   --->   Core 58 'HMul_nodsp' <Latency = 3> <II = 1> <Delay = 1.90> <FuncUnit> <Opcode : 'hmul'> <InPorts = 2> <OutPorts = 1>
ST_9 : Operation 1049 [1/1] (0.00ns)   --->   "%specfucore_ln124 = specfucore void @_ssdm_op_SpecFUCore, i16 %prod_58, i64 536, i64 4, i64 18446744073709551615" [../gen/Hls_Layers_UpConv.tpp:124]   --->   Operation 1049 'specfucore' 'specfucore_ln124' <Predicate = true> <Delay = 0.00>
ST_9 : Operation 1050 [1/4] (1.90ns)   --->   "%prod_59 = hmul i16 %xv_12, i16 %wv_60" [../gen/Hls_Layers_UpConv.tpp:125]   --->   Operation 1050 'hmul' 'prod_59' <Predicate = true> <Delay = 1.90> <CoreInst = "HMul_nodsp">   --->   Core 58 'HMul_nodsp' <Latency = 3> <II = 1> <Delay = 1.90> <FuncUnit> <Opcode : 'hmul'> <InPorts = 2> <OutPorts = 1>
ST_9 : Operation 1051 [1/1] (0.00ns)   --->   "%specfucore_ln124 = specfucore void @_ssdm_op_SpecFUCore, i16 %prod_59, i64 536, i64 4, i64 18446744073709551615" [../gen/Hls_Layers_UpConv.tpp:124]   --->   Operation 1051 'specfucore' 'specfucore_ln124' <Predicate = true> <Delay = 0.00>
ST_9 : Operation 1052 [1/4] (1.90ns)   --->   "%prod_60 = hmul i16 %xv_13, i16 %wv_61" [../gen/Hls_Layers_UpConv.tpp:125]   --->   Operation 1052 'hmul' 'prod_60' <Predicate = true> <Delay = 1.90> <CoreInst = "HMul_nodsp">   --->   Core 58 'HMul_nodsp' <Latency = 3> <II = 1> <Delay = 1.90> <FuncUnit> <Opcode : 'hmul'> <InPorts = 2> <OutPorts = 1>
ST_9 : Operation 1053 [1/1] (0.00ns)   --->   "%specfucore_ln124 = specfucore void @_ssdm_op_SpecFUCore, i16 %prod_60, i64 536, i64 4, i64 18446744073709551615" [../gen/Hls_Layers_UpConv.tpp:124]   --->   Operation 1053 'specfucore' 'specfucore_ln124' <Predicate = true> <Delay = 0.00>
ST_9 : Operation 1054 [1/4] (1.90ns)   --->   "%prod_61 = hmul i16 %xv_14, i16 %wv_62" [../gen/Hls_Layers_UpConv.tpp:125]   --->   Operation 1054 'hmul' 'prod_61' <Predicate = true> <Delay = 1.90> <CoreInst = "HMul_nodsp">   --->   Core 58 'HMul_nodsp' <Latency = 3> <II = 1> <Delay = 1.90> <FuncUnit> <Opcode : 'hmul'> <InPorts = 2> <OutPorts = 1>
ST_9 : Operation 1055 [1/1] (0.00ns)   --->   "%specfucore_ln124 = specfucore void @_ssdm_op_SpecFUCore, i16 %prod_61, i64 536, i64 4, i64 18446744073709551615" [../gen/Hls_Layers_UpConv.tpp:124]   --->   Operation 1055 'specfucore' 'specfucore_ln124' <Predicate = true> <Delay = 0.00>
ST_9 : Operation 1056 [1/4] (1.90ns)   --->   "%prod_62 = hmul i16 %xv_15, i16 %wv_63" [../gen/Hls_Layers_UpConv.tpp:125]   --->   Operation 1056 'hmul' 'prod_62' <Predicate = true> <Delay = 1.90> <CoreInst = "HMul_nodsp">   --->   Core 58 'HMul_nodsp' <Latency = 3> <II = 1> <Delay = 1.90> <FuncUnit> <Opcode : 'hmul'> <InPorts = 2> <OutPorts = 1>
ST_9 : Operation 1057 [1/1] (0.00ns)   --->   "%specfucore_ln124 = specfucore void @_ssdm_op_SpecFUCore, i16 %prod_62, i64 536, i64 4, i64 18446744073709551615" [../gen/Hls_Layers_UpConv.tpp:124]   --->   Operation 1057 'specfucore' 'specfucore_ln124' <Predicate = true> <Delay = 0.00>
ST_9 : Operation 1058 [1/4] (1.90ns)   --->   "%prod_63 = hmul i16 %xv, i16 %wv_64" [../gen/Hls_Layers_UpConv.tpp:125]   --->   Operation 1058 'hmul' 'prod_63' <Predicate = true> <Delay = 1.90> <CoreInst = "HMul_nodsp">   --->   Core 58 'HMul_nodsp' <Latency = 3> <II = 1> <Delay = 1.90> <FuncUnit> <Opcode : 'hmul'> <InPorts = 2> <OutPorts = 1>
ST_9 : Operation 1059 [1/1] (0.00ns)   --->   "%specfucore_ln124 = specfucore void @_ssdm_op_SpecFUCore, i16 %prod_63, i64 536, i64 4, i64 18446744073709551615" [../gen/Hls_Layers_UpConv.tpp:124]   --->   Operation 1059 'specfucore' 'specfucore_ln124' <Predicate = true> <Delay = 0.00>
ST_9 : Operation 1060 [1/4] (1.90ns)   --->   "%prod_64 = hmul i16 %xv_1, i16 %wv_65" [../gen/Hls_Layers_UpConv.tpp:125]   --->   Operation 1060 'hmul' 'prod_64' <Predicate = true> <Delay = 1.90> <CoreInst = "HMul_nodsp">   --->   Core 58 'HMul_nodsp' <Latency = 3> <II = 1> <Delay = 1.90> <FuncUnit> <Opcode : 'hmul'> <InPorts = 2> <OutPorts = 1>
ST_9 : Operation 1061 [1/1] (0.00ns)   --->   "%specfucore_ln124 = specfucore void @_ssdm_op_SpecFUCore, i16 %prod_64, i64 536, i64 4, i64 18446744073709551615" [../gen/Hls_Layers_UpConv.tpp:124]   --->   Operation 1061 'specfucore' 'specfucore_ln124' <Predicate = true> <Delay = 0.00>
ST_9 : Operation 1062 [1/4] (1.90ns)   --->   "%prod_65 = hmul i16 %xv_2, i16 %wv_66" [../gen/Hls_Layers_UpConv.tpp:125]   --->   Operation 1062 'hmul' 'prod_65' <Predicate = true> <Delay = 1.90> <CoreInst = "HMul_nodsp">   --->   Core 58 'HMul_nodsp' <Latency = 3> <II = 1> <Delay = 1.90> <FuncUnit> <Opcode : 'hmul'> <InPorts = 2> <OutPorts = 1>
ST_9 : Operation 1063 [1/1] (0.00ns)   --->   "%specfucore_ln124 = specfucore void @_ssdm_op_SpecFUCore, i16 %prod_65, i64 536, i64 4, i64 18446744073709551615" [../gen/Hls_Layers_UpConv.tpp:124]   --->   Operation 1063 'specfucore' 'specfucore_ln124' <Predicate = true> <Delay = 0.00>
ST_9 : Operation 1064 [1/4] (1.90ns)   --->   "%prod_66 = hmul i16 %xv_3, i16 %wv_67" [../gen/Hls_Layers_UpConv.tpp:125]   --->   Operation 1064 'hmul' 'prod_66' <Predicate = true> <Delay = 1.90> <CoreInst = "HMul_nodsp">   --->   Core 58 'HMul_nodsp' <Latency = 3> <II = 1> <Delay = 1.90> <FuncUnit> <Opcode : 'hmul'> <InPorts = 2> <OutPorts = 1>
ST_9 : Operation 1065 [1/1] (0.00ns)   --->   "%specfucore_ln124 = specfucore void @_ssdm_op_SpecFUCore, i16 %prod_66, i64 536, i64 4, i64 18446744073709551615" [../gen/Hls_Layers_UpConv.tpp:124]   --->   Operation 1065 'specfucore' 'specfucore_ln124' <Predicate = true> <Delay = 0.00>
ST_9 : Operation 1066 [1/4] (1.90ns)   --->   "%prod_67 = hmul i16 %xv_4, i16 %wv_68" [../gen/Hls_Layers_UpConv.tpp:125]   --->   Operation 1066 'hmul' 'prod_67' <Predicate = true> <Delay = 1.90> <CoreInst = "HMul_nodsp">   --->   Core 58 'HMul_nodsp' <Latency = 3> <II = 1> <Delay = 1.90> <FuncUnit> <Opcode : 'hmul'> <InPorts = 2> <OutPorts = 1>
ST_9 : Operation 1067 [1/1] (0.00ns)   --->   "%specfucore_ln124 = specfucore void @_ssdm_op_SpecFUCore, i16 %prod_67, i64 536, i64 4, i64 18446744073709551615" [../gen/Hls_Layers_UpConv.tpp:124]   --->   Operation 1067 'specfucore' 'specfucore_ln124' <Predicate = true> <Delay = 0.00>
ST_9 : Operation 1068 [1/4] (1.90ns)   --->   "%prod_68 = hmul i16 %xv_5, i16 %wv_69" [../gen/Hls_Layers_UpConv.tpp:125]   --->   Operation 1068 'hmul' 'prod_68' <Predicate = true> <Delay = 1.90> <CoreInst = "HMul_nodsp">   --->   Core 58 'HMul_nodsp' <Latency = 3> <II = 1> <Delay = 1.90> <FuncUnit> <Opcode : 'hmul'> <InPorts = 2> <OutPorts = 1>
ST_9 : Operation 1069 [1/1] (0.00ns)   --->   "%specfucore_ln124 = specfucore void @_ssdm_op_SpecFUCore, i16 %prod_68, i64 536, i64 4, i64 18446744073709551615" [../gen/Hls_Layers_UpConv.tpp:124]   --->   Operation 1069 'specfucore' 'specfucore_ln124' <Predicate = true> <Delay = 0.00>
ST_9 : Operation 1070 [1/4] (1.90ns)   --->   "%prod_69 = hmul i16 %xv_6, i16 %wv_70" [../gen/Hls_Layers_UpConv.tpp:125]   --->   Operation 1070 'hmul' 'prod_69' <Predicate = true> <Delay = 1.90> <CoreInst = "HMul_nodsp">   --->   Core 58 'HMul_nodsp' <Latency = 3> <II = 1> <Delay = 1.90> <FuncUnit> <Opcode : 'hmul'> <InPorts = 2> <OutPorts = 1>
ST_9 : Operation 1071 [1/1] (0.00ns)   --->   "%specfucore_ln124 = specfucore void @_ssdm_op_SpecFUCore, i16 %prod_69, i64 536, i64 4, i64 18446744073709551615" [../gen/Hls_Layers_UpConv.tpp:124]   --->   Operation 1071 'specfucore' 'specfucore_ln124' <Predicate = true> <Delay = 0.00>
ST_9 : Operation 1072 [1/4] (1.90ns)   --->   "%prod_70 = hmul i16 %xv_7, i16 %wv_71" [../gen/Hls_Layers_UpConv.tpp:125]   --->   Operation 1072 'hmul' 'prod_70' <Predicate = true> <Delay = 1.90> <CoreInst = "HMul_nodsp">   --->   Core 58 'HMul_nodsp' <Latency = 3> <II = 1> <Delay = 1.90> <FuncUnit> <Opcode : 'hmul'> <InPorts = 2> <OutPorts = 1>
ST_9 : Operation 1073 [1/1] (0.00ns)   --->   "%specfucore_ln124 = specfucore void @_ssdm_op_SpecFUCore, i16 %prod_70, i64 536, i64 4, i64 18446744073709551615" [../gen/Hls_Layers_UpConv.tpp:124]   --->   Operation 1073 'specfucore' 'specfucore_ln124' <Predicate = true> <Delay = 0.00>
ST_9 : Operation 1074 [1/4] (1.90ns)   --->   "%prod_71 = hmul i16 %xv_8, i16 %wv_72" [../gen/Hls_Layers_UpConv.tpp:125]   --->   Operation 1074 'hmul' 'prod_71' <Predicate = true> <Delay = 1.90> <CoreInst = "HMul_nodsp">   --->   Core 58 'HMul_nodsp' <Latency = 3> <II = 1> <Delay = 1.90> <FuncUnit> <Opcode : 'hmul'> <InPorts = 2> <OutPorts = 1>
ST_9 : Operation 1075 [1/1] (0.00ns)   --->   "%specfucore_ln124 = specfucore void @_ssdm_op_SpecFUCore, i16 %prod_71, i64 536, i64 4, i64 18446744073709551615" [../gen/Hls_Layers_UpConv.tpp:124]   --->   Operation 1075 'specfucore' 'specfucore_ln124' <Predicate = true> <Delay = 0.00>
ST_9 : Operation 1076 [1/4] (1.90ns)   --->   "%prod_72 = hmul i16 %xv_9, i16 %wv_73" [../gen/Hls_Layers_UpConv.tpp:125]   --->   Operation 1076 'hmul' 'prod_72' <Predicate = true> <Delay = 1.90> <CoreInst = "HMul_nodsp">   --->   Core 58 'HMul_nodsp' <Latency = 3> <II = 1> <Delay = 1.90> <FuncUnit> <Opcode : 'hmul'> <InPorts = 2> <OutPorts = 1>
ST_9 : Operation 1077 [1/1] (0.00ns)   --->   "%specfucore_ln124 = specfucore void @_ssdm_op_SpecFUCore, i16 %prod_72, i64 536, i64 4, i64 18446744073709551615" [../gen/Hls_Layers_UpConv.tpp:124]   --->   Operation 1077 'specfucore' 'specfucore_ln124' <Predicate = true> <Delay = 0.00>
ST_9 : Operation 1078 [1/4] (1.90ns)   --->   "%prod_73 = hmul i16 %xv_10, i16 %wv_74" [../gen/Hls_Layers_UpConv.tpp:125]   --->   Operation 1078 'hmul' 'prod_73' <Predicate = true> <Delay = 1.90> <CoreInst = "HMul_nodsp">   --->   Core 58 'HMul_nodsp' <Latency = 3> <II = 1> <Delay = 1.90> <FuncUnit> <Opcode : 'hmul'> <InPorts = 2> <OutPorts = 1>
ST_9 : Operation 1079 [1/1] (0.00ns)   --->   "%specfucore_ln124 = specfucore void @_ssdm_op_SpecFUCore, i16 %prod_73, i64 536, i64 4, i64 18446744073709551615" [../gen/Hls_Layers_UpConv.tpp:124]   --->   Operation 1079 'specfucore' 'specfucore_ln124' <Predicate = true> <Delay = 0.00>
ST_9 : Operation 1080 [1/4] (1.90ns)   --->   "%prod_74 = hmul i16 %xv_11, i16 %wv_75" [../gen/Hls_Layers_UpConv.tpp:125]   --->   Operation 1080 'hmul' 'prod_74' <Predicate = true> <Delay = 1.90> <CoreInst = "HMul_nodsp">   --->   Core 58 'HMul_nodsp' <Latency = 3> <II = 1> <Delay = 1.90> <FuncUnit> <Opcode : 'hmul'> <InPorts = 2> <OutPorts = 1>
ST_9 : Operation 1081 [1/1] (0.00ns)   --->   "%specfucore_ln124 = specfucore void @_ssdm_op_SpecFUCore, i16 %prod_74, i64 536, i64 4, i64 18446744073709551615" [../gen/Hls_Layers_UpConv.tpp:124]   --->   Operation 1081 'specfucore' 'specfucore_ln124' <Predicate = true> <Delay = 0.00>
ST_9 : Operation 1082 [1/4] (1.90ns)   --->   "%prod_75 = hmul i16 %xv_12, i16 %wv_76" [../gen/Hls_Layers_UpConv.tpp:125]   --->   Operation 1082 'hmul' 'prod_75' <Predicate = true> <Delay = 1.90> <CoreInst = "HMul_nodsp">   --->   Core 58 'HMul_nodsp' <Latency = 3> <II = 1> <Delay = 1.90> <FuncUnit> <Opcode : 'hmul'> <InPorts = 2> <OutPorts = 1>
ST_9 : Operation 1083 [1/1] (0.00ns)   --->   "%specfucore_ln124 = specfucore void @_ssdm_op_SpecFUCore, i16 %prod_75, i64 536, i64 4, i64 18446744073709551615" [../gen/Hls_Layers_UpConv.tpp:124]   --->   Operation 1083 'specfucore' 'specfucore_ln124' <Predicate = true> <Delay = 0.00>
ST_9 : Operation 1084 [1/4] (1.90ns)   --->   "%prod_76 = hmul i16 %xv_13, i16 %wv_77" [../gen/Hls_Layers_UpConv.tpp:125]   --->   Operation 1084 'hmul' 'prod_76' <Predicate = true> <Delay = 1.90> <CoreInst = "HMul_nodsp">   --->   Core 58 'HMul_nodsp' <Latency = 3> <II = 1> <Delay = 1.90> <FuncUnit> <Opcode : 'hmul'> <InPorts = 2> <OutPorts = 1>
ST_9 : Operation 1085 [1/1] (0.00ns)   --->   "%specfucore_ln124 = specfucore void @_ssdm_op_SpecFUCore, i16 %prod_76, i64 536, i64 4, i64 18446744073709551615" [../gen/Hls_Layers_UpConv.tpp:124]   --->   Operation 1085 'specfucore' 'specfucore_ln124' <Predicate = true> <Delay = 0.00>
ST_9 : Operation 1086 [1/4] (1.90ns)   --->   "%prod_77 = hmul i16 %xv_14, i16 %wv_78" [../gen/Hls_Layers_UpConv.tpp:125]   --->   Operation 1086 'hmul' 'prod_77' <Predicate = true> <Delay = 1.90> <CoreInst = "HMul_nodsp">   --->   Core 58 'HMul_nodsp' <Latency = 3> <II = 1> <Delay = 1.90> <FuncUnit> <Opcode : 'hmul'> <InPorts = 2> <OutPorts = 1>
ST_9 : Operation 1087 [1/1] (0.00ns)   --->   "%specfucore_ln124 = specfucore void @_ssdm_op_SpecFUCore, i16 %prod_77, i64 536, i64 4, i64 18446744073709551615" [../gen/Hls_Layers_UpConv.tpp:124]   --->   Operation 1087 'specfucore' 'specfucore_ln124' <Predicate = true> <Delay = 0.00>
ST_9 : Operation 1088 [1/4] (1.90ns)   --->   "%prod_78 = hmul i16 %xv_15, i16 %wv_79" [../gen/Hls_Layers_UpConv.tpp:125]   --->   Operation 1088 'hmul' 'prod_78' <Predicate = true> <Delay = 1.90> <CoreInst = "HMul_nodsp">   --->   Core 58 'HMul_nodsp' <Latency = 3> <II = 1> <Delay = 1.90> <FuncUnit> <Opcode : 'hmul'> <InPorts = 2> <OutPorts = 1>
ST_9 : Operation 1089 [1/1] (0.00ns)   --->   "%specfucore_ln124 = specfucore void @_ssdm_op_SpecFUCore, i16 %prod_78, i64 536, i64 4, i64 18446744073709551615" [../gen/Hls_Layers_UpConv.tpp:124]   --->   Operation 1089 'specfucore' 'specfucore_ln124' <Predicate = true> <Delay = 0.00>
ST_9 : Operation 1090 [1/4] (1.90ns)   --->   "%prod_79 = hmul i16 %xv, i16 %wv_80" [../gen/Hls_Layers_UpConv.tpp:125]   --->   Operation 1090 'hmul' 'prod_79' <Predicate = true> <Delay = 1.90> <CoreInst = "HMul_nodsp">   --->   Core 58 'HMul_nodsp' <Latency = 3> <II = 1> <Delay = 1.90> <FuncUnit> <Opcode : 'hmul'> <InPorts = 2> <OutPorts = 1>
ST_9 : Operation 1091 [1/1] (0.00ns)   --->   "%specfucore_ln124 = specfucore void @_ssdm_op_SpecFUCore, i16 %prod_79, i64 536, i64 4, i64 18446744073709551615" [../gen/Hls_Layers_UpConv.tpp:124]   --->   Operation 1091 'specfucore' 'specfucore_ln124' <Predicate = true> <Delay = 0.00>
ST_9 : Operation 1092 [1/4] (1.90ns)   --->   "%prod_80 = hmul i16 %xv_1, i16 %wv_81" [../gen/Hls_Layers_UpConv.tpp:125]   --->   Operation 1092 'hmul' 'prod_80' <Predicate = true> <Delay = 1.90> <CoreInst = "HMul_nodsp">   --->   Core 58 'HMul_nodsp' <Latency = 3> <II = 1> <Delay = 1.90> <FuncUnit> <Opcode : 'hmul'> <InPorts = 2> <OutPorts = 1>
ST_9 : Operation 1093 [1/1] (0.00ns)   --->   "%specfucore_ln124 = specfucore void @_ssdm_op_SpecFUCore, i16 %prod_80, i64 536, i64 4, i64 18446744073709551615" [../gen/Hls_Layers_UpConv.tpp:124]   --->   Operation 1093 'specfucore' 'specfucore_ln124' <Predicate = true> <Delay = 0.00>
ST_9 : Operation 1094 [1/4] (1.90ns)   --->   "%prod_81 = hmul i16 %xv_2, i16 %wv_82" [../gen/Hls_Layers_UpConv.tpp:125]   --->   Operation 1094 'hmul' 'prod_81' <Predicate = true> <Delay = 1.90> <CoreInst = "HMul_nodsp">   --->   Core 58 'HMul_nodsp' <Latency = 3> <II = 1> <Delay = 1.90> <FuncUnit> <Opcode : 'hmul'> <InPorts = 2> <OutPorts = 1>
ST_9 : Operation 1095 [1/1] (0.00ns)   --->   "%specfucore_ln124 = specfucore void @_ssdm_op_SpecFUCore, i16 %prod_81, i64 536, i64 4, i64 18446744073709551615" [../gen/Hls_Layers_UpConv.tpp:124]   --->   Operation 1095 'specfucore' 'specfucore_ln124' <Predicate = true> <Delay = 0.00>
ST_9 : Operation 1096 [1/4] (1.90ns)   --->   "%prod_82 = hmul i16 %xv_3, i16 %wv_83" [../gen/Hls_Layers_UpConv.tpp:125]   --->   Operation 1096 'hmul' 'prod_82' <Predicate = true> <Delay = 1.90> <CoreInst = "HMul_nodsp">   --->   Core 58 'HMul_nodsp' <Latency = 3> <II = 1> <Delay = 1.90> <FuncUnit> <Opcode : 'hmul'> <InPorts = 2> <OutPorts = 1>
ST_9 : Operation 1097 [1/1] (0.00ns)   --->   "%specfucore_ln124 = specfucore void @_ssdm_op_SpecFUCore, i16 %prod_82, i64 536, i64 4, i64 18446744073709551615" [../gen/Hls_Layers_UpConv.tpp:124]   --->   Operation 1097 'specfucore' 'specfucore_ln124' <Predicate = true> <Delay = 0.00>
ST_9 : Operation 1098 [1/4] (1.90ns)   --->   "%prod_83 = hmul i16 %xv_4, i16 %wv_84" [../gen/Hls_Layers_UpConv.tpp:125]   --->   Operation 1098 'hmul' 'prod_83' <Predicate = true> <Delay = 1.90> <CoreInst = "HMul_nodsp">   --->   Core 58 'HMul_nodsp' <Latency = 3> <II = 1> <Delay = 1.90> <FuncUnit> <Opcode : 'hmul'> <InPorts = 2> <OutPorts = 1>
ST_9 : Operation 1099 [1/1] (0.00ns)   --->   "%specfucore_ln124 = specfucore void @_ssdm_op_SpecFUCore, i16 %prod_83, i64 536, i64 4, i64 18446744073709551615" [../gen/Hls_Layers_UpConv.tpp:124]   --->   Operation 1099 'specfucore' 'specfucore_ln124' <Predicate = true> <Delay = 0.00>
ST_9 : Operation 1100 [1/4] (1.90ns)   --->   "%prod_84 = hmul i16 %xv_5, i16 %wv_85" [../gen/Hls_Layers_UpConv.tpp:125]   --->   Operation 1100 'hmul' 'prod_84' <Predicate = true> <Delay = 1.90> <CoreInst = "HMul_nodsp">   --->   Core 58 'HMul_nodsp' <Latency = 3> <II = 1> <Delay = 1.90> <FuncUnit> <Opcode : 'hmul'> <InPorts = 2> <OutPorts = 1>
ST_9 : Operation 1101 [1/1] (0.00ns)   --->   "%specfucore_ln124 = specfucore void @_ssdm_op_SpecFUCore, i16 %prod_84, i64 536, i64 4, i64 18446744073709551615" [../gen/Hls_Layers_UpConv.tpp:124]   --->   Operation 1101 'specfucore' 'specfucore_ln124' <Predicate = true> <Delay = 0.00>
ST_9 : Operation 1102 [1/4] (1.90ns)   --->   "%prod_85 = hmul i16 %xv_6, i16 %wv_86" [../gen/Hls_Layers_UpConv.tpp:125]   --->   Operation 1102 'hmul' 'prod_85' <Predicate = true> <Delay = 1.90> <CoreInst = "HMul_nodsp">   --->   Core 58 'HMul_nodsp' <Latency = 3> <II = 1> <Delay = 1.90> <FuncUnit> <Opcode : 'hmul'> <InPorts = 2> <OutPorts = 1>
ST_9 : Operation 1103 [1/1] (0.00ns)   --->   "%specfucore_ln124 = specfucore void @_ssdm_op_SpecFUCore, i16 %prod_85, i64 536, i64 4, i64 18446744073709551615" [../gen/Hls_Layers_UpConv.tpp:124]   --->   Operation 1103 'specfucore' 'specfucore_ln124' <Predicate = true> <Delay = 0.00>
ST_9 : Operation 1104 [1/4] (1.90ns)   --->   "%prod_86 = hmul i16 %xv_7, i16 %wv_87" [../gen/Hls_Layers_UpConv.tpp:125]   --->   Operation 1104 'hmul' 'prod_86' <Predicate = true> <Delay = 1.90> <CoreInst = "HMul_nodsp">   --->   Core 58 'HMul_nodsp' <Latency = 3> <II = 1> <Delay = 1.90> <FuncUnit> <Opcode : 'hmul'> <InPorts = 2> <OutPorts = 1>
ST_9 : Operation 1105 [1/1] (0.00ns)   --->   "%specfucore_ln124 = specfucore void @_ssdm_op_SpecFUCore, i16 %prod_86, i64 536, i64 4, i64 18446744073709551615" [../gen/Hls_Layers_UpConv.tpp:124]   --->   Operation 1105 'specfucore' 'specfucore_ln124' <Predicate = true> <Delay = 0.00>
ST_9 : Operation 1106 [1/4] (1.90ns)   --->   "%prod_87 = hmul i16 %xv_8, i16 %wv_88" [../gen/Hls_Layers_UpConv.tpp:125]   --->   Operation 1106 'hmul' 'prod_87' <Predicate = true> <Delay = 1.90> <CoreInst = "HMul_nodsp">   --->   Core 58 'HMul_nodsp' <Latency = 3> <II = 1> <Delay = 1.90> <FuncUnit> <Opcode : 'hmul'> <InPorts = 2> <OutPorts = 1>
ST_9 : Operation 1107 [1/1] (0.00ns)   --->   "%specfucore_ln124 = specfucore void @_ssdm_op_SpecFUCore, i16 %prod_87, i64 536, i64 4, i64 18446744073709551615" [../gen/Hls_Layers_UpConv.tpp:124]   --->   Operation 1107 'specfucore' 'specfucore_ln124' <Predicate = true> <Delay = 0.00>
ST_9 : Operation 1108 [1/4] (1.90ns)   --->   "%prod_88 = hmul i16 %xv_9, i16 %wv_89" [../gen/Hls_Layers_UpConv.tpp:125]   --->   Operation 1108 'hmul' 'prod_88' <Predicate = true> <Delay = 1.90> <CoreInst = "HMul_nodsp">   --->   Core 58 'HMul_nodsp' <Latency = 3> <II = 1> <Delay = 1.90> <FuncUnit> <Opcode : 'hmul'> <InPorts = 2> <OutPorts = 1>
ST_9 : Operation 1109 [1/1] (0.00ns)   --->   "%specfucore_ln124 = specfucore void @_ssdm_op_SpecFUCore, i16 %prod_88, i64 536, i64 4, i64 18446744073709551615" [../gen/Hls_Layers_UpConv.tpp:124]   --->   Operation 1109 'specfucore' 'specfucore_ln124' <Predicate = true> <Delay = 0.00>
ST_9 : Operation 1110 [1/4] (1.90ns)   --->   "%prod_89 = hmul i16 %xv_10, i16 %wv_90" [../gen/Hls_Layers_UpConv.tpp:125]   --->   Operation 1110 'hmul' 'prod_89' <Predicate = true> <Delay = 1.90> <CoreInst = "HMul_nodsp">   --->   Core 58 'HMul_nodsp' <Latency = 3> <II = 1> <Delay = 1.90> <FuncUnit> <Opcode : 'hmul'> <InPorts = 2> <OutPorts = 1>
ST_9 : Operation 1111 [1/1] (0.00ns)   --->   "%specfucore_ln124 = specfucore void @_ssdm_op_SpecFUCore, i16 %prod_89, i64 536, i64 4, i64 18446744073709551615" [../gen/Hls_Layers_UpConv.tpp:124]   --->   Operation 1111 'specfucore' 'specfucore_ln124' <Predicate = true> <Delay = 0.00>
ST_9 : Operation 1112 [1/4] (1.90ns)   --->   "%prod_90 = hmul i16 %xv_11, i16 %wv_91" [../gen/Hls_Layers_UpConv.tpp:125]   --->   Operation 1112 'hmul' 'prod_90' <Predicate = true> <Delay = 1.90> <CoreInst = "HMul_nodsp">   --->   Core 58 'HMul_nodsp' <Latency = 3> <II = 1> <Delay = 1.90> <FuncUnit> <Opcode : 'hmul'> <InPorts = 2> <OutPorts = 1>
ST_9 : Operation 1113 [1/1] (0.00ns)   --->   "%specfucore_ln124 = specfucore void @_ssdm_op_SpecFUCore, i16 %prod_90, i64 536, i64 4, i64 18446744073709551615" [../gen/Hls_Layers_UpConv.tpp:124]   --->   Operation 1113 'specfucore' 'specfucore_ln124' <Predicate = true> <Delay = 0.00>
ST_9 : Operation 1114 [1/4] (1.90ns)   --->   "%prod_91 = hmul i16 %xv_12, i16 %wv_92" [../gen/Hls_Layers_UpConv.tpp:125]   --->   Operation 1114 'hmul' 'prod_91' <Predicate = true> <Delay = 1.90> <CoreInst = "HMul_nodsp">   --->   Core 58 'HMul_nodsp' <Latency = 3> <II = 1> <Delay = 1.90> <FuncUnit> <Opcode : 'hmul'> <InPorts = 2> <OutPorts = 1>
ST_9 : Operation 1115 [1/1] (0.00ns)   --->   "%specfucore_ln124 = specfucore void @_ssdm_op_SpecFUCore, i16 %prod_91, i64 536, i64 4, i64 18446744073709551615" [../gen/Hls_Layers_UpConv.tpp:124]   --->   Operation 1115 'specfucore' 'specfucore_ln124' <Predicate = true> <Delay = 0.00>
ST_9 : Operation 1116 [1/4] (1.90ns)   --->   "%prod_92 = hmul i16 %xv_13, i16 %wv_93" [../gen/Hls_Layers_UpConv.tpp:125]   --->   Operation 1116 'hmul' 'prod_92' <Predicate = true> <Delay = 1.90> <CoreInst = "HMul_nodsp">   --->   Core 58 'HMul_nodsp' <Latency = 3> <II = 1> <Delay = 1.90> <FuncUnit> <Opcode : 'hmul'> <InPorts = 2> <OutPorts = 1>
ST_9 : Operation 1117 [1/1] (0.00ns)   --->   "%specfucore_ln124 = specfucore void @_ssdm_op_SpecFUCore, i16 %prod_92, i64 536, i64 4, i64 18446744073709551615" [../gen/Hls_Layers_UpConv.tpp:124]   --->   Operation 1117 'specfucore' 'specfucore_ln124' <Predicate = true> <Delay = 0.00>
ST_9 : Operation 1118 [1/4] (1.90ns)   --->   "%prod_93 = hmul i16 %xv_14, i16 %wv_94" [../gen/Hls_Layers_UpConv.tpp:125]   --->   Operation 1118 'hmul' 'prod_93' <Predicate = true> <Delay = 1.90> <CoreInst = "HMul_nodsp">   --->   Core 58 'HMul_nodsp' <Latency = 3> <II = 1> <Delay = 1.90> <FuncUnit> <Opcode : 'hmul'> <InPorts = 2> <OutPorts = 1>
ST_9 : Operation 1119 [1/1] (0.00ns)   --->   "%specfucore_ln124 = specfucore void @_ssdm_op_SpecFUCore, i16 %prod_93, i64 536, i64 4, i64 18446744073709551615" [../gen/Hls_Layers_UpConv.tpp:124]   --->   Operation 1119 'specfucore' 'specfucore_ln124' <Predicate = true> <Delay = 0.00>
ST_9 : Operation 1120 [1/4] (1.90ns)   --->   "%prod_94 = hmul i16 %xv_15, i16 %wv_95" [../gen/Hls_Layers_UpConv.tpp:125]   --->   Operation 1120 'hmul' 'prod_94' <Predicate = true> <Delay = 1.90> <CoreInst = "HMul_nodsp">   --->   Core 58 'HMul_nodsp' <Latency = 3> <II = 1> <Delay = 1.90> <FuncUnit> <Opcode : 'hmul'> <InPorts = 2> <OutPorts = 1>
ST_9 : Operation 1121 [1/1] (0.00ns)   --->   "%specfucore_ln124 = specfucore void @_ssdm_op_SpecFUCore, i16 %prod_94, i64 536, i64 4, i64 18446744073709551615" [../gen/Hls_Layers_UpConv.tpp:124]   --->   Operation 1121 'specfucore' 'specfucore_ln124' <Predicate = true> <Delay = 0.00>
ST_9 : Operation 1122 [1/4] (1.90ns)   --->   "%prod_95 = hmul i16 %xv, i16 %wv_96" [../gen/Hls_Layers_UpConv.tpp:125]   --->   Operation 1122 'hmul' 'prod_95' <Predicate = true> <Delay = 1.90> <CoreInst = "HMul_nodsp">   --->   Core 58 'HMul_nodsp' <Latency = 3> <II = 1> <Delay = 1.90> <FuncUnit> <Opcode : 'hmul'> <InPorts = 2> <OutPorts = 1>
ST_9 : Operation 1123 [1/1] (0.00ns)   --->   "%specfucore_ln124 = specfucore void @_ssdm_op_SpecFUCore, i16 %prod_95, i64 536, i64 4, i64 18446744073709551615" [../gen/Hls_Layers_UpConv.tpp:124]   --->   Operation 1123 'specfucore' 'specfucore_ln124' <Predicate = true> <Delay = 0.00>
ST_9 : Operation 1124 [1/4] (1.90ns)   --->   "%prod_96 = hmul i16 %xv_1, i16 %wv_97" [../gen/Hls_Layers_UpConv.tpp:125]   --->   Operation 1124 'hmul' 'prod_96' <Predicate = true> <Delay = 1.90> <CoreInst = "HMul_nodsp">   --->   Core 58 'HMul_nodsp' <Latency = 3> <II = 1> <Delay = 1.90> <FuncUnit> <Opcode : 'hmul'> <InPorts = 2> <OutPorts = 1>
ST_9 : Operation 1125 [1/1] (0.00ns)   --->   "%specfucore_ln124 = specfucore void @_ssdm_op_SpecFUCore, i16 %prod_96, i64 536, i64 4, i64 18446744073709551615" [../gen/Hls_Layers_UpConv.tpp:124]   --->   Operation 1125 'specfucore' 'specfucore_ln124' <Predicate = true> <Delay = 0.00>
ST_9 : Operation 1126 [1/4] (1.90ns)   --->   "%prod_97 = hmul i16 %xv_2, i16 %wv_98" [../gen/Hls_Layers_UpConv.tpp:125]   --->   Operation 1126 'hmul' 'prod_97' <Predicate = true> <Delay = 1.90> <CoreInst = "HMul_nodsp">   --->   Core 58 'HMul_nodsp' <Latency = 3> <II = 1> <Delay = 1.90> <FuncUnit> <Opcode : 'hmul'> <InPorts = 2> <OutPorts = 1>
ST_9 : Operation 1127 [1/1] (0.00ns)   --->   "%specfucore_ln124 = specfucore void @_ssdm_op_SpecFUCore, i16 %prod_97, i64 536, i64 4, i64 18446744073709551615" [../gen/Hls_Layers_UpConv.tpp:124]   --->   Operation 1127 'specfucore' 'specfucore_ln124' <Predicate = true> <Delay = 0.00>
ST_9 : Operation 1128 [1/4] (1.90ns)   --->   "%prod_98 = hmul i16 %xv_3, i16 %wv_99" [../gen/Hls_Layers_UpConv.tpp:125]   --->   Operation 1128 'hmul' 'prod_98' <Predicate = true> <Delay = 1.90> <CoreInst = "HMul_nodsp">   --->   Core 58 'HMul_nodsp' <Latency = 3> <II = 1> <Delay = 1.90> <FuncUnit> <Opcode : 'hmul'> <InPorts = 2> <OutPorts = 1>
ST_9 : Operation 1129 [1/1] (0.00ns)   --->   "%specfucore_ln124 = specfucore void @_ssdm_op_SpecFUCore, i16 %prod_98, i64 536, i64 4, i64 18446744073709551615" [../gen/Hls_Layers_UpConv.tpp:124]   --->   Operation 1129 'specfucore' 'specfucore_ln124' <Predicate = true> <Delay = 0.00>
ST_9 : Operation 1130 [1/4] (1.90ns)   --->   "%prod_99 = hmul i16 %xv_4, i16 %wv_100" [../gen/Hls_Layers_UpConv.tpp:125]   --->   Operation 1130 'hmul' 'prod_99' <Predicate = true> <Delay = 1.90> <CoreInst = "HMul_nodsp">   --->   Core 58 'HMul_nodsp' <Latency = 3> <II = 1> <Delay = 1.90> <FuncUnit> <Opcode : 'hmul'> <InPorts = 2> <OutPorts = 1>
ST_9 : Operation 1131 [1/1] (0.00ns)   --->   "%specfucore_ln124 = specfucore void @_ssdm_op_SpecFUCore, i16 %prod_99, i64 536, i64 4, i64 18446744073709551615" [../gen/Hls_Layers_UpConv.tpp:124]   --->   Operation 1131 'specfucore' 'specfucore_ln124' <Predicate = true> <Delay = 0.00>
ST_9 : Operation 1132 [1/4] (1.90ns)   --->   "%prod_100 = hmul i16 %xv_5, i16 %wv_101" [../gen/Hls_Layers_UpConv.tpp:125]   --->   Operation 1132 'hmul' 'prod_100' <Predicate = true> <Delay = 1.90> <CoreInst = "HMul_nodsp">   --->   Core 58 'HMul_nodsp' <Latency = 3> <II = 1> <Delay = 1.90> <FuncUnit> <Opcode : 'hmul'> <InPorts = 2> <OutPorts = 1>
ST_9 : Operation 1133 [1/1] (0.00ns)   --->   "%specfucore_ln124 = specfucore void @_ssdm_op_SpecFUCore, i16 %prod_100, i64 536, i64 4, i64 18446744073709551615" [../gen/Hls_Layers_UpConv.tpp:124]   --->   Operation 1133 'specfucore' 'specfucore_ln124' <Predicate = true> <Delay = 0.00>
ST_9 : Operation 1134 [1/4] (1.90ns)   --->   "%prod_101 = hmul i16 %xv_6, i16 %wv_102" [../gen/Hls_Layers_UpConv.tpp:125]   --->   Operation 1134 'hmul' 'prod_101' <Predicate = true> <Delay = 1.90> <CoreInst = "HMul_nodsp">   --->   Core 58 'HMul_nodsp' <Latency = 3> <II = 1> <Delay = 1.90> <FuncUnit> <Opcode : 'hmul'> <InPorts = 2> <OutPorts = 1>
ST_9 : Operation 1135 [1/1] (0.00ns)   --->   "%specfucore_ln124 = specfucore void @_ssdm_op_SpecFUCore, i16 %prod_101, i64 536, i64 4, i64 18446744073709551615" [../gen/Hls_Layers_UpConv.tpp:124]   --->   Operation 1135 'specfucore' 'specfucore_ln124' <Predicate = true> <Delay = 0.00>
ST_9 : Operation 1136 [1/4] (1.90ns)   --->   "%prod_102 = hmul i16 %xv_7, i16 %wv_103" [../gen/Hls_Layers_UpConv.tpp:125]   --->   Operation 1136 'hmul' 'prod_102' <Predicate = true> <Delay = 1.90> <CoreInst = "HMul_nodsp">   --->   Core 58 'HMul_nodsp' <Latency = 3> <II = 1> <Delay = 1.90> <FuncUnit> <Opcode : 'hmul'> <InPorts = 2> <OutPorts = 1>
ST_9 : Operation 1137 [1/1] (0.00ns)   --->   "%specfucore_ln124 = specfucore void @_ssdm_op_SpecFUCore, i16 %prod_102, i64 536, i64 4, i64 18446744073709551615" [../gen/Hls_Layers_UpConv.tpp:124]   --->   Operation 1137 'specfucore' 'specfucore_ln124' <Predicate = true> <Delay = 0.00>
ST_9 : Operation 1138 [1/4] (1.90ns)   --->   "%prod_103 = hmul i16 %xv_8, i16 %wv_104" [../gen/Hls_Layers_UpConv.tpp:125]   --->   Operation 1138 'hmul' 'prod_103' <Predicate = true> <Delay = 1.90> <CoreInst = "HMul_nodsp">   --->   Core 58 'HMul_nodsp' <Latency = 3> <II = 1> <Delay = 1.90> <FuncUnit> <Opcode : 'hmul'> <InPorts = 2> <OutPorts = 1>
ST_9 : Operation 1139 [1/1] (0.00ns)   --->   "%specfucore_ln124 = specfucore void @_ssdm_op_SpecFUCore, i16 %prod_103, i64 536, i64 4, i64 18446744073709551615" [../gen/Hls_Layers_UpConv.tpp:124]   --->   Operation 1139 'specfucore' 'specfucore_ln124' <Predicate = true> <Delay = 0.00>
ST_9 : Operation 1140 [1/4] (1.90ns)   --->   "%prod_104 = hmul i16 %xv_9, i16 %wv_105" [../gen/Hls_Layers_UpConv.tpp:125]   --->   Operation 1140 'hmul' 'prod_104' <Predicate = true> <Delay = 1.90> <CoreInst = "HMul_nodsp">   --->   Core 58 'HMul_nodsp' <Latency = 3> <II = 1> <Delay = 1.90> <FuncUnit> <Opcode : 'hmul'> <InPorts = 2> <OutPorts = 1>
ST_9 : Operation 1141 [1/1] (0.00ns)   --->   "%specfucore_ln124 = specfucore void @_ssdm_op_SpecFUCore, i16 %prod_104, i64 536, i64 4, i64 18446744073709551615" [../gen/Hls_Layers_UpConv.tpp:124]   --->   Operation 1141 'specfucore' 'specfucore_ln124' <Predicate = true> <Delay = 0.00>
ST_9 : Operation 1142 [1/4] (1.90ns)   --->   "%prod_105 = hmul i16 %xv_10, i16 %wv_106" [../gen/Hls_Layers_UpConv.tpp:125]   --->   Operation 1142 'hmul' 'prod_105' <Predicate = true> <Delay = 1.90> <CoreInst = "HMul_nodsp">   --->   Core 58 'HMul_nodsp' <Latency = 3> <II = 1> <Delay = 1.90> <FuncUnit> <Opcode : 'hmul'> <InPorts = 2> <OutPorts = 1>
ST_9 : Operation 1143 [1/1] (0.00ns)   --->   "%specfucore_ln124 = specfucore void @_ssdm_op_SpecFUCore, i16 %prod_105, i64 536, i64 4, i64 18446744073709551615" [../gen/Hls_Layers_UpConv.tpp:124]   --->   Operation 1143 'specfucore' 'specfucore_ln124' <Predicate = true> <Delay = 0.00>
ST_9 : Operation 1144 [1/4] (1.90ns)   --->   "%prod_106 = hmul i16 %xv_11, i16 %wv_107" [../gen/Hls_Layers_UpConv.tpp:125]   --->   Operation 1144 'hmul' 'prod_106' <Predicate = true> <Delay = 1.90> <CoreInst = "HMul_nodsp">   --->   Core 58 'HMul_nodsp' <Latency = 3> <II = 1> <Delay = 1.90> <FuncUnit> <Opcode : 'hmul'> <InPorts = 2> <OutPorts = 1>
ST_9 : Operation 1145 [1/1] (0.00ns)   --->   "%specfucore_ln124 = specfucore void @_ssdm_op_SpecFUCore, i16 %prod_106, i64 536, i64 4, i64 18446744073709551615" [../gen/Hls_Layers_UpConv.tpp:124]   --->   Operation 1145 'specfucore' 'specfucore_ln124' <Predicate = true> <Delay = 0.00>
ST_9 : Operation 1146 [1/4] (1.90ns)   --->   "%prod_107 = hmul i16 %xv_12, i16 %wv_108" [../gen/Hls_Layers_UpConv.tpp:125]   --->   Operation 1146 'hmul' 'prod_107' <Predicate = true> <Delay = 1.90> <CoreInst = "HMul_nodsp">   --->   Core 58 'HMul_nodsp' <Latency = 3> <II = 1> <Delay = 1.90> <FuncUnit> <Opcode : 'hmul'> <InPorts = 2> <OutPorts = 1>
ST_9 : Operation 1147 [1/1] (0.00ns)   --->   "%specfucore_ln124 = specfucore void @_ssdm_op_SpecFUCore, i16 %prod_107, i64 536, i64 4, i64 18446744073709551615" [../gen/Hls_Layers_UpConv.tpp:124]   --->   Operation 1147 'specfucore' 'specfucore_ln124' <Predicate = true> <Delay = 0.00>
ST_9 : Operation 1148 [1/4] (1.90ns)   --->   "%prod_108 = hmul i16 %xv_13, i16 %wv_109" [../gen/Hls_Layers_UpConv.tpp:125]   --->   Operation 1148 'hmul' 'prod_108' <Predicate = true> <Delay = 1.90> <CoreInst = "HMul_nodsp">   --->   Core 58 'HMul_nodsp' <Latency = 3> <II = 1> <Delay = 1.90> <FuncUnit> <Opcode : 'hmul'> <InPorts = 2> <OutPorts = 1>
ST_9 : Operation 1149 [1/1] (0.00ns)   --->   "%specfucore_ln124 = specfucore void @_ssdm_op_SpecFUCore, i16 %prod_108, i64 536, i64 4, i64 18446744073709551615" [../gen/Hls_Layers_UpConv.tpp:124]   --->   Operation 1149 'specfucore' 'specfucore_ln124' <Predicate = true> <Delay = 0.00>
ST_9 : Operation 1150 [1/4] (1.90ns)   --->   "%prod_109 = hmul i16 %xv_14, i16 %wv_110" [../gen/Hls_Layers_UpConv.tpp:125]   --->   Operation 1150 'hmul' 'prod_109' <Predicate = true> <Delay = 1.90> <CoreInst = "HMul_nodsp">   --->   Core 58 'HMul_nodsp' <Latency = 3> <II = 1> <Delay = 1.90> <FuncUnit> <Opcode : 'hmul'> <InPorts = 2> <OutPorts = 1>
ST_9 : Operation 1151 [1/1] (0.00ns)   --->   "%specfucore_ln124 = specfucore void @_ssdm_op_SpecFUCore, i16 %prod_109, i64 536, i64 4, i64 18446744073709551615" [../gen/Hls_Layers_UpConv.tpp:124]   --->   Operation 1151 'specfucore' 'specfucore_ln124' <Predicate = true> <Delay = 0.00>
ST_9 : Operation 1152 [1/4] (1.90ns)   --->   "%prod_110 = hmul i16 %xv_15, i16 %wv_111" [../gen/Hls_Layers_UpConv.tpp:125]   --->   Operation 1152 'hmul' 'prod_110' <Predicate = true> <Delay = 1.90> <CoreInst = "HMul_nodsp">   --->   Core 58 'HMul_nodsp' <Latency = 3> <II = 1> <Delay = 1.90> <FuncUnit> <Opcode : 'hmul'> <InPorts = 2> <OutPorts = 1>
ST_9 : Operation 1153 [1/1] (0.00ns)   --->   "%specfucore_ln124 = specfucore void @_ssdm_op_SpecFUCore, i16 %prod_110, i64 536, i64 4, i64 18446744073709551615" [../gen/Hls_Layers_UpConv.tpp:124]   --->   Operation 1153 'specfucore' 'specfucore_ln124' <Predicate = true> <Delay = 0.00>
ST_9 : Operation 1154 [1/4] (1.90ns)   --->   "%prod_111 = hmul i16 %xv, i16 %wv_112" [../gen/Hls_Layers_UpConv.tpp:125]   --->   Operation 1154 'hmul' 'prod_111' <Predicate = true> <Delay = 1.90> <CoreInst = "HMul_nodsp">   --->   Core 58 'HMul_nodsp' <Latency = 3> <II = 1> <Delay = 1.90> <FuncUnit> <Opcode : 'hmul'> <InPorts = 2> <OutPorts = 1>
ST_9 : Operation 1155 [1/1] (0.00ns)   --->   "%specfucore_ln124 = specfucore void @_ssdm_op_SpecFUCore, i16 %prod_111, i64 536, i64 4, i64 18446744073709551615" [../gen/Hls_Layers_UpConv.tpp:124]   --->   Operation 1155 'specfucore' 'specfucore_ln124' <Predicate = true> <Delay = 0.00>
ST_9 : Operation 1156 [1/4] (1.90ns)   --->   "%prod_112 = hmul i16 %xv_1, i16 %wv_113" [../gen/Hls_Layers_UpConv.tpp:125]   --->   Operation 1156 'hmul' 'prod_112' <Predicate = true> <Delay = 1.90> <CoreInst = "HMul_nodsp">   --->   Core 58 'HMul_nodsp' <Latency = 3> <II = 1> <Delay = 1.90> <FuncUnit> <Opcode : 'hmul'> <InPorts = 2> <OutPorts = 1>
ST_9 : Operation 1157 [1/1] (0.00ns)   --->   "%specfucore_ln124 = specfucore void @_ssdm_op_SpecFUCore, i16 %prod_112, i64 536, i64 4, i64 18446744073709551615" [../gen/Hls_Layers_UpConv.tpp:124]   --->   Operation 1157 'specfucore' 'specfucore_ln124' <Predicate = true> <Delay = 0.00>
ST_9 : Operation 1158 [1/4] (1.90ns)   --->   "%prod_113 = hmul i16 %xv_2, i16 %wv_114" [../gen/Hls_Layers_UpConv.tpp:125]   --->   Operation 1158 'hmul' 'prod_113' <Predicate = true> <Delay = 1.90> <CoreInst = "HMul_nodsp">   --->   Core 58 'HMul_nodsp' <Latency = 3> <II = 1> <Delay = 1.90> <FuncUnit> <Opcode : 'hmul'> <InPorts = 2> <OutPorts = 1>
ST_9 : Operation 1159 [1/1] (0.00ns)   --->   "%specfucore_ln124 = specfucore void @_ssdm_op_SpecFUCore, i16 %prod_113, i64 536, i64 4, i64 18446744073709551615" [../gen/Hls_Layers_UpConv.tpp:124]   --->   Operation 1159 'specfucore' 'specfucore_ln124' <Predicate = true> <Delay = 0.00>
ST_9 : Operation 1160 [1/4] (1.90ns)   --->   "%prod_114 = hmul i16 %xv_3, i16 %wv_115" [../gen/Hls_Layers_UpConv.tpp:125]   --->   Operation 1160 'hmul' 'prod_114' <Predicate = true> <Delay = 1.90> <CoreInst = "HMul_nodsp">   --->   Core 58 'HMul_nodsp' <Latency = 3> <II = 1> <Delay = 1.90> <FuncUnit> <Opcode : 'hmul'> <InPorts = 2> <OutPorts = 1>
ST_9 : Operation 1161 [1/1] (0.00ns)   --->   "%specfucore_ln124 = specfucore void @_ssdm_op_SpecFUCore, i16 %prod_114, i64 536, i64 4, i64 18446744073709551615" [../gen/Hls_Layers_UpConv.tpp:124]   --->   Operation 1161 'specfucore' 'specfucore_ln124' <Predicate = true> <Delay = 0.00>
ST_9 : Operation 1162 [1/4] (1.90ns)   --->   "%prod_115 = hmul i16 %xv_4, i16 %wv_116" [../gen/Hls_Layers_UpConv.tpp:125]   --->   Operation 1162 'hmul' 'prod_115' <Predicate = true> <Delay = 1.90> <CoreInst = "HMul_nodsp">   --->   Core 58 'HMul_nodsp' <Latency = 3> <II = 1> <Delay = 1.90> <FuncUnit> <Opcode : 'hmul'> <InPorts = 2> <OutPorts = 1>
ST_9 : Operation 1163 [1/1] (0.00ns)   --->   "%specfucore_ln124 = specfucore void @_ssdm_op_SpecFUCore, i16 %prod_115, i64 536, i64 4, i64 18446744073709551615" [../gen/Hls_Layers_UpConv.tpp:124]   --->   Operation 1163 'specfucore' 'specfucore_ln124' <Predicate = true> <Delay = 0.00>
ST_9 : Operation 1164 [1/4] (1.90ns)   --->   "%prod_116 = hmul i16 %xv_5, i16 %wv_117" [../gen/Hls_Layers_UpConv.tpp:125]   --->   Operation 1164 'hmul' 'prod_116' <Predicate = true> <Delay = 1.90> <CoreInst = "HMul_nodsp">   --->   Core 58 'HMul_nodsp' <Latency = 3> <II = 1> <Delay = 1.90> <FuncUnit> <Opcode : 'hmul'> <InPorts = 2> <OutPorts = 1>
ST_9 : Operation 1165 [1/1] (0.00ns)   --->   "%specfucore_ln124 = specfucore void @_ssdm_op_SpecFUCore, i16 %prod_116, i64 536, i64 4, i64 18446744073709551615" [../gen/Hls_Layers_UpConv.tpp:124]   --->   Operation 1165 'specfucore' 'specfucore_ln124' <Predicate = true> <Delay = 0.00>
ST_9 : Operation 1166 [1/4] (1.90ns)   --->   "%prod_117 = hmul i16 %xv_6, i16 %wv_118" [../gen/Hls_Layers_UpConv.tpp:125]   --->   Operation 1166 'hmul' 'prod_117' <Predicate = true> <Delay = 1.90> <CoreInst = "HMul_nodsp">   --->   Core 58 'HMul_nodsp' <Latency = 3> <II = 1> <Delay = 1.90> <FuncUnit> <Opcode : 'hmul'> <InPorts = 2> <OutPorts = 1>
ST_9 : Operation 1167 [1/1] (0.00ns)   --->   "%specfucore_ln124 = specfucore void @_ssdm_op_SpecFUCore, i16 %prod_117, i64 536, i64 4, i64 18446744073709551615" [../gen/Hls_Layers_UpConv.tpp:124]   --->   Operation 1167 'specfucore' 'specfucore_ln124' <Predicate = true> <Delay = 0.00>
ST_9 : Operation 1168 [1/4] (1.90ns)   --->   "%prod_118 = hmul i16 %xv_7, i16 %wv_119" [../gen/Hls_Layers_UpConv.tpp:125]   --->   Operation 1168 'hmul' 'prod_118' <Predicate = true> <Delay = 1.90> <CoreInst = "HMul_nodsp">   --->   Core 58 'HMul_nodsp' <Latency = 3> <II = 1> <Delay = 1.90> <FuncUnit> <Opcode : 'hmul'> <InPorts = 2> <OutPorts = 1>
ST_9 : Operation 1169 [1/1] (0.00ns)   --->   "%specfucore_ln124 = specfucore void @_ssdm_op_SpecFUCore, i16 %prod_118, i64 536, i64 4, i64 18446744073709551615" [../gen/Hls_Layers_UpConv.tpp:124]   --->   Operation 1169 'specfucore' 'specfucore_ln124' <Predicate = true> <Delay = 0.00>
ST_9 : Operation 1170 [1/4] (1.90ns)   --->   "%prod_119 = hmul i16 %xv_8, i16 %wv_120" [../gen/Hls_Layers_UpConv.tpp:125]   --->   Operation 1170 'hmul' 'prod_119' <Predicate = true> <Delay = 1.90> <CoreInst = "HMul_nodsp">   --->   Core 58 'HMul_nodsp' <Latency = 3> <II = 1> <Delay = 1.90> <FuncUnit> <Opcode : 'hmul'> <InPorts = 2> <OutPorts = 1>
ST_9 : Operation 1171 [1/1] (0.00ns)   --->   "%specfucore_ln124 = specfucore void @_ssdm_op_SpecFUCore, i16 %prod_119, i64 536, i64 4, i64 18446744073709551615" [../gen/Hls_Layers_UpConv.tpp:124]   --->   Operation 1171 'specfucore' 'specfucore_ln124' <Predicate = true> <Delay = 0.00>
ST_9 : Operation 1172 [1/4] (1.90ns)   --->   "%prod_120 = hmul i16 %xv_9, i16 %wv_121" [../gen/Hls_Layers_UpConv.tpp:125]   --->   Operation 1172 'hmul' 'prod_120' <Predicate = true> <Delay = 1.90> <CoreInst = "HMul_nodsp">   --->   Core 58 'HMul_nodsp' <Latency = 3> <II = 1> <Delay = 1.90> <FuncUnit> <Opcode : 'hmul'> <InPorts = 2> <OutPorts = 1>
ST_9 : Operation 1173 [1/1] (0.00ns)   --->   "%specfucore_ln124 = specfucore void @_ssdm_op_SpecFUCore, i16 %prod_120, i64 536, i64 4, i64 18446744073709551615" [../gen/Hls_Layers_UpConv.tpp:124]   --->   Operation 1173 'specfucore' 'specfucore_ln124' <Predicate = true> <Delay = 0.00>
ST_9 : Operation 1174 [1/4] (1.90ns)   --->   "%prod_121 = hmul i16 %xv_10, i16 %wv_122" [../gen/Hls_Layers_UpConv.tpp:125]   --->   Operation 1174 'hmul' 'prod_121' <Predicate = true> <Delay = 1.90> <CoreInst = "HMul_nodsp">   --->   Core 58 'HMul_nodsp' <Latency = 3> <II = 1> <Delay = 1.90> <FuncUnit> <Opcode : 'hmul'> <InPorts = 2> <OutPorts = 1>
ST_9 : Operation 1175 [1/1] (0.00ns)   --->   "%specfucore_ln124 = specfucore void @_ssdm_op_SpecFUCore, i16 %prod_121, i64 536, i64 4, i64 18446744073709551615" [../gen/Hls_Layers_UpConv.tpp:124]   --->   Operation 1175 'specfucore' 'specfucore_ln124' <Predicate = true> <Delay = 0.00>
ST_9 : Operation 1176 [1/4] (1.90ns)   --->   "%prod_122 = hmul i16 %xv_11, i16 %wv_123" [../gen/Hls_Layers_UpConv.tpp:125]   --->   Operation 1176 'hmul' 'prod_122' <Predicate = true> <Delay = 1.90> <CoreInst = "HMul_nodsp">   --->   Core 58 'HMul_nodsp' <Latency = 3> <II = 1> <Delay = 1.90> <FuncUnit> <Opcode : 'hmul'> <InPorts = 2> <OutPorts = 1>
ST_9 : Operation 1177 [1/1] (0.00ns)   --->   "%specfucore_ln124 = specfucore void @_ssdm_op_SpecFUCore, i16 %prod_122, i64 536, i64 4, i64 18446744073709551615" [../gen/Hls_Layers_UpConv.tpp:124]   --->   Operation 1177 'specfucore' 'specfucore_ln124' <Predicate = true> <Delay = 0.00>
ST_9 : Operation 1178 [1/4] (1.90ns)   --->   "%prod_123 = hmul i16 %xv_12, i16 %wv_124" [../gen/Hls_Layers_UpConv.tpp:125]   --->   Operation 1178 'hmul' 'prod_123' <Predicate = true> <Delay = 1.90> <CoreInst = "HMul_nodsp">   --->   Core 58 'HMul_nodsp' <Latency = 3> <II = 1> <Delay = 1.90> <FuncUnit> <Opcode : 'hmul'> <InPorts = 2> <OutPorts = 1>
ST_9 : Operation 1179 [1/1] (0.00ns)   --->   "%specfucore_ln124 = specfucore void @_ssdm_op_SpecFUCore, i16 %prod_123, i64 536, i64 4, i64 18446744073709551615" [../gen/Hls_Layers_UpConv.tpp:124]   --->   Operation 1179 'specfucore' 'specfucore_ln124' <Predicate = true> <Delay = 0.00>
ST_9 : Operation 1180 [1/4] (1.90ns)   --->   "%prod_124 = hmul i16 %xv_13, i16 %wv_125" [../gen/Hls_Layers_UpConv.tpp:125]   --->   Operation 1180 'hmul' 'prod_124' <Predicate = true> <Delay = 1.90> <CoreInst = "HMul_nodsp">   --->   Core 58 'HMul_nodsp' <Latency = 3> <II = 1> <Delay = 1.90> <FuncUnit> <Opcode : 'hmul'> <InPorts = 2> <OutPorts = 1>
ST_9 : Operation 1181 [1/1] (0.00ns)   --->   "%specfucore_ln124 = specfucore void @_ssdm_op_SpecFUCore, i16 %prod_124, i64 536, i64 4, i64 18446744073709551615" [../gen/Hls_Layers_UpConv.tpp:124]   --->   Operation 1181 'specfucore' 'specfucore_ln124' <Predicate = true> <Delay = 0.00>
ST_9 : Operation 1182 [1/4] (1.90ns)   --->   "%prod_125 = hmul i16 %xv_14, i16 %wv_126" [../gen/Hls_Layers_UpConv.tpp:125]   --->   Operation 1182 'hmul' 'prod_125' <Predicate = true> <Delay = 1.90> <CoreInst = "HMul_nodsp">   --->   Core 58 'HMul_nodsp' <Latency = 3> <II = 1> <Delay = 1.90> <FuncUnit> <Opcode : 'hmul'> <InPorts = 2> <OutPorts = 1>
ST_9 : Operation 1183 [1/1] (0.00ns)   --->   "%specfucore_ln124 = specfucore void @_ssdm_op_SpecFUCore, i16 %prod_125, i64 536, i64 4, i64 18446744073709551615" [../gen/Hls_Layers_UpConv.tpp:124]   --->   Operation 1183 'specfucore' 'specfucore_ln124' <Predicate = true> <Delay = 0.00>
ST_9 : Operation 1184 [1/4] (1.90ns)   --->   "%prod_126 = hmul i16 %xv_15, i16 %wv_127" [../gen/Hls_Layers_UpConv.tpp:125]   --->   Operation 1184 'hmul' 'prod_126' <Predicate = true> <Delay = 1.90> <CoreInst = "HMul_nodsp">   --->   Core 58 'HMul_nodsp' <Latency = 3> <II = 1> <Delay = 1.90> <FuncUnit> <Opcode : 'hmul'> <InPorts = 2> <OutPorts = 1>
ST_9 : Operation 1185 [1/1] (0.00ns)   --->   "%specfucore_ln124 = specfucore void @_ssdm_op_SpecFUCore, i16 %prod_126, i64 536, i64 4, i64 18446744073709551615" [../gen/Hls_Layers_UpConv.tpp:124]   --->   Operation 1185 'specfucore' 'specfucore_ln124' <Predicate = true> <Delay = 0.00>

State 10 <SV = 9> <Delay = 2.33>
ST_10 : Operation 1186 [5/5] (2.33ns)   --->   "%dot = hadd i16 %prod, i16 0" [../gen/Hls_Layers_UpConv.tpp:126]   --->   Operation 1186 'hadd' 'dot' <Predicate = true> <Delay = 2.33> <CoreInst = "HAddSub_fulldsp">   --->   Core 55 'HAddSub_fulldsp' <Latency = 4> <II = 1> <Delay = 2.33> <FuncUnit> <Opcode : 'hadd' 'hsub'> <InPorts = 2> <OutPorts = 1>
ST_10 : Operation 1187 [5/5] (2.33ns)   --->   "%dot_127 = hadd i16 %prod_127, i16 0" [../gen/Hls_Layers_UpConv.tpp:126]   --->   Operation 1187 'hadd' 'dot_127' <Predicate = true> <Delay = 2.33> <CoreInst = "HAddSub_fulldsp">   --->   Core 55 'HAddSub_fulldsp' <Latency = 4> <II = 1> <Delay = 2.33> <FuncUnit> <Opcode : 'hadd' 'hsub'> <InPorts = 2> <OutPorts = 1>
ST_10 : Operation 1188 [5/5] (2.33ns)   --->   "%dot_31 = hadd i16 %prod_31, i16 0" [../gen/Hls_Layers_UpConv.tpp:126]   --->   Operation 1188 'hadd' 'dot_31' <Predicate = true> <Delay = 2.33> <CoreInst = "HAddSub_fulldsp">   --->   Core 55 'HAddSub_fulldsp' <Latency = 4> <II = 1> <Delay = 2.33> <FuncUnit> <Opcode : 'hadd' 'hsub'> <InPorts = 2> <OutPorts = 1>
ST_10 : Operation 1189 [5/5] (2.33ns)   --->   "%dot_47 = hadd i16 %prod_47, i16 0" [../gen/Hls_Layers_UpConv.tpp:126]   --->   Operation 1189 'hadd' 'dot_47' <Predicate = true> <Delay = 2.33> <CoreInst = "HAddSub_fulldsp">   --->   Core 55 'HAddSub_fulldsp' <Latency = 4> <II = 1> <Delay = 2.33> <FuncUnit> <Opcode : 'hadd' 'hsub'> <InPorts = 2> <OutPorts = 1>
ST_10 : Operation 1190 [5/5] (2.33ns)   --->   "%dot_63 = hadd i16 %prod_63, i16 0" [../gen/Hls_Layers_UpConv.tpp:126]   --->   Operation 1190 'hadd' 'dot_63' <Predicate = true> <Delay = 2.33> <CoreInst = "HAddSub_fulldsp">   --->   Core 55 'HAddSub_fulldsp' <Latency = 4> <II = 1> <Delay = 2.33> <FuncUnit> <Opcode : 'hadd' 'hsub'> <InPorts = 2> <OutPorts = 1>
ST_10 : Operation 1191 [5/5] (2.33ns)   --->   "%dot_79 = hadd i16 %prod_79, i16 0" [../gen/Hls_Layers_UpConv.tpp:126]   --->   Operation 1191 'hadd' 'dot_79' <Predicate = true> <Delay = 2.33> <CoreInst = "HAddSub_fulldsp">   --->   Core 55 'HAddSub_fulldsp' <Latency = 4> <II = 1> <Delay = 2.33> <FuncUnit> <Opcode : 'hadd' 'hsub'> <InPorts = 2> <OutPorts = 1>
ST_10 : Operation 1192 [5/5] (2.33ns)   --->   "%dot_95 = hadd i16 %prod_95, i16 0" [../gen/Hls_Layers_UpConv.tpp:126]   --->   Operation 1192 'hadd' 'dot_95' <Predicate = true> <Delay = 2.33> <CoreInst = "HAddSub_fulldsp">   --->   Core 55 'HAddSub_fulldsp' <Latency = 4> <II = 1> <Delay = 2.33> <FuncUnit> <Opcode : 'hadd' 'hsub'> <InPorts = 2> <OutPorts = 1>
ST_10 : Operation 1193 [5/5] (2.33ns)   --->   "%dot_111 = hadd i16 %prod_111, i16 0" [../gen/Hls_Layers_UpConv.tpp:126]   --->   Operation 1193 'hadd' 'dot_111' <Predicate = true> <Delay = 2.33> <CoreInst = "HAddSub_fulldsp">   --->   Core 55 'HAddSub_fulldsp' <Latency = 4> <II = 1> <Delay = 2.33> <FuncUnit> <Opcode : 'hadd' 'hsub'> <InPorts = 2> <OutPorts = 1>

State 11 <SV = 10> <Delay = 2.33>
ST_11 : Operation 1194 [4/5] (2.33ns)   --->   "%dot = hadd i16 %prod, i16 0" [../gen/Hls_Layers_UpConv.tpp:126]   --->   Operation 1194 'hadd' 'dot' <Predicate = true> <Delay = 2.33> <CoreInst = "HAddSub_fulldsp">   --->   Core 55 'HAddSub_fulldsp' <Latency = 4> <II = 1> <Delay = 2.33> <FuncUnit> <Opcode : 'hadd' 'hsub'> <InPorts = 2> <OutPorts = 1>
ST_11 : Operation 1195 [4/5] (2.33ns)   --->   "%dot_127 = hadd i16 %prod_127, i16 0" [../gen/Hls_Layers_UpConv.tpp:126]   --->   Operation 1195 'hadd' 'dot_127' <Predicate = true> <Delay = 2.33> <CoreInst = "HAddSub_fulldsp">   --->   Core 55 'HAddSub_fulldsp' <Latency = 4> <II = 1> <Delay = 2.33> <FuncUnit> <Opcode : 'hadd' 'hsub'> <InPorts = 2> <OutPorts = 1>
ST_11 : Operation 1196 [4/5] (2.33ns)   --->   "%dot_31 = hadd i16 %prod_31, i16 0" [../gen/Hls_Layers_UpConv.tpp:126]   --->   Operation 1196 'hadd' 'dot_31' <Predicate = true> <Delay = 2.33> <CoreInst = "HAddSub_fulldsp">   --->   Core 55 'HAddSub_fulldsp' <Latency = 4> <II = 1> <Delay = 2.33> <FuncUnit> <Opcode : 'hadd' 'hsub'> <InPorts = 2> <OutPorts = 1>
ST_11 : Operation 1197 [4/5] (2.33ns)   --->   "%dot_47 = hadd i16 %prod_47, i16 0" [../gen/Hls_Layers_UpConv.tpp:126]   --->   Operation 1197 'hadd' 'dot_47' <Predicate = true> <Delay = 2.33> <CoreInst = "HAddSub_fulldsp">   --->   Core 55 'HAddSub_fulldsp' <Latency = 4> <II = 1> <Delay = 2.33> <FuncUnit> <Opcode : 'hadd' 'hsub'> <InPorts = 2> <OutPorts = 1>
ST_11 : Operation 1198 [4/5] (2.33ns)   --->   "%dot_63 = hadd i16 %prod_63, i16 0" [../gen/Hls_Layers_UpConv.tpp:126]   --->   Operation 1198 'hadd' 'dot_63' <Predicate = true> <Delay = 2.33> <CoreInst = "HAddSub_fulldsp">   --->   Core 55 'HAddSub_fulldsp' <Latency = 4> <II = 1> <Delay = 2.33> <FuncUnit> <Opcode : 'hadd' 'hsub'> <InPorts = 2> <OutPorts = 1>
ST_11 : Operation 1199 [4/5] (2.33ns)   --->   "%dot_79 = hadd i16 %prod_79, i16 0" [../gen/Hls_Layers_UpConv.tpp:126]   --->   Operation 1199 'hadd' 'dot_79' <Predicate = true> <Delay = 2.33> <CoreInst = "HAddSub_fulldsp">   --->   Core 55 'HAddSub_fulldsp' <Latency = 4> <II = 1> <Delay = 2.33> <FuncUnit> <Opcode : 'hadd' 'hsub'> <InPorts = 2> <OutPorts = 1>
ST_11 : Operation 1200 [4/5] (2.33ns)   --->   "%dot_95 = hadd i16 %prod_95, i16 0" [../gen/Hls_Layers_UpConv.tpp:126]   --->   Operation 1200 'hadd' 'dot_95' <Predicate = true> <Delay = 2.33> <CoreInst = "HAddSub_fulldsp">   --->   Core 55 'HAddSub_fulldsp' <Latency = 4> <II = 1> <Delay = 2.33> <FuncUnit> <Opcode : 'hadd' 'hsub'> <InPorts = 2> <OutPorts = 1>
ST_11 : Operation 1201 [4/5] (2.33ns)   --->   "%dot_111 = hadd i16 %prod_111, i16 0" [../gen/Hls_Layers_UpConv.tpp:126]   --->   Operation 1201 'hadd' 'dot_111' <Predicate = true> <Delay = 2.33> <CoreInst = "HAddSub_fulldsp">   --->   Core 55 'HAddSub_fulldsp' <Latency = 4> <II = 1> <Delay = 2.33> <FuncUnit> <Opcode : 'hadd' 'hsub'> <InPorts = 2> <OutPorts = 1>

State 12 <SV = 11> <Delay = 2.33>
ST_12 : Operation 1202 [3/5] (2.33ns)   --->   "%dot = hadd i16 %prod, i16 0" [../gen/Hls_Layers_UpConv.tpp:126]   --->   Operation 1202 'hadd' 'dot' <Predicate = true> <Delay = 2.33> <CoreInst = "HAddSub_fulldsp">   --->   Core 55 'HAddSub_fulldsp' <Latency = 4> <II = 1> <Delay = 2.33> <FuncUnit> <Opcode : 'hadd' 'hsub'> <InPorts = 2> <OutPorts = 1>
ST_12 : Operation 1203 [3/5] (2.33ns)   --->   "%dot_127 = hadd i16 %prod_127, i16 0" [../gen/Hls_Layers_UpConv.tpp:126]   --->   Operation 1203 'hadd' 'dot_127' <Predicate = true> <Delay = 2.33> <CoreInst = "HAddSub_fulldsp">   --->   Core 55 'HAddSub_fulldsp' <Latency = 4> <II = 1> <Delay = 2.33> <FuncUnit> <Opcode : 'hadd' 'hsub'> <InPorts = 2> <OutPorts = 1>
ST_12 : Operation 1204 [3/5] (2.33ns)   --->   "%dot_31 = hadd i16 %prod_31, i16 0" [../gen/Hls_Layers_UpConv.tpp:126]   --->   Operation 1204 'hadd' 'dot_31' <Predicate = true> <Delay = 2.33> <CoreInst = "HAddSub_fulldsp">   --->   Core 55 'HAddSub_fulldsp' <Latency = 4> <II = 1> <Delay = 2.33> <FuncUnit> <Opcode : 'hadd' 'hsub'> <InPorts = 2> <OutPorts = 1>
ST_12 : Operation 1205 [3/5] (2.33ns)   --->   "%dot_47 = hadd i16 %prod_47, i16 0" [../gen/Hls_Layers_UpConv.tpp:126]   --->   Operation 1205 'hadd' 'dot_47' <Predicate = true> <Delay = 2.33> <CoreInst = "HAddSub_fulldsp">   --->   Core 55 'HAddSub_fulldsp' <Latency = 4> <II = 1> <Delay = 2.33> <FuncUnit> <Opcode : 'hadd' 'hsub'> <InPorts = 2> <OutPorts = 1>
ST_12 : Operation 1206 [3/5] (2.33ns)   --->   "%dot_63 = hadd i16 %prod_63, i16 0" [../gen/Hls_Layers_UpConv.tpp:126]   --->   Operation 1206 'hadd' 'dot_63' <Predicate = true> <Delay = 2.33> <CoreInst = "HAddSub_fulldsp">   --->   Core 55 'HAddSub_fulldsp' <Latency = 4> <II = 1> <Delay = 2.33> <FuncUnit> <Opcode : 'hadd' 'hsub'> <InPorts = 2> <OutPorts = 1>
ST_12 : Operation 1207 [3/5] (2.33ns)   --->   "%dot_79 = hadd i16 %prod_79, i16 0" [../gen/Hls_Layers_UpConv.tpp:126]   --->   Operation 1207 'hadd' 'dot_79' <Predicate = true> <Delay = 2.33> <CoreInst = "HAddSub_fulldsp">   --->   Core 55 'HAddSub_fulldsp' <Latency = 4> <II = 1> <Delay = 2.33> <FuncUnit> <Opcode : 'hadd' 'hsub'> <InPorts = 2> <OutPorts = 1>
ST_12 : Operation 1208 [3/5] (2.33ns)   --->   "%dot_95 = hadd i16 %prod_95, i16 0" [../gen/Hls_Layers_UpConv.tpp:126]   --->   Operation 1208 'hadd' 'dot_95' <Predicate = true> <Delay = 2.33> <CoreInst = "HAddSub_fulldsp">   --->   Core 55 'HAddSub_fulldsp' <Latency = 4> <II = 1> <Delay = 2.33> <FuncUnit> <Opcode : 'hadd' 'hsub'> <InPorts = 2> <OutPorts = 1>
ST_12 : Operation 1209 [3/5] (2.33ns)   --->   "%dot_111 = hadd i16 %prod_111, i16 0" [../gen/Hls_Layers_UpConv.tpp:126]   --->   Operation 1209 'hadd' 'dot_111' <Predicate = true> <Delay = 2.33> <CoreInst = "HAddSub_fulldsp">   --->   Core 55 'HAddSub_fulldsp' <Latency = 4> <II = 1> <Delay = 2.33> <FuncUnit> <Opcode : 'hadd' 'hsub'> <InPorts = 2> <OutPorts = 1>

State 13 <SV = 12> <Delay = 2.33>
ST_13 : Operation 1210 [2/5] (2.33ns)   --->   "%dot = hadd i16 %prod, i16 0" [../gen/Hls_Layers_UpConv.tpp:126]   --->   Operation 1210 'hadd' 'dot' <Predicate = true> <Delay = 2.33> <CoreInst = "HAddSub_fulldsp">   --->   Core 55 'HAddSub_fulldsp' <Latency = 4> <II = 1> <Delay = 2.33> <FuncUnit> <Opcode : 'hadd' 'hsub'> <InPorts = 2> <OutPorts = 1>
ST_13 : Operation 1211 [2/5] (2.33ns)   --->   "%dot_127 = hadd i16 %prod_127, i16 0" [../gen/Hls_Layers_UpConv.tpp:126]   --->   Operation 1211 'hadd' 'dot_127' <Predicate = true> <Delay = 2.33> <CoreInst = "HAddSub_fulldsp">   --->   Core 55 'HAddSub_fulldsp' <Latency = 4> <II = 1> <Delay = 2.33> <FuncUnit> <Opcode : 'hadd' 'hsub'> <InPorts = 2> <OutPorts = 1>
ST_13 : Operation 1212 [2/5] (2.33ns)   --->   "%dot_31 = hadd i16 %prod_31, i16 0" [../gen/Hls_Layers_UpConv.tpp:126]   --->   Operation 1212 'hadd' 'dot_31' <Predicate = true> <Delay = 2.33> <CoreInst = "HAddSub_fulldsp">   --->   Core 55 'HAddSub_fulldsp' <Latency = 4> <II = 1> <Delay = 2.33> <FuncUnit> <Opcode : 'hadd' 'hsub'> <InPorts = 2> <OutPorts = 1>
ST_13 : Operation 1213 [2/5] (2.33ns)   --->   "%dot_47 = hadd i16 %prod_47, i16 0" [../gen/Hls_Layers_UpConv.tpp:126]   --->   Operation 1213 'hadd' 'dot_47' <Predicate = true> <Delay = 2.33> <CoreInst = "HAddSub_fulldsp">   --->   Core 55 'HAddSub_fulldsp' <Latency = 4> <II = 1> <Delay = 2.33> <FuncUnit> <Opcode : 'hadd' 'hsub'> <InPorts = 2> <OutPorts = 1>
ST_13 : Operation 1214 [2/5] (2.33ns)   --->   "%dot_63 = hadd i16 %prod_63, i16 0" [../gen/Hls_Layers_UpConv.tpp:126]   --->   Operation 1214 'hadd' 'dot_63' <Predicate = true> <Delay = 2.33> <CoreInst = "HAddSub_fulldsp">   --->   Core 55 'HAddSub_fulldsp' <Latency = 4> <II = 1> <Delay = 2.33> <FuncUnit> <Opcode : 'hadd' 'hsub'> <InPorts = 2> <OutPorts = 1>
ST_13 : Operation 1215 [2/5] (2.33ns)   --->   "%dot_79 = hadd i16 %prod_79, i16 0" [../gen/Hls_Layers_UpConv.tpp:126]   --->   Operation 1215 'hadd' 'dot_79' <Predicate = true> <Delay = 2.33> <CoreInst = "HAddSub_fulldsp">   --->   Core 55 'HAddSub_fulldsp' <Latency = 4> <II = 1> <Delay = 2.33> <FuncUnit> <Opcode : 'hadd' 'hsub'> <InPorts = 2> <OutPorts = 1>
ST_13 : Operation 1216 [2/5] (2.33ns)   --->   "%dot_95 = hadd i16 %prod_95, i16 0" [../gen/Hls_Layers_UpConv.tpp:126]   --->   Operation 1216 'hadd' 'dot_95' <Predicate = true> <Delay = 2.33> <CoreInst = "HAddSub_fulldsp">   --->   Core 55 'HAddSub_fulldsp' <Latency = 4> <II = 1> <Delay = 2.33> <FuncUnit> <Opcode : 'hadd' 'hsub'> <InPorts = 2> <OutPorts = 1>
ST_13 : Operation 1217 [2/5] (2.33ns)   --->   "%dot_111 = hadd i16 %prod_111, i16 0" [../gen/Hls_Layers_UpConv.tpp:126]   --->   Operation 1217 'hadd' 'dot_111' <Predicate = true> <Delay = 2.33> <CoreInst = "HAddSub_fulldsp">   --->   Core 55 'HAddSub_fulldsp' <Latency = 4> <II = 1> <Delay = 2.33> <FuncUnit> <Opcode : 'hadd' 'hsub'> <InPorts = 2> <OutPorts = 1>

State 14 <SV = 13> <Delay = 2.33>
ST_14 : Operation 1218 [1/5] (2.33ns)   --->   "%dot = hadd i16 %prod, i16 0" [../gen/Hls_Layers_UpConv.tpp:126]   --->   Operation 1218 'hadd' 'dot' <Predicate = true> <Delay = 2.33> <CoreInst = "HAddSub_fulldsp">   --->   Core 55 'HAddSub_fulldsp' <Latency = 4> <II = 1> <Delay = 2.33> <FuncUnit> <Opcode : 'hadd' 'hsub'> <InPorts = 2> <OutPorts = 1>
ST_14 : Operation 1219 [1/5] (2.33ns)   --->   "%dot_127 = hadd i16 %prod_127, i16 0" [../gen/Hls_Layers_UpConv.tpp:126]   --->   Operation 1219 'hadd' 'dot_127' <Predicate = true> <Delay = 2.33> <CoreInst = "HAddSub_fulldsp">   --->   Core 55 'HAddSub_fulldsp' <Latency = 4> <II = 1> <Delay = 2.33> <FuncUnit> <Opcode : 'hadd' 'hsub'> <InPorts = 2> <OutPorts = 1>
ST_14 : Operation 1220 [1/5] (2.33ns)   --->   "%dot_31 = hadd i16 %prod_31, i16 0" [../gen/Hls_Layers_UpConv.tpp:126]   --->   Operation 1220 'hadd' 'dot_31' <Predicate = true> <Delay = 2.33> <CoreInst = "HAddSub_fulldsp">   --->   Core 55 'HAddSub_fulldsp' <Latency = 4> <II = 1> <Delay = 2.33> <FuncUnit> <Opcode : 'hadd' 'hsub'> <InPorts = 2> <OutPorts = 1>
ST_14 : Operation 1221 [1/5] (2.33ns)   --->   "%dot_47 = hadd i16 %prod_47, i16 0" [../gen/Hls_Layers_UpConv.tpp:126]   --->   Operation 1221 'hadd' 'dot_47' <Predicate = true> <Delay = 2.33> <CoreInst = "HAddSub_fulldsp">   --->   Core 55 'HAddSub_fulldsp' <Latency = 4> <II = 1> <Delay = 2.33> <FuncUnit> <Opcode : 'hadd' 'hsub'> <InPorts = 2> <OutPorts = 1>
ST_14 : Operation 1222 [1/5] (2.33ns)   --->   "%dot_63 = hadd i16 %prod_63, i16 0" [../gen/Hls_Layers_UpConv.tpp:126]   --->   Operation 1222 'hadd' 'dot_63' <Predicate = true> <Delay = 2.33> <CoreInst = "HAddSub_fulldsp">   --->   Core 55 'HAddSub_fulldsp' <Latency = 4> <II = 1> <Delay = 2.33> <FuncUnit> <Opcode : 'hadd' 'hsub'> <InPorts = 2> <OutPorts = 1>
ST_14 : Operation 1223 [1/5] (2.33ns)   --->   "%dot_79 = hadd i16 %prod_79, i16 0" [../gen/Hls_Layers_UpConv.tpp:126]   --->   Operation 1223 'hadd' 'dot_79' <Predicate = true> <Delay = 2.33> <CoreInst = "HAddSub_fulldsp">   --->   Core 55 'HAddSub_fulldsp' <Latency = 4> <II = 1> <Delay = 2.33> <FuncUnit> <Opcode : 'hadd' 'hsub'> <InPorts = 2> <OutPorts = 1>
ST_14 : Operation 1224 [1/5] (2.33ns)   --->   "%dot_95 = hadd i16 %prod_95, i16 0" [../gen/Hls_Layers_UpConv.tpp:126]   --->   Operation 1224 'hadd' 'dot_95' <Predicate = true> <Delay = 2.33> <CoreInst = "HAddSub_fulldsp">   --->   Core 55 'HAddSub_fulldsp' <Latency = 4> <II = 1> <Delay = 2.33> <FuncUnit> <Opcode : 'hadd' 'hsub'> <InPorts = 2> <OutPorts = 1>
ST_14 : Operation 1225 [1/5] (2.33ns)   --->   "%dot_111 = hadd i16 %prod_111, i16 0" [../gen/Hls_Layers_UpConv.tpp:126]   --->   Operation 1225 'hadd' 'dot_111' <Predicate = true> <Delay = 2.33> <CoreInst = "HAddSub_fulldsp">   --->   Core 55 'HAddSub_fulldsp' <Latency = 4> <II = 1> <Delay = 2.33> <FuncUnit> <Opcode : 'hadd' 'hsub'> <InPorts = 2> <OutPorts = 1>

State 15 <SV = 14> <Delay = 2.33>
ST_15 : Operation 1226 [5/5] (2.33ns)   --->   "%dot_1 = hadd i16 %dot, i16 %prod_1" [../gen/Hls_Layers_UpConv.tpp:126]   --->   Operation 1226 'hadd' 'dot_1' <Predicate = true> <Delay = 2.33> <CoreInst = "HAddSub_fulldsp">   --->   Core 55 'HAddSub_fulldsp' <Latency = 4> <II = 1> <Delay = 2.33> <FuncUnit> <Opcode : 'hadd' 'hsub'> <InPorts = 2> <OutPorts = 1>
ST_15 : Operation 1227 [5/5] (2.33ns)   --->   "%dot_16 = hadd i16 %dot_127, i16 %prod_16" [../gen/Hls_Layers_UpConv.tpp:126]   --->   Operation 1227 'hadd' 'dot_16' <Predicate = true> <Delay = 2.33> <CoreInst = "HAddSub_fulldsp">   --->   Core 55 'HAddSub_fulldsp' <Latency = 4> <II = 1> <Delay = 2.33> <FuncUnit> <Opcode : 'hadd' 'hsub'> <InPorts = 2> <OutPorts = 1>
ST_15 : Operation 1228 [5/5] (2.33ns)   --->   "%dot_32 = hadd i16 %dot_31, i16 %prod_32" [../gen/Hls_Layers_UpConv.tpp:126]   --->   Operation 1228 'hadd' 'dot_32' <Predicate = true> <Delay = 2.33> <CoreInst = "HAddSub_fulldsp">   --->   Core 55 'HAddSub_fulldsp' <Latency = 4> <II = 1> <Delay = 2.33> <FuncUnit> <Opcode : 'hadd' 'hsub'> <InPorts = 2> <OutPorts = 1>
ST_15 : Operation 1229 [5/5] (2.33ns)   --->   "%dot_48 = hadd i16 %dot_47, i16 %prod_48" [../gen/Hls_Layers_UpConv.tpp:126]   --->   Operation 1229 'hadd' 'dot_48' <Predicate = true> <Delay = 2.33> <CoreInst = "HAddSub_fulldsp">   --->   Core 55 'HAddSub_fulldsp' <Latency = 4> <II = 1> <Delay = 2.33> <FuncUnit> <Opcode : 'hadd' 'hsub'> <InPorts = 2> <OutPorts = 1>
ST_15 : Operation 1230 [5/5] (2.33ns)   --->   "%dot_64 = hadd i16 %dot_63, i16 %prod_64" [../gen/Hls_Layers_UpConv.tpp:126]   --->   Operation 1230 'hadd' 'dot_64' <Predicate = true> <Delay = 2.33> <CoreInst = "HAddSub_fulldsp">   --->   Core 55 'HAddSub_fulldsp' <Latency = 4> <II = 1> <Delay = 2.33> <FuncUnit> <Opcode : 'hadd' 'hsub'> <InPorts = 2> <OutPorts = 1>
ST_15 : Operation 1231 [5/5] (2.33ns)   --->   "%dot_80 = hadd i16 %dot_79, i16 %prod_80" [../gen/Hls_Layers_UpConv.tpp:126]   --->   Operation 1231 'hadd' 'dot_80' <Predicate = true> <Delay = 2.33> <CoreInst = "HAddSub_fulldsp">   --->   Core 55 'HAddSub_fulldsp' <Latency = 4> <II = 1> <Delay = 2.33> <FuncUnit> <Opcode : 'hadd' 'hsub'> <InPorts = 2> <OutPorts = 1>
ST_15 : Operation 1232 [5/5] (2.33ns)   --->   "%dot_96 = hadd i16 %dot_95, i16 %prod_96" [../gen/Hls_Layers_UpConv.tpp:126]   --->   Operation 1232 'hadd' 'dot_96' <Predicate = true> <Delay = 2.33> <CoreInst = "HAddSub_fulldsp">   --->   Core 55 'HAddSub_fulldsp' <Latency = 4> <II = 1> <Delay = 2.33> <FuncUnit> <Opcode : 'hadd' 'hsub'> <InPorts = 2> <OutPorts = 1>
ST_15 : Operation 1233 [5/5] (2.33ns)   --->   "%dot_112 = hadd i16 %dot_111, i16 %prod_112" [../gen/Hls_Layers_UpConv.tpp:126]   --->   Operation 1233 'hadd' 'dot_112' <Predicate = true> <Delay = 2.33> <CoreInst = "HAddSub_fulldsp">   --->   Core 55 'HAddSub_fulldsp' <Latency = 4> <II = 1> <Delay = 2.33> <FuncUnit> <Opcode : 'hadd' 'hsub'> <InPorts = 2> <OutPorts = 1>

State 16 <SV = 15> <Delay = 2.33>
ST_16 : Operation 1234 [4/5] (2.33ns)   --->   "%dot_1 = hadd i16 %dot, i16 %prod_1" [../gen/Hls_Layers_UpConv.tpp:126]   --->   Operation 1234 'hadd' 'dot_1' <Predicate = true> <Delay = 2.33> <CoreInst = "HAddSub_fulldsp">   --->   Core 55 'HAddSub_fulldsp' <Latency = 4> <II = 1> <Delay = 2.33> <FuncUnit> <Opcode : 'hadd' 'hsub'> <InPorts = 2> <OutPorts = 1>
ST_16 : Operation 1235 [4/5] (2.33ns)   --->   "%dot_16 = hadd i16 %dot_127, i16 %prod_16" [../gen/Hls_Layers_UpConv.tpp:126]   --->   Operation 1235 'hadd' 'dot_16' <Predicate = true> <Delay = 2.33> <CoreInst = "HAddSub_fulldsp">   --->   Core 55 'HAddSub_fulldsp' <Latency = 4> <II = 1> <Delay = 2.33> <FuncUnit> <Opcode : 'hadd' 'hsub'> <InPorts = 2> <OutPorts = 1>
ST_16 : Operation 1236 [4/5] (2.33ns)   --->   "%dot_32 = hadd i16 %dot_31, i16 %prod_32" [../gen/Hls_Layers_UpConv.tpp:126]   --->   Operation 1236 'hadd' 'dot_32' <Predicate = true> <Delay = 2.33> <CoreInst = "HAddSub_fulldsp">   --->   Core 55 'HAddSub_fulldsp' <Latency = 4> <II = 1> <Delay = 2.33> <FuncUnit> <Opcode : 'hadd' 'hsub'> <InPorts = 2> <OutPorts = 1>
ST_16 : Operation 1237 [4/5] (2.33ns)   --->   "%dot_48 = hadd i16 %dot_47, i16 %prod_48" [../gen/Hls_Layers_UpConv.tpp:126]   --->   Operation 1237 'hadd' 'dot_48' <Predicate = true> <Delay = 2.33> <CoreInst = "HAddSub_fulldsp">   --->   Core 55 'HAddSub_fulldsp' <Latency = 4> <II = 1> <Delay = 2.33> <FuncUnit> <Opcode : 'hadd' 'hsub'> <InPorts = 2> <OutPorts = 1>
ST_16 : Operation 1238 [4/5] (2.33ns)   --->   "%dot_64 = hadd i16 %dot_63, i16 %prod_64" [../gen/Hls_Layers_UpConv.tpp:126]   --->   Operation 1238 'hadd' 'dot_64' <Predicate = true> <Delay = 2.33> <CoreInst = "HAddSub_fulldsp">   --->   Core 55 'HAddSub_fulldsp' <Latency = 4> <II = 1> <Delay = 2.33> <FuncUnit> <Opcode : 'hadd' 'hsub'> <InPorts = 2> <OutPorts = 1>
ST_16 : Operation 1239 [4/5] (2.33ns)   --->   "%dot_80 = hadd i16 %dot_79, i16 %prod_80" [../gen/Hls_Layers_UpConv.tpp:126]   --->   Operation 1239 'hadd' 'dot_80' <Predicate = true> <Delay = 2.33> <CoreInst = "HAddSub_fulldsp">   --->   Core 55 'HAddSub_fulldsp' <Latency = 4> <II = 1> <Delay = 2.33> <FuncUnit> <Opcode : 'hadd' 'hsub'> <InPorts = 2> <OutPorts = 1>
ST_16 : Operation 1240 [4/5] (2.33ns)   --->   "%dot_96 = hadd i16 %dot_95, i16 %prod_96" [../gen/Hls_Layers_UpConv.tpp:126]   --->   Operation 1240 'hadd' 'dot_96' <Predicate = true> <Delay = 2.33> <CoreInst = "HAddSub_fulldsp">   --->   Core 55 'HAddSub_fulldsp' <Latency = 4> <II = 1> <Delay = 2.33> <FuncUnit> <Opcode : 'hadd' 'hsub'> <InPorts = 2> <OutPorts = 1>
ST_16 : Operation 1241 [4/5] (2.33ns)   --->   "%dot_112 = hadd i16 %dot_111, i16 %prod_112" [../gen/Hls_Layers_UpConv.tpp:126]   --->   Operation 1241 'hadd' 'dot_112' <Predicate = true> <Delay = 2.33> <CoreInst = "HAddSub_fulldsp">   --->   Core 55 'HAddSub_fulldsp' <Latency = 4> <II = 1> <Delay = 2.33> <FuncUnit> <Opcode : 'hadd' 'hsub'> <InPorts = 2> <OutPorts = 1>

State 17 <SV = 16> <Delay = 2.33>
ST_17 : Operation 1242 [3/5] (2.33ns)   --->   "%dot_1 = hadd i16 %dot, i16 %prod_1" [../gen/Hls_Layers_UpConv.tpp:126]   --->   Operation 1242 'hadd' 'dot_1' <Predicate = true> <Delay = 2.33> <CoreInst = "HAddSub_fulldsp">   --->   Core 55 'HAddSub_fulldsp' <Latency = 4> <II = 1> <Delay = 2.33> <FuncUnit> <Opcode : 'hadd' 'hsub'> <InPorts = 2> <OutPorts = 1>
ST_17 : Operation 1243 [3/5] (2.33ns)   --->   "%dot_16 = hadd i16 %dot_127, i16 %prod_16" [../gen/Hls_Layers_UpConv.tpp:126]   --->   Operation 1243 'hadd' 'dot_16' <Predicate = true> <Delay = 2.33> <CoreInst = "HAddSub_fulldsp">   --->   Core 55 'HAddSub_fulldsp' <Latency = 4> <II = 1> <Delay = 2.33> <FuncUnit> <Opcode : 'hadd' 'hsub'> <InPorts = 2> <OutPorts = 1>
ST_17 : Operation 1244 [3/5] (2.33ns)   --->   "%dot_32 = hadd i16 %dot_31, i16 %prod_32" [../gen/Hls_Layers_UpConv.tpp:126]   --->   Operation 1244 'hadd' 'dot_32' <Predicate = true> <Delay = 2.33> <CoreInst = "HAddSub_fulldsp">   --->   Core 55 'HAddSub_fulldsp' <Latency = 4> <II = 1> <Delay = 2.33> <FuncUnit> <Opcode : 'hadd' 'hsub'> <InPorts = 2> <OutPorts = 1>
ST_17 : Operation 1245 [3/5] (2.33ns)   --->   "%dot_48 = hadd i16 %dot_47, i16 %prod_48" [../gen/Hls_Layers_UpConv.tpp:126]   --->   Operation 1245 'hadd' 'dot_48' <Predicate = true> <Delay = 2.33> <CoreInst = "HAddSub_fulldsp">   --->   Core 55 'HAddSub_fulldsp' <Latency = 4> <II = 1> <Delay = 2.33> <FuncUnit> <Opcode : 'hadd' 'hsub'> <InPorts = 2> <OutPorts = 1>
ST_17 : Operation 1246 [3/5] (2.33ns)   --->   "%dot_64 = hadd i16 %dot_63, i16 %prod_64" [../gen/Hls_Layers_UpConv.tpp:126]   --->   Operation 1246 'hadd' 'dot_64' <Predicate = true> <Delay = 2.33> <CoreInst = "HAddSub_fulldsp">   --->   Core 55 'HAddSub_fulldsp' <Latency = 4> <II = 1> <Delay = 2.33> <FuncUnit> <Opcode : 'hadd' 'hsub'> <InPorts = 2> <OutPorts = 1>
ST_17 : Operation 1247 [3/5] (2.33ns)   --->   "%dot_80 = hadd i16 %dot_79, i16 %prod_80" [../gen/Hls_Layers_UpConv.tpp:126]   --->   Operation 1247 'hadd' 'dot_80' <Predicate = true> <Delay = 2.33> <CoreInst = "HAddSub_fulldsp">   --->   Core 55 'HAddSub_fulldsp' <Latency = 4> <II = 1> <Delay = 2.33> <FuncUnit> <Opcode : 'hadd' 'hsub'> <InPorts = 2> <OutPorts = 1>
ST_17 : Operation 1248 [3/5] (2.33ns)   --->   "%dot_96 = hadd i16 %dot_95, i16 %prod_96" [../gen/Hls_Layers_UpConv.tpp:126]   --->   Operation 1248 'hadd' 'dot_96' <Predicate = true> <Delay = 2.33> <CoreInst = "HAddSub_fulldsp">   --->   Core 55 'HAddSub_fulldsp' <Latency = 4> <II = 1> <Delay = 2.33> <FuncUnit> <Opcode : 'hadd' 'hsub'> <InPorts = 2> <OutPorts = 1>
ST_17 : Operation 1249 [3/5] (2.33ns)   --->   "%dot_112 = hadd i16 %dot_111, i16 %prod_112" [../gen/Hls_Layers_UpConv.tpp:126]   --->   Operation 1249 'hadd' 'dot_112' <Predicate = true> <Delay = 2.33> <CoreInst = "HAddSub_fulldsp">   --->   Core 55 'HAddSub_fulldsp' <Latency = 4> <II = 1> <Delay = 2.33> <FuncUnit> <Opcode : 'hadd' 'hsub'> <InPorts = 2> <OutPorts = 1>

State 18 <SV = 17> <Delay = 2.33>
ST_18 : Operation 1250 [2/5] (2.33ns)   --->   "%dot_1 = hadd i16 %dot, i16 %prod_1" [../gen/Hls_Layers_UpConv.tpp:126]   --->   Operation 1250 'hadd' 'dot_1' <Predicate = true> <Delay = 2.33> <CoreInst = "HAddSub_fulldsp">   --->   Core 55 'HAddSub_fulldsp' <Latency = 4> <II = 1> <Delay = 2.33> <FuncUnit> <Opcode : 'hadd' 'hsub'> <InPorts = 2> <OutPorts = 1>
ST_18 : Operation 1251 [2/5] (2.33ns)   --->   "%dot_16 = hadd i16 %dot_127, i16 %prod_16" [../gen/Hls_Layers_UpConv.tpp:126]   --->   Operation 1251 'hadd' 'dot_16' <Predicate = true> <Delay = 2.33> <CoreInst = "HAddSub_fulldsp">   --->   Core 55 'HAddSub_fulldsp' <Latency = 4> <II = 1> <Delay = 2.33> <FuncUnit> <Opcode : 'hadd' 'hsub'> <InPorts = 2> <OutPorts = 1>
ST_18 : Operation 1252 [2/5] (2.33ns)   --->   "%dot_32 = hadd i16 %dot_31, i16 %prod_32" [../gen/Hls_Layers_UpConv.tpp:126]   --->   Operation 1252 'hadd' 'dot_32' <Predicate = true> <Delay = 2.33> <CoreInst = "HAddSub_fulldsp">   --->   Core 55 'HAddSub_fulldsp' <Latency = 4> <II = 1> <Delay = 2.33> <FuncUnit> <Opcode : 'hadd' 'hsub'> <InPorts = 2> <OutPorts = 1>
ST_18 : Operation 1253 [2/5] (2.33ns)   --->   "%dot_48 = hadd i16 %dot_47, i16 %prod_48" [../gen/Hls_Layers_UpConv.tpp:126]   --->   Operation 1253 'hadd' 'dot_48' <Predicate = true> <Delay = 2.33> <CoreInst = "HAddSub_fulldsp">   --->   Core 55 'HAddSub_fulldsp' <Latency = 4> <II = 1> <Delay = 2.33> <FuncUnit> <Opcode : 'hadd' 'hsub'> <InPorts = 2> <OutPorts = 1>
ST_18 : Operation 1254 [2/5] (2.33ns)   --->   "%dot_64 = hadd i16 %dot_63, i16 %prod_64" [../gen/Hls_Layers_UpConv.tpp:126]   --->   Operation 1254 'hadd' 'dot_64' <Predicate = true> <Delay = 2.33> <CoreInst = "HAddSub_fulldsp">   --->   Core 55 'HAddSub_fulldsp' <Latency = 4> <II = 1> <Delay = 2.33> <FuncUnit> <Opcode : 'hadd' 'hsub'> <InPorts = 2> <OutPorts = 1>
ST_18 : Operation 1255 [2/5] (2.33ns)   --->   "%dot_80 = hadd i16 %dot_79, i16 %prod_80" [../gen/Hls_Layers_UpConv.tpp:126]   --->   Operation 1255 'hadd' 'dot_80' <Predicate = true> <Delay = 2.33> <CoreInst = "HAddSub_fulldsp">   --->   Core 55 'HAddSub_fulldsp' <Latency = 4> <II = 1> <Delay = 2.33> <FuncUnit> <Opcode : 'hadd' 'hsub'> <InPorts = 2> <OutPorts = 1>
ST_18 : Operation 1256 [2/5] (2.33ns)   --->   "%dot_96 = hadd i16 %dot_95, i16 %prod_96" [../gen/Hls_Layers_UpConv.tpp:126]   --->   Operation 1256 'hadd' 'dot_96' <Predicate = true> <Delay = 2.33> <CoreInst = "HAddSub_fulldsp">   --->   Core 55 'HAddSub_fulldsp' <Latency = 4> <II = 1> <Delay = 2.33> <FuncUnit> <Opcode : 'hadd' 'hsub'> <InPorts = 2> <OutPorts = 1>
ST_18 : Operation 1257 [2/5] (2.33ns)   --->   "%dot_112 = hadd i16 %dot_111, i16 %prod_112" [../gen/Hls_Layers_UpConv.tpp:126]   --->   Operation 1257 'hadd' 'dot_112' <Predicate = true> <Delay = 2.33> <CoreInst = "HAddSub_fulldsp">   --->   Core 55 'HAddSub_fulldsp' <Latency = 4> <II = 1> <Delay = 2.33> <FuncUnit> <Opcode : 'hadd' 'hsub'> <InPorts = 2> <OutPorts = 1>

State 19 <SV = 18> <Delay = 2.33>
ST_19 : Operation 1258 [1/5] (2.33ns)   --->   "%dot_1 = hadd i16 %dot, i16 %prod_1" [../gen/Hls_Layers_UpConv.tpp:126]   --->   Operation 1258 'hadd' 'dot_1' <Predicate = true> <Delay = 2.33> <CoreInst = "HAddSub_fulldsp">   --->   Core 55 'HAddSub_fulldsp' <Latency = 4> <II = 1> <Delay = 2.33> <FuncUnit> <Opcode : 'hadd' 'hsub'> <InPorts = 2> <OutPorts = 1>
ST_19 : Operation 1259 [1/5] (2.33ns)   --->   "%dot_16 = hadd i16 %dot_127, i16 %prod_16" [../gen/Hls_Layers_UpConv.tpp:126]   --->   Operation 1259 'hadd' 'dot_16' <Predicate = true> <Delay = 2.33> <CoreInst = "HAddSub_fulldsp">   --->   Core 55 'HAddSub_fulldsp' <Latency = 4> <II = 1> <Delay = 2.33> <FuncUnit> <Opcode : 'hadd' 'hsub'> <InPorts = 2> <OutPorts = 1>
ST_19 : Operation 1260 [1/5] (2.33ns)   --->   "%dot_32 = hadd i16 %dot_31, i16 %prod_32" [../gen/Hls_Layers_UpConv.tpp:126]   --->   Operation 1260 'hadd' 'dot_32' <Predicate = true> <Delay = 2.33> <CoreInst = "HAddSub_fulldsp">   --->   Core 55 'HAddSub_fulldsp' <Latency = 4> <II = 1> <Delay = 2.33> <FuncUnit> <Opcode : 'hadd' 'hsub'> <InPorts = 2> <OutPorts = 1>
ST_19 : Operation 1261 [1/5] (2.33ns)   --->   "%dot_48 = hadd i16 %dot_47, i16 %prod_48" [../gen/Hls_Layers_UpConv.tpp:126]   --->   Operation 1261 'hadd' 'dot_48' <Predicate = true> <Delay = 2.33> <CoreInst = "HAddSub_fulldsp">   --->   Core 55 'HAddSub_fulldsp' <Latency = 4> <II = 1> <Delay = 2.33> <FuncUnit> <Opcode : 'hadd' 'hsub'> <InPorts = 2> <OutPorts = 1>
ST_19 : Operation 1262 [1/5] (2.33ns)   --->   "%dot_64 = hadd i16 %dot_63, i16 %prod_64" [../gen/Hls_Layers_UpConv.tpp:126]   --->   Operation 1262 'hadd' 'dot_64' <Predicate = true> <Delay = 2.33> <CoreInst = "HAddSub_fulldsp">   --->   Core 55 'HAddSub_fulldsp' <Latency = 4> <II = 1> <Delay = 2.33> <FuncUnit> <Opcode : 'hadd' 'hsub'> <InPorts = 2> <OutPorts = 1>
ST_19 : Operation 1263 [1/5] (2.33ns)   --->   "%dot_80 = hadd i16 %dot_79, i16 %prod_80" [../gen/Hls_Layers_UpConv.tpp:126]   --->   Operation 1263 'hadd' 'dot_80' <Predicate = true> <Delay = 2.33> <CoreInst = "HAddSub_fulldsp">   --->   Core 55 'HAddSub_fulldsp' <Latency = 4> <II = 1> <Delay = 2.33> <FuncUnit> <Opcode : 'hadd' 'hsub'> <InPorts = 2> <OutPorts = 1>
ST_19 : Operation 1264 [1/5] (2.33ns)   --->   "%dot_96 = hadd i16 %dot_95, i16 %prod_96" [../gen/Hls_Layers_UpConv.tpp:126]   --->   Operation 1264 'hadd' 'dot_96' <Predicate = true> <Delay = 2.33> <CoreInst = "HAddSub_fulldsp">   --->   Core 55 'HAddSub_fulldsp' <Latency = 4> <II = 1> <Delay = 2.33> <FuncUnit> <Opcode : 'hadd' 'hsub'> <InPorts = 2> <OutPorts = 1>
ST_19 : Operation 1265 [1/5] (2.33ns)   --->   "%dot_112 = hadd i16 %dot_111, i16 %prod_112" [../gen/Hls_Layers_UpConv.tpp:126]   --->   Operation 1265 'hadd' 'dot_112' <Predicate = true> <Delay = 2.33> <CoreInst = "HAddSub_fulldsp">   --->   Core 55 'HAddSub_fulldsp' <Latency = 4> <II = 1> <Delay = 2.33> <FuncUnit> <Opcode : 'hadd' 'hsub'> <InPorts = 2> <OutPorts = 1>

State 20 <SV = 19> <Delay = 2.33>
ST_20 : Operation 1266 [5/5] (2.33ns)   --->   "%dot_2 = hadd i16 %dot_1, i16 %prod_2" [../gen/Hls_Layers_UpConv.tpp:126]   --->   Operation 1266 'hadd' 'dot_2' <Predicate = true> <Delay = 2.33> <CoreInst = "HAddSub_fulldsp">   --->   Core 55 'HAddSub_fulldsp' <Latency = 4> <II = 1> <Delay = 2.33> <FuncUnit> <Opcode : 'hadd' 'hsub'> <InPorts = 2> <OutPorts = 1>
ST_20 : Operation 1267 [5/5] (2.33ns)   --->   "%dot_17 = hadd i16 %dot_16, i16 %prod_17" [../gen/Hls_Layers_UpConv.tpp:126]   --->   Operation 1267 'hadd' 'dot_17' <Predicate = true> <Delay = 2.33> <CoreInst = "HAddSub_fulldsp">   --->   Core 55 'HAddSub_fulldsp' <Latency = 4> <II = 1> <Delay = 2.33> <FuncUnit> <Opcode : 'hadd' 'hsub'> <InPorts = 2> <OutPorts = 1>
ST_20 : Operation 1268 [5/5] (2.33ns)   --->   "%dot_33 = hadd i16 %dot_32, i16 %prod_33" [../gen/Hls_Layers_UpConv.tpp:126]   --->   Operation 1268 'hadd' 'dot_33' <Predicate = true> <Delay = 2.33> <CoreInst = "HAddSub_fulldsp">   --->   Core 55 'HAddSub_fulldsp' <Latency = 4> <II = 1> <Delay = 2.33> <FuncUnit> <Opcode : 'hadd' 'hsub'> <InPorts = 2> <OutPorts = 1>
ST_20 : Operation 1269 [5/5] (2.33ns)   --->   "%dot_49 = hadd i16 %dot_48, i16 %prod_49" [../gen/Hls_Layers_UpConv.tpp:126]   --->   Operation 1269 'hadd' 'dot_49' <Predicate = true> <Delay = 2.33> <CoreInst = "HAddSub_fulldsp">   --->   Core 55 'HAddSub_fulldsp' <Latency = 4> <II = 1> <Delay = 2.33> <FuncUnit> <Opcode : 'hadd' 'hsub'> <InPorts = 2> <OutPorts = 1>
ST_20 : Operation 1270 [5/5] (2.33ns)   --->   "%dot_65 = hadd i16 %dot_64, i16 %prod_65" [../gen/Hls_Layers_UpConv.tpp:126]   --->   Operation 1270 'hadd' 'dot_65' <Predicate = true> <Delay = 2.33> <CoreInst = "HAddSub_fulldsp">   --->   Core 55 'HAddSub_fulldsp' <Latency = 4> <II = 1> <Delay = 2.33> <FuncUnit> <Opcode : 'hadd' 'hsub'> <InPorts = 2> <OutPorts = 1>
ST_20 : Operation 1271 [5/5] (2.33ns)   --->   "%dot_81 = hadd i16 %dot_80, i16 %prod_81" [../gen/Hls_Layers_UpConv.tpp:126]   --->   Operation 1271 'hadd' 'dot_81' <Predicate = true> <Delay = 2.33> <CoreInst = "HAddSub_fulldsp">   --->   Core 55 'HAddSub_fulldsp' <Latency = 4> <II = 1> <Delay = 2.33> <FuncUnit> <Opcode : 'hadd' 'hsub'> <InPorts = 2> <OutPorts = 1>
ST_20 : Operation 1272 [5/5] (2.33ns)   --->   "%dot_97 = hadd i16 %dot_96, i16 %prod_97" [../gen/Hls_Layers_UpConv.tpp:126]   --->   Operation 1272 'hadd' 'dot_97' <Predicate = true> <Delay = 2.33> <CoreInst = "HAddSub_fulldsp">   --->   Core 55 'HAddSub_fulldsp' <Latency = 4> <II = 1> <Delay = 2.33> <FuncUnit> <Opcode : 'hadd' 'hsub'> <InPorts = 2> <OutPorts = 1>
ST_20 : Operation 1273 [5/5] (2.33ns)   --->   "%dot_113 = hadd i16 %dot_112, i16 %prod_113" [../gen/Hls_Layers_UpConv.tpp:126]   --->   Operation 1273 'hadd' 'dot_113' <Predicate = true> <Delay = 2.33> <CoreInst = "HAddSub_fulldsp">   --->   Core 55 'HAddSub_fulldsp' <Latency = 4> <II = 1> <Delay = 2.33> <FuncUnit> <Opcode : 'hadd' 'hsub'> <InPorts = 2> <OutPorts = 1>

State 21 <SV = 20> <Delay = 2.33>
ST_21 : Operation 1274 [4/5] (2.33ns)   --->   "%dot_2 = hadd i16 %dot_1, i16 %prod_2" [../gen/Hls_Layers_UpConv.tpp:126]   --->   Operation 1274 'hadd' 'dot_2' <Predicate = true> <Delay = 2.33> <CoreInst = "HAddSub_fulldsp">   --->   Core 55 'HAddSub_fulldsp' <Latency = 4> <II = 1> <Delay = 2.33> <FuncUnit> <Opcode : 'hadd' 'hsub'> <InPorts = 2> <OutPorts = 1>
ST_21 : Operation 1275 [4/5] (2.33ns)   --->   "%dot_17 = hadd i16 %dot_16, i16 %prod_17" [../gen/Hls_Layers_UpConv.tpp:126]   --->   Operation 1275 'hadd' 'dot_17' <Predicate = true> <Delay = 2.33> <CoreInst = "HAddSub_fulldsp">   --->   Core 55 'HAddSub_fulldsp' <Latency = 4> <II = 1> <Delay = 2.33> <FuncUnit> <Opcode : 'hadd' 'hsub'> <InPorts = 2> <OutPorts = 1>
ST_21 : Operation 1276 [4/5] (2.33ns)   --->   "%dot_33 = hadd i16 %dot_32, i16 %prod_33" [../gen/Hls_Layers_UpConv.tpp:126]   --->   Operation 1276 'hadd' 'dot_33' <Predicate = true> <Delay = 2.33> <CoreInst = "HAddSub_fulldsp">   --->   Core 55 'HAddSub_fulldsp' <Latency = 4> <II = 1> <Delay = 2.33> <FuncUnit> <Opcode : 'hadd' 'hsub'> <InPorts = 2> <OutPorts = 1>
ST_21 : Operation 1277 [4/5] (2.33ns)   --->   "%dot_49 = hadd i16 %dot_48, i16 %prod_49" [../gen/Hls_Layers_UpConv.tpp:126]   --->   Operation 1277 'hadd' 'dot_49' <Predicate = true> <Delay = 2.33> <CoreInst = "HAddSub_fulldsp">   --->   Core 55 'HAddSub_fulldsp' <Latency = 4> <II = 1> <Delay = 2.33> <FuncUnit> <Opcode : 'hadd' 'hsub'> <InPorts = 2> <OutPorts = 1>
ST_21 : Operation 1278 [4/5] (2.33ns)   --->   "%dot_65 = hadd i16 %dot_64, i16 %prod_65" [../gen/Hls_Layers_UpConv.tpp:126]   --->   Operation 1278 'hadd' 'dot_65' <Predicate = true> <Delay = 2.33> <CoreInst = "HAddSub_fulldsp">   --->   Core 55 'HAddSub_fulldsp' <Latency = 4> <II = 1> <Delay = 2.33> <FuncUnit> <Opcode : 'hadd' 'hsub'> <InPorts = 2> <OutPorts = 1>
ST_21 : Operation 1279 [4/5] (2.33ns)   --->   "%dot_81 = hadd i16 %dot_80, i16 %prod_81" [../gen/Hls_Layers_UpConv.tpp:126]   --->   Operation 1279 'hadd' 'dot_81' <Predicate = true> <Delay = 2.33> <CoreInst = "HAddSub_fulldsp">   --->   Core 55 'HAddSub_fulldsp' <Latency = 4> <II = 1> <Delay = 2.33> <FuncUnit> <Opcode : 'hadd' 'hsub'> <InPorts = 2> <OutPorts = 1>
ST_21 : Operation 1280 [4/5] (2.33ns)   --->   "%dot_97 = hadd i16 %dot_96, i16 %prod_97" [../gen/Hls_Layers_UpConv.tpp:126]   --->   Operation 1280 'hadd' 'dot_97' <Predicate = true> <Delay = 2.33> <CoreInst = "HAddSub_fulldsp">   --->   Core 55 'HAddSub_fulldsp' <Latency = 4> <II = 1> <Delay = 2.33> <FuncUnit> <Opcode : 'hadd' 'hsub'> <InPorts = 2> <OutPorts = 1>
ST_21 : Operation 1281 [4/5] (2.33ns)   --->   "%dot_113 = hadd i16 %dot_112, i16 %prod_113" [../gen/Hls_Layers_UpConv.tpp:126]   --->   Operation 1281 'hadd' 'dot_113' <Predicate = true> <Delay = 2.33> <CoreInst = "HAddSub_fulldsp">   --->   Core 55 'HAddSub_fulldsp' <Latency = 4> <II = 1> <Delay = 2.33> <FuncUnit> <Opcode : 'hadd' 'hsub'> <InPorts = 2> <OutPorts = 1>

State 22 <SV = 21> <Delay = 2.33>
ST_22 : Operation 1282 [3/5] (2.33ns)   --->   "%dot_2 = hadd i16 %dot_1, i16 %prod_2" [../gen/Hls_Layers_UpConv.tpp:126]   --->   Operation 1282 'hadd' 'dot_2' <Predicate = true> <Delay = 2.33> <CoreInst = "HAddSub_fulldsp">   --->   Core 55 'HAddSub_fulldsp' <Latency = 4> <II = 1> <Delay = 2.33> <FuncUnit> <Opcode : 'hadd' 'hsub'> <InPorts = 2> <OutPorts = 1>
ST_22 : Operation 1283 [3/5] (2.33ns)   --->   "%dot_17 = hadd i16 %dot_16, i16 %prod_17" [../gen/Hls_Layers_UpConv.tpp:126]   --->   Operation 1283 'hadd' 'dot_17' <Predicate = true> <Delay = 2.33> <CoreInst = "HAddSub_fulldsp">   --->   Core 55 'HAddSub_fulldsp' <Latency = 4> <II = 1> <Delay = 2.33> <FuncUnit> <Opcode : 'hadd' 'hsub'> <InPorts = 2> <OutPorts = 1>
ST_22 : Operation 1284 [3/5] (2.33ns)   --->   "%dot_33 = hadd i16 %dot_32, i16 %prod_33" [../gen/Hls_Layers_UpConv.tpp:126]   --->   Operation 1284 'hadd' 'dot_33' <Predicate = true> <Delay = 2.33> <CoreInst = "HAddSub_fulldsp">   --->   Core 55 'HAddSub_fulldsp' <Latency = 4> <II = 1> <Delay = 2.33> <FuncUnit> <Opcode : 'hadd' 'hsub'> <InPorts = 2> <OutPorts = 1>
ST_22 : Operation 1285 [3/5] (2.33ns)   --->   "%dot_49 = hadd i16 %dot_48, i16 %prod_49" [../gen/Hls_Layers_UpConv.tpp:126]   --->   Operation 1285 'hadd' 'dot_49' <Predicate = true> <Delay = 2.33> <CoreInst = "HAddSub_fulldsp">   --->   Core 55 'HAddSub_fulldsp' <Latency = 4> <II = 1> <Delay = 2.33> <FuncUnit> <Opcode : 'hadd' 'hsub'> <InPorts = 2> <OutPorts = 1>
ST_22 : Operation 1286 [3/5] (2.33ns)   --->   "%dot_65 = hadd i16 %dot_64, i16 %prod_65" [../gen/Hls_Layers_UpConv.tpp:126]   --->   Operation 1286 'hadd' 'dot_65' <Predicate = true> <Delay = 2.33> <CoreInst = "HAddSub_fulldsp">   --->   Core 55 'HAddSub_fulldsp' <Latency = 4> <II = 1> <Delay = 2.33> <FuncUnit> <Opcode : 'hadd' 'hsub'> <InPorts = 2> <OutPorts = 1>
ST_22 : Operation 1287 [3/5] (2.33ns)   --->   "%dot_81 = hadd i16 %dot_80, i16 %prod_81" [../gen/Hls_Layers_UpConv.tpp:126]   --->   Operation 1287 'hadd' 'dot_81' <Predicate = true> <Delay = 2.33> <CoreInst = "HAddSub_fulldsp">   --->   Core 55 'HAddSub_fulldsp' <Latency = 4> <II = 1> <Delay = 2.33> <FuncUnit> <Opcode : 'hadd' 'hsub'> <InPorts = 2> <OutPorts = 1>
ST_22 : Operation 1288 [3/5] (2.33ns)   --->   "%dot_97 = hadd i16 %dot_96, i16 %prod_97" [../gen/Hls_Layers_UpConv.tpp:126]   --->   Operation 1288 'hadd' 'dot_97' <Predicate = true> <Delay = 2.33> <CoreInst = "HAddSub_fulldsp">   --->   Core 55 'HAddSub_fulldsp' <Latency = 4> <II = 1> <Delay = 2.33> <FuncUnit> <Opcode : 'hadd' 'hsub'> <InPorts = 2> <OutPorts = 1>
ST_22 : Operation 1289 [3/5] (2.33ns)   --->   "%dot_113 = hadd i16 %dot_112, i16 %prod_113" [../gen/Hls_Layers_UpConv.tpp:126]   --->   Operation 1289 'hadd' 'dot_113' <Predicate = true> <Delay = 2.33> <CoreInst = "HAddSub_fulldsp">   --->   Core 55 'HAddSub_fulldsp' <Latency = 4> <II = 1> <Delay = 2.33> <FuncUnit> <Opcode : 'hadd' 'hsub'> <InPorts = 2> <OutPorts = 1>

State 23 <SV = 22> <Delay = 2.33>
ST_23 : Operation 1290 [2/5] (2.33ns)   --->   "%dot_2 = hadd i16 %dot_1, i16 %prod_2" [../gen/Hls_Layers_UpConv.tpp:126]   --->   Operation 1290 'hadd' 'dot_2' <Predicate = true> <Delay = 2.33> <CoreInst = "HAddSub_fulldsp">   --->   Core 55 'HAddSub_fulldsp' <Latency = 4> <II = 1> <Delay = 2.33> <FuncUnit> <Opcode : 'hadd' 'hsub'> <InPorts = 2> <OutPorts = 1>
ST_23 : Operation 1291 [2/5] (2.33ns)   --->   "%dot_17 = hadd i16 %dot_16, i16 %prod_17" [../gen/Hls_Layers_UpConv.tpp:126]   --->   Operation 1291 'hadd' 'dot_17' <Predicate = true> <Delay = 2.33> <CoreInst = "HAddSub_fulldsp">   --->   Core 55 'HAddSub_fulldsp' <Latency = 4> <II = 1> <Delay = 2.33> <FuncUnit> <Opcode : 'hadd' 'hsub'> <InPorts = 2> <OutPorts = 1>
ST_23 : Operation 1292 [2/5] (2.33ns)   --->   "%dot_33 = hadd i16 %dot_32, i16 %prod_33" [../gen/Hls_Layers_UpConv.tpp:126]   --->   Operation 1292 'hadd' 'dot_33' <Predicate = true> <Delay = 2.33> <CoreInst = "HAddSub_fulldsp">   --->   Core 55 'HAddSub_fulldsp' <Latency = 4> <II = 1> <Delay = 2.33> <FuncUnit> <Opcode : 'hadd' 'hsub'> <InPorts = 2> <OutPorts = 1>
ST_23 : Operation 1293 [2/5] (2.33ns)   --->   "%dot_49 = hadd i16 %dot_48, i16 %prod_49" [../gen/Hls_Layers_UpConv.tpp:126]   --->   Operation 1293 'hadd' 'dot_49' <Predicate = true> <Delay = 2.33> <CoreInst = "HAddSub_fulldsp">   --->   Core 55 'HAddSub_fulldsp' <Latency = 4> <II = 1> <Delay = 2.33> <FuncUnit> <Opcode : 'hadd' 'hsub'> <InPorts = 2> <OutPorts = 1>
ST_23 : Operation 1294 [2/5] (2.33ns)   --->   "%dot_65 = hadd i16 %dot_64, i16 %prod_65" [../gen/Hls_Layers_UpConv.tpp:126]   --->   Operation 1294 'hadd' 'dot_65' <Predicate = true> <Delay = 2.33> <CoreInst = "HAddSub_fulldsp">   --->   Core 55 'HAddSub_fulldsp' <Latency = 4> <II = 1> <Delay = 2.33> <FuncUnit> <Opcode : 'hadd' 'hsub'> <InPorts = 2> <OutPorts = 1>
ST_23 : Operation 1295 [2/5] (2.33ns)   --->   "%dot_81 = hadd i16 %dot_80, i16 %prod_81" [../gen/Hls_Layers_UpConv.tpp:126]   --->   Operation 1295 'hadd' 'dot_81' <Predicate = true> <Delay = 2.33> <CoreInst = "HAddSub_fulldsp">   --->   Core 55 'HAddSub_fulldsp' <Latency = 4> <II = 1> <Delay = 2.33> <FuncUnit> <Opcode : 'hadd' 'hsub'> <InPorts = 2> <OutPorts = 1>
ST_23 : Operation 1296 [2/5] (2.33ns)   --->   "%dot_97 = hadd i16 %dot_96, i16 %prod_97" [../gen/Hls_Layers_UpConv.tpp:126]   --->   Operation 1296 'hadd' 'dot_97' <Predicate = true> <Delay = 2.33> <CoreInst = "HAddSub_fulldsp">   --->   Core 55 'HAddSub_fulldsp' <Latency = 4> <II = 1> <Delay = 2.33> <FuncUnit> <Opcode : 'hadd' 'hsub'> <InPorts = 2> <OutPorts = 1>
ST_23 : Operation 1297 [2/5] (2.33ns)   --->   "%dot_113 = hadd i16 %dot_112, i16 %prod_113" [../gen/Hls_Layers_UpConv.tpp:126]   --->   Operation 1297 'hadd' 'dot_113' <Predicate = true> <Delay = 2.33> <CoreInst = "HAddSub_fulldsp">   --->   Core 55 'HAddSub_fulldsp' <Latency = 4> <II = 1> <Delay = 2.33> <FuncUnit> <Opcode : 'hadd' 'hsub'> <InPorts = 2> <OutPorts = 1>

State 24 <SV = 23> <Delay = 2.33>
ST_24 : Operation 1298 [1/5] (2.33ns)   --->   "%dot_2 = hadd i16 %dot_1, i16 %prod_2" [../gen/Hls_Layers_UpConv.tpp:126]   --->   Operation 1298 'hadd' 'dot_2' <Predicate = true> <Delay = 2.33> <CoreInst = "HAddSub_fulldsp">   --->   Core 55 'HAddSub_fulldsp' <Latency = 4> <II = 1> <Delay = 2.33> <FuncUnit> <Opcode : 'hadd' 'hsub'> <InPorts = 2> <OutPorts = 1>
ST_24 : Operation 1299 [1/5] (2.33ns)   --->   "%dot_17 = hadd i16 %dot_16, i16 %prod_17" [../gen/Hls_Layers_UpConv.tpp:126]   --->   Operation 1299 'hadd' 'dot_17' <Predicate = true> <Delay = 2.33> <CoreInst = "HAddSub_fulldsp">   --->   Core 55 'HAddSub_fulldsp' <Latency = 4> <II = 1> <Delay = 2.33> <FuncUnit> <Opcode : 'hadd' 'hsub'> <InPorts = 2> <OutPorts = 1>
ST_24 : Operation 1300 [1/5] (2.33ns)   --->   "%dot_33 = hadd i16 %dot_32, i16 %prod_33" [../gen/Hls_Layers_UpConv.tpp:126]   --->   Operation 1300 'hadd' 'dot_33' <Predicate = true> <Delay = 2.33> <CoreInst = "HAddSub_fulldsp">   --->   Core 55 'HAddSub_fulldsp' <Latency = 4> <II = 1> <Delay = 2.33> <FuncUnit> <Opcode : 'hadd' 'hsub'> <InPorts = 2> <OutPorts = 1>
ST_24 : Operation 1301 [1/5] (2.33ns)   --->   "%dot_49 = hadd i16 %dot_48, i16 %prod_49" [../gen/Hls_Layers_UpConv.tpp:126]   --->   Operation 1301 'hadd' 'dot_49' <Predicate = true> <Delay = 2.33> <CoreInst = "HAddSub_fulldsp">   --->   Core 55 'HAddSub_fulldsp' <Latency = 4> <II = 1> <Delay = 2.33> <FuncUnit> <Opcode : 'hadd' 'hsub'> <InPorts = 2> <OutPorts = 1>
ST_24 : Operation 1302 [1/5] (2.33ns)   --->   "%dot_65 = hadd i16 %dot_64, i16 %prod_65" [../gen/Hls_Layers_UpConv.tpp:126]   --->   Operation 1302 'hadd' 'dot_65' <Predicate = true> <Delay = 2.33> <CoreInst = "HAddSub_fulldsp">   --->   Core 55 'HAddSub_fulldsp' <Latency = 4> <II = 1> <Delay = 2.33> <FuncUnit> <Opcode : 'hadd' 'hsub'> <InPorts = 2> <OutPorts = 1>
ST_24 : Operation 1303 [1/5] (2.33ns)   --->   "%dot_81 = hadd i16 %dot_80, i16 %prod_81" [../gen/Hls_Layers_UpConv.tpp:126]   --->   Operation 1303 'hadd' 'dot_81' <Predicate = true> <Delay = 2.33> <CoreInst = "HAddSub_fulldsp">   --->   Core 55 'HAddSub_fulldsp' <Latency = 4> <II = 1> <Delay = 2.33> <FuncUnit> <Opcode : 'hadd' 'hsub'> <InPorts = 2> <OutPorts = 1>
ST_24 : Operation 1304 [1/5] (2.33ns)   --->   "%dot_97 = hadd i16 %dot_96, i16 %prod_97" [../gen/Hls_Layers_UpConv.tpp:126]   --->   Operation 1304 'hadd' 'dot_97' <Predicate = true> <Delay = 2.33> <CoreInst = "HAddSub_fulldsp">   --->   Core 55 'HAddSub_fulldsp' <Latency = 4> <II = 1> <Delay = 2.33> <FuncUnit> <Opcode : 'hadd' 'hsub'> <InPorts = 2> <OutPorts = 1>
ST_24 : Operation 1305 [1/5] (2.33ns)   --->   "%dot_113 = hadd i16 %dot_112, i16 %prod_113" [../gen/Hls_Layers_UpConv.tpp:126]   --->   Operation 1305 'hadd' 'dot_113' <Predicate = true> <Delay = 2.33> <CoreInst = "HAddSub_fulldsp">   --->   Core 55 'HAddSub_fulldsp' <Latency = 4> <II = 1> <Delay = 2.33> <FuncUnit> <Opcode : 'hadd' 'hsub'> <InPorts = 2> <OutPorts = 1>

State 25 <SV = 24> <Delay = 2.33>
ST_25 : Operation 1306 [5/5] (2.33ns)   --->   "%dot_3 = hadd i16 %dot_2, i16 %prod_3" [../gen/Hls_Layers_UpConv.tpp:126]   --->   Operation 1306 'hadd' 'dot_3' <Predicate = true> <Delay = 2.33> <CoreInst = "HAddSub_fulldsp">   --->   Core 55 'HAddSub_fulldsp' <Latency = 4> <II = 1> <Delay = 2.33> <FuncUnit> <Opcode : 'hadd' 'hsub'> <InPorts = 2> <OutPorts = 1>
ST_25 : Operation 1307 [5/5] (2.33ns)   --->   "%dot_18 = hadd i16 %dot_17, i16 %prod_18" [../gen/Hls_Layers_UpConv.tpp:126]   --->   Operation 1307 'hadd' 'dot_18' <Predicate = true> <Delay = 2.33> <CoreInst = "HAddSub_fulldsp">   --->   Core 55 'HAddSub_fulldsp' <Latency = 4> <II = 1> <Delay = 2.33> <FuncUnit> <Opcode : 'hadd' 'hsub'> <InPorts = 2> <OutPorts = 1>
ST_25 : Operation 1308 [5/5] (2.33ns)   --->   "%dot_34 = hadd i16 %dot_33, i16 %prod_34" [../gen/Hls_Layers_UpConv.tpp:126]   --->   Operation 1308 'hadd' 'dot_34' <Predicate = true> <Delay = 2.33> <CoreInst = "HAddSub_fulldsp">   --->   Core 55 'HAddSub_fulldsp' <Latency = 4> <II = 1> <Delay = 2.33> <FuncUnit> <Opcode : 'hadd' 'hsub'> <InPorts = 2> <OutPorts = 1>
ST_25 : Operation 1309 [5/5] (2.33ns)   --->   "%dot_50 = hadd i16 %dot_49, i16 %prod_50" [../gen/Hls_Layers_UpConv.tpp:126]   --->   Operation 1309 'hadd' 'dot_50' <Predicate = true> <Delay = 2.33> <CoreInst = "HAddSub_fulldsp">   --->   Core 55 'HAddSub_fulldsp' <Latency = 4> <II = 1> <Delay = 2.33> <FuncUnit> <Opcode : 'hadd' 'hsub'> <InPorts = 2> <OutPorts = 1>
ST_25 : Operation 1310 [5/5] (2.33ns)   --->   "%dot_66 = hadd i16 %dot_65, i16 %prod_66" [../gen/Hls_Layers_UpConv.tpp:126]   --->   Operation 1310 'hadd' 'dot_66' <Predicate = true> <Delay = 2.33> <CoreInst = "HAddSub_fulldsp">   --->   Core 55 'HAddSub_fulldsp' <Latency = 4> <II = 1> <Delay = 2.33> <FuncUnit> <Opcode : 'hadd' 'hsub'> <InPorts = 2> <OutPorts = 1>
ST_25 : Operation 1311 [5/5] (2.33ns)   --->   "%dot_82 = hadd i16 %dot_81, i16 %prod_82" [../gen/Hls_Layers_UpConv.tpp:126]   --->   Operation 1311 'hadd' 'dot_82' <Predicate = true> <Delay = 2.33> <CoreInst = "HAddSub_fulldsp">   --->   Core 55 'HAddSub_fulldsp' <Latency = 4> <II = 1> <Delay = 2.33> <FuncUnit> <Opcode : 'hadd' 'hsub'> <InPorts = 2> <OutPorts = 1>
ST_25 : Operation 1312 [5/5] (2.33ns)   --->   "%dot_98 = hadd i16 %dot_97, i16 %prod_98" [../gen/Hls_Layers_UpConv.tpp:126]   --->   Operation 1312 'hadd' 'dot_98' <Predicate = true> <Delay = 2.33> <CoreInst = "HAddSub_fulldsp">   --->   Core 55 'HAddSub_fulldsp' <Latency = 4> <II = 1> <Delay = 2.33> <FuncUnit> <Opcode : 'hadd' 'hsub'> <InPorts = 2> <OutPorts = 1>
ST_25 : Operation 1313 [5/5] (2.33ns)   --->   "%dot_114 = hadd i16 %dot_113, i16 %prod_114" [../gen/Hls_Layers_UpConv.tpp:126]   --->   Operation 1313 'hadd' 'dot_114' <Predicate = true> <Delay = 2.33> <CoreInst = "HAddSub_fulldsp">   --->   Core 55 'HAddSub_fulldsp' <Latency = 4> <II = 1> <Delay = 2.33> <FuncUnit> <Opcode : 'hadd' 'hsub'> <InPorts = 2> <OutPorts = 1>

State 26 <SV = 25> <Delay = 2.33>
ST_26 : Operation 1314 [4/5] (2.33ns)   --->   "%dot_3 = hadd i16 %dot_2, i16 %prod_3" [../gen/Hls_Layers_UpConv.tpp:126]   --->   Operation 1314 'hadd' 'dot_3' <Predicate = true> <Delay = 2.33> <CoreInst = "HAddSub_fulldsp">   --->   Core 55 'HAddSub_fulldsp' <Latency = 4> <II = 1> <Delay = 2.33> <FuncUnit> <Opcode : 'hadd' 'hsub'> <InPorts = 2> <OutPorts = 1>
ST_26 : Operation 1315 [4/5] (2.33ns)   --->   "%dot_18 = hadd i16 %dot_17, i16 %prod_18" [../gen/Hls_Layers_UpConv.tpp:126]   --->   Operation 1315 'hadd' 'dot_18' <Predicate = true> <Delay = 2.33> <CoreInst = "HAddSub_fulldsp">   --->   Core 55 'HAddSub_fulldsp' <Latency = 4> <II = 1> <Delay = 2.33> <FuncUnit> <Opcode : 'hadd' 'hsub'> <InPorts = 2> <OutPorts = 1>
ST_26 : Operation 1316 [4/5] (2.33ns)   --->   "%dot_34 = hadd i16 %dot_33, i16 %prod_34" [../gen/Hls_Layers_UpConv.tpp:126]   --->   Operation 1316 'hadd' 'dot_34' <Predicate = true> <Delay = 2.33> <CoreInst = "HAddSub_fulldsp">   --->   Core 55 'HAddSub_fulldsp' <Latency = 4> <II = 1> <Delay = 2.33> <FuncUnit> <Opcode : 'hadd' 'hsub'> <InPorts = 2> <OutPorts = 1>
ST_26 : Operation 1317 [4/5] (2.33ns)   --->   "%dot_50 = hadd i16 %dot_49, i16 %prod_50" [../gen/Hls_Layers_UpConv.tpp:126]   --->   Operation 1317 'hadd' 'dot_50' <Predicate = true> <Delay = 2.33> <CoreInst = "HAddSub_fulldsp">   --->   Core 55 'HAddSub_fulldsp' <Latency = 4> <II = 1> <Delay = 2.33> <FuncUnit> <Opcode : 'hadd' 'hsub'> <InPorts = 2> <OutPorts = 1>
ST_26 : Operation 1318 [4/5] (2.33ns)   --->   "%dot_66 = hadd i16 %dot_65, i16 %prod_66" [../gen/Hls_Layers_UpConv.tpp:126]   --->   Operation 1318 'hadd' 'dot_66' <Predicate = true> <Delay = 2.33> <CoreInst = "HAddSub_fulldsp">   --->   Core 55 'HAddSub_fulldsp' <Latency = 4> <II = 1> <Delay = 2.33> <FuncUnit> <Opcode : 'hadd' 'hsub'> <InPorts = 2> <OutPorts = 1>
ST_26 : Operation 1319 [4/5] (2.33ns)   --->   "%dot_82 = hadd i16 %dot_81, i16 %prod_82" [../gen/Hls_Layers_UpConv.tpp:126]   --->   Operation 1319 'hadd' 'dot_82' <Predicate = true> <Delay = 2.33> <CoreInst = "HAddSub_fulldsp">   --->   Core 55 'HAddSub_fulldsp' <Latency = 4> <II = 1> <Delay = 2.33> <FuncUnit> <Opcode : 'hadd' 'hsub'> <InPorts = 2> <OutPorts = 1>
ST_26 : Operation 1320 [4/5] (2.33ns)   --->   "%dot_98 = hadd i16 %dot_97, i16 %prod_98" [../gen/Hls_Layers_UpConv.tpp:126]   --->   Operation 1320 'hadd' 'dot_98' <Predicate = true> <Delay = 2.33> <CoreInst = "HAddSub_fulldsp">   --->   Core 55 'HAddSub_fulldsp' <Latency = 4> <II = 1> <Delay = 2.33> <FuncUnit> <Opcode : 'hadd' 'hsub'> <InPorts = 2> <OutPorts = 1>
ST_26 : Operation 1321 [4/5] (2.33ns)   --->   "%dot_114 = hadd i16 %dot_113, i16 %prod_114" [../gen/Hls_Layers_UpConv.tpp:126]   --->   Operation 1321 'hadd' 'dot_114' <Predicate = true> <Delay = 2.33> <CoreInst = "HAddSub_fulldsp">   --->   Core 55 'HAddSub_fulldsp' <Latency = 4> <II = 1> <Delay = 2.33> <FuncUnit> <Opcode : 'hadd' 'hsub'> <InPorts = 2> <OutPorts = 1>

State 27 <SV = 26> <Delay = 2.33>
ST_27 : Operation 1322 [3/5] (2.33ns)   --->   "%dot_3 = hadd i16 %dot_2, i16 %prod_3" [../gen/Hls_Layers_UpConv.tpp:126]   --->   Operation 1322 'hadd' 'dot_3' <Predicate = true> <Delay = 2.33> <CoreInst = "HAddSub_fulldsp">   --->   Core 55 'HAddSub_fulldsp' <Latency = 4> <II = 1> <Delay = 2.33> <FuncUnit> <Opcode : 'hadd' 'hsub'> <InPorts = 2> <OutPorts = 1>
ST_27 : Operation 1323 [3/5] (2.33ns)   --->   "%dot_18 = hadd i16 %dot_17, i16 %prod_18" [../gen/Hls_Layers_UpConv.tpp:126]   --->   Operation 1323 'hadd' 'dot_18' <Predicate = true> <Delay = 2.33> <CoreInst = "HAddSub_fulldsp">   --->   Core 55 'HAddSub_fulldsp' <Latency = 4> <II = 1> <Delay = 2.33> <FuncUnit> <Opcode : 'hadd' 'hsub'> <InPorts = 2> <OutPorts = 1>
ST_27 : Operation 1324 [3/5] (2.33ns)   --->   "%dot_34 = hadd i16 %dot_33, i16 %prod_34" [../gen/Hls_Layers_UpConv.tpp:126]   --->   Operation 1324 'hadd' 'dot_34' <Predicate = true> <Delay = 2.33> <CoreInst = "HAddSub_fulldsp">   --->   Core 55 'HAddSub_fulldsp' <Latency = 4> <II = 1> <Delay = 2.33> <FuncUnit> <Opcode : 'hadd' 'hsub'> <InPorts = 2> <OutPorts = 1>
ST_27 : Operation 1325 [3/5] (2.33ns)   --->   "%dot_50 = hadd i16 %dot_49, i16 %prod_50" [../gen/Hls_Layers_UpConv.tpp:126]   --->   Operation 1325 'hadd' 'dot_50' <Predicate = true> <Delay = 2.33> <CoreInst = "HAddSub_fulldsp">   --->   Core 55 'HAddSub_fulldsp' <Latency = 4> <II = 1> <Delay = 2.33> <FuncUnit> <Opcode : 'hadd' 'hsub'> <InPorts = 2> <OutPorts = 1>
ST_27 : Operation 1326 [3/5] (2.33ns)   --->   "%dot_66 = hadd i16 %dot_65, i16 %prod_66" [../gen/Hls_Layers_UpConv.tpp:126]   --->   Operation 1326 'hadd' 'dot_66' <Predicate = true> <Delay = 2.33> <CoreInst = "HAddSub_fulldsp">   --->   Core 55 'HAddSub_fulldsp' <Latency = 4> <II = 1> <Delay = 2.33> <FuncUnit> <Opcode : 'hadd' 'hsub'> <InPorts = 2> <OutPorts = 1>
ST_27 : Operation 1327 [3/5] (2.33ns)   --->   "%dot_82 = hadd i16 %dot_81, i16 %prod_82" [../gen/Hls_Layers_UpConv.tpp:126]   --->   Operation 1327 'hadd' 'dot_82' <Predicate = true> <Delay = 2.33> <CoreInst = "HAddSub_fulldsp">   --->   Core 55 'HAddSub_fulldsp' <Latency = 4> <II = 1> <Delay = 2.33> <FuncUnit> <Opcode : 'hadd' 'hsub'> <InPorts = 2> <OutPorts = 1>
ST_27 : Operation 1328 [3/5] (2.33ns)   --->   "%dot_98 = hadd i16 %dot_97, i16 %prod_98" [../gen/Hls_Layers_UpConv.tpp:126]   --->   Operation 1328 'hadd' 'dot_98' <Predicate = true> <Delay = 2.33> <CoreInst = "HAddSub_fulldsp">   --->   Core 55 'HAddSub_fulldsp' <Latency = 4> <II = 1> <Delay = 2.33> <FuncUnit> <Opcode : 'hadd' 'hsub'> <InPorts = 2> <OutPorts = 1>
ST_27 : Operation 1329 [3/5] (2.33ns)   --->   "%dot_114 = hadd i16 %dot_113, i16 %prod_114" [../gen/Hls_Layers_UpConv.tpp:126]   --->   Operation 1329 'hadd' 'dot_114' <Predicate = true> <Delay = 2.33> <CoreInst = "HAddSub_fulldsp">   --->   Core 55 'HAddSub_fulldsp' <Latency = 4> <II = 1> <Delay = 2.33> <FuncUnit> <Opcode : 'hadd' 'hsub'> <InPorts = 2> <OutPorts = 1>

State 28 <SV = 27> <Delay = 2.33>
ST_28 : Operation 1330 [2/5] (2.33ns)   --->   "%dot_3 = hadd i16 %dot_2, i16 %prod_3" [../gen/Hls_Layers_UpConv.tpp:126]   --->   Operation 1330 'hadd' 'dot_3' <Predicate = true> <Delay = 2.33> <CoreInst = "HAddSub_fulldsp">   --->   Core 55 'HAddSub_fulldsp' <Latency = 4> <II = 1> <Delay = 2.33> <FuncUnit> <Opcode : 'hadd' 'hsub'> <InPorts = 2> <OutPorts = 1>
ST_28 : Operation 1331 [2/5] (2.33ns)   --->   "%dot_18 = hadd i16 %dot_17, i16 %prod_18" [../gen/Hls_Layers_UpConv.tpp:126]   --->   Operation 1331 'hadd' 'dot_18' <Predicate = true> <Delay = 2.33> <CoreInst = "HAddSub_fulldsp">   --->   Core 55 'HAddSub_fulldsp' <Latency = 4> <II = 1> <Delay = 2.33> <FuncUnit> <Opcode : 'hadd' 'hsub'> <InPorts = 2> <OutPorts = 1>
ST_28 : Operation 1332 [2/5] (2.33ns)   --->   "%dot_34 = hadd i16 %dot_33, i16 %prod_34" [../gen/Hls_Layers_UpConv.tpp:126]   --->   Operation 1332 'hadd' 'dot_34' <Predicate = true> <Delay = 2.33> <CoreInst = "HAddSub_fulldsp">   --->   Core 55 'HAddSub_fulldsp' <Latency = 4> <II = 1> <Delay = 2.33> <FuncUnit> <Opcode : 'hadd' 'hsub'> <InPorts = 2> <OutPorts = 1>
ST_28 : Operation 1333 [2/5] (2.33ns)   --->   "%dot_50 = hadd i16 %dot_49, i16 %prod_50" [../gen/Hls_Layers_UpConv.tpp:126]   --->   Operation 1333 'hadd' 'dot_50' <Predicate = true> <Delay = 2.33> <CoreInst = "HAddSub_fulldsp">   --->   Core 55 'HAddSub_fulldsp' <Latency = 4> <II = 1> <Delay = 2.33> <FuncUnit> <Opcode : 'hadd' 'hsub'> <InPorts = 2> <OutPorts = 1>
ST_28 : Operation 1334 [2/5] (2.33ns)   --->   "%dot_66 = hadd i16 %dot_65, i16 %prod_66" [../gen/Hls_Layers_UpConv.tpp:126]   --->   Operation 1334 'hadd' 'dot_66' <Predicate = true> <Delay = 2.33> <CoreInst = "HAddSub_fulldsp">   --->   Core 55 'HAddSub_fulldsp' <Latency = 4> <II = 1> <Delay = 2.33> <FuncUnit> <Opcode : 'hadd' 'hsub'> <InPorts = 2> <OutPorts = 1>
ST_28 : Operation 1335 [2/5] (2.33ns)   --->   "%dot_82 = hadd i16 %dot_81, i16 %prod_82" [../gen/Hls_Layers_UpConv.tpp:126]   --->   Operation 1335 'hadd' 'dot_82' <Predicate = true> <Delay = 2.33> <CoreInst = "HAddSub_fulldsp">   --->   Core 55 'HAddSub_fulldsp' <Latency = 4> <II = 1> <Delay = 2.33> <FuncUnit> <Opcode : 'hadd' 'hsub'> <InPorts = 2> <OutPorts = 1>
ST_28 : Operation 1336 [2/5] (2.33ns)   --->   "%dot_98 = hadd i16 %dot_97, i16 %prod_98" [../gen/Hls_Layers_UpConv.tpp:126]   --->   Operation 1336 'hadd' 'dot_98' <Predicate = true> <Delay = 2.33> <CoreInst = "HAddSub_fulldsp">   --->   Core 55 'HAddSub_fulldsp' <Latency = 4> <II = 1> <Delay = 2.33> <FuncUnit> <Opcode : 'hadd' 'hsub'> <InPorts = 2> <OutPorts = 1>
ST_28 : Operation 1337 [2/5] (2.33ns)   --->   "%dot_114 = hadd i16 %dot_113, i16 %prod_114" [../gen/Hls_Layers_UpConv.tpp:126]   --->   Operation 1337 'hadd' 'dot_114' <Predicate = true> <Delay = 2.33> <CoreInst = "HAddSub_fulldsp">   --->   Core 55 'HAddSub_fulldsp' <Latency = 4> <II = 1> <Delay = 2.33> <FuncUnit> <Opcode : 'hadd' 'hsub'> <InPorts = 2> <OutPorts = 1>

State 29 <SV = 28> <Delay = 2.33>
ST_29 : Operation 1338 [1/5] (2.33ns)   --->   "%dot_3 = hadd i16 %dot_2, i16 %prod_3" [../gen/Hls_Layers_UpConv.tpp:126]   --->   Operation 1338 'hadd' 'dot_3' <Predicate = true> <Delay = 2.33> <CoreInst = "HAddSub_fulldsp">   --->   Core 55 'HAddSub_fulldsp' <Latency = 4> <II = 1> <Delay = 2.33> <FuncUnit> <Opcode : 'hadd' 'hsub'> <InPorts = 2> <OutPorts = 1>
ST_29 : Operation 1339 [1/5] (2.33ns)   --->   "%dot_18 = hadd i16 %dot_17, i16 %prod_18" [../gen/Hls_Layers_UpConv.tpp:126]   --->   Operation 1339 'hadd' 'dot_18' <Predicate = true> <Delay = 2.33> <CoreInst = "HAddSub_fulldsp">   --->   Core 55 'HAddSub_fulldsp' <Latency = 4> <II = 1> <Delay = 2.33> <FuncUnit> <Opcode : 'hadd' 'hsub'> <InPorts = 2> <OutPorts = 1>
ST_29 : Operation 1340 [1/5] (2.33ns)   --->   "%dot_34 = hadd i16 %dot_33, i16 %prod_34" [../gen/Hls_Layers_UpConv.tpp:126]   --->   Operation 1340 'hadd' 'dot_34' <Predicate = true> <Delay = 2.33> <CoreInst = "HAddSub_fulldsp">   --->   Core 55 'HAddSub_fulldsp' <Latency = 4> <II = 1> <Delay = 2.33> <FuncUnit> <Opcode : 'hadd' 'hsub'> <InPorts = 2> <OutPorts = 1>
ST_29 : Operation 1341 [1/5] (2.33ns)   --->   "%dot_50 = hadd i16 %dot_49, i16 %prod_50" [../gen/Hls_Layers_UpConv.tpp:126]   --->   Operation 1341 'hadd' 'dot_50' <Predicate = true> <Delay = 2.33> <CoreInst = "HAddSub_fulldsp">   --->   Core 55 'HAddSub_fulldsp' <Latency = 4> <II = 1> <Delay = 2.33> <FuncUnit> <Opcode : 'hadd' 'hsub'> <InPorts = 2> <OutPorts = 1>
ST_29 : Operation 1342 [1/5] (2.33ns)   --->   "%dot_66 = hadd i16 %dot_65, i16 %prod_66" [../gen/Hls_Layers_UpConv.tpp:126]   --->   Operation 1342 'hadd' 'dot_66' <Predicate = true> <Delay = 2.33> <CoreInst = "HAddSub_fulldsp">   --->   Core 55 'HAddSub_fulldsp' <Latency = 4> <II = 1> <Delay = 2.33> <FuncUnit> <Opcode : 'hadd' 'hsub'> <InPorts = 2> <OutPorts = 1>
ST_29 : Operation 1343 [1/5] (2.33ns)   --->   "%dot_82 = hadd i16 %dot_81, i16 %prod_82" [../gen/Hls_Layers_UpConv.tpp:126]   --->   Operation 1343 'hadd' 'dot_82' <Predicate = true> <Delay = 2.33> <CoreInst = "HAddSub_fulldsp">   --->   Core 55 'HAddSub_fulldsp' <Latency = 4> <II = 1> <Delay = 2.33> <FuncUnit> <Opcode : 'hadd' 'hsub'> <InPorts = 2> <OutPorts = 1>
ST_29 : Operation 1344 [1/5] (2.33ns)   --->   "%dot_98 = hadd i16 %dot_97, i16 %prod_98" [../gen/Hls_Layers_UpConv.tpp:126]   --->   Operation 1344 'hadd' 'dot_98' <Predicate = true> <Delay = 2.33> <CoreInst = "HAddSub_fulldsp">   --->   Core 55 'HAddSub_fulldsp' <Latency = 4> <II = 1> <Delay = 2.33> <FuncUnit> <Opcode : 'hadd' 'hsub'> <InPorts = 2> <OutPorts = 1>
ST_29 : Operation 1345 [1/5] (2.33ns)   --->   "%dot_114 = hadd i16 %dot_113, i16 %prod_114" [../gen/Hls_Layers_UpConv.tpp:126]   --->   Operation 1345 'hadd' 'dot_114' <Predicate = true> <Delay = 2.33> <CoreInst = "HAddSub_fulldsp">   --->   Core 55 'HAddSub_fulldsp' <Latency = 4> <II = 1> <Delay = 2.33> <FuncUnit> <Opcode : 'hadd' 'hsub'> <InPorts = 2> <OutPorts = 1>

State 30 <SV = 29> <Delay = 2.33>
ST_30 : Operation 1346 [5/5] (2.33ns)   --->   "%dot_4 = hadd i16 %dot_3, i16 %prod_4" [../gen/Hls_Layers_UpConv.tpp:126]   --->   Operation 1346 'hadd' 'dot_4' <Predicate = true> <Delay = 2.33> <CoreInst = "HAddSub_fulldsp">   --->   Core 55 'HAddSub_fulldsp' <Latency = 4> <II = 1> <Delay = 2.33> <FuncUnit> <Opcode : 'hadd' 'hsub'> <InPorts = 2> <OutPorts = 1>
ST_30 : Operation 1347 [5/5] (2.33ns)   --->   "%dot_19 = hadd i16 %dot_18, i16 %prod_19" [../gen/Hls_Layers_UpConv.tpp:126]   --->   Operation 1347 'hadd' 'dot_19' <Predicate = true> <Delay = 2.33> <CoreInst = "HAddSub_fulldsp">   --->   Core 55 'HAddSub_fulldsp' <Latency = 4> <II = 1> <Delay = 2.33> <FuncUnit> <Opcode : 'hadd' 'hsub'> <InPorts = 2> <OutPorts = 1>
ST_30 : Operation 1348 [5/5] (2.33ns)   --->   "%dot_35 = hadd i16 %dot_34, i16 %prod_35" [../gen/Hls_Layers_UpConv.tpp:126]   --->   Operation 1348 'hadd' 'dot_35' <Predicate = true> <Delay = 2.33> <CoreInst = "HAddSub_fulldsp">   --->   Core 55 'HAddSub_fulldsp' <Latency = 4> <II = 1> <Delay = 2.33> <FuncUnit> <Opcode : 'hadd' 'hsub'> <InPorts = 2> <OutPorts = 1>
ST_30 : Operation 1349 [5/5] (2.33ns)   --->   "%dot_51 = hadd i16 %dot_50, i16 %prod_51" [../gen/Hls_Layers_UpConv.tpp:126]   --->   Operation 1349 'hadd' 'dot_51' <Predicate = true> <Delay = 2.33> <CoreInst = "HAddSub_fulldsp">   --->   Core 55 'HAddSub_fulldsp' <Latency = 4> <II = 1> <Delay = 2.33> <FuncUnit> <Opcode : 'hadd' 'hsub'> <InPorts = 2> <OutPorts = 1>
ST_30 : Operation 1350 [5/5] (2.33ns)   --->   "%dot_67 = hadd i16 %dot_66, i16 %prod_67" [../gen/Hls_Layers_UpConv.tpp:126]   --->   Operation 1350 'hadd' 'dot_67' <Predicate = true> <Delay = 2.33> <CoreInst = "HAddSub_fulldsp">   --->   Core 55 'HAddSub_fulldsp' <Latency = 4> <II = 1> <Delay = 2.33> <FuncUnit> <Opcode : 'hadd' 'hsub'> <InPorts = 2> <OutPorts = 1>
ST_30 : Operation 1351 [5/5] (2.33ns)   --->   "%dot_83 = hadd i16 %dot_82, i16 %prod_83" [../gen/Hls_Layers_UpConv.tpp:126]   --->   Operation 1351 'hadd' 'dot_83' <Predicate = true> <Delay = 2.33> <CoreInst = "HAddSub_fulldsp">   --->   Core 55 'HAddSub_fulldsp' <Latency = 4> <II = 1> <Delay = 2.33> <FuncUnit> <Opcode : 'hadd' 'hsub'> <InPorts = 2> <OutPorts = 1>
ST_30 : Operation 1352 [5/5] (2.33ns)   --->   "%dot_99 = hadd i16 %dot_98, i16 %prod_99" [../gen/Hls_Layers_UpConv.tpp:126]   --->   Operation 1352 'hadd' 'dot_99' <Predicate = true> <Delay = 2.33> <CoreInst = "HAddSub_fulldsp">   --->   Core 55 'HAddSub_fulldsp' <Latency = 4> <II = 1> <Delay = 2.33> <FuncUnit> <Opcode : 'hadd' 'hsub'> <InPorts = 2> <OutPorts = 1>
ST_30 : Operation 1353 [5/5] (2.33ns)   --->   "%dot_115 = hadd i16 %dot_114, i16 %prod_115" [../gen/Hls_Layers_UpConv.tpp:126]   --->   Operation 1353 'hadd' 'dot_115' <Predicate = true> <Delay = 2.33> <CoreInst = "HAddSub_fulldsp">   --->   Core 55 'HAddSub_fulldsp' <Latency = 4> <II = 1> <Delay = 2.33> <FuncUnit> <Opcode : 'hadd' 'hsub'> <InPorts = 2> <OutPorts = 1>

State 31 <SV = 30> <Delay = 2.33>
ST_31 : Operation 1354 [4/5] (2.33ns)   --->   "%dot_4 = hadd i16 %dot_3, i16 %prod_4" [../gen/Hls_Layers_UpConv.tpp:126]   --->   Operation 1354 'hadd' 'dot_4' <Predicate = true> <Delay = 2.33> <CoreInst = "HAddSub_fulldsp">   --->   Core 55 'HAddSub_fulldsp' <Latency = 4> <II = 1> <Delay = 2.33> <FuncUnit> <Opcode : 'hadd' 'hsub'> <InPorts = 2> <OutPorts = 1>
ST_31 : Operation 1355 [4/5] (2.33ns)   --->   "%dot_19 = hadd i16 %dot_18, i16 %prod_19" [../gen/Hls_Layers_UpConv.tpp:126]   --->   Operation 1355 'hadd' 'dot_19' <Predicate = true> <Delay = 2.33> <CoreInst = "HAddSub_fulldsp">   --->   Core 55 'HAddSub_fulldsp' <Latency = 4> <II = 1> <Delay = 2.33> <FuncUnit> <Opcode : 'hadd' 'hsub'> <InPorts = 2> <OutPorts = 1>
ST_31 : Operation 1356 [4/5] (2.33ns)   --->   "%dot_35 = hadd i16 %dot_34, i16 %prod_35" [../gen/Hls_Layers_UpConv.tpp:126]   --->   Operation 1356 'hadd' 'dot_35' <Predicate = true> <Delay = 2.33> <CoreInst = "HAddSub_fulldsp">   --->   Core 55 'HAddSub_fulldsp' <Latency = 4> <II = 1> <Delay = 2.33> <FuncUnit> <Opcode : 'hadd' 'hsub'> <InPorts = 2> <OutPorts = 1>
ST_31 : Operation 1357 [4/5] (2.33ns)   --->   "%dot_51 = hadd i16 %dot_50, i16 %prod_51" [../gen/Hls_Layers_UpConv.tpp:126]   --->   Operation 1357 'hadd' 'dot_51' <Predicate = true> <Delay = 2.33> <CoreInst = "HAddSub_fulldsp">   --->   Core 55 'HAddSub_fulldsp' <Latency = 4> <II = 1> <Delay = 2.33> <FuncUnit> <Opcode : 'hadd' 'hsub'> <InPorts = 2> <OutPorts = 1>
ST_31 : Operation 1358 [4/5] (2.33ns)   --->   "%dot_67 = hadd i16 %dot_66, i16 %prod_67" [../gen/Hls_Layers_UpConv.tpp:126]   --->   Operation 1358 'hadd' 'dot_67' <Predicate = true> <Delay = 2.33> <CoreInst = "HAddSub_fulldsp">   --->   Core 55 'HAddSub_fulldsp' <Latency = 4> <II = 1> <Delay = 2.33> <FuncUnit> <Opcode : 'hadd' 'hsub'> <InPorts = 2> <OutPorts = 1>
ST_31 : Operation 1359 [4/5] (2.33ns)   --->   "%dot_83 = hadd i16 %dot_82, i16 %prod_83" [../gen/Hls_Layers_UpConv.tpp:126]   --->   Operation 1359 'hadd' 'dot_83' <Predicate = true> <Delay = 2.33> <CoreInst = "HAddSub_fulldsp">   --->   Core 55 'HAddSub_fulldsp' <Latency = 4> <II = 1> <Delay = 2.33> <FuncUnit> <Opcode : 'hadd' 'hsub'> <InPorts = 2> <OutPorts = 1>
ST_31 : Operation 1360 [4/5] (2.33ns)   --->   "%dot_99 = hadd i16 %dot_98, i16 %prod_99" [../gen/Hls_Layers_UpConv.tpp:126]   --->   Operation 1360 'hadd' 'dot_99' <Predicate = true> <Delay = 2.33> <CoreInst = "HAddSub_fulldsp">   --->   Core 55 'HAddSub_fulldsp' <Latency = 4> <II = 1> <Delay = 2.33> <FuncUnit> <Opcode : 'hadd' 'hsub'> <InPorts = 2> <OutPorts = 1>
ST_31 : Operation 1361 [4/5] (2.33ns)   --->   "%dot_115 = hadd i16 %dot_114, i16 %prod_115" [../gen/Hls_Layers_UpConv.tpp:126]   --->   Operation 1361 'hadd' 'dot_115' <Predicate = true> <Delay = 2.33> <CoreInst = "HAddSub_fulldsp">   --->   Core 55 'HAddSub_fulldsp' <Latency = 4> <II = 1> <Delay = 2.33> <FuncUnit> <Opcode : 'hadd' 'hsub'> <InPorts = 2> <OutPorts = 1>

State 32 <SV = 31> <Delay = 2.33>
ST_32 : Operation 1362 [3/5] (2.33ns)   --->   "%dot_4 = hadd i16 %dot_3, i16 %prod_4" [../gen/Hls_Layers_UpConv.tpp:126]   --->   Operation 1362 'hadd' 'dot_4' <Predicate = true> <Delay = 2.33> <CoreInst = "HAddSub_fulldsp">   --->   Core 55 'HAddSub_fulldsp' <Latency = 4> <II = 1> <Delay = 2.33> <FuncUnit> <Opcode : 'hadd' 'hsub'> <InPorts = 2> <OutPorts = 1>
ST_32 : Operation 1363 [3/5] (2.33ns)   --->   "%dot_19 = hadd i16 %dot_18, i16 %prod_19" [../gen/Hls_Layers_UpConv.tpp:126]   --->   Operation 1363 'hadd' 'dot_19' <Predicate = true> <Delay = 2.33> <CoreInst = "HAddSub_fulldsp">   --->   Core 55 'HAddSub_fulldsp' <Latency = 4> <II = 1> <Delay = 2.33> <FuncUnit> <Opcode : 'hadd' 'hsub'> <InPorts = 2> <OutPorts = 1>
ST_32 : Operation 1364 [3/5] (2.33ns)   --->   "%dot_35 = hadd i16 %dot_34, i16 %prod_35" [../gen/Hls_Layers_UpConv.tpp:126]   --->   Operation 1364 'hadd' 'dot_35' <Predicate = true> <Delay = 2.33> <CoreInst = "HAddSub_fulldsp">   --->   Core 55 'HAddSub_fulldsp' <Latency = 4> <II = 1> <Delay = 2.33> <FuncUnit> <Opcode : 'hadd' 'hsub'> <InPorts = 2> <OutPorts = 1>
ST_32 : Operation 1365 [3/5] (2.33ns)   --->   "%dot_51 = hadd i16 %dot_50, i16 %prod_51" [../gen/Hls_Layers_UpConv.tpp:126]   --->   Operation 1365 'hadd' 'dot_51' <Predicate = true> <Delay = 2.33> <CoreInst = "HAddSub_fulldsp">   --->   Core 55 'HAddSub_fulldsp' <Latency = 4> <II = 1> <Delay = 2.33> <FuncUnit> <Opcode : 'hadd' 'hsub'> <InPorts = 2> <OutPorts = 1>
ST_32 : Operation 1366 [3/5] (2.33ns)   --->   "%dot_67 = hadd i16 %dot_66, i16 %prod_67" [../gen/Hls_Layers_UpConv.tpp:126]   --->   Operation 1366 'hadd' 'dot_67' <Predicate = true> <Delay = 2.33> <CoreInst = "HAddSub_fulldsp">   --->   Core 55 'HAddSub_fulldsp' <Latency = 4> <II = 1> <Delay = 2.33> <FuncUnit> <Opcode : 'hadd' 'hsub'> <InPorts = 2> <OutPorts = 1>
ST_32 : Operation 1367 [3/5] (2.33ns)   --->   "%dot_83 = hadd i16 %dot_82, i16 %prod_83" [../gen/Hls_Layers_UpConv.tpp:126]   --->   Operation 1367 'hadd' 'dot_83' <Predicate = true> <Delay = 2.33> <CoreInst = "HAddSub_fulldsp">   --->   Core 55 'HAddSub_fulldsp' <Latency = 4> <II = 1> <Delay = 2.33> <FuncUnit> <Opcode : 'hadd' 'hsub'> <InPorts = 2> <OutPorts = 1>
ST_32 : Operation 1368 [3/5] (2.33ns)   --->   "%dot_99 = hadd i16 %dot_98, i16 %prod_99" [../gen/Hls_Layers_UpConv.tpp:126]   --->   Operation 1368 'hadd' 'dot_99' <Predicate = true> <Delay = 2.33> <CoreInst = "HAddSub_fulldsp">   --->   Core 55 'HAddSub_fulldsp' <Latency = 4> <II = 1> <Delay = 2.33> <FuncUnit> <Opcode : 'hadd' 'hsub'> <InPorts = 2> <OutPorts = 1>
ST_32 : Operation 1369 [3/5] (2.33ns)   --->   "%dot_115 = hadd i16 %dot_114, i16 %prod_115" [../gen/Hls_Layers_UpConv.tpp:126]   --->   Operation 1369 'hadd' 'dot_115' <Predicate = true> <Delay = 2.33> <CoreInst = "HAddSub_fulldsp">   --->   Core 55 'HAddSub_fulldsp' <Latency = 4> <II = 1> <Delay = 2.33> <FuncUnit> <Opcode : 'hadd' 'hsub'> <InPorts = 2> <OutPorts = 1>

State 33 <SV = 32> <Delay = 2.33>
ST_33 : Operation 1370 [2/5] (2.33ns)   --->   "%dot_4 = hadd i16 %dot_3, i16 %prod_4" [../gen/Hls_Layers_UpConv.tpp:126]   --->   Operation 1370 'hadd' 'dot_4' <Predicate = true> <Delay = 2.33> <CoreInst = "HAddSub_fulldsp">   --->   Core 55 'HAddSub_fulldsp' <Latency = 4> <II = 1> <Delay = 2.33> <FuncUnit> <Opcode : 'hadd' 'hsub'> <InPorts = 2> <OutPorts = 1>
ST_33 : Operation 1371 [2/5] (2.33ns)   --->   "%dot_19 = hadd i16 %dot_18, i16 %prod_19" [../gen/Hls_Layers_UpConv.tpp:126]   --->   Operation 1371 'hadd' 'dot_19' <Predicate = true> <Delay = 2.33> <CoreInst = "HAddSub_fulldsp">   --->   Core 55 'HAddSub_fulldsp' <Latency = 4> <II = 1> <Delay = 2.33> <FuncUnit> <Opcode : 'hadd' 'hsub'> <InPorts = 2> <OutPorts = 1>
ST_33 : Operation 1372 [2/5] (2.33ns)   --->   "%dot_35 = hadd i16 %dot_34, i16 %prod_35" [../gen/Hls_Layers_UpConv.tpp:126]   --->   Operation 1372 'hadd' 'dot_35' <Predicate = true> <Delay = 2.33> <CoreInst = "HAddSub_fulldsp">   --->   Core 55 'HAddSub_fulldsp' <Latency = 4> <II = 1> <Delay = 2.33> <FuncUnit> <Opcode : 'hadd' 'hsub'> <InPorts = 2> <OutPorts = 1>
ST_33 : Operation 1373 [2/5] (2.33ns)   --->   "%dot_51 = hadd i16 %dot_50, i16 %prod_51" [../gen/Hls_Layers_UpConv.tpp:126]   --->   Operation 1373 'hadd' 'dot_51' <Predicate = true> <Delay = 2.33> <CoreInst = "HAddSub_fulldsp">   --->   Core 55 'HAddSub_fulldsp' <Latency = 4> <II = 1> <Delay = 2.33> <FuncUnit> <Opcode : 'hadd' 'hsub'> <InPorts = 2> <OutPorts = 1>
ST_33 : Operation 1374 [2/5] (2.33ns)   --->   "%dot_67 = hadd i16 %dot_66, i16 %prod_67" [../gen/Hls_Layers_UpConv.tpp:126]   --->   Operation 1374 'hadd' 'dot_67' <Predicate = true> <Delay = 2.33> <CoreInst = "HAddSub_fulldsp">   --->   Core 55 'HAddSub_fulldsp' <Latency = 4> <II = 1> <Delay = 2.33> <FuncUnit> <Opcode : 'hadd' 'hsub'> <InPorts = 2> <OutPorts = 1>
ST_33 : Operation 1375 [2/5] (2.33ns)   --->   "%dot_83 = hadd i16 %dot_82, i16 %prod_83" [../gen/Hls_Layers_UpConv.tpp:126]   --->   Operation 1375 'hadd' 'dot_83' <Predicate = true> <Delay = 2.33> <CoreInst = "HAddSub_fulldsp">   --->   Core 55 'HAddSub_fulldsp' <Latency = 4> <II = 1> <Delay = 2.33> <FuncUnit> <Opcode : 'hadd' 'hsub'> <InPorts = 2> <OutPorts = 1>
ST_33 : Operation 1376 [2/5] (2.33ns)   --->   "%dot_99 = hadd i16 %dot_98, i16 %prod_99" [../gen/Hls_Layers_UpConv.tpp:126]   --->   Operation 1376 'hadd' 'dot_99' <Predicate = true> <Delay = 2.33> <CoreInst = "HAddSub_fulldsp">   --->   Core 55 'HAddSub_fulldsp' <Latency = 4> <II = 1> <Delay = 2.33> <FuncUnit> <Opcode : 'hadd' 'hsub'> <InPorts = 2> <OutPorts = 1>
ST_33 : Operation 1377 [2/5] (2.33ns)   --->   "%dot_115 = hadd i16 %dot_114, i16 %prod_115" [../gen/Hls_Layers_UpConv.tpp:126]   --->   Operation 1377 'hadd' 'dot_115' <Predicate = true> <Delay = 2.33> <CoreInst = "HAddSub_fulldsp">   --->   Core 55 'HAddSub_fulldsp' <Latency = 4> <II = 1> <Delay = 2.33> <FuncUnit> <Opcode : 'hadd' 'hsub'> <InPorts = 2> <OutPorts = 1>

State 34 <SV = 33> <Delay = 2.33>
ST_34 : Operation 1378 [1/5] (2.33ns)   --->   "%dot_4 = hadd i16 %dot_3, i16 %prod_4" [../gen/Hls_Layers_UpConv.tpp:126]   --->   Operation 1378 'hadd' 'dot_4' <Predicate = true> <Delay = 2.33> <CoreInst = "HAddSub_fulldsp">   --->   Core 55 'HAddSub_fulldsp' <Latency = 4> <II = 1> <Delay = 2.33> <FuncUnit> <Opcode : 'hadd' 'hsub'> <InPorts = 2> <OutPorts = 1>
ST_34 : Operation 1379 [1/5] (2.33ns)   --->   "%dot_19 = hadd i16 %dot_18, i16 %prod_19" [../gen/Hls_Layers_UpConv.tpp:126]   --->   Operation 1379 'hadd' 'dot_19' <Predicate = true> <Delay = 2.33> <CoreInst = "HAddSub_fulldsp">   --->   Core 55 'HAddSub_fulldsp' <Latency = 4> <II = 1> <Delay = 2.33> <FuncUnit> <Opcode : 'hadd' 'hsub'> <InPorts = 2> <OutPorts = 1>
ST_34 : Operation 1380 [1/5] (2.33ns)   --->   "%dot_35 = hadd i16 %dot_34, i16 %prod_35" [../gen/Hls_Layers_UpConv.tpp:126]   --->   Operation 1380 'hadd' 'dot_35' <Predicate = true> <Delay = 2.33> <CoreInst = "HAddSub_fulldsp">   --->   Core 55 'HAddSub_fulldsp' <Latency = 4> <II = 1> <Delay = 2.33> <FuncUnit> <Opcode : 'hadd' 'hsub'> <InPorts = 2> <OutPorts = 1>
ST_34 : Operation 1381 [1/5] (2.33ns)   --->   "%dot_51 = hadd i16 %dot_50, i16 %prod_51" [../gen/Hls_Layers_UpConv.tpp:126]   --->   Operation 1381 'hadd' 'dot_51' <Predicate = true> <Delay = 2.33> <CoreInst = "HAddSub_fulldsp">   --->   Core 55 'HAddSub_fulldsp' <Latency = 4> <II = 1> <Delay = 2.33> <FuncUnit> <Opcode : 'hadd' 'hsub'> <InPorts = 2> <OutPorts = 1>
ST_34 : Operation 1382 [1/5] (2.33ns)   --->   "%dot_67 = hadd i16 %dot_66, i16 %prod_67" [../gen/Hls_Layers_UpConv.tpp:126]   --->   Operation 1382 'hadd' 'dot_67' <Predicate = true> <Delay = 2.33> <CoreInst = "HAddSub_fulldsp">   --->   Core 55 'HAddSub_fulldsp' <Latency = 4> <II = 1> <Delay = 2.33> <FuncUnit> <Opcode : 'hadd' 'hsub'> <InPorts = 2> <OutPorts = 1>
ST_34 : Operation 1383 [1/5] (2.33ns)   --->   "%dot_83 = hadd i16 %dot_82, i16 %prod_83" [../gen/Hls_Layers_UpConv.tpp:126]   --->   Operation 1383 'hadd' 'dot_83' <Predicate = true> <Delay = 2.33> <CoreInst = "HAddSub_fulldsp">   --->   Core 55 'HAddSub_fulldsp' <Latency = 4> <II = 1> <Delay = 2.33> <FuncUnit> <Opcode : 'hadd' 'hsub'> <InPorts = 2> <OutPorts = 1>
ST_34 : Operation 1384 [1/5] (2.33ns)   --->   "%dot_99 = hadd i16 %dot_98, i16 %prod_99" [../gen/Hls_Layers_UpConv.tpp:126]   --->   Operation 1384 'hadd' 'dot_99' <Predicate = true> <Delay = 2.33> <CoreInst = "HAddSub_fulldsp">   --->   Core 55 'HAddSub_fulldsp' <Latency = 4> <II = 1> <Delay = 2.33> <FuncUnit> <Opcode : 'hadd' 'hsub'> <InPorts = 2> <OutPorts = 1>
ST_34 : Operation 1385 [1/5] (2.33ns)   --->   "%dot_115 = hadd i16 %dot_114, i16 %prod_115" [../gen/Hls_Layers_UpConv.tpp:126]   --->   Operation 1385 'hadd' 'dot_115' <Predicate = true> <Delay = 2.33> <CoreInst = "HAddSub_fulldsp">   --->   Core 55 'HAddSub_fulldsp' <Latency = 4> <II = 1> <Delay = 2.33> <FuncUnit> <Opcode : 'hadd' 'hsub'> <InPorts = 2> <OutPorts = 1>

State 35 <SV = 34> <Delay = 2.33>
ST_35 : Operation 1386 [5/5] (2.33ns)   --->   "%dot_5 = hadd i16 %dot_4, i16 %prod_5" [../gen/Hls_Layers_UpConv.tpp:126]   --->   Operation 1386 'hadd' 'dot_5' <Predicate = true> <Delay = 2.33> <CoreInst = "HAddSub_fulldsp">   --->   Core 55 'HAddSub_fulldsp' <Latency = 4> <II = 1> <Delay = 2.33> <FuncUnit> <Opcode : 'hadd' 'hsub'> <InPorts = 2> <OutPorts = 1>
ST_35 : Operation 1387 [5/5] (2.33ns)   --->   "%dot_20 = hadd i16 %dot_19, i16 %prod_20" [../gen/Hls_Layers_UpConv.tpp:126]   --->   Operation 1387 'hadd' 'dot_20' <Predicate = true> <Delay = 2.33> <CoreInst = "HAddSub_fulldsp">   --->   Core 55 'HAddSub_fulldsp' <Latency = 4> <II = 1> <Delay = 2.33> <FuncUnit> <Opcode : 'hadd' 'hsub'> <InPorts = 2> <OutPorts = 1>
ST_35 : Operation 1388 [5/5] (2.33ns)   --->   "%dot_36 = hadd i16 %dot_35, i16 %prod_36" [../gen/Hls_Layers_UpConv.tpp:126]   --->   Operation 1388 'hadd' 'dot_36' <Predicate = true> <Delay = 2.33> <CoreInst = "HAddSub_fulldsp">   --->   Core 55 'HAddSub_fulldsp' <Latency = 4> <II = 1> <Delay = 2.33> <FuncUnit> <Opcode : 'hadd' 'hsub'> <InPorts = 2> <OutPorts = 1>
ST_35 : Operation 1389 [5/5] (2.33ns)   --->   "%dot_52 = hadd i16 %dot_51, i16 %prod_52" [../gen/Hls_Layers_UpConv.tpp:126]   --->   Operation 1389 'hadd' 'dot_52' <Predicate = true> <Delay = 2.33> <CoreInst = "HAddSub_fulldsp">   --->   Core 55 'HAddSub_fulldsp' <Latency = 4> <II = 1> <Delay = 2.33> <FuncUnit> <Opcode : 'hadd' 'hsub'> <InPorts = 2> <OutPorts = 1>
ST_35 : Operation 1390 [5/5] (2.33ns)   --->   "%dot_68 = hadd i16 %dot_67, i16 %prod_68" [../gen/Hls_Layers_UpConv.tpp:126]   --->   Operation 1390 'hadd' 'dot_68' <Predicate = true> <Delay = 2.33> <CoreInst = "HAddSub_fulldsp">   --->   Core 55 'HAddSub_fulldsp' <Latency = 4> <II = 1> <Delay = 2.33> <FuncUnit> <Opcode : 'hadd' 'hsub'> <InPorts = 2> <OutPorts = 1>
ST_35 : Operation 1391 [5/5] (2.33ns)   --->   "%dot_84 = hadd i16 %dot_83, i16 %prod_84" [../gen/Hls_Layers_UpConv.tpp:126]   --->   Operation 1391 'hadd' 'dot_84' <Predicate = true> <Delay = 2.33> <CoreInst = "HAddSub_fulldsp">   --->   Core 55 'HAddSub_fulldsp' <Latency = 4> <II = 1> <Delay = 2.33> <FuncUnit> <Opcode : 'hadd' 'hsub'> <InPorts = 2> <OutPorts = 1>
ST_35 : Operation 1392 [5/5] (2.33ns)   --->   "%dot_100 = hadd i16 %dot_99, i16 %prod_100" [../gen/Hls_Layers_UpConv.tpp:126]   --->   Operation 1392 'hadd' 'dot_100' <Predicate = true> <Delay = 2.33> <CoreInst = "HAddSub_fulldsp">   --->   Core 55 'HAddSub_fulldsp' <Latency = 4> <II = 1> <Delay = 2.33> <FuncUnit> <Opcode : 'hadd' 'hsub'> <InPorts = 2> <OutPorts = 1>
ST_35 : Operation 1393 [5/5] (2.33ns)   --->   "%dot_116 = hadd i16 %dot_115, i16 %prod_116" [../gen/Hls_Layers_UpConv.tpp:126]   --->   Operation 1393 'hadd' 'dot_116' <Predicate = true> <Delay = 2.33> <CoreInst = "HAddSub_fulldsp">   --->   Core 55 'HAddSub_fulldsp' <Latency = 4> <II = 1> <Delay = 2.33> <FuncUnit> <Opcode : 'hadd' 'hsub'> <InPorts = 2> <OutPorts = 1>

State 36 <SV = 35> <Delay = 2.33>
ST_36 : Operation 1394 [4/5] (2.33ns)   --->   "%dot_5 = hadd i16 %dot_4, i16 %prod_5" [../gen/Hls_Layers_UpConv.tpp:126]   --->   Operation 1394 'hadd' 'dot_5' <Predicate = true> <Delay = 2.33> <CoreInst = "HAddSub_fulldsp">   --->   Core 55 'HAddSub_fulldsp' <Latency = 4> <II = 1> <Delay = 2.33> <FuncUnit> <Opcode : 'hadd' 'hsub'> <InPorts = 2> <OutPorts = 1>
ST_36 : Operation 1395 [4/5] (2.33ns)   --->   "%dot_20 = hadd i16 %dot_19, i16 %prod_20" [../gen/Hls_Layers_UpConv.tpp:126]   --->   Operation 1395 'hadd' 'dot_20' <Predicate = true> <Delay = 2.33> <CoreInst = "HAddSub_fulldsp">   --->   Core 55 'HAddSub_fulldsp' <Latency = 4> <II = 1> <Delay = 2.33> <FuncUnit> <Opcode : 'hadd' 'hsub'> <InPorts = 2> <OutPorts = 1>
ST_36 : Operation 1396 [4/5] (2.33ns)   --->   "%dot_36 = hadd i16 %dot_35, i16 %prod_36" [../gen/Hls_Layers_UpConv.tpp:126]   --->   Operation 1396 'hadd' 'dot_36' <Predicate = true> <Delay = 2.33> <CoreInst = "HAddSub_fulldsp">   --->   Core 55 'HAddSub_fulldsp' <Latency = 4> <II = 1> <Delay = 2.33> <FuncUnit> <Opcode : 'hadd' 'hsub'> <InPorts = 2> <OutPorts = 1>
ST_36 : Operation 1397 [4/5] (2.33ns)   --->   "%dot_52 = hadd i16 %dot_51, i16 %prod_52" [../gen/Hls_Layers_UpConv.tpp:126]   --->   Operation 1397 'hadd' 'dot_52' <Predicate = true> <Delay = 2.33> <CoreInst = "HAddSub_fulldsp">   --->   Core 55 'HAddSub_fulldsp' <Latency = 4> <II = 1> <Delay = 2.33> <FuncUnit> <Opcode : 'hadd' 'hsub'> <InPorts = 2> <OutPorts = 1>
ST_36 : Operation 1398 [4/5] (2.33ns)   --->   "%dot_68 = hadd i16 %dot_67, i16 %prod_68" [../gen/Hls_Layers_UpConv.tpp:126]   --->   Operation 1398 'hadd' 'dot_68' <Predicate = true> <Delay = 2.33> <CoreInst = "HAddSub_fulldsp">   --->   Core 55 'HAddSub_fulldsp' <Latency = 4> <II = 1> <Delay = 2.33> <FuncUnit> <Opcode : 'hadd' 'hsub'> <InPorts = 2> <OutPorts = 1>
ST_36 : Operation 1399 [4/5] (2.33ns)   --->   "%dot_84 = hadd i16 %dot_83, i16 %prod_84" [../gen/Hls_Layers_UpConv.tpp:126]   --->   Operation 1399 'hadd' 'dot_84' <Predicate = true> <Delay = 2.33> <CoreInst = "HAddSub_fulldsp">   --->   Core 55 'HAddSub_fulldsp' <Latency = 4> <II = 1> <Delay = 2.33> <FuncUnit> <Opcode : 'hadd' 'hsub'> <InPorts = 2> <OutPorts = 1>
ST_36 : Operation 1400 [4/5] (2.33ns)   --->   "%dot_100 = hadd i16 %dot_99, i16 %prod_100" [../gen/Hls_Layers_UpConv.tpp:126]   --->   Operation 1400 'hadd' 'dot_100' <Predicate = true> <Delay = 2.33> <CoreInst = "HAddSub_fulldsp">   --->   Core 55 'HAddSub_fulldsp' <Latency = 4> <II = 1> <Delay = 2.33> <FuncUnit> <Opcode : 'hadd' 'hsub'> <InPorts = 2> <OutPorts = 1>
ST_36 : Operation 1401 [4/5] (2.33ns)   --->   "%dot_116 = hadd i16 %dot_115, i16 %prod_116" [../gen/Hls_Layers_UpConv.tpp:126]   --->   Operation 1401 'hadd' 'dot_116' <Predicate = true> <Delay = 2.33> <CoreInst = "HAddSub_fulldsp">   --->   Core 55 'HAddSub_fulldsp' <Latency = 4> <II = 1> <Delay = 2.33> <FuncUnit> <Opcode : 'hadd' 'hsub'> <InPorts = 2> <OutPorts = 1>

State 37 <SV = 36> <Delay = 2.33>
ST_37 : Operation 1402 [3/5] (2.33ns)   --->   "%dot_5 = hadd i16 %dot_4, i16 %prod_5" [../gen/Hls_Layers_UpConv.tpp:126]   --->   Operation 1402 'hadd' 'dot_5' <Predicate = true> <Delay = 2.33> <CoreInst = "HAddSub_fulldsp">   --->   Core 55 'HAddSub_fulldsp' <Latency = 4> <II = 1> <Delay = 2.33> <FuncUnit> <Opcode : 'hadd' 'hsub'> <InPorts = 2> <OutPorts = 1>
ST_37 : Operation 1403 [3/5] (2.33ns)   --->   "%dot_20 = hadd i16 %dot_19, i16 %prod_20" [../gen/Hls_Layers_UpConv.tpp:126]   --->   Operation 1403 'hadd' 'dot_20' <Predicate = true> <Delay = 2.33> <CoreInst = "HAddSub_fulldsp">   --->   Core 55 'HAddSub_fulldsp' <Latency = 4> <II = 1> <Delay = 2.33> <FuncUnit> <Opcode : 'hadd' 'hsub'> <InPorts = 2> <OutPorts = 1>
ST_37 : Operation 1404 [3/5] (2.33ns)   --->   "%dot_36 = hadd i16 %dot_35, i16 %prod_36" [../gen/Hls_Layers_UpConv.tpp:126]   --->   Operation 1404 'hadd' 'dot_36' <Predicate = true> <Delay = 2.33> <CoreInst = "HAddSub_fulldsp">   --->   Core 55 'HAddSub_fulldsp' <Latency = 4> <II = 1> <Delay = 2.33> <FuncUnit> <Opcode : 'hadd' 'hsub'> <InPorts = 2> <OutPorts = 1>
ST_37 : Operation 1405 [3/5] (2.33ns)   --->   "%dot_52 = hadd i16 %dot_51, i16 %prod_52" [../gen/Hls_Layers_UpConv.tpp:126]   --->   Operation 1405 'hadd' 'dot_52' <Predicate = true> <Delay = 2.33> <CoreInst = "HAddSub_fulldsp">   --->   Core 55 'HAddSub_fulldsp' <Latency = 4> <II = 1> <Delay = 2.33> <FuncUnit> <Opcode : 'hadd' 'hsub'> <InPorts = 2> <OutPorts = 1>
ST_37 : Operation 1406 [3/5] (2.33ns)   --->   "%dot_68 = hadd i16 %dot_67, i16 %prod_68" [../gen/Hls_Layers_UpConv.tpp:126]   --->   Operation 1406 'hadd' 'dot_68' <Predicate = true> <Delay = 2.33> <CoreInst = "HAddSub_fulldsp">   --->   Core 55 'HAddSub_fulldsp' <Latency = 4> <II = 1> <Delay = 2.33> <FuncUnit> <Opcode : 'hadd' 'hsub'> <InPorts = 2> <OutPorts = 1>
ST_37 : Operation 1407 [3/5] (2.33ns)   --->   "%dot_84 = hadd i16 %dot_83, i16 %prod_84" [../gen/Hls_Layers_UpConv.tpp:126]   --->   Operation 1407 'hadd' 'dot_84' <Predicate = true> <Delay = 2.33> <CoreInst = "HAddSub_fulldsp">   --->   Core 55 'HAddSub_fulldsp' <Latency = 4> <II = 1> <Delay = 2.33> <FuncUnit> <Opcode : 'hadd' 'hsub'> <InPorts = 2> <OutPorts = 1>
ST_37 : Operation 1408 [3/5] (2.33ns)   --->   "%dot_100 = hadd i16 %dot_99, i16 %prod_100" [../gen/Hls_Layers_UpConv.tpp:126]   --->   Operation 1408 'hadd' 'dot_100' <Predicate = true> <Delay = 2.33> <CoreInst = "HAddSub_fulldsp">   --->   Core 55 'HAddSub_fulldsp' <Latency = 4> <II = 1> <Delay = 2.33> <FuncUnit> <Opcode : 'hadd' 'hsub'> <InPorts = 2> <OutPorts = 1>
ST_37 : Operation 1409 [3/5] (2.33ns)   --->   "%dot_116 = hadd i16 %dot_115, i16 %prod_116" [../gen/Hls_Layers_UpConv.tpp:126]   --->   Operation 1409 'hadd' 'dot_116' <Predicate = true> <Delay = 2.33> <CoreInst = "HAddSub_fulldsp">   --->   Core 55 'HAddSub_fulldsp' <Latency = 4> <II = 1> <Delay = 2.33> <FuncUnit> <Opcode : 'hadd' 'hsub'> <InPorts = 2> <OutPorts = 1>

State 38 <SV = 37> <Delay = 2.33>
ST_38 : Operation 1410 [2/5] (2.33ns)   --->   "%dot_5 = hadd i16 %dot_4, i16 %prod_5" [../gen/Hls_Layers_UpConv.tpp:126]   --->   Operation 1410 'hadd' 'dot_5' <Predicate = true> <Delay = 2.33> <CoreInst = "HAddSub_fulldsp">   --->   Core 55 'HAddSub_fulldsp' <Latency = 4> <II = 1> <Delay = 2.33> <FuncUnit> <Opcode : 'hadd' 'hsub'> <InPorts = 2> <OutPorts = 1>
ST_38 : Operation 1411 [2/5] (2.33ns)   --->   "%dot_20 = hadd i16 %dot_19, i16 %prod_20" [../gen/Hls_Layers_UpConv.tpp:126]   --->   Operation 1411 'hadd' 'dot_20' <Predicate = true> <Delay = 2.33> <CoreInst = "HAddSub_fulldsp">   --->   Core 55 'HAddSub_fulldsp' <Latency = 4> <II = 1> <Delay = 2.33> <FuncUnit> <Opcode : 'hadd' 'hsub'> <InPorts = 2> <OutPorts = 1>
ST_38 : Operation 1412 [2/5] (2.33ns)   --->   "%dot_36 = hadd i16 %dot_35, i16 %prod_36" [../gen/Hls_Layers_UpConv.tpp:126]   --->   Operation 1412 'hadd' 'dot_36' <Predicate = true> <Delay = 2.33> <CoreInst = "HAddSub_fulldsp">   --->   Core 55 'HAddSub_fulldsp' <Latency = 4> <II = 1> <Delay = 2.33> <FuncUnit> <Opcode : 'hadd' 'hsub'> <InPorts = 2> <OutPorts = 1>
ST_38 : Operation 1413 [2/5] (2.33ns)   --->   "%dot_52 = hadd i16 %dot_51, i16 %prod_52" [../gen/Hls_Layers_UpConv.tpp:126]   --->   Operation 1413 'hadd' 'dot_52' <Predicate = true> <Delay = 2.33> <CoreInst = "HAddSub_fulldsp">   --->   Core 55 'HAddSub_fulldsp' <Latency = 4> <II = 1> <Delay = 2.33> <FuncUnit> <Opcode : 'hadd' 'hsub'> <InPorts = 2> <OutPorts = 1>
ST_38 : Operation 1414 [2/5] (2.33ns)   --->   "%dot_68 = hadd i16 %dot_67, i16 %prod_68" [../gen/Hls_Layers_UpConv.tpp:126]   --->   Operation 1414 'hadd' 'dot_68' <Predicate = true> <Delay = 2.33> <CoreInst = "HAddSub_fulldsp">   --->   Core 55 'HAddSub_fulldsp' <Latency = 4> <II = 1> <Delay = 2.33> <FuncUnit> <Opcode : 'hadd' 'hsub'> <InPorts = 2> <OutPorts = 1>
ST_38 : Operation 1415 [2/5] (2.33ns)   --->   "%dot_84 = hadd i16 %dot_83, i16 %prod_84" [../gen/Hls_Layers_UpConv.tpp:126]   --->   Operation 1415 'hadd' 'dot_84' <Predicate = true> <Delay = 2.33> <CoreInst = "HAddSub_fulldsp">   --->   Core 55 'HAddSub_fulldsp' <Latency = 4> <II = 1> <Delay = 2.33> <FuncUnit> <Opcode : 'hadd' 'hsub'> <InPorts = 2> <OutPorts = 1>
ST_38 : Operation 1416 [2/5] (2.33ns)   --->   "%dot_100 = hadd i16 %dot_99, i16 %prod_100" [../gen/Hls_Layers_UpConv.tpp:126]   --->   Operation 1416 'hadd' 'dot_100' <Predicate = true> <Delay = 2.33> <CoreInst = "HAddSub_fulldsp">   --->   Core 55 'HAddSub_fulldsp' <Latency = 4> <II = 1> <Delay = 2.33> <FuncUnit> <Opcode : 'hadd' 'hsub'> <InPorts = 2> <OutPorts = 1>
ST_38 : Operation 1417 [2/5] (2.33ns)   --->   "%dot_116 = hadd i16 %dot_115, i16 %prod_116" [../gen/Hls_Layers_UpConv.tpp:126]   --->   Operation 1417 'hadd' 'dot_116' <Predicate = true> <Delay = 2.33> <CoreInst = "HAddSub_fulldsp">   --->   Core 55 'HAddSub_fulldsp' <Latency = 4> <II = 1> <Delay = 2.33> <FuncUnit> <Opcode : 'hadd' 'hsub'> <InPorts = 2> <OutPorts = 1>

State 39 <SV = 38> <Delay = 2.33>
ST_39 : Operation 1418 [1/5] (2.33ns)   --->   "%dot_5 = hadd i16 %dot_4, i16 %prod_5" [../gen/Hls_Layers_UpConv.tpp:126]   --->   Operation 1418 'hadd' 'dot_5' <Predicate = true> <Delay = 2.33> <CoreInst = "HAddSub_fulldsp">   --->   Core 55 'HAddSub_fulldsp' <Latency = 4> <II = 1> <Delay = 2.33> <FuncUnit> <Opcode : 'hadd' 'hsub'> <InPorts = 2> <OutPorts = 1>
ST_39 : Operation 1419 [1/5] (2.33ns)   --->   "%dot_20 = hadd i16 %dot_19, i16 %prod_20" [../gen/Hls_Layers_UpConv.tpp:126]   --->   Operation 1419 'hadd' 'dot_20' <Predicate = true> <Delay = 2.33> <CoreInst = "HAddSub_fulldsp">   --->   Core 55 'HAddSub_fulldsp' <Latency = 4> <II = 1> <Delay = 2.33> <FuncUnit> <Opcode : 'hadd' 'hsub'> <InPorts = 2> <OutPorts = 1>
ST_39 : Operation 1420 [1/5] (2.33ns)   --->   "%dot_36 = hadd i16 %dot_35, i16 %prod_36" [../gen/Hls_Layers_UpConv.tpp:126]   --->   Operation 1420 'hadd' 'dot_36' <Predicate = true> <Delay = 2.33> <CoreInst = "HAddSub_fulldsp">   --->   Core 55 'HAddSub_fulldsp' <Latency = 4> <II = 1> <Delay = 2.33> <FuncUnit> <Opcode : 'hadd' 'hsub'> <InPorts = 2> <OutPorts = 1>
ST_39 : Operation 1421 [1/5] (2.33ns)   --->   "%dot_52 = hadd i16 %dot_51, i16 %prod_52" [../gen/Hls_Layers_UpConv.tpp:126]   --->   Operation 1421 'hadd' 'dot_52' <Predicate = true> <Delay = 2.33> <CoreInst = "HAddSub_fulldsp">   --->   Core 55 'HAddSub_fulldsp' <Latency = 4> <II = 1> <Delay = 2.33> <FuncUnit> <Opcode : 'hadd' 'hsub'> <InPorts = 2> <OutPorts = 1>
ST_39 : Operation 1422 [1/5] (2.33ns)   --->   "%dot_68 = hadd i16 %dot_67, i16 %prod_68" [../gen/Hls_Layers_UpConv.tpp:126]   --->   Operation 1422 'hadd' 'dot_68' <Predicate = true> <Delay = 2.33> <CoreInst = "HAddSub_fulldsp">   --->   Core 55 'HAddSub_fulldsp' <Latency = 4> <II = 1> <Delay = 2.33> <FuncUnit> <Opcode : 'hadd' 'hsub'> <InPorts = 2> <OutPorts = 1>
ST_39 : Operation 1423 [1/5] (2.33ns)   --->   "%dot_84 = hadd i16 %dot_83, i16 %prod_84" [../gen/Hls_Layers_UpConv.tpp:126]   --->   Operation 1423 'hadd' 'dot_84' <Predicate = true> <Delay = 2.33> <CoreInst = "HAddSub_fulldsp">   --->   Core 55 'HAddSub_fulldsp' <Latency = 4> <II = 1> <Delay = 2.33> <FuncUnit> <Opcode : 'hadd' 'hsub'> <InPorts = 2> <OutPorts = 1>
ST_39 : Operation 1424 [1/5] (2.33ns)   --->   "%dot_100 = hadd i16 %dot_99, i16 %prod_100" [../gen/Hls_Layers_UpConv.tpp:126]   --->   Operation 1424 'hadd' 'dot_100' <Predicate = true> <Delay = 2.33> <CoreInst = "HAddSub_fulldsp">   --->   Core 55 'HAddSub_fulldsp' <Latency = 4> <II = 1> <Delay = 2.33> <FuncUnit> <Opcode : 'hadd' 'hsub'> <InPorts = 2> <OutPorts = 1>
ST_39 : Operation 1425 [1/5] (2.33ns)   --->   "%dot_116 = hadd i16 %dot_115, i16 %prod_116" [../gen/Hls_Layers_UpConv.tpp:126]   --->   Operation 1425 'hadd' 'dot_116' <Predicate = true> <Delay = 2.33> <CoreInst = "HAddSub_fulldsp">   --->   Core 55 'HAddSub_fulldsp' <Latency = 4> <II = 1> <Delay = 2.33> <FuncUnit> <Opcode : 'hadd' 'hsub'> <InPorts = 2> <OutPorts = 1>

State 40 <SV = 39> <Delay = 2.33>
ST_40 : Operation 1426 [5/5] (2.33ns)   --->   "%dot_6 = hadd i16 %dot_5, i16 %prod_6" [../gen/Hls_Layers_UpConv.tpp:126]   --->   Operation 1426 'hadd' 'dot_6' <Predicate = true> <Delay = 2.33> <CoreInst = "HAddSub_fulldsp">   --->   Core 55 'HAddSub_fulldsp' <Latency = 4> <II = 1> <Delay = 2.33> <FuncUnit> <Opcode : 'hadd' 'hsub'> <InPorts = 2> <OutPorts = 1>
ST_40 : Operation 1427 [5/5] (2.33ns)   --->   "%dot_21 = hadd i16 %dot_20, i16 %prod_21" [../gen/Hls_Layers_UpConv.tpp:126]   --->   Operation 1427 'hadd' 'dot_21' <Predicate = true> <Delay = 2.33> <CoreInst = "HAddSub_fulldsp">   --->   Core 55 'HAddSub_fulldsp' <Latency = 4> <II = 1> <Delay = 2.33> <FuncUnit> <Opcode : 'hadd' 'hsub'> <InPorts = 2> <OutPorts = 1>
ST_40 : Operation 1428 [5/5] (2.33ns)   --->   "%dot_37 = hadd i16 %dot_36, i16 %prod_37" [../gen/Hls_Layers_UpConv.tpp:126]   --->   Operation 1428 'hadd' 'dot_37' <Predicate = true> <Delay = 2.33> <CoreInst = "HAddSub_fulldsp">   --->   Core 55 'HAddSub_fulldsp' <Latency = 4> <II = 1> <Delay = 2.33> <FuncUnit> <Opcode : 'hadd' 'hsub'> <InPorts = 2> <OutPorts = 1>
ST_40 : Operation 1429 [5/5] (2.33ns)   --->   "%dot_53 = hadd i16 %dot_52, i16 %prod_53" [../gen/Hls_Layers_UpConv.tpp:126]   --->   Operation 1429 'hadd' 'dot_53' <Predicate = true> <Delay = 2.33> <CoreInst = "HAddSub_fulldsp">   --->   Core 55 'HAddSub_fulldsp' <Latency = 4> <II = 1> <Delay = 2.33> <FuncUnit> <Opcode : 'hadd' 'hsub'> <InPorts = 2> <OutPorts = 1>
ST_40 : Operation 1430 [5/5] (2.33ns)   --->   "%dot_69 = hadd i16 %dot_68, i16 %prod_69" [../gen/Hls_Layers_UpConv.tpp:126]   --->   Operation 1430 'hadd' 'dot_69' <Predicate = true> <Delay = 2.33> <CoreInst = "HAddSub_fulldsp">   --->   Core 55 'HAddSub_fulldsp' <Latency = 4> <II = 1> <Delay = 2.33> <FuncUnit> <Opcode : 'hadd' 'hsub'> <InPorts = 2> <OutPorts = 1>
ST_40 : Operation 1431 [5/5] (2.33ns)   --->   "%dot_85 = hadd i16 %dot_84, i16 %prod_85" [../gen/Hls_Layers_UpConv.tpp:126]   --->   Operation 1431 'hadd' 'dot_85' <Predicate = true> <Delay = 2.33> <CoreInst = "HAddSub_fulldsp">   --->   Core 55 'HAddSub_fulldsp' <Latency = 4> <II = 1> <Delay = 2.33> <FuncUnit> <Opcode : 'hadd' 'hsub'> <InPorts = 2> <OutPorts = 1>
ST_40 : Operation 1432 [5/5] (2.33ns)   --->   "%dot_101 = hadd i16 %dot_100, i16 %prod_101" [../gen/Hls_Layers_UpConv.tpp:126]   --->   Operation 1432 'hadd' 'dot_101' <Predicate = true> <Delay = 2.33> <CoreInst = "HAddSub_fulldsp">   --->   Core 55 'HAddSub_fulldsp' <Latency = 4> <II = 1> <Delay = 2.33> <FuncUnit> <Opcode : 'hadd' 'hsub'> <InPorts = 2> <OutPorts = 1>
ST_40 : Operation 1433 [5/5] (2.33ns)   --->   "%dot_117 = hadd i16 %dot_116, i16 %prod_117" [../gen/Hls_Layers_UpConv.tpp:126]   --->   Operation 1433 'hadd' 'dot_117' <Predicate = true> <Delay = 2.33> <CoreInst = "HAddSub_fulldsp">   --->   Core 55 'HAddSub_fulldsp' <Latency = 4> <II = 1> <Delay = 2.33> <FuncUnit> <Opcode : 'hadd' 'hsub'> <InPorts = 2> <OutPorts = 1>

State 41 <SV = 40> <Delay = 2.33>
ST_41 : Operation 1434 [4/5] (2.33ns)   --->   "%dot_6 = hadd i16 %dot_5, i16 %prod_6" [../gen/Hls_Layers_UpConv.tpp:126]   --->   Operation 1434 'hadd' 'dot_6' <Predicate = true> <Delay = 2.33> <CoreInst = "HAddSub_fulldsp">   --->   Core 55 'HAddSub_fulldsp' <Latency = 4> <II = 1> <Delay = 2.33> <FuncUnit> <Opcode : 'hadd' 'hsub'> <InPorts = 2> <OutPorts = 1>
ST_41 : Operation 1435 [4/5] (2.33ns)   --->   "%dot_21 = hadd i16 %dot_20, i16 %prod_21" [../gen/Hls_Layers_UpConv.tpp:126]   --->   Operation 1435 'hadd' 'dot_21' <Predicate = true> <Delay = 2.33> <CoreInst = "HAddSub_fulldsp">   --->   Core 55 'HAddSub_fulldsp' <Latency = 4> <II = 1> <Delay = 2.33> <FuncUnit> <Opcode : 'hadd' 'hsub'> <InPorts = 2> <OutPorts = 1>
ST_41 : Operation 1436 [4/5] (2.33ns)   --->   "%dot_37 = hadd i16 %dot_36, i16 %prod_37" [../gen/Hls_Layers_UpConv.tpp:126]   --->   Operation 1436 'hadd' 'dot_37' <Predicate = true> <Delay = 2.33> <CoreInst = "HAddSub_fulldsp">   --->   Core 55 'HAddSub_fulldsp' <Latency = 4> <II = 1> <Delay = 2.33> <FuncUnit> <Opcode : 'hadd' 'hsub'> <InPorts = 2> <OutPorts = 1>
ST_41 : Operation 1437 [4/5] (2.33ns)   --->   "%dot_53 = hadd i16 %dot_52, i16 %prod_53" [../gen/Hls_Layers_UpConv.tpp:126]   --->   Operation 1437 'hadd' 'dot_53' <Predicate = true> <Delay = 2.33> <CoreInst = "HAddSub_fulldsp">   --->   Core 55 'HAddSub_fulldsp' <Latency = 4> <II = 1> <Delay = 2.33> <FuncUnit> <Opcode : 'hadd' 'hsub'> <InPorts = 2> <OutPorts = 1>
ST_41 : Operation 1438 [4/5] (2.33ns)   --->   "%dot_69 = hadd i16 %dot_68, i16 %prod_69" [../gen/Hls_Layers_UpConv.tpp:126]   --->   Operation 1438 'hadd' 'dot_69' <Predicate = true> <Delay = 2.33> <CoreInst = "HAddSub_fulldsp">   --->   Core 55 'HAddSub_fulldsp' <Latency = 4> <II = 1> <Delay = 2.33> <FuncUnit> <Opcode : 'hadd' 'hsub'> <InPorts = 2> <OutPorts = 1>
ST_41 : Operation 1439 [4/5] (2.33ns)   --->   "%dot_85 = hadd i16 %dot_84, i16 %prod_85" [../gen/Hls_Layers_UpConv.tpp:126]   --->   Operation 1439 'hadd' 'dot_85' <Predicate = true> <Delay = 2.33> <CoreInst = "HAddSub_fulldsp">   --->   Core 55 'HAddSub_fulldsp' <Latency = 4> <II = 1> <Delay = 2.33> <FuncUnit> <Opcode : 'hadd' 'hsub'> <InPorts = 2> <OutPorts = 1>
ST_41 : Operation 1440 [4/5] (2.33ns)   --->   "%dot_101 = hadd i16 %dot_100, i16 %prod_101" [../gen/Hls_Layers_UpConv.tpp:126]   --->   Operation 1440 'hadd' 'dot_101' <Predicate = true> <Delay = 2.33> <CoreInst = "HAddSub_fulldsp">   --->   Core 55 'HAddSub_fulldsp' <Latency = 4> <II = 1> <Delay = 2.33> <FuncUnit> <Opcode : 'hadd' 'hsub'> <InPorts = 2> <OutPorts = 1>
ST_41 : Operation 1441 [4/5] (2.33ns)   --->   "%dot_117 = hadd i16 %dot_116, i16 %prod_117" [../gen/Hls_Layers_UpConv.tpp:126]   --->   Operation 1441 'hadd' 'dot_117' <Predicate = true> <Delay = 2.33> <CoreInst = "HAddSub_fulldsp">   --->   Core 55 'HAddSub_fulldsp' <Latency = 4> <II = 1> <Delay = 2.33> <FuncUnit> <Opcode : 'hadd' 'hsub'> <InPorts = 2> <OutPorts = 1>

State 42 <SV = 41> <Delay = 2.33>
ST_42 : Operation 1442 [3/5] (2.33ns)   --->   "%dot_6 = hadd i16 %dot_5, i16 %prod_6" [../gen/Hls_Layers_UpConv.tpp:126]   --->   Operation 1442 'hadd' 'dot_6' <Predicate = true> <Delay = 2.33> <CoreInst = "HAddSub_fulldsp">   --->   Core 55 'HAddSub_fulldsp' <Latency = 4> <II = 1> <Delay = 2.33> <FuncUnit> <Opcode : 'hadd' 'hsub'> <InPorts = 2> <OutPorts = 1>
ST_42 : Operation 1443 [3/5] (2.33ns)   --->   "%dot_21 = hadd i16 %dot_20, i16 %prod_21" [../gen/Hls_Layers_UpConv.tpp:126]   --->   Operation 1443 'hadd' 'dot_21' <Predicate = true> <Delay = 2.33> <CoreInst = "HAddSub_fulldsp">   --->   Core 55 'HAddSub_fulldsp' <Latency = 4> <II = 1> <Delay = 2.33> <FuncUnit> <Opcode : 'hadd' 'hsub'> <InPorts = 2> <OutPorts = 1>
ST_42 : Operation 1444 [3/5] (2.33ns)   --->   "%dot_37 = hadd i16 %dot_36, i16 %prod_37" [../gen/Hls_Layers_UpConv.tpp:126]   --->   Operation 1444 'hadd' 'dot_37' <Predicate = true> <Delay = 2.33> <CoreInst = "HAddSub_fulldsp">   --->   Core 55 'HAddSub_fulldsp' <Latency = 4> <II = 1> <Delay = 2.33> <FuncUnit> <Opcode : 'hadd' 'hsub'> <InPorts = 2> <OutPorts = 1>
ST_42 : Operation 1445 [3/5] (2.33ns)   --->   "%dot_53 = hadd i16 %dot_52, i16 %prod_53" [../gen/Hls_Layers_UpConv.tpp:126]   --->   Operation 1445 'hadd' 'dot_53' <Predicate = true> <Delay = 2.33> <CoreInst = "HAddSub_fulldsp">   --->   Core 55 'HAddSub_fulldsp' <Latency = 4> <II = 1> <Delay = 2.33> <FuncUnit> <Opcode : 'hadd' 'hsub'> <InPorts = 2> <OutPorts = 1>
ST_42 : Operation 1446 [3/5] (2.33ns)   --->   "%dot_69 = hadd i16 %dot_68, i16 %prod_69" [../gen/Hls_Layers_UpConv.tpp:126]   --->   Operation 1446 'hadd' 'dot_69' <Predicate = true> <Delay = 2.33> <CoreInst = "HAddSub_fulldsp">   --->   Core 55 'HAddSub_fulldsp' <Latency = 4> <II = 1> <Delay = 2.33> <FuncUnit> <Opcode : 'hadd' 'hsub'> <InPorts = 2> <OutPorts = 1>
ST_42 : Operation 1447 [3/5] (2.33ns)   --->   "%dot_85 = hadd i16 %dot_84, i16 %prod_85" [../gen/Hls_Layers_UpConv.tpp:126]   --->   Operation 1447 'hadd' 'dot_85' <Predicate = true> <Delay = 2.33> <CoreInst = "HAddSub_fulldsp">   --->   Core 55 'HAddSub_fulldsp' <Latency = 4> <II = 1> <Delay = 2.33> <FuncUnit> <Opcode : 'hadd' 'hsub'> <InPorts = 2> <OutPorts = 1>
ST_42 : Operation 1448 [3/5] (2.33ns)   --->   "%dot_101 = hadd i16 %dot_100, i16 %prod_101" [../gen/Hls_Layers_UpConv.tpp:126]   --->   Operation 1448 'hadd' 'dot_101' <Predicate = true> <Delay = 2.33> <CoreInst = "HAddSub_fulldsp">   --->   Core 55 'HAddSub_fulldsp' <Latency = 4> <II = 1> <Delay = 2.33> <FuncUnit> <Opcode : 'hadd' 'hsub'> <InPorts = 2> <OutPorts = 1>
ST_42 : Operation 1449 [3/5] (2.33ns)   --->   "%dot_117 = hadd i16 %dot_116, i16 %prod_117" [../gen/Hls_Layers_UpConv.tpp:126]   --->   Operation 1449 'hadd' 'dot_117' <Predicate = true> <Delay = 2.33> <CoreInst = "HAddSub_fulldsp">   --->   Core 55 'HAddSub_fulldsp' <Latency = 4> <II = 1> <Delay = 2.33> <FuncUnit> <Opcode : 'hadd' 'hsub'> <InPorts = 2> <OutPorts = 1>

State 43 <SV = 42> <Delay = 2.33>
ST_43 : Operation 1450 [2/5] (2.33ns)   --->   "%dot_6 = hadd i16 %dot_5, i16 %prod_6" [../gen/Hls_Layers_UpConv.tpp:126]   --->   Operation 1450 'hadd' 'dot_6' <Predicate = true> <Delay = 2.33> <CoreInst = "HAddSub_fulldsp">   --->   Core 55 'HAddSub_fulldsp' <Latency = 4> <II = 1> <Delay = 2.33> <FuncUnit> <Opcode : 'hadd' 'hsub'> <InPorts = 2> <OutPorts = 1>
ST_43 : Operation 1451 [2/5] (2.33ns)   --->   "%dot_21 = hadd i16 %dot_20, i16 %prod_21" [../gen/Hls_Layers_UpConv.tpp:126]   --->   Operation 1451 'hadd' 'dot_21' <Predicate = true> <Delay = 2.33> <CoreInst = "HAddSub_fulldsp">   --->   Core 55 'HAddSub_fulldsp' <Latency = 4> <II = 1> <Delay = 2.33> <FuncUnit> <Opcode : 'hadd' 'hsub'> <InPorts = 2> <OutPorts = 1>
ST_43 : Operation 1452 [2/5] (2.33ns)   --->   "%dot_37 = hadd i16 %dot_36, i16 %prod_37" [../gen/Hls_Layers_UpConv.tpp:126]   --->   Operation 1452 'hadd' 'dot_37' <Predicate = true> <Delay = 2.33> <CoreInst = "HAddSub_fulldsp">   --->   Core 55 'HAddSub_fulldsp' <Latency = 4> <II = 1> <Delay = 2.33> <FuncUnit> <Opcode : 'hadd' 'hsub'> <InPorts = 2> <OutPorts = 1>
ST_43 : Operation 1453 [2/5] (2.33ns)   --->   "%dot_53 = hadd i16 %dot_52, i16 %prod_53" [../gen/Hls_Layers_UpConv.tpp:126]   --->   Operation 1453 'hadd' 'dot_53' <Predicate = true> <Delay = 2.33> <CoreInst = "HAddSub_fulldsp">   --->   Core 55 'HAddSub_fulldsp' <Latency = 4> <II = 1> <Delay = 2.33> <FuncUnit> <Opcode : 'hadd' 'hsub'> <InPorts = 2> <OutPorts = 1>
ST_43 : Operation 1454 [2/5] (2.33ns)   --->   "%dot_69 = hadd i16 %dot_68, i16 %prod_69" [../gen/Hls_Layers_UpConv.tpp:126]   --->   Operation 1454 'hadd' 'dot_69' <Predicate = true> <Delay = 2.33> <CoreInst = "HAddSub_fulldsp">   --->   Core 55 'HAddSub_fulldsp' <Latency = 4> <II = 1> <Delay = 2.33> <FuncUnit> <Opcode : 'hadd' 'hsub'> <InPorts = 2> <OutPorts = 1>
ST_43 : Operation 1455 [2/5] (2.33ns)   --->   "%dot_85 = hadd i16 %dot_84, i16 %prod_85" [../gen/Hls_Layers_UpConv.tpp:126]   --->   Operation 1455 'hadd' 'dot_85' <Predicate = true> <Delay = 2.33> <CoreInst = "HAddSub_fulldsp">   --->   Core 55 'HAddSub_fulldsp' <Latency = 4> <II = 1> <Delay = 2.33> <FuncUnit> <Opcode : 'hadd' 'hsub'> <InPorts = 2> <OutPorts = 1>
ST_43 : Operation 1456 [2/5] (2.33ns)   --->   "%dot_101 = hadd i16 %dot_100, i16 %prod_101" [../gen/Hls_Layers_UpConv.tpp:126]   --->   Operation 1456 'hadd' 'dot_101' <Predicate = true> <Delay = 2.33> <CoreInst = "HAddSub_fulldsp">   --->   Core 55 'HAddSub_fulldsp' <Latency = 4> <II = 1> <Delay = 2.33> <FuncUnit> <Opcode : 'hadd' 'hsub'> <InPorts = 2> <OutPorts = 1>
ST_43 : Operation 1457 [2/5] (2.33ns)   --->   "%dot_117 = hadd i16 %dot_116, i16 %prod_117" [../gen/Hls_Layers_UpConv.tpp:126]   --->   Operation 1457 'hadd' 'dot_117' <Predicate = true> <Delay = 2.33> <CoreInst = "HAddSub_fulldsp">   --->   Core 55 'HAddSub_fulldsp' <Latency = 4> <II = 1> <Delay = 2.33> <FuncUnit> <Opcode : 'hadd' 'hsub'> <InPorts = 2> <OutPorts = 1>

State 44 <SV = 43> <Delay = 2.33>
ST_44 : Operation 1458 [1/5] (2.33ns)   --->   "%dot_6 = hadd i16 %dot_5, i16 %prod_6" [../gen/Hls_Layers_UpConv.tpp:126]   --->   Operation 1458 'hadd' 'dot_6' <Predicate = true> <Delay = 2.33> <CoreInst = "HAddSub_fulldsp">   --->   Core 55 'HAddSub_fulldsp' <Latency = 4> <II = 1> <Delay = 2.33> <FuncUnit> <Opcode : 'hadd' 'hsub'> <InPorts = 2> <OutPorts = 1>
ST_44 : Operation 1459 [1/5] (2.33ns)   --->   "%dot_21 = hadd i16 %dot_20, i16 %prod_21" [../gen/Hls_Layers_UpConv.tpp:126]   --->   Operation 1459 'hadd' 'dot_21' <Predicate = true> <Delay = 2.33> <CoreInst = "HAddSub_fulldsp">   --->   Core 55 'HAddSub_fulldsp' <Latency = 4> <II = 1> <Delay = 2.33> <FuncUnit> <Opcode : 'hadd' 'hsub'> <InPorts = 2> <OutPorts = 1>
ST_44 : Operation 1460 [1/5] (2.33ns)   --->   "%dot_37 = hadd i16 %dot_36, i16 %prod_37" [../gen/Hls_Layers_UpConv.tpp:126]   --->   Operation 1460 'hadd' 'dot_37' <Predicate = true> <Delay = 2.33> <CoreInst = "HAddSub_fulldsp">   --->   Core 55 'HAddSub_fulldsp' <Latency = 4> <II = 1> <Delay = 2.33> <FuncUnit> <Opcode : 'hadd' 'hsub'> <InPorts = 2> <OutPorts = 1>
ST_44 : Operation 1461 [1/5] (2.33ns)   --->   "%dot_53 = hadd i16 %dot_52, i16 %prod_53" [../gen/Hls_Layers_UpConv.tpp:126]   --->   Operation 1461 'hadd' 'dot_53' <Predicate = true> <Delay = 2.33> <CoreInst = "HAddSub_fulldsp">   --->   Core 55 'HAddSub_fulldsp' <Latency = 4> <II = 1> <Delay = 2.33> <FuncUnit> <Opcode : 'hadd' 'hsub'> <InPorts = 2> <OutPorts = 1>
ST_44 : Operation 1462 [1/5] (2.33ns)   --->   "%dot_69 = hadd i16 %dot_68, i16 %prod_69" [../gen/Hls_Layers_UpConv.tpp:126]   --->   Operation 1462 'hadd' 'dot_69' <Predicate = true> <Delay = 2.33> <CoreInst = "HAddSub_fulldsp">   --->   Core 55 'HAddSub_fulldsp' <Latency = 4> <II = 1> <Delay = 2.33> <FuncUnit> <Opcode : 'hadd' 'hsub'> <InPorts = 2> <OutPorts = 1>
ST_44 : Operation 1463 [1/5] (2.33ns)   --->   "%dot_85 = hadd i16 %dot_84, i16 %prod_85" [../gen/Hls_Layers_UpConv.tpp:126]   --->   Operation 1463 'hadd' 'dot_85' <Predicate = true> <Delay = 2.33> <CoreInst = "HAddSub_fulldsp">   --->   Core 55 'HAddSub_fulldsp' <Latency = 4> <II = 1> <Delay = 2.33> <FuncUnit> <Opcode : 'hadd' 'hsub'> <InPorts = 2> <OutPorts = 1>
ST_44 : Operation 1464 [1/5] (2.33ns)   --->   "%dot_101 = hadd i16 %dot_100, i16 %prod_101" [../gen/Hls_Layers_UpConv.tpp:126]   --->   Operation 1464 'hadd' 'dot_101' <Predicate = true> <Delay = 2.33> <CoreInst = "HAddSub_fulldsp">   --->   Core 55 'HAddSub_fulldsp' <Latency = 4> <II = 1> <Delay = 2.33> <FuncUnit> <Opcode : 'hadd' 'hsub'> <InPorts = 2> <OutPorts = 1>
ST_44 : Operation 1465 [1/5] (2.33ns)   --->   "%dot_117 = hadd i16 %dot_116, i16 %prod_117" [../gen/Hls_Layers_UpConv.tpp:126]   --->   Operation 1465 'hadd' 'dot_117' <Predicate = true> <Delay = 2.33> <CoreInst = "HAddSub_fulldsp">   --->   Core 55 'HAddSub_fulldsp' <Latency = 4> <II = 1> <Delay = 2.33> <FuncUnit> <Opcode : 'hadd' 'hsub'> <InPorts = 2> <OutPorts = 1>

State 45 <SV = 44> <Delay = 2.33>
ST_45 : Operation 1466 [5/5] (2.33ns)   --->   "%dot_7 = hadd i16 %dot_6, i16 %prod_7" [../gen/Hls_Layers_UpConv.tpp:126]   --->   Operation 1466 'hadd' 'dot_7' <Predicate = true> <Delay = 2.33> <CoreInst = "HAddSub_fulldsp">   --->   Core 55 'HAddSub_fulldsp' <Latency = 4> <II = 1> <Delay = 2.33> <FuncUnit> <Opcode : 'hadd' 'hsub'> <InPorts = 2> <OutPorts = 1>
ST_45 : Operation 1467 [5/5] (2.33ns)   --->   "%dot_22 = hadd i16 %dot_21, i16 %prod_22" [../gen/Hls_Layers_UpConv.tpp:126]   --->   Operation 1467 'hadd' 'dot_22' <Predicate = true> <Delay = 2.33> <CoreInst = "HAddSub_fulldsp">   --->   Core 55 'HAddSub_fulldsp' <Latency = 4> <II = 1> <Delay = 2.33> <FuncUnit> <Opcode : 'hadd' 'hsub'> <InPorts = 2> <OutPorts = 1>
ST_45 : Operation 1468 [5/5] (2.33ns)   --->   "%dot_38 = hadd i16 %dot_37, i16 %prod_38" [../gen/Hls_Layers_UpConv.tpp:126]   --->   Operation 1468 'hadd' 'dot_38' <Predicate = true> <Delay = 2.33> <CoreInst = "HAddSub_fulldsp">   --->   Core 55 'HAddSub_fulldsp' <Latency = 4> <II = 1> <Delay = 2.33> <FuncUnit> <Opcode : 'hadd' 'hsub'> <InPorts = 2> <OutPorts = 1>
ST_45 : Operation 1469 [5/5] (2.33ns)   --->   "%dot_54 = hadd i16 %dot_53, i16 %prod_54" [../gen/Hls_Layers_UpConv.tpp:126]   --->   Operation 1469 'hadd' 'dot_54' <Predicate = true> <Delay = 2.33> <CoreInst = "HAddSub_fulldsp">   --->   Core 55 'HAddSub_fulldsp' <Latency = 4> <II = 1> <Delay = 2.33> <FuncUnit> <Opcode : 'hadd' 'hsub'> <InPorts = 2> <OutPorts = 1>
ST_45 : Operation 1470 [5/5] (2.33ns)   --->   "%dot_70 = hadd i16 %dot_69, i16 %prod_70" [../gen/Hls_Layers_UpConv.tpp:126]   --->   Operation 1470 'hadd' 'dot_70' <Predicate = true> <Delay = 2.33> <CoreInst = "HAddSub_fulldsp">   --->   Core 55 'HAddSub_fulldsp' <Latency = 4> <II = 1> <Delay = 2.33> <FuncUnit> <Opcode : 'hadd' 'hsub'> <InPorts = 2> <OutPorts = 1>
ST_45 : Operation 1471 [5/5] (2.33ns)   --->   "%dot_86 = hadd i16 %dot_85, i16 %prod_86" [../gen/Hls_Layers_UpConv.tpp:126]   --->   Operation 1471 'hadd' 'dot_86' <Predicate = true> <Delay = 2.33> <CoreInst = "HAddSub_fulldsp">   --->   Core 55 'HAddSub_fulldsp' <Latency = 4> <II = 1> <Delay = 2.33> <FuncUnit> <Opcode : 'hadd' 'hsub'> <InPorts = 2> <OutPorts = 1>
ST_45 : Operation 1472 [5/5] (2.33ns)   --->   "%dot_102 = hadd i16 %dot_101, i16 %prod_102" [../gen/Hls_Layers_UpConv.tpp:126]   --->   Operation 1472 'hadd' 'dot_102' <Predicate = true> <Delay = 2.33> <CoreInst = "HAddSub_fulldsp">   --->   Core 55 'HAddSub_fulldsp' <Latency = 4> <II = 1> <Delay = 2.33> <FuncUnit> <Opcode : 'hadd' 'hsub'> <InPorts = 2> <OutPorts = 1>
ST_45 : Operation 1473 [5/5] (2.33ns)   --->   "%dot_118 = hadd i16 %dot_117, i16 %prod_118" [../gen/Hls_Layers_UpConv.tpp:126]   --->   Operation 1473 'hadd' 'dot_118' <Predicate = true> <Delay = 2.33> <CoreInst = "HAddSub_fulldsp">   --->   Core 55 'HAddSub_fulldsp' <Latency = 4> <II = 1> <Delay = 2.33> <FuncUnit> <Opcode : 'hadd' 'hsub'> <InPorts = 2> <OutPorts = 1>

State 46 <SV = 45> <Delay = 2.33>
ST_46 : Operation 1474 [4/5] (2.33ns)   --->   "%dot_7 = hadd i16 %dot_6, i16 %prod_7" [../gen/Hls_Layers_UpConv.tpp:126]   --->   Operation 1474 'hadd' 'dot_7' <Predicate = true> <Delay = 2.33> <CoreInst = "HAddSub_fulldsp">   --->   Core 55 'HAddSub_fulldsp' <Latency = 4> <II = 1> <Delay = 2.33> <FuncUnit> <Opcode : 'hadd' 'hsub'> <InPorts = 2> <OutPorts = 1>
ST_46 : Operation 1475 [4/5] (2.33ns)   --->   "%dot_22 = hadd i16 %dot_21, i16 %prod_22" [../gen/Hls_Layers_UpConv.tpp:126]   --->   Operation 1475 'hadd' 'dot_22' <Predicate = true> <Delay = 2.33> <CoreInst = "HAddSub_fulldsp">   --->   Core 55 'HAddSub_fulldsp' <Latency = 4> <II = 1> <Delay = 2.33> <FuncUnit> <Opcode : 'hadd' 'hsub'> <InPorts = 2> <OutPorts = 1>
ST_46 : Operation 1476 [4/5] (2.33ns)   --->   "%dot_38 = hadd i16 %dot_37, i16 %prod_38" [../gen/Hls_Layers_UpConv.tpp:126]   --->   Operation 1476 'hadd' 'dot_38' <Predicate = true> <Delay = 2.33> <CoreInst = "HAddSub_fulldsp">   --->   Core 55 'HAddSub_fulldsp' <Latency = 4> <II = 1> <Delay = 2.33> <FuncUnit> <Opcode : 'hadd' 'hsub'> <InPorts = 2> <OutPorts = 1>
ST_46 : Operation 1477 [4/5] (2.33ns)   --->   "%dot_54 = hadd i16 %dot_53, i16 %prod_54" [../gen/Hls_Layers_UpConv.tpp:126]   --->   Operation 1477 'hadd' 'dot_54' <Predicate = true> <Delay = 2.33> <CoreInst = "HAddSub_fulldsp">   --->   Core 55 'HAddSub_fulldsp' <Latency = 4> <II = 1> <Delay = 2.33> <FuncUnit> <Opcode : 'hadd' 'hsub'> <InPorts = 2> <OutPorts = 1>
ST_46 : Operation 1478 [4/5] (2.33ns)   --->   "%dot_70 = hadd i16 %dot_69, i16 %prod_70" [../gen/Hls_Layers_UpConv.tpp:126]   --->   Operation 1478 'hadd' 'dot_70' <Predicate = true> <Delay = 2.33> <CoreInst = "HAddSub_fulldsp">   --->   Core 55 'HAddSub_fulldsp' <Latency = 4> <II = 1> <Delay = 2.33> <FuncUnit> <Opcode : 'hadd' 'hsub'> <InPorts = 2> <OutPorts = 1>
ST_46 : Operation 1479 [4/5] (2.33ns)   --->   "%dot_86 = hadd i16 %dot_85, i16 %prod_86" [../gen/Hls_Layers_UpConv.tpp:126]   --->   Operation 1479 'hadd' 'dot_86' <Predicate = true> <Delay = 2.33> <CoreInst = "HAddSub_fulldsp">   --->   Core 55 'HAddSub_fulldsp' <Latency = 4> <II = 1> <Delay = 2.33> <FuncUnit> <Opcode : 'hadd' 'hsub'> <InPorts = 2> <OutPorts = 1>
ST_46 : Operation 1480 [4/5] (2.33ns)   --->   "%dot_102 = hadd i16 %dot_101, i16 %prod_102" [../gen/Hls_Layers_UpConv.tpp:126]   --->   Operation 1480 'hadd' 'dot_102' <Predicate = true> <Delay = 2.33> <CoreInst = "HAddSub_fulldsp">   --->   Core 55 'HAddSub_fulldsp' <Latency = 4> <II = 1> <Delay = 2.33> <FuncUnit> <Opcode : 'hadd' 'hsub'> <InPorts = 2> <OutPorts = 1>
ST_46 : Operation 1481 [4/5] (2.33ns)   --->   "%dot_118 = hadd i16 %dot_117, i16 %prod_118" [../gen/Hls_Layers_UpConv.tpp:126]   --->   Operation 1481 'hadd' 'dot_118' <Predicate = true> <Delay = 2.33> <CoreInst = "HAddSub_fulldsp">   --->   Core 55 'HAddSub_fulldsp' <Latency = 4> <II = 1> <Delay = 2.33> <FuncUnit> <Opcode : 'hadd' 'hsub'> <InPorts = 2> <OutPorts = 1>

State 47 <SV = 46> <Delay = 2.33>
ST_47 : Operation 1482 [3/5] (2.33ns)   --->   "%dot_7 = hadd i16 %dot_6, i16 %prod_7" [../gen/Hls_Layers_UpConv.tpp:126]   --->   Operation 1482 'hadd' 'dot_7' <Predicate = true> <Delay = 2.33> <CoreInst = "HAddSub_fulldsp">   --->   Core 55 'HAddSub_fulldsp' <Latency = 4> <II = 1> <Delay = 2.33> <FuncUnit> <Opcode : 'hadd' 'hsub'> <InPorts = 2> <OutPorts = 1>
ST_47 : Operation 1483 [3/5] (2.33ns)   --->   "%dot_22 = hadd i16 %dot_21, i16 %prod_22" [../gen/Hls_Layers_UpConv.tpp:126]   --->   Operation 1483 'hadd' 'dot_22' <Predicate = true> <Delay = 2.33> <CoreInst = "HAddSub_fulldsp">   --->   Core 55 'HAddSub_fulldsp' <Latency = 4> <II = 1> <Delay = 2.33> <FuncUnit> <Opcode : 'hadd' 'hsub'> <InPorts = 2> <OutPorts = 1>
ST_47 : Operation 1484 [3/5] (2.33ns)   --->   "%dot_38 = hadd i16 %dot_37, i16 %prod_38" [../gen/Hls_Layers_UpConv.tpp:126]   --->   Operation 1484 'hadd' 'dot_38' <Predicate = true> <Delay = 2.33> <CoreInst = "HAddSub_fulldsp">   --->   Core 55 'HAddSub_fulldsp' <Latency = 4> <II = 1> <Delay = 2.33> <FuncUnit> <Opcode : 'hadd' 'hsub'> <InPorts = 2> <OutPorts = 1>
ST_47 : Operation 1485 [3/5] (2.33ns)   --->   "%dot_54 = hadd i16 %dot_53, i16 %prod_54" [../gen/Hls_Layers_UpConv.tpp:126]   --->   Operation 1485 'hadd' 'dot_54' <Predicate = true> <Delay = 2.33> <CoreInst = "HAddSub_fulldsp">   --->   Core 55 'HAddSub_fulldsp' <Latency = 4> <II = 1> <Delay = 2.33> <FuncUnit> <Opcode : 'hadd' 'hsub'> <InPorts = 2> <OutPorts = 1>
ST_47 : Operation 1486 [3/5] (2.33ns)   --->   "%dot_70 = hadd i16 %dot_69, i16 %prod_70" [../gen/Hls_Layers_UpConv.tpp:126]   --->   Operation 1486 'hadd' 'dot_70' <Predicate = true> <Delay = 2.33> <CoreInst = "HAddSub_fulldsp">   --->   Core 55 'HAddSub_fulldsp' <Latency = 4> <II = 1> <Delay = 2.33> <FuncUnit> <Opcode : 'hadd' 'hsub'> <InPorts = 2> <OutPorts = 1>
ST_47 : Operation 1487 [3/5] (2.33ns)   --->   "%dot_86 = hadd i16 %dot_85, i16 %prod_86" [../gen/Hls_Layers_UpConv.tpp:126]   --->   Operation 1487 'hadd' 'dot_86' <Predicate = true> <Delay = 2.33> <CoreInst = "HAddSub_fulldsp">   --->   Core 55 'HAddSub_fulldsp' <Latency = 4> <II = 1> <Delay = 2.33> <FuncUnit> <Opcode : 'hadd' 'hsub'> <InPorts = 2> <OutPorts = 1>
ST_47 : Operation 1488 [3/5] (2.33ns)   --->   "%dot_102 = hadd i16 %dot_101, i16 %prod_102" [../gen/Hls_Layers_UpConv.tpp:126]   --->   Operation 1488 'hadd' 'dot_102' <Predicate = true> <Delay = 2.33> <CoreInst = "HAddSub_fulldsp">   --->   Core 55 'HAddSub_fulldsp' <Latency = 4> <II = 1> <Delay = 2.33> <FuncUnit> <Opcode : 'hadd' 'hsub'> <InPorts = 2> <OutPorts = 1>
ST_47 : Operation 1489 [3/5] (2.33ns)   --->   "%dot_118 = hadd i16 %dot_117, i16 %prod_118" [../gen/Hls_Layers_UpConv.tpp:126]   --->   Operation 1489 'hadd' 'dot_118' <Predicate = true> <Delay = 2.33> <CoreInst = "HAddSub_fulldsp">   --->   Core 55 'HAddSub_fulldsp' <Latency = 4> <II = 1> <Delay = 2.33> <FuncUnit> <Opcode : 'hadd' 'hsub'> <InPorts = 2> <OutPorts = 1>

State 48 <SV = 47> <Delay = 2.33>
ST_48 : Operation 1490 [2/5] (2.33ns)   --->   "%dot_7 = hadd i16 %dot_6, i16 %prod_7" [../gen/Hls_Layers_UpConv.tpp:126]   --->   Operation 1490 'hadd' 'dot_7' <Predicate = true> <Delay = 2.33> <CoreInst = "HAddSub_fulldsp">   --->   Core 55 'HAddSub_fulldsp' <Latency = 4> <II = 1> <Delay = 2.33> <FuncUnit> <Opcode : 'hadd' 'hsub'> <InPorts = 2> <OutPorts = 1>
ST_48 : Operation 1491 [2/5] (2.33ns)   --->   "%dot_22 = hadd i16 %dot_21, i16 %prod_22" [../gen/Hls_Layers_UpConv.tpp:126]   --->   Operation 1491 'hadd' 'dot_22' <Predicate = true> <Delay = 2.33> <CoreInst = "HAddSub_fulldsp">   --->   Core 55 'HAddSub_fulldsp' <Latency = 4> <II = 1> <Delay = 2.33> <FuncUnit> <Opcode : 'hadd' 'hsub'> <InPorts = 2> <OutPorts = 1>
ST_48 : Operation 1492 [2/5] (2.33ns)   --->   "%dot_38 = hadd i16 %dot_37, i16 %prod_38" [../gen/Hls_Layers_UpConv.tpp:126]   --->   Operation 1492 'hadd' 'dot_38' <Predicate = true> <Delay = 2.33> <CoreInst = "HAddSub_fulldsp">   --->   Core 55 'HAddSub_fulldsp' <Latency = 4> <II = 1> <Delay = 2.33> <FuncUnit> <Opcode : 'hadd' 'hsub'> <InPorts = 2> <OutPorts = 1>
ST_48 : Operation 1493 [2/5] (2.33ns)   --->   "%dot_54 = hadd i16 %dot_53, i16 %prod_54" [../gen/Hls_Layers_UpConv.tpp:126]   --->   Operation 1493 'hadd' 'dot_54' <Predicate = true> <Delay = 2.33> <CoreInst = "HAddSub_fulldsp">   --->   Core 55 'HAddSub_fulldsp' <Latency = 4> <II = 1> <Delay = 2.33> <FuncUnit> <Opcode : 'hadd' 'hsub'> <InPorts = 2> <OutPorts = 1>
ST_48 : Operation 1494 [2/5] (2.33ns)   --->   "%dot_70 = hadd i16 %dot_69, i16 %prod_70" [../gen/Hls_Layers_UpConv.tpp:126]   --->   Operation 1494 'hadd' 'dot_70' <Predicate = true> <Delay = 2.33> <CoreInst = "HAddSub_fulldsp">   --->   Core 55 'HAddSub_fulldsp' <Latency = 4> <II = 1> <Delay = 2.33> <FuncUnit> <Opcode : 'hadd' 'hsub'> <InPorts = 2> <OutPorts = 1>
ST_48 : Operation 1495 [2/5] (2.33ns)   --->   "%dot_86 = hadd i16 %dot_85, i16 %prod_86" [../gen/Hls_Layers_UpConv.tpp:126]   --->   Operation 1495 'hadd' 'dot_86' <Predicate = true> <Delay = 2.33> <CoreInst = "HAddSub_fulldsp">   --->   Core 55 'HAddSub_fulldsp' <Latency = 4> <II = 1> <Delay = 2.33> <FuncUnit> <Opcode : 'hadd' 'hsub'> <InPorts = 2> <OutPorts = 1>
ST_48 : Operation 1496 [2/5] (2.33ns)   --->   "%dot_102 = hadd i16 %dot_101, i16 %prod_102" [../gen/Hls_Layers_UpConv.tpp:126]   --->   Operation 1496 'hadd' 'dot_102' <Predicate = true> <Delay = 2.33> <CoreInst = "HAddSub_fulldsp">   --->   Core 55 'HAddSub_fulldsp' <Latency = 4> <II = 1> <Delay = 2.33> <FuncUnit> <Opcode : 'hadd' 'hsub'> <InPorts = 2> <OutPorts = 1>
ST_48 : Operation 1497 [2/5] (2.33ns)   --->   "%dot_118 = hadd i16 %dot_117, i16 %prod_118" [../gen/Hls_Layers_UpConv.tpp:126]   --->   Operation 1497 'hadd' 'dot_118' <Predicate = true> <Delay = 2.33> <CoreInst = "HAddSub_fulldsp">   --->   Core 55 'HAddSub_fulldsp' <Latency = 4> <II = 1> <Delay = 2.33> <FuncUnit> <Opcode : 'hadd' 'hsub'> <InPorts = 2> <OutPorts = 1>

State 49 <SV = 48> <Delay = 2.33>
ST_49 : Operation 1498 [1/5] (2.33ns)   --->   "%dot_7 = hadd i16 %dot_6, i16 %prod_7" [../gen/Hls_Layers_UpConv.tpp:126]   --->   Operation 1498 'hadd' 'dot_7' <Predicate = true> <Delay = 2.33> <CoreInst = "HAddSub_fulldsp">   --->   Core 55 'HAddSub_fulldsp' <Latency = 4> <II = 1> <Delay = 2.33> <FuncUnit> <Opcode : 'hadd' 'hsub'> <InPorts = 2> <OutPorts = 1>
ST_49 : Operation 1499 [1/5] (2.33ns)   --->   "%dot_22 = hadd i16 %dot_21, i16 %prod_22" [../gen/Hls_Layers_UpConv.tpp:126]   --->   Operation 1499 'hadd' 'dot_22' <Predicate = true> <Delay = 2.33> <CoreInst = "HAddSub_fulldsp">   --->   Core 55 'HAddSub_fulldsp' <Latency = 4> <II = 1> <Delay = 2.33> <FuncUnit> <Opcode : 'hadd' 'hsub'> <InPorts = 2> <OutPorts = 1>
ST_49 : Operation 1500 [1/5] (2.33ns)   --->   "%dot_38 = hadd i16 %dot_37, i16 %prod_38" [../gen/Hls_Layers_UpConv.tpp:126]   --->   Operation 1500 'hadd' 'dot_38' <Predicate = true> <Delay = 2.33> <CoreInst = "HAddSub_fulldsp">   --->   Core 55 'HAddSub_fulldsp' <Latency = 4> <II = 1> <Delay = 2.33> <FuncUnit> <Opcode : 'hadd' 'hsub'> <InPorts = 2> <OutPorts = 1>
ST_49 : Operation 1501 [1/5] (2.33ns)   --->   "%dot_54 = hadd i16 %dot_53, i16 %prod_54" [../gen/Hls_Layers_UpConv.tpp:126]   --->   Operation 1501 'hadd' 'dot_54' <Predicate = true> <Delay = 2.33> <CoreInst = "HAddSub_fulldsp">   --->   Core 55 'HAddSub_fulldsp' <Latency = 4> <II = 1> <Delay = 2.33> <FuncUnit> <Opcode : 'hadd' 'hsub'> <InPorts = 2> <OutPorts = 1>
ST_49 : Operation 1502 [1/5] (2.33ns)   --->   "%dot_70 = hadd i16 %dot_69, i16 %prod_70" [../gen/Hls_Layers_UpConv.tpp:126]   --->   Operation 1502 'hadd' 'dot_70' <Predicate = true> <Delay = 2.33> <CoreInst = "HAddSub_fulldsp">   --->   Core 55 'HAddSub_fulldsp' <Latency = 4> <II = 1> <Delay = 2.33> <FuncUnit> <Opcode : 'hadd' 'hsub'> <InPorts = 2> <OutPorts = 1>
ST_49 : Operation 1503 [1/5] (2.33ns)   --->   "%dot_86 = hadd i16 %dot_85, i16 %prod_86" [../gen/Hls_Layers_UpConv.tpp:126]   --->   Operation 1503 'hadd' 'dot_86' <Predicate = true> <Delay = 2.33> <CoreInst = "HAddSub_fulldsp">   --->   Core 55 'HAddSub_fulldsp' <Latency = 4> <II = 1> <Delay = 2.33> <FuncUnit> <Opcode : 'hadd' 'hsub'> <InPorts = 2> <OutPorts = 1>
ST_49 : Operation 1504 [1/5] (2.33ns)   --->   "%dot_102 = hadd i16 %dot_101, i16 %prod_102" [../gen/Hls_Layers_UpConv.tpp:126]   --->   Operation 1504 'hadd' 'dot_102' <Predicate = true> <Delay = 2.33> <CoreInst = "HAddSub_fulldsp">   --->   Core 55 'HAddSub_fulldsp' <Latency = 4> <II = 1> <Delay = 2.33> <FuncUnit> <Opcode : 'hadd' 'hsub'> <InPorts = 2> <OutPorts = 1>
ST_49 : Operation 1505 [1/5] (2.33ns)   --->   "%dot_118 = hadd i16 %dot_117, i16 %prod_118" [../gen/Hls_Layers_UpConv.tpp:126]   --->   Operation 1505 'hadd' 'dot_118' <Predicate = true> <Delay = 2.33> <CoreInst = "HAddSub_fulldsp">   --->   Core 55 'HAddSub_fulldsp' <Latency = 4> <II = 1> <Delay = 2.33> <FuncUnit> <Opcode : 'hadd' 'hsub'> <InPorts = 2> <OutPorts = 1>

State 50 <SV = 49> <Delay = 2.33>
ST_50 : Operation 1506 [5/5] (2.33ns)   --->   "%dot_8 = hadd i16 %dot_7, i16 %prod_8" [../gen/Hls_Layers_UpConv.tpp:126]   --->   Operation 1506 'hadd' 'dot_8' <Predicate = true> <Delay = 2.33> <CoreInst = "HAddSub_fulldsp">   --->   Core 55 'HAddSub_fulldsp' <Latency = 4> <II = 1> <Delay = 2.33> <FuncUnit> <Opcode : 'hadd' 'hsub'> <InPorts = 2> <OutPorts = 1>
ST_50 : Operation 1507 [5/5] (2.33ns)   --->   "%dot_23 = hadd i16 %dot_22, i16 %prod_23" [../gen/Hls_Layers_UpConv.tpp:126]   --->   Operation 1507 'hadd' 'dot_23' <Predicate = true> <Delay = 2.33> <CoreInst = "HAddSub_fulldsp">   --->   Core 55 'HAddSub_fulldsp' <Latency = 4> <II = 1> <Delay = 2.33> <FuncUnit> <Opcode : 'hadd' 'hsub'> <InPorts = 2> <OutPorts = 1>
ST_50 : Operation 1508 [5/5] (2.33ns)   --->   "%dot_39 = hadd i16 %dot_38, i16 %prod_39" [../gen/Hls_Layers_UpConv.tpp:126]   --->   Operation 1508 'hadd' 'dot_39' <Predicate = true> <Delay = 2.33> <CoreInst = "HAddSub_fulldsp">   --->   Core 55 'HAddSub_fulldsp' <Latency = 4> <II = 1> <Delay = 2.33> <FuncUnit> <Opcode : 'hadd' 'hsub'> <InPorts = 2> <OutPorts = 1>
ST_50 : Operation 1509 [5/5] (2.33ns)   --->   "%dot_55 = hadd i16 %dot_54, i16 %prod_55" [../gen/Hls_Layers_UpConv.tpp:126]   --->   Operation 1509 'hadd' 'dot_55' <Predicate = true> <Delay = 2.33> <CoreInst = "HAddSub_fulldsp">   --->   Core 55 'HAddSub_fulldsp' <Latency = 4> <II = 1> <Delay = 2.33> <FuncUnit> <Opcode : 'hadd' 'hsub'> <InPorts = 2> <OutPorts = 1>
ST_50 : Operation 1510 [5/5] (2.33ns)   --->   "%dot_71 = hadd i16 %dot_70, i16 %prod_71" [../gen/Hls_Layers_UpConv.tpp:126]   --->   Operation 1510 'hadd' 'dot_71' <Predicate = true> <Delay = 2.33> <CoreInst = "HAddSub_fulldsp">   --->   Core 55 'HAddSub_fulldsp' <Latency = 4> <II = 1> <Delay = 2.33> <FuncUnit> <Opcode : 'hadd' 'hsub'> <InPorts = 2> <OutPorts = 1>
ST_50 : Operation 1511 [5/5] (2.33ns)   --->   "%dot_87 = hadd i16 %dot_86, i16 %prod_87" [../gen/Hls_Layers_UpConv.tpp:126]   --->   Operation 1511 'hadd' 'dot_87' <Predicate = true> <Delay = 2.33> <CoreInst = "HAddSub_fulldsp">   --->   Core 55 'HAddSub_fulldsp' <Latency = 4> <II = 1> <Delay = 2.33> <FuncUnit> <Opcode : 'hadd' 'hsub'> <InPorts = 2> <OutPorts = 1>
ST_50 : Operation 1512 [5/5] (2.33ns)   --->   "%dot_103 = hadd i16 %dot_102, i16 %prod_103" [../gen/Hls_Layers_UpConv.tpp:126]   --->   Operation 1512 'hadd' 'dot_103' <Predicate = true> <Delay = 2.33> <CoreInst = "HAddSub_fulldsp">   --->   Core 55 'HAddSub_fulldsp' <Latency = 4> <II = 1> <Delay = 2.33> <FuncUnit> <Opcode : 'hadd' 'hsub'> <InPorts = 2> <OutPorts = 1>
ST_50 : Operation 1513 [5/5] (2.33ns)   --->   "%dot_119 = hadd i16 %dot_118, i16 %prod_119" [../gen/Hls_Layers_UpConv.tpp:126]   --->   Operation 1513 'hadd' 'dot_119' <Predicate = true> <Delay = 2.33> <CoreInst = "HAddSub_fulldsp">   --->   Core 55 'HAddSub_fulldsp' <Latency = 4> <II = 1> <Delay = 2.33> <FuncUnit> <Opcode : 'hadd' 'hsub'> <InPorts = 2> <OutPorts = 1>

State 51 <SV = 50> <Delay = 2.33>
ST_51 : Operation 1514 [4/5] (2.33ns)   --->   "%dot_8 = hadd i16 %dot_7, i16 %prod_8" [../gen/Hls_Layers_UpConv.tpp:126]   --->   Operation 1514 'hadd' 'dot_8' <Predicate = true> <Delay = 2.33> <CoreInst = "HAddSub_fulldsp">   --->   Core 55 'HAddSub_fulldsp' <Latency = 4> <II = 1> <Delay = 2.33> <FuncUnit> <Opcode : 'hadd' 'hsub'> <InPorts = 2> <OutPorts = 1>
ST_51 : Operation 1515 [4/5] (2.33ns)   --->   "%dot_23 = hadd i16 %dot_22, i16 %prod_23" [../gen/Hls_Layers_UpConv.tpp:126]   --->   Operation 1515 'hadd' 'dot_23' <Predicate = true> <Delay = 2.33> <CoreInst = "HAddSub_fulldsp">   --->   Core 55 'HAddSub_fulldsp' <Latency = 4> <II = 1> <Delay = 2.33> <FuncUnit> <Opcode : 'hadd' 'hsub'> <InPorts = 2> <OutPorts = 1>
ST_51 : Operation 1516 [4/5] (2.33ns)   --->   "%dot_39 = hadd i16 %dot_38, i16 %prod_39" [../gen/Hls_Layers_UpConv.tpp:126]   --->   Operation 1516 'hadd' 'dot_39' <Predicate = true> <Delay = 2.33> <CoreInst = "HAddSub_fulldsp">   --->   Core 55 'HAddSub_fulldsp' <Latency = 4> <II = 1> <Delay = 2.33> <FuncUnit> <Opcode : 'hadd' 'hsub'> <InPorts = 2> <OutPorts = 1>
ST_51 : Operation 1517 [4/5] (2.33ns)   --->   "%dot_55 = hadd i16 %dot_54, i16 %prod_55" [../gen/Hls_Layers_UpConv.tpp:126]   --->   Operation 1517 'hadd' 'dot_55' <Predicate = true> <Delay = 2.33> <CoreInst = "HAddSub_fulldsp">   --->   Core 55 'HAddSub_fulldsp' <Latency = 4> <II = 1> <Delay = 2.33> <FuncUnit> <Opcode : 'hadd' 'hsub'> <InPorts = 2> <OutPorts = 1>
ST_51 : Operation 1518 [4/5] (2.33ns)   --->   "%dot_71 = hadd i16 %dot_70, i16 %prod_71" [../gen/Hls_Layers_UpConv.tpp:126]   --->   Operation 1518 'hadd' 'dot_71' <Predicate = true> <Delay = 2.33> <CoreInst = "HAddSub_fulldsp">   --->   Core 55 'HAddSub_fulldsp' <Latency = 4> <II = 1> <Delay = 2.33> <FuncUnit> <Opcode : 'hadd' 'hsub'> <InPorts = 2> <OutPorts = 1>
ST_51 : Operation 1519 [4/5] (2.33ns)   --->   "%dot_87 = hadd i16 %dot_86, i16 %prod_87" [../gen/Hls_Layers_UpConv.tpp:126]   --->   Operation 1519 'hadd' 'dot_87' <Predicate = true> <Delay = 2.33> <CoreInst = "HAddSub_fulldsp">   --->   Core 55 'HAddSub_fulldsp' <Latency = 4> <II = 1> <Delay = 2.33> <FuncUnit> <Opcode : 'hadd' 'hsub'> <InPorts = 2> <OutPorts = 1>
ST_51 : Operation 1520 [4/5] (2.33ns)   --->   "%dot_103 = hadd i16 %dot_102, i16 %prod_103" [../gen/Hls_Layers_UpConv.tpp:126]   --->   Operation 1520 'hadd' 'dot_103' <Predicate = true> <Delay = 2.33> <CoreInst = "HAddSub_fulldsp">   --->   Core 55 'HAddSub_fulldsp' <Latency = 4> <II = 1> <Delay = 2.33> <FuncUnit> <Opcode : 'hadd' 'hsub'> <InPorts = 2> <OutPorts = 1>
ST_51 : Operation 1521 [4/5] (2.33ns)   --->   "%dot_119 = hadd i16 %dot_118, i16 %prod_119" [../gen/Hls_Layers_UpConv.tpp:126]   --->   Operation 1521 'hadd' 'dot_119' <Predicate = true> <Delay = 2.33> <CoreInst = "HAddSub_fulldsp">   --->   Core 55 'HAddSub_fulldsp' <Latency = 4> <II = 1> <Delay = 2.33> <FuncUnit> <Opcode : 'hadd' 'hsub'> <InPorts = 2> <OutPorts = 1>

State 52 <SV = 51> <Delay = 2.33>
ST_52 : Operation 1522 [3/5] (2.33ns)   --->   "%dot_8 = hadd i16 %dot_7, i16 %prod_8" [../gen/Hls_Layers_UpConv.tpp:126]   --->   Operation 1522 'hadd' 'dot_8' <Predicate = true> <Delay = 2.33> <CoreInst = "HAddSub_fulldsp">   --->   Core 55 'HAddSub_fulldsp' <Latency = 4> <II = 1> <Delay = 2.33> <FuncUnit> <Opcode : 'hadd' 'hsub'> <InPorts = 2> <OutPorts = 1>
ST_52 : Operation 1523 [3/5] (2.33ns)   --->   "%dot_23 = hadd i16 %dot_22, i16 %prod_23" [../gen/Hls_Layers_UpConv.tpp:126]   --->   Operation 1523 'hadd' 'dot_23' <Predicate = true> <Delay = 2.33> <CoreInst = "HAddSub_fulldsp">   --->   Core 55 'HAddSub_fulldsp' <Latency = 4> <II = 1> <Delay = 2.33> <FuncUnit> <Opcode : 'hadd' 'hsub'> <InPorts = 2> <OutPorts = 1>
ST_52 : Operation 1524 [3/5] (2.33ns)   --->   "%dot_39 = hadd i16 %dot_38, i16 %prod_39" [../gen/Hls_Layers_UpConv.tpp:126]   --->   Operation 1524 'hadd' 'dot_39' <Predicate = true> <Delay = 2.33> <CoreInst = "HAddSub_fulldsp">   --->   Core 55 'HAddSub_fulldsp' <Latency = 4> <II = 1> <Delay = 2.33> <FuncUnit> <Opcode : 'hadd' 'hsub'> <InPorts = 2> <OutPorts = 1>
ST_52 : Operation 1525 [3/5] (2.33ns)   --->   "%dot_55 = hadd i16 %dot_54, i16 %prod_55" [../gen/Hls_Layers_UpConv.tpp:126]   --->   Operation 1525 'hadd' 'dot_55' <Predicate = true> <Delay = 2.33> <CoreInst = "HAddSub_fulldsp">   --->   Core 55 'HAddSub_fulldsp' <Latency = 4> <II = 1> <Delay = 2.33> <FuncUnit> <Opcode : 'hadd' 'hsub'> <InPorts = 2> <OutPorts = 1>
ST_52 : Operation 1526 [3/5] (2.33ns)   --->   "%dot_71 = hadd i16 %dot_70, i16 %prod_71" [../gen/Hls_Layers_UpConv.tpp:126]   --->   Operation 1526 'hadd' 'dot_71' <Predicate = true> <Delay = 2.33> <CoreInst = "HAddSub_fulldsp">   --->   Core 55 'HAddSub_fulldsp' <Latency = 4> <II = 1> <Delay = 2.33> <FuncUnit> <Opcode : 'hadd' 'hsub'> <InPorts = 2> <OutPorts = 1>
ST_52 : Operation 1527 [3/5] (2.33ns)   --->   "%dot_87 = hadd i16 %dot_86, i16 %prod_87" [../gen/Hls_Layers_UpConv.tpp:126]   --->   Operation 1527 'hadd' 'dot_87' <Predicate = true> <Delay = 2.33> <CoreInst = "HAddSub_fulldsp">   --->   Core 55 'HAddSub_fulldsp' <Latency = 4> <II = 1> <Delay = 2.33> <FuncUnit> <Opcode : 'hadd' 'hsub'> <InPorts = 2> <OutPorts = 1>
ST_52 : Operation 1528 [3/5] (2.33ns)   --->   "%dot_103 = hadd i16 %dot_102, i16 %prod_103" [../gen/Hls_Layers_UpConv.tpp:126]   --->   Operation 1528 'hadd' 'dot_103' <Predicate = true> <Delay = 2.33> <CoreInst = "HAddSub_fulldsp">   --->   Core 55 'HAddSub_fulldsp' <Latency = 4> <II = 1> <Delay = 2.33> <FuncUnit> <Opcode : 'hadd' 'hsub'> <InPorts = 2> <OutPorts = 1>
ST_52 : Operation 1529 [3/5] (2.33ns)   --->   "%dot_119 = hadd i16 %dot_118, i16 %prod_119" [../gen/Hls_Layers_UpConv.tpp:126]   --->   Operation 1529 'hadd' 'dot_119' <Predicate = true> <Delay = 2.33> <CoreInst = "HAddSub_fulldsp">   --->   Core 55 'HAddSub_fulldsp' <Latency = 4> <II = 1> <Delay = 2.33> <FuncUnit> <Opcode : 'hadd' 'hsub'> <InPorts = 2> <OutPorts = 1>

State 53 <SV = 52> <Delay = 2.33>
ST_53 : Operation 1530 [2/5] (2.33ns)   --->   "%dot_8 = hadd i16 %dot_7, i16 %prod_8" [../gen/Hls_Layers_UpConv.tpp:126]   --->   Operation 1530 'hadd' 'dot_8' <Predicate = true> <Delay = 2.33> <CoreInst = "HAddSub_fulldsp">   --->   Core 55 'HAddSub_fulldsp' <Latency = 4> <II = 1> <Delay = 2.33> <FuncUnit> <Opcode : 'hadd' 'hsub'> <InPorts = 2> <OutPorts = 1>
ST_53 : Operation 1531 [2/5] (2.33ns)   --->   "%dot_23 = hadd i16 %dot_22, i16 %prod_23" [../gen/Hls_Layers_UpConv.tpp:126]   --->   Operation 1531 'hadd' 'dot_23' <Predicate = true> <Delay = 2.33> <CoreInst = "HAddSub_fulldsp">   --->   Core 55 'HAddSub_fulldsp' <Latency = 4> <II = 1> <Delay = 2.33> <FuncUnit> <Opcode : 'hadd' 'hsub'> <InPorts = 2> <OutPorts = 1>
ST_53 : Operation 1532 [2/5] (2.33ns)   --->   "%dot_39 = hadd i16 %dot_38, i16 %prod_39" [../gen/Hls_Layers_UpConv.tpp:126]   --->   Operation 1532 'hadd' 'dot_39' <Predicate = true> <Delay = 2.33> <CoreInst = "HAddSub_fulldsp">   --->   Core 55 'HAddSub_fulldsp' <Latency = 4> <II = 1> <Delay = 2.33> <FuncUnit> <Opcode : 'hadd' 'hsub'> <InPorts = 2> <OutPorts = 1>
ST_53 : Operation 1533 [2/5] (2.33ns)   --->   "%dot_55 = hadd i16 %dot_54, i16 %prod_55" [../gen/Hls_Layers_UpConv.tpp:126]   --->   Operation 1533 'hadd' 'dot_55' <Predicate = true> <Delay = 2.33> <CoreInst = "HAddSub_fulldsp">   --->   Core 55 'HAddSub_fulldsp' <Latency = 4> <II = 1> <Delay = 2.33> <FuncUnit> <Opcode : 'hadd' 'hsub'> <InPorts = 2> <OutPorts = 1>
ST_53 : Operation 1534 [2/5] (2.33ns)   --->   "%dot_71 = hadd i16 %dot_70, i16 %prod_71" [../gen/Hls_Layers_UpConv.tpp:126]   --->   Operation 1534 'hadd' 'dot_71' <Predicate = true> <Delay = 2.33> <CoreInst = "HAddSub_fulldsp">   --->   Core 55 'HAddSub_fulldsp' <Latency = 4> <II = 1> <Delay = 2.33> <FuncUnit> <Opcode : 'hadd' 'hsub'> <InPorts = 2> <OutPorts = 1>
ST_53 : Operation 1535 [2/5] (2.33ns)   --->   "%dot_87 = hadd i16 %dot_86, i16 %prod_87" [../gen/Hls_Layers_UpConv.tpp:126]   --->   Operation 1535 'hadd' 'dot_87' <Predicate = true> <Delay = 2.33> <CoreInst = "HAddSub_fulldsp">   --->   Core 55 'HAddSub_fulldsp' <Latency = 4> <II = 1> <Delay = 2.33> <FuncUnit> <Opcode : 'hadd' 'hsub'> <InPorts = 2> <OutPorts = 1>
ST_53 : Operation 1536 [2/5] (2.33ns)   --->   "%dot_103 = hadd i16 %dot_102, i16 %prod_103" [../gen/Hls_Layers_UpConv.tpp:126]   --->   Operation 1536 'hadd' 'dot_103' <Predicate = true> <Delay = 2.33> <CoreInst = "HAddSub_fulldsp">   --->   Core 55 'HAddSub_fulldsp' <Latency = 4> <II = 1> <Delay = 2.33> <FuncUnit> <Opcode : 'hadd' 'hsub'> <InPorts = 2> <OutPorts = 1>
ST_53 : Operation 1537 [2/5] (2.33ns)   --->   "%dot_119 = hadd i16 %dot_118, i16 %prod_119" [../gen/Hls_Layers_UpConv.tpp:126]   --->   Operation 1537 'hadd' 'dot_119' <Predicate = true> <Delay = 2.33> <CoreInst = "HAddSub_fulldsp">   --->   Core 55 'HAddSub_fulldsp' <Latency = 4> <II = 1> <Delay = 2.33> <FuncUnit> <Opcode : 'hadd' 'hsub'> <InPorts = 2> <OutPorts = 1>

State 54 <SV = 53> <Delay = 2.33>
ST_54 : Operation 1538 [1/5] (2.33ns)   --->   "%dot_8 = hadd i16 %dot_7, i16 %prod_8" [../gen/Hls_Layers_UpConv.tpp:126]   --->   Operation 1538 'hadd' 'dot_8' <Predicate = true> <Delay = 2.33> <CoreInst = "HAddSub_fulldsp">   --->   Core 55 'HAddSub_fulldsp' <Latency = 4> <II = 1> <Delay = 2.33> <FuncUnit> <Opcode : 'hadd' 'hsub'> <InPorts = 2> <OutPorts = 1>
ST_54 : Operation 1539 [1/5] (2.33ns)   --->   "%dot_23 = hadd i16 %dot_22, i16 %prod_23" [../gen/Hls_Layers_UpConv.tpp:126]   --->   Operation 1539 'hadd' 'dot_23' <Predicate = true> <Delay = 2.33> <CoreInst = "HAddSub_fulldsp">   --->   Core 55 'HAddSub_fulldsp' <Latency = 4> <II = 1> <Delay = 2.33> <FuncUnit> <Opcode : 'hadd' 'hsub'> <InPorts = 2> <OutPorts = 1>
ST_54 : Operation 1540 [1/5] (2.33ns)   --->   "%dot_39 = hadd i16 %dot_38, i16 %prod_39" [../gen/Hls_Layers_UpConv.tpp:126]   --->   Operation 1540 'hadd' 'dot_39' <Predicate = true> <Delay = 2.33> <CoreInst = "HAddSub_fulldsp">   --->   Core 55 'HAddSub_fulldsp' <Latency = 4> <II = 1> <Delay = 2.33> <FuncUnit> <Opcode : 'hadd' 'hsub'> <InPorts = 2> <OutPorts = 1>
ST_54 : Operation 1541 [1/5] (2.33ns)   --->   "%dot_55 = hadd i16 %dot_54, i16 %prod_55" [../gen/Hls_Layers_UpConv.tpp:126]   --->   Operation 1541 'hadd' 'dot_55' <Predicate = true> <Delay = 2.33> <CoreInst = "HAddSub_fulldsp">   --->   Core 55 'HAddSub_fulldsp' <Latency = 4> <II = 1> <Delay = 2.33> <FuncUnit> <Opcode : 'hadd' 'hsub'> <InPorts = 2> <OutPorts = 1>
ST_54 : Operation 1542 [1/5] (2.33ns)   --->   "%dot_71 = hadd i16 %dot_70, i16 %prod_71" [../gen/Hls_Layers_UpConv.tpp:126]   --->   Operation 1542 'hadd' 'dot_71' <Predicate = true> <Delay = 2.33> <CoreInst = "HAddSub_fulldsp">   --->   Core 55 'HAddSub_fulldsp' <Latency = 4> <II = 1> <Delay = 2.33> <FuncUnit> <Opcode : 'hadd' 'hsub'> <InPorts = 2> <OutPorts = 1>
ST_54 : Operation 1543 [1/5] (2.33ns)   --->   "%dot_87 = hadd i16 %dot_86, i16 %prod_87" [../gen/Hls_Layers_UpConv.tpp:126]   --->   Operation 1543 'hadd' 'dot_87' <Predicate = true> <Delay = 2.33> <CoreInst = "HAddSub_fulldsp">   --->   Core 55 'HAddSub_fulldsp' <Latency = 4> <II = 1> <Delay = 2.33> <FuncUnit> <Opcode : 'hadd' 'hsub'> <InPorts = 2> <OutPorts = 1>
ST_54 : Operation 1544 [1/5] (2.33ns)   --->   "%dot_103 = hadd i16 %dot_102, i16 %prod_103" [../gen/Hls_Layers_UpConv.tpp:126]   --->   Operation 1544 'hadd' 'dot_103' <Predicate = true> <Delay = 2.33> <CoreInst = "HAddSub_fulldsp">   --->   Core 55 'HAddSub_fulldsp' <Latency = 4> <II = 1> <Delay = 2.33> <FuncUnit> <Opcode : 'hadd' 'hsub'> <InPorts = 2> <OutPorts = 1>
ST_54 : Operation 1545 [1/5] (2.33ns)   --->   "%dot_119 = hadd i16 %dot_118, i16 %prod_119" [../gen/Hls_Layers_UpConv.tpp:126]   --->   Operation 1545 'hadd' 'dot_119' <Predicate = true> <Delay = 2.33> <CoreInst = "HAddSub_fulldsp">   --->   Core 55 'HAddSub_fulldsp' <Latency = 4> <II = 1> <Delay = 2.33> <FuncUnit> <Opcode : 'hadd' 'hsub'> <InPorts = 2> <OutPorts = 1>

State 55 <SV = 54> <Delay = 2.33>
ST_55 : Operation 1546 [5/5] (2.33ns)   --->   "%dot_9 = hadd i16 %dot_8, i16 %prod_9" [../gen/Hls_Layers_UpConv.tpp:126]   --->   Operation 1546 'hadd' 'dot_9' <Predicate = true> <Delay = 2.33> <CoreInst = "HAddSub_fulldsp">   --->   Core 55 'HAddSub_fulldsp' <Latency = 4> <II = 1> <Delay = 2.33> <FuncUnit> <Opcode : 'hadd' 'hsub'> <InPorts = 2> <OutPorts = 1>
ST_55 : Operation 1547 [5/5] (2.33ns)   --->   "%dot_24 = hadd i16 %dot_23, i16 %prod_24" [../gen/Hls_Layers_UpConv.tpp:126]   --->   Operation 1547 'hadd' 'dot_24' <Predicate = true> <Delay = 2.33> <CoreInst = "HAddSub_fulldsp">   --->   Core 55 'HAddSub_fulldsp' <Latency = 4> <II = 1> <Delay = 2.33> <FuncUnit> <Opcode : 'hadd' 'hsub'> <InPorts = 2> <OutPorts = 1>
ST_55 : Operation 1548 [5/5] (2.33ns)   --->   "%dot_40 = hadd i16 %dot_39, i16 %prod_40" [../gen/Hls_Layers_UpConv.tpp:126]   --->   Operation 1548 'hadd' 'dot_40' <Predicate = true> <Delay = 2.33> <CoreInst = "HAddSub_fulldsp">   --->   Core 55 'HAddSub_fulldsp' <Latency = 4> <II = 1> <Delay = 2.33> <FuncUnit> <Opcode : 'hadd' 'hsub'> <InPorts = 2> <OutPorts = 1>
ST_55 : Operation 1549 [5/5] (2.33ns)   --->   "%dot_56 = hadd i16 %dot_55, i16 %prod_56" [../gen/Hls_Layers_UpConv.tpp:126]   --->   Operation 1549 'hadd' 'dot_56' <Predicate = true> <Delay = 2.33> <CoreInst = "HAddSub_fulldsp">   --->   Core 55 'HAddSub_fulldsp' <Latency = 4> <II = 1> <Delay = 2.33> <FuncUnit> <Opcode : 'hadd' 'hsub'> <InPorts = 2> <OutPorts = 1>
ST_55 : Operation 1550 [5/5] (2.33ns)   --->   "%dot_72 = hadd i16 %dot_71, i16 %prod_72" [../gen/Hls_Layers_UpConv.tpp:126]   --->   Operation 1550 'hadd' 'dot_72' <Predicate = true> <Delay = 2.33> <CoreInst = "HAddSub_fulldsp">   --->   Core 55 'HAddSub_fulldsp' <Latency = 4> <II = 1> <Delay = 2.33> <FuncUnit> <Opcode : 'hadd' 'hsub'> <InPorts = 2> <OutPorts = 1>
ST_55 : Operation 1551 [5/5] (2.33ns)   --->   "%dot_88 = hadd i16 %dot_87, i16 %prod_88" [../gen/Hls_Layers_UpConv.tpp:126]   --->   Operation 1551 'hadd' 'dot_88' <Predicate = true> <Delay = 2.33> <CoreInst = "HAddSub_fulldsp">   --->   Core 55 'HAddSub_fulldsp' <Latency = 4> <II = 1> <Delay = 2.33> <FuncUnit> <Opcode : 'hadd' 'hsub'> <InPorts = 2> <OutPorts = 1>
ST_55 : Operation 1552 [5/5] (2.33ns)   --->   "%dot_104 = hadd i16 %dot_103, i16 %prod_104" [../gen/Hls_Layers_UpConv.tpp:126]   --->   Operation 1552 'hadd' 'dot_104' <Predicate = true> <Delay = 2.33> <CoreInst = "HAddSub_fulldsp">   --->   Core 55 'HAddSub_fulldsp' <Latency = 4> <II = 1> <Delay = 2.33> <FuncUnit> <Opcode : 'hadd' 'hsub'> <InPorts = 2> <OutPorts = 1>
ST_55 : Operation 1553 [5/5] (2.33ns)   --->   "%dot_120 = hadd i16 %dot_119, i16 %prod_120" [../gen/Hls_Layers_UpConv.tpp:126]   --->   Operation 1553 'hadd' 'dot_120' <Predicate = true> <Delay = 2.33> <CoreInst = "HAddSub_fulldsp">   --->   Core 55 'HAddSub_fulldsp' <Latency = 4> <II = 1> <Delay = 2.33> <FuncUnit> <Opcode : 'hadd' 'hsub'> <InPorts = 2> <OutPorts = 1>

State 56 <SV = 55> <Delay = 2.33>
ST_56 : Operation 1554 [4/5] (2.33ns)   --->   "%dot_9 = hadd i16 %dot_8, i16 %prod_9" [../gen/Hls_Layers_UpConv.tpp:126]   --->   Operation 1554 'hadd' 'dot_9' <Predicate = true> <Delay = 2.33> <CoreInst = "HAddSub_fulldsp">   --->   Core 55 'HAddSub_fulldsp' <Latency = 4> <II = 1> <Delay = 2.33> <FuncUnit> <Opcode : 'hadd' 'hsub'> <InPorts = 2> <OutPorts = 1>
ST_56 : Operation 1555 [4/5] (2.33ns)   --->   "%dot_24 = hadd i16 %dot_23, i16 %prod_24" [../gen/Hls_Layers_UpConv.tpp:126]   --->   Operation 1555 'hadd' 'dot_24' <Predicate = true> <Delay = 2.33> <CoreInst = "HAddSub_fulldsp">   --->   Core 55 'HAddSub_fulldsp' <Latency = 4> <II = 1> <Delay = 2.33> <FuncUnit> <Opcode : 'hadd' 'hsub'> <InPorts = 2> <OutPorts = 1>
ST_56 : Operation 1556 [4/5] (2.33ns)   --->   "%dot_40 = hadd i16 %dot_39, i16 %prod_40" [../gen/Hls_Layers_UpConv.tpp:126]   --->   Operation 1556 'hadd' 'dot_40' <Predicate = true> <Delay = 2.33> <CoreInst = "HAddSub_fulldsp">   --->   Core 55 'HAddSub_fulldsp' <Latency = 4> <II = 1> <Delay = 2.33> <FuncUnit> <Opcode : 'hadd' 'hsub'> <InPorts = 2> <OutPorts = 1>
ST_56 : Operation 1557 [4/5] (2.33ns)   --->   "%dot_56 = hadd i16 %dot_55, i16 %prod_56" [../gen/Hls_Layers_UpConv.tpp:126]   --->   Operation 1557 'hadd' 'dot_56' <Predicate = true> <Delay = 2.33> <CoreInst = "HAddSub_fulldsp">   --->   Core 55 'HAddSub_fulldsp' <Latency = 4> <II = 1> <Delay = 2.33> <FuncUnit> <Opcode : 'hadd' 'hsub'> <InPorts = 2> <OutPorts = 1>
ST_56 : Operation 1558 [4/5] (2.33ns)   --->   "%dot_72 = hadd i16 %dot_71, i16 %prod_72" [../gen/Hls_Layers_UpConv.tpp:126]   --->   Operation 1558 'hadd' 'dot_72' <Predicate = true> <Delay = 2.33> <CoreInst = "HAddSub_fulldsp">   --->   Core 55 'HAddSub_fulldsp' <Latency = 4> <II = 1> <Delay = 2.33> <FuncUnit> <Opcode : 'hadd' 'hsub'> <InPorts = 2> <OutPorts = 1>
ST_56 : Operation 1559 [4/5] (2.33ns)   --->   "%dot_88 = hadd i16 %dot_87, i16 %prod_88" [../gen/Hls_Layers_UpConv.tpp:126]   --->   Operation 1559 'hadd' 'dot_88' <Predicate = true> <Delay = 2.33> <CoreInst = "HAddSub_fulldsp">   --->   Core 55 'HAddSub_fulldsp' <Latency = 4> <II = 1> <Delay = 2.33> <FuncUnit> <Opcode : 'hadd' 'hsub'> <InPorts = 2> <OutPorts = 1>
ST_56 : Operation 1560 [4/5] (2.33ns)   --->   "%dot_104 = hadd i16 %dot_103, i16 %prod_104" [../gen/Hls_Layers_UpConv.tpp:126]   --->   Operation 1560 'hadd' 'dot_104' <Predicate = true> <Delay = 2.33> <CoreInst = "HAddSub_fulldsp">   --->   Core 55 'HAddSub_fulldsp' <Latency = 4> <II = 1> <Delay = 2.33> <FuncUnit> <Opcode : 'hadd' 'hsub'> <InPorts = 2> <OutPorts = 1>
ST_56 : Operation 1561 [4/5] (2.33ns)   --->   "%dot_120 = hadd i16 %dot_119, i16 %prod_120" [../gen/Hls_Layers_UpConv.tpp:126]   --->   Operation 1561 'hadd' 'dot_120' <Predicate = true> <Delay = 2.33> <CoreInst = "HAddSub_fulldsp">   --->   Core 55 'HAddSub_fulldsp' <Latency = 4> <II = 1> <Delay = 2.33> <FuncUnit> <Opcode : 'hadd' 'hsub'> <InPorts = 2> <OutPorts = 1>

State 57 <SV = 56> <Delay = 2.33>
ST_57 : Operation 1562 [3/5] (2.33ns)   --->   "%dot_9 = hadd i16 %dot_8, i16 %prod_9" [../gen/Hls_Layers_UpConv.tpp:126]   --->   Operation 1562 'hadd' 'dot_9' <Predicate = true> <Delay = 2.33> <CoreInst = "HAddSub_fulldsp">   --->   Core 55 'HAddSub_fulldsp' <Latency = 4> <II = 1> <Delay = 2.33> <FuncUnit> <Opcode : 'hadd' 'hsub'> <InPorts = 2> <OutPorts = 1>
ST_57 : Operation 1563 [3/5] (2.33ns)   --->   "%dot_24 = hadd i16 %dot_23, i16 %prod_24" [../gen/Hls_Layers_UpConv.tpp:126]   --->   Operation 1563 'hadd' 'dot_24' <Predicate = true> <Delay = 2.33> <CoreInst = "HAddSub_fulldsp">   --->   Core 55 'HAddSub_fulldsp' <Latency = 4> <II = 1> <Delay = 2.33> <FuncUnit> <Opcode : 'hadd' 'hsub'> <InPorts = 2> <OutPorts = 1>
ST_57 : Operation 1564 [3/5] (2.33ns)   --->   "%dot_40 = hadd i16 %dot_39, i16 %prod_40" [../gen/Hls_Layers_UpConv.tpp:126]   --->   Operation 1564 'hadd' 'dot_40' <Predicate = true> <Delay = 2.33> <CoreInst = "HAddSub_fulldsp">   --->   Core 55 'HAddSub_fulldsp' <Latency = 4> <II = 1> <Delay = 2.33> <FuncUnit> <Opcode : 'hadd' 'hsub'> <InPorts = 2> <OutPorts = 1>
ST_57 : Operation 1565 [3/5] (2.33ns)   --->   "%dot_56 = hadd i16 %dot_55, i16 %prod_56" [../gen/Hls_Layers_UpConv.tpp:126]   --->   Operation 1565 'hadd' 'dot_56' <Predicate = true> <Delay = 2.33> <CoreInst = "HAddSub_fulldsp">   --->   Core 55 'HAddSub_fulldsp' <Latency = 4> <II = 1> <Delay = 2.33> <FuncUnit> <Opcode : 'hadd' 'hsub'> <InPorts = 2> <OutPorts = 1>
ST_57 : Operation 1566 [3/5] (2.33ns)   --->   "%dot_72 = hadd i16 %dot_71, i16 %prod_72" [../gen/Hls_Layers_UpConv.tpp:126]   --->   Operation 1566 'hadd' 'dot_72' <Predicate = true> <Delay = 2.33> <CoreInst = "HAddSub_fulldsp">   --->   Core 55 'HAddSub_fulldsp' <Latency = 4> <II = 1> <Delay = 2.33> <FuncUnit> <Opcode : 'hadd' 'hsub'> <InPorts = 2> <OutPorts = 1>
ST_57 : Operation 1567 [3/5] (2.33ns)   --->   "%dot_88 = hadd i16 %dot_87, i16 %prod_88" [../gen/Hls_Layers_UpConv.tpp:126]   --->   Operation 1567 'hadd' 'dot_88' <Predicate = true> <Delay = 2.33> <CoreInst = "HAddSub_fulldsp">   --->   Core 55 'HAddSub_fulldsp' <Latency = 4> <II = 1> <Delay = 2.33> <FuncUnit> <Opcode : 'hadd' 'hsub'> <InPorts = 2> <OutPorts = 1>
ST_57 : Operation 1568 [3/5] (2.33ns)   --->   "%dot_104 = hadd i16 %dot_103, i16 %prod_104" [../gen/Hls_Layers_UpConv.tpp:126]   --->   Operation 1568 'hadd' 'dot_104' <Predicate = true> <Delay = 2.33> <CoreInst = "HAddSub_fulldsp">   --->   Core 55 'HAddSub_fulldsp' <Latency = 4> <II = 1> <Delay = 2.33> <FuncUnit> <Opcode : 'hadd' 'hsub'> <InPorts = 2> <OutPorts = 1>
ST_57 : Operation 1569 [3/5] (2.33ns)   --->   "%dot_120 = hadd i16 %dot_119, i16 %prod_120" [../gen/Hls_Layers_UpConv.tpp:126]   --->   Operation 1569 'hadd' 'dot_120' <Predicate = true> <Delay = 2.33> <CoreInst = "HAddSub_fulldsp">   --->   Core 55 'HAddSub_fulldsp' <Latency = 4> <II = 1> <Delay = 2.33> <FuncUnit> <Opcode : 'hadd' 'hsub'> <InPorts = 2> <OutPorts = 1>

State 58 <SV = 57> <Delay = 2.33>
ST_58 : Operation 1570 [2/5] (2.33ns)   --->   "%dot_9 = hadd i16 %dot_8, i16 %prod_9" [../gen/Hls_Layers_UpConv.tpp:126]   --->   Operation 1570 'hadd' 'dot_9' <Predicate = true> <Delay = 2.33> <CoreInst = "HAddSub_fulldsp">   --->   Core 55 'HAddSub_fulldsp' <Latency = 4> <II = 1> <Delay = 2.33> <FuncUnit> <Opcode : 'hadd' 'hsub'> <InPorts = 2> <OutPorts = 1>
ST_58 : Operation 1571 [2/5] (2.33ns)   --->   "%dot_24 = hadd i16 %dot_23, i16 %prod_24" [../gen/Hls_Layers_UpConv.tpp:126]   --->   Operation 1571 'hadd' 'dot_24' <Predicate = true> <Delay = 2.33> <CoreInst = "HAddSub_fulldsp">   --->   Core 55 'HAddSub_fulldsp' <Latency = 4> <II = 1> <Delay = 2.33> <FuncUnit> <Opcode : 'hadd' 'hsub'> <InPorts = 2> <OutPorts = 1>
ST_58 : Operation 1572 [2/5] (2.33ns)   --->   "%dot_40 = hadd i16 %dot_39, i16 %prod_40" [../gen/Hls_Layers_UpConv.tpp:126]   --->   Operation 1572 'hadd' 'dot_40' <Predicate = true> <Delay = 2.33> <CoreInst = "HAddSub_fulldsp">   --->   Core 55 'HAddSub_fulldsp' <Latency = 4> <II = 1> <Delay = 2.33> <FuncUnit> <Opcode : 'hadd' 'hsub'> <InPorts = 2> <OutPorts = 1>
ST_58 : Operation 1573 [2/5] (2.33ns)   --->   "%dot_56 = hadd i16 %dot_55, i16 %prod_56" [../gen/Hls_Layers_UpConv.tpp:126]   --->   Operation 1573 'hadd' 'dot_56' <Predicate = true> <Delay = 2.33> <CoreInst = "HAddSub_fulldsp">   --->   Core 55 'HAddSub_fulldsp' <Latency = 4> <II = 1> <Delay = 2.33> <FuncUnit> <Opcode : 'hadd' 'hsub'> <InPorts = 2> <OutPorts = 1>
ST_58 : Operation 1574 [2/5] (2.33ns)   --->   "%dot_72 = hadd i16 %dot_71, i16 %prod_72" [../gen/Hls_Layers_UpConv.tpp:126]   --->   Operation 1574 'hadd' 'dot_72' <Predicate = true> <Delay = 2.33> <CoreInst = "HAddSub_fulldsp">   --->   Core 55 'HAddSub_fulldsp' <Latency = 4> <II = 1> <Delay = 2.33> <FuncUnit> <Opcode : 'hadd' 'hsub'> <InPorts = 2> <OutPorts = 1>
ST_58 : Operation 1575 [2/5] (2.33ns)   --->   "%dot_88 = hadd i16 %dot_87, i16 %prod_88" [../gen/Hls_Layers_UpConv.tpp:126]   --->   Operation 1575 'hadd' 'dot_88' <Predicate = true> <Delay = 2.33> <CoreInst = "HAddSub_fulldsp">   --->   Core 55 'HAddSub_fulldsp' <Latency = 4> <II = 1> <Delay = 2.33> <FuncUnit> <Opcode : 'hadd' 'hsub'> <InPorts = 2> <OutPorts = 1>
ST_58 : Operation 1576 [2/5] (2.33ns)   --->   "%dot_104 = hadd i16 %dot_103, i16 %prod_104" [../gen/Hls_Layers_UpConv.tpp:126]   --->   Operation 1576 'hadd' 'dot_104' <Predicate = true> <Delay = 2.33> <CoreInst = "HAddSub_fulldsp">   --->   Core 55 'HAddSub_fulldsp' <Latency = 4> <II = 1> <Delay = 2.33> <FuncUnit> <Opcode : 'hadd' 'hsub'> <InPorts = 2> <OutPorts = 1>
ST_58 : Operation 1577 [2/5] (2.33ns)   --->   "%dot_120 = hadd i16 %dot_119, i16 %prod_120" [../gen/Hls_Layers_UpConv.tpp:126]   --->   Operation 1577 'hadd' 'dot_120' <Predicate = true> <Delay = 2.33> <CoreInst = "HAddSub_fulldsp">   --->   Core 55 'HAddSub_fulldsp' <Latency = 4> <II = 1> <Delay = 2.33> <FuncUnit> <Opcode : 'hadd' 'hsub'> <InPorts = 2> <OutPorts = 1>

State 59 <SV = 58> <Delay = 2.33>
ST_59 : Operation 1578 [1/5] (2.33ns)   --->   "%dot_9 = hadd i16 %dot_8, i16 %prod_9" [../gen/Hls_Layers_UpConv.tpp:126]   --->   Operation 1578 'hadd' 'dot_9' <Predicate = true> <Delay = 2.33> <CoreInst = "HAddSub_fulldsp">   --->   Core 55 'HAddSub_fulldsp' <Latency = 4> <II = 1> <Delay = 2.33> <FuncUnit> <Opcode : 'hadd' 'hsub'> <InPorts = 2> <OutPorts = 1>
ST_59 : Operation 1579 [1/5] (2.33ns)   --->   "%dot_24 = hadd i16 %dot_23, i16 %prod_24" [../gen/Hls_Layers_UpConv.tpp:126]   --->   Operation 1579 'hadd' 'dot_24' <Predicate = true> <Delay = 2.33> <CoreInst = "HAddSub_fulldsp">   --->   Core 55 'HAddSub_fulldsp' <Latency = 4> <II = 1> <Delay = 2.33> <FuncUnit> <Opcode : 'hadd' 'hsub'> <InPorts = 2> <OutPorts = 1>
ST_59 : Operation 1580 [1/5] (2.33ns)   --->   "%dot_40 = hadd i16 %dot_39, i16 %prod_40" [../gen/Hls_Layers_UpConv.tpp:126]   --->   Operation 1580 'hadd' 'dot_40' <Predicate = true> <Delay = 2.33> <CoreInst = "HAddSub_fulldsp">   --->   Core 55 'HAddSub_fulldsp' <Latency = 4> <II = 1> <Delay = 2.33> <FuncUnit> <Opcode : 'hadd' 'hsub'> <InPorts = 2> <OutPorts = 1>
ST_59 : Operation 1581 [1/5] (2.33ns)   --->   "%dot_56 = hadd i16 %dot_55, i16 %prod_56" [../gen/Hls_Layers_UpConv.tpp:126]   --->   Operation 1581 'hadd' 'dot_56' <Predicate = true> <Delay = 2.33> <CoreInst = "HAddSub_fulldsp">   --->   Core 55 'HAddSub_fulldsp' <Latency = 4> <II = 1> <Delay = 2.33> <FuncUnit> <Opcode : 'hadd' 'hsub'> <InPorts = 2> <OutPorts = 1>
ST_59 : Operation 1582 [1/5] (2.33ns)   --->   "%dot_72 = hadd i16 %dot_71, i16 %prod_72" [../gen/Hls_Layers_UpConv.tpp:126]   --->   Operation 1582 'hadd' 'dot_72' <Predicate = true> <Delay = 2.33> <CoreInst = "HAddSub_fulldsp">   --->   Core 55 'HAddSub_fulldsp' <Latency = 4> <II = 1> <Delay = 2.33> <FuncUnit> <Opcode : 'hadd' 'hsub'> <InPorts = 2> <OutPorts = 1>
ST_59 : Operation 1583 [1/5] (2.33ns)   --->   "%dot_88 = hadd i16 %dot_87, i16 %prod_88" [../gen/Hls_Layers_UpConv.tpp:126]   --->   Operation 1583 'hadd' 'dot_88' <Predicate = true> <Delay = 2.33> <CoreInst = "HAddSub_fulldsp">   --->   Core 55 'HAddSub_fulldsp' <Latency = 4> <II = 1> <Delay = 2.33> <FuncUnit> <Opcode : 'hadd' 'hsub'> <InPorts = 2> <OutPorts = 1>
ST_59 : Operation 1584 [1/5] (2.33ns)   --->   "%dot_104 = hadd i16 %dot_103, i16 %prod_104" [../gen/Hls_Layers_UpConv.tpp:126]   --->   Operation 1584 'hadd' 'dot_104' <Predicate = true> <Delay = 2.33> <CoreInst = "HAddSub_fulldsp">   --->   Core 55 'HAddSub_fulldsp' <Latency = 4> <II = 1> <Delay = 2.33> <FuncUnit> <Opcode : 'hadd' 'hsub'> <InPorts = 2> <OutPorts = 1>
ST_59 : Operation 1585 [1/5] (2.33ns)   --->   "%dot_120 = hadd i16 %dot_119, i16 %prod_120" [../gen/Hls_Layers_UpConv.tpp:126]   --->   Operation 1585 'hadd' 'dot_120' <Predicate = true> <Delay = 2.33> <CoreInst = "HAddSub_fulldsp">   --->   Core 55 'HAddSub_fulldsp' <Latency = 4> <II = 1> <Delay = 2.33> <FuncUnit> <Opcode : 'hadd' 'hsub'> <InPorts = 2> <OutPorts = 1>

State 60 <SV = 59> <Delay = 2.33>
ST_60 : Operation 1586 [5/5] (2.33ns)   --->   "%dot_10 = hadd i16 %dot_9, i16 %prod_10" [../gen/Hls_Layers_UpConv.tpp:126]   --->   Operation 1586 'hadd' 'dot_10' <Predicate = true> <Delay = 2.33> <CoreInst = "HAddSub_fulldsp">   --->   Core 55 'HAddSub_fulldsp' <Latency = 4> <II = 1> <Delay = 2.33> <FuncUnit> <Opcode : 'hadd' 'hsub'> <InPorts = 2> <OutPorts = 1>
ST_60 : Operation 1587 [5/5] (2.33ns)   --->   "%dot_25 = hadd i16 %dot_24, i16 %prod_25" [../gen/Hls_Layers_UpConv.tpp:126]   --->   Operation 1587 'hadd' 'dot_25' <Predicate = true> <Delay = 2.33> <CoreInst = "HAddSub_fulldsp">   --->   Core 55 'HAddSub_fulldsp' <Latency = 4> <II = 1> <Delay = 2.33> <FuncUnit> <Opcode : 'hadd' 'hsub'> <InPorts = 2> <OutPorts = 1>
ST_60 : Operation 1588 [5/5] (2.33ns)   --->   "%dot_41 = hadd i16 %dot_40, i16 %prod_41" [../gen/Hls_Layers_UpConv.tpp:126]   --->   Operation 1588 'hadd' 'dot_41' <Predicate = true> <Delay = 2.33> <CoreInst = "HAddSub_fulldsp">   --->   Core 55 'HAddSub_fulldsp' <Latency = 4> <II = 1> <Delay = 2.33> <FuncUnit> <Opcode : 'hadd' 'hsub'> <InPorts = 2> <OutPorts = 1>
ST_60 : Operation 1589 [5/5] (2.33ns)   --->   "%dot_57 = hadd i16 %dot_56, i16 %prod_57" [../gen/Hls_Layers_UpConv.tpp:126]   --->   Operation 1589 'hadd' 'dot_57' <Predicate = true> <Delay = 2.33> <CoreInst = "HAddSub_fulldsp">   --->   Core 55 'HAddSub_fulldsp' <Latency = 4> <II = 1> <Delay = 2.33> <FuncUnit> <Opcode : 'hadd' 'hsub'> <InPorts = 2> <OutPorts = 1>
ST_60 : Operation 1590 [5/5] (2.33ns)   --->   "%dot_73 = hadd i16 %dot_72, i16 %prod_73" [../gen/Hls_Layers_UpConv.tpp:126]   --->   Operation 1590 'hadd' 'dot_73' <Predicate = true> <Delay = 2.33> <CoreInst = "HAddSub_fulldsp">   --->   Core 55 'HAddSub_fulldsp' <Latency = 4> <II = 1> <Delay = 2.33> <FuncUnit> <Opcode : 'hadd' 'hsub'> <InPorts = 2> <OutPorts = 1>
ST_60 : Operation 1591 [5/5] (2.33ns)   --->   "%dot_89 = hadd i16 %dot_88, i16 %prod_89" [../gen/Hls_Layers_UpConv.tpp:126]   --->   Operation 1591 'hadd' 'dot_89' <Predicate = true> <Delay = 2.33> <CoreInst = "HAddSub_fulldsp">   --->   Core 55 'HAddSub_fulldsp' <Latency = 4> <II = 1> <Delay = 2.33> <FuncUnit> <Opcode : 'hadd' 'hsub'> <InPorts = 2> <OutPorts = 1>
ST_60 : Operation 1592 [5/5] (2.33ns)   --->   "%dot_105 = hadd i16 %dot_104, i16 %prod_105" [../gen/Hls_Layers_UpConv.tpp:126]   --->   Operation 1592 'hadd' 'dot_105' <Predicate = true> <Delay = 2.33> <CoreInst = "HAddSub_fulldsp">   --->   Core 55 'HAddSub_fulldsp' <Latency = 4> <II = 1> <Delay = 2.33> <FuncUnit> <Opcode : 'hadd' 'hsub'> <InPorts = 2> <OutPorts = 1>
ST_60 : Operation 1593 [5/5] (2.33ns)   --->   "%dot_121 = hadd i16 %dot_120, i16 %prod_121" [../gen/Hls_Layers_UpConv.tpp:126]   --->   Operation 1593 'hadd' 'dot_121' <Predicate = true> <Delay = 2.33> <CoreInst = "HAddSub_fulldsp">   --->   Core 55 'HAddSub_fulldsp' <Latency = 4> <II = 1> <Delay = 2.33> <FuncUnit> <Opcode : 'hadd' 'hsub'> <InPorts = 2> <OutPorts = 1>

State 61 <SV = 60> <Delay = 2.33>
ST_61 : Operation 1594 [4/5] (2.33ns)   --->   "%dot_10 = hadd i16 %dot_9, i16 %prod_10" [../gen/Hls_Layers_UpConv.tpp:126]   --->   Operation 1594 'hadd' 'dot_10' <Predicate = true> <Delay = 2.33> <CoreInst = "HAddSub_fulldsp">   --->   Core 55 'HAddSub_fulldsp' <Latency = 4> <II = 1> <Delay = 2.33> <FuncUnit> <Opcode : 'hadd' 'hsub'> <InPorts = 2> <OutPorts = 1>
ST_61 : Operation 1595 [4/5] (2.33ns)   --->   "%dot_25 = hadd i16 %dot_24, i16 %prod_25" [../gen/Hls_Layers_UpConv.tpp:126]   --->   Operation 1595 'hadd' 'dot_25' <Predicate = true> <Delay = 2.33> <CoreInst = "HAddSub_fulldsp">   --->   Core 55 'HAddSub_fulldsp' <Latency = 4> <II = 1> <Delay = 2.33> <FuncUnit> <Opcode : 'hadd' 'hsub'> <InPorts = 2> <OutPorts = 1>
ST_61 : Operation 1596 [4/5] (2.33ns)   --->   "%dot_41 = hadd i16 %dot_40, i16 %prod_41" [../gen/Hls_Layers_UpConv.tpp:126]   --->   Operation 1596 'hadd' 'dot_41' <Predicate = true> <Delay = 2.33> <CoreInst = "HAddSub_fulldsp">   --->   Core 55 'HAddSub_fulldsp' <Latency = 4> <II = 1> <Delay = 2.33> <FuncUnit> <Opcode : 'hadd' 'hsub'> <InPorts = 2> <OutPorts = 1>
ST_61 : Operation 1597 [4/5] (2.33ns)   --->   "%dot_57 = hadd i16 %dot_56, i16 %prod_57" [../gen/Hls_Layers_UpConv.tpp:126]   --->   Operation 1597 'hadd' 'dot_57' <Predicate = true> <Delay = 2.33> <CoreInst = "HAddSub_fulldsp">   --->   Core 55 'HAddSub_fulldsp' <Latency = 4> <II = 1> <Delay = 2.33> <FuncUnit> <Opcode : 'hadd' 'hsub'> <InPorts = 2> <OutPorts = 1>
ST_61 : Operation 1598 [4/5] (2.33ns)   --->   "%dot_73 = hadd i16 %dot_72, i16 %prod_73" [../gen/Hls_Layers_UpConv.tpp:126]   --->   Operation 1598 'hadd' 'dot_73' <Predicate = true> <Delay = 2.33> <CoreInst = "HAddSub_fulldsp">   --->   Core 55 'HAddSub_fulldsp' <Latency = 4> <II = 1> <Delay = 2.33> <FuncUnit> <Opcode : 'hadd' 'hsub'> <InPorts = 2> <OutPorts = 1>
ST_61 : Operation 1599 [4/5] (2.33ns)   --->   "%dot_89 = hadd i16 %dot_88, i16 %prod_89" [../gen/Hls_Layers_UpConv.tpp:126]   --->   Operation 1599 'hadd' 'dot_89' <Predicate = true> <Delay = 2.33> <CoreInst = "HAddSub_fulldsp">   --->   Core 55 'HAddSub_fulldsp' <Latency = 4> <II = 1> <Delay = 2.33> <FuncUnit> <Opcode : 'hadd' 'hsub'> <InPorts = 2> <OutPorts = 1>
ST_61 : Operation 1600 [4/5] (2.33ns)   --->   "%dot_105 = hadd i16 %dot_104, i16 %prod_105" [../gen/Hls_Layers_UpConv.tpp:126]   --->   Operation 1600 'hadd' 'dot_105' <Predicate = true> <Delay = 2.33> <CoreInst = "HAddSub_fulldsp">   --->   Core 55 'HAddSub_fulldsp' <Latency = 4> <II = 1> <Delay = 2.33> <FuncUnit> <Opcode : 'hadd' 'hsub'> <InPorts = 2> <OutPorts = 1>
ST_61 : Operation 1601 [4/5] (2.33ns)   --->   "%dot_121 = hadd i16 %dot_120, i16 %prod_121" [../gen/Hls_Layers_UpConv.tpp:126]   --->   Operation 1601 'hadd' 'dot_121' <Predicate = true> <Delay = 2.33> <CoreInst = "HAddSub_fulldsp">   --->   Core 55 'HAddSub_fulldsp' <Latency = 4> <II = 1> <Delay = 2.33> <FuncUnit> <Opcode : 'hadd' 'hsub'> <InPorts = 2> <OutPorts = 1>

State 62 <SV = 61> <Delay = 2.33>
ST_62 : Operation 1602 [3/5] (2.33ns)   --->   "%dot_10 = hadd i16 %dot_9, i16 %prod_10" [../gen/Hls_Layers_UpConv.tpp:126]   --->   Operation 1602 'hadd' 'dot_10' <Predicate = true> <Delay = 2.33> <CoreInst = "HAddSub_fulldsp">   --->   Core 55 'HAddSub_fulldsp' <Latency = 4> <II = 1> <Delay = 2.33> <FuncUnit> <Opcode : 'hadd' 'hsub'> <InPorts = 2> <OutPorts = 1>
ST_62 : Operation 1603 [3/5] (2.33ns)   --->   "%dot_25 = hadd i16 %dot_24, i16 %prod_25" [../gen/Hls_Layers_UpConv.tpp:126]   --->   Operation 1603 'hadd' 'dot_25' <Predicate = true> <Delay = 2.33> <CoreInst = "HAddSub_fulldsp">   --->   Core 55 'HAddSub_fulldsp' <Latency = 4> <II = 1> <Delay = 2.33> <FuncUnit> <Opcode : 'hadd' 'hsub'> <InPorts = 2> <OutPorts = 1>
ST_62 : Operation 1604 [3/5] (2.33ns)   --->   "%dot_41 = hadd i16 %dot_40, i16 %prod_41" [../gen/Hls_Layers_UpConv.tpp:126]   --->   Operation 1604 'hadd' 'dot_41' <Predicate = true> <Delay = 2.33> <CoreInst = "HAddSub_fulldsp">   --->   Core 55 'HAddSub_fulldsp' <Latency = 4> <II = 1> <Delay = 2.33> <FuncUnit> <Opcode : 'hadd' 'hsub'> <InPorts = 2> <OutPorts = 1>
ST_62 : Operation 1605 [3/5] (2.33ns)   --->   "%dot_57 = hadd i16 %dot_56, i16 %prod_57" [../gen/Hls_Layers_UpConv.tpp:126]   --->   Operation 1605 'hadd' 'dot_57' <Predicate = true> <Delay = 2.33> <CoreInst = "HAddSub_fulldsp">   --->   Core 55 'HAddSub_fulldsp' <Latency = 4> <II = 1> <Delay = 2.33> <FuncUnit> <Opcode : 'hadd' 'hsub'> <InPorts = 2> <OutPorts = 1>
ST_62 : Operation 1606 [3/5] (2.33ns)   --->   "%dot_73 = hadd i16 %dot_72, i16 %prod_73" [../gen/Hls_Layers_UpConv.tpp:126]   --->   Operation 1606 'hadd' 'dot_73' <Predicate = true> <Delay = 2.33> <CoreInst = "HAddSub_fulldsp">   --->   Core 55 'HAddSub_fulldsp' <Latency = 4> <II = 1> <Delay = 2.33> <FuncUnit> <Opcode : 'hadd' 'hsub'> <InPorts = 2> <OutPorts = 1>
ST_62 : Operation 1607 [3/5] (2.33ns)   --->   "%dot_89 = hadd i16 %dot_88, i16 %prod_89" [../gen/Hls_Layers_UpConv.tpp:126]   --->   Operation 1607 'hadd' 'dot_89' <Predicate = true> <Delay = 2.33> <CoreInst = "HAddSub_fulldsp">   --->   Core 55 'HAddSub_fulldsp' <Latency = 4> <II = 1> <Delay = 2.33> <FuncUnit> <Opcode : 'hadd' 'hsub'> <InPorts = 2> <OutPorts = 1>
ST_62 : Operation 1608 [3/5] (2.33ns)   --->   "%dot_105 = hadd i16 %dot_104, i16 %prod_105" [../gen/Hls_Layers_UpConv.tpp:126]   --->   Operation 1608 'hadd' 'dot_105' <Predicate = true> <Delay = 2.33> <CoreInst = "HAddSub_fulldsp">   --->   Core 55 'HAddSub_fulldsp' <Latency = 4> <II = 1> <Delay = 2.33> <FuncUnit> <Opcode : 'hadd' 'hsub'> <InPorts = 2> <OutPorts = 1>
ST_62 : Operation 1609 [3/5] (2.33ns)   --->   "%dot_121 = hadd i16 %dot_120, i16 %prod_121" [../gen/Hls_Layers_UpConv.tpp:126]   --->   Operation 1609 'hadd' 'dot_121' <Predicate = true> <Delay = 2.33> <CoreInst = "HAddSub_fulldsp">   --->   Core 55 'HAddSub_fulldsp' <Latency = 4> <II = 1> <Delay = 2.33> <FuncUnit> <Opcode : 'hadd' 'hsub'> <InPorts = 2> <OutPorts = 1>

State 63 <SV = 62> <Delay = 2.33>
ST_63 : Operation 1610 [2/5] (2.33ns)   --->   "%dot_10 = hadd i16 %dot_9, i16 %prod_10" [../gen/Hls_Layers_UpConv.tpp:126]   --->   Operation 1610 'hadd' 'dot_10' <Predicate = true> <Delay = 2.33> <CoreInst = "HAddSub_fulldsp">   --->   Core 55 'HAddSub_fulldsp' <Latency = 4> <II = 1> <Delay = 2.33> <FuncUnit> <Opcode : 'hadd' 'hsub'> <InPorts = 2> <OutPorts = 1>
ST_63 : Operation 1611 [2/5] (2.33ns)   --->   "%dot_25 = hadd i16 %dot_24, i16 %prod_25" [../gen/Hls_Layers_UpConv.tpp:126]   --->   Operation 1611 'hadd' 'dot_25' <Predicate = true> <Delay = 2.33> <CoreInst = "HAddSub_fulldsp">   --->   Core 55 'HAddSub_fulldsp' <Latency = 4> <II = 1> <Delay = 2.33> <FuncUnit> <Opcode : 'hadd' 'hsub'> <InPorts = 2> <OutPorts = 1>
ST_63 : Operation 1612 [2/5] (2.33ns)   --->   "%dot_41 = hadd i16 %dot_40, i16 %prod_41" [../gen/Hls_Layers_UpConv.tpp:126]   --->   Operation 1612 'hadd' 'dot_41' <Predicate = true> <Delay = 2.33> <CoreInst = "HAddSub_fulldsp">   --->   Core 55 'HAddSub_fulldsp' <Latency = 4> <II = 1> <Delay = 2.33> <FuncUnit> <Opcode : 'hadd' 'hsub'> <InPorts = 2> <OutPorts = 1>
ST_63 : Operation 1613 [2/5] (2.33ns)   --->   "%dot_57 = hadd i16 %dot_56, i16 %prod_57" [../gen/Hls_Layers_UpConv.tpp:126]   --->   Operation 1613 'hadd' 'dot_57' <Predicate = true> <Delay = 2.33> <CoreInst = "HAddSub_fulldsp">   --->   Core 55 'HAddSub_fulldsp' <Latency = 4> <II = 1> <Delay = 2.33> <FuncUnit> <Opcode : 'hadd' 'hsub'> <InPorts = 2> <OutPorts = 1>
ST_63 : Operation 1614 [2/5] (2.33ns)   --->   "%dot_73 = hadd i16 %dot_72, i16 %prod_73" [../gen/Hls_Layers_UpConv.tpp:126]   --->   Operation 1614 'hadd' 'dot_73' <Predicate = true> <Delay = 2.33> <CoreInst = "HAddSub_fulldsp">   --->   Core 55 'HAddSub_fulldsp' <Latency = 4> <II = 1> <Delay = 2.33> <FuncUnit> <Opcode : 'hadd' 'hsub'> <InPorts = 2> <OutPorts = 1>
ST_63 : Operation 1615 [2/5] (2.33ns)   --->   "%dot_89 = hadd i16 %dot_88, i16 %prod_89" [../gen/Hls_Layers_UpConv.tpp:126]   --->   Operation 1615 'hadd' 'dot_89' <Predicate = true> <Delay = 2.33> <CoreInst = "HAddSub_fulldsp">   --->   Core 55 'HAddSub_fulldsp' <Latency = 4> <II = 1> <Delay = 2.33> <FuncUnit> <Opcode : 'hadd' 'hsub'> <InPorts = 2> <OutPorts = 1>
ST_63 : Operation 1616 [2/5] (2.33ns)   --->   "%dot_105 = hadd i16 %dot_104, i16 %prod_105" [../gen/Hls_Layers_UpConv.tpp:126]   --->   Operation 1616 'hadd' 'dot_105' <Predicate = true> <Delay = 2.33> <CoreInst = "HAddSub_fulldsp">   --->   Core 55 'HAddSub_fulldsp' <Latency = 4> <II = 1> <Delay = 2.33> <FuncUnit> <Opcode : 'hadd' 'hsub'> <InPorts = 2> <OutPorts = 1>
ST_63 : Operation 1617 [2/5] (2.33ns)   --->   "%dot_121 = hadd i16 %dot_120, i16 %prod_121" [../gen/Hls_Layers_UpConv.tpp:126]   --->   Operation 1617 'hadd' 'dot_121' <Predicate = true> <Delay = 2.33> <CoreInst = "HAddSub_fulldsp">   --->   Core 55 'HAddSub_fulldsp' <Latency = 4> <II = 1> <Delay = 2.33> <FuncUnit> <Opcode : 'hadd' 'hsub'> <InPorts = 2> <OutPorts = 1>

State 64 <SV = 63> <Delay = 2.33>
ST_64 : Operation 1618 [1/5] (2.33ns)   --->   "%dot_10 = hadd i16 %dot_9, i16 %prod_10" [../gen/Hls_Layers_UpConv.tpp:126]   --->   Operation 1618 'hadd' 'dot_10' <Predicate = true> <Delay = 2.33> <CoreInst = "HAddSub_fulldsp">   --->   Core 55 'HAddSub_fulldsp' <Latency = 4> <II = 1> <Delay = 2.33> <FuncUnit> <Opcode : 'hadd' 'hsub'> <InPorts = 2> <OutPorts = 1>
ST_64 : Operation 1619 [1/5] (2.33ns)   --->   "%dot_25 = hadd i16 %dot_24, i16 %prod_25" [../gen/Hls_Layers_UpConv.tpp:126]   --->   Operation 1619 'hadd' 'dot_25' <Predicate = true> <Delay = 2.33> <CoreInst = "HAddSub_fulldsp">   --->   Core 55 'HAddSub_fulldsp' <Latency = 4> <II = 1> <Delay = 2.33> <FuncUnit> <Opcode : 'hadd' 'hsub'> <InPorts = 2> <OutPorts = 1>
ST_64 : Operation 1620 [1/5] (2.33ns)   --->   "%dot_41 = hadd i16 %dot_40, i16 %prod_41" [../gen/Hls_Layers_UpConv.tpp:126]   --->   Operation 1620 'hadd' 'dot_41' <Predicate = true> <Delay = 2.33> <CoreInst = "HAddSub_fulldsp">   --->   Core 55 'HAddSub_fulldsp' <Latency = 4> <II = 1> <Delay = 2.33> <FuncUnit> <Opcode : 'hadd' 'hsub'> <InPorts = 2> <OutPorts = 1>
ST_64 : Operation 1621 [1/5] (2.33ns)   --->   "%dot_57 = hadd i16 %dot_56, i16 %prod_57" [../gen/Hls_Layers_UpConv.tpp:126]   --->   Operation 1621 'hadd' 'dot_57' <Predicate = true> <Delay = 2.33> <CoreInst = "HAddSub_fulldsp">   --->   Core 55 'HAddSub_fulldsp' <Latency = 4> <II = 1> <Delay = 2.33> <FuncUnit> <Opcode : 'hadd' 'hsub'> <InPorts = 2> <OutPorts = 1>
ST_64 : Operation 1622 [1/5] (2.33ns)   --->   "%dot_73 = hadd i16 %dot_72, i16 %prod_73" [../gen/Hls_Layers_UpConv.tpp:126]   --->   Operation 1622 'hadd' 'dot_73' <Predicate = true> <Delay = 2.33> <CoreInst = "HAddSub_fulldsp">   --->   Core 55 'HAddSub_fulldsp' <Latency = 4> <II = 1> <Delay = 2.33> <FuncUnit> <Opcode : 'hadd' 'hsub'> <InPorts = 2> <OutPorts = 1>
ST_64 : Operation 1623 [1/5] (2.33ns)   --->   "%dot_89 = hadd i16 %dot_88, i16 %prod_89" [../gen/Hls_Layers_UpConv.tpp:126]   --->   Operation 1623 'hadd' 'dot_89' <Predicate = true> <Delay = 2.33> <CoreInst = "HAddSub_fulldsp">   --->   Core 55 'HAddSub_fulldsp' <Latency = 4> <II = 1> <Delay = 2.33> <FuncUnit> <Opcode : 'hadd' 'hsub'> <InPorts = 2> <OutPorts = 1>
ST_64 : Operation 1624 [1/5] (2.33ns)   --->   "%dot_105 = hadd i16 %dot_104, i16 %prod_105" [../gen/Hls_Layers_UpConv.tpp:126]   --->   Operation 1624 'hadd' 'dot_105' <Predicate = true> <Delay = 2.33> <CoreInst = "HAddSub_fulldsp">   --->   Core 55 'HAddSub_fulldsp' <Latency = 4> <II = 1> <Delay = 2.33> <FuncUnit> <Opcode : 'hadd' 'hsub'> <InPorts = 2> <OutPorts = 1>
ST_64 : Operation 1625 [1/5] (2.33ns)   --->   "%dot_121 = hadd i16 %dot_120, i16 %prod_121" [../gen/Hls_Layers_UpConv.tpp:126]   --->   Operation 1625 'hadd' 'dot_121' <Predicate = true> <Delay = 2.33> <CoreInst = "HAddSub_fulldsp">   --->   Core 55 'HAddSub_fulldsp' <Latency = 4> <II = 1> <Delay = 2.33> <FuncUnit> <Opcode : 'hadd' 'hsub'> <InPorts = 2> <OutPorts = 1>

State 65 <SV = 64> <Delay = 2.33>
ST_65 : Operation 1626 [5/5] (2.33ns)   --->   "%dot_11 = hadd i16 %dot_10, i16 %prod_11" [../gen/Hls_Layers_UpConv.tpp:126]   --->   Operation 1626 'hadd' 'dot_11' <Predicate = true> <Delay = 2.33> <CoreInst = "HAddSub_fulldsp">   --->   Core 55 'HAddSub_fulldsp' <Latency = 4> <II = 1> <Delay = 2.33> <FuncUnit> <Opcode : 'hadd' 'hsub'> <InPorts = 2> <OutPorts = 1>
ST_65 : Operation 1627 [5/5] (2.33ns)   --->   "%dot_26 = hadd i16 %dot_25, i16 %prod_26" [../gen/Hls_Layers_UpConv.tpp:126]   --->   Operation 1627 'hadd' 'dot_26' <Predicate = true> <Delay = 2.33> <CoreInst = "HAddSub_fulldsp">   --->   Core 55 'HAddSub_fulldsp' <Latency = 4> <II = 1> <Delay = 2.33> <FuncUnit> <Opcode : 'hadd' 'hsub'> <InPorts = 2> <OutPorts = 1>
ST_65 : Operation 1628 [5/5] (2.33ns)   --->   "%dot_42 = hadd i16 %dot_41, i16 %prod_42" [../gen/Hls_Layers_UpConv.tpp:126]   --->   Operation 1628 'hadd' 'dot_42' <Predicate = true> <Delay = 2.33> <CoreInst = "HAddSub_fulldsp">   --->   Core 55 'HAddSub_fulldsp' <Latency = 4> <II = 1> <Delay = 2.33> <FuncUnit> <Opcode : 'hadd' 'hsub'> <InPorts = 2> <OutPorts = 1>
ST_65 : Operation 1629 [5/5] (2.33ns)   --->   "%dot_58 = hadd i16 %dot_57, i16 %prod_58" [../gen/Hls_Layers_UpConv.tpp:126]   --->   Operation 1629 'hadd' 'dot_58' <Predicate = true> <Delay = 2.33> <CoreInst = "HAddSub_fulldsp">   --->   Core 55 'HAddSub_fulldsp' <Latency = 4> <II = 1> <Delay = 2.33> <FuncUnit> <Opcode : 'hadd' 'hsub'> <InPorts = 2> <OutPorts = 1>
ST_65 : Operation 1630 [5/5] (2.33ns)   --->   "%dot_74 = hadd i16 %dot_73, i16 %prod_74" [../gen/Hls_Layers_UpConv.tpp:126]   --->   Operation 1630 'hadd' 'dot_74' <Predicate = true> <Delay = 2.33> <CoreInst = "HAddSub_fulldsp">   --->   Core 55 'HAddSub_fulldsp' <Latency = 4> <II = 1> <Delay = 2.33> <FuncUnit> <Opcode : 'hadd' 'hsub'> <InPorts = 2> <OutPorts = 1>
ST_65 : Operation 1631 [5/5] (2.33ns)   --->   "%dot_90 = hadd i16 %dot_89, i16 %prod_90" [../gen/Hls_Layers_UpConv.tpp:126]   --->   Operation 1631 'hadd' 'dot_90' <Predicate = true> <Delay = 2.33> <CoreInst = "HAddSub_fulldsp">   --->   Core 55 'HAddSub_fulldsp' <Latency = 4> <II = 1> <Delay = 2.33> <FuncUnit> <Opcode : 'hadd' 'hsub'> <InPorts = 2> <OutPorts = 1>
ST_65 : Operation 1632 [5/5] (2.33ns)   --->   "%dot_106 = hadd i16 %dot_105, i16 %prod_106" [../gen/Hls_Layers_UpConv.tpp:126]   --->   Operation 1632 'hadd' 'dot_106' <Predicate = true> <Delay = 2.33> <CoreInst = "HAddSub_fulldsp">   --->   Core 55 'HAddSub_fulldsp' <Latency = 4> <II = 1> <Delay = 2.33> <FuncUnit> <Opcode : 'hadd' 'hsub'> <InPorts = 2> <OutPorts = 1>
ST_65 : Operation 1633 [5/5] (2.33ns)   --->   "%dot_122 = hadd i16 %dot_121, i16 %prod_122" [../gen/Hls_Layers_UpConv.tpp:126]   --->   Operation 1633 'hadd' 'dot_122' <Predicate = true> <Delay = 2.33> <CoreInst = "HAddSub_fulldsp">   --->   Core 55 'HAddSub_fulldsp' <Latency = 4> <II = 1> <Delay = 2.33> <FuncUnit> <Opcode : 'hadd' 'hsub'> <InPorts = 2> <OutPorts = 1>

State 66 <SV = 65> <Delay = 2.33>
ST_66 : Operation 1634 [4/5] (2.33ns)   --->   "%dot_11 = hadd i16 %dot_10, i16 %prod_11" [../gen/Hls_Layers_UpConv.tpp:126]   --->   Operation 1634 'hadd' 'dot_11' <Predicate = true> <Delay = 2.33> <CoreInst = "HAddSub_fulldsp">   --->   Core 55 'HAddSub_fulldsp' <Latency = 4> <II = 1> <Delay = 2.33> <FuncUnit> <Opcode : 'hadd' 'hsub'> <InPorts = 2> <OutPorts = 1>
ST_66 : Operation 1635 [4/5] (2.33ns)   --->   "%dot_26 = hadd i16 %dot_25, i16 %prod_26" [../gen/Hls_Layers_UpConv.tpp:126]   --->   Operation 1635 'hadd' 'dot_26' <Predicate = true> <Delay = 2.33> <CoreInst = "HAddSub_fulldsp">   --->   Core 55 'HAddSub_fulldsp' <Latency = 4> <II = 1> <Delay = 2.33> <FuncUnit> <Opcode : 'hadd' 'hsub'> <InPorts = 2> <OutPorts = 1>
ST_66 : Operation 1636 [4/5] (2.33ns)   --->   "%dot_42 = hadd i16 %dot_41, i16 %prod_42" [../gen/Hls_Layers_UpConv.tpp:126]   --->   Operation 1636 'hadd' 'dot_42' <Predicate = true> <Delay = 2.33> <CoreInst = "HAddSub_fulldsp">   --->   Core 55 'HAddSub_fulldsp' <Latency = 4> <II = 1> <Delay = 2.33> <FuncUnit> <Opcode : 'hadd' 'hsub'> <InPorts = 2> <OutPorts = 1>
ST_66 : Operation 1637 [4/5] (2.33ns)   --->   "%dot_58 = hadd i16 %dot_57, i16 %prod_58" [../gen/Hls_Layers_UpConv.tpp:126]   --->   Operation 1637 'hadd' 'dot_58' <Predicate = true> <Delay = 2.33> <CoreInst = "HAddSub_fulldsp">   --->   Core 55 'HAddSub_fulldsp' <Latency = 4> <II = 1> <Delay = 2.33> <FuncUnit> <Opcode : 'hadd' 'hsub'> <InPorts = 2> <OutPorts = 1>
ST_66 : Operation 1638 [4/5] (2.33ns)   --->   "%dot_74 = hadd i16 %dot_73, i16 %prod_74" [../gen/Hls_Layers_UpConv.tpp:126]   --->   Operation 1638 'hadd' 'dot_74' <Predicate = true> <Delay = 2.33> <CoreInst = "HAddSub_fulldsp">   --->   Core 55 'HAddSub_fulldsp' <Latency = 4> <II = 1> <Delay = 2.33> <FuncUnit> <Opcode : 'hadd' 'hsub'> <InPorts = 2> <OutPorts = 1>
ST_66 : Operation 1639 [4/5] (2.33ns)   --->   "%dot_90 = hadd i16 %dot_89, i16 %prod_90" [../gen/Hls_Layers_UpConv.tpp:126]   --->   Operation 1639 'hadd' 'dot_90' <Predicate = true> <Delay = 2.33> <CoreInst = "HAddSub_fulldsp">   --->   Core 55 'HAddSub_fulldsp' <Latency = 4> <II = 1> <Delay = 2.33> <FuncUnit> <Opcode : 'hadd' 'hsub'> <InPorts = 2> <OutPorts = 1>
ST_66 : Operation 1640 [4/5] (2.33ns)   --->   "%dot_106 = hadd i16 %dot_105, i16 %prod_106" [../gen/Hls_Layers_UpConv.tpp:126]   --->   Operation 1640 'hadd' 'dot_106' <Predicate = true> <Delay = 2.33> <CoreInst = "HAddSub_fulldsp">   --->   Core 55 'HAddSub_fulldsp' <Latency = 4> <II = 1> <Delay = 2.33> <FuncUnit> <Opcode : 'hadd' 'hsub'> <InPorts = 2> <OutPorts = 1>
ST_66 : Operation 1641 [4/5] (2.33ns)   --->   "%dot_122 = hadd i16 %dot_121, i16 %prod_122" [../gen/Hls_Layers_UpConv.tpp:126]   --->   Operation 1641 'hadd' 'dot_122' <Predicate = true> <Delay = 2.33> <CoreInst = "HAddSub_fulldsp">   --->   Core 55 'HAddSub_fulldsp' <Latency = 4> <II = 1> <Delay = 2.33> <FuncUnit> <Opcode : 'hadd' 'hsub'> <InPorts = 2> <OutPorts = 1>

State 67 <SV = 66> <Delay = 2.33>
ST_67 : Operation 1642 [3/5] (2.33ns)   --->   "%dot_11 = hadd i16 %dot_10, i16 %prod_11" [../gen/Hls_Layers_UpConv.tpp:126]   --->   Operation 1642 'hadd' 'dot_11' <Predicate = true> <Delay = 2.33> <CoreInst = "HAddSub_fulldsp">   --->   Core 55 'HAddSub_fulldsp' <Latency = 4> <II = 1> <Delay = 2.33> <FuncUnit> <Opcode : 'hadd' 'hsub'> <InPorts = 2> <OutPorts = 1>
ST_67 : Operation 1643 [3/5] (2.33ns)   --->   "%dot_26 = hadd i16 %dot_25, i16 %prod_26" [../gen/Hls_Layers_UpConv.tpp:126]   --->   Operation 1643 'hadd' 'dot_26' <Predicate = true> <Delay = 2.33> <CoreInst = "HAddSub_fulldsp">   --->   Core 55 'HAddSub_fulldsp' <Latency = 4> <II = 1> <Delay = 2.33> <FuncUnit> <Opcode : 'hadd' 'hsub'> <InPorts = 2> <OutPorts = 1>
ST_67 : Operation 1644 [3/5] (2.33ns)   --->   "%dot_42 = hadd i16 %dot_41, i16 %prod_42" [../gen/Hls_Layers_UpConv.tpp:126]   --->   Operation 1644 'hadd' 'dot_42' <Predicate = true> <Delay = 2.33> <CoreInst = "HAddSub_fulldsp">   --->   Core 55 'HAddSub_fulldsp' <Latency = 4> <II = 1> <Delay = 2.33> <FuncUnit> <Opcode : 'hadd' 'hsub'> <InPorts = 2> <OutPorts = 1>
ST_67 : Operation 1645 [3/5] (2.33ns)   --->   "%dot_58 = hadd i16 %dot_57, i16 %prod_58" [../gen/Hls_Layers_UpConv.tpp:126]   --->   Operation 1645 'hadd' 'dot_58' <Predicate = true> <Delay = 2.33> <CoreInst = "HAddSub_fulldsp">   --->   Core 55 'HAddSub_fulldsp' <Latency = 4> <II = 1> <Delay = 2.33> <FuncUnit> <Opcode : 'hadd' 'hsub'> <InPorts = 2> <OutPorts = 1>
ST_67 : Operation 1646 [3/5] (2.33ns)   --->   "%dot_74 = hadd i16 %dot_73, i16 %prod_74" [../gen/Hls_Layers_UpConv.tpp:126]   --->   Operation 1646 'hadd' 'dot_74' <Predicate = true> <Delay = 2.33> <CoreInst = "HAddSub_fulldsp">   --->   Core 55 'HAddSub_fulldsp' <Latency = 4> <II = 1> <Delay = 2.33> <FuncUnit> <Opcode : 'hadd' 'hsub'> <InPorts = 2> <OutPorts = 1>
ST_67 : Operation 1647 [3/5] (2.33ns)   --->   "%dot_90 = hadd i16 %dot_89, i16 %prod_90" [../gen/Hls_Layers_UpConv.tpp:126]   --->   Operation 1647 'hadd' 'dot_90' <Predicate = true> <Delay = 2.33> <CoreInst = "HAddSub_fulldsp">   --->   Core 55 'HAddSub_fulldsp' <Latency = 4> <II = 1> <Delay = 2.33> <FuncUnit> <Opcode : 'hadd' 'hsub'> <InPorts = 2> <OutPorts = 1>
ST_67 : Operation 1648 [3/5] (2.33ns)   --->   "%dot_106 = hadd i16 %dot_105, i16 %prod_106" [../gen/Hls_Layers_UpConv.tpp:126]   --->   Operation 1648 'hadd' 'dot_106' <Predicate = true> <Delay = 2.33> <CoreInst = "HAddSub_fulldsp">   --->   Core 55 'HAddSub_fulldsp' <Latency = 4> <II = 1> <Delay = 2.33> <FuncUnit> <Opcode : 'hadd' 'hsub'> <InPorts = 2> <OutPorts = 1>
ST_67 : Operation 1649 [3/5] (2.33ns)   --->   "%dot_122 = hadd i16 %dot_121, i16 %prod_122" [../gen/Hls_Layers_UpConv.tpp:126]   --->   Operation 1649 'hadd' 'dot_122' <Predicate = true> <Delay = 2.33> <CoreInst = "HAddSub_fulldsp">   --->   Core 55 'HAddSub_fulldsp' <Latency = 4> <II = 1> <Delay = 2.33> <FuncUnit> <Opcode : 'hadd' 'hsub'> <InPorts = 2> <OutPorts = 1>

State 68 <SV = 67> <Delay = 2.33>
ST_68 : Operation 1650 [2/5] (2.33ns)   --->   "%dot_11 = hadd i16 %dot_10, i16 %prod_11" [../gen/Hls_Layers_UpConv.tpp:126]   --->   Operation 1650 'hadd' 'dot_11' <Predicate = true> <Delay = 2.33> <CoreInst = "HAddSub_fulldsp">   --->   Core 55 'HAddSub_fulldsp' <Latency = 4> <II = 1> <Delay = 2.33> <FuncUnit> <Opcode : 'hadd' 'hsub'> <InPorts = 2> <OutPorts = 1>
ST_68 : Operation 1651 [2/5] (2.33ns)   --->   "%dot_26 = hadd i16 %dot_25, i16 %prod_26" [../gen/Hls_Layers_UpConv.tpp:126]   --->   Operation 1651 'hadd' 'dot_26' <Predicate = true> <Delay = 2.33> <CoreInst = "HAddSub_fulldsp">   --->   Core 55 'HAddSub_fulldsp' <Latency = 4> <II = 1> <Delay = 2.33> <FuncUnit> <Opcode : 'hadd' 'hsub'> <InPorts = 2> <OutPorts = 1>
ST_68 : Operation 1652 [2/5] (2.33ns)   --->   "%dot_42 = hadd i16 %dot_41, i16 %prod_42" [../gen/Hls_Layers_UpConv.tpp:126]   --->   Operation 1652 'hadd' 'dot_42' <Predicate = true> <Delay = 2.33> <CoreInst = "HAddSub_fulldsp">   --->   Core 55 'HAddSub_fulldsp' <Latency = 4> <II = 1> <Delay = 2.33> <FuncUnit> <Opcode : 'hadd' 'hsub'> <InPorts = 2> <OutPorts = 1>
ST_68 : Operation 1653 [2/5] (2.33ns)   --->   "%dot_58 = hadd i16 %dot_57, i16 %prod_58" [../gen/Hls_Layers_UpConv.tpp:126]   --->   Operation 1653 'hadd' 'dot_58' <Predicate = true> <Delay = 2.33> <CoreInst = "HAddSub_fulldsp">   --->   Core 55 'HAddSub_fulldsp' <Latency = 4> <II = 1> <Delay = 2.33> <FuncUnit> <Opcode : 'hadd' 'hsub'> <InPorts = 2> <OutPorts = 1>
ST_68 : Operation 1654 [2/5] (2.33ns)   --->   "%dot_74 = hadd i16 %dot_73, i16 %prod_74" [../gen/Hls_Layers_UpConv.tpp:126]   --->   Operation 1654 'hadd' 'dot_74' <Predicate = true> <Delay = 2.33> <CoreInst = "HAddSub_fulldsp">   --->   Core 55 'HAddSub_fulldsp' <Latency = 4> <II = 1> <Delay = 2.33> <FuncUnit> <Opcode : 'hadd' 'hsub'> <InPorts = 2> <OutPorts = 1>
ST_68 : Operation 1655 [2/5] (2.33ns)   --->   "%dot_90 = hadd i16 %dot_89, i16 %prod_90" [../gen/Hls_Layers_UpConv.tpp:126]   --->   Operation 1655 'hadd' 'dot_90' <Predicate = true> <Delay = 2.33> <CoreInst = "HAddSub_fulldsp">   --->   Core 55 'HAddSub_fulldsp' <Latency = 4> <II = 1> <Delay = 2.33> <FuncUnit> <Opcode : 'hadd' 'hsub'> <InPorts = 2> <OutPorts = 1>
ST_68 : Operation 1656 [2/5] (2.33ns)   --->   "%dot_106 = hadd i16 %dot_105, i16 %prod_106" [../gen/Hls_Layers_UpConv.tpp:126]   --->   Operation 1656 'hadd' 'dot_106' <Predicate = true> <Delay = 2.33> <CoreInst = "HAddSub_fulldsp">   --->   Core 55 'HAddSub_fulldsp' <Latency = 4> <II = 1> <Delay = 2.33> <FuncUnit> <Opcode : 'hadd' 'hsub'> <InPorts = 2> <OutPorts = 1>
ST_68 : Operation 1657 [2/5] (2.33ns)   --->   "%dot_122 = hadd i16 %dot_121, i16 %prod_122" [../gen/Hls_Layers_UpConv.tpp:126]   --->   Operation 1657 'hadd' 'dot_122' <Predicate = true> <Delay = 2.33> <CoreInst = "HAddSub_fulldsp">   --->   Core 55 'HAddSub_fulldsp' <Latency = 4> <II = 1> <Delay = 2.33> <FuncUnit> <Opcode : 'hadd' 'hsub'> <InPorts = 2> <OutPorts = 1>

State 69 <SV = 68> <Delay = 2.33>
ST_69 : Operation 1658 [1/5] (2.33ns)   --->   "%dot_11 = hadd i16 %dot_10, i16 %prod_11" [../gen/Hls_Layers_UpConv.tpp:126]   --->   Operation 1658 'hadd' 'dot_11' <Predicate = true> <Delay = 2.33> <CoreInst = "HAddSub_fulldsp">   --->   Core 55 'HAddSub_fulldsp' <Latency = 4> <II = 1> <Delay = 2.33> <FuncUnit> <Opcode : 'hadd' 'hsub'> <InPorts = 2> <OutPorts = 1>
ST_69 : Operation 1659 [1/5] (2.33ns)   --->   "%dot_26 = hadd i16 %dot_25, i16 %prod_26" [../gen/Hls_Layers_UpConv.tpp:126]   --->   Operation 1659 'hadd' 'dot_26' <Predicate = true> <Delay = 2.33> <CoreInst = "HAddSub_fulldsp">   --->   Core 55 'HAddSub_fulldsp' <Latency = 4> <II = 1> <Delay = 2.33> <FuncUnit> <Opcode : 'hadd' 'hsub'> <InPorts = 2> <OutPorts = 1>
ST_69 : Operation 1660 [1/5] (2.33ns)   --->   "%dot_42 = hadd i16 %dot_41, i16 %prod_42" [../gen/Hls_Layers_UpConv.tpp:126]   --->   Operation 1660 'hadd' 'dot_42' <Predicate = true> <Delay = 2.33> <CoreInst = "HAddSub_fulldsp">   --->   Core 55 'HAddSub_fulldsp' <Latency = 4> <II = 1> <Delay = 2.33> <FuncUnit> <Opcode : 'hadd' 'hsub'> <InPorts = 2> <OutPorts = 1>
ST_69 : Operation 1661 [1/5] (2.33ns)   --->   "%dot_58 = hadd i16 %dot_57, i16 %prod_58" [../gen/Hls_Layers_UpConv.tpp:126]   --->   Operation 1661 'hadd' 'dot_58' <Predicate = true> <Delay = 2.33> <CoreInst = "HAddSub_fulldsp">   --->   Core 55 'HAddSub_fulldsp' <Latency = 4> <II = 1> <Delay = 2.33> <FuncUnit> <Opcode : 'hadd' 'hsub'> <InPorts = 2> <OutPorts = 1>
ST_69 : Operation 1662 [1/5] (2.33ns)   --->   "%dot_74 = hadd i16 %dot_73, i16 %prod_74" [../gen/Hls_Layers_UpConv.tpp:126]   --->   Operation 1662 'hadd' 'dot_74' <Predicate = true> <Delay = 2.33> <CoreInst = "HAddSub_fulldsp">   --->   Core 55 'HAddSub_fulldsp' <Latency = 4> <II = 1> <Delay = 2.33> <FuncUnit> <Opcode : 'hadd' 'hsub'> <InPorts = 2> <OutPorts = 1>
ST_69 : Operation 1663 [1/5] (2.33ns)   --->   "%dot_90 = hadd i16 %dot_89, i16 %prod_90" [../gen/Hls_Layers_UpConv.tpp:126]   --->   Operation 1663 'hadd' 'dot_90' <Predicate = true> <Delay = 2.33> <CoreInst = "HAddSub_fulldsp">   --->   Core 55 'HAddSub_fulldsp' <Latency = 4> <II = 1> <Delay = 2.33> <FuncUnit> <Opcode : 'hadd' 'hsub'> <InPorts = 2> <OutPorts = 1>
ST_69 : Operation 1664 [1/5] (2.33ns)   --->   "%dot_106 = hadd i16 %dot_105, i16 %prod_106" [../gen/Hls_Layers_UpConv.tpp:126]   --->   Operation 1664 'hadd' 'dot_106' <Predicate = true> <Delay = 2.33> <CoreInst = "HAddSub_fulldsp">   --->   Core 55 'HAddSub_fulldsp' <Latency = 4> <II = 1> <Delay = 2.33> <FuncUnit> <Opcode : 'hadd' 'hsub'> <InPorts = 2> <OutPorts = 1>
ST_69 : Operation 1665 [1/5] (2.33ns)   --->   "%dot_122 = hadd i16 %dot_121, i16 %prod_122" [../gen/Hls_Layers_UpConv.tpp:126]   --->   Operation 1665 'hadd' 'dot_122' <Predicate = true> <Delay = 2.33> <CoreInst = "HAddSub_fulldsp">   --->   Core 55 'HAddSub_fulldsp' <Latency = 4> <II = 1> <Delay = 2.33> <FuncUnit> <Opcode : 'hadd' 'hsub'> <InPorts = 2> <OutPorts = 1>

State 70 <SV = 69> <Delay = 2.33>
ST_70 : Operation 1666 [5/5] (2.33ns)   --->   "%dot_12 = hadd i16 %dot_11, i16 %prod_12" [../gen/Hls_Layers_UpConv.tpp:126]   --->   Operation 1666 'hadd' 'dot_12' <Predicate = true> <Delay = 2.33> <CoreInst = "HAddSub_fulldsp">   --->   Core 55 'HAddSub_fulldsp' <Latency = 4> <II = 1> <Delay = 2.33> <FuncUnit> <Opcode : 'hadd' 'hsub'> <InPorts = 2> <OutPorts = 1>
ST_70 : Operation 1667 [5/5] (2.33ns)   --->   "%dot_27 = hadd i16 %dot_26, i16 %prod_27" [../gen/Hls_Layers_UpConv.tpp:126]   --->   Operation 1667 'hadd' 'dot_27' <Predicate = true> <Delay = 2.33> <CoreInst = "HAddSub_fulldsp">   --->   Core 55 'HAddSub_fulldsp' <Latency = 4> <II = 1> <Delay = 2.33> <FuncUnit> <Opcode : 'hadd' 'hsub'> <InPorts = 2> <OutPorts = 1>
ST_70 : Operation 1668 [5/5] (2.33ns)   --->   "%dot_43 = hadd i16 %dot_42, i16 %prod_43" [../gen/Hls_Layers_UpConv.tpp:126]   --->   Operation 1668 'hadd' 'dot_43' <Predicate = true> <Delay = 2.33> <CoreInst = "HAddSub_fulldsp">   --->   Core 55 'HAddSub_fulldsp' <Latency = 4> <II = 1> <Delay = 2.33> <FuncUnit> <Opcode : 'hadd' 'hsub'> <InPorts = 2> <OutPorts = 1>
ST_70 : Operation 1669 [5/5] (2.33ns)   --->   "%dot_59 = hadd i16 %dot_58, i16 %prod_59" [../gen/Hls_Layers_UpConv.tpp:126]   --->   Operation 1669 'hadd' 'dot_59' <Predicate = true> <Delay = 2.33> <CoreInst = "HAddSub_fulldsp">   --->   Core 55 'HAddSub_fulldsp' <Latency = 4> <II = 1> <Delay = 2.33> <FuncUnit> <Opcode : 'hadd' 'hsub'> <InPorts = 2> <OutPorts = 1>
ST_70 : Operation 1670 [5/5] (2.33ns)   --->   "%dot_75 = hadd i16 %dot_74, i16 %prod_75" [../gen/Hls_Layers_UpConv.tpp:126]   --->   Operation 1670 'hadd' 'dot_75' <Predicate = true> <Delay = 2.33> <CoreInst = "HAddSub_fulldsp">   --->   Core 55 'HAddSub_fulldsp' <Latency = 4> <II = 1> <Delay = 2.33> <FuncUnit> <Opcode : 'hadd' 'hsub'> <InPorts = 2> <OutPorts = 1>
ST_70 : Operation 1671 [5/5] (2.33ns)   --->   "%dot_91 = hadd i16 %dot_90, i16 %prod_91" [../gen/Hls_Layers_UpConv.tpp:126]   --->   Operation 1671 'hadd' 'dot_91' <Predicate = true> <Delay = 2.33> <CoreInst = "HAddSub_fulldsp">   --->   Core 55 'HAddSub_fulldsp' <Latency = 4> <II = 1> <Delay = 2.33> <FuncUnit> <Opcode : 'hadd' 'hsub'> <InPorts = 2> <OutPorts = 1>
ST_70 : Operation 1672 [5/5] (2.33ns)   --->   "%dot_107 = hadd i16 %dot_106, i16 %prod_107" [../gen/Hls_Layers_UpConv.tpp:126]   --->   Operation 1672 'hadd' 'dot_107' <Predicate = true> <Delay = 2.33> <CoreInst = "HAddSub_fulldsp">   --->   Core 55 'HAddSub_fulldsp' <Latency = 4> <II = 1> <Delay = 2.33> <FuncUnit> <Opcode : 'hadd' 'hsub'> <InPorts = 2> <OutPorts = 1>
ST_70 : Operation 1673 [5/5] (2.33ns)   --->   "%dot_123 = hadd i16 %dot_122, i16 %prod_123" [../gen/Hls_Layers_UpConv.tpp:126]   --->   Operation 1673 'hadd' 'dot_123' <Predicate = true> <Delay = 2.33> <CoreInst = "HAddSub_fulldsp">   --->   Core 55 'HAddSub_fulldsp' <Latency = 4> <II = 1> <Delay = 2.33> <FuncUnit> <Opcode : 'hadd' 'hsub'> <InPorts = 2> <OutPorts = 1>

State 71 <SV = 70> <Delay = 2.33>
ST_71 : Operation 1674 [4/5] (2.33ns)   --->   "%dot_12 = hadd i16 %dot_11, i16 %prod_12" [../gen/Hls_Layers_UpConv.tpp:126]   --->   Operation 1674 'hadd' 'dot_12' <Predicate = true> <Delay = 2.33> <CoreInst = "HAddSub_fulldsp">   --->   Core 55 'HAddSub_fulldsp' <Latency = 4> <II = 1> <Delay = 2.33> <FuncUnit> <Opcode : 'hadd' 'hsub'> <InPorts = 2> <OutPorts = 1>
ST_71 : Operation 1675 [4/5] (2.33ns)   --->   "%dot_27 = hadd i16 %dot_26, i16 %prod_27" [../gen/Hls_Layers_UpConv.tpp:126]   --->   Operation 1675 'hadd' 'dot_27' <Predicate = true> <Delay = 2.33> <CoreInst = "HAddSub_fulldsp">   --->   Core 55 'HAddSub_fulldsp' <Latency = 4> <II = 1> <Delay = 2.33> <FuncUnit> <Opcode : 'hadd' 'hsub'> <InPorts = 2> <OutPorts = 1>
ST_71 : Operation 1676 [4/5] (2.33ns)   --->   "%dot_43 = hadd i16 %dot_42, i16 %prod_43" [../gen/Hls_Layers_UpConv.tpp:126]   --->   Operation 1676 'hadd' 'dot_43' <Predicate = true> <Delay = 2.33> <CoreInst = "HAddSub_fulldsp">   --->   Core 55 'HAddSub_fulldsp' <Latency = 4> <II = 1> <Delay = 2.33> <FuncUnit> <Opcode : 'hadd' 'hsub'> <InPorts = 2> <OutPorts = 1>
ST_71 : Operation 1677 [4/5] (2.33ns)   --->   "%dot_59 = hadd i16 %dot_58, i16 %prod_59" [../gen/Hls_Layers_UpConv.tpp:126]   --->   Operation 1677 'hadd' 'dot_59' <Predicate = true> <Delay = 2.33> <CoreInst = "HAddSub_fulldsp">   --->   Core 55 'HAddSub_fulldsp' <Latency = 4> <II = 1> <Delay = 2.33> <FuncUnit> <Opcode : 'hadd' 'hsub'> <InPorts = 2> <OutPorts = 1>
ST_71 : Operation 1678 [4/5] (2.33ns)   --->   "%dot_75 = hadd i16 %dot_74, i16 %prod_75" [../gen/Hls_Layers_UpConv.tpp:126]   --->   Operation 1678 'hadd' 'dot_75' <Predicate = true> <Delay = 2.33> <CoreInst = "HAddSub_fulldsp">   --->   Core 55 'HAddSub_fulldsp' <Latency = 4> <II = 1> <Delay = 2.33> <FuncUnit> <Opcode : 'hadd' 'hsub'> <InPorts = 2> <OutPorts = 1>
ST_71 : Operation 1679 [4/5] (2.33ns)   --->   "%dot_91 = hadd i16 %dot_90, i16 %prod_91" [../gen/Hls_Layers_UpConv.tpp:126]   --->   Operation 1679 'hadd' 'dot_91' <Predicate = true> <Delay = 2.33> <CoreInst = "HAddSub_fulldsp">   --->   Core 55 'HAddSub_fulldsp' <Latency = 4> <II = 1> <Delay = 2.33> <FuncUnit> <Opcode : 'hadd' 'hsub'> <InPorts = 2> <OutPorts = 1>
ST_71 : Operation 1680 [4/5] (2.33ns)   --->   "%dot_107 = hadd i16 %dot_106, i16 %prod_107" [../gen/Hls_Layers_UpConv.tpp:126]   --->   Operation 1680 'hadd' 'dot_107' <Predicate = true> <Delay = 2.33> <CoreInst = "HAddSub_fulldsp">   --->   Core 55 'HAddSub_fulldsp' <Latency = 4> <II = 1> <Delay = 2.33> <FuncUnit> <Opcode : 'hadd' 'hsub'> <InPorts = 2> <OutPorts = 1>
ST_71 : Operation 1681 [4/5] (2.33ns)   --->   "%dot_123 = hadd i16 %dot_122, i16 %prod_123" [../gen/Hls_Layers_UpConv.tpp:126]   --->   Operation 1681 'hadd' 'dot_123' <Predicate = true> <Delay = 2.33> <CoreInst = "HAddSub_fulldsp">   --->   Core 55 'HAddSub_fulldsp' <Latency = 4> <II = 1> <Delay = 2.33> <FuncUnit> <Opcode : 'hadd' 'hsub'> <InPorts = 2> <OutPorts = 1>

State 72 <SV = 71> <Delay = 2.33>
ST_72 : Operation 1682 [3/5] (2.33ns)   --->   "%dot_12 = hadd i16 %dot_11, i16 %prod_12" [../gen/Hls_Layers_UpConv.tpp:126]   --->   Operation 1682 'hadd' 'dot_12' <Predicate = true> <Delay = 2.33> <CoreInst = "HAddSub_fulldsp">   --->   Core 55 'HAddSub_fulldsp' <Latency = 4> <II = 1> <Delay = 2.33> <FuncUnit> <Opcode : 'hadd' 'hsub'> <InPorts = 2> <OutPorts = 1>
ST_72 : Operation 1683 [3/5] (2.33ns)   --->   "%dot_27 = hadd i16 %dot_26, i16 %prod_27" [../gen/Hls_Layers_UpConv.tpp:126]   --->   Operation 1683 'hadd' 'dot_27' <Predicate = true> <Delay = 2.33> <CoreInst = "HAddSub_fulldsp">   --->   Core 55 'HAddSub_fulldsp' <Latency = 4> <II = 1> <Delay = 2.33> <FuncUnit> <Opcode : 'hadd' 'hsub'> <InPorts = 2> <OutPorts = 1>
ST_72 : Operation 1684 [3/5] (2.33ns)   --->   "%dot_43 = hadd i16 %dot_42, i16 %prod_43" [../gen/Hls_Layers_UpConv.tpp:126]   --->   Operation 1684 'hadd' 'dot_43' <Predicate = true> <Delay = 2.33> <CoreInst = "HAddSub_fulldsp">   --->   Core 55 'HAddSub_fulldsp' <Latency = 4> <II = 1> <Delay = 2.33> <FuncUnit> <Opcode : 'hadd' 'hsub'> <InPorts = 2> <OutPorts = 1>
ST_72 : Operation 1685 [3/5] (2.33ns)   --->   "%dot_59 = hadd i16 %dot_58, i16 %prod_59" [../gen/Hls_Layers_UpConv.tpp:126]   --->   Operation 1685 'hadd' 'dot_59' <Predicate = true> <Delay = 2.33> <CoreInst = "HAddSub_fulldsp">   --->   Core 55 'HAddSub_fulldsp' <Latency = 4> <II = 1> <Delay = 2.33> <FuncUnit> <Opcode : 'hadd' 'hsub'> <InPorts = 2> <OutPorts = 1>
ST_72 : Operation 1686 [3/5] (2.33ns)   --->   "%dot_75 = hadd i16 %dot_74, i16 %prod_75" [../gen/Hls_Layers_UpConv.tpp:126]   --->   Operation 1686 'hadd' 'dot_75' <Predicate = true> <Delay = 2.33> <CoreInst = "HAddSub_fulldsp">   --->   Core 55 'HAddSub_fulldsp' <Latency = 4> <II = 1> <Delay = 2.33> <FuncUnit> <Opcode : 'hadd' 'hsub'> <InPorts = 2> <OutPorts = 1>
ST_72 : Operation 1687 [3/5] (2.33ns)   --->   "%dot_91 = hadd i16 %dot_90, i16 %prod_91" [../gen/Hls_Layers_UpConv.tpp:126]   --->   Operation 1687 'hadd' 'dot_91' <Predicate = true> <Delay = 2.33> <CoreInst = "HAddSub_fulldsp">   --->   Core 55 'HAddSub_fulldsp' <Latency = 4> <II = 1> <Delay = 2.33> <FuncUnit> <Opcode : 'hadd' 'hsub'> <InPorts = 2> <OutPorts = 1>
ST_72 : Operation 1688 [3/5] (2.33ns)   --->   "%dot_107 = hadd i16 %dot_106, i16 %prod_107" [../gen/Hls_Layers_UpConv.tpp:126]   --->   Operation 1688 'hadd' 'dot_107' <Predicate = true> <Delay = 2.33> <CoreInst = "HAddSub_fulldsp">   --->   Core 55 'HAddSub_fulldsp' <Latency = 4> <II = 1> <Delay = 2.33> <FuncUnit> <Opcode : 'hadd' 'hsub'> <InPorts = 2> <OutPorts = 1>
ST_72 : Operation 1689 [3/5] (2.33ns)   --->   "%dot_123 = hadd i16 %dot_122, i16 %prod_123" [../gen/Hls_Layers_UpConv.tpp:126]   --->   Operation 1689 'hadd' 'dot_123' <Predicate = true> <Delay = 2.33> <CoreInst = "HAddSub_fulldsp">   --->   Core 55 'HAddSub_fulldsp' <Latency = 4> <II = 1> <Delay = 2.33> <FuncUnit> <Opcode : 'hadd' 'hsub'> <InPorts = 2> <OutPorts = 1>

State 73 <SV = 72> <Delay = 2.33>
ST_73 : Operation 1690 [2/5] (2.33ns)   --->   "%dot_12 = hadd i16 %dot_11, i16 %prod_12" [../gen/Hls_Layers_UpConv.tpp:126]   --->   Operation 1690 'hadd' 'dot_12' <Predicate = true> <Delay = 2.33> <CoreInst = "HAddSub_fulldsp">   --->   Core 55 'HAddSub_fulldsp' <Latency = 4> <II = 1> <Delay = 2.33> <FuncUnit> <Opcode : 'hadd' 'hsub'> <InPorts = 2> <OutPorts = 1>
ST_73 : Operation 1691 [2/5] (2.33ns)   --->   "%dot_27 = hadd i16 %dot_26, i16 %prod_27" [../gen/Hls_Layers_UpConv.tpp:126]   --->   Operation 1691 'hadd' 'dot_27' <Predicate = true> <Delay = 2.33> <CoreInst = "HAddSub_fulldsp">   --->   Core 55 'HAddSub_fulldsp' <Latency = 4> <II = 1> <Delay = 2.33> <FuncUnit> <Opcode : 'hadd' 'hsub'> <InPorts = 2> <OutPorts = 1>
ST_73 : Operation 1692 [2/5] (2.33ns)   --->   "%dot_43 = hadd i16 %dot_42, i16 %prod_43" [../gen/Hls_Layers_UpConv.tpp:126]   --->   Operation 1692 'hadd' 'dot_43' <Predicate = true> <Delay = 2.33> <CoreInst = "HAddSub_fulldsp">   --->   Core 55 'HAddSub_fulldsp' <Latency = 4> <II = 1> <Delay = 2.33> <FuncUnit> <Opcode : 'hadd' 'hsub'> <InPorts = 2> <OutPorts = 1>
ST_73 : Operation 1693 [2/5] (2.33ns)   --->   "%dot_59 = hadd i16 %dot_58, i16 %prod_59" [../gen/Hls_Layers_UpConv.tpp:126]   --->   Operation 1693 'hadd' 'dot_59' <Predicate = true> <Delay = 2.33> <CoreInst = "HAddSub_fulldsp">   --->   Core 55 'HAddSub_fulldsp' <Latency = 4> <II = 1> <Delay = 2.33> <FuncUnit> <Opcode : 'hadd' 'hsub'> <InPorts = 2> <OutPorts = 1>
ST_73 : Operation 1694 [2/5] (2.33ns)   --->   "%dot_75 = hadd i16 %dot_74, i16 %prod_75" [../gen/Hls_Layers_UpConv.tpp:126]   --->   Operation 1694 'hadd' 'dot_75' <Predicate = true> <Delay = 2.33> <CoreInst = "HAddSub_fulldsp">   --->   Core 55 'HAddSub_fulldsp' <Latency = 4> <II = 1> <Delay = 2.33> <FuncUnit> <Opcode : 'hadd' 'hsub'> <InPorts = 2> <OutPorts = 1>
ST_73 : Operation 1695 [2/5] (2.33ns)   --->   "%dot_91 = hadd i16 %dot_90, i16 %prod_91" [../gen/Hls_Layers_UpConv.tpp:126]   --->   Operation 1695 'hadd' 'dot_91' <Predicate = true> <Delay = 2.33> <CoreInst = "HAddSub_fulldsp">   --->   Core 55 'HAddSub_fulldsp' <Latency = 4> <II = 1> <Delay = 2.33> <FuncUnit> <Opcode : 'hadd' 'hsub'> <InPorts = 2> <OutPorts = 1>
ST_73 : Operation 1696 [2/5] (2.33ns)   --->   "%dot_107 = hadd i16 %dot_106, i16 %prod_107" [../gen/Hls_Layers_UpConv.tpp:126]   --->   Operation 1696 'hadd' 'dot_107' <Predicate = true> <Delay = 2.33> <CoreInst = "HAddSub_fulldsp">   --->   Core 55 'HAddSub_fulldsp' <Latency = 4> <II = 1> <Delay = 2.33> <FuncUnit> <Opcode : 'hadd' 'hsub'> <InPorts = 2> <OutPorts = 1>
ST_73 : Operation 1697 [2/5] (2.33ns)   --->   "%dot_123 = hadd i16 %dot_122, i16 %prod_123" [../gen/Hls_Layers_UpConv.tpp:126]   --->   Operation 1697 'hadd' 'dot_123' <Predicate = true> <Delay = 2.33> <CoreInst = "HAddSub_fulldsp">   --->   Core 55 'HAddSub_fulldsp' <Latency = 4> <II = 1> <Delay = 2.33> <FuncUnit> <Opcode : 'hadd' 'hsub'> <InPorts = 2> <OutPorts = 1>

State 74 <SV = 73> <Delay = 2.33>
ST_74 : Operation 1698 [1/5] (2.33ns)   --->   "%dot_12 = hadd i16 %dot_11, i16 %prod_12" [../gen/Hls_Layers_UpConv.tpp:126]   --->   Operation 1698 'hadd' 'dot_12' <Predicate = true> <Delay = 2.33> <CoreInst = "HAddSub_fulldsp">   --->   Core 55 'HAddSub_fulldsp' <Latency = 4> <II = 1> <Delay = 2.33> <FuncUnit> <Opcode : 'hadd' 'hsub'> <InPorts = 2> <OutPorts = 1>
ST_74 : Operation 1699 [1/5] (2.33ns)   --->   "%dot_27 = hadd i16 %dot_26, i16 %prod_27" [../gen/Hls_Layers_UpConv.tpp:126]   --->   Operation 1699 'hadd' 'dot_27' <Predicate = true> <Delay = 2.33> <CoreInst = "HAddSub_fulldsp">   --->   Core 55 'HAddSub_fulldsp' <Latency = 4> <II = 1> <Delay = 2.33> <FuncUnit> <Opcode : 'hadd' 'hsub'> <InPorts = 2> <OutPorts = 1>
ST_74 : Operation 1700 [1/5] (2.33ns)   --->   "%dot_43 = hadd i16 %dot_42, i16 %prod_43" [../gen/Hls_Layers_UpConv.tpp:126]   --->   Operation 1700 'hadd' 'dot_43' <Predicate = true> <Delay = 2.33> <CoreInst = "HAddSub_fulldsp">   --->   Core 55 'HAddSub_fulldsp' <Latency = 4> <II = 1> <Delay = 2.33> <FuncUnit> <Opcode : 'hadd' 'hsub'> <InPorts = 2> <OutPorts = 1>
ST_74 : Operation 1701 [1/5] (2.33ns)   --->   "%dot_59 = hadd i16 %dot_58, i16 %prod_59" [../gen/Hls_Layers_UpConv.tpp:126]   --->   Operation 1701 'hadd' 'dot_59' <Predicate = true> <Delay = 2.33> <CoreInst = "HAddSub_fulldsp">   --->   Core 55 'HAddSub_fulldsp' <Latency = 4> <II = 1> <Delay = 2.33> <FuncUnit> <Opcode : 'hadd' 'hsub'> <InPorts = 2> <OutPorts = 1>
ST_74 : Operation 1702 [1/5] (2.33ns)   --->   "%dot_75 = hadd i16 %dot_74, i16 %prod_75" [../gen/Hls_Layers_UpConv.tpp:126]   --->   Operation 1702 'hadd' 'dot_75' <Predicate = true> <Delay = 2.33> <CoreInst = "HAddSub_fulldsp">   --->   Core 55 'HAddSub_fulldsp' <Latency = 4> <II = 1> <Delay = 2.33> <FuncUnit> <Opcode : 'hadd' 'hsub'> <InPorts = 2> <OutPorts = 1>
ST_74 : Operation 1703 [1/5] (2.33ns)   --->   "%dot_91 = hadd i16 %dot_90, i16 %prod_91" [../gen/Hls_Layers_UpConv.tpp:126]   --->   Operation 1703 'hadd' 'dot_91' <Predicate = true> <Delay = 2.33> <CoreInst = "HAddSub_fulldsp">   --->   Core 55 'HAddSub_fulldsp' <Latency = 4> <II = 1> <Delay = 2.33> <FuncUnit> <Opcode : 'hadd' 'hsub'> <InPorts = 2> <OutPorts = 1>
ST_74 : Operation 1704 [1/5] (2.33ns)   --->   "%dot_107 = hadd i16 %dot_106, i16 %prod_107" [../gen/Hls_Layers_UpConv.tpp:126]   --->   Operation 1704 'hadd' 'dot_107' <Predicate = true> <Delay = 2.33> <CoreInst = "HAddSub_fulldsp">   --->   Core 55 'HAddSub_fulldsp' <Latency = 4> <II = 1> <Delay = 2.33> <FuncUnit> <Opcode : 'hadd' 'hsub'> <InPorts = 2> <OutPorts = 1>
ST_74 : Operation 1705 [1/5] (2.33ns)   --->   "%dot_123 = hadd i16 %dot_122, i16 %prod_123" [../gen/Hls_Layers_UpConv.tpp:126]   --->   Operation 1705 'hadd' 'dot_123' <Predicate = true> <Delay = 2.33> <CoreInst = "HAddSub_fulldsp">   --->   Core 55 'HAddSub_fulldsp' <Latency = 4> <II = 1> <Delay = 2.33> <FuncUnit> <Opcode : 'hadd' 'hsub'> <InPorts = 2> <OutPorts = 1>

State 75 <SV = 74> <Delay = 2.33>
ST_75 : Operation 1706 [5/5] (2.33ns)   --->   "%dot_13 = hadd i16 %dot_12, i16 %prod_13" [../gen/Hls_Layers_UpConv.tpp:126]   --->   Operation 1706 'hadd' 'dot_13' <Predicate = true> <Delay = 2.33> <CoreInst = "HAddSub_fulldsp">   --->   Core 55 'HAddSub_fulldsp' <Latency = 4> <II = 1> <Delay = 2.33> <FuncUnit> <Opcode : 'hadd' 'hsub'> <InPorts = 2> <OutPorts = 1>
ST_75 : Operation 1707 [5/5] (2.33ns)   --->   "%dot_28 = hadd i16 %dot_27, i16 %prod_28" [../gen/Hls_Layers_UpConv.tpp:126]   --->   Operation 1707 'hadd' 'dot_28' <Predicate = true> <Delay = 2.33> <CoreInst = "HAddSub_fulldsp">   --->   Core 55 'HAddSub_fulldsp' <Latency = 4> <II = 1> <Delay = 2.33> <FuncUnit> <Opcode : 'hadd' 'hsub'> <InPorts = 2> <OutPorts = 1>
ST_75 : Operation 1708 [5/5] (2.33ns)   --->   "%dot_44 = hadd i16 %dot_43, i16 %prod_44" [../gen/Hls_Layers_UpConv.tpp:126]   --->   Operation 1708 'hadd' 'dot_44' <Predicate = true> <Delay = 2.33> <CoreInst = "HAddSub_fulldsp">   --->   Core 55 'HAddSub_fulldsp' <Latency = 4> <II = 1> <Delay = 2.33> <FuncUnit> <Opcode : 'hadd' 'hsub'> <InPorts = 2> <OutPorts = 1>
ST_75 : Operation 1709 [5/5] (2.33ns)   --->   "%dot_60 = hadd i16 %dot_59, i16 %prod_60" [../gen/Hls_Layers_UpConv.tpp:126]   --->   Operation 1709 'hadd' 'dot_60' <Predicate = true> <Delay = 2.33> <CoreInst = "HAddSub_fulldsp">   --->   Core 55 'HAddSub_fulldsp' <Latency = 4> <II = 1> <Delay = 2.33> <FuncUnit> <Opcode : 'hadd' 'hsub'> <InPorts = 2> <OutPorts = 1>
ST_75 : Operation 1710 [5/5] (2.33ns)   --->   "%dot_76 = hadd i16 %dot_75, i16 %prod_76" [../gen/Hls_Layers_UpConv.tpp:126]   --->   Operation 1710 'hadd' 'dot_76' <Predicate = true> <Delay = 2.33> <CoreInst = "HAddSub_fulldsp">   --->   Core 55 'HAddSub_fulldsp' <Latency = 4> <II = 1> <Delay = 2.33> <FuncUnit> <Opcode : 'hadd' 'hsub'> <InPorts = 2> <OutPorts = 1>
ST_75 : Operation 1711 [5/5] (2.33ns)   --->   "%dot_92 = hadd i16 %dot_91, i16 %prod_92" [../gen/Hls_Layers_UpConv.tpp:126]   --->   Operation 1711 'hadd' 'dot_92' <Predicate = true> <Delay = 2.33> <CoreInst = "HAddSub_fulldsp">   --->   Core 55 'HAddSub_fulldsp' <Latency = 4> <II = 1> <Delay = 2.33> <FuncUnit> <Opcode : 'hadd' 'hsub'> <InPorts = 2> <OutPorts = 1>
ST_75 : Operation 1712 [5/5] (2.33ns)   --->   "%dot_108 = hadd i16 %dot_107, i16 %prod_108" [../gen/Hls_Layers_UpConv.tpp:126]   --->   Operation 1712 'hadd' 'dot_108' <Predicate = true> <Delay = 2.33> <CoreInst = "HAddSub_fulldsp">   --->   Core 55 'HAddSub_fulldsp' <Latency = 4> <II = 1> <Delay = 2.33> <FuncUnit> <Opcode : 'hadd' 'hsub'> <InPorts = 2> <OutPorts = 1>
ST_75 : Operation 1713 [5/5] (2.33ns)   --->   "%dot_124 = hadd i16 %dot_123, i16 %prod_124" [../gen/Hls_Layers_UpConv.tpp:126]   --->   Operation 1713 'hadd' 'dot_124' <Predicate = true> <Delay = 2.33> <CoreInst = "HAddSub_fulldsp">   --->   Core 55 'HAddSub_fulldsp' <Latency = 4> <II = 1> <Delay = 2.33> <FuncUnit> <Opcode : 'hadd' 'hsub'> <InPorts = 2> <OutPorts = 1>

State 76 <SV = 75> <Delay = 2.33>
ST_76 : Operation 1714 [4/5] (2.33ns)   --->   "%dot_13 = hadd i16 %dot_12, i16 %prod_13" [../gen/Hls_Layers_UpConv.tpp:126]   --->   Operation 1714 'hadd' 'dot_13' <Predicate = true> <Delay = 2.33> <CoreInst = "HAddSub_fulldsp">   --->   Core 55 'HAddSub_fulldsp' <Latency = 4> <II = 1> <Delay = 2.33> <FuncUnit> <Opcode : 'hadd' 'hsub'> <InPorts = 2> <OutPorts = 1>
ST_76 : Operation 1715 [4/5] (2.33ns)   --->   "%dot_28 = hadd i16 %dot_27, i16 %prod_28" [../gen/Hls_Layers_UpConv.tpp:126]   --->   Operation 1715 'hadd' 'dot_28' <Predicate = true> <Delay = 2.33> <CoreInst = "HAddSub_fulldsp">   --->   Core 55 'HAddSub_fulldsp' <Latency = 4> <II = 1> <Delay = 2.33> <FuncUnit> <Opcode : 'hadd' 'hsub'> <InPorts = 2> <OutPorts = 1>
ST_76 : Operation 1716 [4/5] (2.33ns)   --->   "%dot_44 = hadd i16 %dot_43, i16 %prod_44" [../gen/Hls_Layers_UpConv.tpp:126]   --->   Operation 1716 'hadd' 'dot_44' <Predicate = true> <Delay = 2.33> <CoreInst = "HAddSub_fulldsp">   --->   Core 55 'HAddSub_fulldsp' <Latency = 4> <II = 1> <Delay = 2.33> <FuncUnit> <Opcode : 'hadd' 'hsub'> <InPorts = 2> <OutPorts = 1>
ST_76 : Operation 1717 [4/5] (2.33ns)   --->   "%dot_60 = hadd i16 %dot_59, i16 %prod_60" [../gen/Hls_Layers_UpConv.tpp:126]   --->   Operation 1717 'hadd' 'dot_60' <Predicate = true> <Delay = 2.33> <CoreInst = "HAddSub_fulldsp">   --->   Core 55 'HAddSub_fulldsp' <Latency = 4> <II = 1> <Delay = 2.33> <FuncUnit> <Opcode : 'hadd' 'hsub'> <InPorts = 2> <OutPorts = 1>
ST_76 : Operation 1718 [4/5] (2.33ns)   --->   "%dot_76 = hadd i16 %dot_75, i16 %prod_76" [../gen/Hls_Layers_UpConv.tpp:126]   --->   Operation 1718 'hadd' 'dot_76' <Predicate = true> <Delay = 2.33> <CoreInst = "HAddSub_fulldsp">   --->   Core 55 'HAddSub_fulldsp' <Latency = 4> <II = 1> <Delay = 2.33> <FuncUnit> <Opcode : 'hadd' 'hsub'> <InPorts = 2> <OutPorts = 1>
ST_76 : Operation 1719 [4/5] (2.33ns)   --->   "%dot_92 = hadd i16 %dot_91, i16 %prod_92" [../gen/Hls_Layers_UpConv.tpp:126]   --->   Operation 1719 'hadd' 'dot_92' <Predicate = true> <Delay = 2.33> <CoreInst = "HAddSub_fulldsp">   --->   Core 55 'HAddSub_fulldsp' <Latency = 4> <II = 1> <Delay = 2.33> <FuncUnit> <Opcode : 'hadd' 'hsub'> <InPorts = 2> <OutPorts = 1>
ST_76 : Operation 1720 [4/5] (2.33ns)   --->   "%dot_108 = hadd i16 %dot_107, i16 %prod_108" [../gen/Hls_Layers_UpConv.tpp:126]   --->   Operation 1720 'hadd' 'dot_108' <Predicate = true> <Delay = 2.33> <CoreInst = "HAddSub_fulldsp">   --->   Core 55 'HAddSub_fulldsp' <Latency = 4> <II = 1> <Delay = 2.33> <FuncUnit> <Opcode : 'hadd' 'hsub'> <InPorts = 2> <OutPorts = 1>
ST_76 : Operation 1721 [4/5] (2.33ns)   --->   "%dot_124 = hadd i16 %dot_123, i16 %prod_124" [../gen/Hls_Layers_UpConv.tpp:126]   --->   Operation 1721 'hadd' 'dot_124' <Predicate = true> <Delay = 2.33> <CoreInst = "HAddSub_fulldsp">   --->   Core 55 'HAddSub_fulldsp' <Latency = 4> <II = 1> <Delay = 2.33> <FuncUnit> <Opcode : 'hadd' 'hsub'> <InPorts = 2> <OutPorts = 1>

State 77 <SV = 76> <Delay = 2.33>
ST_77 : Operation 1722 [3/5] (2.33ns)   --->   "%dot_13 = hadd i16 %dot_12, i16 %prod_13" [../gen/Hls_Layers_UpConv.tpp:126]   --->   Operation 1722 'hadd' 'dot_13' <Predicate = true> <Delay = 2.33> <CoreInst = "HAddSub_fulldsp">   --->   Core 55 'HAddSub_fulldsp' <Latency = 4> <II = 1> <Delay = 2.33> <FuncUnit> <Opcode : 'hadd' 'hsub'> <InPorts = 2> <OutPorts = 1>
ST_77 : Operation 1723 [3/5] (2.33ns)   --->   "%dot_28 = hadd i16 %dot_27, i16 %prod_28" [../gen/Hls_Layers_UpConv.tpp:126]   --->   Operation 1723 'hadd' 'dot_28' <Predicate = true> <Delay = 2.33> <CoreInst = "HAddSub_fulldsp">   --->   Core 55 'HAddSub_fulldsp' <Latency = 4> <II = 1> <Delay = 2.33> <FuncUnit> <Opcode : 'hadd' 'hsub'> <InPorts = 2> <OutPorts = 1>
ST_77 : Operation 1724 [3/5] (2.33ns)   --->   "%dot_44 = hadd i16 %dot_43, i16 %prod_44" [../gen/Hls_Layers_UpConv.tpp:126]   --->   Operation 1724 'hadd' 'dot_44' <Predicate = true> <Delay = 2.33> <CoreInst = "HAddSub_fulldsp">   --->   Core 55 'HAddSub_fulldsp' <Latency = 4> <II = 1> <Delay = 2.33> <FuncUnit> <Opcode : 'hadd' 'hsub'> <InPorts = 2> <OutPorts = 1>
ST_77 : Operation 1725 [3/5] (2.33ns)   --->   "%dot_60 = hadd i16 %dot_59, i16 %prod_60" [../gen/Hls_Layers_UpConv.tpp:126]   --->   Operation 1725 'hadd' 'dot_60' <Predicate = true> <Delay = 2.33> <CoreInst = "HAddSub_fulldsp">   --->   Core 55 'HAddSub_fulldsp' <Latency = 4> <II = 1> <Delay = 2.33> <FuncUnit> <Opcode : 'hadd' 'hsub'> <InPorts = 2> <OutPorts = 1>
ST_77 : Operation 1726 [3/5] (2.33ns)   --->   "%dot_76 = hadd i16 %dot_75, i16 %prod_76" [../gen/Hls_Layers_UpConv.tpp:126]   --->   Operation 1726 'hadd' 'dot_76' <Predicate = true> <Delay = 2.33> <CoreInst = "HAddSub_fulldsp">   --->   Core 55 'HAddSub_fulldsp' <Latency = 4> <II = 1> <Delay = 2.33> <FuncUnit> <Opcode : 'hadd' 'hsub'> <InPorts = 2> <OutPorts = 1>
ST_77 : Operation 1727 [3/5] (2.33ns)   --->   "%dot_92 = hadd i16 %dot_91, i16 %prod_92" [../gen/Hls_Layers_UpConv.tpp:126]   --->   Operation 1727 'hadd' 'dot_92' <Predicate = true> <Delay = 2.33> <CoreInst = "HAddSub_fulldsp">   --->   Core 55 'HAddSub_fulldsp' <Latency = 4> <II = 1> <Delay = 2.33> <FuncUnit> <Opcode : 'hadd' 'hsub'> <InPorts = 2> <OutPorts = 1>
ST_77 : Operation 1728 [3/5] (2.33ns)   --->   "%dot_108 = hadd i16 %dot_107, i16 %prod_108" [../gen/Hls_Layers_UpConv.tpp:126]   --->   Operation 1728 'hadd' 'dot_108' <Predicate = true> <Delay = 2.33> <CoreInst = "HAddSub_fulldsp">   --->   Core 55 'HAddSub_fulldsp' <Latency = 4> <II = 1> <Delay = 2.33> <FuncUnit> <Opcode : 'hadd' 'hsub'> <InPorts = 2> <OutPorts = 1>
ST_77 : Operation 1729 [3/5] (2.33ns)   --->   "%dot_124 = hadd i16 %dot_123, i16 %prod_124" [../gen/Hls_Layers_UpConv.tpp:126]   --->   Operation 1729 'hadd' 'dot_124' <Predicate = true> <Delay = 2.33> <CoreInst = "HAddSub_fulldsp">   --->   Core 55 'HAddSub_fulldsp' <Latency = 4> <II = 1> <Delay = 2.33> <FuncUnit> <Opcode : 'hadd' 'hsub'> <InPorts = 2> <OutPorts = 1>

State 78 <SV = 77> <Delay = 2.33>
ST_78 : Operation 1730 [2/5] (2.33ns)   --->   "%dot_13 = hadd i16 %dot_12, i16 %prod_13" [../gen/Hls_Layers_UpConv.tpp:126]   --->   Operation 1730 'hadd' 'dot_13' <Predicate = true> <Delay = 2.33> <CoreInst = "HAddSub_fulldsp">   --->   Core 55 'HAddSub_fulldsp' <Latency = 4> <II = 1> <Delay = 2.33> <FuncUnit> <Opcode : 'hadd' 'hsub'> <InPorts = 2> <OutPorts = 1>
ST_78 : Operation 1731 [2/5] (2.33ns)   --->   "%dot_28 = hadd i16 %dot_27, i16 %prod_28" [../gen/Hls_Layers_UpConv.tpp:126]   --->   Operation 1731 'hadd' 'dot_28' <Predicate = true> <Delay = 2.33> <CoreInst = "HAddSub_fulldsp">   --->   Core 55 'HAddSub_fulldsp' <Latency = 4> <II = 1> <Delay = 2.33> <FuncUnit> <Opcode : 'hadd' 'hsub'> <InPorts = 2> <OutPorts = 1>
ST_78 : Operation 1732 [2/5] (2.33ns)   --->   "%dot_44 = hadd i16 %dot_43, i16 %prod_44" [../gen/Hls_Layers_UpConv.tpp:126]   --->   Operation 1732 'hadd' 'dot_44' <Predicate = true> <Delay = 2.33> <CoreInst = "HAddSub_fulldsp">   --->   Core 55 'HAddSub_fulldsp' <Latency = 4> <II = 1> <Delay = 2.33> <FuncUnit> <Opcode : 'hadd' 'hsub'> <InPorts = 2> <OutPorts = 1>
ST_78 : Operation 1733 [2/5] (2.33ns)   --->   "%dot_60 = hadd i16 %dot_59, i16 %prod_60" [../gen/Hls_Layers_UpConv.tpp:126]   --->   Operation 1733 'hadd' 'dot_60' <Predicate = true> <Delay = 2.33> <CoreInst = "HAddSub_fulldsp">   --->   Core 55 'HAddSub_fulldsp' <Latency = 4> <II = 1> <Delay = 2.33> <FuncUnit> <Opcode : 'hadd' 'hsub'> <InPorts = 2> <OutPorts = 1>
ST_78 : Operation 1734 [2/5] (2.33ns)   --->   "%dot_76 = hadd i16 %dot_75, i16 %prod_76" [../gen/Hls_Layers_UpConv.tpp:126]   --->   Operation 1734 'hadd' 'dot_76' <Predicate = true> <Delay = 2.33> <CoreInst = "HAddSub_fulldsp">   --->   Core 55 'HAddSub_fulldsp' <Latency = 4> <II = 1> <Delay = 2.33> <FuncUnit> <Opcode : 'hadd' 'hsub'> <InPorts = 2> <OutPorts = 1>
ST_78 : Operation 1735 [2/5] (2.33ns)   --->   "%dot_92 = hadd i16 %dot_91, i16 %prod_92" [../gen/Hls_Layers_UpConv.tpp:126]   --->   Operation 1735 'hadd' 'dot_92' <Predicate = true> <Delay = 2.33> <CoreInst = "HAddSub_fulldsp">   --->   Core 55 'HAddSub_fulldsp' <Latency = 4> <II = 1> <Delay = 2.33> <FuncUnit> <Opcode : 'hadd' 'hsub'> <InPorts = 2> <OutPorts = 1>
ST_78 : Operation 1736 [2/5] (2.33ns)   --->   "%dot_108 = hadd i16 %dot_107, i16 %prod_108" [../gen/Hls_Layers_UpConv.tpp:126]   --->   Operation 1736 'hadd' 'dot_108' <Predicate = true> <Delay = 2.33> <CoreInst = "HAddSub_fulldsp">   --->   Core 55 'HAddSub_fulldsp' <Latency = 4> <II = 1> <Delay = 2.33> <FuncUnit> <Opcode : 'hadd' 'hsub'> <InPorts = 2> <OutPorts = 1>
ST_78 : Operation 1737 [2/5] (2.33ns)   --->   "%dot_124 = hadd i16 %dot_123, i16 %prod_124" [../gen/Hls_Layers_UpConv.tpp:126]   --->   Operation 1737 'hadd' 'dot_124' <Predicate = true> <Delay = 2.33> <CoreInst = "HAddSub_fulldsp">   --->   Core 55 'HAddSub_fulldsp' <Latency = 4> <II = 1> <Delay = 2.33> <FuncUnit> <Opcode : 'hadd' 'hsub'> <InPorts = 2> <OutPorts = 1>

State 79 <SV = 78> <Delay = 2.33>
ST_79 : Operation 1738 [1/5] (2.33ns)   --->   "%dot_13 = hadd i16 %dot_12, i16 %prod_13" [../gen/Hls_Layers_UpConv.tpp:126]   --->   Operation 1738 'hadd' 'dot_13' <Predicate = true> <Delay = 2.33> <CoreInst = "HAddSub_fulldsp">   --->   Core 55 'HAddSub_fulldsp' <Latency = 4> <II = 1> <Delay = 2.33> <FuncUnit> <Opcode : 'hadd' 'hsub'> <InPorts = 2> <OutPorts = 1>
ST_79 : Operation 1739 [1/5] (2.33ns)   --->   "%dot_28 = hadd i16 %dot_27, i16 %prod_28" [../gen/Hls_Layers_UpConv.tpp:126]   --->   Operation 1739 'hadd' 'dot_28' <Predicate = true> <Delay = 2.33> <CoreInst = "HAddSub_fulldsp">   --->   Core 55 'HAddSub_fulldsp' <Latency = 4> <II = 1> <Delay = 2.33> <FuncUnit> <Opcode : 'hadd' 'hsub'> <InPorts = 2> <OutPorts = 1>
ST_79 : Operation 1740 [1/5] (2.33ns)   --->   "%dot_44 = hadd i16 %dot_43, i16 %prod_44" [../gen/Hls_Layers_UpConv.tpp:126]   --->   Operation 1740 'hadd' 'dot_44' <Predicate = true> <Delay = 2.33> <CoreInst = "HAddSub_fulldsp">   --->   Core 55 'HAddSub_fulldsp' <Latency = 4> <II = 1> <Delay = 2.33> <FuncUnit> <Opcode : 'hadd' 'hsub'> <InPorts = 2> <OutPorts = 1>
ST_79 : Operation 1741 [1/5] (2.33ns)   --->   "%dot_60 = hadd i16 %dot_59, i16 %prod_60" [../gen/Hls_Layers_UpConv.tpp:126]   --->   Operation 1741 'hadd' 'dot_60' <Predicate = true> <Delay = 2.33> <CoreInst = "HAddSub_fulldsp">   --->   Core 55 'HAddSub_fulldsp' <Latency = 4> <II = 1> <Delay = 2.33> <FuncUnit> <Opcode : 'hadd' 'hsub'> <InPorts = 2> <OutPorts = 1>
ST_79 : Operation 1742 [1/5] (2.33ns)   --->   "%dot_76 = hadd i16 %dot_75, i16 %prod_76" [../gen/Hls_Layers_UpConv.tpp:126]   --->   Operation 1742 'hadd' 'dot_76' <Predicate = true> <Delay = 2.33> <CoreInst = "HAddSub_fulldsp">   --->   Core 55 'HAddSub_fulldsp' <Latency = 4> <II = 1> <Delay = 2.33> <FuncUnit> <Opcode : 'hadd' 'hsub'> <InPorts = 2> <OutPorts = 1>
ST_79 : Operation 1743 [1/5] (2.33ns)   --->   "%dot_92 = hadd i16 %dot_91, i16 %prod_92" [../gen/Hls_Layers_UpConv.tpp:126]   --->   Operation 1743 'hadd' 'dot_92' <Predicate = true> <Delay = 2.33> <CoreInst = "HAddSub_fulldsp">   --->   Core 55 'HAddSub_fulldsp' <Latency = 4> <II = 1> <Delay = 2.33> <FuncUnit> <Opcode : 'hadd' 'hsub'> <InPorts = 2> <OutPorts = 1>
ST_79 : Operation 1744 [1/5] (2.33ns)   --->   "%dot_108 = hadd i16 %dot_107, i16 %prod_108" [../gen/Hls_Layers_UpConv.tpp:126]   --->   Operation 1744 'hadd' 'dot_108' <Predicate = true> <Delay = 2.33> <CoreInst = "HAddSub_fulldsp">   --->   Core 55 'HAddSub_fulldsp' <Latency = 4> <II = 1> <Delay = 2.33> <FuncUnit> <Opcode : 'hadd' 'hsub'> <InPorts = 2> <OutPorts = 1>
ST_79 : Operation 1745 [1/5] (2.33ns)   --->   "%dot_124 = hadd i16 %dot_123, i16 %prod_124" [../gen/Hls_Layers_UpConv.tpp:126]   --->   Operation 1745 'hadd' 'dot_124' <Predicate = true> <Delay = 2.33> <CoreInst = "HAddSub_fulldsp">   --->   Core 55 'HAddSub_fulldsp' <Latency = 4> <II = 1> <Delay = 2.33> <FuncUnit> <Opcode : 'hadd' 'hsub'> <InPorts = 2> <OutPorts = 1>

State 80 <SV = 79> <Delay = 2.33>
ST_80 : Operation 1746 [5/5] (2.33ns)   --->   "%dot_14 = hadd i16 %dot_13, i16 %prod_14" [../gen/Hls_Layers_UpConv.tpp:126]   --->   Operation 1746 'hadd' 'dot_14' <Predicate = true> <Delay = 2.33> <CoreInst = "HAddSub_fulldsp">   --->   Core 55 'HAddSub_fulldsp' <Latency = 4> <II = 1> <Delay = 2.33> <FuncUnit> <Opcode : 'hadd' 'hsub'> <InPorts = 2> <OutPorts = 1>
ST_80 : Operation 1747 [5/5] (2.33ns)   --->   "%dot_29 = hadd i16 %dot_28, i16 %prod_29" [../gen/Hls_Layers_UpConv.tpp:126]   --->   Operation 1747 'hadd' 'dot_29' <Predicate = true> <Delay = 2.33> <CoreInst = "HAddSub_fulldsp">   --->   Core 55 'HAddSub_fulldsp' <Latency = 4> <II = 1> <Delay = 2.33> <FuncUnit> <Opcode : 'hadd' 'hsub'> <InPorts = 2> <OutPorts = 1>
ST_80 : Operation 1748 [5/5] (2.33ns)   --->   "%dot_45 = hadd i16 %dot_44, i16 %prod_45" [../gen/Hls_Layers_UpConv.tpp:126]   --->   Operation 1748 'hadd' 'dot_45' <Predicate = true> <Delay = 2.33> <CoreInst = "HAddSub_fulldsp">   --->   Core 55 'HAddSub_fulldsp' <Latency = 4> <II = 1> <Delay = 2.33> <FuncUnit> <Opcode : 'hadd' 'hsub'> <InPorts = 2> <OutPorts = 1>
ST_80 : Operation 1749 [5/5] (2.33ns)   --->   "%dot_61 = hadd i16 %dot_60, i16 %prod_61" [../gen/Hls_Layers_UpConv.tpp:126]   --->   Operation 1749 'hadd' 'dot_61' <Predicate = true> <Delay = 2.33> <CoreInst = "HAddSub_fulldsp">   --->   Core 55 'HAddSub_fulldsp' <Latency = 4> <II = 1> <Delay = 2.33> <FuncUnit> <Opcode : 'hadd' 'hsub'> <InPorts = 2> <OutPorts = 1>
ST_80 : Operation 1750 [5/5] (2.33ns)   --->   "%dot_77 = hadd i16 %dot_76, i16 %prod_77" [../gen/Hls_Layers_UpConv.tpp:126]   --->   Operation 1750 'hadd' 'dot_77' <Predicate = true> <Delay = 2.33> <CoreInst = "HAddSub_fulldsp">   --->   Core 55 'HAddSub_fulldsp' <Latency = 4> <II = 1> <Delay = 2.33> <FuncUnit> <Opcode : 'hadd' 'hsub'> <InPorts = 2> <OutPorts = 1>
ST_80 : Operation 1751 [5/5] (2.33ns)   --->   "%dot_93 = hadd i16 %dot_92, i16 %prod_93" [../gen/Hls_Layers_UpConv.tpp:126]   --->   Operation 1751 'hadd' 'dot_93' <Predicate = true> <Delay = 2.33> <CoreInst = "HAddSub_fulldsp">   --->   Core 55 'HAddSub_fulldsp' <Latency = 4> <II = 1> <Delay = 2.33> <FuncUnit> <Opcode : 'hadd' 'hsub'> <InPorts = 2> <OutPorts = 1>
ST_80 : Operation 1752 [5/5] (2.33ns)   --->   "%dot_109 = hadd i16 %dot_108, i16 %prod_109" [../gen/Hls_Layers_UpConv.tpp:126]   --->   Operation 1752 'hadd' 'dot_109' <Predicate = true> <Delay = 2.33> <CoreInst = "HAddSub_fulldsp">   --->   Core 55 'HAddSub_fulldsp' <Latency = 4> <II = 1> <Delay = 2.33> <FuncUnit> <Opcode : 'hadd' 'hsub'> <InPorts = 2> <OutPorts = 1>
ST_80 : Operation 1753 [5/5] (2.33ns)   --->   "%dot_125 = hadd i16 %dot_124, i16 %prod_125" [../gen/Hls_Layers_UpConv.tpp:126]   --->   Operation 1753 'hadd' 'dot_125' <Predicate = true> <Delay = 2.33> <CoreInst = "HAddSub_fulldsp">   --->   Core 55 'HAddSub_fulldsp' <Latency = 4> <II = 1> <Delay = 2.33> <FuncUnit> <Opcode : 'hadd' 'hsub'> <InPorts = 2> <OutPorts = 1>

State 81 <SV = 80> <Delay = 2.33>
ST_81 : Operation 1754 [4/5] (2.33ns)   --->   "%dot_14 = hadd i16 %dot_13, i16 %prod_14" [../gen/Hls_Layers_UpConv.tpp:126]   --->   Operation 1754 'hadd' 'dot_14' <Predicate = true> <Delay = 2.33> <CoreInst = "HAddSub_fulldsp">   --->   Core 55 'HAddSub_fulldsp' <Latency = 4> <II = 1> <Delay = 2.33> <FuncUnit> <Opcode : 'hadd' 'hsub'> <InPorts = 2> <OutPorts = 1>
ST_81 : Operation 1755 [4/5] (2.33ns)   --->   "%dot_29 = hadd i16 %dot_28, i16 %prod_29" [../gen/Hls_Layers_UpConv.tpp:126]   --->   Operation 1755 'hadd' 'dot_29' <Predicate = true> <Delay = 2.33> <CoreInst = "HAddSub_fulldsp">   --->   Core 55 'HAddSub_fulldsp' <Latency = 4> <II = 1> <Delay = 2.33> <FuncUnit> <Opcode : 'hadd' 'hsub'> <InPorts = 2> <OutPorts = 1>
ST_81 : Operation 1756 [4/5] (2.33ns)   --->   "%dot_45 = hadd i16 %dot_44, i16 %prod_45" [../gen/Hls_Layers_UpConv.tpp:126]   --->   Operation 1756 'hadd' 'dot_45' <Predicate = true> <Delay = 2.33> <CoreInst = "HAddSub_fulldsp">   --->   Core 55 'HAddSub_fulldsp' <Latency = 4> <II = 1> <Delay = 2.33> <FuncUnit> <Opcode : 'hadd' 'hsub'> <InPorts = 2> <OutPorts = 1>
ST_81 : Operation 1757 [4/5] (2.33ns)   --->   "%dot_61 = hadd i16 %dot_60, i16 %prod_61" [../gen/Hls_Layers_UpConv.tpp:126]   --->   Operation 1757 'hadd' 'dot_61' <Predicate = true> <Delay = 2.33> <CoreInst = "HAddSub_fulldsp">   --->   Core 55 'HAddSub_fulldsp' <Latency = 4> <II = 1> <Delay = 2.33> <FuncUnit> <Opcode : 'hadd' 'hsub'> <InPorts = 2> <OutPorts = 1>
ST_81 : Operation 1758 [4/5] (2.33ns)   --->   "%dot_77 = hadd i16 %dot_76, i16 %prod_77" [../gen/Hls_Layers_UpConv.tpp:126]   --->   Operation 1758 'hadd' 'dot_77' <Predicate = true> <Delay = 2.33> <CoreInst = "HAddSub_fulldsp">   --->   Core 55 'HAddSub_fulldsp' <Latency = 4> <II = 1> <Delay = 2.33> <FuncUnit> <Opcode : 'hadd' 'hsub'> <InPorts = 2> <OutPorts = 1>
ST_81 : Operation 1759 [4/5] (2.33ns)   --->   "%dot_93 = hadd i16 %dot_92, i16 %prod_93" [../gen/Hls_Layers_UpConv.tpp:126]   --->   Operation 1759 'hadd' 'dot_93' <Predicate = true> <Delay = 2.33> <CoreInst = "HAddSub_fulldsp">   --->   Core 55 'HAddSub_fulldsp' <Latency = 4> <II = 1> <Delay = 2.33> <FuncUnit> <Opcode : 'hadd' 'hsub'> <InPorts = 2> <OutPorts = 1>
ST_81 : Operation 1760 [4/5] (2.33ns)   --->   "%dot_109 = hadd i16 %dot_108, i16 %prod_109" [../gen/Hls_Layers_UpConv.tpp:126]   --->   Operation 1760 'hadd' 'dot_109' <Predicate = true> <Delay = 2.33> <CoreInst = "HAddSub_fulldsp">   --->   Core 55 'HAddSub_fulldsp' <Latency = 4> <II = 1> <Delay = 2.33> <FuncUnit> <Opcode : 'hadd' 'hsub'> <InPorts = 2> <OutPorts = 1>
ST_81 : Operation 1761 [4/5] (2.33ns)   --->   "%dot_125 = hadd i16 %dot_124, i16 %prod_125" [../gen/Hls_Layers_UpConv.tpp:126]   --->   Operation 1761 'hadd' 'dot_125' <Predicate = true> <Delay = 2.33> <CoreInst = "HAddSub_fulldsp">   --->   Core 55 'HAddSub_fulldsp' <Latency = 4> <II = 1> <Delay = 2.33> <FuncUnit> <Opcode : 'hadd' 'hsub'> <InPorts = 2> <OutPorts = 1>

State 82 <SV = 81> <Delay = 2.33>
ST_82 : Operation 1762 [3/5] (2.33ns)   --->   "%dot_14 = hadd i16 %dot_13, i16 %prod_14" [../gen/Hls_Layers_UpConv.tpp:126]   --->   Operation 1762 'hadd' 'dot_14' <Predicate = true> <Delay = 2.33> <CoreInst = "HAddSub_fulldsp">   --->   Core 55 'HAddSub_fulldsp' <Latency = 4> <II = 1> <Delay = 2.33> <FuncUnit> <Opcode : 'hadd' 'hsub'> <InPorts = 2> <OutPorts = 1>
ST_82 : Operation 1763 [3/5] (2.33ns)   --->   "%dot_29 = hadd i16 %dot_28, i16 %prod_29" [../gen/Hls_Layers_UpConv.tpp:126]   --->   Operation 1763 'hadd' 'dot_29' <Predicate = true> <Delay = 2.33> <CoreInst = "HAddSub_fulldsp">   --->   Core 55 'HAddSub_fulldsp' <Latency = 4> <II = 1> <Delay = 2.33> <FuncUnit> <Opcode : 'hadd' 'hsub'> <InPorts = 2> <OutPorts = 1>
ST_82 : Operation 1764 [3/5] (2.33ns)   --->   "%dot_45 = hadd i16 %dot_44, i16 %prod_45" [../gen/Hls_Layers_UpConv.tpp:126]   --->   Operation 1764 'hadd' 'dot_45' <Predicate = true> <Delay = 2.33> <CoreInst = "HAddSub_fulldsp">   --->   Core 55 'HAddSub_fulldsp' <Latency = 4> <II = 1> <Delay = 2.33> <FuncUnit> <Opcode : 'hadd' 'hsub'> <InPorts = 2> <OutPorts = 1>
ST_82 : Operation 1765 [3/5] (2.33ns)   --->   "%dot_61 = hadd i16 %dot_60, i16 %prod_61" [../gen/Hls_Layers_UpConv.tpp:126]   --->   Operation 1765 'hadd' 'dot_61' <Predicate = true> <Delay = 2.33> <CoreInst = "HAddSub_fulldsp">   --->   Core 55 'HAddSub_fulldsp' <Latency = 4> <II = 1> <Delay = 2.33> <FuncUnit> <Opcode : 'hadd' 'hsub'> <InPorts = 2> <OutPorts = 1>
ST_82 : Operation 1766 [3/5] (2.33ns)   --->   "%dot_77 = hadd i16 %dot_76, i16 %prod_77" [../gen/Hls_Layers_UpConv.tpp:126]   --->   Operation 1766 'hadd' 'dot_77' <Predicate = true> <Delay = 2.33> <CoreInst = "HAddSub_fulldsp">   --->   Core 55 'HAddSub_fulldsp' <Latency = 4> <II = 1> <Delay = 2.33> <FuncUnit> <Opcode : 'hadd' 'hsub'> <InPorts = 2> <OutPorts = 1>
ST_82 : Operation 1767 [3/5] (2.33ns)   --->   "%dot_93 = hadd i16 %dot_92, i16 %prod_93" [../gen/Hls_Layers_UpConv.tpp:126]   --->   Operation 1767 'hadd' 'dot_93' <Predicate = true> <Delay = 2.33> <CoreInst = "HAddSub_fulldsp">   --->   Core 55 'HAddSub_fulldsp' <Latency = 4> <II = 1> <Delay = 2.33> <FuncUnit> <Opcode : 'hadd' 'hsub'> <InPorts = 2> <OutPorts = 1>
ST_82 : Operation 1768 [3/5] (2.33ns)   --->   "%dot_109 = hadd i16 %dot_108, i16 %prod_109" [../gen/Hls_Layers_UpConv.tpp:126]   --->   Operation 1768 'hadd' 'dot_109' <Predicate = true> <Delay = 2.33> <CoreInst = "HAddSub_fulldsp">   --->   Core 55 'HAddSub_fulldsp' <Latency = 4> <II = 1> <Delay = 2.33> <FuncUnit> <Opcode : 'hadd' 'hsub'> <InPorts = 2> <OutPorts = 1>
ST_82 : Operation 1769 [3/5] (2.33ns)   --->   "%dot_125 = hadd i16 %dot_124, i16 %prod_125" [../gen/Hls_Layers_UpConv.tpp:126]   --->   Operation 1769 'hadd' 'dot_125' <Predicate = true> <Delay = 2.33> <CoreInst = "HAddSub_fulldsp">   --->   Core 55 'HAddSub_fulldsp' <Latency = 4> <II = 1> <Delay = 2.33> <FuncUnit> <Opcode : 'hadd' 'hsub'> <InPorts = 2> <OutPorts = 1>

State 83 <SV = 82> <Delay = 2.33>
ST_83 : Operation 1770 [2/5] (2.33ns)   --->   "%dot_14 = hadd i16 %dot_13, i16 %prod_14" [../gen/Hls_Layers_UpConv.tpp:126]   --->   Operation 1770 'hadd' 'dot_14' <Predicate = true> <Delay = 2.33> <CoreInst = "HAddSub_fulldsp">   --->   Core 55 'HAddSub_fulldsp' <Latency = 4> <II = 1> <Delay = 2.33> <FuncUnit> <Opcode : 'hadd' 'hsub'> <InPorts = 2> <OutPorts = 1>
ST_83 : Operation 1771 [2/5] (2.33ns)   --->   "%dot_29 = hadd i16 %dot_28, i16 %prod_29" [../gen/Hls_Layers_UpConv.tpp:126]   --->   Operation 1771 'hadd' 'dot_29' <Predicate = true> <Delay = 2.33> <CoreInst = "HAddSub_fulldsp">   --->   Core 55 'HAddSub_fulldsp' <Latency = 4> <II = 1> <Delay = 2.33> <FuncUnit> <Opcode : 'hadd' 'hsub'> <InPorts = 2> <OutPorts = 1>
ST_83 : Operation 1772 [2/5] (2.33ns)   --->   "%dot_45 = hadd i16 %dot_44, i16 %prod_45" [../gen/Hls_Layers_UpConv.tpp:126]   --->   Operation 1772 'hadd' 'dot_45' <Predicate = true> <Delay = 2.33> <CoreInst = "HAddSub_fulldsp">   --->   Core 55 'HAddSub_fulldsp' <Latency = 4> <II = 1> <Delay = 2.33> <FuncUnit> <Opcode : 'hadd' 'hsub'> <InPorts = 2> <OutPorts = 1>
ST_83 : Operation 1773 [2/5] (2.33ns)   --->   "%dot_61 = hadd i16 %dot_60, i16 %prod_61" [../gen/Hls_Layers_UpConv.tpp:126]   --->   Operation 1773 'hadd' 'dot_61' <Predicate = true> <Delay = 2.33> <CoreInst = "HAddSub_fulldsp">   --->   Core 55 'HAddSub_fulldsp' <Latency = 4> <II = 1> <Delay = 2.33> <FuncUnit> <Opcode : 'hadd' 'hsub'> <InPorts = 2> <OutPorts = 1>
ST_83 : Operation 1774 [2/5] (2.33ns)   --->   "%dot_77 = hadd i16 %dot_76, i16 %prod_77" [../gen/Hls_Layers_UpConv.tpp:126]   --->   Operation 1774 'hadd' 'dot_77' <Predicate = true> <Delay = 2.33> <CoreInst = "HAddSub_fulldsp">   --->   Core 55 'HAddSub_fulldsp' <Latency = 4> <II = 1> <Delay = 2.33> <FuncUnit> <Opcode : 'hadd' 'hsub'> <InPorts = 2> <OutPorts = 1>
ST_83 : Operation 1775 [2/5] (2.33ns)   --->   "%dot_93 = hadd i16 %dot_92, i16 %prod_93" [../gen/Hls_Layers_UpConv.tpp:126]   --->   Operation 1775 'hadd' 'dot_93' <Predicate = true> <Delay = 2.33> <CoreInst = "HAddSub_fulldsp">   --->   Core 55 'HAddSub_fulldsp' <Latency = 4> <II = 1> <Delay = 2.33> <FuncUnit> <Opcode : 'hadd' 'hsub'> <InPorts = 2> <OutPorts = 1>
ST_83 : Operation 1776 [2/5] (2.33ns)   --->   "%dot_109 = hadd i16 %dot_108, i16 %prod_109" [../gen/Hls_Layers_UpConv.tpp:126]   --->   Operation 1776 'hadd' 'dot_109' <Predicate = true> <Delay = 2.33> <CoreInst = "HAddSub_fulldsp">   --->   Core 55 'HAddSub_fulldsp' <Latency = 4> <II = 1> <Delay = 2.33> <FuncUnit> <Opcode : 'hadd' 'hsub'> <InPorts = 2> <OutPorts = 1>
ST_83 : Operation 1777 [2/5] (2.33ns)   --->   "%dot_125 = hadd i16 %dot_124, i16 %prod_125" [../gen/Hls_Layers_UpConv.tpp:126]   --->   Operation 1777 'hadd' 'dot_125' <Predicate = true> <Delay = 2.33> <CoreInst = "HAddSub_fulldsp">   --->   Core 55 'HAddSub_fulldsp' <Latency = 4> <II = 1> <Delay = 2.33> <FuncUnit> <Opcode : 'hadd' 'hsub'> <InPorts = 2> <OutPorts = 1>

State 84 <SV = 83> <Delay = 2.33>
ST_84 : Operation 1778 [1/5] (2.33ns)   --->   "%dot_14 = hadd i16 %dot_13, i16 %prod_14" [../gen/Hls_Layers_UpConv.tpp:126]   --->   Operation 1778 'hadd' 'dot_14' <Predicate = true> <Delay = 2.33> <CoreInst = "HAddSub_fulldsp">   --->   Core 55 'HAddSub_fulldsp' <Latency = 4> <II = 1> <Delay = 2.33> <FuncUnit> <Opcode : 'hadd' 'hsub'> <InPorts = 2> <OutPorts = 1>
ST_84 : Operation 1779 [1/5] (2.33ns)   --->   "%dot_29 = hadd i16 %dot_28, i16 %prod_29" [../gen/Hls_Layers_UpConv.tpp:126]   --->   Operation 1779 'hadd' 'dot_29' <Predicate = true> <Delay = 2.33> <CoreInst = "HAddSub_fulldsp">   --->   Core 55 'HAddSub_fulldsp' <Latency = 4> <II = 1> <Delay = 2.33> <FuncUnit> <Opcode : 'hadd' 'hsub'> <InPorts = 2> <OutPorts = 1>
ST_84 : Operation 1780 [1/5] (2.33ns)   --->   "%dot_45 = hadd i16 %dot_44, i16 %prod_45" [../gen/Hls_Layers_UpConv.tpp:126]   --->   Operation 1780 'hadd' 'dot_45' <Predicate = true> <Delay = 2.33> <CoreInst = "HAddSub_fulldsp">   --->   Core 55 'HAddSub_fulldsp' <Latency = 4> <II = 1> <Delay = 2.33> <FuncUnit> <Opcode : 'hadd' 'hsub'> <InPorts = 2> <OutPorts = 1>
ST_84 : Operation 1781 [1/5] (2.33ns)   --->   "%dot_61 = hadd i16 %dot_60, i16 %prod_61" [../gen/Hls_Layers_UpConv.tpp:126]   --->   Operation 1781 'hadd' 'dot_61' <Predicate = true> <Delay = 2.33> <CoreInst = "HAddSub_fulldsp">   --->   Core 55 'HAddSub_fulldsp' <Latency = 4> <II = 1> <Delay = 2.33> <FuncUnit> <Opcode : 'hadd' 'hsub'> <InPorts = 2> <OutPorts = 1>
ST_84 : Operation 1782 [1/5] (2.33ns)   --->   "%dot_77 = hadd i16 %dot_76, i16 %prod_77" [../gen/Hls_Layers_UpConv.tpp:126]   --->   Operation 1782 'hadd' 'dot_77' <Predicate = true> <Delay = 2.33> <CoreInst = "HAddSub_fulldsp">   --->   Core 55 'HAddSub_fulldsp' <Latency = 4> <II = 1> <Delay = 2.33> <FuncUnit> <Opcode : 'hadd' 'hsub'> <InPorts = 2> <OutPorts = 1>
ST_84 : Operation 1783 [1/5] (2.33ns)   --->   "%dot_93 = hadd i16 %dot_92, i16 %prod_93" [../gen/Hls_Layers_UpConv.tpp:126]   --->   Operation 1783 'hadd' 'dot_93' <Predicate = true> <Delay = 2.33> <CoreInst = "HAddSub_fulldsp">   --->   Core 55 'HAddSub_fulldsp' <Latency = 4> <II = 1> <Delay = 2.33> <FuncUnit> <Opcode : 'hadd' 'hsub'> <InPorts = 2> <OutPorts = 1>
ST_84 : Operation 1784 [1/5] (2.33ns)   --->   "%dot_109 = hadd i16 %dot_108, i16 %prod_109" [../gen/Hls_Layers_UpConv.tpp:126]   --->   Operation 1784 'hadd' 'dot_109' <Predicate = true> <Delay = 2.33> <CoreInst = "HAddSub_fulldsp">   --->   Core 55 'HAddSub_fulldsp' <Latency = 4> <II = 1> <Delay = 2.33> <FuncUnit> <Opcode : 'hadd' 'hsub'> <InPorts = 2> <OutPorts = 1>
ST_84 : Operation 1785 [1/5] (2.33ns)   --->   "%dot_125 = hadd i16 %dot_124, i16 %prod_125" [../gen/Hls_Layers_UpConv.tpp:126]   --->   Operation 1785 'hadd' 'dot_125' <Predicate = true> <Delay = 2.33> <CoreInst = "HAddSub_fulldsp">   --->   Core 55 'HAddSub_fulldsp' <Latency = 4> <II = 1> <Delay = 2.33> <FuncUnit> <Opcode : 'hadd' 'hsub'> <InPorts = 2> <OutPorts = 1>

State 85 <SV = 84> <Delay = 2.33>
ST_85 : Operation 1786 [5/5] (2.33ns)   --->   "%dot_15 = hadd i16 %dot_14, i16 %prod_15" [../gen/Hls_Layers_UpConv.tpp:126]   --->   Operation 1786 'hadd' 'dot_15' <Predicate = true> <Delay = 2.33> <CoreInst = "HAddSub_fulldsp">   --->   Core 55 'HAddSub_fulldsp' <Latency = 4> <II = 1> <Delay = 2.33> <FuncUnit> <Opcode : 'hadd' 'hsub'> <InPorts = 2> <OutPorts = 1>
ST_85 : Operation 1787 [5/5] (2.33ns)   --->   "%dot_30 = hadd i16 %dot_29, i16 %prod_30" [../gen/Hls_Layers_UpConv.tpp:126]   --->   Operation 1787 'hadd' 'dot_30' <Predicate = true> <Delay = 2.33> <CoreInst = "HAddSub_fulldsp">   --->   Core 55 'HAddSub_fulldsp' <Latency = 4> <II = 1> <Delay = 2.33> <FuncUnit> <Opcode : 'hadd' 'hsub'> <InPorts = 2> <OutPorts = 1>
ST_85 : Operation 1788 [5/5] (2.33ns)   --->   "%dot_46 = hadd i16 %dot_45, i16 %prod_46" [../gen/Hls_Layers_UpConv.tpp:126]   --->   Operation 1788 'hadd' 'dot_46' <Predicate = true> <Delay = 2.33> <CoreInst = "HAddSub_fulldsp">   --->   Core 55 'HAddSub_fulldsp' <Latency = 4> <II = 1> <Delay = 2.33> <FuncUnit> <Opcode : 'hadd' 'hsub'> <InPorts = 2> <OutPorts = 1>
ST_85 : Operation 1789 [5/5] (2.33ns)   --->   "%dot_62 = hadd i16 %dot_61, i16 %prod_62" [../gen/Hls_Layers_UpConv.tpp:126]   --->   Operation 1789 'hadd' 'dot_62' <Predicate = true> <Delay = 2.33> <CoreInst = "HAddSub_fulldsp">   --->   Core 55 'HAddSub_fulldsp' <Latency = 4> <II = 1> <Delay = 2.33> <FuncUnit> <Opcode : 'hadd' 'hsub'> <InPorts = 2> <OutPorts = 1>
ST_85 : Operation 1790 [5/5] (2.33ns)   --->   "%dot_78 = hadd i16 %dot_77, i16 %prod_78" [../gen/Hls_Layers_UpConv.tpp:126]   --->   Operation 1790 'hadd' 'dot_78' <Predicate = true> <Delay = 2.33> <CoreInst = "HAddSub_fulldsp">   --->   Core 55 'HAddSub_fulldsp' <Latency = 4> <II = 1> <Delay = 2.33> <FuncUnit> <Opcode : 'hadd' 'hsub'> <InPorts = 2> <OutPorts = 1>
ST_85 : Operation 1791 [5/5] (2.33ns)   --->   "%dot_94 = hadd i16 %dot_93, i16 %prod_94" [../gen/Hls_Layers_UpConv.tpp:126]   --->   Operation 1791 'hadd' 'dot_94' <Predicate = true> <Delay = 2.33> <CoreInst = "HAddSub_fulldsp">   --->   Core 55 'HAddSub_fulldsp' <Latency = 4> <II = 1> <Delay = 2.33> <FuncUnit> <Opcode : 'hadd' 'hsub'> <InPorts = 2> <OutPorts = 1>
ST_85 : Operation 1792 [5/5] (2.33ns)   --->   "%dot_110 = hadd i16 %dot_109, i16 %prod_110" [../gen/Hls_Layers_UpConv.tpp:126]   --->   Operation 1792 'hadd' 'dot_110' <Predicate = true> <Delay = 2.33> <CoreInst = "HAddSub_fulldsp">   --->   Core 55 'HAddSub_fulldsp' <Latency = 4> <II = 1> <Delay = 2.33> <FuncUnit> <Opcode : 'hadd' 'hsub'> <InPorts = 2> <OutPorts = 1>
ST_85 : Operation 1793 [5/5] (2.33ns)   --->   "%dot_126 = hadd i16 %dot_125, i16 %prod_126" [../gen/Hls_Layers_UpConv.tpp:126]   --->   Operation 1793 'hadd' 'dot_126' <Predicate = true> <Delay = 2.33> <CoreInst = "HAddSub_fulldsp">   --->   Core 55 'HAddSub_fulldsp' <Latency = 4> <II = 1> <Delay = 2.33> <FuncUnit> <Opcode : 'hadd' 'hsub'> <InPorts = 2> <OutPorts = 1>

State 86 <SV = 85> <Delay = 2.33>
ST_86 : Operation 1794 [4/5] (2.33ns)   --->   "%dot_15 = hadd i16 %dot_14, i16 %prod_15" [../gen/Hls_Layers_UpConv.tpp:126]   --->   Operation 1794 'hadd' 'dot_15' <Predicate = true> <Delay = 2.33> <CoreInst = "HAddSub_fulldsp">   --->   Core 55 'HAddSub_fulldsp' <Latency = 4> <II = 1> <Delay = 2.33> <FuncUnit> <Opcode : 'hadd' 'hsub'> <InPorts = 2> <OutPorts = 1>
ST_86 : Operation 1795 [4/5] (2.33ns)   --->   "%dot_30 = hadd i16 %dot_29, i16 %prod_30" [../gen/Hls_Layers_UpConv.tpp:126]   --->   Operation 1795 'hadd' 'dot_30' <Predicate = true> <Delay = 2.33> <CoreInst = "HAddSub_fulldsp">   --->   Core 55 'HAddSub_fulldsp' <Latency = 4> <II = 1> <Delay = 2.33> <FuncUnit> <Opcode : 'hadd' 'hsub'> <InPorts = 2> <OutPorts = 1>
ST_86 : Operation 1796 [4/5] (2.33ns)   --->   "%dot_46 = hadd i16 %dot_45, i16 %prod_46" [../gen/Hls_Layers_UpConv.tpp:126]   --->   Operation 1796 'hadd' 'dot_46' <Predicate = true> <Delay = 2.33> <CoreInst = "HAddSub_fulldsp">   --->   Core 55 'HAddSub_fulldsp' <Latency = 4> <II = 1> <Delay = 2.33> <FuncUnit> <Opcode : 'hadd' 'hsub'> <InPorts = 2> <OutPorts = 1>
ST_86 : Operation 1797 [4/5] (2.33ns)   --->   "%dot_62 = hadd i16 %dot_61, i16 %prod_62" [../gen/Hls_Layers_UpConv.tpp:126]   --->   Operation 1797 'hadd' 'dot_62' <Predicate = true> <Delay = 2.33> <CoreInst = "HAddSub_fulldsp">   --->   Core 55 'HAddSub_fulldsp' <Latency = 4> <II = 1> <Delay = 2.33> <FuncUnit> <Opcode : 'hadd' 'hsub'> <InPorts = 2> <OutPorts = 1>
ST_86 : Operation 1798 [4/5] (2.33ns)   --->   "%dot_78 = hadd i16 %dot_77, i16 %prod_78" [../gen/Hls_Layers_UpConv.tpp:126]   --->   Operation 1798 'hadd' 'dot_78' <Predicate = true> <Delay = 2.33> <CoreInst = "HAddSub_fulldsp">   --->   Core 55 'HAddSub_fulldsp' <Latency = 4> <II = 1> <Delay = 2.33> <FuncUnit> <Opcode : 'hadd' 'hsub'> <InPorts = 2> <OutPorts = 1>
ST_86 : Operation 1799 [4/5] (2.33ns)   --->   "%dot_94 = hadd i16 %dot_93, i16 %prod_94" [../gen/Hls_Layers_UpConv.tpp:126]   --->   Operation 1799 'hadd' 'dot_94' <Predicate = true> <Delay = 2.33> <CoreInst = "HAddSub_fulldsp">   --->   Core 55 'HAddSub_fulldsp' <Latency = 4> <II = 1> <Delay = 2.33> <FuncUnit> <Opcode : 'hadd' 'hsub'> <InPorts = 2> <OutPorts = 1>
ST_86 : Operation 1800 [4/5] (2.33ns)   --->   "%dot_110 = hadd i16 %dot_109, i16 %prod_110" [../gen/Hls_Layers_UpConv.tpp:126]   --->   Operation 1800 'hadd' 'dot_110' <Predicate = true> <Delay = 2.33> <CoreInst = "HAddSub_fulldsp">   --->   Core 55 'HAddSub_fulldsp' <Latency = 4> <II = 1> <Delay = 2.33> <FuncUnit> <Opcode : 'hadd' 'hsub'> <InPorts = 2> <OutPorts = 1>
ST_86 : Operation 1801 [4/5] (2.33ns)   --->   "%dot_126 = hadd i16 %dot_125, i16 %prod_126" [../gen/Hls_Layers_UpConv.tpp:126]   --->   Operation 1801 'hadd' 'dot_126' <Predicate = true> <Delay = 2.33> <CoreInst = "HAddSub_fulldsp">   --->   Core 55 'HAddSub_fulldsp' <Latency = 4> <II = 1> <Delay = 2.33> <FuncUnit> <Opcode : 'hadd' 'hsub'> <InPorts = 2> <OutPorts = 1>

State 87 <SV = 86> <Delay = 2.33>
ST_87 : Operation 1802 [3/5] (2.33ns)   --->   "%dot_15 = hadd i16 %dot_14, i16 %prod_15" [../gen/Hls_Layers_UpConv.tpp:126]   --->   Operation 1802 'hadd' 'dot_15' <Predicate = true> <Delay = 2.33> <CoreInst = "HAddSub_fulldsp">   --->   Core 55 'HAddSub_fulldsp' <Latency = 4> <II = 1> <Delay = 2.33> <FuncUnit> <Opcode : 'hadd' 'hsub'> <InPorts = 2> <OutPorts = 1>
ST_87 : Operation 1803 [3/5] (2.33ns)   --->   "%dot_30 = hadd i16 %dot_29, i16 %prod_30" [../gen/Hls_Layers_UpConv.tpp:126]   --->   Operation 1803 'hadd' 'dot_30' <Predicate = true> <Delay = 2.33> <CoreInst = "HAddSub_fulldsp">   --->   Core 55 'HAddSub_fulldsp' <Latency = 4> <II = 1> <Delay = 2.33> <FuncUnit> <Opcode : 'hadd' 'hsub'> <InPorts = 2> <OutPorts = 1>
ST_87 : Operation 1804 [3/5] (2.33ns)   --->   "%dot_46 = hadd i16 %dot_45, i16 %prod_46" [../gen/Hls_Layers_UpConv.tpp:126]   --->   Operation 1804 'hadd' 'dot_46' <Predicate = true> <Delay = 2.33> <CoreInst = "HAddSub_fulldsp">   --->   Core 55 'HAddSub_fulldsp' <Latency = 4> <II = 1> <Delay = 2.33> <FuncUnit> <Opcode : 'hadd' 'hsub'> <InPorts = 2> <OutPorts = 1>
ST_87 : Operation 1805 [3/5] (2.33ns)   --->   "%dot_62 = hadd i16 %dot_61, i16 %prod_62" [../gen/Hls_Layers_UpConv.tpp:126]   --->   Operation 1805 'hadd' 'dot_62' <Predicate = true> <Delay = 2.33> <CoreInst = "HAddSub_fulldsp">   --->   Core 55 'HAddSub_fulldsp' <Latency = 4> <II = 1> <Delay = 2.33> <FuncUnit> <Opcode : 'hadd' 'hsub'> <InPorts = 2> <OutPorts = 1>
ST_87 : Operation 1806 [3/5] (2.33ns)   --->   "%dot_78 = hadd i16 %dot_77, i16 %prod_78" [../gen/Hls_Layers_UpConv.tpp:126]   --->   Operation 1806 'hadd' 'dot_78' <Predicate = true> <Delay = 2.33> <CoreInst = "HAddSub_fulldsp">   --->   Core 55 'HAddSub_fulldsp' <Latency = 4> <II = 1> <Delay = 2.33> <FuncUnit> <Opcode : 'hadd' 'hsub'> <InPorts = 2> <OutPorts = 1>
ST_87 : Operation 1807 [3/5] (2.33ns)   --->   "%dot_94 = hadd i16 %dot_93, i16 %prod_94" [../gen/Hls_Layers_UpConv.tpp:126]   --->   Operation 1807 'hadd' 'dot_94' <Predicate = true> <Delay = 2.33> <CoreInst = "HAddSub_fulldsp">   --->   Core 55 'HAddSub_fulldsp' <Latency = 4> <II = 1> <Delay = 2.33> <FuncUnit> <Opcode : 'hadd' 'hsub'> <InPorts = 2> <OutPorts = 1>
ST_87 : Operation 1808 [3/5] (2.33ns)   --->   "%dot_110 = hadd i16 %dot_109, i16 %prod_110" [../gen/Hls_Layers_UpConv.tpp:126]   --->   Operation 1808 'hadd' 'dot_110' <Predicate = true> <Delay = 2.33> <CoreInst = "HAddSub_fulldsp">   --->   Core 55 'HAddSub_fulldsp' <Latency = 4> <II = 1> <Delay = 2.33> <FuncUnit> <Opcode : 'hadd' 'hsub'> <InPorts = 2> <OutPorts = 1>
ST_87 : Operation 1809 [3/5] (2.33ns)   --->   "%dot_126 = hadd i16 %dot_125, i16 %prod_126" [../gen/Hls_Layers_UpConv.tpp:126]   --->   Operation 1809 'hadd' 'dot_126' <Predicate = true> <Delay = 2.33> <CoreInst = "HAddSub_fulldsp">   --->   Core 55 'HAddSub_fulldsp' <Latency = 4> <II = 1> <Delay = 2.33> <FuncUnit> <Opcode : 'hadd' 'hsub'> <InPorts = 2> <OutPorts = 1>

State 88 <SV = 87> <Delay = 2.33>
ST_88 : Operation 1810 [2/5] (2.33ns)   --->   "%dot_15 = hadd i16 %dot_14, i16 %prod_15" [../gen/Hls_Layers_UpConv.tpp:126]   --->   Operation 1810 'hadd' 'dot_15' <Predicate = true> <Delay = 2.33> <CoreInst = "HAddSub_fulldsp">   --->   Core 55 'HAddSub_fulldsp' <Latency = 4> <II = 1> <Delay = 2.33> <FuncUnit> <Opcode : 'hadd' 'hsub'> <InPorts = 2> <OutPorts = 1>
ST_88 : Operation 1811 [2/5] (2.33ns)   --->   "%dot_30 = hadd i16 %dot_29, i16 %prod_30" [../gen/Hls_Layers_UpConv.tpp:126]   --->   Operation 1811 'hadd' 'dot_30' <Predicate = true> <Delay = 2.33> <CoreInst = "HAddSub_fulldsp">   --->   Core 55 'HAddSub_fulldsp' <Latency = 4> <II = 1> <Delay = 2.33> <FuncUnit> <Opcode : 'hadd' 'hsub'> <InPorts = 2> <OutPorts = 1>
ST_88 : Operation 1812 [2/5] (2.33ns)   --->   "%dot_46 = hadd i16 %dot_45, i16 %prod_46" [../gen/Hls_Layers_UpConv.tpp:126]   --->   Operation 1812 'hadd' 'dot_46' <Predicate = true> <Delay = 2.33> <CoreInst = "HAddSub_fulldsp">   --->   Core 55 'HAddSub_fulldsp' <Latency = 4> <II = 1> <Delay = 2.33> <FuncUnit> <Opcode : 'hadd' 'hsub'> <InPorts = 2> <OutPorts = 1>
ST_88 : Operation 1813 [2/5] (2.33ns)   --->   "%dot_62 = hadd i16 %dot_61, i16 %prod_62" [../gen/Hls_Layers_UpConv.tpp:126]   --->   Operation 1813 'hadd' 'dot_62' <Predicate = true> <Delay = 2.33> <CoreInst = "HAddSub_fulldsp">   --->   Core 55 'HAddSub_fulldsp' <Latency = 4> <II = 1> <Delay = 2.33> <FuncUnit> <Opcode : 'hadd' 'hsub'> <InPorts = 2> <OutPorts = 1>
ST_88 : Operation 1814 [2/5] (2.33ns)   --->   "%dot_78 = hadd i16 %dot_77, i16 %prod_78" [../gen/Hls_Layers_UpConv.tpp:126]   --->   Operation 1814 'hadd' 'dot_78' <Predicate = true> <Delay = 2.33> <CoreInst = "HAddSub_fulldsp">   --->   Core 55 'HAddSub_fulldsp' <Latency = 4> <II = 1> <Delay = 2.33> <FuncUnit> <Opcode : 'hadd' 'hsub'> <InPorts = 2> <OutPorts = 1>
ST_88 : Operation 1815 [2/5] (2.33ns)   --->   "%dot_94 = hadd i16 %dot_93, i16 %prod_94" [../gen/Hls_Layers_UpConv.tpp:126]   --->   Operation 1815 'hadd' 'dot_94' <Predicate = true> <Delay = 2.33> <CoreInst = "HAddSub_fulldsp">   --->   Core 55 'HAddSub_fulldsp' <Latency = 4> <II = 1> <Delay = 2.33> <FuncUnit> <Opcode : 'hadd' 'hsub'> <InPorts = 2> <OutPorts = 1>
ST_88 : Operation 1816 [2/5] (2.33ns)   --->   "%dot_110 = hadd i16 %dot_109, i16 %prod_110" [../gen/Hls_Layers_UpConv.tpp:126]   --->   Operation 1816 'hadd' 'dot_110' <Predicate = true> <Delay = 2.33> <CoreInst = "HAddSub_fulldsp">   --->   Core 55 'HAddSub_fulldsp' <Latency = 4> <II = 1> <Delay = 2.33> <FuncUnit> <Opcode : 'hadd' 'hsub'> <InPorts = 2> <OutPorts = 1>
ST_88 : Operation 1817 [2/5] (2.33ns)   --->   "%dot_126 = hadd i16 %dot_125, i16 %prod_126" [../gen/Hls_Layers_UpConv.tpp:126]   --->   Operation 1817 'hadd' 'dot_126' <Predicate = true> <Delay = 2.33> <CoreInst = "HAddSub_fulldsp">   --->   Core 55 'HAddSub_fulldsp' <Latency = 4> <II = 1> <Delay = 2.33> <FuncUnit> <Opcode : 'hadd' 'hsub'> <InPorts = 2> <OutPorts = 1>

State 89 <SV = 88> <Delay = 2.33>
ST_89 : Operation 1818 [1/5] (2.33ns)   --->   "%dot_15 = hadd i16 %dot_14, i16 %prod_15" [../gen/Hls_Layers_UpConv.tpp:126]   --->   Operation 1818 'hadd' 'dot_15' <Predicate = true> <Delay = 2.33> <CoreInst = "HAddSub_fulldsp">   --->   Core 55 'HAddSub_fulldsp' <Latency = 4> <II = 1> <Delay = 2.33> <FuncUnit> <Opcode : 'hadd' 'hsub'> <InPorts = 2> <OutPorts = 1>
ST_89 : Operation 1819 [1/5] (2.33ns)   --->   "%dot_30 = hadd i16 %dot_29, i16 %prod_30" [../gen/Hls_Layers_UpConv.tpp:126]   --->   Operation 1819 'hadd' 'dot_30' <Predicate = true> <Delay = 2.33> <CoreInst = "HAddSub_fulldsp">   --->   Core 55 'HAddSub_fulldsp' <Latency = 4> <II = 1> <Delay = 2.33> <FuncUnit> <Opcode : 'hadd' 'hsub'> <InPorts = 2> <OutPorts = 1>
ST_89 : Operation 1820 [1/5] (2.33ns)   --->   "%dot_46 = hadd i16 %dot_45, i16 %prod_46" [../gen/Hls_Layers_UpConv.tpp:126]   --->   Operation 1820 'hadd' 'dot_46' <Predicate = true> <Delay = 2.33> <CoreInst = "HAddSub_fulldsp">   --->   Core 55 'HAddSub_fulldsp' <Latency = 4> <II = 1> <Delay = 2.33> <FuncUnit> <Opcode : 'hadd' 'hsub'> <InPorts = 2> <OutPorts = 1>
ST_89 : Operation 1821 [1/5] (2.33ns)   --->   "%dot_62 = hadd i16 %dot_61, i16 %prod_62" [../gen/Hls_Layers_UpConv.tpp:126]   --->   Operation 1821 'hadd' 'dot_62' <Predicate = true> <Delay = 2.33> <CoreInst = "HAddSub_fulldsp">   --->   Core 55 'HAddSub_fulldsp' <Latency = 4> <II = 1> <Delay = 2.33> <FuncUnit> <Opcode : 'hadd' 'hsub'> <InPorts = 2> <OutPorts = 1>
ST_89 : Operation 1822 [1/5] (2.33ns)   --->   "%dot_78 = hadd i16 %dot_77, i16 %prod_78" [../gen/Hls_Layers_UpConv.tpp:126]   --->   Operation 1822 'hadd' 'dot_78' <Predicate = true> <Delay = 2.33> <CoreInst = "HAddSub_fulldsp">   --->   Core 55 'HAddSub_fulldsp' <Latency = 4> <II = 1> <Delay = 2.33> <FuncUnit> <Opcode : 'hadd' 'hsub'> <InPorts = 2> <OutPorts = 1>
ST_89 : Operation 1823 [1/5] (2.33ns)   --->   "%dot_94 = hadd i16 %dot_93, i16 %prod_94" [../gen/Hls_Layers_UpConv.tpp:126]   --->   Operation 1823 'hadd' 'dot_94' <Predicate = true> <Delay = 2.33> <CoreInst = "HAddSub_fulldsp">   --->   Core 55 'HAddSub_fulldsp' <Latency = 4> <II = 1> <Delay = 2.33> <FuncUnit> <Opcode : 'hadd' 'hsub'> <InPorts = 2> <OutPorts = 1>
ST_89 : Operation 1824 [1/5] (2.33ns)   --->   "%dot_110 = hadd i16 %dot_109, i16 %prod_110" [../gen/Hls_Layers_UpConv.tpp:126]   --->   Operation 1824 'hadd' 'dot_110' <Predicate = true> <Delay = 2.33> <CoreInst = "HAddSub_fulldsp">   --->   Core 55 'HAddSub_fulldsp' <Latency = 4> <II = 1> <Delay = 2.33> <FuncUnit> <Opcode : 'hadd' 'hsub'> <InPorts = 2> <OutPorts = 1>
ST_89 : Operation 1825 [1/5] (2.33ns)   --->   "%dot_126 = hadd i16 %dot_125, i16 %prod_126" [../gen/Hls_Layers_UpConv.tpp:126]   --->   Operation 1825 'hadd' 'dot_126' <Predicate = true> <Delay = 2.33> <CoreInst = "HAddSub_fulldsp">   --->   Core 55 'HAddSub_fulldsp' <Latency = 4> <II = 1> <Delay = 2.33> <FuncUnit> <Opcode : 'hadd' 'hsub'> <InPorts = 2> <OutPorts = 1>
ST_89 : Operation 1826 [1/1] (0.00ns)   --->   "%psum_load = load i16 %psum" [../gen/Hls_Layers_UpConv.tpp:129]   --->   Operation 1826 'load' 'psum_load' <Predicate = (trunc_ln108_1 == 0 & !icmp157)> <Delay = 0.00>
ST_89 : Operation 1827 [1/1] (0.00ns)   --->   "%psum_1_load = load i16 %psum_1" [../gen/Hls_Layers_UpConv.tpp:129]   --->   Operation 1827 'load' 'psum_1_load' <Predicate = (trunc_ln108_1 == 1 & !icmp157)> <Delay = 0.00>
ST_89 : Operation 1828 [1/1] (0.00ns)   --->   "%psum_2_load = load i16 %psum_2" [../gen/Hls_Layers_UpConv.tpp:129]   --->   Operation 1828 'load' 'psum_2_load' <Predicate = (trunc_ln108_1 == 2 & !icmp157)> <Delay = 0.00>
ST_89 : Operation 1829 [1/1] (0.00ns)   --->   "%psum_3_load = load i16 %psum_3" [../gen/Hls_Layers_UpConv.tpp:129]   --->   Operation 1829 'load' 'psum_3_load' <Predicate = (trunc_ln108_1 == 3 & !icmp157)> <Delay = 0.00>
ST_89 : Operation 1830 [1/1] (0.52ns)   --->   "%tmp_s = sparsemux i16 @_ssdm_op_SparseMux.ap_auto.4half.half.i2, i2 0, i16 %psum_load, i2 1, i16 %psum_1_load, i2 2, i16 %psum_2_load, i2 3, i16 %psum_3_load, i16 <undef>, i2 %trunc_ln108_1" [../gen/Hls_Layers_UpConv.tpp:129]   --->   Operation 1830 'sparsemux' 'tmp_s' <Predicate = (!icmp157)> <Delay = 0.52> <CoreInst = "BinarySparseMux_DontCare">   --->   Core 149 'BinarySparseMux_DontCare' <Latency = 0> <II = 1> <Delay = 0.52> <FuncUnit> <Opcode : 'sparsemux'> <InPorts = 2> <OutPorts = 1>
ST_89 : Operation 1831 [1/1] (0.00ns)   --->   "%psum_4_load = load i16 %psum_4" [../gen/Hls_Layers_UpConv.tpp:129]   --->   Operation 1831 'load' 'psum_4_load' <Predicate = (trunc_ln108_1 == 0 & !icmp157)> <Delay = 0.00>
ST_89 : Operation 1832 [1/1] (0.00ns)   --->   "%psum_5_load = load i16 %psum_5" [../gen/Hls_Layers_UpConv.tpp:129]   --->   Operation 1832 'load' 'psum_5_load' <Predicate = (trunc_ln108_1 == 1 & !icmp157)> <Delay = 0.00>
ST_89 : Operation 1833 [1/1] (0.00ns)   --->   "%psum_6_load = load i16 %psum_6" [../gen/Hls_Layers_UpConv.tpp:129]   --->   Operation 1833 'load' 'psum_6_load' <Predicate = (trunc_ln108_1 == 2 & !icmp157)> <Delay = 0.00>
ST_89 : Operation 1834 [1/1] (0.00ns)   --->   "%psum_7_load = load i16 %psum_7" [../gen/Hls_Layers_UpConv.tpp:129]   --->   Operation 1834 'load' 'psum_7_load' <Predicate = (trunc_ln108_1 == 3 & !icmp157)> <Delay = 0.00>
ST_89 : Operation 1835 [1/1] (0.52ns)   --->   "%tmp = sparsemux i16 @_ssdm_op_SparseMux.ap_auto.4half.half.i2, i2 0, i16 %psum_4_load, i2 1, i16 %psum_5_load, i2 2, i16 %psum_6_load, i2 3, i16 %psum_7_load, i16 <undef>, i2 %trunc_ln108_1" [../gen/Hls_Layers_UpConv.tpp:129]   --->   Operation 1835 'sparsemux' 'tmp' <Predicate = (!icmp157)> <Delay = 0.52> <CoreInst = "BinarySparseMux_DontCare">   --->   Core 149 'BinarySparseMux_DontCare' <Latency = 0> <II = 1> <Delay = 0.52> <FuncUnit> <Opcode : 'sparsemux'> <InPorts = 2> <OutPorts = 1>
ST_89 : Operation 1836 [1/1] (0.00ns)   --->   "%psum_8_load = load i16 %psum_8" [../gen/Hls_Layers_UpConv.tpp:129]   --->   Operation 1836 'load' 'psum_8_load' <Predicate = (trunc_ln108_1 == 0 & !icmp157)> <Delay = 0.00>
ST_89 : Operation 1837 [1/1] (0.00ns)   --->   "%psum_9_load = load i16 %psum_9" [../gen/Hls_Layers_UpConv.tpp:129]   --->   Operation 1837 'load' 'psum_9_load' <Predicate = (trunc_ln108_1 == 1 & !icmp157)> <Delay = 0.00>
ST_89 : Operation 1838 [1/1] (0.00ns)   --->   "%psum_10_load = load i16 %psum_10" [../gen/Hls_Layers_UpConv.tpp:129]   --->   Operation 1838 'load' 'psum_10_load' <Predicate = (trunc_ln108_1 == 2 & !icmp157)> <Delay = 0.00>
ST_89 : Operation 1839 [1/1] (0.00ns)   --->   "%psum_11_load = load i16 %psum_11" [../gen/Hls_Layers_UpConv.tpp:129]   --->   Operation 1839 'load' 'psum_11_load' <Predicate = (trunc_ln108_1 == 3 & !icmp157)> <Delay = 0.00>
ST_89 : Operation 1840 [1/1] (0.52ns)   --->   "%tmp_1 = sparsemux i16 @_ssdm_op_SparseMux.ap_auto.4half.half.i2, i2 0, i16 %psum_8_load, i2 1, i16 %psum_9_load, i2 2, i16 %psum_10_load, i2 3, i16 %psum_11_load, i16 <undef>, i2 %trunc_ln108_1" [../gen/Hls_Layers_UpConv.tpp:129]   --->   Operation 1840 'sparsemux' 'tmp_1' <Predicate = (!icmp157)> <Delay = 0.52> <CoreInst = "BinarySparseMux_DontCare">   --->   Core 149 'BinarySparseMux_DontCare' <Latency = 0> <II = 1> <Delay = 0.52> <FuncUnit> <Opcode : 'sparsemux'> <InPorts = 2> <OutPorts = 1>
ST_89 : Operation 1841 [1/1] (0.00ns)   --->   "%psum_12_load = load i16 %psum_12" [../gen/Hls_Layers_UpConv.tpp:129]   --->   Operation 1841 'load' 'psum_12_load' <Predicate = (trunc_ln108_1 == 0 & !icmp157)> <Delay = 0.00>
ST_89 : Operation 1842 [1/1] (0.00ns)   --->   "%psum_13_load = load i16 %psum_13" [../gen/Hls_Layers_UpConv.tpp:129]   --->   Operation 1842 'load' 'psum_13_load' <Predicate = (trunc_ln108_1 == 1 & !icmp157)> <Delay = 0.00>
ST_89 : Operation 1843 [1/1] (0.00ns)   --->   "%psum_14_load = load i16 %psum_14" [../gen/Hls_Layers_UpConv.tpp:129]   --->   Operation 1843 'load' 'psum_14_load' <Predicate = (trunc_ln108_1 == 2 & !icmp157)> <Delay = 0.00>
ST_89 : Operation 1844 [1/1] (0.00ns)   --->   "%psum_15_load = load i16 %psum_15" [../gen/Hls_Layers_UpConv.tpp:129]   --->   Operation 1844 'load' 'psum_15_load' <Predicate = (trunc_ln108_1 == 3 & !icmp157)> <Delay = 0.00>
ST_89 : Operation 1845 [1/1] (0.52ns)   --->   "%tmp_2 = sparsemux i16 @_ssdm_op_SparseMux.ap_auto.4half.half.i2, i2 0, i16 %psum_12_load, i2 1, i16 %psum_13_load, i2 2, i16 %psum_14_load, i2 3, i16 %psum_15_load, i16 <undef>, i2 %trunc_ln108_1" [../gen/Hls_Layers_UpConv.tpp:129]   --->   Operation 1845 'sparsemux' 'tmp_2' <Predicate = (!icmp157)> <Delay = 0.52> <CoreInst = "BinarySparseMux_DontCare">   --->   Core 149 'BinarySparseMux_DontCare' <Latency = 0> <II = 1> <Delay = 0.52> <FuncUnit> <Opcode : 'sparsemux'> <InPorts = 2> <OutPorts = 1>
ST_89 : Operation 1846 [1/1] (0.00ns)   --->   "%psum_16_load = load i16 %psum_16" [../gen/Hls_Layers_UpConv.tpp:129]   --->   Operation 1846 'load' 'psum_16_load' <Predicate = (trunc_ln108_1 == 0 & !icmp157)> <Delay = 0.00>
ST_89 : Operation 1847 [1/1] (0.00ns)   --->   "%psum_17_load = load i16 %psum_17" [../gen/Hls_Layers_UpConv.tpp:129]   --->   Operation 1847 'load' 'psum_17_load' <Predicate = (trunc_ln108_1 == 1 & !icmp157)> <Delay = 0.00>
ST_89 : Operation 1848 [1/1] (0.00ns)   --->   "%psum_18_load = load i16 %psum_18" [../gen/Hls_Layers_UpConv.tpp:129]   --->   Operation 1848 'load' 'psum_18_load' <Predicate = (trunc_ln108_1 == 2 & !icmp157)> <Delay = 0.00>
ST_89 : Operation 1849 [1/1] (0.00ns)   --->   "%psum_19_load = load i16 %psum_19" [../gen/Hls_Layers_UpConv.tpp:129]   --->   Operation 1849 'load' 'psum_19_load' <Predicate = (trunc_ln108_1 == 3 & !icmp157)> <Delay = 0.00>
ST_89 : Operation 1850 [1/1] (0.52ns)   --->   "%tmp_3 = sparsemux i16 @_ssdm_op_SparseMux.ap_auto.4half.half.i2, i2 0, i16 %psum_16_load, i2 1, i16 %psum_17_load, i2 2, i16 %psum_18_load, i2 3, i16 %psum_19_load, i16 <undef>, i2 %trunc_ln108_1" [../gen/Hls_Layers_UpConv.tpp:129]   --->   Operation 1850 'sparsemux' 'tmp_3' <Predicate = (!icmp157)> <Delay = 0.52> <CoreInst = "BinarySparseMux_DontCare">   --->   Core 149 'BinarySparseMux_DontCare' <Latency = 0> <II = 1> <Delay = 0.52> <FuncUnit> <Opcode : 'sparsemux'> <InPorts = 2> <OutPorts = 1>
ST_89 : Operation 1851 [1/1] (0.00ns)   --->   "%psum_20_load = load i16 %psum_20" [../gen/Hls_Layers_UpConv.tpp:129]   --->   Operation 1851 'load' 'psum_20_load' <Predicate = (trunc_ln108_1 == 0 & !icmp157)> <Delay = 0.00>
ST_89 : Operation 1852 [1/1] (0.00ns)   --->   "%psum_21_load = load i16 %psum_21" [../gen/Hls_Layers_UpConv.tpp:129]   --->   Operation 1852 'load' 'psum_21_load' <Predicate = (trunc_ln108_1 == 1 & !icmp157)> <Delay = 0.00>
ST_89 : Operation 1853 [1/1] (0.00ns)   --->   "%psum_22_load = load i16 %psum_22" [../gen/Hls_Layers_UpConv.tpp:129]   --->   Operation 1853 'load' 'psum_22_load' <Predicate = (trunc_ln108_1 == 2 & !icmp157)> <Delay = 0.00>
ST_89 : Operation 1854 [1/1] (0.00ns)   --->   "%psum_23_load = load i16 %psum_23" [../gen/Hls_Layers_UpConv.tpp:129]   --->   Operation 1854 'load' 'psum_23_load' <Predicate = (trunc_ln108_1 == 3 & !icmp157)> <Delay = 0.00>
ST_89 : Operation 1855 [1/1] (0.52ns)   --->   "%tmp_4 = sparsemux i16 @_ssdm_op_SparseMux.ap_auto.4half.half.i2, i2 0, i16 %psum_20_load, i2 1, i16 %psum_21_load, i2 2, i16 %psum_22_load, i2 3, i16 %psum_23_load, i16 <undef>, i2 %trunc_ln108_1" [../gen/Hls_Layers_UpConv.tpp:129]   --->   Operation 1855 'sparsemux' 'tmp_4' <Predicate = (!icmp157)> <Delay = 0.52> <CoreInst = "BinarySparseMux_DontCare">   --->   Core 149 'BinarySparseMux_DontCare' <Latency = 0> <II = 1> <Delay = 0.52> <FuncUnit> <Opcode : 'sparsemux'> <InPorts = 2> <OutPorts = 1>
ST_89 : Operation 1856 [1/1] (0.00ns)   --->   "%psum_24_load = load i16 %psum_24" [../gen/Hls_Layers_UpConv.tpp:129]   --->   Operation 1856 'load' 'psum_24_load' <Predicate = (trunc_ln108_1 == 0 & !icmp157)> <Delay = 0.00>
ST_89 : Operation 1857 [1/1] (0.00ns)   --->   "%psum_25_load = load i16 %psum_25" [../gen/Hls_Layers_UpConv.tpp:129]   --->   Operation 1857 'load' 'psum_25_load' <Predicate = (trunc_ln108_1 == 1 & !icmp157)> <Delay = 0.00>
ST_89 : Operation 1858 [1/1] (0.00ns)   --->   "%psum_26_load = load i16 %psum_26" [../gen/Hls_Layers_UpConv.tpp:129]   --->   Operation 1858 'load' 'psum_26_load' <Predicate = (trunc_ln108_1 == 2 & !icmp157)> <Delay = 0.00>
ST_89 : Operation 1859 [1/1] (0.00ns)   --->   "%psum_27_load = load i16 %psum_27" [../gen/Hls_Layers_UpConv.tpp:129]   --->   Operation 1859 'load' 'psum_27_load' <Predicate = (trunc_ln108_1 == 3 & !icmp157)> <Delay = 0.00>
ST_89 : Operation 1860 [1/1] (0.52ns)   --->   "%tmp_5 = sparsemux i16 @_ssdm_op_SparseMux.ap_auto.4half.half.i2, i2 0, i16 %psum_24_load, i2 1, i16 %psum_25_load, i2 2, i16 %psum_26_load, i2 3, i16 %psum_27_load, i16 <undef>, i2 %trunc_ln108_1" [../gen/Hls_Layers_UpConv.tpp:129]   --->   Operation 1860 'sparsemux' 'tmp_5' <Predicate = (!icmp157)> <Delay = 0.52> <CoreInst = "BinarySparseMux_DontCare">   --->   Core 149 'BinarySparseMux_DontCare' <Latency = 0> <II = 1> <Delay = 0.52> <FuncUnit> <Opcode : 'sparsemux'> <InPorts = 2> <OutPorts = 1>
ST_89 : Operation 1861 [1/1] (0.00ns)   --->   "%psum_28_load = load i16 %psum_28" [../gen/Hls_Layers_UpConv.tpp:129]   --->   Operation 1861 'load' 'psum_28_load' <Predicate = (trunc_ln108_1 == 0 & !icmp157)> <Delay = 0.00>
ST_89 : Operation 1862 [1/1] (0.00ns)   --->   "%psum_29_load = load i16 %psum_29" [../gen/Hls_Layers_UpConv.tpp:129]   --->   Operation 1862 'load' 'psum_29_load' <Predicate = (trunc_ln108_1 == 1 & !icmp157)> <Delay = 0.00>
ST_89 : Operation 1863 [1/1] (0.00ns)   --->   "%psum_30_load = load i16 %psum_30" [../gen/Hls_Layers_UpConv.tpp:129]   --->   Operation 1863 'load' 'psum_30_load' <Predicate = (trunc_ln108_1 == 2 & !icmp157)> <Delay = 0.00>
ST_89 : Operation 1864 [1/1] (0.00ns)   --->   "%psum_31_load = load i16 %psum_31" [../gen/Hls_Layers_UpConv.tpp:129]   --->   Operation 1864 'load' 'psum_31_load' <Predicate = (trunc_ln108_1 == 3 & !icmp157)> <Delay = 0.00>
ST_89 : Operation 1865 [1/1] (0.52ns)   --->   "%tmp_6 = sparsemux i16 @_ssdm_op_SparseMux.ap_auto.4half.half.i2, i2 0, i16 %psum_28_load, i2 1, i16 %psum_29_load, i2 2, i16 %psum_30_load, i2 3, i16 %psum_31_load, i16 <undef>, i2 %trunc_ln108_1" [../gen/Hls_Layers_UpConv.tpp:129]   --->   Operation 1865 'sparsemux' 'tmp_6' <Predicate = (!icmp157)> <Delay = 0.52> <CoreInst = "BinarySparseMux_DontCare">   --->   Core 149 'BinarySparseMux_DontCare' <Latency = 0> <II = 1> <Delay = 0.52> <FuncUnit> <Opcode : 'sparsemux'> <InPorts = 2> <OutPorts = 1>

State 90 <SV = 89> <Delay = 2.33>
ST_90 : Operation 1866 [5/5] (2.33ns)   --->   "%add2 = hadd i16 %tmp_s, i16 %dot_15" [../gen/Hls_Layers_UpConv.tpp:129]   --->   Operation 1866 'hadd' 'add2' <Predicate = (!icmp157)> <Delay = 2.33> <CoreInst = "HAddSub_fulldsp">   --->   Core 55 'HAddSub_fulldsp' <Latency = 4> <II = 1> <Delay = 2.33> <FuncUnit> <Opcode : 'hadd' 'hsub'> <InPorts = 2> <OutPorts = 1>
ST_90 : Operation 1867 [5/5] (2.33ns)   --->   "%add57_1 = hadd i16 %tmp, i16 %dot_30" [../gen/Hls_Layers_UpConv.tpp:129]   --->   Operation 1867 'hadd' 'add57_1' <Predicate = (!icmp157)> <Delay = 2.33> <CoreInst = "HAddSub_fulldsp">   --->   Core 55 'HAddSub_fulldsp' <Latency = 4> <II = 1> <Delay = 2.33> <FuncUnit> <Opcode : 'hadd' 'hsub'> <InPorts = 2> <OutPorts = 1>
ST_90 : Operation 1868 [5/5] (2.33ns)   --->   "%add57_2 = hadd i16 %tmp_1, i16 %dot_46" [../gen/Hls_Layers_UpConv.tpp:129]   --->   Operation 1868 'hadd' 'add57_2' <Predicate = (!icmp157)> <Delay = 2.33> <CoreInst = "HAddSub_fulldsp">   --->   Core 55 'HAddSub_fulldsp' <Latency = 4> <II = 1> <Delay = 2.33> <FuncUnit> <Opcode : 'hadd' 'hsub'> <InPorts = 2> <OutPorts = 1>
ST_90 : Operation 1869 [5/5] (2.33ns)   --->   "%add57_3 = hadd i16 %tmp_2, i16 %dot_62" [../gen/Hls_Layers_UpConv.tpp:129]   --->   Operation 1869 'hadd' 'add57_3' <Predicate = (!icmp157)> <Delay = 2.33> <CoreInst = "HAddSub_fulldsp">   --->   Core 55 'HAddSub_fulldsp' <Latency = 4> <II = 1> <Delay = 2.33> <FuncUnit> <Opcode : 'hadd' 'hsub'> <InPorts = 2> <OutPorts = 1>
ST_90 : Operation 1870 [5/5] (2.33ns)   --->   "%add57_4 = hadd i16 %tmp_3, i16 %dot_78" [../gen/Hls_Layers_UpConv.tpp:129]   --->   Operation 1870 'hadd' 'add57_4' <Predicate = (!icmp157)> <Delay = 2.33> <CoreInst = "HAddSub_fulldsp">   --->   Core 55 'HAddSub_fulldsp' <Latency = 4> <II = 1> <Delay = 2.33> <FuncUnit> <Opcode : 'hadd' 'hsub'> <InPorts = 2> <OutPorts = 1>
ST_90 : Operation 1871 [5/5] (2.33ns)   --->   "%add57_5 = hadd i16 %tmp_4, i16 %dot_94" [../gen/Hls_Layers_UpConv.tpp:129]   --->   Operation 1871 'hadd' 'add57_5' <Predicate = (!icmp157)> <Delay = 2.33> <CoreInst = "HAddSub_fulldsp">   --->   Core 55 'HAddSub_fulldsp' <Latency = 4> <II = 1> <Delay = 2.33> <FuncUnit> <Opcode : 'hadd' 'hsub'> <InPorts = 2> <OutPorts = 1>
ST_90 : Operation 1872 [5/5] (2.33ns)   --->   "%add57_6 = hadd i16 %tmp_5, i16 %dot_110" [../gen/Hls_Layers_UpConv.tpp:129]   --->   Operation 1872 'hadd' 'add57_6' <Predicate = (!icmp157)> <Delay = 2.33> <CoreInst = "HAddSub_fulldsp">   --->   Core 55 'HAddSub_fulldsp' <Latency = 4> <II = 1> <Delay = 2.33> <FuncUnit> <Opcode : 'hadd' 'hsub'> <InPorts = 2> <OutPorts = 1>
ST_90 : Operation 1873 [5/5] (2.33ns)   --->   "%add57_7 = hadd i16 %tmp_6, i16 %dot_126" [../gen/Hls_Layers_UpConv.tpp:129]   --->   Operation 1873 'hadd' 'add57_7' <Predicate = (!icmp157)> <Delay = 2.33> <CoreInst = "HAddSub_fulldsp">   --->   Core 55 'HAddSub_fulldsp' <Latency = 4> <II = 1> <Delay = 2.33> <FuncUnit> <Opcode : 'hadd' 'hsub'> <InPorts = 2> <OutPorts = 1>

State 91 <SV = 90> <Delay = 2.33>
ST_91 : Operation 1874 [4/5] (2.33ns)   --->   "%add2 = hadd i16 %tmp_s, i16 %dot_15" [../gen/Hls_Layers_UpConv.tpp:129]   --->   Operation 1874 'hadd' 'add2' <Predicate = (!icmp157)> <Delay = 2.33> <CoreInst = "HAddSub_fulldsp">   --->   Core 55 'HAddSub_fulldsp' <Latency = 4> <II = 1> <Delay = 2.33> <FuncUnit> <Opcode : 'hadd' 'hsub'> <InPorts = 2> <OutPorts = 1>
ST_91 : Operation 1875 [4/5] (2.33ns)   --->   "%add57_1 = hadd i16 %tmp, i16 %dot_30" [../gen/Hls_Layers_UpConv.tpp:129]   --->   Operation 1875 'hadd' 'add57_1' <Predicate = (!icmp157)> <Delay = 2.33> <CoreInst = "HAddSub_fulldsp">   --->   Core 55 'HAddSub_fulldsp' <Latency = 4> <II = 1> <Delay = 2.33> <FuncUnit> <Opcode : 'hadd' 'hsub'> <InPorts = 2> <OutPorts = 1>
ST_91 : Operation 1876 [4/5] (2.33ns)   --->   "%add57_2 = hadd i16 %tmp_1, i16 %dot_46" [../gen/Hls_Layers_UpConv.tpp:129]   --->   Operation 1876 'hadd' 'add57_2' <Predicate = (!icmp157)> <Delay = 2.33> <CoreInst = "HAddSub_fulldsp">   --->   Core 55 'HAddSub_fulldsp' <Latency = 4> <II = 1> <Delay = 2.33> <FuncUnit> <Opcode : 'hadd' 'hsub'> <InPorts = 2> <OutPorts = 1>
ST_91 : Operation 1877 [4/5] (2.33ns)   --->   "%add57_3 = hadd i16 %tmp_2, i16 %dot_62" [../gen/Hls_Layers_UpConv.tpp:129]   --->   Operation 1877 'hadd' 'add57_3' <Predicate = (!icmp157)> <Delay = 2.33> <CoreInst = "HAddSub_fulldsp">   --->   Core 55 'HAddSub_fulldsp' <Latency = 4> <II = 1> <Delay = 2.33> <FuncUnit> <Opcode : 'hadd' 'hsub'> <InPorts = 2> <OutPorts = 1>
ST_91 : Operation 1878 [4/5] (2.33ns)   --->   "%add57_4 = hadd i16 %tmp_3, i16 %dot_78" [../gen/Hls_Layers_UpConv.tpp:129]   --->   Operation 1878 'hadd' 'add57_4' <Predicate = (!icmp157)> <Delay = 2.33> <CoreInst = "HAddSub_fulldsp">   --->   Core 55 'HAddSub_fulldsp' <Latency = 4> <II = 1> <Delay = 2.33> <FuncUnit> <Opcode : 'hadd' 'hsub'> <InPorts = 2> <OutPorts = 1>
ST_91 : Operation 1879 [4/5] (2.33ns)   --->   "%add57_5 = hadd i16 %tmp_4, i16 %dot_94" [../gen/Hls_Layers_UpConv.tpp:129]   --->   Operation 1879 'hadd' 'add57_5' <Predicate = (!icmp157)> <Delay = 2.33> <CoreInst = "HAddSub_fulldsp">   --->   Core 55 'HAddSub_fulldsp' <Latency = 4> <II = 1> <Delay = 2.33> <FuncUnit> <Opcode : 'hadd' 'hsub'> <InPorts = 2> <OutPorts = 1>
ST_91 : Operation 1880 [4/5] (2.33ns)   --->   "%add57_6 = hadd i16 %tmp_5, i16 %dot_110" [../gen/Hls_Layers_UpConv.tpp:129]   --->   Operation 1880 'hadd' 'add57_6' <Predicate = (!icmp157)> <Delay = 2.33> <CoreInst = "HAddSub_fulldsp">   --->   Core 55 'HAddSub_fulldsp' <Latency = 4> <II = 1> <Delay = 2.33> <FuncUnit> <Opcode : 'hadd' 'hsub'> <InPorts = 2> <OutPorts = 1>
ST_91 : Operation 1881 [4/5] (2.33ns)   --->   "%add57_7 = hadd i16 %tmp_6, i16 %dot_126" [../gen/Hls_Layers_UpConv.tpp:129]   --->   Operation 1881 'hadd' 'add57_7' <Predicate = (!icmp157)> <Delay = 2.33> <CoreInst = "HAddSub_fulldsp">   --->   Core 55 'HAddSub_fulldsp' <Latency = 4> <II = 1> <Delay = 2.33> <FuncUnit> <Opcode : 'hadd' 'hsub'> <InPorts = 2> <OutPorts = 1>

State 92 <SV = 91> <Delay = 2.33>
ST_92 : Operation 1882 [3/5] (2.33ns)   --->   "%add2 = hadd i16 %tmp_s, i16 %dot_15" [../gen/Hls_Layers_UpConv.tpp:129]   --->   Operation 1882 'hadd' 'add2' <Predicate = (!icmp157)> <Delay = 2.33> <CoreInst = "HAddSub_fulldsp">   --->   Core 55 'HAddSub_fulldsp' <Latency = 4> <II = 1> <Delay = 2.33> <FuncUnit> <Opcode : 'hadd' 'hsub'> <InPorts = 2> <OutPorts = 1>
ST_92 : Operation 1883 [3/5] (2.33ns)   --->   "%add57_1 = hadd i16 %tmp, i16 %dot_30" [../gen/Hls_Layers_UpConv.tpp:129]   --->   Operation 1883 'hadd' 'add57_1' <Predicate = (!icmp157)> <Delay = 2.33> <CoreInst = "HAddSub_fulldsp">   --->   Core 55 'HAddSub_fulldsp' <Latency = 4> <II = 1> <Delay = 2.33> <FuncUnit> <Opcode : 'hadd' 'hsub'> <InPorts = 2> <OutPorts = 1>
ST_92 : Operation 1884 [3/5] (2.33ns)   --->   "%add57_2 = hadd i16 %tmp_1, i16 %dot_46" [../gen/Hls_Layers_UpConv.tpp:129]   --->   Operation 1884 'hadd' 'add57_2' <Predicate = (!icmp157)> <Delay = 2.33> <CoreInst = "HAddSub_fulldsp">   --->   Core 55 'HAddSub_fulldsp' <Latency = 4> <II = 1> <Delay = 2.33> <FuncUnit> <Opcode : 'hadd' 'hsub'> <InPorts = 2> <OutPorts = 1>
ST_92 : Operation 1885 [3/5] (2.33ns)   --->   "%add57_3 = hadd i16 %tmp_2, i16 %dot_62" [../gen/Hls_Layers_UpConv.tpp:129]   --->   Operation 1885 'hadd' 'add57_3' <Predicate = (!icmp157)> <Delay = 2.33> <CoreInst = "HAddSub_fulldsp">   --->   Core 55 'HAddSub_fulldsp' <Latency = 4> <II = 1> <Delay = 2.33> <FuncUnit> <Opcode : 'hadd' 'hsub'> <InPorts = 2> <OutPorts = 1>
ST_92 : Operation 1886 [3/5] (2.33ns)   --->   "%add57_4 = hadd i16 %tmp_3, i16 %dot_78" [../gen/Hls_Layers_UpConv.tpp:129]   --->   Operation 1886 'hadd' 'add57_4' <Predicate = (!icmp157)> <Delay = 2.33> <CoreInst = "HAddSub_fulldsp">   --->   Core 55 'HAddSub_fulldsp' <Latency = 4> <II = 1> <Delay = 2.33> <FuncUnit> <Opcode : 'hadd' 'hsub'> <InPorts = 2> <OutPorts = 1>
ST_92 : Operation 1887 [3/5] (2.33ns)   --->   "%add57_5 = hadd i16 %tmp_4, i16 %dot_94" [../gen/Hls_Layers_UpConv.tpp:129]   --->   Operation 1887 'hadd' 'add57_5' <Predicate = (!icmp157)> <Delay = 2.33> <CoreInst = "HAddSub_fulldsp">   --->   Core 55 'HAddSub_fulldsp' <Latency = 4> <II = 1> <Delay = 2.33> <FuncUnit> <Opcode : 'hadd' 'hsub'> <InPorts = 2> <OutPorts = 1>
ST_92 : Operation 1888 [3/5] (2.33ns)   --->   "%add57_6 = hadd i16 %tmp_5, i16 %dot_110" [../gen/Hls_Layers_UpConv.tpp:129]   --->   Operation 1888 'hadd' 'add57_6' <Predicate = (!icmp157)> <Delay = 2.33> <CoreInst = "HAddSub_fulldsp">   --->   Core 55 'HAddSub_fulldsp' <Latency = 4> <II = 1> <Delay = 2.33> <FuncUnit> <Opcode : 'hadd' 'hsub'> <InPorts = 2> <OutPorts = 1>
ST_92 : Operation 1889 [3/5] (2.33ns)   --->   "%add57_7 = hadd i16 %tmp_6, i16 %dot_126" [../gen/Hls_Layers_UpConv.tpp:129]   --->   Operation 1889 'hadd' 'add57_7' <Predicate = (!icmp157)> <Delay = 2.33> <CoreInst = "HAddSub_fulldsp">   --->   Core 55 'HAddSub_fulldsp' <Latency = 4> <II = 1> <Delay = 2.33> <FuncUnit> <Opcode : 'hadd' 'hsub'> <InPorts = 2> <OutPorts = 1>

State 93 <SV = 92> <Delay = 2.33>
ST_93 : Operation 1890 [2/5] (2.33ns)   --->   "%add2 = hadd i16 %tmp_s, i16 %dot_15" [../gen/Hls_Layers_UpConv.tpp:129]   --->   Operation 1890 'hadd' 'add2' <Predicate = (!icmp157)> <Delay = 2.33> <CoreInst = "HAddSub_fulldsp">   --->   Core 55 'HAddSub_fulldsp' <Latency = 4> <II = 1> <Delay = 2.33> <FuncUnit> <Opcode : 'hadd' 'hsub'> <InPorts = 2> <OutPorts = 1>
ST_93 : Operation 1891 [2/5] (2.33ns)   --->   "%add57_1 = hadd i16 %tmp, i16 %dot_30" [../gen/Hls_Layers_UpConv.tpp:129]   --->   Operation 1891 'hadd' 'add57_1' <Predicate = (!icmp157)> <Delay = 2.33> <CoreInst = "HAddSub_fulldsp">   --->   Core 55 'HAddSub_fulldsp' <Latency = 4> <II = 1> <Delay = 2.33> <FuncUnit> <Opcode : 'hadd' 'hsub'> <InPorts = 2> <OutPorts = 1>
ST_93 : Operation 1892 [2/5] (2.33ns)   --->   "%add57_2 = hadd i16 %tmp_1, i16 %dot_46" [../gen/Hls_Layers_UpConv.tpp:129]   --->   Operation 1892 'hadd' 'add57_2' <Predicate = (!icmp157)> <Delay = 2.33> <CoreInst = "HAddSub_fulldsp">   --->   Core 55 'HAddSub_fulldsp' <Latency = 4> <II = 1> <Delay = 2.33> <FuncUnit> <Opcode : 'hadd' 'hsub'> <InPorts = 2> <OutPorts = 1>
ST_93 : Operation 1893 [2/5] (2.33ns)   --->   "%add57_3 = hadd i16 %tmp_2, i16 %dot_62" [../gen/Hls_Layers_UpConv.tpp:129]   --->   Operation 1893 'hadd' 'add57_3' <Predicate = (!icmp157)> <Delay = 2.33> <CoreInst = "HAddSub_fulldsp">   --->   Core 55 'HAddSub_fulldsp' <Latency = 4> <II = 1> <Delay = 2.33> <FuncUnit> <Opcode : 'hadd' 'hsub'> <InPorts = 2> <OutPorts = 1>
ST_93 : Operation 1894 [2/5] (2.33ns)   --->   "%add57_4 = hadd i16 %tmp_3, i16 %dot_78" [../gen/Hls_Layers_UpConv.tpp:129]   --->   Operation 1894 'hadd' 'add57_4' <Predicate = (!icmp157)> <Delay = 2.33> <CoreInst = "HAddSub_fulldsp">   --->   Core 55 'HAddSub_fulldsp' <Latency = 4> <II = 1> <Delay = 2.33> <FuncUnit> <Opcode : 'hadd' 'hsub'> <InPorts = 2> <OutPorts = 1>
ST_93 : Operation 1895 [2/5] (2.33ns)   --->   "%add57_5 = hadd i16 %tmp_4, i16 %dot_94" [../gen/Hls_Layers_UpConv.tpp:129]   --->   Operation 1895 'hadd' 'add57_5' <Predicate = (!icmp157)> <Delay = 2.33> <CoreInst = "HAddSub_fulldsp">   --->   Core 55 'HAddSub_fulldsp' <Latency = 4> <II = 1> <Delay = 2.33> <FuncUnit> <Opcode : 'hadd' 'hsub'> <InPorts = 2> <OutPorts = 1>
ST_93 : Operation 1896 [2/5] (2.33ns)   --->   "%add57_6 = hadd i16 %tmp_5, i16 %dot_110" [../gen/Hls_Layers_UpConv.tpp:129]   --->   Operation 1896 'hadd' 'add57_6' <Predicate = (!icmp157)> <Delay = 2.33> <CoreInst = "HAddSub_fulldsp">   --->   Core 55 'HAddSub_fulldsp' <Latency = 4> <II = 1> <Delay = 2.33> <FuncUnit> <Opcode : 'hadd' 'hsub'> <InPorts = 2> <OutPorts = 1>
ST_93 : Operation 1897 [2/5] (2.33ns)   --->   "%add57_7 = hadd i16 %tmp_6, i16 %dot_126" [../gen/Hls_Layers_UpConv.tpp:129]   --->   Operation 1897 'hadd' 'add57_7' <Predicate = (!icmp157)> <Delay = 2.33> <CoreInst = "HAddSub_fulldsp">   --->   Core 55 'HAddSub_fulldsp' <Latency = 4> <II = 1> <Delay = 2.33> <FuncUnit> <Opcode : 'hadd' 'hsub'> <InPorts = 2> <OutPorts = 1>

State 94 <SV = 93> <Delay = 2.33>
ST_94 : Operation 1898 [1/5] (2.33ns)   --->   "%add2 = hadd i16 %tmp_s, i16 %dot_15" [../gen/Hls_Layers_UpConv.tpp:129]   --->   Operation 1898 'hadd' 'add2' <Predicate = (!icmp157)> <Delay = 2.33> <CoreInst = "HAddSub_fulldsp">   --->   Core 55 'HAddSub_fulldsp' <Latency = 4> <II = 1> <Delay = 2.33> <FuncUnit> <Opcode : 'hadd' 'hsub'> <InPorts = 2> <OutPorts = 1>
ST_94 : Operation 1899 [1/5] (2.33ns)   --->   "%add57_1 = hadd i16 %tmp, i16 %dot_30" [../gen/Hls_Layers_UpConv.tpp:129]   --->   Operation 1899 'hadd' 'add57_1' <Predicate = (!icmp157)> <Delay = 2.33> <CoreInst = "HAddSub_fulldsp">   --->   Core 55 'HAddSub_fulldsp' <Latency = 4> <II = 1> <Delay = 2.33> <FuncUnit> <Opcode : 'hadd' 'hsub'> <InPorts = 2> <OutPorts = 1>
ST_94 : Operation 1900 [1/5] (2.33ns)   --->   "%add57_2 = hadd i16 %tmp_1, i16 %dot_46" [../gen/Hls_Layers_UpConv.tpp:129]   --->   Operation 1900 'hadd' 'add57_2' <Predicate = (!icmp157)> <Delay = 2.33> <CoreInst = "HAddSub_fulldsp">   --->   Core 55 'HAddSub_fulldsp' <Latency = 4> <II = 1> <Delay = 2.33> <FuncUnit> <Opcode : 'hadd' 'hsub'> <InPorts = 2> <OutPorts = 1>
ST_94 : Operation 1901 [1/5] (2.33ns)   --->   "%add57_3 = hadd i16 %tmp_2, i16 %dot_62" [../gen/Hls_Layers_UpConv.tpp:129]   --->   Operation 1901 'hadd' 'add57_3' <Predicate = (!icmp157)> <Delay = 2.33> <CoreInst = "HAddSub_fulldsp">   --->   Core 55 'HAddSub_fulldsp' <Latency = 4> <II = 1> <Delay = 2.33> <FuncUnit> <Opcode : 'hadd' 'hsub'> <InPorts = 2> <OutPorts = 1>
ST_94 : Operation 1902 [1/5] (2.33ns)   --->   "%add57_4 = hadd i16 %tmp_3, i16 %dot_78" [../gen/Hls_Layers_UpConv.tpp:129]   --->   Operation 1902 'hadd' 'add57_4' <Predicate = (!icmp157)> <Delay = 2.33> <CoreInst = "HAddSub_fulldsp">   --->   Core 55 'HAddSub_fulldsp' <Latency = 4> <II = 1> <Delay = 2.33> <FuncUnit> <Opcode : 'hadd' 'hsub'> <InPorts = 2> <OutPorts = 1>
ST_94 : Operation 1903 [1/5] (2.33ns)   --->   "%add57_5 = hadd i16 %tmp_4, i16 %dot_94" [../gen/Hls_Layers_UpConv.tpp:129]   --->   Operation 1903 'hadd' 'add57_5' <Predicate = (!icmp157)> <Delay = 2.33> <CoreInst = "HAddSub_fulldsp">   --->   Core 55 'HAddSub_fulldsp' <Latency = 4> <II = 1> <Delay = 2.33> <FuncUnit> <Opcode : 'hadd' 'hsub'> <InPorts = 2> <OutPorts = 1>
ST_94 : Operation 1904 [1/5] (2.33ns)   --->   "%add57_6 = hadd i16 %tmp_5, i16 %dot_110" [../gen/Hls_Layers_UpConv.tpp:129]   --->   Operation 1904 'hadd' 'add57_6' <Predicate = (!icmp157)> <Delay = 2.33> <CoreInst = "HAddSub_fulldsp">   --->   Core 55 'HAddSub_fulldsp' <Latency = 4> <II = 1> <Delay = 2.33> <FuncUnit> <Opcode : 'hadd' 'hsub'> <InPorts = 2> <OutPorts = 1>
ST_94 : Operation 1905 [1/5] (2.33ns)   --->   "%add57_7 = hadd i16 %tmp_6, i16 %dot_126" [../gen/Hls_Layers_UpConv.tpp:129]   --->   Operation 1905 'hadd' 'add57_7' <Predicate = (!icmp157)> <Delay = 2.33> <CoreInst = "HAddSub_fulldsp">   --->   Core 55 'HAddSub_fulldsp' <Latency = 4> <II = 1> <Delay = 2.33> <FuncUnit> <Opcode : 'hadd' 'hsub'> <InPorts = 2> <OutPorts = 1>

State 95 <SV = 94> <Delay = 0.54>
ST_95 : Operation 1906 [1/1] (0.35ns)   --->   "%psum_38 = select i1 %icmp157, i16 %dot_110, i16 %add57_6" [../gen/Hls_Layers_UpConv.tpp:98]   --->   Operation 1906 'select' 'psum_38' <Predicate = true> <Delay = 0.35> <CoreInst = "Sel">   --->   Core 73 'Sel' <Latency = 0> <II = 1> <Delay = 0.35> <FuncUnit> <Opcode : 'select'> <InPorts = 3> <OutPorts = 1>
ST_95 : Operation 1907 [1/1] (0.35ns)   --->   "%psum_36 = select i1 %icmp157, i16 %dot_78, i16 %add57_4" [../gen/Hls_Layers_UpConv.tpp:98]   --->   Operation 1907 'select' 'psum_36' <Predicate = true> <Delay = 0.35> <CoreInst = "Sel">   --->   Core 73 'Sel' <Latency = 0> <II = 1> <Delay = 0.35> <FuncUnit> <Opcode : 'select'> <InPorts = 3> <OutPorts = 1>
ST_95 : Operation 1908 [1/1] (0.35ns)   --->   "%psum_34 = select i1 %icmp157, i16 %dot_46, i16 %add57_2" [../gen/Hls_Layers_UpConv.tpp:98]   --->   Operation 1908 'select' 'psum_34' <Predicate = true> <Delay = 0.35> <CoreInst = "Sel">   --->   Core 73 'Sel' <Latency = 0> <II = 1> <Delay = 0.35> <FuncUnit> <Opcode : 'select'> <InPorts = 3> <OutPorts = 1>
ST_95 : Operation 1909 [1/1] (0.35ns)   --->   "%psum_32 = select i1 %icmp157, i16 %dot_15, i16 %add2" [../gen/Hls_Layers_UpConv.tpp:98]   --->   Operation 1909 'select' 'psum_32' <Predicate = true> <Delay = 0.35> <CoreInst = "Sel">   --->   Core 73 'Sel' <Latency = 0> <II = 1> <Delay = 0.35> <FuncUnit> <Opcode : 'select'> <InPorts = 3> <OutPorts = 1>
ST_95 : Operation 1910 [1/1] (0.35ns)   --->   "%psum_33 = select i1 %icmp157, i16 %dot_30, i16 %add57_1" [../gen/Hls_Layers_UpConv.tpp:98]   --->   Operation 1910 'select' 'psum_33' <Predicate = true> <Delay = 0.35> <CoreInst = "Sel">   --->   Core 73 'Sel' <Latency = 0> <II = 1> <Delay = 0.35> <FuncUnit> <Opcode : 'select'> <InPorts = 3> <OutPorts = 1>
ST_95 : Operation 1911 [1/1] (0.35ns)   --->   "%psum_35 = select i1 %icmp157, i16 %dot_62, i16 %add57_3" [../gen/Hls_Layers_UpConv.tpp:98]   --->   Operation 1911 'select' 'psum_35' <Predicate = true> <Delay = 0.35> <CoreInst = "Sel">   --->   Core 73 'Sel' <Latency = 0> <II = 1> <Delay = 0.35> <FuncUnit> <Opcode : 'select'> <InPorts = 3> <OutPorts = 1>
ST_95 : Operation 1912 [1/1] (0.35ns)   --->   "%psum_37 = select i1 %icmp157, i16 %dot_94, i16 %add57_5" [../gen/Hls_Layers_UpConv.tpp:98]   --->   Operation 1912 'select' 'psum_37' <Predicate = true> <Delay = 0.35> <CoreInst = "Sel">   --->   Core 73 'Sel' <Latency = 0> <II = 1> <Delay = 0.35> <FuncUnit> <Opcode : 'select'> <InPorts = 3> <OutPorts = 1>
ST_95 : Operation 1913 [1/1] (0.35ns)   --->   "%psum_39 = select i1 %icmp157, i16 %dot_126, i16 %add57_7" [../gen/Hls_Layers_UpConv.tpp:98]   --->   Operation 1913 'select' 'psum_39' <Predicate = true> <Delay = 0.35> <CoreInst = "Sel">   --->   Core 73 'Sel' <Latency = 0> <II = 1> <Delay = 0.35> <FuncUnit> <Opcode : 'select'> <InPorts = 3> <OutPorts = 1>
ST_95 : Operation 1914 [1/1] (0.00ns)   --->   "%store_ln98 = store i16 %psum_32, i16 %psum_2" [../gen/Hls_Layers_UpConv.tpp:98]   --->   Operation 1914 'store' 'store_ln98' <Predicate = (trunc_ln108_1 == 2)> <Delay = 0.00>
ST_95 : Operation 1915 [1/1] (0.00ns)   --->   "%store_ln98 = store i16 %psum_33, i16 %psum_6" [../gen/Hls_Layers_UpConv.tpp:98]   --->   Operation 1915 'store' 'store_ln98' <Predicate = (trunc_ln108_1 == 2)> <Delay = 0.00>
ST_95 : Operation 1916 [1/1] (0.00ns)   --->   "%store_ln98 = store i16 %psum_34, i16 %psum_10" [../gen/Hls_Layers_UpConv.tpp:98]   --->   Operation 1916 'store' 'store_ln98' <Predicate = (trunc_ln108_1 == 2)> <Delay = 0.00>
ST_95 : Operation 1917 [1/1] (0.00ns)   --->   "%store_ln98 = store i16 %psum_35, i16 %psum_14" [../gen/Hls_Layers_UpConv.tpp:98]   --->   Operation 1917 'store' 'store_ln98' <Predicate = (trunc_ln108_1 == 2)> <Delay = 0.00>
ST_95 : Operation 1918 [1/1] (0.00ns)   --->   "%store_ln98 = store i16 %psum_36, i16 %psum_18" [../gen/Hls_Layers_UpConv.tpp:98]   --->   Operation 1918 'store' 'store_ln98' <Predicate = (trunc_ln108_1 == 2)> <Delay = 0.00>
ST_95 : Operation 1919 [1/1] (0.00ns)   --->   "%store_ln98 = store i16 %psum_37, i16 %psum_22" [../gen/Hls_Layers_UpConv.tpp:98]   --->   Operation 1919 'store' 'store_ln98' <Predicate = (trunc_ln108_1 == 2)> <Delay = 0.00>
ST_95 : Operation 1920 [1/1] (0.00ns)   --->   "%store_ln98 = store i16 %psum_38, i16 %psum_26" [../gen/Hls_Layers_UpConv.tpp:98]   --->   Operation 1920 'store' 'store_ln98' <Predicate = (trunc_ln108_1 == 2)> <Delay = 0.00>
ST_95 : Operation 1921 [1/1] (0.00ns)   --->   "%store_ln98 = store i16 %psum_39, i16 %psum_30" [../gen/Hls_Layers_UpConv.tpp:98]   --->   Operation 1921 'store' 'store_ln98' <Predicate = (trunc_ln108_1 == 2)> <Delay = 0.00>
ST_95 : Operation 1922 [1/1] (0.00ns)   --->   "%br_ln0 = br void %arrayidx567.7.exit"   --->   Operation 1922 'br' 'br_ln0' <Predicate = (trunc_ln108_1 == 2)> <Delay = 0.00>
ST_95 : Operation 1923 [1/1] (0.00ns)   --->   "%store_ln98 = store i16 %psum_32, i16 %psum_1" [../gen/Hls_Layers_UpConv.tpp:98]   --->   Operation 1923 'store' 'store_ln98' <Predicate = (trunc_ln108_1 == 1)> <Delay = 0.00>
ST_95 : Operation 1924 [1/1] (0.00ns)   --->   "%store_ln98 = store i16 %psum_33, i16 %psum_5" [../gen/Hls_Layers_UpConv.tpp:98]   --->   Operation 1924 'store' 'store_ln98' <Predicate = (trunc_ln108_1 == 1)> <Delay = 0.00>
ST_95 : Operation 1925 [1/1] (0.00ns)   --->   "%store_ln98 = store i16 %psum_34, i16 %psum_9" [../gen/Hls_Layers_UpConv.tpp:98]   --->   Operation 1925 'store' 'store_ln98' <Predicate = (trunc_ln108_1 == 1)> <Delay = 0.00>
ST_95 : Operation 1926 [1/1] (0.00ns)   --->   "%store_ln98 = store i16 %psum_35, i16 %psum_13" [../gen/Hls_Layers_UpConv.tpp:98]   --->   Operation 1926 'store' 'store_ln98' <Predicate = (trunc_ln108_1 == 1)> <Delay = 0.00>
ST_95 : Operation 1927 [1/1] (0.00ns)   --->   "%store_ln98 = store i16 %psum_36, i16 %psum_17" [../gen/Hls_Layers_UpConv.tpp:98]   --->   Operation 1927 'store' 'store_ln98' <Predicate = (trunc_ln108_1 == 1)> <Delay = 0.00>
ST_95 : Operation 1928 [1/1] (0.00ns)   --->   "%store_ln98 = store i16 %psum_37, i16 %psum_21" [../gen/Hls_Layers_UpConv.tpp:98]   --->   Operation 1928 'store' 'store_ln98' <Predicate = (trunc_ln108_1 == 1)> <Delay = 0.00>
ST_95 : Operation 1929 [1/1] (0.00ns)   --->   "%store_ln98 = store i16 %psum_38, i16 %psum_25" [../gen/Hls_Layers_UpConv.tpp:98]   --->   Operation 1929 'store' 'store_ln98' <Predicate = (trunc_ln108_1 == 1)> <Delay = 0.00>
ST_95 : Operation 1930 [1/1] (0.00ns)   --->   "%store_ln98 = store i16 %psum_39, i16 %psum_29" [../gen/Hls_Layers_UpConv.tpp:98]   --->   Operation 1930 'store' 'store_ln98' <Predicate = (trunc_ln108_1 == 1)> <Delay = 0.00>
ST_95 : Operation 1931 [1/1] (0.00ns)   --->   "%br_ln0 = br void %arrayidx567.7.exit"   --->   Operation 1931 'br' 'br_ln0' <Predicate = (trunc_ln108_1 == 1)> <Delay = 0.00>
ST_95 : Operation 1932 [1/1] (0.00ns)   --->   "%store_ln98 = store i16 %psum_32, i16 %psum" [../gen/Hls_Layers_UpConv.tpp:98]   --->   Operation 1932 'store' 'store_ln98' <Predicate = (trunc_ln108_1 == 0)> <Delay = 0.00>
ST_95 : Operation 1933 [1/1] (0.00ns)   --->   "%store_ln98 = store i16 %psum_33, i16 %psum_4" [../gen/Hls_Layers_UpConv.tpp:98]   --->   Operation 1933 'store' 'store_ln98' <Predicate = (trunc_ln108_1 == 0)> <Delay = 0.00>
ST_95 : Operation 1934 [1/1] (0.00ns)   --->   "%store_ln98 = store i16 %psum_34, i16 %psum_8" [../gen/Hls_Layers_UpConv.tpp:98]   --->   Operation 1934 'store' 'store_ln98' <Predicate = (trunc_ln108_1 == 0)> <Delay = 0.00>
ST_95 : Operation 1935 [1/1] (0.00ns)   --->   "%store_ln98 = store i16 %psum_35, i16 %psum_12" [../gen/Hls_Layers_UpConv.tpp:98]   --->   Operation 1935 'store' 'store_ln98' <Predicate = (trunc_ln108_1 == 0)> <Delay = 0.00>
ST_95 : Operation 1936 [1/1] (0.00ns)   --->   "%store_ln98 = store i16 %psum_36, i16 %psum_16" [../gen/Hls_Layers_UpConv.tpp:98]   --->   Operation 1936 'store' 'store_ln98' <Predicate = (trunc_ln108_1 == 0)> <Delay = 0.00>
ST_95 : Operation 1937 [1/1] (0.00ns)   --->   "%store_ln98 = store i16 %psum_37, i16 %psum_20" [../gen/Hls_Layers_UpConv.tpp:98]   --->   Operation 1937 'store' 'store_ln98' <Predicate = (trunc_ln108_1 == 0)> <Delay = 0.00>
ST_95 : Operation 1938 [1/1] (0.00ns)   --->   "%store_ln98 = store i16 %psum_38, i16 %psum_24" [../gen/Hls_Layers_UpConv.tpp:98]   --->   Operation 1938 'store' 'store_ln98' <Predicate = (trunc_ln108_1 == 0)> <Delay = 0.00>
ST_95 : Operation 1939 [1/1] (0.00ns)   --->   "%store_ln98 = store i16 %psum_39, i16 %psum_28" [../gen/Hls_Layers_UpConv.tpp:98]   --->   Operation 1939 'store' 'store_ln98' <Predicate = (trunc_ln108_1 == 0)> <Delay = 0.00>
ST_95 : Operation 1940 [1/1] (0.00ns)   --->   "%br_ln0 = br void %arrayidx567.7.exit"   --->   Operation 1940 'br' 'br_ln0' <Predicate = (trunc_ln108_1 == 0)> <Delay = 0.00>
ST_95 : Operation 1941 [1/1] (0.00ns)   --->   "%store_ln98 = store i16 %psum_32, i16 %psum_3" [../gen/Hls_Layers_UpConv.tpp:98]   --->   Operation 1941 'store' 'store_ln98' <Predicate = (trunc_ln108_1 == 3)> <Delay = 0.00>
ST_95 : Operation 1942 [1/1] (0.00ns)   --->   "%store_ln98 = store i16 %psum_33, i16 %psum_7" [../gen/Hls_Layers_UpConv.tpp:98]   --->   Operation 1942 'store' 'store_ln98' <Predicate = (trunc_ln108_1 == 3)> <Delay = 0.00>
ST_95 : Operation 1943 [1/1] (0.00ns)   --->   "%store_ln98 = store i16 %psum_34, i16 %psum_11" [../gen/Hls_Layers_UpConv.tpp:98]   --->   Operation 1943 'store' 'store_ln98' <Predicate = (trunc_ln108_1 == 3)> <Delay = 0.00>
ST_95 : Operation 1944 [1/1] (0.00ns)   --->   "%store_ln98 = store i16 %psum_35, i16 %psum_15" [../gen/Hls_Layers_UpConv.tpp:98]   --->   Operation 1944 'store' 'store_ln98' <Predicate = (trunc_ln108_1 == 3)> <Delay = 0.00>
ST_95 : Operation 1945 [1/1] (0.00ns)   --->   "%store_ln98 = store i16 %psum_36, i16 %psum_19" [../gen/Hls_Layers_UpConv.tpp:98]   --->   Operation 1945 'store' 'store_ln98' <Predicate = (trunc_ln108_1 == 3)> <Delay = 0.00>
ST_95 : Operation 1946 [1/1] (0.00ns)   --->   "%store_ln98 = store i16 %psum_37, i16 %psum_23" [../gen/Hls_Layers_UpConv.tpp:98]   --->   Operation 1946 'store' 'store_ln98' <Predicate = (trunc_ln108_1 == 3)> <Delay = 0.00>
ST_95 : Operation 1947 [1/1] (0.00ns)   --->   "%store_ln98 = store i16 %psum_38, i16 %psum_27" [../gen/Hls_Layers_UpConv.tpp:98]   --->   Operation 1947 'store' 'store_ln98' <Predicate = (trunc_ln108_1 == 3)> <Delay = 0.00>
ST_95 : Operation 1948 [1/1] (0.00ns)   --->   "%store_ln98 = store i16 %psum_39, i16 %psum_31" [../gen/Hls_Layers_UpConv.tpp:98]   --->   Operation 1948 'store' 'store_ln98' <Predicate = (trunc_ln108_1 == 3)> <Delay = 0.00>
ST_95 : Operation 1949 [1/1] (0.00ns)   --->   "%br_ln0 = br void %arrayidx567.7.exit"   --->   Operation 1949 'br' 'br_ln0' <Predicate = (trunc_ln108_1 == 3)> <Delay = 0.00>
ST_95 : Operation 1950 [1/1] (0.54ns)   --->   "%add_ln133 = add i2 %select_ln98_3, i2 3" [../gen/Hls_Layers_UpConv.tpp:133]   --->   Operation 1950 'add' 'add_ln133' <Predicate = (icmp_ln132)> <Delay = 0.54> <CoreInst = "Adder">   --->   Core 1 'Adder' <Latency = 0> <II = 1> <Delay = 0.54> <FuncUnit> <Opcode : 'add' 'sub'> <InPorts = 2> <OutPorts = 1>

State 96 <SV = 95> <Delay = 2.43>
ST_96 : Operation 1951 [1/1] (0.00ns)   --->   "%wi_load = load i32 %wi" [../gen/Hls_Layers_UpConv.tpp:98]   --->   Operation 1951 'load' 'wi_load' <Predicate = (!icmp_ln108)> <Delay = 0.00>
ST_96 : Operation 1952 [1/1] (0.00ns)   --->   "%specloopname_ln0 = specloopname void @_ssdm_op_SpecLoopName, void @KW_LOOP_FLAT_LOOP_str"   --->   Operation 1952 'specloopname' 'specloopname_ln0' <Predicate = true> <Delay = 0.00>
ST_96 : Operation 1953 [1/1] (0.00ns)   --->   "%speclooptripcount_ln0 = speclooptripcount void @_ssdm_op_SpecLoopTripCount, i64 2880, i64 2880, i64 2880"   --->   Operation 1953 'speclooptripcount' 'speclooptripcount_ln0' <Predicate = true> <Delay = 0.00>
ST_96 : Operation 1954 [1/1] (0.44ns)   --->   "%select_ln98_2 = select i1 %icmp_ln108, i32 0, i32 %wi_load" [../gen/Hls_Layers_UpConv.tpp:98]   --->   Operation 1954 'select' 'select_ln98_2' <Predicate = true> <Delay = 0.44> <CoreInst = "Sel">   --->   Core 73 'Sel' <Latency = 0> <II = 1> <Delay = 0.44> <FuncUnit> <Opcode : 'select'> <InPorts = 3> <OutPorts = 1>
ST_96 : Operation 1955 [1/1] (0.00ns)   --->   "%specpipeline_ln109 = specpipeline void @_ssdm_op_SpecPipeline, i32 1, i32 0, i32 0, i32 0, void @empty_65" [../gen/Hls_Layers_UpConv.tpp:109]   --->   Operation 1955 'specpipeline' 'specpipeline_ln109' <Predicate = true> <Delay = 0.00>
ST_96 : Operation 1956 [1/1] (0.00ns)   --->   "%rbegin1 = specregionbegin i32 @_ssdm_op_SpecRegionBegin, void @empty_143" [../gen/Hls_Layers_UpConv.tpp:123]   --->   Operation 1956 'specregionbegin' 'rbegin1' <Predicate = true> <Delay = 0.00>
ST_96 : Operation 1957 [1/1] (0.00ns)   --->   "%rend71 = specregionend i32 @_ssdm_op_SpecRegionEnd, void @empty_143, i32 %rbegin1" [../gen/Hls_Layers_UpConv.tpp:125]   --->   Operation 1957 'specregionend' 'rend71' <Predicate = true> <Delay = 0.00>
ST_96 : Operation 1958 [1/1] (0.00ns)   --->   "%rbegin2 = specregionbegin i32 @_ssdm_op_SpecRegionBegin, void @empty_153" [../gen/Hls_Layers_UpConv.tpp:123]   --->   Operation 1958 'specregionbegin' 'rbegin2' <Predicate = true> <Delay = 0.00>
ST_96 : Operation 1959 [1/1] (0.00ns)   --->   "%rend69 = specregionend i32 @_ssdm_op_SpecRegionEnd, void @empty_153, i32 %rbegin2" [../gen/Hls_Layers_UpConv.tpp:125]   --->   Operation 1959 'specregionend' 'rend69' <Predicate = true> <Delay = 0.00>
ST_96 : Operation 1960 [1/1] (0.00ns)   --->   "%rbegin3 = specregionbegin i32 @_ssdm_op_SpecRegionBegin, void @empty_152" [../gen/Hls_Layers_UpConv.tpp:123]   --->   Operation 1960 'specregionbegin' 'rbegin3' <Predicate = true> <Delay = 0.00>
ST_96 : Operation 1961 [1/1] (0.00ns)   --->   "%rend67 = specregionend i32 @_ssdm_op_SpecRegionEnd, void @empty_152, i32 %rbegin3" [../gen/Hls_Layers_UpConv.tpp:125]   --->   Operation 1961 'specregionend' 'rend67' <Predicate = true> <Delay = 0.00>
ST_96 : Operation 1962 [1/1] (0.00ns)   --->   "%rbegin4 = specregionbegin i32 @_ssdm_op_SpecRegionBegin, void @empty_151" [../gen/Hls_Layers_UpConv.tpp:123]   --->   Operation 1962 'specregionbegin' 'rbegin4' <Predicate = true> <Delay = 0.00>
ST_96 : Operation 1963 [1/1] (0.00ns)   --->   "%rend65 = specregionend i32 @_ssdm_op_SpecRegionEnd, void @empty_151, i32 %rbegin4" [../gen/Hls_Layers_UpConv.tpp:125]   --->   Operation 1963 'specregionend' 'rend65' <Predicate = true> <Delay = 0.00>
ST_96 : Operation 1964 [1/1] (0.00ns)   --->   "%rbegin5 = specregionbegin i32 @_ssdm_op_SpecRegionBegin, void @empty_150" [../gen/Hls_Layers_UpConv.tpp:123]   --->   Operation 1964 'specregionbegin' 'rbegin5' <Predicate = true> <Delay = 0.00>
ST_96 : Operation 1965 [1/1] (0.00ns)   --->   "%rend63 = specregionend i32 @_ssdm_op_SpecRegionEnd, void @empty_150, i32 %rbegin5" [../gen/Hls_Layers_UpConv.tpp:125]   --->   Operation 1965 'specregionend' 'rend63' <Predicate = true> <Delay = 0.00>
ST_96 : Operation 1966 [1/1] (0.00ns)   --->   "%rbegin6 = specregionbegin i32 @_ssdm_op_SpecRegionBegin, void @empty_142" [../gen/Hls_Layers_UpConv.tpp:123]   --->   Operation 1966 'specregionbegin' 'rbegin6' <Predicate = true> <Delay = 0.00>
ST_96 : Operation 1967 [1/1] (0.00ns)   --->   "%rend61 = specregionend i32 @_ssdm_op_SpecRegionEnd, void @empty_142, i32 %rbegin6" [../gen/Hls_Layers_UpConv.tpp:125]   --->   Operation 1967 'specregionend' 'rend61' <Predicate = true> <Delay = 0.00>
ST_96 : Operation 1968 [1/1] (0.00ns)   --->   "%rbegin7 = specregionbegin i32 @_ssdm_op_SpecRegionBegin, void @empty_148" [../gen/Hls_Layers_UpConv.tpp:123]   --->   Operation 1968 'specregionbegin' 'rbegin7' <Predicate = true> <Delay = 0.00>
ST_96 : Operation 1969 [1/1] (0.00ns)   --->   "%rend59 = specregionend i32 @_ssdm_op_SpecRegionEnd, void @empty_148, i32 %rbegin7" [../gen/Hls_Layers_UpConv.tpp:125]   --->   Operation 1969 'specregionend' 'rend59' <Predicate = true> <Delay = 0.00>
ST_96 : Operation 1970 [1/1] (0.00ns)   --->   "%rbegin9 = specregionbegin i32 @_ssdm_op_SpecRegionBegin, void @empty_147" [../gen/Hls_Layers_UpConv.tpp:123]   --->   Operation 1970 'specregionbegin' 'rbegin9' <Predicate = true> <Delay = 0.00>
ST_96 : Operation 1971 [1/1] (0.00ns)   --->   "%rend57 = specregionend i32 @_ssdm_op_SpecRegionEnd, void @empty_147, i32 %rbegin9" [../gen/Hls_Layers_UpConv.tpp:125]   --->   Operation 1971 'specregionend' 'rend57' <Predicate = true> <Delay = 0.00>
ST_96 : Operation 1972 [1/1] (0.00ns)   --->   "%rbegin11 = specregionbegin i32 @_ssdm_op_SpecRegionBegin, void @empty_49" [../gen/Hls_Layers_UpConv.tpp:123]   --->   Operation 1972 'specregionbegin' 'rbegin11' <Predicate = true> <Delay = 0.00>
ST_96 : Operation 1973 [1/1] (0.00ns)   --->   "%rend53 = specregionend i32 @_ssdm_op_SpecRegionEnd, void @empty_49, i32 %rbegin11" [../gen/Hls_Layers_UpConv.tpp:125]   --->   Operation 1973 'specregionend' 'rend53' <Predicate = true> <Delay = 0.00>
ST_96 : Operation 1974 [1/1] (0.00ns)   --->   "%rbegin13 = specregionbegin i32 @_ssdm_op_SpecRegionBegin, void @empty_66" [../gen/Hls_Layers_UpConv.tpp:123]   --->   Operation 1974 'specregionbegin' 'rbegin13' <Predicate = true> <Delay = 0.00>
ST_96 : Operation 1975 [1/1] (0.00ns)   --->   "%rend51 = specregionend i32 @_ssdm_op_SpecRegionEnd, void @empty_66, i32 %rbegin13" [../gen/Hls_Layers_UpConv.tpp:125]   --->   Operation 1975 'specregionend' 'rend51' <Predicate = true> <Delay = 0.00>
ST_96 : Operation 1976 [1/1] (0.00ns)   --->   "%rbegin15 = specregionbegin i32 @_ssdm_op_SpecRegionBegin, void @empty_94" [../gen/Hls_Layers_UpConv.tpp:123]   --->   Operation 1976 'specregionbegin' 'rbegin15' <Predicate = true> <Delay = 0.00>
ST_96 : Operation 1977 [1/1] (0.00ns)   --->   "%rend49 = specregionend i32 @_ssdm_op_SpecRegionEnd, void @empty_94, i32 %rbegin15" [../gen/Hls_Layers_UpConv.tpp:125]   --->   Operation 1977 'specregionend' 'rend49' <Predicate = true> <Delay = 0.00>
ST_96 : Operation 1978 [1/1] (0.00ns)   --->   "%rbegin17 = specregionbegin i32 @_ssdm_op_SpecRegionBegin, void @empty_19" [../gen/Hls_Layers_UpConv.tpp:123]   --->   Operation 1978 'specregionbegin' 'rbegin17' <Predicate = true> <Delay = 0.00>
ST_96 : Operation 1979 [1/1] (0.00ns)   --->   "%rend47 = specregionend i32 @_ssdm_op_SpecRegionEnd, void @empty_19, i32 %rbegin17" [../gen/Hls_Layers_UpConv.tpp:125]   --->   Operation 1979 'specregionend' 'rend47' <Predicate = true> <Delay = 0.00>
ST_96 : Operation 1980 [1/1] (0.00ns)   --->   "%rbegin19 = specregionbegin i32 @_ssdm_op_SpecRegionBegin, void @empty_145" [../gen/Hls_Layers_UpConv.tpp:123]   --->   Operation 1980 'specregionbegin' 'rbegin19' <Predicate = true> <Delay = 0.00>
ST_96 : Operation 1981 [1/1] (0.00ns)   --->   "%rend45 = specregionend i32 @_ssdm_op_SpecRegionEnd, void @empty_145, i32 %rbegin19" [../gen/Hls_Layers_UpConv.tpp:125]   --->   Operation 1981 'specregionend' 'rend45' <Predicate = true> <Delay = 0.00>
ST_96 : Operation 1982 [1/1] (0.00ns)   --->   "%rbegin21 = specregionbegin i32 @_ssdm_op_SpecRegionBegin, void @empty_144" [../gen/Hls_Layers_UpConv.tpp:123]   --->   Operation 1982 'specregionbegin' 'rbegin21' <Predicate = true> <Delay = 0.00>
ST_96 : Operation 1983 [1/1] (0.00ns)   --->   "%rend43 = specregionend i32 @_ssdm_op_SpecRegionEnd, void @empty_144, i32 %rbegin21" [../gen/Hls_Layers_UpConv.tpp:125]   --->   Operation 1983 'specregionend' 'rend43' <Predicate = true> <Delay = 0.00>
ST_96 : Operation 1984 [1/1] (0.00ns)   --->   "%rbegin23 = specregionbegin i32 @_ssdm_op_SpecRegionBegin, void @empty_131" [../gen/Hls_Layers_UpConv.tpp:123]   --->   Operation 1984 'specregionbegin' 'rbegin23' <Predicate = true> <Delay = 0.00>
ST_96 : Operation 1985 [1/1] (0.00ns)   --->   "%rend41 = specregionend i32 @_ssdm_op_SpecRegionEnd, void @empty_131, i32 %rbegin23" [../gen/Hls_Layers_UpConv.tpp:125]   --->   Operation 1985 'specregionend' 'rend41' <Predicate = true> <Delay = 0.00>
ST_96 : Operation 1986 [1/1] (0.00ns)   --->   "%rbegin25 = specregionbegin i32 @_ssdm_op_SpecRegionBegin, void @empty_107" [../gen/Hls_Layers_UpConv.tpp:123]   --->   Operation 1986 'specregionbegin' 'rbegin25' <Predicate = true> <Delay = 0.00>
ST_96 : Operation 1987 [1/1] (0.00ns)   --->   "%rend39 = specregionend i32 @_ssdm_op_SpecRegionEnd, void @empty_107, i32 %rbegin25" [../gen/Hls_Layers_UpConv.tpp:125]   --->   Operation 1987 'specregionend' 'rend39' <Predicate = true> <Delay = 0.00>
ST_96 : Operation 1988 [1/1] (0.00ns)   --->   "%rbegin27 = specregionbegin i32 @_ssdm_op_SpecRegionBegin, void @empty_100" [../gen/Hls_Layers_UpConv.tpp:123]   --->   Operation 1988 'specregionbegin' 'rbegin27' <Predicate = true> <Delay = 0.00>
ST_96 : Operation 1989 [1/1] (0.00ns)   --->   "%rend37 = specregionend i32 @_ssdm_op_SpecRegionEnd, void @empty_100, i32 %rbegin27" [../gen/Hls_Layers_UpConv.tpp:125]   --->   Operation 1989 'specregionend' 'rend37' <Predicate = true> <Delay = 0.00>
ST_96 : Operation 1990 [1/1] (0.00ns)   --->   "%rbegin29 = specregionbegin i32 @_ssdm_op_SpecRegionBegin, void @empty_99" [../gen/Hls_Layers_UpConv.tpp:123]   --->   Operation 1990 'specregionbegin' 'rbegin29' <Predicate = true> <Delay = 0.00>
ST_96 : Operation 1991 [1/1] (0.00ns)   --->   "%rend35 = specregionend i32 @_ssdm_op_SpecRegionEnd, void @empty_99, i32 %rbegin29" [../gen/Hls_Layers_UpConv.tpp:125]   --->   Operation 1991 'specregionend' 'rend35' <Predicate = true> <Delay = 0.00>
ST_96 : Operation 1992 [1/1] (0.00ns)   --->   "%rbegin30 = specregionbegin i32 @_ssdm_op_SpecRegionBegin, void @empty_98" [../gen/Hls_Layers_UpConv.tpp:123]   --->   Operation 1992 'specregionbegin' 'rbegin30' <Predicate = true> <Delay = 0.00>
ST_96 : Operation 1993 [1/1] (0.00ns)   --->   "%rend31 = specregionend i32 @_ssdm_op_SpecRegionEnd, void @empty_98, i32 %rbegin30" [../gen/Hls_Layers_UpConv.tpp:125]   --->   Operation 1993 'specregionend' 'rend31' <Predicate = true> <Delay = 0.00>
ST_96 : Operation 1994 [1/1] (0.00ns)   --->   "%rbegin28 = specregionbegin i32 @_ssdm_op_SpecRegionBegin, void @empty_85" [../gen/Hls_Layers_UpConv.tpp:123]   --->   Operation 1994 'specregionbegin' 'rbegin28' <Predicate = true> <Delay = 0.00>
ST_96 : Operation 1995 [1/1] (0.00ns)   --->   "%rend29 = specregionend i32 @_ssdm_op_SpecRegionEnd, void @empty_85, i32 %rbegin28" [../gen/Hls_Layers_UpConv.tpp:125]   --->   Operation 1995 'specregionend' 'rend29' <Predicate = true> <Delay = 0.00>
ST_96 : Operation 1996 [1/1] (0.00ns)   --->   "%rbegin26 = specregionbegin i32 @_ssdm_op_SpecRegionBegin, void @empty_79" [../gen/Hls_Layers_UpConv.tpp:123]   --->   Operation 1996 'specregionbegin' 'rbegin26' <Predicate = true> <Delay = 0.00>
ST_96 : Operation 1997 [1/1] (0.00ns)   --->   "%rend27 = specregionend i32 @_ssdm_op_SpecRegionEnd, void @empty_79, i32 %rbegin26" [../gen/Hls_Layers_UpConv.tpp:125]   --->   Operation 1997 'specregionend' 'rend27' <Predicate = true> <Delay = 0.00>
ST_96 : Operation 1998 [1/1] (0.00ns)   --->   "%rbegin24 = specregionbegin i32 @_ssdm_op_SpecRegionBegin, void @empty_95" [../gen/Hls_Layers_UpConv.tpp:123]   --->   Operation 1998 'specregionbegin' 'rbegin24' <Predicate = true> <Delay = 0.00>
ST_96 : Operation 1999 [1/1] (0.00ns)   --->   "%rend25 = specregionend i32 @_ssdm_op_SpecRegionEnd, void @empty_95, i32 %rbegin24" [../gen/Hls_Layers_UpConv.tpp:125]   --->   Operation 1999 'specregionend' 'rend25' <Predicate = true> <Delay = 0.00>
ST_96 : Operation 2000 [1/1] (0.00ns)   --->   "%rbegin22 = specregionbegin i32 @_ssdm_op_SpecRegionBegin, void @empty_91" [../gen/Hls_Layers_UpConv.tpp:123]   --->   Operation 2000 'specregionbegin' 'rbegin22' <Predicate = true> <Delay = 0.00>
ST_96 : Operation 2001 [1/1] (0.00ns)   --->   "%rend23 = specregionend i32 @_ssdm_op_SpecRegionEnd, void @empty_91, i32 %rbegin22" [../gen/Hls_Layers_UpConv.tpp:125]   --->   Operation 2001 'specregionend' 'rend23' <Predicate = true> <Delay = 0.00>
ST_96 : Operation 2002 [1/1] (0.00ns)   --->   "%rbegin20 = specregionbegin i32 @_ssdm_op_SpecRegionBegin, void @empty_93" [../gen/Hls_Layers_UpConv.tpp:123]   --->   Operation 2002 'specregionbegin' 'rbegin20' <Predicate = true> <Delay = 0.00>
ST_96 : Operation 2003 [1/1] (0.00ns)   --->   "%rend21 = specregionend i32 @_ssdm_op_SpecRegionEnd, void @empty_93, i32 %rbegin20" [../gen/Hls_Layers_UpConv.tpp:125]   --->   Operation 2003 'specregionend' 'rend21' <Predicate = true> <Delay = 0.00>
ST_96 : Operation 2004 [1/1] (0.00ns)   --->   "%rbegin18 = specregionbegin i32 @_ssdm_op_SpecRegionBegin, void @empty_75" [../gen/Hls_Layers_UpConv.tpp:123]   --->   Operation 2004 'specregionbegin' 'rbegin18' <Predicate = true> <Delay = 0.00>
ST_96 : Operation 2005 [1/1] (0.00ns)   --->   "%rend19 = specregionend i32 @_ssdm_op_SpecRegionEnd, void @empty_75, i32 %rbegin18" [../gen/Hls_Layers_UpConv.tpp:125]   --->   Operation 2005 'specregionend' 'rend19' <Predicate = true> <Delay = 0.00>
ST_96 : Operation 2006 [1/1] (0.00ns)   --->   "%rbegin16 = specregionbegin i32 @_ssdm_op_SpecRegionBegin, void @empty_103" [../gen/Hls_Layers_UpConv.tpp:123]   --->   Operation 2006 'specregionbegin' 'rbegin16' <Predicate = true> <Delay = 0.00>
ST_96 : Operation 2007 [1/1] (0.00ns)   --->   "%rend17 = specregionend i32 @_ssdm_op_SpecRegionEnd, void @empty_103, i32 %rbegin16" [../gen/Hls_Layers_UpConv.tpp:125]   --->   Operation 2007 'specregionend' 'rend17' <Predicate = true> <Delay = 0.00>
ST_96 : Operation 2008 [1/1] (0.00ns)   --->   "%rbegin14 = specregionbegin i32 @_ssdm_op_SpecRegionBegin, void @empty_74" [../gen/Hls_Layers_UpConv.tpp:123]   --->   Operation 2008 'specregionbegin' 'rbegin14' <Predicate = true> <Delay = 0.00>
ST_96 : Operation 2009 [1/1] (0.00ns)   --->   "%rend15 = specregionend i32 @_ssdm_op_SpecRegionEnd, void @empty_74, i32 %rbegin14" [../gen/Hls_Layers_UpConv.tpp:125]   --->   Operation 2009 'specregionend' 'rend15' <Predicate = true> <Delay = 0.00>
ST_96 : Operation 2010 [1/1] (0.00ns)   --->   "%rbegin12 = specregionbegin i32 @_ssdm_op_SpecRegionBegin, void @empty_89" [../gen/Hls_Layers_UpConv.tpp:123]   --->   Operation 2010 'specregionbegin' 'rbegin12' <Predicate = true> <Delay = 0.00>
ST_96 : Operation 2011 [1/1] (0.00ns)   --->   "%rend13 = specregionend i32 @_ssdm_op_SpecRegionEnd, void @empty_89, i32 %rbegin12" [../gen/Hls_Layers_UpConv.tpp:125]   --->   Operation 2011 'specregionend' 'rend13' <Predicate = true> <Delay = 0.00>
ST_96 : Operation 2012 [1/1] (0.00ns)   --->   "%rbegin31 = specregionbegin i32 @_ssdm_op_SpecRegionBegin, void @empty_88" [../gen/Hls_Layers_UpConv.tpp:123]   --->   Operation 2012 'specregionbegin' 'rbegin31' <Predicate = true> <Delay = 0.00>
ST_96 : Operation 2013 [1/1] (0.00ns)   --->   "%rend261 = specregionend i32 @_ssdm_op_SpecRegionEnd, void @empty_88, i32 %rbegin31" [../gen/Hls_Layers_UpConv.tpp:125]   --->   Operation 2013 'specregionend' 'rend261' <Predicate = true> <Delay = 0.00>
ST_96 : Operation 2014 [1/1] (0.00ns)   --->   "%rbegin33 = specregionbegin i32 @_ssdm_op_SpecRegionBegin, void @empty_87" [../gen/Hls_Layers_UpConv.tpp:123]   --->   Operation 2014 'specregionbegin' 'rbegin33' <Predicate = true> <Delay = 0.00>
ST_96 : Operation 2015 [1/1] (0.00ns)   --->   "%rend259 = specregionend i32 @_ssdm_op_SpecRegionEnd, void @empty_87, i32 %rbegin33" [../gen/Hls_Layers_UpConv.tpp:125]   --->   Operation 2015 'specregionend' 'rend259' <Predicate = true> <Delay = 0.00>
ST_96 : Operation 2016 [1/1] (0.00ns)   --->   "%rbegin34 = specregionbegin i32 @_ssdm_op_SpecRegionBegin, void @empty_86" [../gen/Hls_Layers_UpConv.tpp:123]   --->   Operation 2016 'specregionbegin' 'rbegin34' <Predicate = true> <Delay = 0.00>
ST_96 : Operation 2017 [1/1] (0.00ns)   --->   "%rend257 = specregionend i32 @_ssdm_op_SpecRegionEnd, void @empty_86, i32 %rbegin34" [../gen/Hls_Layers_UpConv.tpp:125]   --->   Operation 2017 'specregionend' 'rend257' <Predicate = true> <Delay = 0.00>
ST_96 : Operation 2018 [1/1] (0.00ns)   --->   "%rbegin35 = specregionbegin i32 @_ssdm_op_SpecRegionBegin, void @empty_96" [../gen/Hls_Layers_UpConv.tpp:123]   --->   Operation 2018 'specregionbegin' 'rbegin35' <Predicate = true> <Delay = 0.00>
ST_96 : Operation 2019 [1/1] (0.00ns)   --->   "%rend255 = specregionend i32 @_ssdm_op_SpecRegionEnd, void @empty_96, i32 %rbegin35" [../gen/Hls_Layers_UpConv.tpp:125]   --->   Operation 2019 'specregionend' 'rend255' <Predicate = true> <Delay = 0.00>
ST_96 : Operation 2020 [1/1] (0.00ns)   --->   "%rbegin36 = specregionbegin i32 @_ssdm_op_SpecRegionBegin, void @empty_133" [../gen/Hls_Layers_UpConv.tpp:123]   --->   Operation 2020 'specregionbegin' 'rbegin36' <Predicate = true> <Delay = 0.00>
ST_96 : Operation 2021 [1/1] (0.00ns)   --->   "%rend253 = specregionend i32 @_ssdm_op_SpecRegionEnd, void @empty_133, i32 %rbegin36" [../gen/Hls_Layers_UpConv.tpp:125]   --->   Operation 2021 'specregionend' 'rend253' <Predicate = true> <Delay = 0.00>
ST_96 : Operation 2022 [1/1] (0.00ns)   --->   "%rbegin37 = specregionbegin i32 @_ssdm_op_SpecRegionBegin, void @empty_132" [../gen/Hls_Layers_UpConv.tpp:123]   --->   Operation 2022 'specregionbegin' 'rbegin37' <Predicate = true> <Delay = 0.00>
ST_96 : Operation 2023 [1/1] (0.00ns)   --->   "%rend251 = specregionend i32 @_ssdm_op_SpecRegionEnd, void @empty_132, i32 %rbegin37" [../gen/Hls_Layers_UpConv.tpp:125]   --->   Operation 2023 'specregionend' 'rend251' <Predicate = true> <Delay = 0.00>
ST_96 : Operation 2024 [1/1] (0.00ns)   --->   "%rbegin38 = specregionbegin i32 @_ssdm_op_SpecRegionBegin, void @empty_63" [../gen/Hls_Layers_UpConv.tpp:123]   --->   Operation 2024 'specregionbegin' 'rbegin38' <Predicate = true> <Delay = 0.00>
ST_96 : Operation 2025 [1/1] (0.00ns)   --->   "%rend249 = specregionend i32 @_ssdm_op_SpecRegionEnd, void @empty_63, i32 %rbegin38" [../gen/Hls_Layers_UpConv.tpp:125]   --->   Operation 2025 'specregionend' 'rend249' <Predicate = true> <Delay = 0.00>
ST_96 : Operation 2026 [1/1] (0.00ns)   --->   "%rbegin39 = specregionbegin i32 @_ssdm_op_SpecRegionBegin, void @empty_77" [../gen/Hls_Layers_UpConv.tpp:123]   --->   Operation 2026 'specregionbegin' 'rbegin39' <Predicate = true> <Delay = 0.00>
ST_96 : Operation 2027 [1/1] (0.00ns)   --->   "%rend247 = specregionend i32 @_ssdm_op_SpecRegionEnd, void @empty_77, i32 %rbegin39" [../gen/Hls_Layers_UpConv.tpp:125]   --->   Operation 2027 'specregionend' 'rend247' <Predicate = true> <Delay = 0.00>
ST_96 : Operation 2028 [1/1] (0.00ns)   --->   "%rbegin40 = specregionbegin i32 @_ssdm_op_SpecRegionBegin, void @empty_76" [../gen/Hls_Layers_UpConv.tpp:123]   --->   Operation 2028 'specregionbegin' 'rbegin40' <Predicate = true> <Delay = 0.00>
ST_96 : Operation 2029 [1/1] (0.00ns)   --->   "%rend245 = specregionend i32 @_ssdm_op_SpecRegionEnd, void @empty_76, i32 %rbegin40" [../gen/Hls_Layers_UpConv.tpp:125]   --->   Operation 2029 'specregionend' 'rend245' <Predicate = true> <Delay = 0.00>
ST_96 : Operation 2030 [1/1] (0.00ns)   --->   "%rbegin41 = specregionbegin i32 @_ssdm_op_SpecRegionBegin, void @empty_92" [../gen/Hls_Layers_UpConv.tpp:123]   --->   Operation 2030 'specregionbegin' 'rbegin41' <Predicate = true> <Delay = 0.00>
ST_96 : Operation 2031 [1/1] (0.00ns)   --->   "%rend243 = specregionend i32 @_ssdm_op_SpecRegionEnd, void @empty_92, i32 %rbegin41" [../gen/Hls_Layers_UpConv.tpp:125]   --->   Operation 2031 'specregionend' 'rend243' <Predicate = true> <Delay = 0.00>
ST_96 : Operation 2032 [1/1] (0.00ns)   --->   "%rbegin42 = specregionbegin i32 @_ssdm_op_SpecRegionBegin, void @empty_102" [../gen/Hls_Layers_UpConv.tpp:123]   --->   Operation 2032 'specregionbegin' 'rbegin42' <Predicate = true> <Delay = 0.00>
ST_96 : Operation 2033 [1/1] (0.00ns)   --->   "%rend239 = specregionend i32 @_ssdm_op_SpecRegionEnd, void @empty_102, i32 %rbegin42" [../gen/Hls_Layers_UpConv.tpp:125]   --->   Operation 2033 'specregionend' 'rend239' <Predicate = true> <Delay = 0.00>
ST_96 : Operation 2034 [1/1] (0.00ns)   --->   "%rbegin43 = specregionbegin i32 @_ssdm_op_SpecRegionBegin, void @empty_106" [../gen/Hls_Layers_UpConv.tpp:123]   --->   Operation 2034 'specregionbegin' 'rbegin43' <Predicate = true> <Delay = 0.00>
ST_96 : Operation 2035 [1/1] (0.00ns)   --->   "%rend237 = specregionend i32 @_ssdm_op_SpecRegionEnd, void @empty_106, i32 %rbegin43" [../gen/Hls_Layers_UpConv.tpp:125]   --->   Operation 2035 'specregionend' 'rend237' <Predicate = true> <Delay = 0.00>
ST_96 : Operation 2036 [1/1] (0.00ns)   --->   "%rbegin44 = specregionbegin i32 @_ssdm_op_SpecRegionBegin, void @empty_69" [../gen/Hls_Layers_UpConv.tpp:123]   --->   Operation 2036 'specregionbegin' 'rbegin44' <Predicate = true> <Delay = 0.00>
ST_96 : Operation 2037 [1/1] (0.00ns)   --->   "%rend235 = specregionend i32 @_ssdm_op_SpecRegionEnd, void @empty_69, i32 %rbegin44" [../gen/Hls_Layers_UpConv.tpp:125]   --->   Operation 2037 'specregionend' 'rend235' <Predicate = true> <Delay = 0.00>
ST_96 : Operation 2038 [1/1] (0.00ns)   --->   "%rbegin45 = specregionbegin i32 @_ssdm_op_SpecRegionBegin, void @empty_68" [../gen/Hls_Layers_UpConv.tpp:123]   --->   Operation 2038 'specregionbegin' 'rbegin45' <Predicate = true> <Delay = 0.00>
ST_96 : Operation 2039 [1/1] (0.00ns)   --->   "%rend233 = specregionend i32 @_ssdm_op_SpecRegionEnd, void @empty_68, i32 %rbegin45" [../gen/Hls_Layers_UpConv.tpp:125]   --->   Operation 2039 'specregionend' 'rend233' <Predicate = true> <Delay = 0.00>
ST_96 : Operation 2040 [1/1] (0.00ns)   --->   "%rbegin46 = specregionbegin i32 @_ssdm_op_SpecRegionBegin, void @empty_112" [../gen/Hls_Layers_UpConv.tpp:123]   --->   Operation 2040 'specregionbegin' 'rbegin46' <Predicate = true> <Delay = 0.00>
ST_96 : Operation 2041 [1/1] (0.00ns)   --->   "%rend231 = specregionend i32 @_ssdm_op_SpecRegionEnd, void @empty_112, i32 %rbegin46" [../gen/Hls_Layers_UpConv.tpp:125]   --->   Operation 2041 'specregionend' 'rend231' <Predicate = true> <Delay = 0.00>
ST_96 : Operation 2042 [1/1] (0.00ns)   --->   "%rbegin47 = specregionbegin i32 @_ssdm_op_SpecRegionBegin, void @empty_50" [../gen/Hls_Layers_UpConv.tpp:123]   --->   Operation 2042 'specregionbegin' 'rbegin47' <Predicate = true> <Delay = 0.00>
ST_96 : Operation 2043 [1/1] (0.00ns)   --->   "%rend229 = specregionend i32 @_ssdm_op_SpecRegionEnd, void @empty_50, i32 %rbegin47" [../gen/Hls_Layers_UpConv.tpp:125]   --->   Operation 2043 'specregionend' 'rend229' <Predicate = true> <Delay = 0.00>
ST_96 : Operation 2044 [1/1] (0.00ns)   --->   "%rbegin48 = specregionbegin i32 @_ssdm_op_SpecRegionBegin, void @empty_105" [../gen/Hls_Layers_UpConv.tpp:123]   --->   Operation 2044 'specregionbegin' 'rbegin48' <Predicate = true> <Delay = 0.00>
ST_96 : Operation 2045 [1/1] (0.00ns)   --->   "%rend227 = specregionend i32 @_ssdm_op_SpecRegionEnd, void @empty_105, i32 %rbegin48" [../gen/Hls_Layers_UpConv.tpp:125]   --->   Operation 2045 'specregionend' 'rend227' <Predicate = true> <Delay = 0.00>
ST_96 : Operation 2046 [1/1] (0.00ns)   --->   "%rbegin49 = specregionbegin i32 @_ssdm_op_SpecRegionBegin, void @empty_78" [../gen/Hls_Layers_UpConv.tpp:123]   --->   Operation 2046 'specregionbegin' 'rbegin49' <Predicate = true> <Delay = 0.00>
ST_96 : Operation 2047 [1/1] (0.00ns)   --->   "%rend225 = specregionend i32 @_ssdm_op_SpecRegionEnd, void @empty_78, i32 %rbegin49" [../gen/Hls_Layers_UpConv.tpp:125]   --->   Operation 2047 'specregionend' 'rend225' <Predicate = true> <Delay = 0.00>
ST_96 : Operation 2048 [1/1] (0.00ns)   --->   "%rbegin50 = specregionbegin i32 @_ssdm_op_SpecRegionBegin, void @empty_64" [../gen/Hls_Layers_UpConv.tpp:123]   --->   Operation 2048 'specregionbegin' 'rbegin50' <Predicate = true> <Delay = 0.00>
ST_96 : Operation 2049 [1/1] (0.00ns)   --->   "%rend223 = specregionend i32 @_ssdm_op_SpecRegionEnd, void @empty_64, i32 %rbegin50" [../gen/Hls_Layers_UpConv.tpp:125]   --->   Operation 2049 'specregionend' 'rend223' <Predicate = true> <Delay = 0.00>
ST_96 : Operation 2050 [1/1] (0.00ns)   --->   "%rbegin51 = specregionbegin i32 @_ssdm_op_SpecRegionBegin, void @empty_62" [../gen/Hls_Layers_UpConv.tpp:123]   --->   Operation 2050 'specregionbegin' 'rbegin51' <Predicate = true> <Delay = 0.00>
ST_96 : Operation 2051 [1/1] (0.00ns)   --->   "%rend221 = specregionend i32 @_ssdm_op_SpecRegionEnd, void @empty_62, i32 %rbegin51" [../gen/Hls_Layers_UpConv.tpp:125]   --->   Operation 2051 'specregionend' 'rend221' <Predicate = true> <Delay = 0.00>
ST_96 : Operation 2052 [1/1] (0.00ns)   --->   "%rbegin52 = specregionbegin i32 @_ssdm_op_SpecRegionBegin, void @empty_73" [../gen/Hls_Layers_UpConv.tpp:123]   --->   Operation 2052 'specregionbegin' 'rbegin52' <Predicate = true> <Delay = 0.00>
ST_96 : Operation 2053 [1/1] (0.00ns)   --->   "%rend217 = specregionend i32 @_ssdm_op_SpecRegionEnd, void @empty_73, i32 %rbegin52" [../gen/Hls_Layers_UpConv.tpp:125]   --->   Operation 2053 'specregionend' 'rend217' <Predicate = true> <Delay = 0.00>
ST_96 : Operation 2054 [1/1] (0.00ns)   --->   "%rbegin53 = specregionbegin i32 @_ssdm_op_SpecRegionBegin, void @empty_101" [../gen/Hls_Layers_UpConv.tpp:123]   --->   Operation 2054 'specregionbegin' 'rbegin53' <Predicate = true> <Delay = 0.00>
ST_96 : Operation 2055 [1/1] (0.00ns)   --->   "%rend215 = specregionend i32 @_ssdm_op_SpecRegionEnd, void @empty_101, i32 %rbegin53" [../gen/Hls_Layers_UpConv.tpp:125]   --->   Operation 2055 'specregionend' 'rend215' <Predicate = true> <Delay = 0.00>
ST_96 : Operation 2056 [1/1] (0.00ns)   --->   "%rbegin55 = specregionbegin i32 @_ssdm_op_SpecRegionBegin, void @empty_110" [../gen/Hls_Layers_UpConv.tpp:123]   --->   Operation 2056 'specregionbegin' 'rbegin55' <Predicate = true> <Delay = 0.00>
ST_96 : Operation 2057 [1/1] (0.00ns)   --->   "%rend213 = specregionend i32 @_ssdm_op_SpecRegionEnd, void @empty_110, i32 %rbegin55" [../gen/Hls_Layers_UpConv.tpp:125]   --->   Operation 2057 'specregionend' 'rend213' <Predicate = true> <Delay = 0.00>
ST_96 : Operation 2058 [1/1] (0.00ns)   --->   "%rbegin56 = specregionbegin i32 @_ssdm_op_SpecRegionBegin, void @empty_11" [../gen/Hls_Layers_UpConv.tpp:123]   --->   Operation 2058 'specregionbegin' 'rbegin56' <Predicate = true> <Delay = 0.00>
ST_96 : Operation 2059 [1/1] (0.00ns)   --->   "%rend211 = specregionend i32 @_ssdm_op_SpecRegionEnd, void @empty_11, i32 %rbegin56" [../gen/Hls_Layers_UpConv.tpp:125]   --->   Operation 2059 'specregionend' 'rend211' <Predicate = true> <Delay = 0.00>
ST_96 : Operation 2060 [1/1] (0.00ns)   --->   "%rbegin57 = specregionbegin i32 @_ssdm_op_SpecRegionBegin, void @empty_47" [../gen/Hls_Layers_UpConv.tpp:123]   --->   Operation 2060 'specregionbegin' 'rbegin57' <Predicate = true> <Delay = 0.00>
ST_96 : Operation 2061 [1/1] (0.00ns)   --->   "%rend209 = specregionend i32 @_ssdm_op_SpecRegionEnd, void @empty_47, i32 %rbegin57" [../gen/Hls_Layers_UpConv.tpp:125]   --->   Operation 2061 'specregionend' 'rend209' <Predicate = true> <Delay = 0.00>
ST_96 : Operation 2062 [1/1] (0.00ns)   --->   "%rbegin58 = specregionbegin i32 @_ssdm_op_SpecRegionBegin, void @empty_48" [../gen/Hls_Layers_UpConv.tpp:123]   --->   Operation 2062 'specregionbegin' 'rbegin58' <Predicate = true> <Delay = 0.00>
ST_96 : Operation 2063 [1/1] (0.00ns)   --->   "%rend207 = specregionend i32 @_ssdm_op_SpecRegionEnd, void @empty_48, i32 %rbegin58" [../gen/Hls_Layers_UpConv.tpp:125]   --->   Operation 2063 'specregionend' 'rend207' <Predicate = true> <Delay = 0.00>
ST_96 : Operation 2064 [1/1] (0.00ns)   --->   "%rbegin59 = specregionbegin i32 @_ssdm_op_SpecRegionBegin, void @empty_70" [../gen/Hls_Layers_UpConv.tpp:123]   --->   Operation 2064 'specregionbegin' 'rbegin59' <Predicate = true> <Delay = 0.00>
ST_96 : Operation 2065 [1/1] (0.00ns)   --->   "%rend205 = specregionend i32 @_ssdm_op_SpecRegionEnd, void @empty_70, i32 %rbegin59" [../gen/Hls_Layers_UpConv.tpp:125]   --->   Operation 2065 'specregionend' 'rend205' <Predicate = true> <Delay = 0.00>
ST_96 : Operation 2066 [1/1] (0.00ns)   --->   "%rbegin60 = specregionbegin i32 @_ssdm_op_SpecRegionBegin, void @empty_26" [../gen/Hls_Layers_UpConv.tpp:123]   --->   Operation 2066 'specregionbegin' 'rbegin60' <Predicate = true> <Delay = 0.00>
ST_96 : Operation 2067 [1/1] (0.00ns)   --->   "%rend203 = specregionend i32 @_ssdm_op_SpecRegionEnd, void @empty_26, i32 %rbegin60" [../gen/Hls_Layers_UpConv.tpp:125]   --->   Operation 2067 'specregionend' 'rend203' <Predicate = true> <Delay = 0.00>
ST_96 : Operation 2068 [1/1] (0.00ns)   --->   "%rbegin61 = specregionbegin i32 @_ssdm_op_SpecRegionBegin, void @empty_29" [../gen/Hls_Layers_UpConv.tpp:123]   --->   Operation 2068 'specregionbegin' 'rbegin61' <Predicate = true> <Delay = 0.00>
ST_96 : Operation 2069 [1/1] (0.00ns)   --->   "%rend201 = specregionend i32 @_ssdm_op_SpecRegionEnd, void @empty_29, i32 %rbegin61" [../gen/Hls_Layers_UpConv.tpp:125]   --->   Operation 2069 'specregionend' 'rend201' <Predicate = true> <Delay = 0.00>
ST_96 : Operation 2070 [1/1] (0.00ns)   --->   "%rbegin62 = specregionbegin i32 @_ssdm_op_SpecRegionBegin, void @empty_0" [../gen/Hls_Layers_UpConv.tpp:123]   --->   Operation 2070 'specregionbegin' 'rbegin62' <Predicate = true> <Delay = 0.00>
ST_96 : Operation 2071 [1/1] (0.00ns)   --->   "%rend199 = specregionend i32 @_ssdm_op_SpecRegionEnd, void @empty_0, i32 %rbegin62" [../gen/Hls_Layers_UpConv.tpp:125]   --->   Operation 2071 'specregionend' 'rend199' <Predicate = true> <Delay = 0.00>
ST_96 : Operation 2072 [1/1] (0.00ns)   --->   "%rbegin63 = specregionbegin i32 @_ssdm_op_SpecRegionBegin, void @empty_146" [../gen/Hls_Layers_UpConv.tpp:123]   --->   Operation 2072 'specregionbegin' 'rbegin63' <Predicate = true> <Delay = 0.00>
ST_96 : Operation 2073 [1/1] (0.00ns)   --->   "%rend195 = specregionend i32 @_ssdm_op_SpecRegionEnd, void @empty_146, i32 %rbegin63" [../gen/Hls_Layers_UpConv.tpp:125]   --->   Operation 2073 'specregionend' 'rend195' <Predicate = true> <Delay = 0.00>
ST_96 : Operation 2074 [1/1] (0.00ns)   --->   "%rbegin64 = specregionbegin i32 @_ssdm_op_SpecRegionBegin, void @empty" [../gen/Hls_Layers_UpConv.tpp:123]   --->   Operation 2074 'specregionbegin' 'rbegin64' <Predicate = true> <Delay = 0.00>
ST_96 : Operation 2075 [1/1] (0.00ns)   --->   "%rend193 = specregionend i32 @_ssdm_op_SpecRegionEnd, void @empty, i32 %rbegin64" [../gen/Hls_Layers_UpConv.tpp:125]   --->   Operation 2075 'specregionend' 'rend193' <Predicate = true> <Delay = 0.00>
ST_96 : Operation 2076 [1/1] (0.00ns)   --->   "%rbegin65 = specregionbegin i32 @_ssdm_op_SpecRegionBegin, void @empty_90" [../gen/Hls_Layers_UpConv.tpp:123]   --->   Operation 2076 'specregionbegin' 'rbegin65' <Predicate = true> <Delay = 0.00>
ST_96 : Operation 2077 [1/1] (0.00ns)   --->   "%rend191 = specregionend i32 @_ssdm_op_SpecRegionEnd, void @empty_90, i32 %rbegin65" [../gen/Hls_Layers_UpConv.tpp:125]   --->   Operation 2077 'specregionend' 'rend191' <Predicate = true> <Delay = 0.00>
ST_96 : Operation 2078 [1/1] (0.00ns)   --->   "%rbegin66 = specregionbegin i32 @_ssdm_op_SpecRegionBegin, void @empty_149" [../gen/Hls_Layers_UpConv.tpp:123]   --->   Operation 2078 'specregionbegin' 'rbegin66' <Predicate = true> <Delay = 0.00>
ST_96 : Operation 2079 [1/1] (0.00ns)   --->   "%rend189 = specregionend i32 @_ssdm_op_SpecRegionEnd, void @empty_149, i32 %rbegin66" [../gen/Hls_Layers_UpConv.tpp:125]   --->   Operation 2079 'specregionend' 'rend189' <Predicate = true> <Delay = 0.00>
ST_96 : Operation 2080 [1/1] (0.00ns)   --->   "%rbegin67 = specregionbegin i32 @_ssdm_op_SpecRegionBegin, void @empty_17" [../gen/Hls_Layers_UpConv.tpp:123]   --->   Operation 2080 'specregionbegin' 'rbegin67' <Predicate = true> <Delay = 0.00>
ST_96 : Operation 2081 [1/1] (0.00ns)   --->   "%rend187 = specregionend i32 @_ssdm_op_SpecRegionEnd, void @empty_17, i32 %rbegin67" [../gen/Hls_Layers_UpConv.tpp:125]   --->   Operation 2081 'specregionend' 'rend187' <Predicate = true> <Delay = 0.00>
ST_96 : Operation 2082 [1/1] (0.00ns)   --->   "%rbegin68 = specregionbegin i32 @_ssdm_op_SpecRegionBegin, void @empty_56" [../gen/Hls_Layers_UpConv.tpp:123]   --->   Operation 2082 'specregionbegin' 'rbegin68' <Predicate = true> <Delay = 0.00>
ST_96 : Operation 2083 [1/1] (0.00ns)   --->   "%rend185 = specregionend i32 @_ssdm_op_SpecRegionEnd, void @empty_56, i32 %rbegin68" [../gen/Hls_Layers_UpConv.tpp:125]   --->   Operation 2083 'specregionend' 'rend185' <Predicate = true> <Delay = 0.00>
ST_96 : Operation 2084 [1/1] (0.00ns)   --->   "%rbegin69 = specregionbegin i32 @_ssdm_op_SpecRegionBegin, void @empty_28" [../gen/Hls_Layers_UpConv.tpp:123]   --->   Operation 2084 'specregionbegin' 'rbegin69' <Predicate = true> <Delay = 0.00>
ST_96 : Operation 2085 [1/1] (0.00ns)   --->   "%rend183 = specregionend i32 @_ssdm_op_SpecRegionEnd, void @empty_28, i32 %rbegin69" [../gen/Hls_Layers_UpConv.tpp:125]   --->   Operation 2085 'specregionend' 'rend183' <Predicate = true> <Delay = 0.00>
ST_96 : Operation 2086 [1/1] (0.00ns)   --->   "%rbegin70 = specregionbegin i32 @_ssdm_op_SpecRegionBegin, void @empty_128" [../gen/Hls_Layers_UpConv.tpp:123]   --->   Operation 2086 'specregionbegin' 'rbegin70' <Predicate = true> <Delay = 0.00>
ST_96 : Operation 2087 [1/1] (0.00ns)   --->   "%rend181 = specregionend i32 @_ssdm_op_SpecRegionEnd, void @empty_128, i32 %rbegin70" [../gen/Hls_Layers_UpConv.tpp:125]   --->   Operation 2087 'specregionend' 'rend181' <Predicate = true> <Delay = 0.00>
ST_96 : Operation 2088 [1/1] (0.00ns)   --->   "%rbegin71 = specregionbegin i32 @_ssdm_op_SpecRegionBegin, void @empty_59" [../gen/Hls_Layers_UpConv.tpp:123]   --->   Operation 2088 'specregionbegin' 'rbegin71' <Predicate = true> <Delay = 0.00>
ST_96 : Operation 2089 [1/1] (0.00ns)   --->   "%rend179 = specregionend i32 @_ssdm_op_SpecRegionEnd, void @empty_59, i32 %rbegin71" [../gen/Hls_Layers_UpConv.tpp:125]   --->   Operation 2089 'specregionend' 'rend179' <Predicate = true> <Delay = 0.00>
ST_96 : Operation 2090 [1/1] (0.00ns)   --->   "%rbegin73 = specregionbegin i32 @_ssdm_op_SpecRegionBegin, void @empty_51" [../gen/Hls_Layers_UpConv.tpp:123]   --->   Operation 2090 'specregionbegin' 'rbegin73' <Predicate = true> <Delay = 0.00>
ST_96 : Operation 2091 [1/1] (0.00ns)   --->   "%rend177 = specregionend i32 @_ssdm_op_SpecRegionEnd, void @empty_51, i32 %rbegin73" [../gen/Hls_Layers_UpConv.tpp:125]   --->   Operation 2091 'specregionend' 'rend177' <Predicate = true> <Delay = 0.00>
ST_96 : Operation 2092 [1/1] (0.00ns)   --->   "%rbegin75 = specregionbegin i32 @_ssdm_op_SpecRegionBegin, void @empty_38" [../gen/Hls_Layers_UpConv.tpp:123]   --->   Operation 2092 'specregionbegin' 'rbegin75' <Predicate = true> <Delay = 0.00>
ST_96 : Operation 2093 [1/1] (0.00ns)   --->   "%rend173 = specregionend i32 @_ssdm_op_SpecRegionEnd, void @empty_38, i32 %rbegin75" [../gen/Hls_Layers_UpConv.tpp:125]   --->   Operation 2093 'specregionend' 'rend173' <Predicate = true> <Delay = 0.00>
ST_96 : Operation 2094 [1/1] (0.00ns)   --->   "%rbegin77 = specregionbegin i32 @_ssdm_op_SpecRegionBegin, void @empty_53" [../gen/Hls_Layers_UpConv.tpp:123]   --->   Operation 2094 'specregionbegin' 'rbegin77' <Predicate = true> <Delay = 0.00>
ST_96 : Operation 2095 [1/1] (0.00ns)   --->   "%rend171 = specregionend i32 @_ssdm_op_SpecRegionEnd, void @empty_53, i32 %rbegin77" [../gen/Hls_Layers_UpConv.tpp:125]   --->   Operation 2095 'specregionend' 'rend171' <Predicate = true> <Delay = 0.00>
ST_96 : Operation 2096 [1/1] (0.00ns)   --->   "%rbegin79 = specregionbegin i32 @_ssdm_op_SpecRegionBegin, void @empty_54" [../gen/Hls_Layers_UpConv.tpp:123]   --->   Operation 2096 'specregionbegin' 'rbegin79' <Predicate = true> <Delay = 0.00>
ST_96 : Operation 2097 [1/1] (0.00ns)   --->   "%rend169 = specregionend i32 @_ssdm_op_SpecRegionEnd, void @empty_54, i32 %rbegin79" [../gen/Hls_Layers_UpConv.tpp:125]   --->   Operation 2097 'specregionend' 'rend169' <Predicate = true> <Delay = 0.00>
ST_96 : Operation 2098 [1/1] (0.00ns)   --->   "%rbegin81 = specregionbegin i32 @_ssdm_op_SpecRegionBegin, void @empty_10" [../gen/Hls_Layers_UpConv.tpp:123]   --->   Operation 2098 'specregionbegin' 'rbegin81' <Predicate = true> <Delay = 0.00>
ST_96 : Operation 2099 [1/1] (0.00ns)   --->   "%rend167 = specregionend i32 @_ssdm_op_SpecRegionEnd, void @empty_10, i32 %rbegin81" [../gen/Hls_Layers_UpConv.tpp:125]   --->   Operation 2099 'specregionend' 'rend167' <Predicate = true> <Delay = 0.00>
ST_96 : Operation 2100 [1/1] (0.00ns)   --->   "%rbegin83 = specregionbegin i32 @_ssdm_op_SpecRegionBegin, void @empty_46" [../gen/Hls_Layers_UpConv.tpp:123]   --->   Operation 2100 'specregionbegin' 'rbegin83' <Predicate = true> <Delay = 0.00>
ST_96 : Operation 2101 [1/1] (0.00ns)   --->   "%rend165 = specregionend i32 @_ssdm_op_SpecRegionEnd, void @empty_46, i32 %rbegin83" [../gen/Hls_Layers_UpConv.tpp:125]   --->   Operation 2101 'specregionend' 'rend165' <Predicate = true> <Delay = 0.00>
ST_96 : Operation 2102 [1/1] (0.00ns)   --->   "%rbegin85 = specregionbegin i32 @_ssdm_op_SpecRegionBegin, void @empty_58" [../gen/Hls_Layers_UpConv.tpp:123]   --->   Operation 2102 'specregionbegin' 'rbegin85' <Predicate = true> <Delay = 0.00>
ST_96 : Operation 2103 [1/1] (0.00ns)   --->   "%rend163 = specregionend i32 @_ssdm_op_SpecRegionEnd, void @empty_58, i32 %rbegin85" [../gen/Hls_Layers_UpConv.tpp:125]   --->   Operation 2103 'specregionend' 'rend163' <Predicate = true> <Delay = 0.00>
ST_96 : Operation 2104 [1/1] (0.00ns)   --->   "%rbegin87 = specregionbegin i32 @_ssdm_op_SpecRegionBegin, void @empty_104" [../gen/Hls_Layers_UpConv.tpp:123]   --->   Operation 2104 'specregionbegin' 'rbegin87' <Predicate = true> <Delay = 0.00>
ST_96 : Operation 2105 [1/1] (0.00ns)   --->   "%rend161 = specregionend i32 @_ssdm_op_SpecRegionEnd, void @empty_104, i32 %rbegin87" [../gen/Hls_Layers_UpConv.tpp:125]   --->   Operation 2105 'specregionend' 'rend161' <Predicate = true> <Delay = 0.00>
ST_96 : Operation 2106 [1/1] (0.00ns)   --->   "%rbegin89 = specregionbegin i32 @_ssdm_op_SpecRegionBegin, void @empty_1" [../gen/Hls_Layers_UpConv.tpp:123]   --->   Operation 2106 'specregionbegin' 'rbegin89' <Predicate = true> <Delay = 0.00>
ST_96 : Operation 2107 [1/1] (0.00ns)   --->   "%rend159 = specregionend i32 @_ssdm_op_SpecRegionEnd, void @empty_1, i32 %rbegin89" [../gen/Hls_Layers_UpConv.tpp:125]   --->   Operation 2107 'specregionend' 'rend159' <Predicate = true> <Delay = 0.00>
ST_96 : Operation 2108 [1/1] (0.00ns)   --->   "%rbegin91 = specregionbegin i32 @_ssdm_op_SpecRegionBegin, void @empty_9" [../gen/Hls_Layers_UpConv.tpp:123]   --->   Operation 2108 'specregionbegin' 'rbegin91' <Predicate = true> <Delay = 0.00>
ST_96 : Operation 2109 [1/1] (0.00ns)   --->   "%rend157 = specregionend i32 @_ssdm_op_SpecRegionEnd, void @empty_9, i32 %rbegin91" [../gen/Hls_Layers_UpConv.tpp:125]   --->   Operation 2109 'specregionend' 'rend157' <Predicate = true> <Delay = 0.00>
ST_96 : Operation 2110 [1/1] (0.00ns)   --->   "%rbegin93 = specregionbegin i32 @_ssdm_op_SpecRegionBegin, void @empty_124" [../gen/Hls_Layers_UpConv.tpp:123]   --->   Operation 2110 'specregionbegin' 'rbegin93' <Predicate = true> <Delay = 0.00>
ST_96 : Operation 2111 [1/1] (0.00ns)   --->   "%rend155 = specregionend i32 @_ssdm_op_SpecRegionEnd, void @empty_124, i32 %rbegin93" [../gen/Hls_Layers_UpConv.tpp:125]   --->   Operation 2111 'specregionend' 'rend155' <Predicate = true> <Delay = 0.00>
ST_96 : Operation 2112 [1/1] (0.00ns)   --->   "%rbegin95 = specregionbegin i32 @_ssdm_op_SpecRegionBegin, void @empty_3" [../gen/Hls_Layers_UpConv.tpp:123]   --->   Operation 2112 'specregionbegin' 'rbegin95' <Predicate = true> <Delay = 0.00>
ST_96 : Operation 2113 [1/1] (0.00ns)   --->   "%rend151 = specregionend i32 @_ssdm_op_SpecRegionEnd, void @empty_3, i32 %rbegin95" [../gen/Hls_Layers_UpConv.tpp:125]   --->   Operation 2113 'specregionend' 'rend151' <Predicate = true> <Delay = 0.00>
ST_96 : Operation 2114 [1/1] (0.00ns)   --->   "%rbegin97 = specregionbegin i32 @_ssdm_op_SpecRegionBegin, void @empty_35" [../gen/Hls_Layers_UpConv.tpp:123]   --->   Operation 2114 'specregionbegin' 'rbegin97' <Predicate = true> <Delay = 0.00>
ST_96 : Operation 2115 [1/1] (0.00ns)   --->   "%rend149 = specregionend i32 @_ssdm_op_SpecRegionEnd, void @empty_35, i32 %rbegin97" [../gen/Hls_Layers_UpConv.tpp:125]   --->   Operation 2115 'specregionend' 'rend149' <Predicate = true> <Delay = 0.00>
ST_96 : Operation 2116 [1/1] (0.00ns)   --->   "%rbegin99 = specregionbegin i32 @_ssdm_op_SpecRegionBegin, void @empty_34" [../gen/Hls_Layers_UpConv.tpp:123]   --->   Operation 2116 'specregionbegin' 'rbegin99' <Predicate = true> <Delay = 0.00>
ST_96 : Operation 2117 [1/1] (0.00ns)   --->   "%rend147 = specregionend i32 @_ssdm_op_SpecRegionEnd, void @empty_34, i32 %rbegin99" [../gen/Hls_Layers_UpConv.tpp:125]   --->   Operation 2117 'specregionend' 'rend147' <Predicate = true> <Delay = 0.00>
ST_96 : Operation 2118 [1/1] (0.00ns)   --->   "%rbegin101 = specregionbegin i32 @_ssdm_op_SpecRegionBegin, void @empty_33" [../gen/Hls_Layers_UpConv.tpp:123]   --->   Operation 2118 'specregionbegin' 'rbegin101' <Predicate = true> <Delay = 0.00>
ST_96 : Operation 2119 [1/1] (0.00ns)   --->   "%rend145 = specregionend i32 @_ssdm_op_SpecRegionEnd, void @empty_33, i32 %rbegin101" [../gen/Hls_Layers_UpConv.tpp:125]   --->   Operation 2119 'specregionend' 'rend145' <Predicate = true> <Delay = 0.00>
ST_96 : Operation 2120 [1/1] (0.00ns)   --->   "%rbegin103 = specregionbegin i32 @_ssdm_op_SpecRegionBegin, void @empty_25" [../gen/Hls_Layers_UpConv.tpp:123]   --->   Operation 2120 'specregionbegin' 'rbegin103' <Predicate = true> <Delay = 0.00>
ST_96 : Operation 2121 [1/1] (0.00ns)   --->   "%rend143 = specregionend i32 @_ssdm_op_SpecRegionEnd, void @empty_25, i32 %rbegin103" [../gen/Hls_Layers_UpConv.tpp:125]   --->   Operation 2121 'specregionend' 'rend143' <Predicate = true> <Delay = 0.00>
ST_96 : Operation 2122 [1/1] (0.00ns)   --->   "%rbegin105 = specregionbegin i32 @_ssdm_op_SpecRegionBegin, void @empty_41" [../gen/Hls_Layers_UpConv.tpp:123]   --->   Operation 2122 'specregionbegin' 'rbegin105' <Predicate = true> <Delay = 0.00>
ST_96 : Operation 2123 [1/1] (0.00ns)   --->   "%rend141 = specregionend i32 @_ssdm_op_SpecRegionEnd, void @empty_41, i32 %rbegin105" [../gen/Hls_Layers_UpConv.tpp:125]   --->   Operation 2123 'specregionend' 'rend141' <Predicate = true> <Delay = 0.00>
ST_96 : Operation 2124 [1/1] (0.00ns)   --->   "%rbegin107 = specregionbegin i32 @_ssdm_op_SpecRegionBegin, void @empty_39" [../gen/Hls_Layers_UpConv.tpp:123]   --->   Operation 2124 'specregionbegin' 'rbegin107' <Predicate = true> <Delay = 0.00>
ST_96 : Operation 2125 [1/1] (0.00ns)   --->   "%rend139 = specregionend i32 @_ssdm_op_SpecRegionEnd, void @empty_39, i32 %rbegin107" [../gen/Hls_Layers_UpConv.tpp:125]   --->   Operation 2125 'specregionend' 'rend139' <Predicate = true> <Delay = 0.00>
ST_96 : Operation 2126 [1/1] (0.00ns)   --->   "%rbegin109 = specregionbegin i32 @_ssdm_op_SpecRegionBegin, void @empty_31" [../gen/Hls_Layers_UpConv.tpp:123]   --->   Operation 2126 'specregionbegin' 'rbegin109' <Predicate = true> <Delay = 0.00>
ST_96 : Operation 2127 [1/1] (0.00ns)   --->   "%rend137 = specregionend i32 @_ssdm_op_SpecRegionEnd, void @empty_31, i32 %rbegin109" [../gen/Hls_Layers_UpConv.tpp:125]   --->   Operation 2127 'specregionend' 'rend137' <Predicate = true> <Delay = 0.00>
ST_96 : Operation 2128 [1/1] (0.00ns)   --->   "%rbegin111 = specregionbegin i32 @_ssdm_op_SpecRegionBegin, void @empty_30" [../gen/Hls_Layers_UpConv.tpp:123]   --->   Operation 2128 'specregionbegin' 'rbegin111' <Predicate = true> <Delay = 0.00>
ST_96 : Operation 2129 [1/1] (0.00ns)   --->   "%rend135 = specregionend i32 @_ssdm_op_SpecRegionEnd, void @empty_30, i32 %rbegin111" [../gen/Hls_Layers_UpConv.tpp:125]   --->   Operation 2129 'specregionend' 'rend135' <Predicate = true> <Delay = 0.00>
ST_96 : Operation 2130 [1/1] (0.00ns)   --->   "%rbegin113 = specregionbegin i32 @_ssdm_op_SpecRegionBegin, void @empty_44" [../gen/Hls_Layers_UpConv.tpp:123]   --->   Operation 2130 'specregionbegin' 'rbegin113' <Predicate = true> <Delay = 0.00>
ST_96 : Operation 2131 [1/1] (0.00ns)   --->   "%rend133 = specregionend i32 @_ssdm_op_SpecRegionEnd, void @empty_44, i32 %rbegin113" [../gen/Hls_Layers_UpConv.tpp:125]   --->   Operation 2131 'specregionend' 'rend133' <Predicate = true> <Delay = 0.00>
ST_96 : Operation 2132 [1/1] (0.00ns)   --->   "%rbegin115 = specregionbegin i32 @_ssdm_op_SpecRegionBegin, void @empty_37" [../gen/Hls_Layers_UpConv.tpp:123]   --->   Operation 2132 'specregionbegin' 'rbegin115' <Predicate = true> <Delay = 0.00>
ST_96 : Operation 2133 [1/1] (0.00ns)   --->   "%rend129 = specregionend i32 @_ssdm_op_SpecRegionEnd, void @empty_37, i32 %rbegin115" [../gen/Hls_Layers_UpConv.tpp:125]   --->   Operation 2133 'specregionend' 'rend129' <Predicate = true> <Delay = 0.00>
ST_96 : Operation 2134 [1/1] (0.00ns)   --->   "%rbegin117 = specregionbegin i32 @_ssdm_op_SpecRegionBegin, void @empty_36" [../gen/Hls_Layers_UpConv.tpp:123]   --->   Operation 2134 'specregionbegin' 'rbegin117' <Predicate = true> <Delay = 0.00>
ST_96 : Operation 2135 [1/1] (0.00ns)   --->   "%rend127 = specregionend i32 @_ssdm_op_SpecRegionEnd, void @empty_36, i32 %rbegin117" [../gen/Hls_Layers_UpConv.tpp:125]   --->   Operation 2135 'specregionend' 'rend127' <Predicate = true> <Delay = 0.00>
ST_96 : Operation 2136 [1/1] (0.00ns)   --->   "%rbegin119 = specregionbegin i32 @_ssdm_op_SpecRegionBegin, void @empty_60" [../gen/Hls_Layers_UpConv.tpp:123]   --->   Operation 2136 'specregionbegin' 'rbegin119' <Predicate = true> <Delay = 0.00>
ST_96 : Operation 2137 [1/1] (0.00ns)   --->   "%rend125 = specregionend i32 @_ssdm_op_SpecRegionEnd, void @empty_60, i32 %rbegin119" [../gen/Hls_Layers_UpConv.tpp:125]   --->   Operation 2137 'specregionend' 'rend125' <Predicate = true> <Delay = 0.00>
ST_96 : Operation 2138 [1/1] (0.00ns)   --->   "%rbegin121 = specregionbegin i32 @_ssdm_op_SpecRegionBegin, void @empty_57" [../gen/Hls_Layers_UpConv.tpp:123]   --->   Operation 2138 'specregionbegin' 'rbegin121' <Predicate = true> <Delay = 0.00>
ST_96 : Operation 2139 [1/1] (0.00ns)   --->   "%rend123 = specregionend i32 @_ssdm_op_SpecRegionEnd, void @empty_57, i32 %rbegin121" [../gen/Hls_Layers_UpConv.tpp:125]   --->   Operation 2139 'specregionend' 'rend123' <Predicate = true> <Delay = 0.00>
ST_96 : Operation 2140 [1/1] (0.00ns)   --->   "%rbegin120 = specregionbegin i32 @_ssdm_op_SpecRegionBegin, void @empty_72" [../gen/Hls_Layers_UpConv.tpp:123]   --->   Operation 2140 'specregionbegin' 'rbegin120' <Predicate = true> <Delay = 0.00>
ST_96 : Operation 2141 [1/1] (0.00ns)   --->   "%rend121 = specregionend i32 @_ssdm_op_SpecRegionEnd, void @empty_72, i32 %rbegin120" [../gen/Hls_Layers_UpConv.tpp:125]   --->   Operation 2141 'specregionend' 'rend121' <Predicate = true> <Delay = 0.00>
ST_96 : Operation 2142 [1/1] (0.00ns)   --->   "%rbegin118 = specregionbegin i32 @_ssdm_op_SpecRegionBegin, void @empty_23" [../gen/Hls_Layers_UpConv.tpp:123]   --->   Operation 2142 'specregionbegin' 'rbegin118' <Predicate = true> <Delay = 0.00>
ST_96 : Operation 2143 [1/1] (0.00ns)   --->   "%rend119 = specregionend i32 @_ssdm_op_SpecRegionEnd, void @empty_23, i32 %rbegin118" [../gen/Hls_Layers_UpConv.tpp:125]   --->   Operation 2143 'specregionend' 'rend119' <Predicate = true> <Delay = 0.00>
ST_96 : Operation 2144 [1/1] (0.00ns)   --->   "%rbegin116 = specregionbegin i32 @_ssdm_op_SpecRegionBegin, void @empty_22" [../gen/Hls_Layers_UpConv.tpp:123]   --->   Operation 2144 'specregionbegin' 'rbegin116' <Predicate = true> <Delay = 0.00>
ST_96 : Operation 2145 [1/1] (0.00ns)   --->   "%rend117 = specregionend i32 @_ssdm_op_SpecRegionEnd, void @empty_22, i32 %rbegin116" [../gen/Hls_Layers_UpConv.tpp:125]   --->   Operation 2145 'specregionend' 'rend117' <Predicate = true> <Delay = 0.00>
ST_96 : Operation 2146 [1/1] (0.00ns)   --->   "%rbegin114 = specregionbegin i32 @_ssdm_op_SpecRegionBegin, void @empty_21" [../gen/Hls_Layers_UpConv.tpp:123]   --->   Operation 2146 'specregionbegin' 'rbegin114' <Predicate = true> <Delay = 0.00>
ST_96 : Operation 2147 [1/1] (0.00ns)   --->   "%rend115 = specregionend i32 @_ssdm_op_SpecRegionEnd, void @empty_21, i32 %rbegin114" [../gen/Hls_Layers_UpConv.tpp:125]   --->   Operation 2147 'specregionend' 'rend115' <Predicate = true> <Delay = 0.00>
ST_96 : Operation 2148 [1/1] (0.00ns)   --->   "%rbegin112 = specregionbegin i32 @_ssdm_op_SpecRegionBegin, void @empty_42" [../gen/Hls_Layers_UpConv.tpp:123]   --->   Operation 2148 'specregionbegin' 'rbegin112' <Predicate = true> <Delay = 0.00>
ST_96 : Operation 2149 [1/1] (0.00ns)   --->   "%rend113 = specregionend i32 @_ssdm_op_SpecRegionEnd, void @empty_42, i32 %rbegin112" [../gen/Hls_Layers_UpConv.tpp:125]   --->   Operation 2149 'specregionend' 'rend113' <Predicate = true> <Delay = 0.00>
ST_96 : Operation 2150 [1/1] (0.00ns)   --->   "%rbegin110 = specregionbegin i32 @_ssdm_op_SpecRegionBegin, void @empty_61" [../gen/Hls_Layers_UpConv.tpp:123]   --->   Operation 2150 'specregionbegin' 'rbegin110' <Predicate = true> <Delay = 0.00>
ST_96 : Operation 2151 [1/1] (0.00ns)   --->   "%rend111 = specregionend i32 @_ssdm_op_SpecRegionEnd, void @empty_61, i32 %rbegin110" [../gen/Hls_Layers_UpConv.tpp:125]   --->   Operation 2151 'specregionend' 'rend111' <Predicate = true> <Delay = 0.00>
ST_96 : Operation 2152 [1/1] (0.00ns)   --->   "%rbegin106 = specregionbegin i32 @_ssdm_op_SpecRegionBegin, void @empty_127" [../gen/Hls_Layers_UpConv.tpp:123]   --->   Operation 2152 'specregionbegin' 'rbegin106' <Predicate = true> <Delay = 0.00>
ST_96 : Operation 2153 [1/1] (0.00ns)   --->   "%rend107 = specregionend i32 @_ssdm_op_SpecRegionEnd, void @empty_127, i32 %rbegin106" [../gen/Hls_Layers_UpConv.tpp:125]   --->   Operation 2153 'specregionend' 'rend107' <Predicate = true> <Delay = 0.00>
ST_96 : Operation 2154 [1/1] (0.00ns)   --->   "%rbegin104 = specregionbegin i32 @_ssdm_op_SpecRegionBegin, void @empty_12" [../gen/Hls_Layers_UpConv.tpp:123]   --->   Operation 2154 'specregionbegin' 'rbegin104' <Predicate = true> <Delay = 0.00>
ST_96 : Operation 2155 [1/1] (0.00ns)   --->   "%rend105 = specregionend i32 @_ssdm_op_SpecRegionEnd, void @empty_12, i32 %rbegin104" [../gen/Hls_Layers_UpConv.tpp:125]   --->   Operation 2155 'specregionend' 'rend105' <Predicate = true> <Delay = 0.00>
ST_96 : Operation 2156 [1/1] (0.00ns)   --->   "%rbegin102 = specregionbegin i32 @_ssdm_op_SpecRegionBegin, void @empty_24" [../gen/Hls_Layers_UpConv.tpp:123]   --->   Operation 2156 'specregionbegin' 'rbegin102' <Predicate = true> <Delay = 0.00>
ST_96 : Operation 2157 [1/1] (0.00ns)   --->   "%rend103 = specregionend i32 @_ssdm_op_SpecRegionEnd, void @empty_24, i32 %rbegin102" [../gen/Hls_Layers_UpConv.tpp:125]   --->   Operation 2157 'specregionend' 'rend103' <Predicate = true> <Delay = 0.00>
ST_96 : Operation 2158 [1/1] (0.00ns)   --->   "%rbegin100 = specregionbegin i32 @_ssdm_op_SpecRegionBegin, void @empty_40" [../gen/Hls_Layers_UpConv.tpp:123]   --->   Operation 2158 'specregionbegin' 'rbegin100' <Predicate = true> <Delay = 0.00>
ST_96 : Operation 2159 [1/1] (0.00ns)   --->   "%rend101 = specregionend i32 @_ssdm_op_SpecRegionEnd, void @empty_40, i32 %rbegin100" [../gen/Hls_Layers_UpConv.tpp:125]   --->   Operation 2159 'specregionend' 'rend101' <Predicate = true> <Delay = 0.00>
ST_96 : Operation 2160 [1/1] (0.00ns)   --->   "%rbegin98 = specregionbegin i32 @_ssdm_op_SpecRegionBegin, void @empty_123" [../gen/Hls_Layers_UpConv.tpp:123]   --->   Operation 2160 'specregionbegin' 'rbegin98' <Predicate = true> <Delay = 0.00>
ST_96 : Operation 2161 [1/1] (0.00ns)   --->   "%rend99 = specregionend i32 @_ssdm_op_SpecRegionEnd, void @empty_123, i32 %rbegin98" [../gen/Hls_Layers_UpConv.tpp:125]   --->   Operation 2161 'specregionend' 'rend99' <Predicate = true> <Delay = 0.00>
ST_96 : Operation 2162 [1/1] (0.00ns)   --->   "%rbegin96 = specregionbegin i32 @_ssdm_op_SpecRegionBegin, void @empty_122" [../gen/Hls_Layers_UpConv.tpp:123]   --->   Operation 2162 'specregionbegin' 'rbegin96' <Predicate = true> <Delay = 0.00>
ST_96 : Operation 2163 [1/1] (0.00ns)   --->   "%rend97 = specregionend i32 @_ssdm_op_SpecRegionEnd, void @empty_122, i32 %rbegin96" [../gen/Hls_Layers_UpConv.tpp:125]   --->   Operation 2163 'specregionend' 'rend97' <Predicate = true> <Delay = 0.00>
ST_96 : Operation 2164 [1/1] (0.00ns)   --->   "%rbegin94 = specregionbegin i32 @_ssdm_op_SpecRegionBegin, void @empty_121" [../gen/Hls_Layers_UpConv.tpp:123]   --->   Operation 2164 'specregionbegin' 'rbegin94' <Predicate = true> <Delay = 0.00>
ST_96 : Operation 2165 [1/1] (0.00ns)   --->   "%rend95 = specregionend i32 @_ssdm_op_SpecRegionEnd, void @empty_121, i32 %rbegin94" [../gen/Hls_Layers_UpConv.tpp:125]   --->   Operation 2165 'specregionend' 'rend95' <Predicate = true> <Delay = 0.00>
ST_96 : Operation 2166 [1/1] (0.00ns)   --->   "%rbegin92 = specregionbegin i32 @_ssdm_op_SpecRegionBegin, void @empty_84" [../gen/Hls_Layers_UpConv.tpp:123]   --->   Operation 2166 'specregionbegin' 'rbegin92' <Predicate = true> <Delay = 0.00>
ST_96 : Operation 2167 [1/1] (0.00ns)   --->   "%rend93 = specregionend i32 @_ssdm_op_SpecRegionEnd, void @empty_84, i32 %rbegin92" [../gen/Hls_Layers_UpConv.tpp:125]   --->   Operation 2167 'specregionend' 'rend93' <Predicate = true> <Delay = 0.00>
ST_96 : Operation 2168 [1/1] (0.00ns)   --->   "%rbegin90 = specregionbegin i32 @_ssdm_op_SpecRegionBegin, void @empty_4" [../gen/Hls_Layers_UpConv.tpp:123]   --->   Operation 2168 'specregionbegin' 'rbegin90' <Predicate = true> <Delay = 0.00>
ST_96 : Operation 2169 [1/1] (0.00ns)   --->   "%rend91 = specregionend i32 @_ssdm_op_SpecRegionEnd, void @empty_4, i32 %rbegin90" [../gen/Hls_Layers_UpConv.tpp:125]   --->   Operation 2169 'specregionend' 'rend91' <Predicate = true> <Delay = 0.00>
ST_96 : Operation 2170 [1/1] (0.00ns)   --->   "%rbegin88 = specregionbegin i32 @_ssdm_op_SpecRegionBegin, void @empty_113" [../gen/Hls_Layers_UpConv.tpp:123]   --->   Operation 2170 'specregionbegin' 'rbegin88' <Predicate = true> <Delay = 0.00>
ST_96 : Operation 2171 [1/1] (0.00ns)   --->   "%rend89 = specregionend i32 @_ssdm_op_SpecRegionEnd, void @empty_113, i32 %rbegin88" [../gen/Hls_Layers_UpConv.tpp:125]   --->   Operation 2171 'specregionend' 'rend89' <Predicate = true> <Delay = 0.00>
ST_96 : Operation 2172 [1/1] (0.00ns)   --->   "%rbegin84 = specregionbegin i32 @_ssdm_op_SpecRegionBegin, void @empty_126" [../gen/Hls_Layers_UpConv.tpp:123]   --->   Operation 2172 'specregionbegin' 'rbegin84' <Predicate = true> <Delay = 0.00>
ST_96 : Operation 2173 [1/1] (0.00ns)   --->   "%rend85 = specregionend i32 @_ssdm_op_SpecRegionEnd, void @empty_126, i32 %rbegin84" [../gen/Hls_Layers_UpConv.tpp:125]   --->   Operation 2173 'specregionend' 'rend85' <Predicate = true> <Delay = 0.00>
ST_96 : Operation 2174 [1/1] (0.00ns)   --->   "%rbegin82 = specregionbegin i32 @_ssdm_op_SpecRegionBegin, void @empty_55" [../gen/Hls_Layers_UpConv.tpp:123]   --->   Operation 2174 'specregionbegin' 'rbegin82' <Predicate = true> <Delay = 0.00>
ST_96 : Operation 2175 [1/1] (0.00ns)   --->   "%rend83 = specregionend i32 @_ssdm_op_SpecRegionEnd, void @empty_55, i32 %rbegin82" [../gen/Hls_Layers_UpConv.tpp:125]   --->   Operation 2175 'specregionend' 'rend83' <Predicate = true> <Delay = 0.00>
ST_96 : Operation 2176 [1/1] (0.00ns)   --->   "%rbegin80 = specregionbegin i32 @_ssdm_op_SpecRegionBegin, void @empty_7" [../gen/Hls_Layers_UpConv.tpp:123]   --->   Operation 2176 'specregionbegin' 'rbegin80' <Predicate = true> <Delay = 0.00>
ST_96 : Operation 2177 [1/1] (0.00ns)   --->   "%rend81 = specregionend i32 @_ssdm_op_SpecRegionEnd, void @empty_7, i32 %rbegin80" [../gen/Hls_Layers_UpConv.tpp:125]   --->   Operation 2177 'specregionend' 'rend81' <Predicate = true> <Delay = 0.00>
ST_96 : Operation 2178 [1/1] (0.00ns)   --->   "%rbegin78 = specregionbegin i32 @_ssdm_op_SpecRegionBegin, void @empty_2" [../gen/Hls_Layers_UpConv.tpp:123]   --->   Operation 2178 'specregionbegin' 'rbegin78' <Predicate = true> <Delay = 0.00>
ST_96 : Operation 2179 [1/1] (0.00ns)   --->   "%rend79 = specregionend i32 @_ssdm_op_SpecRegionEnd, void @empty_2, i32 %rbegin78" [../gen/Hls_Layers_UpConv.tpp:125]   --->   Operation 2179 'specregionend' 'rend79' <Predicate = true> <Delay = 0.00>
ST_96 : Operation 2180 [1/1] (0.00ns)   --->   "%rbegin76 = specregionbegin i32 @_ssdm_op_SpecRegionBegin, void @empty_119" [../gen/Hls_Layers_UpConv.tpp:123]   --->   Operation 2180 'specregionbegin' 'rbegin76' <Predicate = true> <Delay = 0.00>
ST_96 : Operation 2181 [1/1] (0.00ns)   --->   "%rend77 = specregionend i32 @_ssdm_op_SpecRegionEnd, void @empty_119, i32 %rbegin76" [../gen/Hls_Layers_UpConv.tpp:125]   --->   Operation 2181 'specregionend' 'rend77' <Predicate = true> <Delay = 0.00>
ST_96 : Operation 2182 [1/1] (0.00ns)   --->   "%rbegin74 = specregionbegin i32 @_ssdm_op_SpecRegionBegin, void @empty_27" [../gen/Hls_Layers_UpConv.tpp:123]   --->   Operation 2182 'specregionbegin' 'rbegin74' <Predicate = true> <Delay = 0.00>
ST_96 : Operation 2183 [1/1] (0.00ns)   --->   "%rend75 = specregionend i32 @_ssdm_op_SpecRegionEnd, void @empty_27, i32 %rbegin74" [../gen/Hls_Layers_UpConv.tpp:125]   --->   Operation 2183 'specregionend' 'rend75' <Predicate = true> <Delay = 0.00>
ST_96 : Operation 2184 [1/1] (0.00ns)   --->   "%rbegin72 = specregionbegin i32 @_ssdm_op_SpecRegionBegin, void @empty_117" [../gen/Hls_Layers_UpConv.tpp:123]   --->   Operation 2184 'specregionbegin' 'rbegin72' <Predicate = true> <Delay = 0.00>
ST_96 : Operation 2185 [1/1] (0.00ns)   --->   "%rend73 = specregionend i32 @_ssdm_op_SpecRegionEnd, void @empty_117, i32 %rbegin72" [../gen/Hls_Layers_UpConv.tpp:125]   --->   Operation 2185 'specregionend' 'rend73' <Predicate = true> <Delay = 0.00>
ST_96 : Operation 2186 [1/1] (0.00ns)   --->   "%rbegin54 = specregionbegin i32 @_ssdm_op_SpecRegionBegin, void @empty_116" [../gen/Hls_Layers_UpConv.tpp:123]   --->   Operation 2186 'specregionbegin' 'rbegin54' <Predicate = true> <Delay = 0.00>
ST_96 : Operation 2187 [1/1] (0.00ns)   --->   "%rend55 = specregionend i32 @_ssdm_op_SpecRegionEnd, void @empty_116, i32 %rbegin54" [../gen/Hls_Layers_UpConv.tpp:125]   --->   Operation 2187 'specregionend' 'rend55' <Predicate = true> <Delay = 0.00>
ST_96 : Operation 2188 [1/1] (0.00ns)   --->   "%rbegin32 = specregionbegin i32 @_ssdm_op_SpecRegionBegin, void @empty_115" [../gen/Hls_Layers_UpConv.tpp:123]   --->   Operation 2188 'specregionbegin' 'rbegin32' <Predicate = true> <Delay = 0.00>
ST_96 : Operation 2189 [1/1] (0.00ns)   --->   "%rend33 = specregionend i32 @_ssdm_op_SpecRegionEnd, void @empty_115, i32 %rbegin32" [../gen/Hls_Layers_UpConv.tpp:125]   --->   Operation 2189 'specregionend' 'rend33' <Predicate = true> <Delay = 0.00>
ST_96 : Operation 2190 [1/1] (0.00ns)   --->   "%rbegin10 = specregionbegin i32 @_ssdm_op_SpecRegionBegin, void @empty_114" [../gen/Hls_Layers_UpConv.tpp:123]   --->   Operation 2190 'specregionbegin' 'rbegin10' <Predicate = true> <Delay = 0.00>
ST_96 : Operation 2191 [1/1] (0.00ns)   --->   "%rend11 = specregionend i32 @_ssdm_op_SpecRegionEnd, void @empty_114, i32 %rbegin10" [../gen/Hls_Layers_UpConv.tpp:125]   --->   Operation 2191 'specregionend' 'rend11' <Predicate = true> <Delay = 0.00>
ST_96 : Operation 2192 [1/1] (0.00ns)   --->   "%rbegin122 = specregionbegin i32 @_ssdm_op_SpecRegionBegin, void @empty_5" [../gen/Hls_Layers_UpConv.tpp:123]   --->   Operation 2192 'specregionbegin' 'rbegin122' <Predicate = true> <Delay = 0.00>
ST_96 : Operation 2193 [1/1] (0.00ns)   --->   "%rend241 = specregionend i32 @_ssdm_op_SpecRegionEnd, void @empty_5, i32 %rbegin122" [../gen/Hls_Layers_UpConv.tpp:125]   --->   Operation 2193 'specregionend' 'rend241' <Predicate = true> <Delay = 0.00>
ST_96 : Operation 2194 [1/1] (0.00ns)   --->   "%rbegin123 = specregionbegin i32 @_ssdm_op_SpecRegionBegin, void @empty_32" [../gen/Hls_Layers_UpConv.tpp:123]   --->   Operation 2194 'specregionbegin' 'rbegin123' <Predicate = true> <Delay = 0.00>
ST_96 : Operation 2195 [1/1] (0.00ns)   --->   "%rend219 = specregionend i32 @_ssdm_op_SpecRegionEnd, void @empty_32, i32 %rbegin123" [../gen/Hls_Layers_UpConv.tpp:125]   --->   Operation 2195 'specregionend' 'rend219' <Predicate = true> <Delay = 0.00>
ST_96 : Operation 2196 [1/1] (0.00ns)   --->   "%rbegin124 = specregionbegin i32 @_ssdm_op_SpecRegionBegin, void @empty_15" [../gen/Hls_Layers_UpConv.tpp:123]   --->   Operation 2196 'specregionbegin' 'rbegin124' <Predicate = true> <Delay = 0.00>
ST_96 : Operation 2197 [1/1] (0.00ns)   --->   "%rend197 = specregionend i32 @_ssdm_op_SpecRegionEnd, void @empty_15, i32 %rbegin124" [../gen/Hls_Layers_UpConv.tpp:125]   --->   Operation 2197 'specregionend' 'rend197' <Predicate = true> <Delay = 0.00>
ST_96 : Operation 2198 [1/1] (0.00ns)   --->   "%rbegin125 = specregionbegin i32 @_ssdm_op_SpecRegionBegin, void @empty_16" [../gen/Hls_Layers_UpConv.tpp:123]   --->   Operation 2198 'specregionbegin' 'rbegin125' <Predicate = true> <Delay = 0.00>
ST_96 : Operation 2199 [1/1] (0.00ns)   --->   "%rend175 = specregionend i32 @_ssdm_op_SpecRegionEnd, void @empty_16, i32 %rbegin125" [../gen/Hls_Layers_UpConv.tpp:125]   --->   Operation 2199 'specregionend' 'rend175' <Predicate = true> <Delay = 0.00>
ST_96 : Operation 2200 [1/1] (0.00ns)   --->   "%rbegin126 = specregionbegin i32 @_ssdm_op_SpecRegionBegin, void @empty_120" [../gen/Hls_Layers_UpConv.tpp:123]   --->   Operation 2200 'specregionbegin' 'rbegin126' <Predicate = true> <Delay = 0.00>
ST_96 : Operation 2201 [1/1] (0.00ns)   --->   "%rend153 = specregionend i32 @_ssdm_op_SpecRegionEnd, void @empty_120, i32 %rbegin126" [../gen/Hls_Layers_UpConv.tpp:125]   --->   Operation 2201 'specregionend' 'rend153' <Predicate = true> <Delay = 0.00>
ST_96 : Operation 2202 [1/1] (0.00ns)   --->   "%rbegin127 = specregionbegin i32 @_ssdm_op_SpecRegionBegin, void @empty_20" [../gen/Hls_Layers_UpConv.tpp:123]   --->   Operation 2202 'specregionbegin' 'rbegin127' <Predicate = true> <Delay = 0.00>
ST_96 : Operation 2203 [1/1] (0.00ns)   --->   "%rend131 = specregionend i32 @_ssdm_op_SpecRegionEnd, void @empty_20, i32 %rbegin127" [../gen/Hls_Layers_UpConv.tpp:125]   --->   Operation 2203 'specregionend' 'rend131' <Predicate = true> <Delay = 0.00>
ST_96 : Operation 2204 [1/1] (0.00ns)   --->   "%rbegin108 = specregionbegin i32 @_ssdm_op_SpecRegionBegin, void @empty_13" [../gen/Hls_Layers_UpConv.tpp:123]   --->   Operation 2204 'specregionbegin' 'rbegin108' <Predicate = true> <Delay = 0.00>
ST_96 : Operation 2205 [1/1] (0.00ns)   --->   "%rend109 = specregionend i32 @_ssdm_op_SpecRegionEnd, void @empty_13, i32 %rbegin108" [../gen/Hls_Layers_UpConv.tpp:125]   --->   Operation 2205 'specregionend' 'rend109' <Predicate = true> <Delay = 0.00>
ST_96 : Operation 2206 [1/1] (0.00ns)   --->   "%rbegin86 = specregionbegin i32 @_ssdm_op_SpecRegionBegin, void @empty_6" [../gen/Hls_Layers_UpConv.tpp:123]   --->   Operation 2206 'specregionbegin' 'rbegin86' <Predicate = true> <Delay = 0.00>
ST_96 : Operation 2207 [1/1] (0.00ns)   --->   "%rend87 = specregionend i32 @_ssdm_op_SpecRegionEnd, void @empty_6, i32 %rbegin86" [../gen/Hls_Layers_UpConv.tpp:125]   --->   Operation 2207 'specregionend' 'rend87' <Predicate = true> <Delay = 0.00>
ST_96 : Operation 2208 [1/1] (0.00ns)   --->   "%rbegin8 = specregionbegin i32 @_ssdm_op_SpecRegionBegin, void @empty_45" [../gen/Hls_Layers_UpConv.tpp:123]   --->   Operation 2208 'specregionbegin' 'rbegin8' <Predicate = true> <Delay = 0.00>
ST_96 : Operation 2209 [1/1] (0.00ns)   --->   "%rend9 = specregionend i32 @_ssdm_op_SpecRegionEnd, void @empty_45, i32 %rbegin8" [../gen/Hls_Layers_UpConv.tpp:125]   --->   Operation 2209 'specregionend' 'rend9' <Predicate = true> <Delay = 0.00>
ST_96 : Operation 2210 [1/1] (0.00ns)   --->   "%rbegin = specregionbegin i32 @_ssdm_op_SpecRegionBegin, void @empty_14" [../gen/Hls_Layers_UpConv.tpp:123]   --->   Operation 2210 'specregionbegin' 'rbegin' <Predicate = true> <Delay = 0.00>
ST_96 : Operation 2211 [1/1] (0.00ns)   --->   "%rend = specregionend i32 @_ssdm_op_SpecRegionEnd, void @empty_14, i32 %rbegin" [../gen/Hls_Layers_UpConv.tpp:125]   --->   Operation 2211 'specregionend' 'rend' <Predicate = true> <Delay = 0.00>
ST_96 : Operation 2212 [1/1] (0.47ns)   --->   "%store_ln107 = store i32 %select_ln98_2, i32 %wi" [../gen/Hls_Layers_UpConv.tpp:107]   --->   Operation 2212 'store' 'store_ln107' <Predicate = (!icmp_ln132)> <Delay = 0.47>
ST_96 : Operation 2213 [1/1] (0.00ns)   --->   "%br_ln0 = br void %for.inc108"   --->   Operation 2213 'br' 'br_ln0' <Predicate = (!icmp_ln132)> <Delay = 0.00>
ST_96 : Operation 2214 [1/1] (0.00ns) (grouped into LUT with out node wo)   --->   "%shl_ln133 = shl i32 %select_ln98_2, i32 1" [../gen/Hls_Layers_UpConv.tpp:133]   --->   Operation 2214 'shl' 'shl_ln133' <Predicate = (icmp_ln132)> <Delay = 0.00>
ST_96 : Operation 2215 [1/1] (0.00ns) (grouped into LUT with out node wo)   --->   "%sext_ln133 = sext i2 %add_ln133" [../gen/Hls_Layers_UpConv.tpp:133]   --->   Operation 2215 'sext' 'sext_ln133' <Predicate = (icmp_ln132)> <Delay = 0.00>
ST_96 : Operation 2216 [1/1] (1.01ns) (out node of the LUT)   --->   "%wo = add i32 %shl_ln133, i32 %sext_ln133" [../gen/Hls_Layers_UpConv.tpp:133]   --->   Operation 2216 'add' 'wo' <Predicate = (icmp_ln132)> <Delay = 1.01> <CoreInst = "Adder">   --->   Core 1 'Adder' <Latency = 0> <II = 1> <Delay = 1.01> <FuncUnit> <Opcode : 'add' 'sub'> <InPorts = 2> <OutPorts = 1>
ST_96 : Operation 2217 [1/1] (0.00ns)   --->   "%tmp_9 = partselect i27 @_ssdm_op_PartSelect.i27.i32.i32.i32, i32 %wo, i32 5, i32 31" [../gen/Hls_Layers_UpConv.tpp:134]   --->   Operation 2217 'partselect' 'tmp_9' <Predicate = (icmp_ln132)> <Delay = 0.00>
ST_96 : Operation 2218 [1/1] (0.96ns)   --->   "%icmp_ln134 = icmp_eq  i27 %tmp_9, i27 0" [../gen/Hls_Layers_UpConv.tpp:134]   --->   Operation 2218 'icmp' 'icmp_ln134' <Predicate = (icmp_ln132)> <Delay = 0.96> <CoreInst = "Cmp">   --->   Core 9 'Cmp' <Latency = 0> <II = 1> <Delay = 0.96> <FuncUnit> <Opcode : 'seteq' 'setne' 'setle' 'setge' 'setlt' 'setgt'> <InPorts = 2> <OutPorts = 1>
ST_96 : Operation 2219 [1/1] (0.00ns)   --->   "%br_ln134 = br i1 %icmp_ln134, void %if.end103, void %ACC_WRITE" [../gen/Hls_Layers_UpConv.tpp:134]   --->   Operation 2219 'br' 'br_ln134' <Predicate = (icmp_ln132)> <Delay = 0.00>
ST_96 : Operation 2220 [1/1] (0.00ns)   --->   "%trunc_ln139 = trunc i32 %wo" [../gen/Hls_Layers_UpConv.tpp:139]   --->   Operation 2220 'trunc' 'trunc_ln139' <Predicate = (icmp_ln132 & icmp_ln134)> <Delay = 0.00>
ST_96 : Operation 2221 [1/1] (0.00ns)   --->   "%p_shl = bitconcatenate i10 @_ssdm_op_BitConcatenate.i10.i5.i5, i5 %trunc_ln139, i5 0" [../gen/Hls_Layers_UpConv.tpp:139]   --->   Operation 2221 'bitconcatenate' 'p_shl' <Predicate = (icmp_ln132 & icmp_ln134)> <Delay = 0.00>
ST_96 : Operation 2222 [1/1] (0.00ns)   --->   "%trunc_ln139_1 = trunc i32 %wo" [../gen/Hls_Layers_UpConv.tpp:139]   --->   Operation 2222 'trunc' 'trunc_ln139_1' <Predicate = (icmp_ln132 & icmp_ln134)> <Delay = 0.00>
ST_96 : Operation 2223 [1/1] (0.00ns)   --->   "%p_shl3 = bitconcatenate i10 @_ssdm_op_BitConcatenate.i10.i9.i1, i9 %trunc_ln139_1, i1 0" [../gen/Hls_Layers_UpConv.tpp:139]   --->   Operation 2223 'bitconcatenate' 'p_shl3' <Predicate = (icmp_ln132 & icmp_ln134)> <Delay = 0.00>
ST_96 : Operation 2224 [1/1] (0.00ns) (grouped into TernaryAdder)   --->   "%sub_ln139 = sub i10 %p_shl, i10 %p_shl3" [../gen/Hls_Layers_UpConv.tpp:139]   --->   Operation 2224 'sub' 'sub_ln139' <Predicate = (icmp_ln132 & icmp_ln134)> <Delay = 0.00> <CoreInst = "TAddSub">   --->   Core 10 'TAddSub' <Latency = 0> <II = 1> <Delay = 0.48> <IPBlock> <Opcode : '' 'add' 'sub'> <InPorts = 3> <OutPorts = 1> <Sync> <CReg>
ST_96 : Operation 2225 [1/1] (0.96ns) (root node of TernaryAdder)   --->   "%add_ln139 = add i10 %sub_ln139, i10 %zext_ln90_cast" [../gen/Hls_Layers_UpConv.tpp:139]   --->   Operation 2225 'add' 'add_ln139' <Predicate = (icmp_ln132 & icmp_ln134)> <Delay = 0.96> <CoreInst = "TAddSub">   --->   Core 10 'TAddSub' <Latency = 0> <II = 1> <Delay = 0.48> <IPBlock> <Opcode : '' 'add' 'sub'> <InPorts = 3> <OutPorts = 1> <Sync> <CReg>
ST_96 : Operation 2226 [1/1] (0.00ns)   --->   "%psum_load_1 = load i16 %psum" [../gen/Hls_Layers_UpConv.tpp:138]   --->   Operation 2226 'load' 'psum_load_1' <Predicate = (icmp_ln132 & icmp_ln134)> <Delay = 0.00>
ST_96 : Operation 2227 [1/1] (0.00ns)   --->   "%psum_1_load_1 = load i16 %psum_1" [../gen/Hls_Layers_UpConv.tpp:138]   --->   Operation 2227 'load' 'psum_1_load_1' <Predicate = (icmp_ln132 & icmp_ln134)> <Delay = 0.00>
ST_96 : Operation 2228 [5/5] (2.33ns)   --->   "%add3 = hadd i16 %psum_load_1, i16 %psum_1_load_1" [../gen/Hls_Layers_UpConv.tpp:138]   --->   Operation 2228 'hadd' 'add3' <Predicate = (icmp_ln132 & icmp_ln134)> <Delay = 2.33> <CoreInst = "HAddSub_fulldsp">   --->   Core 55 'HAddSub_fulldsp' <Latency = 4> <II = 1> <Delay = 2.33> <FuncUnit> <Opcode : 'hadd' 'hsub'> <InPorts = 2> <OutPorts = 1>
ST_96 : Operation 2229 [1/1] (0.00ns)   --->   "%br_ln139 = br i1 %p_read_1, void %arrayidx97530.case.0, void %arrayidx97530.case.8" [../gen/Hls_Layers_UpConv.tpp:139]   --->   Operation 2229 'br' 'br_ln139' <Predicate = (icmp_ln132 & icmp_ln134)> <Delay = 0.00>
ST_96 : Operation 2230 [1/1] (0.00ns)   --->   "%psum_4_load_1 = load i16 %psum_4" [../gen/Hls_Layers_UpConv.tpp:138]   --->   Operation 2230 'load' 'psum_4_load_1' <Predicate = (icmp_ln132 & icmp_ln134)> <Delay = 0.00>
ST_96 : Operation 2231 [1/1] (0.00ns)   --->   "%psum_5_load_1 = load i16 %psum_5" [../gen/Hls_Layers_UpConv.tpp:138]   --->   Operation 2231 'load' 'psum_5_load_1' <Predicate = (icmp_ln132 & icmp_ln134)> <Delay = 0.00>
ST_96 : Operation 2232 [5/5] (2.33ns)   --->   "%add84_1 = hadd i16 %psum_4_load_1, i16 %psum_5_load_1" [../gen/Hls_Layers_UpConv.tpp:138]   --->   Operation 2232 'hadd' 'add84_1' <Predicate = (icmp_ln132 & icmp_ln134)> <Delay = 2.33> <CoreInst = "HAddSub_fulldsp">   --->   Core 55 'HAddSub_fulldsp' <Latency = 4> <II = 1> <Delay = 2.33> <FuncUnit> <Opcode : 'hadd' 'hsub'> <InPorts = 2> <OutPorts = 1>
ST_96 : Operation 2233 [1/1] (0.00ns)   --->   "%br_ln139 = br i1 %p_read_1, void %arrayidx97530.1.case.1, void %arrayidx97530.1.case.9" [../gen/Hls_Layers_UpConv.tpp:139]   --->   Operation 2233 'br' 'br_ln139' <Predicate = (icmp_ln132 & icmp_ln134)> <Delay = 0.00>
ST_96 : Operation 2234 [1/1] (0.00ns)   --->   "%psum_8_load_1 = load i16 %psum_8" [../gen/Hls_Layers_UpConv.tpp:138]   --->   Operation 2234 'load' 'psum_8_load_1' <Predicate = (icmp_ln132 & icmp_ln134)> <Delay = 0.00>
ST_96 : Operation 2235 [1/1] (0.00ns)   --->   "%psum_9_load_1 = load i16 %psum_9" [../gen/Hls_Layers_UpConv.tpp:138]   --->   Operation 2235 'load' 'psum_9_load_1' <Predicate = (icmp_ln132 & icmp_ln134)> <Delay = 0.00>
ST_96 : Operation 2236 [5/5] (2.33ns)   --->   "%add84_2 = hadd i16 %psum_8_load_1, i16 %psum_9_load_1" [../gen/Hls_Layers_UpConv.tpp:138]   --->   Operation 2236 'hadd' 'add84_2' <Predicate = (icmp_ln132 & icmp_ln134)> <Delay = 2.33> <CoreInst = "HAddSub_fulldsp">   --->   Core 55 'HAddSub_fulldsp' <Latency = 4> <II = 1> <Delay = 2.33> <FuncUnit> <Opcode : 'hadd' 'hsub'> <InPorts = 2> <OutPorts = 1>
ST_96 : Operation 2237 [1/1] (0.00ns)   --->   "%br_ln139 = br i1 %p_read_1, void %arrayidx97530.2.case.2, void %arrayidx97530.2.case.10" [../gen/Hls_Layers_UpConv.tpp:139]   --->   Operation 2237 'br' 'br_ln139' <Predicate = (icmp_ln132 & icmp_ln134)> <Delay = 0.00>
ST_96 : Operation 2238 [1/1] (0.00ns)   --->   "%psum_12_load_1 = load i16 %psum_12" [../gen/Hls_Layers_UpConv.tpp:138]   --->   Operation 2238 'load' 'psum_12_load_1' <Predicate = (icmp_ln132 & icmp_ln134)> <Delay = 0.00>
ST_96 : Operation 2239 [1/1] (0.00ns)   --->   "%psum_13_load_1 = load i16 %psum_13" [../gen/Hls_Layers_UpConv.tpp:138]   --->   Operation 2239 'load' 'psum_13_load_1' <Predicate = (icmp_ln132 & icmp_ln134)> <Delay = 0.00>
ST_96 : Operation 2240 [5/5] (2.33ns)   --->   "%add84_3 = hadd i16 %psum_12_load_1, i16 %psum_13_load_1" [../gen/Hls_Layers_UpConv.tpp:138]   --->   Operation 2240 'hadd' 'add84_3' <Predicate = (icmp_ln132 & icmp_ln134)> <Delay = 2.33> <CoreInst = "HAddSub_fulldsp">   --->   Core 55 'HAddSub_fulldsp' <Latency = 4> <II = 1> <Delay = 2.33> <FuncUnit> <Opcode : 'hadd' 'hsub'> <InPorts = 2> <OutPorts = 1>
ST_96 : Operation 2241 [1/1] (0.00ns)   --->   "%br_ln139 = br i1 %p_read_1, void %arrayidx97530.3.case.3, void %arrayidx97530.3.case.11" [../gen/Hls_Layers_UpConv.tpp:139]   --->   Operation 2241 'br' 'br_ln139' <Predicate = (icmp_ln132 & icmp_ln134)> <Delay = 0.00>
ST_96 : Operation 2242 [1/1] (0.00ns)   --->   "%psum_16_load_1 = load i16 %psum_16" [../gen/Hls_Layers_UpConv.tpp:138]   --->   Operation 2242 'load' 'psum_16_load_1' <Predicate = (icmp_ln132 & icmp_ln134)> <Delay = 0.00>
ST_96 : Operation 2243 [1/1] (0.00ns)   --->   "%psum_17_load_1 = load i16 %psum_17" [../gen/Hls_Layers_UpConv.tpp:138]   --->   Operation 2243 'load' 'psum_17_load_1' <Predicate = (icmp_ln132 & icmp_ln134)> <Delay = 0.00>
ST_96 : Operation 2244 [5/5] (2.33ns)   --->   "%add84_4 = hadd i16 %psum_16_load_1, i16 %psum_17_load_1" [../gen/Hls_Layers_UpConv.tpp:138]   --->   Operation 2244 'hadd' 'add84_4' <Predicate = (icmp_ln132 & icmp_ln134)> <Delay = 2.33> <CoreInst = "HAddSub_fulldsp">   --->   Core 55 'HAddSub_fulldsp' <Latency = 4> <II = 1> <Delay = 2.33> <FuncUnit> <Opcode : 'hadd' 'hsub'> <InPorts = 2> <OutPorts = 1>
ST_96 : Operation 2245 [1/1] (0.00ns)   --->   "%br_ln139 = br i1 %p_read_1, void %arrayidx97530.4.case.4, void %arrayidx97530.4.case.12" [../gen/Hls_Layers_UpConv.tpp:139]   --->   Operation 2245 'br' 'br_ln139' <Predicate = (icmp_ln132 & icmp_ln134)> <Delay = 0.00>
ST_96 : Operation 2246 [1/1] (0.00ns)   --->   "%psum_20_load_1 = load i16 %psum_20" [../gen/Hls_Layers_UpConv.tpp:138]   --->   Operation 2246 'load' 'psum_20_load_1' <Predicate = (icmp_ln132 & icmp_ln134)> <Delay = 0.00>
ST_96 : Operation 2247 [1/1] (0.00ns)   --->   "%psum_21_load_1 = load i16 %psum_21" [../gen/Hls_Layers_UpConv.tpp:138]   --->   Operation 2247 'load' 'psum_21_load_1' <Predicate = (icmp_ln132 & icmp_ln134)> <Delay = 0.00>
ST_96 : Operation 2248 [5/5] (2.33ns)   --->   "%add84_5 = hadd i16 %psum_20_load_1, i16 %psum_21_load_1" [../gen/Hls_Layers_UpConv.tpp:138]   --->   Operation 2248 'hadd' 'add84_5' <Predicate = (icmp_ln132 & icmp_ln134)> <Delay = 2.33> <CoreInst = "HAddSub_fulldsp">   --->   Core 55 'HAddSub_fulldsp' <Latency = 4> <II = 1> <Delay = 2.33> <FuncUnit> <Opcode : 'hadd' 'hsub'> <InPorts = 2> <OutPorts = 1>
ST_96 : Operation 2249 [1/1] (0.00ns)   --->   "%br_ln139 = br i1 %p_read_1, void %arrayidx97530.5.case.5, void %arrayidx97530.5.case.13" [../gen/Hls_Layers_UpConv.tpp:139]   --->   Operation 2249 'br' 'br_ln139' <Predicate = (icmp_ln132 & icmp_ln134)> <Delay = 0.00>
ST_96 : Operation 2250 [1/1] (0.00ns)   --->   "%psum_24_load_1 = load i16 %psum_24" [../gen/Hls_Layers_UpConv.tpp:138]   --->   Operation 2250 'load' 'psum_24_load_1' <Predicate = (icmp_ln132 & icmp_ln134)> <Delay = 0.00>
ST_96 : Operation 2251 [1/1] (0.00ns)   --->   "%psum_25_load_1 = load i16 %psum_25" [../gen/Hls_Layers_UpConv.tpp:138]   --->   Operation 2251 'load' 'psum_25_load_1' <Predicate = (icmp_ln132 & icmp_ln134)> <Delay = 0.00>
ST_96 : Operation 2252 [5/5] (2.33ns)   --->   "%add84_6 = hadd i16 %psum_24_load_1, i16 %psum_25_load_1" [../gen/Hls_Layers_UpConv.tpp:138]   --->   Operation 2252 'hadd' 'add84_6' <Predicate = (icmp_ln132 & icmp_ln134)> <Delay = 2.33> <CoreInst = "HAddSub_fulldsp">   --->   Core 55 'HAddSub_fulldsp' <Latency = 4> <II = 1> <Delay = 2.33> <FuncUnit> <Opcode : 'hadd' 'hsub'> <InPorts = 2> <OutPorts = 1>
ST_96 : Operation 2253 [1/1] (0.00ns)   --->   "%br_ln139 = br i1 %p_read_1, void %arrayidx97530.6.case.6, void %arrayidx97530.6.case.14" [../gen/Hls_Layers_UpConv.tpp:139]   --->   Operation 2253 'br' 'br_ln139' <Predicate = (icmp_ln132 & icmp_ln134)> <Delay = 0.00>
ST_96 : Operation 2254 [1/1] (0.00ns)   --->   "%psum_28_load_1 = load i16 %psum_28" [../gen/Hls_Layers_UpConv.tpp:138]   --->   Operation 2254 'load' 'psum_28_load_1' <Predicate = (icmp_ln132 & icmp_ln134)> <Delay = 0.00>
ST_96 : Operation 2255 [1/1] (0.00ns)   --->   "%psum_29_load_1 = load i16 %psum_29" [../gen/Hls_Layers_UpConv.tpp:138]   --->   Operation 2255 'load' 'psum_29_load_1' <Predicate = (icmp_ln132 & icmp_ln134)> <Delay = 0.00>
ST_96 : Operation 2256 [5/5] (2.33ns)   --->   "%add84_7 = hadd i16 %psum_28_load_1, i16 %psum_29_load_1" [../gen/Hls_Layers_UpConv.tpp:138]   --->   Operation 2256 'hadd' 'add84_7' <Predicate = (icmp_ln132 & icmp_ln134)> <Delay = 2.33> <CoreInst = "HAddSub_fulldsp">   --->   Core 55 'HAddSub_fulldsp' <Latency = 4> <II = 1> <Delay = 2.33> <FuncUnit> <Opcode : 'hadd' 'hsub'> <InPorts = 2> <OutPorts = 1>
ST_96 : Operation 2257 [1/1] (0.00ns)   --->   "%br_ln139 = br i1 %p_read_1, void %arrayidx97530.7.case.7, void %arrayidx97530.7.case.15" [../gen/Hls_Layers_UpConv.tpp:139]   --->   Operation 2257 'br' 'br_ln139' <Predicate = (icmp_ln132 & icmp_ln134)> <Delay = 0.00>
ST_96 : Operation 2258 [1/1] (0.00ns)   --->   "%br_ln142 = br void %if.end103" [../gen/Hls_Layers_UpConv.tpp:142]   --->   Operation 2258 'br' 'br_ln142' <Predicate = (icmp_ln132 & icmp_ln134)> <Delay = 0.00>
ST_96 : Operation 2259 [1/1] (1.01ns)   --->   "%wi_1 = add i32 %select_ln98_2, i32 1" [../gen/Hls_Layers_UpConv.tpp:143]   --->   Operation 2259 'add' 'wi_1' <Predicate = (icmp_ln132)> <Delay = 1.01> <CoreInst = "Adder">   --->   Core 1 'Adder' <Latency = 0> <II = 1> <Delay = 1.01> <FuncUnit> <Opcode : 'add' 'sub'> <InPorts = 2> <OutPorts = 1>
ST_96 : Operation 2260 [1/1] (0.47ns)   --->   "%store_ln107 = store i32 %wi_1, i32 %wi" [../gen/Hls_Layers_UpConv.tpp:107]   --->   Operation 2260 'store' 'store_ln107' <Predicate = (icmp_ln132)> <Delay = 0.47>
ST_96 : Operation 2261 [1/1] (0.00ns)   --->   "%br_ln144 = br void %for.inc108" [../gen/Hls_Layers_UpConv.tpp:144]   --->   Operation 2261 'br' 'br_ln144' <Predicate = (icmp_ln132)> <Delay = 0.00>

State 97 <SV = 96> <Delay = 2.33>
ST_97 : Operation 2262 [4/5] (2.33ns)   --->   "%add3 = hadd i16 %psum_load_1, i16 %psum_1_load_1" [../gen/Hls_Layers_UpConv.tpp:138]   --->   Operation 2262 'hadd' 'add3' <Predicate = (icmp_ln132 & icmp_ln134)> <Delay = 2.33> <CoreInst = "HAddSub_fulldsp">   --->   Core 55 'HAddSub_fulldsp' <Latency = 4> <II = 1> <Delay = 2.33> <FuncUnit> <Opcode : 'hadd' 'hsub'> <InPorts = 2> <OutPorts = 1>
ST_97 : Operation 2263 [4/5] (2.33ns)   --->   "%add84_1 = hadd i16 %psum_4_load_1, i16 %psum_5_load_1" [../gen/Hls_Layers_UpConv.tpp:138]   --->   Operation 2263 'hadd' 'add84_1' <Predicate = (icmp_ln132 & icmp_ln134)> <Delay = 2.33> <CoreInst = "HAddSub_fulldsp">   --->   Core 55 'HAddSub_fulldsp' <Latency = 4> <II = 1> <Delay = 2.33> <FuncUnit> <Opcode : 'hadd' 'hsub'> <InPorts = 2> <OutPorts = 1>
ST_97 : Operation 2264 [4/5] (2.33ns)   --->   "%add84_2 = hadd i16 %psum_8_load_1, i16 %psum_9_load_1" [../gen/Hls_Layers_UpConv.tpp:138]   --->   Operation 2264 'hadd' 'add84_2' <Predicate = (icmp_ln132 & icmp_ln134)> <Delay = 2.33> <CoreInst = "HAddSub_fulldsp">   --->   Core 55 'HAddSub_fulldsp' <Latency = 4> <II = 1> <Delay = 2.33> <FuncUnit> <Opcode : 'hadd' 'hsub'> <InPorts = 2> <OutPorts = 1>
ST_97 : Operation 2265 [4/5] (2.33ns)   --->   "%add84_3 = hadd i16 %psum_12_load_1, i16 %psum_13_load_1" [../gen/Hls_Layers_UpConv.tpp:138]   --->   Operation 2265 'hadd' 'add84_3' <Predicate = (icmp_ln132 & icmp_ln134)> <Delay = 2.33> <CoreInst = "HAddSub_fulldsp">   --->   Core 55 'HAddSub_fulldsp' <Latency = 4> <II = 1> <Delay = 2.33> <FuncUnit> <Opcode : 'hadd' 'hsub'> <InPorts = 2> <OutPorts = 1>
ST_97 : Operation 2266 [4/5] (2.33ns)   --->   "%add84_4 = hadd i16 %psum_16_load_1, i16 %psum_17_load_1" [../gen/Hls_Layers_UpConv.tpp:138]   --->   Operation 2266 'hadd' 'add84_4' <Predicate = (icmp_ln132 & icmp_ln134)> <Delay = 2.33> <CoreInst = "HAddSub_fulldsp">   --->   Core 55 'HAddSub_fulldsp' <Latency = 4> <II = 1> <Delay = 2.33> <FuncUnit> <Opcode : 'hadd' 'hsub'> <InPorts = 2> <OutPorts = 1>
ST_97 : Operation 2267 [4/5] (2.33ns)   --->   "%add84_5 = hadd i16 %psum_20_load_1, i16 %psum_21_load_1" [../gen/Hls_Layers_UpConv.tpp:138]   --->   Operation 2267 'hadd' 'add84_5' <Predicate = (icmp_ln132 & icmp_ln134)> <Delay = 2.33> <CoreInst = "HAddSub_fulldsp">   --->   Core 55 'HAddSub_fulldsp' <Latency = 4> <II = 1> <Delay = 2.33> <FuncUnit> <Opcode : 'hadd' 'hsub'> <InPorts = 2> <OutPorts = 1>
ST_97 : Operation 2268 [4/5] (2.33ns)   --->   "%add84_6 = hadd i16 %psum_24_load_1, i16 %psum_25_load_1" [../gen/Hls_Layers_UpConv.tpp:138]   --->   Operation 2268 'hadd' 'add84_6' <Predicate = (icmp_ln132 & icmp_ln134)> <Delay = 2.33> <CoreInst = "HAddSub_fulldsp">   --->   Core 55 'HAddSub_fulldsp' <Latency = 4> <II = 1> <Delay = 2.33> <FuncUnit> <Opcode : 'hadd' 'hsub'> <InPorts = 2> <OutPorts = 1>
ST_97 : Operation 2269 [4/5] (2.33ns)   --->   "%add84_7 = hadd i16 %psum_28_load_1, i16 %psum_29_load_1" [../gen/Hls_Layers_UpConv.tpp:138]   --->   Operation 2269 'hadd' 'add84_7' <Predicate = (icmp_ln132 & icmp_ln134)> <Delay = 2.33> <CoreInst = "HAddSub_fulldsp">   --->   Core 55 'HAddSub_fulldsp' <Latency = 4> <II = 1> <Delay = 2.33> <FuncUnit> <Opcode : 'hadd' 'hsub'> <InPorts = 2> <OutPorts = 1>

State 98 <SV = 97> <Delay = 2.33>
ST_98 : Operation 2270 [3/5] (2.33ns)   --->   "%add3 = hadd i16 %psum_load_1, i16 %psum_1_load_1" [../gen/Hls_Layers_UpConv.tpp:138]   --->   Operation 2270 'hadd' 'add3' <Predicate = (icmp_ln132 & icmp_ln134)> <Delay = 2.33> <CoreInst = "HAddSub_fulldsp">   --->   Core 55 'HAddSub_fulldsp' <Latency = 4> <II = 1> <Delay = 2.33> <FuncUnit> <Opcode : 'hadd' 'hsub'> <InPorts = 2> <OutPorts = 1>
ST_98 : Operation 2271 [3/5] (2.33ns)   --->   "%add84_1 = hadd i16 %psum_4_load_1, i16 %psum_5_load_1" [../gen/Hls_Layers_UpConv.tpp:138]   --->   Operation 2271 'hadd' 'add84_1' <Predicate = (icmp_ln132 & icmp_ln134)> <Delay = 2.33> <CoreInst = "HAddSub_fulldsp">   --->   Core 55 'HAddSub_fulldsp' <Latency = 4> <II = 1> <Delay = 2.33> <FuncUnit> <Opcode : 'hadd' 'hsub'> <InPorts = 2> <OutPorts = 1>
ST_98 : Operation 2272 [3/5] (2.33ns)   --->   "%add84_2 = hadd i16 %psum_8_load_1, i16 %psum_9_load_1" [../gen/Hls_Layers_UpConv.tpp:138]   --->   Operation 2272 'hadd' 'add84_2' <Predicate = (icmp_ln132 & icmp_ln134)> <Delay = 2.33> <CoreInst = "HAddSub_fulldsp">   --->   Core 55 'HAddSub_fulldsp' <Latency = 4> <II = 1> <Delay = 2.33> <FuncUnit> <Opcode : 'hadd' 'hsub'> <InPorts = 2> <OutPorts = 1>
ST_98 : Operation 2273 [3/5] (2.33ns)   --->   "%add84_3 = hadd i16 %psum_12_load_1, i16 %psum_13_load_1" [../gen/Hls_Layers_UpConv.tpp:138]   --->   Operation 2273 'hadd' 'add84_3' <Predicate = (icmp_ln132 & icmp_ln134)> <Delay = 2.33> <CoreInst = "HAddSub_fulldsp">   --->   Core 55 'HAddSub_fulldsp' <Latency = 4> <II = 1> <Delay = 2.33> <FuncUnit> <Opcode : 'hadd' 'hsub'> <InPorts = 2> <OutPorts = 1>
ST_98 : Operation 2274 [3/5] (2.33ns)   --->   "%add84_4 = hadd i16 %psum_16_load_1, i16 %psum_17_load_1" [../gen/Hls_Layers_UpConv.tpp:138]   --->   Operation 2274 'hadd' 'add84_4' <Predicate = (icmp_ln132 & icmp_ln134)> <Delay = 2.33> <CoreInst = "HAddSub_fulldsp">   --->   Core 55 'HAddSub_fulldsp' <Latency = 4> <II = 1> <Delay = 2.33> <FuncUnit> <Opcode : 'hadd' 'hsub'> <InPorts = 2> <OutPorts = 1>
ST_98 : Operation 2275 [3/5] (2.33ns)   --->   "%add84_5 = hadd i16 %psum_20_load_1, i16 %psum_21_load_1" [../gen/Hls_Layers_UpConv.tpp:138]   --->   Operation 2275 'hadd' 'add84_5' <Predicate = (icmp_ln132 & icmp_ln134)> <Delay = 2.33> <CoreInst = "HAddSub_fulldsp">   --->   Core 55 'HAddSub_fulldsp' <Latency = 4> <II = 1> <Delay = 2.33> <FuncUnit> <Opcode : 'hadd' 'hsub'> <InPorts = 2> <OutPorts = 1>
ST_98 : Operation 2276 [3/5] (2.33ns)   --->   "%add84_6 = hadd i16 %psum_24_load_1, i16 %psum_25_load_1" [../gen/Hls_Layers_UpConv.tpp:138]   --->   Operation 2276 'hadd' 'add84_6' <Predicate = (icmp_ln132 & icmp_ln134)> <Delay = 2.33> <CoreInst = "HAddSub_fulldsp">   --->   Core 55 'HAddSub_fulldsp' <Latency = 4> <II = 1> <Delay = 2.33> <FuncUnit> <Opcode : 'hadd' 'hsub'> <InPorts = 2> <OutPorts = 1>
ST_98 : Operation 2277 [3/5] (2.33ns)   --->   "%add84_7 = hadd i16 %psum_28_load_1, i16 %psum_29_load_1" [../gen/Hls_Layers_UpConv.tpp:138]   --->   Operation 2277 'hadd' 'add84_7' <Predicate = (icmp_ln132 & icmp_ln134)> <Delay = 2.33> <CoreInst = "HAddSub_fulldsp">   --->   Core 55 'HAddSub_fulldsp' <Latency = 4> <II = 1> <Delay = 2.33> <FuncUnit> <Opcode : 'hadd' 'hsub'> <InPorts = 2> <OutPorts = 1>

State 99 <SV = 98> <Delay = 2.33>
ST_99 : Operation 2278 [2/5] (2.33ns)   --->   "%add3 = hadd i16 %psum_load_1, i16 %psum_1_load_1" [../gen/Hls_Layers_UpConv.tpp:138]   --->   Operation 2278 'hadd' 'add3' <Predicate = (icmp_ln132 & icmp_ln134)> <Delay = 2.33> <CoreInst = "HAddSub_fulldsp">   --->   Core 55 'HAddSub_fulldsp' <Latency = 4> <II = 1> <Delay = 2.33> <FuncUnit> <Opcode : 'hadd' 'hsub'> <InPorts = 2> <OutPorts = 1>
ST_99 : Operation 2279 [2/5] (2.33ns)   --->   "%add84_1 = hadd i16 %psum_4_load_1, i16 %psum_5_load_1" [../gen/Hls_Layers_UpConv.tpp:138]   --->   Operation 2279 'hadd' 'add84_1' <Predicate = (icmp_ln132 & icmp_ln134)> <Delay = 2.33> <CoreInst = "HAddSub_fulldsp">   --->   Core 55 'HAddSub_fulldsp' <Latency = 4> <II = 1> <Delay = 2.33> <FuncUnit> <Opcode : 'hadd' 'hsub'> <InPorts = 2> <OutPorts = 1>
ST_99 : Operation 2280 [2/5] (2.33ns)   --->   "%add84_2 = hadd i16 %psum_8_load_1, i16 %psum_9_load_1" [../gen/Hls_Layers_UpConv.tpp:138]   --->   Operation 2280 'hadd' 'add84_2' <Predicate = (icmp_ln132 & icmp_ln134)> <Delay = 2.33> <CoreInst = "HAddSub_fulldsp">   --->   Core 55 'HAddSub_fulldsp' <Latency = 4> <II = 1> <Delay = 2.33> <FuncUnit> <Opcode : 'hadd' 'hsub'> <InPorts = 2> <OutPorts = 1>
ST_99 : Operation 2281 [2/5] (2.33ns)   --->   "%add84_3 = hadd i16 %psum_12_load_1, i16 %psum_13_load_1" [../gen/Hls_Layers_UpConv.tpp:138]   --->   Operation 2281 'hadd' 'add84_3' <Predicate = (icmp_ln132 & icmp_ln134)> <Delay = 2.33> <CoreInst = "HAddSub_fulldsp">   --->   Core 55 'HAddSub_fulldsp' <Latency = 4> <II = 1> <Delay = 2.33> <FuncUnit> <Opcode : 'hadd' 'hsub'> <InPorts = 2> <OutPorts = 1>
ST_99 : Operation 2282 [2/5] (2.33ns)   --->   "%add84_4 = hadd i16 %psum_16_load_1, i16 %psum_17_load_1" [../gen/Hls_Layers_UpConv.tpp:138]   --->   Operation 2282 'hadd' 'add84_4' <Predicate = (icmp_ln132 & icmp_ln134)> <Delay = 2.33> <CoreInst = "HAddSub_fulldsp">   --->   Core 55 'HAddSub_fulldsp' <Latency = 4> <II = 1> <Delay = 2.33> <FuncUnit> <Opcode : 'hadd' 'hsub'> <InPorts = 2> <OutPorts = 1>
ST_99 : Operation 2283 [2/5] (2.33ns)   --->   "%add84_5 = hadd i16 %psum_20_load_1, i16 %psum_21_load_1" [../gen/Hls_Layers_UpConv.tpp:138]   --->   Operation 2283 'hadd' 'add84_5' <Predicate = (icmp_ln132 & icmp_ln134)> <Delay = 2.33> <CoreInst = "HAddSub_fulldsp">   --->   Core 55 'HAddSub_fulldsp' <Latency = 4> <II = 1> <Delay = 2.33> <FuncUnit> <Opcode : 'hadd' 'hsub'> <InPorts = 2> <OutPorts = 1>
ST_99 : Operation 2284 [2/5] (2.33ns)   --->   "%add84_6 = hadd i16 %psum_24_load_1, i16 %psum_25_load_1" [../gen/Hls_Layers_UpConv.tpp:138]   --->   Operation 2284 'hadd' 'add84_6' <Predicate = (icmp_ln132 & icmp_ln134)> <Delay = 2.33> <CoreInst = "HAddSub_fulldsp">   --->   Core 55 'HAddSub_fulldsp' <Latency = 4> <II = 1> <Delay = 2.33> <FuncUnit> <Opcode : 'hadd' 'hsub'> <InPorts = 2> <OutPorts = 1>
ST_99 : Operation 2285 [2/5] (2.33ns)   --->   "%add84_7 = hadd i16 %psum_28_load_1, i16 %psum_29_load_1" [../gen/Hls_Layers_UpConv.tpp:138]   --->   Operation 2285 'hadd' 'add84_7' <Predicate = (icmp_ln132 & icmp_ln134)> <Delay = 2.33> <CoreInst = "HAddSub_fulldsp">   --->   Core 55 'HAddSub_fulldsp' <Latency = 4> <II = 1> <Delay = 2.33> <FuncUnit> <Opcode : 'hadd' 'hsub'> <InPorts = 2> <OutPorts = 1>

State 100 <SV = 99> <Delay = 2.33>
ST_100 : Operation 2286 [1/5] (2.33ns)   --->   "%add3 = hadd i16 %psum_load_1, i16 %psum_1_load_1" [../gen/Hls_Layers_UpConv.tpp:138]   --->   Operation 2286 'hadd' 'add3' <Predicate = (icmp_ln132 & icmp_ln134)> <Delay = 2.33> <CoreInst = "HAddSub_fulldsp">   --->   Core 55 'HAddSub_fulldsp' <Latency = 4> <II = 1> <Delay = 2.33> <FuncUnit> <Opcode : 'hadd' 'hsub'> <InPorts = 2> <OutPorts = 1>
ST_100 : Operation 2287 [1/5] (2.33ns)   --->   "%add84_1 = hadd i16 %psum_4_load_1, i16 %psum_5_load_1" [../gen/Hls_Layers_UpConv.tpp:138]   --->   Operation 2287 'hadd' 'add84_1' <Predicate = (icmp_ln132 & icmp_ln134)> <Delay = 2.33> <CoreInst = "HAddSub_fulldsp">   --->   Core 55 'HAddSub_fulldsp' <Latency = 4> <II = 1> <Delay = 2.33> <FuncUnit> <Opcode : 'hadd' 'hsub'> <InPorts = 2> <OutPorts = 1>
ST_100 : Operation 2288 [1/5] (2.33ns)   --->   "%add84_2 = hadd i16 %psum_8_load_1, i16 %psum_9_load_1" [../gen/Hls_Layers_UpConv.tpp:138]   --->   Operation 2288 'hadd' 'add84_2' <Predicate = (icmp_ln132 & icmp_ln134)> <Delay = 2.33> <CoreInst = "HAddSub_fulldsp">   --->   Core 55 'HAddSub_fulldsp' <Latency = 4> <II = 1> <Delay = 2.33> <FuncUnit> <Opcode : 'hadd' 'hsub'> <InPorts = 2> <OutPorts = 1>
ST_100 : Operation 2289 [1/5] (2.33ns)   --->   "%add84_3 = hadd i16 %psum_12_load_1, i16 %psum_13_load_1" [../gen/Hls_Layers_UpConv.tpp:138]   --->   Operation 2289 'hadd' 'add84_3' <Predicate = (icmp_ln132 & icmp_ln134)> <Delay = 2.33> <CoreInst = "HAddSub_fulldsp">   --->   Core 55 'HAddSub_fulldsp' <Latency = 4> <II = 1> <Delay = 2.33> <FuncUnit> <Opcode : 'hadd' 'hsub'> <InPorts = 2> <OutPorts = 1>
ST_100 : Operation 2290 [1/5] (2.33ns)   --->   "%add84_4 = hadd i16 %psum_16_load_1, i16 %psum_17_load_1" [../gen/Hls_Layers_UpConv.tpp:138]   --->   Operation 2290 'hadd' 'add84_4' <Predicate = (icmp_ln132 & icmp_ln134)> <Delay = 2.33> <CoreInst = "HAddSub_fulldsp">   --->   Core 55 'HAddSub_fulldsp' <Latency = 4> <II = 1> <Delay = 2.33> <FuncUnit> <Opcode : 'hadd' 'hsub'> <InPorts = 2> <OutPorts = 1>
ST_100 : Operation 2291 [1/5] (2.33ns)   --->   "%add84_5 = hadd i16 %psum_20_load_1, i16 %psum_21_load_1" [../gen/Hls_Layers_UpConv.tpp:138]   --->   Operation 2291 'hadd' 'add84_5' <Predicate = (icmp_ln132 & icmp_ln134)> <Delay = 2.33> <CoreInst = "HAddSub_fulldsp">   --->   Core 55 'HAddSub_fulldsp' <Latency = 4> <II = 1> <Delay = 2.33> <FuncUnit> <Opcode : 'hadd' 'hsub'> <InPorts = 2> <OutPorts = 1>
ST_100 : Operation 2292 [1/5] (2.33ns)   --->   "%add84_6 = hadd i16 %psum_24_load_1, i16 %psum_25_load_1" [../gen/Hls_Layers_UpConv.tpp:138]   --->   Operation 2292 'hadd' 'add84_6' <Predicate = (icmp_ln132 & icmp_ln134)> <Delay = 2.33> <CoreInst = "HAddSub_fulldsp">   --->   Core 55 'HAddSub_fulldsp' <Latency = 4> <II = 1> <Delay = 2.33> <FuncUnit> <Opcode : 'hadd' 'hsub'> <InPorts = 2> <OutPorts = 1>
ST_100 : Operation 2293 [1/5] (2.33ns)   --->   "%add84_7 = hadd i16 %psum_28_load_1, i16 %psum_29_load_1" [../gen/Hls_Layers_UpConv.tpp:138]   --->   Operation 2293 'hadd' 'add84_7' <Predicate = (icmp_ln132 & icmp_ln134)> <Delay = 2.33> <CoreInst = "HAddSub_fulldsp">   --->   Core 55 'HAddSub_fulldsp' <Latency = 4> <II = 1> <Delay = 2.33> <FuncUnit> <Opcode : 'hadd' 'hsub'> <InPorts = 2> <OutPorts = 1>

State 101 <SV = 100> <Delay = 2.33>
ST_101 : Operation 2294 [1/1] (0.00ns)   --->   "%psum_2_load_1 = load i16 %psum_2" [../gen/Hls_Layers_UpConv.tpp:138]   --->   Operation 2294 'load' 'psum_2_load_1' <Predicate = (icmp_ln132 & icmp_ln134)> <Delay = 0.00>
ST_101 : Operation 2295 [5/5] (2.33ns)   --->   "%add4 = hadd i16 %add3, i16 %psum_2_load_1" [../gen/Hls_Layers_UpConv.tpp:138]   --->   Operation 2295 'hadd' 'add4' <Predicate = (icmp_ln132 & icmp_ln134)> <Delay = 2.33> <CoreInst = "HAddSub_fulldsp">   --->   Core 55 'HAddSub_fulldsp' <Latency = 4> <II = 1> <Delay = 2.33> <FuncUnit> <Opcode : 'hadd' 'hsub'> <InPorts = 2> <OutPorts = 1>
ST_101 : Operation 2296 [1/1] (0.00ns)   --->   "%psum_6_load_1 = load i16 %psum_6" [../gen/Hls_Layers_UpConv.tpp:138]   --->   Operation 2296 'load' 'psum_6_load_1' <Predicate = (icmp_ln132 & icmp_ln134)> <Delay = 0.00>
ST_101 : Operation 2297 [5/5] (2.33ns)   --->   "%add88_1 = hadd i16 %add84_1, i16 %psum_6_load_1" [../gen/Hls_Layers_UpConv.tpp:138]   --->   Operation 2297 'hadd' 'add88_1' <Predicate = (icmp_ln132 & icmp_ln134)> <Delay = 2.33> <CoreInst = "HAddSub_fulldsp">   --->   Core 55 'HAddSub_fulldsp' <Latency = 4> <II = 1> <Delay = 2.33> <FuncUnit> <Opcode : 'hadd' 'hsub'> <InPorts = 2> <OutPorts = 1>
ST_101 : Operation 2298 [1/1] (0.00ns)   --->   "%psum_10_load_1 = load i16 %psum_10" [../gen/Hls_Layers_UpConv.tpp:138]   --->   Operation 2298 'load' 'psum_10_load_1' <Predicate = (icmp_ln132 & icmp_ln134)> <Delay = 0.00>
ST_101 : Operation 2299 [5/5] (2.33ns)   --->   "%add88_2 = hadd i16 %add84_2, i16 %psum_10_load_1" [../gen/Hls_Layers_UpConv.tpp:138]   --->   Operation 2299 'hadd' 'add88_2' <Predicate = (icmp_ln132 & icmp_ln134)> <Delay = 2.33> <CoreInst = "HAddSub_fulldsp">   --->   Core 55 'HAddSub_fulldsp' <Latency = 4> <II = 1> <Delay = 2.33> <FuncUnit> <Opcode : 'hadd' 'hsub'> <InPorts = 2> <OutPorts = 1>
ST_101 : Operation 2300 [1/1] (0.00ns)   --->   "%psum_14_load_1 = load i16 %psum_14" [../gen/Hls_Layers_UpConv.tpp:138]   --->   Operation 2300 'load' 'psum_14_load_1' <Predicate = (icmp_ln132 & icmp_ln134)> <Delay = 0.00>
ST_101 : Operation 2301 [5/5] (2.33ns)   --->   "%add88_3 = hadd i16 %add84_3, i16 %psum_14_load_1" [../gen/Hls_Layers_UpConv.tpp:138]   --->   Operation 2301 'hadd' 'add88_3' <Predicate = (icmp_ln132 & icmp_ln134)> <Delay = 2.33> <CoreInst = "HAddSub_fulldsp">   --->   Core 55 'HAddSub_fulldsp' <Latency = 4> <II = 1> <Delay = 2.33> <FuncUnit> <Opcode : 'hadd' 'hsub'> <InPorts = 2> <OutPorts = 1>
ST_101 : Operation 2302 [1/1] (0.00ns)   --->   "%psum_18_load_1 = load i16 %psum_18" [../gen/Hls_Layers_UpConv.tpp:138]   --->   Operation 2302 'load' 'psum_18_load_1' <Predicate = (icmp_ln132 & icmp_ln134)> <Delay = 0.00>
ST_101 : Operation 2303 [5/5] (2.33ns)   --->   "%add88_4 = hadd i16 %add84_4, i16 %psum_18_load_1" [../gen/Hls_Layers_UpConv.tpp:138]   --->   Operation 2303 'hadd' 'add88_4' <Predicate = (icmp_ln132 & icmp_ln134)> <Delay = 2.33> <CoreInst = "HAddSub_fulldsp">   --->   Core 55 'HAddSub_fulldsp' <Latency = 4> <II = 1> <Delay = 2.33> <FuncUnit> <Opcode : 'hadd' 'hsub'> <InPorts = 2> <OutPorts = 1>
ST_101 : Operation 2304 [1/1] (0.00ns)   --->   "%psum_22_load_1 = load i16 %psum_22" [../gen/Hls_Layers_UpConv.tpp:138]   --->   Operation 2304 'load' 'psum_22_load_1' <Predicate = (icmp_ln132 & icmp_ln134)> <Delay = 0.00>
ST_101 : Operation 2305 [5/5] (2.33ns)   --->   "%add88_5 = hadd i16 %add84_5, i16 %psum_22_load_1" [../gen/Hls_Layers_UpConv.tpp:138]   --->   Operation 2305 'hadd' 'add88_5' <Predicate = (icmp_ln132 & icmp_ln134)> <Delay = 2.33> <CoreInst = "HAddSub_fulldsp">   --->   Core 55 'HAddSub_fulldsp' <Latency = 4> <II = 1> <Delay = 2.33> <FuncUnit> <Opcode : 'hadd' 'hsub'> <InPorts = 2> <OutPorts = 1>
ST_101 : Operation 2306 [1/1] (0.00ns)   --->   "%psum_26_load_1 = load i16 %psum_26" [../gen/Hls_Layers_UpConv.tpp:138]   --->   Operation 2306 'load' 'psum_26_load_1' <Predicate = (icmp_ln132 & icmp_ln134)> <Delay = 0.00>
ST_101 : Operation 2307 [5/5] (2.33ns)   --->   "%add88_6 = hadd i16 %add84_6, i16 %psum_26_load_1" [../gen/Hls_Layers_UpConv.tpp:138]   --->   Operation 2307 'hadd' 'add88_6' <Predicate = (icmp_ln132 & icmp_ln134)> <Delay = 2.33> <CoreInst = "HAddSub_fulldsp">   --->   Core 55 'HAddSub_fulldsp' <Latency = 4> <II = 1> <Delay = 2.33> <FuncUnit> <Opcode : 'hadd' 'hsub'> <InPorts = 2> <OutPorts = 1>
ST_101 : Operation 2308 [1/1] (0.00ns)   --->   "%psum_30_load_1 = load i16 %psum_30" [../gen/Hls_Layers_UpConv.tpp:138]   --->   Operation 2308 'load' 'psum_30_load_1' <Predicate = (icmp_ln132 & icmp_ln134)> <Delay = 0.00>
ST_101 : Operation 2309 [5/5] (2.33ns)   --->   "%add88_7 = hadd i16 %add84_7, i16 %psum_30_load_1" [../gen/Hls_Layers_UpConv.tpp:138]   --->   Operation 2309 'hadd' 'add88_7' <Predicate = (icmp_ln132 & icmp_ln134)> <Delay = 2.33> <CoreInst = "HAddSub_fulldsp">   --->   Core 55 'HAddSub_fulldsp' <Latency = 4> <II = 1> <Delay = 2.33> <FuncUnit> <Opcode : 'hadd' 'hsub'> <InPorts = 2> <OutPorts = 1>

State 102 <SV = 101> <Delay = 2.33>
ST_102 : Operation 2310 [4/5] (2.33ns)   --->   "%add4 = hadd i16 %add3, i16 %psum_2_load_1" [../gen/Hls_Layers_UpConv.tpp:138]   --->   Operation 2310 'hadd' 'add4' <Predicate = (icmp_ln132 & icmp_ln134)> <Delay = 2.33> <CoreInst = "HAddSub_fulldsp">   --->   Core 55 'HAddSub_fulldsp' <Latency = 4> <II = 1> <Delay = 2.33> <FuncUnit> <Opcode : 'hadd' 'hsub'> <InPorts = 2> <OutPorts = 1>
ST_102 : Operation 2311 [4/5] (2.33ns)   --->   "%add88_1 = hadd i16 %add84_1, i16 %psum_6_load_1" [../gen/Hls_Layers_UpConv.tpp:138]   --->   Operation 2311 'hadd' 'add88_1' <Predicate = (icmp_ln132 & icmp_ln134)> <Delay = 2.33> <CoreInst = "HAddSub_fulldsp">   --->   Core 55 'HAddSub_fulldsp' <Latency = 4> <II = 1> <Delay = 2.33> <FuncUnit> <Opcode : 'hadd' 'hsub'> <InPorts = 2> <OutPorts = 1>
ST_102 : Operation 2312 [4/5] (2.33ns)   --->   "%add88_2 = hadd i16 %add84_2, i16 %psum_10_load_1" [../gen/Hls_Layers_UpConv.tpp:138]   --->   Operation 2312 'hadd' 'add88_2' <Predicate = (icmp_ln132 & icmp_ln134)> <Delay = 2.33> <CoreInst = "HAddSub_fulldsp">   --->   Core 55 'HAddSub_fulldsp' <Latency = 4> <II = 1> <Delay = 2.33> <FuncUnit> <Opcode : 'hadd' 'hsub'> <InPorts = 2> <OutPorts = 1>
ST_102 : Operation 2313 [4/5] (2.33ns)   --->   "%add88_3 = hadd i16 %add84_3, i16 %psum_14_load_1" [../gen/Hls_Layers_UpConv.tpp:138]   --->   Operation 2313 'hadd' 'add88_3' <Predicate = (icmp_ln132 & icmp_ln134)> <Delay = 2.33> <CoreInst = "HAddSub_fulldsp">   --->   Core 55 'HAddSub_fulldsp' <Latency = 4> <II = 1> <Delay = 2.33> <FuncUnit> <Opcode : 'hadd' 'hsub'> <InPorts = 2> <OutPorts = 1>
ST_102 : Operation 2314 [4/5] (2.33ns)   --->   "%add88_4 = hadd i16 %add84_4, i16 %psum_18_load_1" [../gen/Hls_Layers_UpConv.tpp:138]   --->   Operation 2314 'hadd' 'add88_4' <Predicate = (icmp_ln132 & icmp_ln134)> <Delay = 2.33> <CoreInst = "HAddSub_fulldsp">   --->   Core 55 'HAddSub_fulldsp' <Latency = 4> <II = 1> <Delay = 2.33> <FuncUnit> <Opcode : 'hadd' 'hsub'> <InPorts = 2> <OutPorts = 1>
ST_102 : Operation 2315 [4/5] (2.33ns)   --->   "%add88_5 = hadd i16 %add84_5, i16 %psum_22_load_1" [../gen/Hls_Layers_UpConv.tpp:138]   --->   Operation 2315 'hadd' 'add88_5' <Predicate = (icmp_ln132 & icmp_ln134)> <Delay = 2.33> <CoreInst = "HAddSub_fulldsp">   --->   Core 55 'HAddSub_fulldsp' <Latency = 4> <II = 1> <Delay = 2.33> <FuncUnit> <Opcode : 'hadd' 'hsub'> <InPorts = 2> <OutPorts = 1>
ST_102 : Operation 2316 [4/5] (2.33ns)   --->   "%add88_6 = hadd i16 %add84_6, i16 %psum_26_load_1" [../gen/Hls_Layers_UpConv.tpp:138]   --->   Operation 2316 'hadd' 'add88_6' <Predicate = (icmp_ln132 & icmp_ln134)> <Delay = 2.33> <CoreInst = "HAddSub_fulldsp">   --->   Core 55 'HAddSub_fulldsp' <Latency = 4> <II = 1> <Delay = 2.33> <FuncUnit> <Opcode : 'hadd' 'hsub'> <InPorts = 2> <OutPorts = 1>
ST_102 : Operation 2317 [4/5] (2.33ns)   --->   "%add88_7 = hadd i16 %add84_7, i16 %psum_30_load_1" [../gen/Hls_Layers_UpConv.tpp:138]   --->   Operation 2317 'hadd' 'add88_7' <Predicate = (icmp_ln132 & icmp_ln134)> <Delay = 2.33> <CoreInst = "HAddSub_fulldsp">   --->   Core 55 'HAddSub_fulldsp' <Latency = 4> <II = 1> <Delay = 2.33> <FuncUnit> <Opcode : 'hadd' 'hsub'> <InPorts = 2> <OutPorts = 1>

State 103 <SV = 102> <Delay = 2.33>
ST_103 : Operation 2318 [3/5] (2.33ns)   --->   "%add4 = hadd i16 %add3, i16 %psum_2_load_1" [../gen/Hls_Layers_UpConv.tpp:138]   --->   Operation 2318 'hadd' 'add4' <Predicate = (icmp_ln132 & icmp_ln134)> <Delay = 2.33> <CoreInst = "HAddSub_fulldsp">   --->   Core 55 'HAddSub_fulldsp' <Latency = 4> <II = 1> <Delay = 2.33> <FuncUnit> <Opcode : 'hadd' 'hsub'> <InPorts = 2> <OutPorts = 1>
ST_103 : Operation 2319 [3/5] (2.33ns)   --->   "%add88_1 = hadd i16 %add84_1, i16 %psum_6_load_1" [../gen/Hls_Layers_UpConv.tpp:138]   --->   Operation 2319 'hadd' 'add88_1' <Predicate = (icmp_ln132 & icmp_ln134)> <Delay = 2.33> <CoreInst = "HAddSub_fulldsp">   --->   Core 55 'HAddSub_fulldsp' <Latency = 4> <II = 1> <Delay = 2.33> <FuncUnit> <Opcode : 'hadd' 'hsub'> <InPorts = 2> <OutPorts = 1>
ST_103 : Operation 2320 [3/5] (2.33ns)   --->   "%add88_2 = hadd i16 %add84_2, i16 %psum_10_load_1" [../gen/Hls_Layers_UpConv.tpp:138]   --->   Operation 2320 'hadd' 'add88_2' <Predicate = (icmp_ln132 & icmp_ln134)> <Delay = 2.33> <CoreInst = "HAddSub_fulldsp">   --->   Core 55 'HAddSub_fulldsp' <Latency = 4> <II = 1> <Delay = 2.33> <FuncUnit> <Opcode : 'hadd' 'hsub'> <InPorts = 2> <OutPorts = 1>
ST_103 : Operation 2321 [3/5] (2.33ns)   --->   "%add88_3 = hadd i16 %add84_3, i16 %psum_14_load_1" [../gen/Hls_Layers_UpConv.tpp:138]   --->   Operation 2321 'hadd' 'add88_3' <Predicate = (icmp_ln132 & icmp_ln134)> <Delay = 2.33> <CoreInst = "HAddSub_fulldsp">   --->   Core 55 'HAddSub_fulldsp' <Latency = 4> <II = 1> <Delay = 2.33> <FuncUnit> <Opcode : 'hadd' 'hsub'> <InPorts = 2> <OutPorts = 1>
ST_103 : Operation 2322 [3/5] (2.33ns)   --->   "%add88_4 = hadd i16 %add84_4, i16 %psum_18_load_1" [../gen/Hls_Layers_UpConv.tpp:138]   --->   Operation 2322 'hadd' 'add88_4' <Predicate = (icmp_ln132 & icmp_ln134)> <Delay = 2.33> <CoreInst = "HAddSub_fulldsp">   --->   Core 55 'HAddSub_fulldsp' <Latency = 4> <II = 1> <Delay = 2.33> <FuncUnit> <Opcode : 'hadd' 'hsub'> <InPorts = 2> <OutPorts = 1>
ST_103 : Operation 2323 [3/5] (2.33ns)   --->   "%add88_5 = hadd i16 %add84_5, i16 %psum_22_load_1" [../gen/Hls_Layers_UpConv.tpp:138]   --->   Operation 2323 'hadd' 'add88_5' <Predicate = (icmp_ln132 & icmp_ln134)> <Delay = 2.33> <CoreInst = "HAddSub_fulldsp">   --->   Core 55 'HAddSub_fulldsp' <Latency = 4> <II = 1> <Delay = 2.33> <FuncUnit> <Opcode : 'hadd' 'hsub'> <InPorts = 2> <OutPorts = 1>
ST_103 : Operation 2324 [3/5] (2.33ns)   --->   "%add88_6 = hadd i16 %add84_6, i16 %psum_26_load_1" [../gen/Hls_Layers_UpConv.tpp:138]   --->   Operation 2324 'hadd' 'add88_6' <Predicate = (icmp_ln132 & icmp_ln134)> <Delay = 2.33> <CoreInst = "HAddSub_fulldsp">   --->   Core 55 'HAddSub_fulldsp' <Latency = 4> <II = 1> <Delay = 2.33> <FuncUnit> <Opcode : 'hadd' 'hsub'> <InPorts = 2> <OutPorts = 1>
ST_103 : Operation 2325 [3/5] (2.33ns)   --->   "%add88_7 = hadd i16 %add84_7, i16 %psum_30_load_1" [../gen/Hls_Layers_UpConv.tpp:138]   --->   Operation 2325 'hadd' 'add88_7' <Predicate = (icmp_ln132 & icmp_ln134)> <Delay = 2.33> <CoreInst = "HAddSub_fulldsp">   --->   Core 55 'HAddSub_fulldsp' <Latency = 4> <II = 1> <Delay = 2.33> <FuncUnit> <Opcode : 'hadd' 'hsub'> <InPorts = 2> <OutPorts = 1>

State 104 <SV = 103> <Delay = 2.33>
ST_104 : Operation 2326 [2/5] (2.33ns)   --->   "%add4 = hadd i16 %add3, i16 %psum_2_load_1" [../gen/Hls_Layers_UpConv.tpp:138]   --->   Operation 2326 'hadd' 'add4' <Predicate = (icmp_ln132 & icmp_ln134)> <Delay = 2.33> <CoreInst = "HAddSub_fulldsp">   --->   Core 55 'HAddSub_fulldsp' <Latency = 4> <II = 1> <Delay = 2.33> <FuncUnit> <Opcode : 'hadd' 'hsub'> <InPorts = 2> <OutPorts = 1>
ST_104 : Operation 2327 [2/5] (2.33ns)   --->   "%add88_1 = hadd i16 %add84_1, i16 %psum_6_load_1" [../gen/Hls_Layers_UpConv.tpp:138]   --->   Operation 2327 'hadd' 'add88_1' <Predicate = (icmp_ln132 & icmp_ln134)> <Delay = 2.33> <CoreInst = "HAddSub_fulldsp">   --->   Core 55 'HAddSub_fulldsp' <Latency = 4> <II = 1> <Delay = 2.33> <FuncUnit> <Opcode : 'hadd' 'hsub'> <InPorts = 2> <OutPorts = 1>
ST_104 : Operation 2328 [2/5] (2.33ns)   --->   "%add88_2 = hadd i16 %add84_2, i16 %psum_10_load_1" [../gen/Hls_Layers_UpConv.tpp:138]   --->   Operation 2328 'hadd' 'add88_2' <Predicate = (icmp_ln132 & icmp_ln134)> <Delay = 2.33> <CoreInst = "HAddSub_fulldsp">   --->   Core 55 'HAddSub_fulldsp' <Latency = 4> <II = 1> <Delay = 2.33> <FuncUnit> <Opcode : 'hadd' 'hsub'> <InPorts = 2> <OutPorts = 1>
ST_104 : Operation 2329 [2/5] (2.33ns)   --->   "%add88_3 = hadd i16 %add84_3, i16 %psum_14_load_1" [../gen/Hls_Layers_UpConv.tpp:138]   --->   Operation 2329 'hadd' 'add88_3' <Predicate = (icmp_ln132 & icmp_ln134)> <Delay = 2.33> <CoreInst = "HAddSub_fulldsp">   --->   Core 55 'HAddSub_fulldsp' <Latency = 4> <II = 1> <Delay = 2.33> <FuncUnit> <Opcode : 'hadd' 'hsub'> <InPorts = 2> <OutPorts = 1>
ST_104 : Operation 2330 [2/5] (2.33ns)   --->   "%add88_4 = hadd i16 %add84_4, i16 %psum_18_load_1" [../gen/Hls_Layers_UpConv.tpp:138]   --->   Operation 2330 'hadd' 'add88_4' <Predicate = (icmp_ln132 & icmp_ln134)> <Delay = 2.33> <CoreInst = "HAddSub_fulldsp">   --->   Core 55 'HAddSub_fulldsp' <Latency = 4> <II = 1> <Delay = 2.33> <FuncUnit> <Opcode : 'hadd' 'hsub'> <InPorts = 2> <OutPorts = 1>
ST_104 : Operation 2331 [2/5] (2.33ns)   --->   "%add88_5 = hadd i16 %add84_5, i16 %psum_22_load_1" [../gen/Hls_Layers_UpConv.tpp:138]   --->   Operation 2331 'hadd' 'add88_5' <Predicate = (icmp_ln132 & icmp_ln134)> <Delay = 2.33> <CoreInst = "HAddSub_fulldsp">   --->   Core 55 'HAddSub_fulldsp' <Latency = 4> <II = 1> <Delay = 2.33> <FuncUnit> <Opcode : 'hadd' 'hsub'> <InPorts = 2> <OutPorts = 1>
ST_104 : Operation 2332 [2/5] (2.33ns)   --->   "%add88_6 = hadd i16 %add84_6, i16 %psum_26_load_1" [../gen/Hls_Layers_UpConv.tpp:138]   --->   Operation 2332 'hadd' 'add88_6' <Predicate = (icmp_ln132 & icmp_ln134)> <Delay = 2.33> <CoreInst = "HAddSub_fulldsp">   --->   Core 55 'HAddSub_fulldsp' <Latency = 4> <II = 1> <Delay = 2.33> <FuncUnit> <Opcode : 'hadd' 'hsub'> <InPorts = 2> <OutPorts = 1>
ST_104 : Operation 2333 [2/5] (2.33ns)   --->   "%add88_7 = hadd i16 %add84_7, i16 %psum_30_load_1" [../gen/Hls_Layers_UpConv.tpp:138]   --->   Operation 2333 'hadd' 'add88_7' <Predicate = (icmp_ln132 & icmp_ln134)> <Delay = 2.33> <CoreInst = "HAddSub_fulldsp">   --->   Core 55 'HAddSub_fulldsp' <Latency = 4> <II = 1> <Delay = 2.33> <FuncUnit> <Opcode : 'hadd' 'hsub'> <InPorts = 2> <OutPorts = 1>

State 105 <SV = 104> <Delay = 2.33>
ST_105 : Operation 2334 [1/5] (2.33ns)   --->   "%add4 = hadd i16 %add3, i16 %psum_2_load_1" [../gen/Hls_Layers_UpConv.tpp:138]   --->   Operation 2334 'hadd' 'add4' <Predicate = (icmp_ln132 & icmp_ln134)> <Delay = 2.33> <CoreInst = "HAddSub_fulldsp">   --->   Core 55 'HAddSub_fulldsp' <Latency = 4> <II = 1> <Delay = 2.33> <FuncUnit> <Opcode : 'hadd' 'hsub'> <InPorts = 2> <OutPorts = 1>
ST_105 : Operation 2335 [1/5] (2.33ns)   --->   "%add88_1 = hadd i16 %add84_1, i16 %psum_6_load_1" [../gen/Hls_Layers_UpConv.tpp:138]   --->   Operation 2335 'hadd' 'add88_1' <Predicate = (icmp_ln132 & icmp_ln134)> <Delay = 2.33> <CoreInst = "HAddSub_fulldsp">   --->   Core 55 'HAddSub_fulldsp' <Latency = 4> <II = 1> <Delay = 2.33> <FuncUnit> <Opcode : 'hadd' 'hsub'> <InPorts = 2> <OutPorts = 1>
ST_105 : Operation 2336 [1/5] (2.33ns)   --->   "%add88_2 = hadd i16 %add84_2, i16 %psum_10_load_1" [../gen/Hls_Layers_UpConv.tpp:138]   --->   Operation 2336 'hadd' 'add88_2' <Predicate = (icmp_ln132 & icmp_ln134)> <Delay = 2.33> <CoreInst = "HAddSub_fulldsp">   --->   Core 55 'HAddSub_fulldsp' <Latency = 4> <II = 1> <Delay = 2.33> <FuncUnit> <Opcode : 'hadd' 'hsub'> <InPorts = 2> <OutPorts = 1>
ST_105 : Operation 2337 [1/5] (2.33ns)   --->   "%add88_3 = hadd i16 %add84_3, i16 %psum_14_load_1" [../gen/Hls_Layers_UpConv.tpp:138]   --->   Operation 2337 'hadd' 'add88_3' <Predicate = (icmp_ln132 & icmp_ln134)> <Delay = 2.33> <CoreInst = "HAddSub_fulldsp">   --->   Core 55 'HAddSub_fulldsp' <Latency = 4> <II = 1> <Delay = 2.33> <FuncUnit> <Opcode : 'hadd' 'hsub'> <InPorts = 2> <OutPorts = 1>
ST_105 : Operation 2338 [1/5] (2.33ns)   --->   "%add88_4 = hadd i16 %add84_4, i16 %psum_18_load_1" [../gen/Hls_Layers_UpConv.tpp:138]   --->   Operation 2338 'hadd' 'add88_4' <Predicate = (icmp_ln132 & icmp_ln134)> <Delay = 2.33> <CoreInst = "HAddSub_fulldsp">   --->   Core 55 'HAddSub_fulldsp' <Latency = 4> <II = 1> <Delay = 2.33> <FuncUnit> <Opcode : 'hadd' 'hsub'> <InPorts = 2> <OutPorts = 1>
ST_105 : Operation 2339 [1/5] (2.33ns)   --->   "%add88_5 = hadd i16 %add84_5, i16 %psum_22_load_1" [../gen/Hls_Layers_UpConv.tpp:138]   --->   Operation 2339 'hadd' 'add88_5' <Predicate = (icmp_ln132 & icmp_ln134)> <Delay = 2.33> <CoreInst = "HAddSub_fulldsp">   --->   Core 55 'HAddSub_fulldsp' <Latency = 4> <II = 1> <Delay = 2.33> <FuncUnit> <Opcode : 'hadd' 'hsub'> <InPorts = 2> <OutPorts = 1>
ST_105 : Operation 2340 [1/5] (2.33ns)   --->   "%add88_6 = hadd i16 %add84_6, i16 %psum_26_load_1" [../gen/Hls_Layers_UpConv.tpp:138]   --->   Operation 2340 'hadd' 'add88_6' <Predicate = (icmp_ln132 & icmp_ln134)> <Delay = 2.33> <CoreInst = "HAddSub_fulldsp">   --->   Core 55 'HAddSub_fulldsp' <Latency = 4> <II = 1> <Delay = 2.33> <FuncUnit> <Opcode : 'hadd' 'hsub'> <InPorts = 2> <OutPorts = 1>
ST_105 : Operation 2341 [1/5] (2.33ns)   --->   "%add88_7 = hadd i16 %add84_7, i16 %psum_30_load_1" [../gen/Hls_Layers_UpConv.tpp:138]   --->   Operation 2341 'hadd' 'add88_7' <Predicate = (icmp_ln132 & icmp_ln134)> <Delay = 2.33> <CoreInst = "HAddSub_fulldsp">   --->   Core 55 'HAddSub_fulldsp' <Latency = 4> <II = 1> <Delay = 2.33> <FuncUnit> <Opcode : 'hadd' 'hsub'> <InPorts = 2> <OutPorts = 1>

State 106 <SV = 105> <Delay = 2.33>
ST_106 : Operation 2342 [1/1] (0.00ns)   --->   "%psum_3_load_1 = load i16 %psum_3" [../gen/Hls_Layers_UpConv.tpp:138]   --->   Operation 2342 'load' 'psum_3_load_1' <Predicate = (icmp_ln132 & icmp_ln134)> <Delay = 0.00>
ST_106 : Operation 2343 [5/5] (2.33ns)   --->   "%total = hadd i16 %add4, i16 %psum_3_load_1" [../gen/Hls_Layers_UpConv.tpp:138]   --->   Operation 2343 'hadd' 'total' <Predicate = (icmp_ln132 & icmp_ln134)> <Delay = 2.33> <CoreInst = "HAddSub_fulldsp">   --->   Core 55 'HAddSub_fulldsp' <Latency = 4> <II = 1> <Delay = 2.33> <FuncUnit> <Opcode : 'hadd' 'hsub'> <InPorts = 2> <OutPorts = 1>
ST_106 : Operation 2344 [1/1] (0.00ns)   --->   "%psum_7_load_1 = load i16 %psum_7" [../gen/Hls_Layers_UpConv.tpp:138]   --->   Operation 2344 'load' 'psum_7_load_1' <Predicate = (icmp_ln132 & icmp_ln134)> <Delay = 0.00>
ST_106 : Operation 2345 [5/5] (2.33ns)   --->   "%total_1 = hadd i16 %add88_1, i16 %psum_7_load_1" [../gen/Hls_Layers_UpConv.tpp:138]   --->   Operation 2345 'hadd' 'total_1' <Predicate = (icmp_ln132 & icmp_ln134)> <Delay = 2.33> <CoreInst = "HAddSub_fulldsp">   --->   Core 55 'HAddSub_fulldsp' <Latency = 4> <II = 1> <Delay = 2.33> <FuncUnit> <Opcode : 'hadd' 'hsub'> <InPorts = 2> <OutPorts = 1>
ST_106 : Operation 2346 [1/1] (0.00ns)   --->   "%psum_11_load_1 = load i16 %psum_11" [../gen/Hls_Layers_UpConv.tpp:138]   --->   Operation 2346 'load' 'psum_11_load_1' <Predicate = (icmp_ln132 & icmp_ln134)> <Delay = 0.00>
ST_106 : Operation 2347 [5/5] (2.33ns)   --->   "%total_2 = hadd i16 %add88_2, i16 %psum_11_load_1" [../gen/Hls_Layers_UpConv.tpp:138]   --->   Operation 2347 'hadd' 'total_2' <Predicate = (icmp_ln132 & icmp_ln134)> <Delay = 2.33> <CoreInst = "HAddSub_fulldsp">   --->   Core 55 'HAddSub_fulldsp' <Latency = 4> <II = 1> <Delay = 2.33> <FuncUnit> <Opcode : 'hadd' 'hsub'> <InPorts = 2> <OutPorts = 1>
ST_106 : Operation 2348 [1/1] (0.00ns)   --->   "%psum_15_load_1 = load i16 %psum_15" [../gen/Hls_Layers_UpConv.tpp:138]   --->   Operation 2348 'load' 'psum_15_load_1' <Predicate = (icmp_ln132 & icmp_ln134)> <Delay = 0.00>
ST_106 : Operation 2349 [5/5] (2.33ns)   --->   "%total_3 = hadd i16 %add88_3, i16 %psum_15_load_1" [../gen/Hls_Layers_UpConv.tpp:138]   --->   Operation 2349 'hadd' 'total_3' <Predicate = (icmp_ln132 & icmp_ln134)> <Delay = 2.33> <CoreInst = "HAddSub_fulldsp">   --->   Core 55 'HAddSub_fulldsp' <Latency = 4> <II = 1> <Delay = 2.33> <FuncUnit> <Opcode : 'hadd' 'hsub'> <InPorts = 2> <OutPorts = 1>
ST_106 : Operation 2350 [1/1] (0.00ns)   --->   "%psum_19_load_1 = load i16 %psum_19" [../gen/Hls_Layers_UpConv.tpp:138]   --->   Operation 2350 'load' 'psum_19_load_1' <Predicate = (icmp_ln132 & icmp_ln134)> <Delay = 0.00>
ST_106 : Operation 2351 [5/5] (2.33ns)   --->   "%total_4 = hadd i16 %add88_4, i16 %psum_19_load_1" [../gen/Hls_Layers_UpConv.tpp:138]   --->   Operation 2351 'hadd' 'total_4' <Predicate = (icmp_ln132 & icmp_ln134)> <Delay = 2.33> <CoreInst = "HAddSub_fulldsp">   --->   Core 55 'HAddSub_fulldsp' <Latency = 4> <II = 1> <Delay = 2.33> <FuncUnit> <Opcode : 'hadd' 'hsub'> <InPorts = 2> <OutPorts = 1>
ST_106 : Operation 2352 [1/1] (0.00ns)   --->   "%psum_23_load_1 = load i16 %psum_23" [../gen/Hls_Layers_UpConv.tpp:138]   --->   Operation 2352 'load' 'psum_23_load_1' <Predicate = (icmp_ln132 & icmp_ln134)> <Delay = 0.00>
ST_106 : Operation 2353 [5/5] (2.33ns)   --->   "%total_5 = hadd i16 %add88_5, i16 %psum_23_load_1" [../gen/Hls_Layers_UpConv.tpp:138]   --->   Operation 2353 'hadd' 'total_5' <Predicate = (icmp_ln132 & icmp_ln134)> <Delay = 2.33> <CoreInst = "HAddSub_fulldsp">   --->   Core 55 'HAddSub_fulldsp' <Latency = 4> <II = 1> <Delay = 2.33> <FuncUnit> <Opcode : 'hadd' 'hsub'> <InPorts = 2> <OutPorts = 1>
ST_106 : Operation 2354 [1/1] (0.00ns)   --->   "%psum_27_load_1 = load i16 %psum_27" [../gen/Hls_Layers_UpConv.tpp:138]   --->   Operation 2354 'load' 'psum_27_load_1' <Predicate = (icmp_ln132 & icmp_ln134)> <Delay = 0.00>
ST_106 : Operation 2355 [5/5] (2.33ns)   --->   "%total_6 = hadd i16 %add88_6, i16 %psum_27_load_1" [../gen/Hls_Layers_UpConv.tpp:138]   --->   Operation 2355 'hadd' 'total_6' <Predicate = (icmp_ln132 & icmp_ln134)> <Delay = 2.33> <CoreInst = "HAddSub_fulldsp">   --->   Core 55 'HAddSub_fulldsp' <Latency = 4> <II = 1> <Delay = 2.33> <FuncUnit> <Opcode : 'hadd' 'hsub'> <InPorts = 2> <OutPorts = 1>
ST_106 : Operation 2356 [1/1] (0.00ns)   --->   "%psum_31_load_1 = load i16 %psum_31" [../gen/Hls_Layers_UpConv.tpp:138]   --->   Operation 2356 'load' 'psum_31_load_1' <Predicate = (icmp_ln132 & icmp_ln134)> <Delay = 0.00>
ST_106 : Operation 2357 [5/5] (2.33ns)   --->   "%total_7 = hadd i16 %add88_7, i16 %psum_31_load_1" [../gen/Hls_Layers_UpConv.tpp:138]   --->   Operation 2357 'hadd' 'total_7' <Predicate = (icmp_ln132 & icmp_ln134)> <Delay = 2.33> <CoreInst = "HAddSub_fulldsp">   --->   Core 55 'HAddSub_fulldsp' <Latency = 4> <II = 1> <Delay = 2.33> <FuncUnit> <Opcode : 'hadd' 'hsub'> <InPorts = 2> <OutPorts = 1>

State 107 <SV = 106> <Delay = 2.33>
ST_107 : Operation 2358 [4/5] (2.33ns)   --->   "%total = hadd i16 %add4, i16 %psum_3_load_1" [../gen/Hls_Layers_UpConv.tpp:138]   --->   Operation 2358 'hadd' 'total' <Predicate = (icmp_ln132 & icmp_ln134)> <Delay = 2.33> <CoreInst = "HAddSub_fulldsp">   --->   Core 55 'HAddSub_fulldsp' <Latency = 4> <II = 1> <Delay = 2.33> <FuncUnit> <Opcode : 'hadd' 'hsub'> <InPorts = 2> <OutPorts = 1>
ST_107 : Operation 2359 [4/5] (2.33ns)   --->   "%total_1 = hadd i16 %add88_1, i16 %psum_7_load_1" [../gen/Hls_Layers_UpConv.tpp:138]   --->   Operation 2359 'hadd' 'total_1' <Predicate = (icmp_ln132 & icmp_ln134)> <Delay = 2.33> <CoreInst = "HAddSub_fulldsp">   --->   Core 55 'HAddSub_fulldsp' <Latency = 4> <II = 1> <Delay = 2.33> <FuncUnit> <Opcode : 'hadd' 'hsub'> <InPorts = 2> <OutPorts = 1>
ST_107 : Operation 2360 [4/5] (2.33ns)   --->   "%total_2 = hadd i16 %add88_2, i16 %psum_11_load_1" [../gen/Hls_Layers_UpConv.tpp:138]   --->   Operation 2360 'hadd' 'total_2' <Predicate = (icmp_ln132 & icmp_ln134)> <Delay = 2.33> <CoreInst = "HAddSub_fulldsp">   --->   Core 55 'HAddSub_fulldsp' <Latency = 4> <II = 1> <Delay = 2.33> <FuncUnit> <Opcode : 'hadd' 'hsub'> <InPorts = 2> <OutPorts = 1>
ST_107 : Operation 2361 [4/5] (2.33ns)   --->   "%total_3 = hadd i16 %add88_3, i16 %psum_15_load_1" [../gen/Hls_Layers_UpConv.tpp:138]   --->   Operation 2361 'hadd' 'total_3' <Predicate = (icmp_ln132 & icmp_ln134)> <Delay = 2.33> <CoreInst = "HAddSub_fulldsp">   --->   Core 55 'HAddSub_fulldsp' <Latency = 4> <II = 1> <Delay = 2.33> <FuncUnit> <Opcode : 'hadd' 'hsub'> <InPorts = 2> <OutPorts = 1>
ST_107 : Operation 2362 [4/5] (2.33ns)   --->   "%total_4 = hadd i16 %add88_4, i16 %psum_19_load_1" [../gen/Hls_Layers_UpConv.tpp:138]   --->   Operation 2362 'hadd' 'total_4' <Predicate = (icmp_ln132 & icmp_ln134)> <Delay = 2.33> <CoreInst = "HAddSub_fulldsp">   --->   Core 55 'HAddSub_fulldsp' <Latency = 4> <II = 1> <Delay = 2.33> <FuncUnit> <Opcode : 'hadd' 'hsub'> <InPorts = 2> <OutPorts = 1>
ST_107 : Operation 2363 [4/5] (2.33ns)   --->   "%total_5 = hadd i16 %add88_5, i16 %psum_23_load_1" [../gen/Hls_Layers_UpConv.tpp:138]   --->   Operation 2363 'hadd' 'total_5' <Predicate = (icmp_ln132 & icmp_ln134)> <Delay = 2.33> <CoreInst = "HAddSub_fulldsp">   --->   Core 55 'HAddSub_fulldsp' <Latency = 4> <II = 1> <Delay = 2.33> <FuncUnit> <Opcode : 'hadd' 'hsub'> <InPorts = 2> <OutPorts = 1>
ST_107 : Operation 2364 [4/5] (2.33ns)   --->   "%total_6 = hadd i16 %add88_6, i16 %psum_27_load_1" [../gen/Hls_Layers_UpConv.tpp:138]   --->   Operation 2364 'hadd' 'total_6' <Predicate = (icmp_ln132 & icmp_ln134)> <Delay = 2.33> <CoreInst = "HAddSub_fulldsp">   --->   Core 55 'HAddSub_fulldsp' <Latency = 4> <II = 1> <Delay = 2.33> <FuncUnit> <Opcode : 'hadd' 'hsub'> <InPorts = 2> <OutPorts = 1>
ST_107 : Operation 2365 [4/5] (2.33ns)   --->   "%total_7 = hadd i16 %add88_7, i16 %psum_31_load_1" [../gen/Hls_Layers_UpConv.tpp:138]   --->   Operation 2365 'hadd' 'total_7' <Predicate = (icmp_ln132 & icmp_ln134)> <Delay = 2.33> <CoreInst = "HAddSub_fulldsp">   --->   Core 55 'HAddSub_fulldsp' <Latency = 4> <II = 1> <Delay = 2.33> <FuncUnit> <Opcode : 'hadd' 'hsub'> <InPorts = 2> <OutPorts = 1>

State 108 <SV = 107> <Delay = 2.33>
ST_108 : Operation 2366 [3/5] (2.33ns)   --->   "%total = hadd i16 %add4, i16 %psum_3_load_1" [../gen/Hls_Layers_UpConv.tpp:138]   --->   Operation 2366 'hadd' 'total' <Predicate = (icmp_ln132 & icmp_ln134)> <Delay = 2.33> <CoreInst = "HAddSub_fulldsp">   --->   Core 55 'HAddSub_fulldsp' <Latency = 4> <II = 1> <Delay = 2.33> <FuncUnit> <Opcode : 'hadd' 'hsub'> <InPorts = 2> <OutPorts = 1>
ST_108 : Operation 2367 [3/5] (2.33ns)   --->   "%total_1 = hadd i16 %add88_1, i16 %psum_7_load_1" [../gen/Hls_Layers_UpConv.tpp:138]   --->   Operation 2367 'hadd' 'total_1' <Predicate = (icmp_ln132 & icmp_ln134)> <Delay = 2.33> <CoreInst = "HAddSub_fulldsp">   --->   Core 55 'HAddSub_fulldsp' <Latency = 4> <II = 1> <Delay = 2.33> <FuncUnit> <Opcode : 'hadd' 'hsub'> <InPorts = 2> <OutPorts = 1>
ST_108 : Operation 2368 [3/5] (2.33ns)   --->   "%total_2 = hadd i16 %add88_2, i16 %psum_11_load_1" [../gen/Hls_Layers_UpConv.tpp:138]   --->   Operation 2368 'hadd' 'total_2' <Predicate = (icmp_ln132 & icmp_ln134)> <Delay = 2.33> <CoreInst = "HAddSub_fulldsp">   --->   Core 55 'HAddSub_fulldsp' <Latency = 4> <II = 1> <Delay = 2.33> <FuncUnit> <Opcode : 'hadd' 'hsub'> <InPorts = 2> <OutPorts = 1>
ST_108 : Operation 2369 [3/5] (2.33ns)   --->   "%total_3 = hadd i16 %add88_3, i16 %psum_15_load_1" [../gen/Hls_Layers_UpConv.tpp:138]   --->   Operation 2369 'hadd' 'total_3' <Predicate = (icmp_ln132 & icmp_ln134)> <Delay = 2.33> <CoreInst = "HAddSub_fulldsp">   --->   Core 55 'HAddSub_fulldsp' <Latency = 4> <II = 1> <Delay = 2.33> <FuncUnit> <Opcode : 'hadd' 'hsub'> <InPorts = 2> <OutPorts = 1>
ST_108 : Operation 2370 [3/5] (2.33ns)   --->   "%total_4 = hadd i16 %add88_4, i16 %psum_19_load_1" [../gen/Hls_Layers_UpConv.tpp:138]   --->   Operation 2370 'hadd' 'total_4' <Predicate = (icmp_ln132 & icmp_ln134)> <Delay = 2.33> <CoreInst = "HAddSub_fulldsp">   --->   Core 55 'HAddSub_fulldsp' <Latency = 4> <II = 1> <Delay = 2.33> <FuncUnit> <Opcode : 'hadd' 'hsub'> <InPorts = 2> <OutPorts = 1>
ST_108 : Operation 2371 [3/5] (2.33ns)   --->   "%total_5 = hadd i16 %add88_5, i16 %psum_23_load_1" [../gen/Hls_Layers_UpConv.tpp:138]   --->   Operation 2371 'hadd' 'total_5' <Predicate = (icmp_ln132 & icmp_ln134)> <Delay = 2.33> <CoreInst = "HAddSub_fulldsp">   --->   Core 55 'HAddSub_fulldsp' <Latency = 4> <II = 1> <Delay = 2.33> <FuncUnit> <Opcode : 'hadd' 'hsub'> <InPorts = 2> <OutPorts = 1>
ST_108 : Operation 2372 [3/5] (2.33ns)   --->   "%total_6 = hadd i16 %add88_6, i16 %psum_27_load_1" [../gen/Hls_Layers_UpConv.tpp:138]   --->   Operation 2372 'hadd' 'total_6' <Predicate = (icmp_ln132 & icmp_ln134)> <Delay = 2.33> <CoreInst = "HAddSub_fulldsp">   --->   Core 55 'HAddSub_fulldsp' <Latency = 4> <II = 1> <Delay = 2.33> <FuncUnit> <Opcode : 'hadd' 'hsub'> <InPorts = 2> <OutPorts = 1>
ST_108 : Operation 2373 [3/5] (2.33ns)   --->   "%total_7 = hadd i16 %add88_7, i16 %psum_31_load_1" [../gen/Hls_Layers_UpConv.tpp:138]   --->   Operation 2373 'hadd' 'total_7' <Predicate = (icmp_ln132 & icmp_ln134)> <Delay = 2.33> <CoreInst = "HAddSub_fulldsp">   --->   Core 55 'HAddSub_fulldsp' <Latency = 4> <II = 1> <Delay = 2.33> <FuncUnit> <Opcode : 'hadd' 'hsub'> <InPorts = 2> <OutPorts = 1>

State 109 <SV = 108> <Delay = 2.33>
ST_109 : Operation 2374 [1/1] (0.00ns)   --->   "%zext_ln139 = zext i10 %add_ln139" [../gen/Hls_Layers_UpConv.tpp:139]   --->   Operation 2374 'zext' 'zext_ln139' <Predicate = (icmp_ln132 & icmp_ln134)> <Delay = 0.00>
ST_109 : Operation 2375 [1/1] (0.00ns)   --->   "%p_ZZ16UpConv_Fused_RowILi8ELi16ELi16ELi960ELi480EEvP7ap_uintILi256EEPKS1_S4_S4_S4_12 = getelementptr i16 %p_ZZ16UpConv_Fused_RowILi8ELi16ELi16ELi960ELi480EEvP7ap_uintILi256EEPKS1_S4_S4_S4_5, i64 0, i64 %zext_ln139" [../gen/Hls_Layers_UpConv.tpp:139]   --->   Operation 2375 'getelementptr' 'p_ZZ16UpConv_Fused_RowILi8ELi16ELi16ELi960ELi480EEvP7ap_uintILi256EEPKS1_S4_S4_S4_12' <Predicate = (icmp_ln132 & icmp_ln134)> <Delay = 0.00>
ST_109 : Operation 2376 [1/1] (0.00ns)   --->   "%p_ZZ16UpConv_Fused_RowILi8ELi16ELi16ELi960ELi480EEvP7ap_uintILi256EEPKS1_S4_S4_S4_13 = getelementptr i16 %p_ZZ16UpConv_Fused_RowILi8ELi16ELi16ELi960ELi480EEvP7ap_uintILi256EEPKS1_S4_S4_S4_4, i64 0, i64 %zext_ln139" [../gen/Hls_Layers_UpConv.tpp:139]   --->   Operation 2376 'getelementptr' 'p_ZZ16UpConv_Fused_RowILi8ELi16ELi16ELi960ELi480EEvP7ap_uintILi256EEPKS1_S4_S4_S4_13' <Predicate = (icmp_ln132 & icmp_ln134)> <Delay = 0.00>
ST_109 : Operation 2377 [1/1] (0.00ns)   --->   "%p_ZZ16UpConv_Fused_RowILi8ELi16ELi16ELi960ELi480EEvP7ap_uintILi256EEPKS1_S4_S4_S4_14 = getelementptr i16 %p_ZZ16UpConv_Fused_RowILi8ELi16ELi16ELi960ELi480EEvP7ap_uintILi256EEPKS1_S4_S4_S4_3, i64 0, i64 %zext_ln139" [../gen/Hls_Layers_UpConv.tpp:139]   --->   Operation 2377 'getelementptr' 'p_ZZ16UpConv_Fused_RowILi8ELi16ELi16ELi960ELi480EEvP7ap_uintILi256EEPKS1_S4_S4_S4_14' <Predicate = (icmp_ln132 & icmp_ln134)> <Delay = 0.00>
ST_109 : Operation 2378 [1/1] (0.00ns)   --->   "%p_ZZ16UpConv_Fused_RowILi8ELi16ELi16ELi960ELi480EEvP7ap_uintILi256EEPKS1_S4_S4_S4_15 = getelementptr i16 %p_ZZ16UpConv_Fused_RowILi8ELi16ELi16ELi960ELi480EEvP7ap_uintILi256EEPKS1_S4_S4_S4_2, i64 0, i64 %zext_ln139" [../gen/Hls_Layers_UpConv.tpp:139]   --->   Operation 2378 'getelementptr' 'p_ZZ16UpConv_Fused_RowILi8ELi16ELi16ELi960ELi480EEvP7ap_uintILi256EEPKS1_S4_S4_S4_15' <Predicate = (icmp_ln132 & icmp_ln134)> <Delay = 0.00>
ST_109 : Operation 2379 [1/1] (0.00ns)   --->   "%p_ZZ16UpConv_Fused_RowILi8ELi16ELi16ELi960ELi480EEvP7ap_uintILi256EEPKS1_S4_S4_S4_16 = getelementptr i16 %p_ZZ16UpConv_Fused_RowILi8ELi16ELi16ELi960ELi480EEvP7ap_uintILi256EEPKS1_S4_S4_S4_1, i64 0, i64 %zext_ln139" [../gen/Hls_Layers_UpConv.tpp:139]   --->   Operation 2379 'getelementptr' 'p_ZZ16UpConv_Fused_RowILi8ELi16ELi16ELi960ELi480EEvP7ap_uintILi256EEPKS1_S4_S4_S4_16' <Predicate = (icmp_ln132 & icmp_ln134)> <Delay = 0.00>
ST_109 : Operation 2380 [1/1] (0.00ns)   --->   "%p_ZZ16UpConv_Fused_RowILi8ELi16ELi16ELi960ELi480EEvP7ap_uintILi256EEPKS1_S4_S4_S4_17 = getelementptr i16 %p_ZZ16UpConv_Fused_RowILi8ELi16ELi16ELi960ELi480EEvP7ap_uintILi256EEPKS1_S4_S4_S4, i64 0, i64 %zext_ln139" [../gen/Hls_Layers_UpConv.tpp:139]   --->   Operation 2380 'getelementptr' 'p_ZZ16UpConv_Fused_RowILi8ELi16ELi16ELi960ELi480EEvP7ap_uintILi256EEPKS1_S4_S4_S4_17' <Predicate = (icmp_ln132 & icmp_ln134)> <Delay = 0.00>
ST_109 : Operation 2381 [1/1] (0.00ns)   --->   "%void_UpConv_Fused_Row_ap_uint_ap_uint_const_ap_uint_const_ap_uint_const_ap_u_18 = getelementptr i16 %void_UpConv_Fused_Row_ap_uint_ap_uint_const_ap_uint_const_ap_uint_const_ap_u_9, i64 0, i64 %zext_ln139" [../gen/Hls_Layers_UpConv.tpp:139]   --->   Operation 2381 'getelementptr' 'void_UpConv_Fused_Row_ap_uint_ap_uint_const_ap_uint_const_ap_uint_const_ap_u_18' <Predicate = (icmp_ln132 & icmp_ln134)> <Delay = 0.00>
ST_109 : Operation 2382 [1/1] (0.00ns)   --->   "%void_UpConv_Fused_Row_ap_uint_ap_uint_const_ap_uint_const_ap_uint_const_ap_u_19 = getelementptr i16 %void_UpConv_Fused_Row_ap_uint_ap_uint_const_ap_uint_const_ap_uint_const_ap_u_8, i64 0, i64 %zext_ln139" [../gen/Hls_Layers_UpConv.tpp:139]   --->   Operation 2382 'getelementptr' 'void_UpConv_Fused_Row_ap_uint_ap_uint_const_ap_uint_const_ap_uint_const_ap_u_19' <Predicate = (icmp_ln132 & icmp_ln134)> <Delay = 0.00>
ST_109 : Operation 2383 [1/1] (0.00ns)   --->   "%void_UpConv_Fused_Row_ap_uint_ap_uint_const_ap_uint_const_ap_uint_const_ap_u_20 = getelementptr i16 %void_UpConv_Fused_Row_ap_uint_ap_uint_const_ap_uint_const_ap_uint_const_ap_u_7, i64 0, i64 %zext_ln139" [../gen/Hls_Layers_UpConv.tpp:139]   --->   Operation 2383 'getelementptr' 'void_UpConv_Fused_Row_ap_uint_ap_uint_const_ap_uint_const_ap_uint_const_ap_u_20' <Predicate = (icmp_ln132 & icmp_ln134)> <Delay = 0.00>
ST_109 : Operation 2384 [1/1] (0.00ns)   --->   "%void_UpConv_Fused_Row_ap_uint_ap_uint_const_ap_uint_const_ap_uint_const_ap_u_21 = getelementptr i16 %void_UpConv_Fused_Row_ap_uint_ap_uint_const_ap_uint_const_ap_uint_const_ap_u_6, i64 0, i64 %zext_ln139" [../gen/Hls_Layers_UpConv.tpp:139]   --->   Operation 2384 'getelementptr' 'void_UpConv_Fused_Row_ap_uint_ap_uint_const_ap_uint_const_ap_uint_const_ap_u_21' <Predicate = (icmp_ln132 & icmp_ln134)> <Delay = 0.00>
ST_109 : Operation 2385 [1/1] (0.00ns)   --->   "%void_UpConv_Fused_Row_ap_uint_ap_uint_const_ap_uint_const_ap_uint_const_ap_u_22 = getelementptr i16 %void_UpConv_Fused_Row_ap_uint_ap_uint_const_ap_uint_const_ap_uint_const_ap_u_5, i64 0, i64 %zext_ln139" [../gen/Hls_Layers_UpConv.tpp:139]   --->   Operation 2385 'getelementptr' 'void_UpConv_Fused_Row_ap_uint_ap_uint_const_ap_uint_const_ap_uint_const_ap_u_22' <Predicate = (icmp_ln132 & icmp_ln134)> <Delay = 0.00>
ST_109 : Operation 2386 [1/1] (0.00ns)   --->   "%void_UpConv_Fused_Row_ap_uint_ap_uint_const_ap_uint_const_ap_uint_const_ap_u_23 = getelementptr i16 %void_UpConv_Fused_Row_ap_uint_ap_uint_const_ap_uint_const_ap_uint_const_ap_u_4, i64 0, i64 %zext_ln139" [../gen/Hls_Layers_UpConv.tpp:139]   --->   Operation 2386 'getelementptr' 'void_UpConv_Fused_Row_ap_uint_ap_uint_const_ap_uint_const_ap_uint_const_ap_u_23' <Predicate = (icmp_ln132 & icmp_ln134)> <Delay = 0.00>
ST_109 : Operation 2387 [1/1] (0.00ns)   --->   "%void_UpConv_Fused_Row_ap_uint_ap_uint_const_ap_uint_const_ap_uint_const_ap_u_24 = getelementptr i16 %void_UpConv_Fused_Row_ap_uint_ap_uint_const_ap_uint_const_ap_uint_const_ap_u_3, i64 0, i64 %zext_ln139" [../gen/Hls_Layers_UpConv.tpp:139]   --->   Operation 2387 'getelementptr' 'void_UpConv_Fused_Row_ap_uint_ap_uint_const_ap_uint_const_ap_uint_const_ap_u_24' <Predicate = (icmp_ln132 & icmp_ln134)> <Delay = 0.00>
ST_109 : Operation 2388 [1/1] (0.00ns)   --->   "%void_UpConv_Fused_Row_ap_uint_ap_uint_const_ap_uint_const_ap_uint_const_ap_u_25 = getelementptr i16 %void_UpConv_Fused_Row_ap_uint_ap_uint_const_ap_uint_const_ap_uint_const_ap_u_2, i64 0, i64 %zext_ln139" [../gen/Hls_Layers_UpConv.tpp:139]   --->   Operation 2388 'getelementptr' 'void_UpConv_Fused_Row_ap_uint_ap_uint_const_ap_uint_const_ap_uint_const_ap_u_25' <Predicate = (icmp_ln132 & icmp_ln134)> <Delay = 0.00>
ST_109 : Operation 2389 [1/1] (0.00ns)   --->   "%void_UpConv_Fused_Row_ap_uint_ap_uint_const_ap_uint_const_ap_uint_const_ap_u_26 = getelementptr i16 %void_UpConv_Fused_Row_ap_uint_ap_uint_const_ap_uint_const_ap_uint_const_ap_u_1, i64 0, i64 %zext_ln139" [../gen/Hls_Layers_UpConv.tpp:139]   --->   Operation 2389 'getelementptr' 'void_UpConv_Fused_Row_ap_uint_ap_uint_const_ap_uint_const_ap_uint_const_ap_u_26' <Predicate = (icmp_ln132 & icmp_ln134)> <Delay = 0.00>
ST_109 : Operation 2390 [1/1] (0.00ns)   --->   "%void_UpConv_Fused_Row_ap_uint_ap_uint_const_ap_uint_const_ap_uint_const_ap_u_27 = getelementptr i16 %void_UpConv_Fused_Row_ap_uint_ap_uint_const_ap_uint_const_ap_uint_const_ap_u, i64 0, i64 %zext_ln139" [../gen/Hls_Layers_UpConv.tpp:139]   --->   Operation 2390 'getelementptr' 'void_UpConv_Fused_Row_ap_uint_ap_uint_const_ap_uint_const_ap_uint_const_ap_u_27' <Predicate = (icmp_ln132 & icmp_ln134)> <Delay = 0.00>
ST_109 : Operation 2391 [2/5] (2.33ns)   --->   "%total = hadd i16 %add4, i16 %psum_3_load_1" [../gen/Hls_Layers_UpConv.tpp:138]   --->   Operation 2391 'hadd' 'total' <Predicate = (icmp_ln132 & icmp_ln134)> <Delay = 2.33> <CoreInst = "HAddSub_fulldsp">   --->   Core 55 'HAddSub_fulldsp' <Latency = 4> <II = 1> <Delay = 2.33> <FuncUnit> <Opcode : 'hadd' 'hsub'> <InPorts = 2> <OutPorts = 1>
ST_109 : Operation 2392 [2/2] (1.23ns)   --->   "%void_UpConv_Fused_Row_ap_uint_ap_uint_const_ap_uint_const_ap_uint_const_ap_u_28 = load i10 %void_UpConv_Fused_Row_ap_uint_ap_uint_const_ap_uint_const_ap_uint_const_ap_u_18" [../gen/Hls_Layers_UpConv.tpp:139]   --->   Operation 2392 'load' 'void_UpConv_Fused_Row_ap_uint_ap_uint_const_ap_uint_const_ap_uint_const_ap_u_28' <Predicate = (icmp_ln132 & icmp_ln134 & !p_read_1)> <Delay = 1.23> <CoreInst = "RAM_T2P_URAM">   --->   Core 99 'RAM_T2P_URAM' <Latency = 1> <II = 1> <Delay = 1.23> <Storage> <Opcode : 'load' 'store'> <Ports = 2> <Width = 16> <Depth = 960> <RAM>
ST_109 : Operation 2393 [2/2] (1.23ns)   --->   "%void_UpConv_Fused_Row_ap_uint_ap_uint_const_ap_uint_const_ap_uint_const_ap_u_29 = load i10 %void_UpConv_Fused_Row_ap_uint_ap_uint_const_ap_uint_const_ap_uint_const_ap_u_26" [../gen/Hls_Layers_UpConv.tpp:139]   --->   Operation 2393 'load' 'void_UpConv_Fused_Row_ap_uint_ap_uint_const_ap_uint_const_ap_uint_const_ap_u_29' <Predicate = (icmp_ln132 & icmp_ln134 & p_read_1)> <Delay = 1.23> <CoreInst = "RAM_T2P_URAM">   --->   Core 99 'RAM_T2P_URAM' <Latency = 1> <II = 1> <Delay = 1.23> <Storage> <Opcode : 'load' 'store'> <Ports = 2> <Width = 16> <Depth = 960> <RAM>
ST_109 : Operation 2394 [2/5] (2.33ns)   --->   "%total_1 = hadd i16 %add88_1, i16 %psum_7_load_1" [../gen/Hls_Layers_UpConv.tpp:138]   --->   Operation 2394 'hadd' 'total_1' <Predicate = (icmp_ln132 & icmp_ln134)> <Delay = 2.33> <CoreInst = "HAddSub_fulldsp">   --->   Core 55 'HAddSub_fulldsp' <Latency = 4> <II = 1> <Delay = 2.33> <FuncUnit> <Opcode : 'hadd' 'hsub'> <InPorts = 2> <OutPorts = 1>
ST_109 : Operation 2395 [2/2] (1.23ns)   --->   "%void_UpConv_Fused_Row_ap_uint_ap_uint_const_ap_uint_const_ap_uint_const_ap_u_16 = load i10 %void_UpConv_Fused_Row_ap_uint_ap_uint_const_ap_uint_const_ap_uint_const_ap_u_19" [../gen/Hls_Layers_UpConv.tpp:139]   --->   Operation 2395 'load' 'void_UpConv_Fused_Row_ap_uint_ap_uint_const_ap_uint_const_ap_uint_const_ap_u_16' <Predicate = (icmp_ln132 & icmp_ln134 & !p_read_1)> <Delay = 1.23> <CoreInst = "RAM_T2P_URAM">   --->   Core 99 'RAM_T2P_URAM' <Latency = 1> <II = 1> <Delay = 1.23> <Storage> <Opcode : 'load' 'store'> <Ports = 2> <Width = 16> <Depth = 960> <RAM>
ST_109 : Operation 2396 [2/2] (1.23ns)   --->   "%void_UpConv_Fused_Row_ap_uint_ap_uint_const_ap_uint_const_ap_uint_const_ap_u_17 = load i10 %void_UpConv_Fused_Row_ap_uint_ap_uint_const_ap_uint_const_ap_uint_const_ap_u_27" [../gen/Hls_Layers_UpConv.tpp:139]   --->   Operation 2396 'load' 'void_UpConv_Fused_Row_ap_uint_ap_uint_const_ap_uint_const_ap_uint_const_ap_u_17' <Predicate = (icmp_ln132 & icmp_ln134 & p_read_1)> <Delay = 1.23> <CoreInst = "RAM_T2P_URAM">   --->   Core 99 'RAM_T2P_URAM' <Latency = 1> <II = 1> <Delay = 1.23> <Storage> <Opcode : 'load' 'store'> <Ports = 2> <Width = 16> <Depth = 960> <RAM>
ST_109 : Operation 2397 [2/5] (2.33ns)   --->   "%total_2 = hadd i16 %add88_2, i16 %psum_11_load_1" [../gen/Hls_Layers_UpConv.tpp:138]   --->   Operation 2397 'hadd' 'total_2' <Predicate = (icmp_ln132 & icmp_ln134)> <Delay = 2.33> <CoreInst = "HAddSub_fulldsp">   --->   Core 55 'HAddSub_fulldsp' <Latency = 4> <II = 1> <Delay = 2.33> <FuncUnit> <Opcode : 'hadd' 'hsub'> <InPorts = 2> <OutPorts = 1>
ST_109 : Operation 2398 [2/2] (1.23ns)   --->   "%void_UpConv_Fused_Row_ap_uint_ap_uint_const_ap_uint_const_ap_uint_const_ap_u_15 = load i10 %void_UpConv_Fused_Row_ap_uint_ap_uint_const_ap_uint_const_ap_uint_const_ap_u_20" [../gen/Hls_Layers_UpConv.tpp:139]   --->   Operation 2398 'load' 'void_UpConv_Fused_Row_ap_uint_ap_uint_const_ap_uint_const_ap_uint_const_ap_u_15' <Predicate = (icmp_ln132 & icmp_ln134 & !p_read_1)> <Delay = 1.23> <CoreInst = "RAM_T2P_URAM">   --->   Core 99 'RAM_T2P_URAM' <Latency = 1> <II = 1> <Delay = 1.23> <Storage> <Opcode : 'load' 'store'> <Ports = 2> <Width = 16> <Depth = 960> <RAM>
ST_109 : Operation 2399 [2/2] (1.23ns)   --->   "%p_ZZ16UpConv_Fused_RowILi8ELi16ELi16ELi960ELi480EEvP7ap_uintILi256EEPKS1_S4_S4_S4_11 = load i10 %p_ZZ16UpConv_Fused_RowILi8ELi16ELi16ELi960ELi480EEvP7ap_uintILi256EEPKS1_S4_S4_S4_12" [../gen/Hls_Layers_UpConv.tpp:139]   --->   Operation 2399 'load' 'p_ZZ16UpConv_Fused_RowILi8ELi16ELi16ELi960ELi480EEvP7ap_uintILi256EEPKS1_S4_S4_S4_11' <Predicate = (icmp_ln132 & icmp_ln134 & p_read_1)> <Delay = 1.23> <CoreInst = "RAM_T2P_URAM">   --->   Core 99 'RAM_T2P_URAM' <Latency = 1> <II = 1> <Delay = 1.23> <Storage> <Opcode : 'load' 'store'> <Ports = 2> <Width = 16> <Depth = 960> <RAM>
ST_109 : Operation 2400 [2/5] (2.33ns)   --->   "%total_3 = hadd i16 %add88_3, i16 %psum_15_load_1" [../gen/Hls_Layers_UpConv.tpp:138]   --->   Operation 2400 'hadd' 'total_3' <Predicate = (icmp_ln132 & icmp_ln134)> <Delay = 2.33> <CoreInst = "HAddSub_fulldsp">   --->   Core 55 'HAddSub_fulldsp' <Latency = 4> <II = 1> <Delay = 2.33> <FuncUnit> <Opcode : 'hadd' 'hsub'> <InPorts = 2> <OutPorts = 1>
ST_109 : Operation 2401 [2/2] (1.23ns)   --->   "%void_UpConv_Fused_Row_ap_uint_ap_uint_const_ap_uint_const_ap_uint_const_ap_u_14 = load i10 %void_UpConv_Fused_Row_ap_uint_ap_uint_const_ap_uint_const_ap_uint_const_ap_u_21" [../gen/Hls_Layers_UpConv.tpp:139]   --->   Operation 2401 'load' 'void_UpConv_Fused_Row_ap_uint_ap_uint_const_ap_uint_const_ap_uint_const_ap_u_14' <Predicate = (icmp_ln132 & icmp_ln134 & !p_read_1)> <Delay = 1.23> <CoreInst = "RAM_T2P_URAM">   --->   Core 99 'RAM_T2P_URAM' <Latency = 1> <II = 1> <Delay = 1.23> <Storage> <Opcode : 'load' 'store'> <Ports = 2> <Width = 16> <Depth = 960> <RAM>
ST_109 : Operation 2402 [2/2] (1.23ns)   --->   "%p_ZZ16UpConv_Fused_RowILi8ELi16ELi16ELi960ELi480EEvP7ap_uintILi256EEPKS1_S4_S4_S4_10 = load i10 %p_ZZ16UpConv_Fused_RowILi8ELi16ELi16ELi960ELi480EEvP7ap_uintILi256EEPKS1_S4_S4_S4_13" [../gen/Hls_Layers_UpConv.tpp:139]   --->   Operation 2402 'load' 'p_ZZ16UpConv_Fused_RowILi8ELi16ELi16ELi960ELi480EEvP7ap_uintILi256EEPKS1_S4_S4_S4_10' <Predicate = (icmp_ln132 & icmp_ln134 & p_read_1)> <Delay = 1.23> <CoreInst = "RAM_T2P_URAM">   --->   Core 99 'RAM_T2P_URAM' <Latency = 1> <II = 1> <Delay = 1.23> <Storage> <Opcode : 'load' 'store'> <Ports = 2> <Width = 16> <Depth = 960> <RAM>
ST_109 : Operation 2403 [2/5] (2.33ns)   --->   "%total_4 = hadd i16 %add88_4, i16 %psum_19_load_1" [../gen/Hls_Layers_UpConv.tpp:138]   --->   Operation 2403 'hadd' 'total_4' <Predicate = (icmp_ln132 & icmp_ln134)> <Delay = 2.33> <CoreInst = "HAddSub_fulldsp">   --->   Core 55 'HAddSub_fulldsp' <Latency = 4> <II = 1> <Delay = 2.33> <FuncUnit> <Opcode : 'hadd' 'hsub'> <InPorts = 2> <OutPorts = 1>
ST_109 : Operation 2404 [2/2] (1.23ns)   --->   "%void_UpConv_Fused_Row_ap_uint_ap_uint_const_ap_uint_const_ap_uint_const_ap_u_13 = load i10 %void_UpConv_Fused_Row_ap_uint_ap_uint_const_ap_uint_const_ap_uint_const_ap_u_22" [../gen/Hls_Layers_UpConv.tpp:139]   --->   Operation 2404 'load' 'void_UpConv_Fused_Row_ap_uint_ap_uint_const_ap_uint_const_ap_uint_const_ap_u_13' <Predicate = (icmp_ln132 & icmp_ln134 & !p_read_1)> <Delay = 1.23> <CoreInst = "RAM_T2P_URAM">   --->   Core 99 'RAM_T2P_URAM' <Latency = 1> <II = 1> <Delay = 1.23> <Storage> <Opcode : 'load' 'store'> <Ports = 2> <Width = 16> <Depth = 960> <RAM>
ST_109 : Operation 2405 [2/2] (1.23ns)   --->   "%p_ZZ16UpConv_Fused_RowILi8ELi16ELi16ELi960ELi480EEvP7ap_uintILi256EEPKS1_S4_S4_S4_9 = load i10 %p_ZZ16UpConv_Fused_RowILi8ELi16ELi16ELi960ELi480EEvP7ap_uintILi256EEPKS1_S4_S4_S4_14" [../gen/Hls_Layers_UpConv.tpp:139]   --->   Operation 2405 'load' 'p_ZZ16UpConv_Fused_RowILi8ELi16ELi16ELi960ELi480EEvP7ap_uintILi256EEPKS1_S4_S4_S4_9' <Predicate = (icmp_ln132 & icmp_ln134 & p_read_1)> <Delay = 1.23> <CoreInst = "RAM_T2P_URAM">   --->   Core 99 'RAM_T2P_URAM' <Latency = 1> <II = 1> <Delay = 1.23> <Storage> <Opcode : 'load' 'store'> <Ports = 2> <Width = 16> <Depth = 960> <RAM>
ST_109 : Operation 2406 [2/5] (2.33ns)   --->   "%total_5 = hadd i16 %add88_5, i16 %psum_23_load_1" [../gen/Hls_Layers_UpConv.tpp:138]   --->   Operation 2406 'hadd' 'total_5' <Predicate = (icmp_ln132 & icmp_ln134)> <Delay = 2.33> <CoreInst = "HAddSub_fulldsp">   --->   Core 55 'HAddSub_fulldsp' <Latency = 4> <II = 1> <Delay = 2.33> <FuncUnit> <Opcode : 'hadd' 'hsub'> <InPorts = 2> <OutPorts = 1>
ST_109 : Operation 2407 [2/2] (1.23ns)   --->   "%void_UpConv_Fused_Row_ap_uint_ap_uint_const_ap_uint_const_ap_uint_const_ap_u_12 = load i10 %void_UpConv_Fused_Row_ap_uint_ap_uint_const_ap_uint_const_ap_uint_const_ap_u_23" [../gen/Hls_Layers_UpConv.tpp:139]   --->   Operation 2407 'load' 'void_UpConv_Fused_Row_ap_uint_ap_uint_const_ap_uint_const_ap_uint_const_ap_u_12' <Predicate = (icmp_ln132 & icmp_ln134 & !p_read_1)> <Delay = 1.23> <CoreInst = "RAM_T2P_URAM">   --->   Core 99 'RAM_T2P_URAM' <Latency = 1> <II = 1> <Delay = 1.23> <Storage> <Opcode : 'load' 'store'> <Ports = 2> <Width = 16> <Depth = 960> <RAM>
ST_109 : Operation 2408 [2/2] (1.23ns)   --->   "%p_ZZ16UpConv_Fused_RowILi8ELi16ELi16ELi960ELi480EEvP7ap_uintILi256EEPKS1_S4_S4_S4_8 = load i10 %p_ZZ16UpConv_Fused_RowILi8ELi16ELi16ELi960ELi480EEvP7ap_uintILi256EEPKS1_S4_S4_S4_15" [../gen/Hls_Layers_UpConv.tpp:139]   --->   Operation 2408 'load' 'p_ZZ16UpConv_Fused_RowILi8ELi16ELi16ELi960ELi480EEvP7ap_uintILi256EEPKS1_S4_S4_S4_8' <Predicate = (icmp_ln132 & icmp_ln134 & p_read_1)> <Delay = 1.23> <CoreInst = "RAM_T2P_URAM">   --->   Core 99 'RAM_T2P_URAM' <Latency = 1> <II = 1> <Delay = 1.23> <Storage> <Opcode : 'load' 'store'> <Ports = 2> <Width = 16> <Depth = 960> <RAM>
ST_109 : Operation 2409 [2/5] (2.33ns)   --->   "%total_6 = hadd i16 %add88_6, i16 %psum_27_load_1" [../gen/Hls_Layers_UpConv.tpp:138]   --->   Operation 2409 'hadd' 'total_6' <Predicate = (icmp_ln132 & icmp_ln134)> <Delay = 2.33> <CoreInst = "HAddSub_fulldsp">   --->   Core 55 'HAddSub_fulldsp' <Latency = 4> <II = 1> <Delay = 2.33> <FuncUnit> <Opcode : 'hadd' 'hsub'> <InPorts = 2> <OutPorts = 1>
ST_109 : Operation 2410 [2/2] (1.23ns)   --->   "%void_UpConv_Fused_Row_ap_uint_ap_uint_const_ap_uint_const_ap_uint_const_ap_u_11 = load i10 %void_UpConv_Fused_Row_ap_uint_ap_uint_const_ap_uint_const_ap_uint_const_ap_u_24" [../gen/Hls_Layers_UpConv.tpp:139]   --->   Operation 2410 'load' 'void_UpConv_Fused_Row_ap_uint_ap_uint_const_ap_uint_const_ap_uint_const_ap_u_11' <Predicate = (icmp_ln132 & icmp_ln134 & !p_read_1)> <Delay = 1.23> <CoreInst = "RAM_T2P_URAM">   --->   Core 99 'RAM_T2P_URAM' <Latency = 1> <II = 1> <Delay = 1.23> <Storage> <Opcode : 'load' 'store'> <Ports = 2> <Width = 16> <Depth = 960> <RAM>
ST_109 : Operation 2411 [2/2] (1.23ns)   --->   "%p_ZZ16UpConv_Fused_RowILi8ELi16ELi16ELi960ELi480EEvP7ap_uintILi256EEPKS1_S4_S4_S4_7 = load i10 %p_ZZ16UpConv_Fused_RowILi8ELi16ELi16ELi960ELi480EEvP7ap_uintILi256EEPKS1_S4_S4_S4_16" [../gen/Hls_Layers_UpConv.tpp:139]   --->   Operation 2411 'load' 'p_ZZ16UpConv_Fused_RowILi8ELi16ELi16ELi960ELi480EEvP7ap_uintILi256EEPKS1_S4_S4_S4_7' <Predicate = (icmp_ln132 & icmp_ln134 & p_read_1)> <Delay = 1.23> <CoreInst = "RAM_T2P_URAM">   --->   Core 99 'RAM_T2P_URAM' <Latency = 1> <II = 1> <Delay = 1.23> <Storage> <Opcode : 'load' 'store'> <Ports = 2> <Width = 16> <Depth = 960> <RAM>
ST_109 : Operation 2412 [2/5] (2.33ns)   --->   "%total_7 = hadd i16 %add88_7, i16 %psum_31_load_1" [../gen/Hls_Layers_UpConv.tpp:138]   --->   Operation 2412 'hadd' 'total_7' <Predicate = (icmp_ln132 & icmp_ln134)> <Delay = 2.33> <CoreInst = "HAddSub_fulldsp">   --->   Core 55 'HAddSub_fulldsp' <Latency = 4> <II = 1> <Delay = 2.33> <FuncUnit> <Opcode : 'hadd' 'hsub'> <InPorts = 2> <OutPorts = 1>
ST_109 : Operation 2413 [2/2] (1.23ns)   --->   "%void_UpConv_Fused_Row_ap_uint_ap_uint_const_ap_uint_const_ap_uint_const_ap_u_10 = load i10 %void_UpConv_Fused_Row_ap_uint_ap_uint_const_ap_uint_const_ap_uint_const_ap_u_25" [../gen/Hls_Layers_UpConv.tpp:139]   --->   Operation 2413 'load' 'void_UpConv_Fused_Row_ap_uint_ap_uint_const_ap_uint_const_ap_uint_const_ap_u_10' <Predicate = (icmp_ln132 & icmp_ln134 & !p_read_1)> <Delay = 1.23> <CoreInst = "RAM_T2P_URAM">   --->   Core 99 'RAM_T2P_URAM' <Latency = 1> <II = 1> <Delay = 1.23> <Storage> <Opcode : 'load' 'store'> <Ports = 2> <Width = 16> <Depth = 960> <RAM>
ST_109 : Operation 2414 [2/2] (1.23ns)   --->   "%p_ZZ16UpConv_Fused_RowILi8ELi16ELi16ELi960ELi480EEvP7ap_uintILi256EEPKS1_S4_S4_S4_6 = load i10 %p_ZZ16UpConv_Fused_RowILi8ELi16ELi16ELi960ELi480EEvP7ap_uintILi256EEPKS1_S4_S4_S4_17" [../gen/Hls_Layers_UpConv.tpp:139]   --->   Operation 2414 'load' 'p_ZZ16UpConv_Fused_RowILi8ELi16ELi16ELi960ELi480EEvP7ap_uintILi256EEPKS1_S4_S4_S4_6' <Predicate = (icmp_ln132 & icmp_ln134 & p_read_1)> <Delay = 1.23> <CoreInst = "RAM_T2P_URAM">   --->   Core 99 'RAM_T2P_URAM' <Latency = 1> <II = 1> <Delay = 1.23> <Storage> <Opcode : 'load' 'store'> <Ports = 2> <Width = 16> <Depth = 960> <RAM>

State 110 <SV = 109> <Delay = 2.33>
ST_110 : Operation 2415 [1/5] (2.33ns)   --->   "%total = hadd i16 %add4, i16 %psum_3_load_1" [../gen/Hls_Layers_UpConv.tpp:138]   --->   Operation 2415 'hadd' 'total' <Predicate = (icmp_ln132 & icmp_ln134)> <Delay = 2.33> <CoreInst = "HAddSub_fulldsp">   --->   Core 55 'HAddSub_fulldsp' <Latency = 4> <II = 1> <Delay = 2.33> <FuncUnit> <Opcode : 'hadd' 'hsub'> <InPorts = 2> <OutPorts = 1>
ST_110 : Operation 2416 [1/2] ( I:1.23ns O:1.23ns )   --->   "%void_UpConv_Fused_Row_ap_uint_ap_uint_const_ap_uint_const_ap_uint_const_ap_u_28 = load i10 %void_UpConv_Fused_Row_ap_uint_ap_uint_const_ap_uint_const_ap_uint_const_ap_u_18" [../gen/Hls_Layers_UpConv.tpp:139]   --->   Operation 2416 'load' 'void_UpConv_Fused_Row_ap_uint_ap_uint_const_ap_uint_const_ap_uint_const_ap_u_28' <Predicate = (icmp_ln132 & icmp_ln134 & !p_read_1)> <Delay = 1.23> <CoreInst = "RAM_T2P_URAM">   --->   Core 99 'RAM_T2P_URAM' <Latency = 1> <II = 1> <Delay = 1.23> <Storage> <Opcode : 'load' 'store'> <Ports = 2> <Width = 16> <Depth = 960> <RAM>
ST_110 : Operation 2417 [1/2] ( I:1.23ns O:1.23ns )   --->   "%void_UpConv_Fused_Row_ap_uint_ap_uint_const_ap_uint_const_ap_uint_const_ap_u_29 = load i10 %void_UpConv_Fused_Row_ap_uint_ap_uint_const_ap_uint_const_ap_uint_const_ap_u_26" [../gen/Hls_Layers_UpConv.tpp:139]   --->   Operation 2417 'load' 'void_UpConv_Fused_Row_ap_uint_ap_uint_const_ap_uint_const_ap_uint_const_ap_u_29' <Predicate = (icmp_ln132 & icmp_ln134 & p_read_1)> <Delay = 1.23> <CoreInst = "RAM_T2P_URAM">   --->   Core 99 'RAM_T2P_URAM' <Latency = 1> <II = 1> <Delay = 1.23> <Storage> <Opcode : 'load' 'store'> <Ports = 2> <Width = 16> <Depth = 960> <RAM>
ST_110 : Operation 2418 [1/1] (0.35ns)   --->   "%select_ln139 = select i1 %p_read_1, i16 %void_UpConv_Fused_Row_ap_uint_ap_uint_const_ap_uint_const_ap_uint_const_ap_u_29, i16 %void_UpConv_Fused_Row_ap_uint_ap_uint_const_ap_uint_const_ap_uint_const_ap_u_28" [../gen/Hls_Layers_UpConv.tpp:139]   --->   Operation 2418 'select' 'select_ln139' <Predicate = (icmp_ln132 & icmp_ln134)> <Delay = 0.35> <CoreInst = "Sel">   --->   Core 73 'Sel' <Latency = 0> <II = 1> <Delay = 0.35> <FuncUnit> <Opcode : 'select'> <InPorts = 3> <OutPorts = 1>
ST_110 : Operation 2419 [1/5] (2.33ns)   --->   "%total_1 = hadd i16 %add88_1, i16 %psum_7_load_1" [../gen/Hls_Layers_UpConv.tpp:138]   --->   Operation 2419 'hadd' 'total_1' <Predicate = (icmp_ln132 & icmp_ln134)> <Delay = 2.33> <CoreInst = "HAddSub_fulldsp">   --->   Core 55 'HAddSub_fulldsp' <Latency = 4> <II = 1> <Delay = 2.33> <FuncUnit> <Opcode : 'hadd' 'hsub'> <InPorts = 2> <OutPorts = 1>
ST_110 : Operation 2420 [1/2] ( I:1.23ns O:1.23ns )   --->   "%void_UpConv_Fused_Row_ap_uint_ap_uint_const_ap_uint_const_ap_uint_const_ap_u_16 = load i10 %void_UpConv_Fused_Row_ap_uint_ap_uint_const_ap_uint_const_ap_uint_const_ap_u_19" [../gen/Hls_Layers_UpConv.tpp:139]   --->   Operation 2420 'load' 'void_UpConv_Fused_Row_ap_uint_ap_uint_const_ap_uint_const_ap_uint_const_ap_u_16' <Predicate = (icmp_ln132 & icmp_ln134 & !p_read_1)> <Delay = 1.23> <CoreInst = "RAM_T2P_URAM">   --->   Core 99 'RAM_T2P_URAM' <Latency = 1> <II = 1> <Delay = 1.23> <Storage> <Opcode : 'load' 'store'> <Ports = 2> <Width = 16> <Depth = 960> <RAM>
ST_110 : Operation 2421 [1/2] ( I:1.23ns O:1.23ns )   --->   "%void_UpConv_Fused_Row_ap_uint_ap_uint_const_ap_uint_const_ap_uint_const_ap_u_17 = load i10 %void_UpConv_Fused_Row_ap_uint_ap_uint_const_ap_uint_const_ap_uint_const_ap_u_27" [../gen/Hls_Layers_UpConv.tpp:139]   --->   Operation 2421 'load' 'void_UpConv_Fused_Row_ap_uint_ap_uint_const_ap_uint_const_ap_uint_const_ap_u_17' <Predicate = (icmp_ln132 & icmp_ln134 & p_read_1)> <Delay = 1.23> <CoreInst = "RAM_T2P_URAM">   --->   Core 99 'RAM_T2P_URAM' <Latency = 1> <II = 1> <Delay = 1.23> <Storage> <Opcode : 'load' 'store'> <Ports = 2> <Width = 16> <Depth = 960> <RAM>
ST_110 : Operation 2422 [1/1] (0.35ns)   --->   "%select_ln139_1 = select i1 %p_read_1, i16 %void_UpConv_Fused_Row_ap_uint_ap_uint_const_ap_uint_const_ap_uint_const_ap_u_17, i16 %void_UpConv_Fused_Row_ap_uint_ap_uint_const_ap_uint_const_ap_uint_const_ap_u_16" [../gen/Hls_Layers_UpConv.tpp:139]   --->   Operation 2422 'select' 'select_ln139_1' <Predicate = (icmp_ln132 & icmp_ln134)> <Delay = 0.35> <CoreInst = "Sel">   --->   Core 73 'Sel' <Latency = 0> <II = 1> <Delay = 0.35> <FuncUnit> <Opcode : 'select'> <InPorts = 3> <OutPorts = 1>
ST_110 : Operation 2423 [1/5] (2.33ns)   --->   "%total_2 = hadd i16 %add88_2, i16 %psum_11_load_1" [../gen/Hls_Layers_UpConv.tpp:138]   --->   Operation 2423 'hadd' 'total_2' <Predicate = (icmp_ln132 & icmp_ln134)> <Delay = 2.33> <CoreInst = "HAddSub_fulldsp">   --->   Core 55 'HAddSub_fulldsp' <Latency = 4> <II = 1> <Delay = 2.33> <FuncUnit> <Opcode : 'hadd' 'hsub'> <InPorts = 2> <OutPorts = 1>
ST_110 : Operation 2424 [1/2] ( I:1.23ns O:1.23ns )   --->   "%void_UpConv_Fused_Row_ap_uint_ap_uint_const_ap_uint_const_ap_uint_const_ap_u_15 = load i10 %void_UpConv_Fused_Row_ap_uint_ap_uint_const_ap_uint_const_ap_uint_const_ap_u_20" [../gen/Hls_Layers_UpConv.tpp:139]   --->   Operation 2424 'load' 'void_UpConv_Fused_Row_ap_uint_ap_uint_const_ap_uint_const_ap_uint_const_ap_u_15' <Predicate = (icmp_ln132 & icmp_ln134 & !p_read_1)> <Delay = 1.23> <CoreInst = "RAM_T2P_URAM">   --->   Core 99 'RAM_T2P_URAM' <Latency = 1> <II = 1> <Delay = 1.23> <Storage> <Opcode : 'load' 'store'> <Ports = 2> <Width = 16> <Depth = 960> <RAM>
ST_110 : Operation 2425 [1/2] ( I:1.23ns O:1.23ns )   --->   "%p_ZZ16UpConv_Fused_RowILi8ELi16ELi16ELi960ELi480EEvP7ap_uintILi256EEPKS1_S4_S4_S4_11 = load i10 %p_ZZ16UpConv_Fused_RowILi8ELi16ELi16ELi960ELi480EEvP7ap_uintILi256EEPKS1_S4_S4_S4_12" [../gen/Hls_Layers_UpConv.tpp:139]   --->   Operation 2425 'load' 'p_ZZ16UpConv_Fused_RowILi8ELi16ELi16ELi960ELi480EEvP7ap_uintILi256EEPKS1_S4_S4_S4_11' <Predicate = (icmp_ln132 & icmp_ln134 & p_read_1)> <Delay = 1.23> <CoreInst = "RAM_T2P_URAM">   --->   Core 99 'RAM_T2P_URAM' <Latency = 1> <II = 1> <Delay = 1.23> <Storage> <Opcode : 'load' 'store'> <Ports = 2> <Width = 16> <Depth = 960> <RAM>
ST_110 : Operation 2426 [1/1] (0.35ns)   --->   "%select_ln139_2 = select i1 %p_read_1, i16 %p_ZZ16UpConv_Fused_RowILi8ELi16ELi16ELi960ELi480EEvP7ap_uintILi256EEPKS1_S4_S4_S4_11, i16 %void_UpConv_Fused_Row_ap_uint_ap_uint_const_ap_uint_const_ap_uint_const_ap_u_15" [../gen/Hls_Layers_UpConv.tpp:139]   --->   Operation 2426 'select' 'select_ln139_2' <Predicate = (icmp_ln132 & icmp_ln134)> <Delay = 0.35> <CoreInst = "Sel">   --->   Core 73 'Sel' <Latency = 0> <II = 1> <Delay = 0.35> <FuncUnit> <Opcode : 'select'> <InPorts = 3> <OutPorts = 1>
ST_110 : Operation 2427 [1/5] (2.33ns)   --->   "%total_3 = hadd i16 %add88_3, i16 %psum_15_load_1" [../gen/Hls_Layers_UpConv.tpp:138]   --->   Operation 2427 'hadd' 'total_3' <Predicate = (icmp_ln132 & icmp_ln134)> <Delay = 2.33> <CoreInst = "HAddSub_fulldsp">   --->   Core 55 'HAddSub_fulldsp' <Latency = 4> <II = 1> <Delay = 2.33> <FuncUnit> <Opcode : 'hadd' 'hsub'> <InPorts = 2> <OutPorts = 1>
ST_110 : Operation 2428 [1/2] ( I:1.23ns O:1.23ns )   --->   "%void_UpConv_Fused_Row_ap_uint_ap_uint_const_ap_uint_const_ap_uint_const_ap_u_14 = load i10 %void_UpConv_Fused_Row_ap_uint_ap_uint_const_ap_uint_const_ap_uint_const_ap_u_21" [../gen/Hls_Layers_UpConv.tpp:139]   --->   Operation 2428 'load' 'void_UpConv_Fused_Row_ap_uint_ap_uint_const_ap_uint_const_ap_uint_const_ap_u_14' <Predicate = (icmp_ln132 & icmp_ln134 & !p_read_1)> <Delay = 1.23> <CoreInst = "RAM_T2P_URAM">   --->   Core 99 'RAM_T2P_URAM' <Latency = 1> <II = 1> <Delay = 1.23> <Storage> <Opcode : 'load' 'store'> <Ports = 2> <Width = 16> <Depth = 960> <RAM>
ST_110 : Operation 2429 [1/2] ( I:1.23ns O:1.23ns )   --->   "%p_ZZ16UpConv_Fused_RowILi8ELi16ELi16ELi960ELi480EEvP7ap_uintILi256EEPKS1_S4_S4_S4_10 = load i10 %p_ZZ16UpConv_Fused_RowILi8ELi16ELi16ELi960ELi480EEvP7ap_uintILi256EEPKS1_S4_S4_S4_13" [../gen/Hls_Layers_UpConv.tpp:139]   --->   Operation 2429 'load' 'p_ZZ16UpConv_Fused_RowILi8ELi16ELi16ELi960ELi480EEvP7ap_uintILi256EEPKS1_S4_S4_S4_10' <Predicate = (icmp_ln132 & icmp_ln134 & p_read_1)> <Delay = 1.23> <CoreInst = "RAM_T2P_URAM">   --->   Core 99 'RAM_T2P_URAM' <Latency = 1> <II = 1> <Delay = 1.23> <Storage> <Opcode : 'load' 'store'> <Ports = 2> <Width = 16> <Depth = 960> <RAM>
ST_110 : Operation 2430 [1/1] (0.35ns)   --->   "%select_ln139_3 = select i1 %p_read_1, i16 %p_ZZ16UpConv_Fused_RowILi8ELi16ELi16ELi960ELi480EEvP7ap_uintILi256EEPKS1_S4_S4_S4_10, i16 %void_UpConv_Fused_Row_ap_uint_ap_uint_const_ap_uint_const_ap_uint_const_ap_u_14" [../gen/Hls_Layers_UpConv.tpp:139]   --->   Operation 2430 'select' 'select_ln139_3' <Predicate = (icmp_ln132 & icmp_ln134)> <Delay = 0.35> <CoreInst = "Sel">   --->   Core 73 'Sel' <Latency = 0> <II = 1> <Delay = 0.35> <FuncUnit> <Opcode : 'select'> <InPorts = 3> <OutPorts = 1>
ST_110 : Operation 2431 [1/5] (2.33ns)   --->   "%total_4 = hadd i16 %add88_4, i16 %psum_19_load_1" [../gen/Hls_Layers_UpConv.tpp:138]   --->   Operation 2431 'hadd' 'total_4' <Predicate = (icmp_ln132 & icmp_ln134)> <Delay = 2.33> <CoreInst = "HAddSub_fulldsp">   --->   Core 55 'HAddSub_fulldsp' <Latency = 4> <II = 1> <Delay = 2.33> <FuncUnit> <Opcode : 'hadd' 'hsub'> <InPorts = 2> <OutPorts = 1>
ST_110 : Operation 2432 [1/2] ( I:1.23ns O:1.23ns )   --->   "%void_UpConv_Fused_Row_ap_uint_ap_uint_const_ap_uint_const_ap_uint_const_ap_u_13 = load i10 %void_UpConv_Fused_Row_ap_uint_ap_uint_const_ap_uint_const_ap_uint_const_ap_u_22" [../gen/Hls_Layers_UpConv.tpp:139]   --->   Operation 2432 'load' 'void_UpConv_Fused_Row_ap_uint_ap_uint_const_ap_uint_const_ap_uint_const_ap_u_13' <Predicate = (icmp_ln132 & icmp_ln134 & !p_read_1)> <Delay = 1.23> <CoreInst = "RAM_T2P_URAM">   --->   Core 99 'RAM_T2P_URAM' <Latency = 1> <II = 1> <Delay = 1.23> <Storage> <Opcode : 'load' 'store'> <Ports = 2> <Width = 16> <Depth = 960> <RAM>
ST_110 : Operation 2433 [1/2] ( I:1.23ns O:1.23ns )   --->   "%p_ZZ16UpConv_Fused_RowILi8ELi16ELi16ELi960ELi480EEvP7ap_uintILi256EEPKS1_S4_S4_S4_9 = load i10 %p_ZZ16UpConv_Fused_RowILi8ELi16ELi16ELi960ELi480EEvP7ap_uintILi256EEPKS1_S4_S4_S4_14" [../gen/Hls_Layers_UpConv.tpp:139]   --->   Operation 2433 'load' 'p_ZZ16UpConv_Fused_RowILi8ELi16ELi16ELi960ELi480EEvP7ap_uintILi256EEPKS1_S4_S4_S4_9' <Predicate = (icmp_ln132 & icmp_ln134 & p_read_1)> <Delay = 1.23> <CoreInst = "RAM_T2P_URAM">   --->   Core 99 'RAM_T2P_URAM' <Latency = 1> <II = 1> <Delay = 1.23> <Storage> <Opcode : 'load' 'store'> <Ports = 2> <Width = 16> <Depth = 960> <RAM>
ST_110 : Operation 2434 [1/1] (0.35ns)   --->   "%select_ln139_4 = select i1 %p_read_1, i16 %p_ZZ16UpConv_Fused_RowILi8ELi16ELi16ELi960ELi480EEvP7ap_uintILi256EEPKS1_S4_S4_S4_9, i16 %void_UpConv_Fused_Row_ap_uint_ap_uint_const_ap_uint_const_ap_uint_const_ap_u_13" [../gen/Hls_Layers_UpConv.tpp:139]   --->   Operation 2434 'select' 'select_ln139_4' <Predicate = (icmp_ln132 & icmp_ln134)> <Delay = 0.35> <CoreInst = "Sel">   --->   Core 73 'Sel' <Latency = 0> <II = 1> <Delay = 0.35> <FuncUnit> <Opcode : 'select'> <InPorts = 3> <OutPorts = 1>
ST_110 : Operation 2435 [1/5] (2.33ns)   --->   "%total_5 = hadd i16 %add88_5, i16 %psum_23_load_1" [../gen/Hls_Layers_UpConv.tpp:138]   --->   Operation 2435 'hadd' 'total_5' <Predicate = (icmp_ln132 & icmp_ln134)> <Delay = 2.33> <CoreInst = "HAddSub_fulldsp">   --->   Core 55 'HAddSub_fulldsp' <Latency = 4> <II = 1> <Delay = 2.33> <FuncUnit> <Opcode : 'hadd' 'hsub'> <InPorts = 2> <OutPorts = 1>
ST_110 : Operation 2436 [1/2] ( I:1.23ns O:1.23ns )   --->   "%void_UpConv_Fused_Row_ap_uint_ap_uint_const_ap_uint_const_ap_uint_const_ap_u_12 = load i10 %void_UpConv_Fused_Row_ap_uint_ap_uint_const_ap_uint_const_ap_uint_const_ap_u_23" [../gen/Hls_Layers_UpConv.tpp:139]   --->   Operation 2436 'load' 'void_UpConv_Fused_Row_ap_uint_ap_uint_const_ap_uint_const_ap_uint_const_ap_u_12' <Predicate = (icmp_ln132 & icmp_ln134 & !p_read_1)> <Delay = 1.23> <CoreInst = "RAM_T2P_URAM">   --->   Core 99 'RAM_T2P_URAM' <Latency = 1> <II = 1> <Delay = 1.23> <Storage> <Opcode : 'load' 'store'> <Ports = 2> <Width = 16> <Depth = 960> <RAM>
ST_110 : Operation 2437 [1/2] ( I:1.23ns O:1.23ns )   --->   "%p_ZZ16UpConv_Fused_RowILi8ELi16ELi16ELi960ELi480EEvP7ap_uintILi256EEPKS1_S4_S4_S4_8 = load i10 %p_ZZ16UpConv_Fused_RowILi8ELi16ELi16ELi960ELi480EEvP7ap_uintILi256EEPKS1_S4_S4_S4_15" [../gen/Hls_Layers_UpConv.tpp:139]   --->   Operation 2437 'load' 'p_ZZ16UpConv_Fused_RowILi8ELi16ELi16ELi960ELi480EEvP7ap_uintILi256EEPKS1_S4_S4_S4_8' <Predicate = (icmp_ln132 & icmp_ln134 & p_read_1)> <Delay = 1.23> <CoreInst = "RAM_T2P_URAM">   --->   Core 99 'RAM_T2P_URAM' <Latency = 1> <II = 1> <Delay = 1.23> <Storage> <Opcode : 'load' 'store'> <Ports = 2> <Width = 16> <Depth = 960> <RAM>
ST_110 : Operation 2438 [1/1] (0.35ns)   --->   "%select_ln139_5 = select i1 %p_read_1, i16 %p_ZZ16UpConv_Fused_RowILi8ELi16ELi16ELi960ELi480EEvP7ap_uintILi256EEPKS1_S4_S4_S4_8, i16 %void_UpConv_Fused_Row_ap_uint_ap_uint_const_ap_uint_const_ap_uint_const_ap_u_12" [../gen/Hls_Layers_UpConv.tpp:139]   --->   Operation 2438 'select' 'select_ln139_5' <Predicate = (icmp_ln132 & icmp_ln134)> <Delay = 0.35> <CoreInst = "Sel">   --->   Core 73 'Sel' <Latency = 0> <II = 1> <Delay = 0.35> <FuncUnit> <Opcode : 'select'> <InPorts = 3> <OutPorts = 1>
ST_110 : Operation 2439 [1/5] (2.33ns)   --->   "%total_6 = hadd i16 %add88_6, i16 %psum_27_load_1" [../gen/Hls_Layers_UpConv.tpp:138]   --->   Operation 2439 'hadd' 'total_6' <Predicate = (icmp_ln132 & icmp_ln134)> <Delay = 2.33> <CoreInst = "HAddSub_fulldsp">   --->   Core 55 'HAddSub_fulldsp' <Latency = 4> <II = 1> <Delay = 2.33> <FuncUnit> <Opcode : 'hadd' 'hsub'> <InPorts = 2> <OutPorts = 1>
ST_110 : Operation 2440 [1/2] ( I:1.23ns O:1.23ns )   --->   "%void_UpConv_Fused_Row_ap_uint_ap_uint_const_ap_uint_const_ap_uint_const_ap_u_11 = load i10 %void_UpConv_Fused_Row_ap_uint_ap_uint_const_ap_uint_const_ap_uint_const_ap_u_24" [../gen/Hls_Layers_UpConv.tpp:139]   --->   Operation 2440 'load' 'void_UpConv_Fused_Row_ap_uint_ap_uint_const_ap_uint_const_ap_uint_const_ap_u_11' <Predicate = (icmp_ln132 & icmp_ln134 & !p_read_1)> <Delay = 1.23> <CoreInst = "RAM_T2P_URAM">   --->   Core 99 'RAM_T2P_URAM' <Latency = 1> <II = 1> <Delay = 1.23> <Storage> <Opcode : 'load' 'store'> <Ports = 2> <Width = 16> <Depth = 960> <RAM>
ST_110 : Operation 2441 [1/2] ( I:1.23ns O:1.23ns )   --->   "%p_ZZ16UpConv_Fused_RowILi8ELi16ELi16ELi960ELi480EEvP7ap_uintILi256EEPKS1_S4_S4_S4_7 = load i10 %p_ZZ16UpConv_Fused_RowILi8ELi16ELi16ELi960ELi480EEvP7ap_uintILi256EEPKS1_S4_S4_S4_16" [../gen/Hls_Layers_UpConv.tpp:139]   --->   Operation 2441 'load' 'p_ZZ16UpConv_Fused_RowILi8ELi16ELi16ELi960ELi480EEvP7ap_uintILi256EEPKS1_S4_S4_S4_7' <Predicate = (icmp_ln132 & icmp_ln134 & p_read_1)> <Delay = 1.23> <CoreInst = "RAM_T2P_URAM">   --->   Core 99 'RAM_T2P_URAM' <Latency = 1> <II = 1> <Delay = 1.23> <Storage> <Opcode : 'load' 'store'> <Ports = 2> <Width = 16> <Depth = 960> <RAM>
ST_110 : Operation 2442 [1/1] (0.35ns)   --->   "%select_ln139_6 = select i1 %p_read_1, i16 %p_ZZ16UpConv_Fused_RowILi8ELi16ELi16ELi960ELi480EEvP7ap_uintILi256EEPKS1_S4_S4_S4_7, i16 %void_UpConv_Fused_Row_ap_uint_ap_uint_const_ap_uint_const_ap_uint_const_ap_u_11" [../gen/Hls_Layers_UpConv.tpp:139]   --->   Operation 2442 'select' 'select_ln139_6' <Predicate = (icmp_ln132 & icmp_ln134)> <Delay = 0.35> <CoreInst = "Sel">   --->   Core 73 'Sel' <Latency = 0> <II = 1> <Delay = 0.35> <FuncUnit> <Opcode : 'select'> <InPorts = 3> <OutPorts = 1>
ST_110 : Operation 2443 [1/5] (2.33ns)   --->   "%total_7 = hadd i16 %add88_7, i16 %psum_31_load_1" [../gen/Hls_Layers_UpConv.tpp:138]   --->   Operation 2443 'hadd' 'total_7' <Predicate = (icmp_ln132 & icmp_ln134)> <Delay = 2.33> <CoreInst = "HAddSub_fulldsp">   --->   Core 55 'HAddSub_fulldsp' <Latency = 4> <II = 1> <Delay = 2.33> <FuncUnit> <Opcode : 'hadd' 'hsub'> <InPorts = 2> <OutPorts = 1>
ST_110 : Operation 2444 [1/2] ( I:1.23ns O:1.23ns )   --->   "%void_UpConv_Fused_Row_ap_uint_ap_uint_const_ap_uint_const_ap_uint_const_ap_u_10 = load i10 %void_UpConv_Fused_Row_ap_uint_ap_uint_const_ap_uint_const_ap_uint_const_ap_u_25" [../gen/Hls_Layers_UpConv.tpp:139]   --->   Operation 2444 'load' 'void_UpConv_Fused_Row_ap_uint_ap_uint_const_ap_uint_const_ap_uint_const_ap_u_10' <Predicate = (icmp_ln132 & icmp_ln134 & !p_read_1)> <Delay = 1.23> <CoreInst = "RAM_T2P_URAM">   --->   Core 99 'RAM_T2P_URAM' <Latency = 1> <II = 1> <Delay = 1.23> <Storage> <Opcode : 'load' 'store'> <Ports = 2> <Width = 16> <Depth = 960> <RAM>
ST_110 : Operation 2445 [1/2] ( I:1.23ns O:1.23ns )   --->   "%p_ZZ16UpConv_Fused_RowILi8ELi16ELi16ELi960ELi480EEvP7ap_uintILi256EEPKS1_S4_S4_S4_6 = load i10 %p_ZZ16UpConv_Fused_RowILi8ELi16ELi16ELi960ELi480EEvP7ap_uintILi256EEPKS1_S4_S4_S4_17" [../gen/Hls_Layers_UpConv.tpp:139]   --->   Operation 2445 'load' 'p_ZZ16UpConv_Fused_RowILi8ELi16ELi16ELi960ELi480EEvP7ap_uintILi256EEPKS1_S4_S4_S4_6' <Predicate = (icmp_ln132 & icmp_ln134 & p_read_1)> <Delay = 1.23> <CoreInst = "RAM_T2P_URAM">   --->   Core 99 'RAM_T2P_URAM' <Latency = 1> <II = 1> <Delay = 1.23> <Storage> <Opcode : 'load' 'store'> <Ports = 2> <Width = 16> <Depth = 960> <RAM>
ST_110 : Operation 2446 [1/1] (0.35ns)   --->   "%select_ln139_7 = select i1 %p_read_1, i16 %p_ZZ16UpConv_Fused_RowILi8ELi16ELi16ELi960ELi480EEvP7ap_uintILi256EEPKS1_S4_S4_S4_6, i16 %void_UpConv_Fused_Row_ap_uint_ap_uint_const_ap_uint_const_ap_uint_const_ap_u_10" [../gen/Hls_Layers_UpConv.tpp:139]   --->   Operation 2446 'select' 'select_ln139_7' <Predicate = (icmp_ln132 & icmp_ln134)> <Delay = 0.35> <CoreInst = "Sel">   --->   Core 73 'Sel' <Latency = 0> <II = 1> <Delay = 0.35> <FuncUnit> <Opcode : 'select'> <InPorts = 3> <OutPorts = 1>

State 111 <SV = 110> <Delay = 2.33>
ST_111 : Operation 2447 [5/5] (2.33ns)   --->   "%add6 = hadd i16 %select_ln139, i16 %total" [../gen/Hls_Layers_UpConv.tpp:139]   --->   Operation 2447 'hadd' 'add6' <Predicate = (icmp_ln132 & icmp_ln134)> <Delay = 2.33> <CoreInst = "HAddSub_fulldsp">   --->   Core 55 'HAddSub_fulldsp' <Latency = 4> <II = 1> <Delay = 2.33> <FuncUnit> <Opcode : 'hadd' 'hsub'> <InPorts = 2> <OutPorts = 1>
ST_111 : Operation 2448 [5/5] (2.33ns)   --->   "%add98_1 = hadd i16 %select_ln139_1, i16 %total_1" [../gen/Hls_Layers_UpConv.tpp:139]   --->   Operation 2448 'hadd' 'add98_1' <Predicate = (icmp_ln132 & icmp_ln134)> <Delay = 2.33> <CoreInst = "HAddSub_fulldsp">   --->   Core 55 'HAddSub_fulldsp' <Latency = 4> <II = 1> <Delay = 2.33> <FuncUnit> <Opcode : 'hadd' 'hsub'> <InPorts = 2> <OutPorts = 1>
ST_111 : Operation 2449 [5/5] (2.33ns)   --->   "%add98_2 = hadd i16 %select_ln139_2, i16 %total_2" [../gen/Hls_Layers_UpConv.tpp:139]   --->   Operation 2449 'hadd' 'add98_2' <Predicate = (icmp_ln132 & icmp_ln134)> <Delay = 2.33> <CoreInst = "HAddSub_fulldsp">   --->   Core 55 'HAddSub_fulldsp' <Latency = 4> <II = 1> <Delay = 2.33> <FuncUnit> <Opcode : 'hadd' 'hsub'> <InPorts = 2> <OutPorts = 1>
ST_111 : Operation 2450 [5/5] (2.33ns)   --->   "%add98_3 = hadd i16 %select_ln139_3, i16 %total_3" [../gen/Hls_Layers_UpConv.tpp:139]   --->   Operation 2450 'hadd' 'add98_3' <Predicate = (icmp_ln132 & icmp_ln134)> <Delay = 2.33> <CoreInst = "HAddSub_fulldsp">   --->   Core 55 'HAddSub_fulldsp' <Latency = 4> <II = 1> <Delay = 2.33> <FuncUnit> <Opcode : 'hadd' 'hsub'> <InPorts = 2> <OutPorts = 1>
ST_111 : Operation 2451 [5/5] (2.33ns)   --->   "%add98_4 = hadd i16 %select_ln139_4, i16 %total_4" [../gen/Hls_Layers_UpConv.tpp:139]   --->   Operation 2451 'hadd' 'add98_4' <Predicate = (icmp_ln132 & icmp_ln134)> <Delay = 2.33> <CoreInst = "HAddSub_fulldsp">   --->   Core 55 'HAddSub_fulldsp' <Latency = 4> <II = 1> <Delay = 2.33> <FuncUnit> <Opcode : 'hadd' 'hsub'> <InPorts = 2> <OutPorts = 1>
ST_111 : Operation 2452 [5/5] (2.33ns)   --->   "%add98_5 = hadd i16 %select_ln139_5, i16 %total_5" [../gen/Hls_Layers_UpConv.tpp:139]   --->   Operation 2452 'hadd' 'add98_5' <Predicate = (icmp_ln132 & icmp_ln134)> <Delay = 2.33> <CoreInst = "HAddSub_fulldsp">   --->   Core 55 'HAddSub_fulldsp' <Latency = 4> <II = 1> <Delay = 2.33> <FuncUnit> <Opcode : 'hadd' 'hsub'> <InPorts = 2> <OutPorts = 1>
ST_111 : Operation 2453 [5/5] (2.33ns)   --->   "%add98_6 = hadd i16 %select_ln139_6, i16 %total_6" [../gen/Hls_Layers_UpConv.tpp:139]   --->   Operation 2453 'hadd' 'add98_6' <Predicate = (icmp_ln132 & icmp_ln134)> <Delay = 2.33> <CoreInst = "HAddSub_fulldsp">   --->   Core 55 'HAddSub_fulldsp' <Latency = 4> <II = 1> <Delay = 2.33> <FuncUnit> <Opcode : 'hadd' 'hsub'> <InPorts = 2> <OutPorts = 1>
ST_111 : Operation 2454 [5/5] (2.33ns)   --->   "%add98_7 = hadd i16 %select_ln139_7, i16 %total_7" [../gen/Hls_Layers_UpConv.tpp:139]   --->   Operation 2454 'hadd' 'add98_7' <Predicate = (icmp_ln132 & icmp_ln134)> <Delay = 2.33> <CoreInst = "HAddSub_fulldsp">   --->   Core 55 'HAddSub_fulldsp' <Latency = 4> <II = 1> <Delay = 2.33> <FuncUnit> <Opcode : 'hadd' 'hsub'> <InPorts = 2> <OutPorts = 1>

State 112 <SV = 111> <Delay = 2.33>
ST_112 : Operation 2455 [4/5] (2.33ns)   --->   "%add6 = hadd i16 %select_ln139, i16 %total" [../gen/Hls_Layers_UpConv.tpp:139]   --->   Operation 2455 'hadd' 'add6' <Predicate = (icmp_ln132 & icmp_ln134)> <Delay = 2.33> <CoreInst = "HAddSub_fulldsp">   --->   Core 55 'HAddSub_fulldsp' <Latency = 4> <II = 1> <Delay = 2.33> <FuncUnit> <Opcode : 'hadd' 'hsub'> <InPorts = 2> <OutPorts = 1>
ST_112 : Operation 2456 [4/5] (2.33ns)   --->   "%add98_1 = hadd i16 %select_ln139_1, i16 %total_1" [../gen/Hls_Layers_UpConv.tpp:139]   --->   Operation 2456 'hadd' 'add98_1' <Predicate = (icmp_ln132 & icmp_ln134)> <Delay = 2.33> <CoreInst = "HAddSub_fulldsp">   --->   Core 55 'HAddSub_fulldsp' <Latency = 4> <II = 1> <Delay = 2.33> <FuncUnit> <Opcode : 'hadd' 'hsub'> <InPorts = 2> <OutPorts = 1>
ST_112 : Operation 2457 [4/5] (2.33ns)   --->   "%add98_2 = hadd i16 %select_ln139_2, i16 %total_2" [../gen/Hls_Layers_UpConv.tpp:139]   --->   Operation 2457 'hadd' 'add98_2' <Predicate = (icmp_ln132 & icmp_ln134)> <Delay = 2.33> <CoreInst = "HAddSub_fulldsp">   --->   Core 55 'HAddSub_fulldsp' <Latency = 4> <II = 1> <Delay = 2.33> <FuncUnit> <Opcode : 'hadd' 'hsub'> <InPorts = 2> <OutPorts = 1>
ST_112 : Operation 2458 [4/5] (2.33ns)   --->   "%add98_3 = hadd i16 %select_ln139_3, i16 %total_3" [../gen/Hls_Layers_UpConv.tpp:139]   --->   Operation 2458 'hadd' 'add98_3' <Predicate = (icmp_ln132 & icmp_ln134)> <Delay = 2.33> <CoreInst = "HAddSub_fulldsp">   --->   Core 55 'HAddSub_fulldsp' <Latency = 4> <II = 1> <Delay = 2.33> <FuncUnit> <Opcode : 'hadd' 'hsub'> <InPorts = 2> <OutPorts = 1>
ST_112 : Operation 2459 [4/5] (2.33ns)   --->   "%add98_4 = hadd i16 %select_ln139_4, i16 %total_4" [../gen/Hls_Layers_UpConv.tpp:139]   --->   Operation 2459 'hadd' 'add98_4' <Predicate = (icmp_ln132 & icmp_ln134)> <Delay = 2.33> <CoreInst = "HAddSub_fulldsp">   --->   Core 55 'HAddSub_fulldsp' <Latency = 4> <II = 1> <Delay = 2.33> <FuncUnit> <Opcode : 'hadd' 'hsub'> <InPorts = 2> <OutPorts = 1>
ST_112 : Operation 2460 [4/5] (2.33ns)   --->   "%add98_5 = hadd i16 %select_ln139_5, i16 %total_5" [../gen/Hls_Layers_UpConv.tpp:139]   --->   Operation 2460 'hadd' 'add98_5' <Predicate = (icmp_ln132 & icmp_ln134)> <Delay = 2.33> <CoreInst = "HAddSub_fulldsp">   --->   Core 55 'HAddSub_fulldsp' <Latency = 4> <II = 1> <Delay = 2.33> <FuncUnit> <Opcode : 'hadd' 'hsub'> <InPorts = 2> <OutPorts = 1>
ST_112 : Operation 2461 [4/5] (2.33ns)   --->   "%add98_6 = hadd i16 %select_ln139_6, i16 %total_6" [../gen/Hls_Layers_UpConv.tpp:139]   --->   Operation 2461 'hadd' 'add98_6' <Predicate = (icmp_ln132 & icmp_ln134)> <Delay = 2.33> <CoreInst = "HAddSub_fulldsp">   --->   Core 55 'HAddSub_fulldsp' <Latency = 4> <II = 1> <Delay = 2.33> <FuncUnit> <Opcode : 'hadd' 'hsub'> <InPorts = 2> <OutPorts = 1>
ST_112 : Operation 2462 [4/5] (2.33ns)   --->   "%add98_7 = hadd i16 %select_ln139_7, i16 %total_7" [../gen/Hls_Layers_UpConv.tpp:139]   --->   Operation 2462 'hadd' 'add98_7' <Predicate = (icmp_ln132 & icmp_ln134)> <Delay = 2.33> <CoreInst = "HAddSub_fulldsp">   --->   Core 55 'HAddSub_fulldsp' <Latency = 4> <II = 1> <Delay = 2.33> <FuncUnit> <Opcode : 'hadd' 'hsub'> <InPorts = 2> <OutPorts = 1>

State 113 <SV = 112> <Delay = 2.33>
ST_113 : Operation 2463 [3/5] (2.33ns)   --->   "%add6 = hadd i16 %select_ln139, i16 %total" [../gen/Hls_Layers_UpConv.tpp:139]   --->   Operation 2463 'hadd' 'add6' <Predicate = (icmp_ln132 & icmp_ln134)> <Delay = 2.33> <CoreInst = "HAddSub_fulldsp">   --->   Core 55 'HAddSub_fulldsp' <Latency = 4> <II = 1> <Delay = 2.33> <FuncUnit> <Opcode : 'hadd' 'hsub'> <InPorts = 2> <OutPorts = 1>
ST_113 : Operation 2464 [3/5] (2.33ns)   --->   "%add98_1 = hadd i16 %select_ln139_1, i16 %total_1" [../gen/Hls_Layers_UpConv.tpp:139]   --->   Operation 2464 'hadd' 'add98_1' <Predicate = (icmp_ln132 & icmp_ln134)> <Delay = 2.33> <CoreInst = "HAddSub_fulldsp">   --->   Core 55 'HAddSub_fulldsp' <Latency = 4> <II = 1> <Delay = 2.33> <FuncUnit> <Opcode : 'hadd' 'hsub'> <InPorts = 2> <OutPorts = 1>
ST_113 : Operation 2465 [3/5] (2.33ns)   --->   "%add98_2 = hadd i16 %select_ln139_2, i16 %total_2" [../gen/Hls_Layers_UpConv.tpp:139]   --->   Operation 2465 'hadd' 'add98_2' <Predicate = (icmp_ln132 & icmp_ln134)> <Delay = 2.33> <CoreInst = "HAddSub_fulldsp">   --->   Core 55 'HAddSub_fulldsp' <Latency = 4> <II = 1> <Delay = 2.33> <FuncUnit> <Opcode : 'hadd' 'hsub'> <InPorts = 2> <OutPorts = 1>
ST_113 : Operation 2466 [3/5] (2.33ns)   --->   "%add98_3 = hadd i16 %select_ln139_3, i16 %total_3" [../gen/Hls_Layers_UpConv.tpp:139]   --->   Operation 2466 'hadd' 'add98_3' <Predicate = (icmp_ln132 & icmp_ln134)> <Delay = 2.33> <CoreInst = "HAddSub_fulldsp">   --->   Core 55 'HAddSub_fulldsp' <Latency = 4> <II = 1> <Delay = 2.33> <FuncUnit> <Opcode : 'hadd' 'hsub'> <InPorts = 2> <OutPorts = 1>
ST_113 : Operation 2467 [3/5] (2.33ns)   --->   "%add98_4 = hadd i16 %select_ln139_4, i16 %total_4" [../gen/Hls_Layers_UpConv.tpp:139]   --->   Operation 2467 'hadd' 'add98_4' <Predicate = (icmp_ln132 & icmp_ln134)> <Delay = 2.33> <CoreInst = "HAddSub_fulldsp">   --->   Core 55 'HAddSub_fulldsp' <Latency = 4> <II = 1> <Delay = 2.33> <FuncUnit> <Opcode : 'hadd' 'hsub'> <InPorts = 2> <OutPorts = 1>
ST_113 : Operation 2468 [3/5] (2.33ns)   --->   "%add98_5 = hadd i16 %select_ln139_5, i16 %total_5" [../gen/Hls_Layers_UpConv.tpp:139]   --->   Operation 2468 'hadd' 'add98_5' <Predicate = (icmp_ln132 & icmp_ln134)> <Delay = 2.33> <CoreInst = "HAddSub_fulldsp">   --->   Core 55 'HAddSub_fulldsp' <Latency = 4> <II = 1> <Delay = 2.33> <FuncUnit> <Opcode : 'hadd' 'hsub'> <InPorts = 2> <OutPorts = 1>
ST_113 : Operation 2469 [3/5] (2.33ns)   --->   "%add98_6 = hadd i16 %select_ln139_6, i16 %total_6" [../gen/Hls_Layers_UpConv.tpp:139]   --->   Operation 2469 'hadd' 'add98_6' <Predicate = (icmp_ln132 & icmp_ln134)> <Delay = 2.33> <CoreInst = "HAddSub_fulldsp">   --->   Core 55 'HAddSub_fulldsp' <Latency = 4> <II = 1> <Delay = 2.33> <FuncUnit> <Opcode : 'hadd' 'hsub'> <InPorts = 2> <OutPorts = 1>
ST_113 : Operation 2470 [3/5] (2.33ns)   --->   "%add98_7 = hadd i16 %select_ln139_7, i16 %total_7" [../gen/Hls_Layers_UpConv.tpp:139]   --->   Operation 2470 'hadd' 'add98_7' <Predicate = (icmp_ln132 & icmp_ln134)> <Delay = 2.33> <CoreInst = "HAddSub_fulldsp">   --->   Core 55 'HAddSub_fulldsp' <Latency = 4> <II = 1> <Delay = 2.33> <FuncUnit> <Opcode : 'hadd' 'hsub'> <InPorts = 2> <OutPorts = 1>

State 114 <SV = 113> <Delay = 2.33>
ST_114 : Operation 2471 [2/5] (2.33ns)   --->   "%add6 = hadd i16 %select_ln139, i16 %total" [../gen/Hls_Layers_UpConv.tpp:139]   --->   Operation 2471 'hadd' 'add6' <Predicate = (icmp_ln132 & icmp_ln134)> <Delay = 2.33> <CoreInst = "HAddSub_fulldsp">   --->   Core 55 'HAddSub_fulldsp' <Latency = 4> <II = 1> <Delay = 2.33> <FuncUnit> <Opcode : 'hadd' 'hsub'> <InPorts = 2> <OutPorts = 1>
ST_114 : Operation 2472 [2/5] (2.33ns)   --->   "%add98_1 = hadd i16 %select_ln139_1, i16 %total_1" [../gen/Hls_Layers_UpConv.tpp:139]   --->   Operation 2472 'hadd' 'add98_1' <Predicate = (icmp_ln132 & icmp_ln134)> <Delay = 2.33> <CoreInst = "HAddSub_fulldsp">   --->   Core 55 'HAddSub_fulldsp' <Latency = 4> <II = 1> <Delay = 2.33> <FuncUnit> <Opcode : 'hadd' 'hsub'> <InPorts = 2> <OutPorts = 1>
ST_114 : Operation 2473 [2/5] (2.33ns)   --->   "%add98_2 = hadd i16 %select_ln139_2, i16 %total_2" [../gen/Hls_Layers_UpConv.tpp:139]   --->   Operation 2473 'hadd' 'add98_2' <Predicate = (icmp_ln132 & icmp_ln134)> <Delay = 2.33> <CoreInst = "HAddSub_fulldsp">   --->   Core 55 'HAddSub_fulldsp' <Latency = 4> <II = 1> <Delay = 2.33> <FuncUnit> <Opcode : 'hadd' 'hsub'> <InPorts = 2> <OutPorts = 1>
ST_114 : Operation 2474 [2/5] (2.33ns)   --->   "%add98_3 = hadd i16 %select_ln139_3, i16 %total_3" [../gen/Hls_Layers_UpConv.tpp:139]   --->   Operation 2474 'hadd' 'add98_3' <Predicate = (icmp_ln132 & icmp_ln134)> <Delay = 2.33> <CoreInst = "HAddSub_fulldsp">   --->   Core 55 'HAddSub_fulldsp' <Latency = 4> <II = 1> <Delay = 2.33> <FuncUnit> <Opcode : 'hadd' 'hsub'> <InPorts = 2> <OutPorts = 1>
ST_114 : Operation 2475 [2/5] (2.33ns)   --->   "%add98_4 = hadd i16 %select_ln139_4, i16 %total_4" [../gen/Hls_Layers_UpConv.tpp:139]   --->   Operation 2475 'hadd' 'add98_4' <Predicate = (icmp_ln132 & icmp_ln134)> <Delay = 2.33> <CoreInst = "HAddSub_fulldsp">   --->   Core 55 'HAddSub_fulldsp' <Latency = 4> <II = 1> <Delay = 2.33> <FuncUnit> <Opcode : 'hadd' 'hsub'> <InPorts = 2> <OutPorts = 1>
ST_114 : Operation 2476 [2/5] (2.33ns)   --->   "%add98_5 = hadd i16 %select_ln139_5, i16 %total_5" [../gen/Hls_Layers_UpConv.tpp:139]   --->   Operation 2476 'hadd' 'add98_5' <Predicate = (icmp_ln132 & icmp_ln134)> <Delay = 2.33> <CoreInst = "HAddSub_fulldsp">   --->   Core 55 'HAddSub_fulldsp' <Latency = 4> <II = 1> <Delay = 2.33> <FuncUnit> <Opcode : 'hadd' 'hsub'> <InPorts = 2> <OutPorts = 1>
ST_114 : Operation 2477 [2/5] (2.33ns)   --->   "%add98_6 = hadd i16 %select_ln139_6, i16 %total_6" [../gen/Hls_Layers_UpConv.tpp:139]   --->   Operation 2477 'hadd' 'add98_6' <Predicate = (icmp_ln132 & icmp_ln134)> <Delay = 2.33> <CoreInst = "HAddSub_fulldsp">   --->   Core 55 'HAddSub_fulldsp' <Latency = 4> <II = 1> <Delay = 2.33> <FuncUnit> <Opcode : 'hadd' 'hsub'> <InPorts = 2> <OutPorts = 1>
ST_114 : Operation 2478 [2/5] (2.33ns)   --->   "%add98_7 = hadd i16 %select_ln139_7, i16 %total_7" [../gen/Hls_Layers_UpConv.tpp:139]   --->   Operation 2478 'hadd' 'add98_7' <Predicate = (icmp_ln132 & icmp_ln134)> <Delay = 2.33> <CoreInst = "HAddSub_fulldsp">   --->   Core 55 'HAddSub_fulldsp' <Latency = 4> <II = 1> <Delay = 2.33> <FuncUnit> <Opcode : 'hadd' 'hsub'> <InPorts = 2> <OutPorts = 1>

State 115 <SV = 114> <Delay = 2.33>
ST_115 : Operation 2479 [1/5] (2.33ns)   --->   "%add6 = hadd i16 %select_ln139, i16 %total" [../gen/Hls_Layers_UpConv.tpp:139]   --->   Operation 2479 'hadd' 'add6' <Predicate = (icmp_ln132 & icmp_ln134)> <Delay = 2.33> <CoreInst = "HAddSub_fulldsp">   --->   Core 55 'HAddSub_fulldsp' <Latency = 4> <II = 1> <Delay = 2.33> <FuncUnit> <Opcode : 'hadd' 'hsub'> <InPorts = 2> <OutPorts = 1>
ST_115 : Operation 2480 [1/5] (2.33ns)   --->   "%add98_1 = hadd i16 %select_ln139_1, i16 %total_1" [../gen/Hls_Layers_UpConv.tpp:139]   --->   Operation 2480 'hadd' 'add98_1' <Predicate = (icmp_ln132 & icmp_ln134)> <Delay = 2.33> <CoreInst = "HAddSub_fulldsp">   --->   Core 55 'HAddSub_fulldsp' <Latency = 4> <II = 1> <Delay = 2.33> <FuncUnit> <Opcode : 'hadd' 'hsub'> <InPorts = 2> <OutPorts = 1>
ST_115 : Operation 2481 [1/5] (2.33ns)   --->   "%add98_2 = hadd i16 %select_ln139_2, i16 %total_2" [../gen/Hls_Layers_UpConv.tpp:139]   --->   Operation 2481 'hadd' 'add98_2' <Predicate = (icmp_ln132 & icmp_ln134)> <Delay = 2.33> <CoreInst = "HAddSub_fulldsp">   --->   Core 55 'HAddSub_fulldsp' <Latency = 4> <II = 1> <Delay = 2.33> <FuncUnit> <Opcode : 'hadd' 'hsub'> <InPorts = 2> <OutPorts = 1>
ST_115 : Operation 2482 [1/5] (2.33ns)   --->   "%add98_3 = hadd i16 %select_ln139_3, i16 %total_3" [../gen/Hls_Layers_UpConv.tpp:139]   --->   Operation 2482 'hadd' 'add98_3' <Predicate = (icmp_ln132 & icmp_ln134)> <Delay = 2.33> <CoreInst = "HAddSub_fulldsp">   --->   Core 55 'HAddSub_fulldsp' <Latency = 4> <II = 1> <Delay = 2.33> <FuncUnit> <Opcode : 'hadd' 'hsub'> <InPorts = 2> <OutPorts = 1>
ST_115 : Operation 2483 [1/5] (2.33ns)   --->   "%add98_4 = hadd i16 %select_ln139_4, i16 %total_4" [../gen/Hls_Layers_UpConv.tpp:139]   --->   Operation 2483 'hadd' 'add98_4' <Predicate = (icmp_ln132 & icmp_ln134)> <Delay = 2.33> <CoreInst = "HAddSub_fulldsp">   --->   Core 55 'HAddSub_fulldsp' <Latency = 4> <II = 1> <Delay = 2.33> <FuncUnit> <Opcode : 'hadd' 'hsub'> <InPorts = 2> <OutPorts = 1>
ST_115 : Operation 2484 [1/5] (2.33ns)   --->   "%add98_5 = hadd i16 %select_ln139_5, i16 %total_5" [../gen/Hls_Layers_UpConv.tpp:139]   --->   Operation 2484 'hadd' 'add98_5' <Predicate = (icmp_ln132 & icmp_ln134)> <Delay = 2.33> <CoreInst = "HAddSub_fulldsp">   --->   Core 55 'HAddSub_fulldsp' <Latency = 4> <II = 1> <Delay = 2.33> <FuncUnit> <Opcode : 'hadd' 'hsub'> <InPorts = 2> <OutPorts = 1>
ST_115 : Operation 2485 [1/5] (2.33ns)   --->   "%add98_6 = hadd i16 %select_ln139_6, i16 %total_6" [../gen/Hls_Layers_UpConv.tpp:139]   --->   Operation 2485 'hadd' 'add98_6' <Predicate = (icmp_ln132 & icmp_ln134)> <Delay = 2.33> <CoreInst = "HAddSub_fulldsp">   --->   Core 55 'HAddSub_fulldsp' <Latency = 4> <II = 1> <Delay = 2.33> <FuncUnit> <Opcode : 'hadd' 'hsub'> <InPorts = 2> <OutPorts = 1>
ST_115 : Operation 2486 [1/5] (2.33ns)   --->   "%add98_7 = hadd i16 %select_ln139_7, i16 %total_7" [../gen/Hls_Layers_UpConv.tpp:139]   --->   Operation 2486 'hadd' 'add98_7' <Predicate = (icmp_ln132 & icmp_ln134)> <Delay = 2.33> <CoreInst = "HAddSub_fulldsp">   --->   Core 55 'HAddSub_fulldsp' <Latency = 4> <II = 1> <Delay = 2.33> <FuncUnit> <Opcode : 'hadd' 'hsub'> <InPorts = 2> <OutPorts = 1>
ST_115 : Operation 2519 [1/1] (0.42ns)   --->   "%ret_ln0 = ret"   --->   Operation 2519 'ret' 'ret_ln0' <Predicate = (icmp_ln98)> <Delay = 0.42>

State 116 <SV = 115> <Delay = 1.23>
ST_116 : Operation 2487 [1/1] ( I:1.23ns O:1.23ns )   --->   "%store_ln139 = store i16 %add6, i10 %void_UpConv_Fused_Row_ap_uint_ap_uint_const_ap_uint_const_ap_uint_const_ap_u_18" [../gen/Hls_Layers_UpConv.tpp:139]   --->   Operation 2487 'store' 'store_ln139' <Predicate = (icmp_ln132 & icmp_ln134 & !p_read_1)> <Delay = 1.23> <CoreInst = "RAM_T2P_URAM">   --->   Core 99 'RAM_T2P_URAM' <Latency = 1> <II = 1> <Delay = 1.23> <Storage> <Opcode : 'load' 'store'> <Ports = 2> <Width = 16> <Depth = 960> <RAM>
ST_116 : Operation 2488 [1/1] (0.00ns)   --->   "%br_ln139 = br void %if.then77.1" [../gen/Hls_Layers_UpConv.tpp:139]   --->   Operation 2488 'br' 'br_ln139' <Predicate = (icmp_ln132 & icmp_ln134 & !p_read_1)> <Delay = 0.00>
ST_116 : Operation 2489 [1/1] ( I:1.23ns O:1.23ns )   --->   "%store_ln139 = store i16 %add6, i10 %void_UpConv_Fused_Row_ap_uint_ap_uint_const_ap_uint_const_ap_uint_const_ap_u_26" [../gen/Hls_Layers_UpConv.tpp:139]   --->   Operation 2489 'store' 'store_ln139' <Predicate = (icmp_ln132 & icmp_ln134 & p_read_1)> <Delay = 1.23> <CoreInst = "RAM_T2P_URAM">   --->   Core 99 'RAM_T2P_URAM' <Latency = 1> <II = 1> <Delay = 1.23> <Storage> <Opcode : 'load' 'store'> <Ports = 2> <Width = 16> <Depth = 960> <RAM>
ST_116 : Operation 2490 [1/1] (0.00ns)   --->   "%br_ln139 = br void %if.then77.1" [../gen/Hls_Layers_UpConv.tpp:139]   --->   Operation 2490 'br' 'br_ln139' <Predicate = (icmp_ln132 & icmp_ln134 & p_read_1)> <Delay = 0.00>
ST_116 : Operation 2491 [1/1] ( I:1.23ns O:1.23ns )   --->   "%store_ln139 = store i16 %add98_1, i10 %void_UpConv_Fused_Row_ap_uint_ap_uint_const_ap_uint_const_ap_uint_const_ap_u_19" [../gen/Hls_Layers_UpConv.tpp:139]   --->   Operation 2491 'store' 'store_ln139' <Predicate = (icmp_ln132 & icmp_ln134 & !p_read_1)> <Delay = 1.23> <CoreInst = "RAM_T2P_URAM">   --->   Core 99 'RAM_T2P_URAM' <Latency = 1> <II = 1> <Delay = 1.23> <Storage> <Opcode : 'load' 'store'> <Ports = 2> <Width = 16> <Depth = 960> <RAM>
ST_116 : Operation 2492 [1/1] (0.00ns)   --->   "%br_ln139 = br void %if.then77.2" [../gen/Hls_Layers_UpConv.tpp:139]   --->   Operation 2492 'br' 'br_ln139' <Predicate = (icmp_ln132 & icmp_ln134 & !p_read_1)> <Delay = 0.00>
ST_116 : Operation 2493 [1/1] ( I:1.23ns O:1.23ns )   --->   "%store_ln139 = store i16 %add98_1, i10 %void_UpConv_Fused_Row_ap_uint_ap_uint_const_ap_uint_const_ap_uint_const_ap_u_27" [../gen/Hls_Layers_UpConv.tpp:139]   --->   Operation 2493 'store' 'store_ln139' <Predicate = (icmp_ln132 & icmp_ln134 & p_read_1)> <Delay = 1.23> <CoreInst = "RAM_T2P_URAM">   --->   Core 99 'RAM_T2P_URAM' <Latency = 1> <II = 1> <Delay = 1.23> <Storage> <Opcode : 'load' 'store'> <Ports = 2> <Width = 16> <Depth = 960> <RAM>
ST_116 : Operation 2494 [1/1] (0.00ns)   --->   "%br_ln139 = br void %if.then77.2" [../gen/Hls_Layers_UpConv.tpp:139]   --->   Operation 2494 'br' 'br_ln139' <Predicate = (icmp_ln132 & icmp_ln134 & p_read_1)> <Delay = 0.00>
ST_116 : Operation 2495 [1/1] ( I:1.23ns O:1.23ns )   --->   "%store_ln139 = store i16 %add98_2, i10 %void_UpConv_Fused_Row_ap_uint_ap_uint_const_ap_uint_const_ap_uint_const_ap_u_20" [../gen/Hls_Layers_UpConv.tpp:139]   --->   Operation 2495 'store' 'store_ln139' <Predicate = (icmp_ln132 & icmp_ln134 & !p_read_1)> <Delay = 1.23> <CoreInst = "RAM_T2P_URAM">   --->   Core 99 'RAM_T2P_URAM' <Latency = 1> <II = 1> <Delay = 1.23> <Storage> <Opcode : 'load' 'store'> <Ports = 2> <Width = 16> <Depth = 960> <RAM>
ST_116 : Operation 2496 [1/1] (0.00ns)   --->   "%br_ln139 = br void %if.then77.3" [../gen/Hls_Layers_UpConv.tpp:139]   --->   Operation 2496 'br' 'br_ln139' <Predicate = (icmp_ln132 & icmp_ln134 & !p_read_1)> <Delay = 0.00>
ST_116 : Operation 2497 [1/1] ( I:1.23ns O:1.23ns )   --->   "%store_ln139 = store i16 %add98_2, i10 %p_ZZ16UpConv_Fused_RowILi8ELi16ELi16ELi960ELi480EEvP7ap_uintILi256EEPKS1_S4_S4_S4_12" [../gen/Hls_Layers_UpConv.tpp:139]   --->   Operation 2497 'store' 'store_ln139' <Predicate = (icmp_ln132 & icmp_ln134 & p_read_1)> <Delay = 1.23> <CoreInst = "RAM_T2P_URAM">   --->   Core 99 'RAM_T2P_URAM' <Latency = 1> <II = 1> <Delay = 1.23> <Storage> <Opcode : 'load' 'store'> <Ports = 2> <Width = 16> <Depth = 960> <RAM>
ST_116 : Operation 2498 [1/1] (0.00ns)   --->   "%br_ln139 = br void %if.then77.3" [../gen/Hls_Layers_UpConv.tpp:139]   --->   Operation 2498 'br' 'br_ln139' <Predicate = (icmp_ln132 & icmp_ln134 & p_read_1)> <Delay = 0.00>
ST_116 : Operation 2499 [1/1] ( I:1.23ns O:1.23ns )   --->   "%store_ln139 = store i16 %add98_3, i10 %void_UpConv_Fused_Row_ap_uint_ap_uint_const_ap_uint_const_ap_uint_const_ap_u_21" [../gen/Hls_Layers_UpConv.tpp:139]   --->   Operation 2499 'store' 'store_ln139' <Predicate = (icmp_ln132 & icmp_ln134 & !p_read_1)> <Delay = 1.23> <CoreInst = "RAM_T2P_URAM">   --->   Core 99 'RAM_T2P_URAM' <Latency = 1> <II = 1> <Delay = 1.23> <Storage> <Opcode : 'load' 'store'> <Ports = 2> <Width = 16> <Depth = 960> <RAM>
ST_116 : Operation 2500 [1/1] (0.00ns)   --->   "%br_ln139 = br void %if.then77.4" [../gen/Hls_Layers_UpConv.tpp:139]   --->   Operation 2500 'br' 'br_ln139' <Predicate = (icmp_ln132 & icmp_ln134 & !p_read_1)> <Delay = 0.00>
ST_116 : Operation 2501 [1/1] ( I:1.23ns O:1.23ns )   --->   "%store_ln139 = store i16 %add98_3, i10 %p_ZZ16UpConv_Fused_RowILi8ELi16ELi16ELi960ELi480EEvP7ap_uintILi256EEPKS1_S4_S4_S4_13" [../gen/Hls_Layers_UpConv.tpp:139]   --->   Operation 2501 'store' 'store_ln139' <Predicate = (icmp_ln132 & icmp_ln134 & p_read_1)> <Delay = 1.23> <CoreInst = "RAM_T2P_URAM">   --->   Core 99 'RAM_T2P_URAM' <Latency = 1> <II = 1> <Delay = 1.23> <Storage> <Opcode : 'load' 'store'> <Ports = 2> <Width = 16> <Depth = 960> <RAM>
ST_116 : Operation 2502 [1/1] (0.00ns)   --->   "%br_ln139 = br void %if.then77.4" [../gen/Hls_Layers_UpConv.tpp:139]   --->   Operation 2502 'br' 'br_ln139' <Predicate = (icmp_ln132 & icmp_ln134 & p_read_1)> <Delay = 0.00>
ST_116 : Operation 2503 [1/1] ( I:1.23ns O:1.23ns )   --->   "%store_ln139 = store i16 %add98_4, i10 %void_UpConv_Fused_Row_ap_uint_ap_uint_const_ap_uint_const_ap_uint_const_ap_u_22" [../gen/Hls_Layers_UpConv.tpp:139]   --->   Operation 2503 'store' 'store_ln139' <Predicate = (icmp_ln132 & icmp_ln134 & !p_read_1)> <Delay = 1.23> <CoreInst = "RAM_T2P_URAM">   --->   Core 99 'RAM_T2P_URAM' <Latency = 1> <II = 1> <Delay = 1.23> <Storage> <Opcode : 'load' 'store'> <Ports = 2> <Width = 16> <Depth = 960> <RAM>
ST_116 : Operation 2504 [1/1] (0.00ns)   --->   "%br_ln139 = br void %if.then77.5" [../gen/Hls_Layers_UpConv.tpp:139]   --->   Operation 2504 'br' 'br_ln139' <Predicate = (icmp_ln132 & icmp_ln134 & !p_read_1)> <Delay = 0.00>
ST_116 : Operation 2505 [1/1] ( I:1.23ns O:1.23ns )   --->   "%store_ln139 = store i16 %add98_4, i10 %p_ZZ16UpConv_Fused_RowILi8ELi16ELi16ELi960ELi480EEvP7ap_uintILi256EEPKS1_S4_S4_S4_14" [../gen/Hls_Layers_UpConv.tpp:139]   --->   Operation 2505 'store' 'store_ln139' <Predicate = (icmp_ln132 & icmp_ln134 & p_read_1)> <Delay = 1.23> <CoreInst = "RAM_T2P_URAM">   --->   Core 99 'RAM_T2P_URAM' <Latency = 1> <II = 1> <Delay = 1.23> <Storage> <Opcode : 'load' 'store'> <Ports = 2> <Width = 16> <Depth = 960> <RAM>
ST_116 : Operation 2506 [1/1] (0.00ns)   --->   "%br_ln139 = br void %if.then77.5" [../gen/Hls_Layers_UpConv.tpp:139]   --->   Operation 2506 'br' 'br_ln139' <Predicate = (icmp_ln132 & icmp_ln134 & p_read_1)> <Delay = 0.00>
ST_116 : Operation 2507 [1/1] ( I:1.23ns O:1.23ns )   --->   "%store_ln139 = store i16 %add98_5, i10 %void_UpConv_Fused_Row_ap_uint_ap_uint_const_ap_uint_const_ap_uint_const_ap_u_23" [../gen/Hls_Layers_UpConv.tpp:139]   --->   Operation 2507 'store' 'store_ln139' <Predicate = (icmp_ln132 & icmp_ln134 & !p_read_1)> <Delay = 1.23> <CoreInst = "RAM_T2P_URAM">   --->   Core 99 'RAM_T2P_URAM' <Latency = 1> <II = 1> <Delay = 1.23> <Storage> <Opcode : 'load' 'store'> <Ports = 2> <Width = 16> <Depth = 960> <RAM>
ST_116 : Operation 2508 [1/1] (0.00ns)   --->   "%br_ln139 = br void %if.then77.6" [../gen/Hls_Layers_UpConv.tpp:139]   --->   Operation 2508 'br' 'br_ln139' <Predicate = (icmp_ln132 & icmp_ln134 & !p_read_1)> <Delay = 0.00>
ST_116 : Operation 2509 [1/1] ( I:1.23ns O:1.23ns )   --->   "%store_ln139 = store i16 %add98_5, i10 %p_ZZ16UpConv_Fused_RowILi8ELi16ELi16ELi960ELi480EEvP7ap_uintILi256EEPKS1_S4_S4_S4_15" [../gen/Hls_Layers_UpConv.tpp:139]   --->   Operation 2509 'store' 'store_ln139' <Predicate = (icmp_ln132 & icmp_ln134 & p_read_1)> <Delay = 1.23> <CoreInst = "RAM_T2P_URAM">   --->   Core 99 'RAM_T2P_URAM' <Latency = 1> <II = 1> <Delay = 1.23> <Storage> <Opcode : 'load' 'store'> <Ports = 2> <Width = 16> <Depth = 960> <RAM>
ST_116 : Operation 2510 [1/1] (0.00ns)   --->   "%br_ln139 = br void %if.then77.6" [../gen/Hls_Layers_UpConv.tpp:139]   --->   Operation 2510 'br' 'br_ln139' <Predicate = (icmp_ln132 & icmp_ln134 & p_read_1)> <Delay = 0.00>
ST_116 : Operation 2511 [1/1] ( I:1.23ns O:1.23ns )   --->   "%store_ln139 = store i16 %add98_6, i10 %void_UpConv_Fused_Row_ap_uint_ap_uint_const_ap_uint_const_ap_uint_const_ap_u_24" [../gen/Hls_Layers_UpConv.tpp:139]   --->   Operation 2511 'store' 'store_ln139' <Predicate = (icmp_ln132 & icmp_ln134 & !p_read_1)> <Delay = 1.23> <CoreInst = "RAM_T2P_URAM">   --->   Core 99 'RAM_T2P_URAM' <Latency = 1> <II = 1> <Delay = 1.23> <Storage> <Opcode : 'load' 'store'> <Ports = 2> <Width = 16> <Depth = 960> <RAM>
ST_116 : Operation 2512 [1/1] (0.00ns)   --->   "%br_ln139 = br void %if.then77.7" [../gen/Hls_Layers_UpConv.tpp:139]   --->   Operation 2512 'br' 'br_ln139' <Predicate = (icmp_ln132 & icmp_ln134 & !p_read_1)> <Delay = 0.00>
ST_116 : Operation 2513 [1/1] ( I:1.23ns O:1.23ns )   --->   "%store_ln139 = store i16 %add98_6, i10 %p_ZZ16UpConv_Fused_RowILi8ELi16ELi16ELi960ELi480EEvP7ap_uintILi256EEPKS1_S4_S4_S4_16" [../gen/Hls_Layers_UpConv.tpp:139]   --->   Operation 2513 'store' 'store_ln139' <Predicate = (icmp_ln132 & icmp_ln134 & p_read_1)> <Delay = 1.23> <CoreInst = "RAM_T2P_URAM">   --->   Core 99 'RAM_T2P_URAM' <Latency = 1> <II = 1> <Delay = 1.23> <Storage> <Opcode : 'load' 'store'> <Ports = 2> <Width = 16> <Depth = 960> <RAM>
ST_116 : Operation 2514 [1/1] (0.00ns)   --->   "%br_ln139 = br void %if.then77.7" [../gen/Hls_Layers_UpConv.tpp:139]   --->   Operation 2514 'br' 'br_ln139' <Predicate = (icmp_ln132 & icmp_ln134 & p_read_1)> <Delay = 0.00>
ST_116 : Operation 2515 [1/1] ( I:1.23ns O:1.23ns )   --->   "%store_ln139 = store i16 %add98_7, i10 %void_UpConv_Fused_Row_ap_uint_ap_uint_const_ap_uint_const_ap_uint_const_ap_u_25" [../gen/Hls_Layers_UpConv.tpp:139]   --->   Operation 2515 'store' 'store_ln139' <Predicate = (icmp_ln132 & icmp_ln134 & !p_read_1)> <Delay = 1.23> <CoreInst = "RAM_T2P_URAM">   --->   Core 99 'RAM_T2P_URAM' <Latency = 1> <II = 1> <Delay = 1.23> <Storage> <Opcode : 'load' 'store'> <Ports = 2> <Width = 16> <Depth = 960> <RAM>
ST_116 : Operation 2516 [1/1] (0.00ns)   --->   "%br_ln139 = br void %for.inc100.7" [../gen/Hls_Layers_UpConv.tpp:139]   --->   Operation 2516 'br' 'br_ln139' <Predicate = (icmp_ln132 & icmp_ln134 & !p_read_1)> <Delay = 0.00>
ST_116 : Operation 2517 [1/1] ( I:1.23ns O:1.23ns )   --->   "%store_ln139 = store i16 %add98_7, i10 %p_ZZ16UpConv_Fused_RowILi8ELi16ELi16ELi960ELi480EEvP7ap_uintILi256EEPKS1_S4_S4_S4_17" [../gen/Hls_Layers_UpConv.tpp:139]   --->   Operation 2517 'store' 'store_ln139' <Predicate = (icmp_ln132 & icmp_ln134 & p_read_1)> <Delay = 1.23> <CoreInst = "RAM_T2P_URAM">   --->   Core 99 'RAM_T2P_URAM' <Latency = 1> <II = 1> <Delay = 1.23> <Storage> <Opcode : 'load' 'store'> <Ports = 2> <Width = 16> <Depth = 960> <RAM>
ST_116 : Operation 2518 [1/1] (0.00ns)   --->   "%br_ln139 = br void %for.inc100.7" [../gen/Hls_Layers_UpConv.tpp:139]   --->   Operation 2518 'br' 'br_ln139' <Predicate = (icmp_ln132 & icmp_ln134 & p_read_1)> <Delay = 0.00>


============================================================
+ Verbose Summary: Timing violations
============================================================
Target clock period: 3.333ns, clock uncertainty: 0.900ns.

 <State 1>: 1.663ns
The critical path consists of the following:
	'store' operation 0 bit ('store_ln0') of constant 0 on local variable 'indvar_flatten' [98]  (0.427 ns)
	'load' operation 12 bit ('indvar_flatten_load', ../gen/Hls_Layers_UpConv.tpp:98) on local variable 'indvar_flatten' [105]  (0.000 ns)
	'icmp' operation 1 bit ('icmp_ln98', ../gen/Hls_Layers_UpConv.tpp:98) [106]  (0.809 ns)
	'store' operation 0 bit ('store_ln98', ../gen/Hls_Layers_UpConv.tpp:98) of variable 'add_ln98', ../gen/Hls_Layers_UpConv.tpp:98 on local variable 'indvar_flatten' [1381]  (0.427 ns)

 <State 2>: 2.404ns
The critical path consists of the following:
	'load' operation 10 bit ('m_load', ../gen/Hls_Layers_UpConv.tpp:108) on local variable 'm', ../gen/Hls_Layers_UpConv.tpp:108 [112]  (0.000 ns)
	'icmp' operation 1 bit ('icmp_ln108', ../gen/Hls_Layers_UpConv.tpp:108) [117]  (0.787 ns)
	'select' operation 10 bit ('select_ln98', ../gen/Hls_Layers_UpConv.tpp:98) [118]  (0.403 ns)
	'add' operation 10 bit ('add_ln108', ../gen/Hls_Layers_UpConv.tpp:108) [1380]  (0.787 ns)
	'store' operation 0 bit ('store_ln108', ../gen/Hls_Layers_UpConv.tpp:108) of variable 'add_ln108', ../gen/Hls_Layers_UpConv.tpp:108 on local variable 'm', ../gen/Hls_Layers_UpConv.tpp:108 [1383]  (0.427 ns)

 <State 3>: 2.360ns
The critical path consists of the following:
	'load' operation 2 bit ('kw_load', ../gen/Hls_Layers_UpConv.tpp:98) on local variable 'kw', ../gen/Hls_Layers_UpConv.tpp:98 [113]  (0.000 ns)
	'add' operation 2 bit ('kw', ../gen/Hls_Layers_UpConv.tpp:98) [114]  (0.548 ns)
	'select' operation 2 bit ('select_ln98_3', ../gen/Hls_Layers_UpConv.tpp:98) [121]  (0.179 ns)
	'add' operation 4 bit ('k', ../gen/Hls_Layers_UpConv.tpp:99) [123]  (0.673 ns)
	'sub' operation 10 bit ('w_off', ../gen/Hls_Layers_UpConv.tpp:102) [127]  (0.000 ns)
	'add' operation 10 bit ('add29', ../gen/Hls_Layers_UpConv.tpp:108) [136]  (0.960 ns)

 <State 4>: 2.035ns
The critical path consists of the following:
	'add' operation 11 bit ('add_ln113', ../gen/Hls_Layers_UpConv.tpp:113) [132]  (0.798 ns)
	'getelementptr' operation 11 bit ('x_buf_addr', ../gen/Hls_Layers_UpConv.tpp:113) [134]  (0.000 ns)
	'load' operation 256 bit ('x_word', ../gen/Hls_Layers_UpConv.tpp:113) on array 'x_buf' [135]  (1.237 ns)

 <State 5>: 1.237ns
The critical path consists of the following:
	'load' operation 256 bit ('x_word', ../gen/Hls_Layers_UpConv.tpp:113) on array 'x_buf' [135]  (1.237 ns)

 <State 6>: 1.902ns
The critical path consists of the following:
	'hmul' operation 16 bit ('prod', ../gen/Hls_Layers_UpConv.tpp:125) [147]  (1.902 ns)

 <State 7>: 1.902ns
The critical path consists of the following:
	'hmul' operation 16 bit ('prod', ../gen/Hls_Layers_UpConv.tpp:125) [147]  (1.902 ns)

 <State 8>: 1.902ns
The critical path consists of the following:
	'hmul' operation 16 bit ('prod', ../gen/Hls_Layers_UpConv.tpp:125) [147]  (1.902 ns)

 <State 9>: 1.902ns
The critical path consists of the following:
	'hmul' operation 16 bit ('prod', ../gen/Hls_Layers_UpConv.tpp:125) [147]  (1.902 ns)

 <State 10>: 2.333ns
The critical path consists of the following:
	'hadd' operation 16 bit ('dot', ../gen/Hls_Layers_UpConv.tpp:126) [150]  (2.333 ns)

 <State 11>: 2.333ns
The critical path consists of the following:
	'hadd' operation 16 bit ('dot', ../gen/Hls_Layers_UpConv.tpp:126) [150]  (2.333 ns)

 <State 12>: 2.333ns
The critical path consists of the following:
	'hadd' operation 16 bit ('dot', ../gen/Hls_Layers_UpConv.tpp:126) [150]  (2.333 ns)

 <State 13>: 2.333ns
The critical path consists of the following:
	'hadd' operation 16 bit ('dot', ../gen/Hls_Layers_UpConv.tpp:126) [150]  (2.333 ns)

 <State 14>: 2.333ns
The critical path consists of the following:
	'hadd' operation 16 bit ('dot', ../gen/Hls_Layers_UpConv.tpp:126) [150]  (2.333 ns)

 <State 15>: 2.333ns
The critical path consists of the following:
	'hadd' operation 16 bit ('dot', ../gen/Hls_Layers_UpConv.tpp:126) [159]  (2.333 ns)

 <State 16>: 2.333ns
The critical path consists of the following:
	'hadd' operation 16 bit ('dot', ../gen/Hls_Layers_UpConv.tpp:126) [159]  (2.333 ns)

 <State 17>: 2.333ns
The critical path consists of the following:
	'hadd' operation 16 bit ('dot', ../gen/Hls_Layers_UpConv.tpp:126) [159]  (2.333 ns)

 <State 18>: 2.333ns
The critical path consists of the following:
	'hadd' operation 16 bit ('dot', ../gen/Hls_Layers_UpConv.tpp:126) [159]  (2.333 ns)

 <State 19>: 2.333ns
The critical path consists of the following:
	'hadd' operation 16 bit ('dot', ../gen/Hls_Layers_UpConv.tpp:126) [159]  (2.333 ns)

 <State 20>: 2.333ns
The critical path consists of the following:
	'hadd' operation 16 bit ('dot', ../gen/Hls_Layers_UpConv.tpp:126) [168]  (2.333 ns)

 <State 21>: 2.333ns
The critical path consists of the following:
	'hadd' operation 16 bit ('dot', ../gen/Hls_Layers_UpConv.tpp:126) [168]  (2.333 ns)

 <State 22>: 2.333ns
The critical path consists of the following:
	'hadd' operation 16 bit ('dot', ../gen/Hls_Layers_UpConv.tpp:126) [168]  (2.333 ns)

 <State 23>: 2.333ns
The critical path consists of the following:
	'hadd' operation 16 bit ('dot', ../gen/Hls_Layers_UpConv.tpp:126) [168]  (2.333 ns)

 <State 24>: 2.333ns
The critical path consists of the following:
	'hadd' operation 16 bit ('dot', ../gen/Hls_Layers_UpConv.tpp:126) [168]  (2.333 ns)

 <State 25>: 2.333ns
The critical path consists of the following:
	'hadd' operation 16 bit ('dot', ../gen/Hls_Layers_UpConv.tpp:126) [177]  (2.333 ns)

 <State 26>: 2.333ns
The critical path consists of the following:
	'hadd' operation 16 bit ('dot', ../gen/Hls_Layers_UpConv.tpp:126) [177]  (2.333 ns)

 <State 27>: 2.333ns
The critical path consists of the following:
	'hadd' operation 16 bit ('dot', ../gen/Hls_Layers_UpConv.tpp:126) [177]  (2.333 ns)

 <State 28>: 2.333ns
The critical path consists of the following:
	'hadd' operation 16 bit ('dot', ../gen/Hls_Layers_UpConv.tpp:126) [177]  (2.333 ns)

 <State 29>: 2.333ns
The critical path consists of the following:
	'hadd' operation 16 bit ('dot', ../gen/Hls_Layers_UpConv.tpp:126) [177]  (2.333 ns)

 <State 30>: 2.333ns
The critical path consists of the following:
	'hadd' operation 16 bit ('dot', ../gen/Hls_Layers_UpConv.tpp:126) [186]  (2.333 ns)

 <State 31>: 2.333ns
The critical path consists of the following:
	'hadd' operation 16 bit ('dot', ../gen/Hls_Layers_UpConv.tpp:126) [186]  (2.333 ns)

 <State 32>: 2.333ns
The critical path consists of the following:
	'hadd' operation 16 bit ('dot', ../gen/Hls_Layers_UpConv.tpp:126) [186]  (2.333 ns)

 <State 33>: 2.333ns
The critical path consists of the following:
	'hadd' operation 16 bit ('dot', ../gen/Hls_Layers_UpConv.tpp:126) [186]  (2.333 ns)

 <State 34>: 2.333ns
The critical path consists of the following:
	'hadd' operation 16 bit ('dot', ../gen/Hls_Layers_UpConv.tpp:126) [186]  (2.333 ns)

 <State 35>: 2.333ns
The critical path consists of the following:
	'hadd' operation 16 bit ('dot', ../gen/Hls_Layers_UpConv.tpp:126) [195]  (2.333 ns)

 <State 36>: 2.333ns
The critical path consists of the following:
	'hadd' operation 16 bit ('dot', ../gen/Hls_Layers_UpConv.tpp:126) [195]  (2.333 ns)

 <State 37>: 2.333ns
The critical path consists of the following:
	'hadd' operation 16 bit ('dot', ../gen/Hls_Layers_UpConv.tpp:126) [195]  (2.333 ns)

 <State 38>: 2.333ns
The critical path consists of the following:
	'hadd' operation 16 bit ('dot', ../gen/Hls_Layers_UpConv.tpp:126) [195]  (2.333 ns)

 <State 39>: 2.333ns
The critical path consists of the following:
	'hadd' operation 16 bit ('dot', ../gen/Hls_Layers_UpConv.tpp:126) [195]  (2.333 ns)

 <State 40>: 2.333ns
The critical path consists of the following:
	'hadd' operation 16 bit ('dot', ../gen/Hls_Layers_UpConv.tpp:126) [204]  (2.333 ns)

 <State 41>: 2.333ns
The critical path consists of the following:
	'hadd' operation 16 bit ('dot', ../gen/Hls_Layers_UpConv.tpp:126) [204]  (2.333 ns)

 <State 42>: 2.333ns
The critical path consists of the following:
	'hadd' operation 16 bit ('dot', ../gen/Hls_Layers_UpConv.tpp:126) [204]  (2.333 ns)

 <State 43>: 2.333ns
The critical path consists of the following:
	'hadd' operation 16 bit ('dot', ../gen/Hls_Layers_UpConv.tpp:126) [204]  (2.333 ns)

 <State 44>: 2.333ns
The critical path consists of the following:
	'hadd' operation 16 bit ('dot', ../gen/Hls_Layers_UpConv.tpp:126) [204]  (2.333 ns)

 <State 45>: 2.333ns
The critical path consists of the following:
	'hadd' operation 16 bit ('dot', ../gen/Hls_Layers_UpConv.tpp:126) [213]  (2.333 ns)

 <State 46>: 2.333ns
The critical path consists of the following:
	'hadd' operation 16 bit ('dot', ../gen/Hls_Layers_UpConv.tpp:126) [213]  (2.333 ns)

 <State 47>: 2.333ns
The critical path consists of the following:
	'hadd' operation 16 bit ('dot', ../gen/Hls_Layers_UpConv.tpp:126) [213]  (2.333 ns)

 <State 48>: 2.333ns
The critical path consists of the following:
	'hadd' operation 16 bit ('dot', ../gen/Hls_Layers_UpConv.tpp:126) [213]  (2.333 ns)

 <State 49>: 2.333ns
The critical path consists of the following:
	'hadd' operation 16 bit ('dot', ../gen/Hls_Layers_UpConv.tpp:126) [213]  (2.333 ns)

 <State 50>: 2.333ns
The critical path consists of the following:
	'hadd' operation 16 bit ('dot', ../gen/Hls_Layers_UpConv.tpp:126) [222]  (2.333 ns)

 <State 51>: 2.333ns
The critical path consists of the following:
	'hadd' operation 16 bit ('dot', ../gen/Hls_Layers_UpConv.tpp:126) [222]  (2.333 ns)

 <State 52>: 2.333ns
The critical path consists of the following:
	'hadd' operation 16 bit ('dot', ../gen/Hls_Layers_UpConv.tpp:126) [222]  (2.333 ns)

 <State 53>: 2.333ns
The critical path consists of the following:
	'hadd' operation 16 bit ('dot', ../gen/Hls_Layers_UpConv.tpp:126) [222]  (2.333 ns)

 <State 54>: 2.333ns
The critical path consists of the following:
	'hadd' operation 16 bit ('dot', ../gen/Hls_Layers_UpConv.tpp:126) [222]  (2.333 ns)

 <State 55>: 2.333ns
The critical path consists of the following:
	'hadd' operation 16 bit ('dot', ../gen/Hls_Layers_UpConv.tpp:126) [231]  (2.333 ns)

 <State 56>: 2.333ns
The critical path consists of the following:
	'hadd' operation 16 bit ('dot', ../gen/Hls_Layers_UpConv.tpp:126) [231]  (2.333 ns)

 <State 57>: 2.333ns
The critical path consists of the following:
	'hadd' operation 16 bit ('dot', ../gen/Hls_Layers_UpConv.tpp:126) [231]  (2.333 ns)

 <State 58>: 2.333ns
The critical path consists of the following:
	'hadd' operation 16 bit ('dot', ../gen/Hls_Layers_UpConv.tpp:126) [231]  (2.333 ns)

 <State 59>: 2.333ns
The critical path consists of the following:
	'hadd' operation 16 bit ('dot', ../gen/Hls_Layers_UpConv.tpp:126) [231]  (2.333 ns)

 <State 60>: 2.333ns
The critical path consists of the following:
	'hadd' operation 16 bit ('dot', ../gen/Hls_Layers_UpConv.tpp:126) [240]  (2.333 ns)

 <State 61>: 2.333ns
The critical path consists of the following:
	'hadd' operation 16 bit ('dot', ../gen/Hls_Layers_UpConv.tpp:126) [240]  (2.333 ns)

 <State 62>: 2.333ns
The critical path consists of the following:
	'hadd' operation 16 bit ('dot', ../gen/Hls_Layers_UpConv.tpp:126) [240]  (2.333 ns)

 <State 63>: 2.333ns
The critical path consists of the following:
	'hadd' operation 16 bit ('dot', ../gen/Hls_Layers_UpConv.tpp:126) [240]  (2.333 ns)

 <State 64>: 2.333ns
The critical path consists of the following:
	'hadd' operation 16 bit ('dot', ../gen/Hls_Layers_UpConv.tpp:126) [240]  (2.333 ns)

 <State 65>: 2.333ns
The critical path consists of the following:
	'hadd' operation 16 bit ('dot', ../gen/Hls_Layers_UpConv.tpp:126) [249]  (2.333 ns)

 <State 66>: 2.333ns
The critical path consists of the following:
	'hadd' operation 16 bit ('dot', ../gen/Hls_Layers_UpConv.tpp:126) [249]  (2.333 ns)

 <State 67>: 2.333ns
The critical path consists of the following:
	'hadd' operation 16 bit ('dot', ../gen/Hls_Layers_UpConv.tpp:126) [249]  (2.333 ns)

 <State 68>: 2.333ns
The critical path consists of the following:
	'hadd' operation 16 bit ('dot', ../gen/Hls_Layers_UpConv.tpp:126) [249]  (2.333 ns)

 <State 69>: 2.333ns
The critical path consists of the following:
	'hadd' operation 16 bit ('dot', ../gen/Hls_Layers_UpConv.tpp:126) [249]  (2.333 ns)

 <State 70>: 2.333ns
The critical path consists of the following:
	'hadd' operation 16 bit ('dot', ../gen/Hls_Layers_UpConv.tpp:126) [258]  (2.333 ns)

 <State 71>: 2.333ns
The critical path consists of the following:
	'hadd' operation 16 bit ('dot', ../gen/Hls_Layers_UpConv.tpp:126) [258]  (2.333 ns)

 <State 72>: 2.333ns
The critical path consists of the following:
	'hadd' operation 16 bit ('dot', ../gen/Hls_Layers_UpConv.tpp:126) [258]  (2.333 ns)

 <State 73>: 2.333ns
The critical path consists of the following:
	'hadd' operation 16 bit ('dot', ../gen/Hls_Layers_UpConv.tpp:126) [258]  (2.333 ns)

 <State 74>: 2.333ns
The critical path consists of the following:
	'hadd' operation 16 bit ('dot', ../gen/Hls_Layers_UpConv.tpp:126) [258]  (2.333 ns)

 <State 75>: 2.333ns
The critical path consists of the following:
	'hadd' operation 16 bit ('dot', ../gen/Hls_Layers_UpConv.tpp:126) [267]  (2.333 ns)

 <State 76>: 2.333ns
The critical path consists of the following:
	'hadd' operation 16 bit ('dot', ../gen/Hls_Layers_UpConv.tpp:126) [267]  (2.333 ns)

 <State 77>: 2.333ns
The critical path consists of the following:
	'hadd' operation 16 bit ('dot', ../gen/Hls_Layers_UpConv.tpp:126) [267]  (2.333 ns)

 <State 78>: 2.333ns
The critical path consists of the following:
	'hadd' operation 16 bit ('dot', ../gen/Hls_Layers_UpConv.tpp:126) [267]  (2.333 ns)

 <State 79>: 2.333ns
The critical path consists of the following:
	'hadd' operation 16 bit ('dot', ../gen/Hls_Layers_UpConv.tpp:126) [267]  (2.333 ns)

 <State 80>: 2.333ns
The critical path consists of the following:
	'hadd' operation 16 bit ('dot', ../gen/Hls_Layers_UpConv.tpp:126) [276]  (2.333 ns)

 <State 81>: 2.333ns
The critical path consists of the following:
	'hadd' operation 16 bit ('dot', ../gen/Hls_Layers_UpConv.tpp:126) [276]  (2.333 ns)

 <State 82>: 2.333ns
The critical path consists of the following:
	'hadd' operation 16 bit ('dot', ../gen/Hls_Layers_UpConv.tpp:126) [276]  (2.333 ns)

 <State 83>: 2.333ns
The critical path consists of the following:
	'hadd' operation 16 bit ('dot', ../gen/Hls_Layers_UpConv.tpp:126) [276]  (2.333 ns)

 <State 84>: 2.333ns
The critical path consists of the following:
	'hadd' operation 16 bit ('dot', ../gen/Hls_Layers_UpConv.tpp:126) [276]  (2.333 ns)

 <State 85>: 2.333ns
The critical path consists of the following:
	'hadd' operation 16 bit ('dot', ../gen/Hls_Layers_UpConv.tpp:126) [285]  (2.333 ns)

 <State 86>: 2.333ns
The critical path consists of the following:
	'hadd' operation 16 bit ('dot', ../gen/Hls_Layers_UpConv.tpp:126) [285]  (2.333 ns)

 <State 87>: 2.333ns
The critical path consists of the following:
	'hadd' operation 16 bit ('dot', ../gen/Hls_Layers_UpConv.tpp:126) [285]  (2.333 ns)

 <State 88>: 2.333ns
The critical path consists of the following:
	'hadd' operation 16 bit ('dot', ../gen/Hls_Layers_UpConv.tpp:126) [285]  (2.333 ns)

 <State 89>: 2.333ns
The critical path consists of the following:
	'hadd' operation 16 bit ('dot', ../gen/Hls_Layers_UpConv.tpp:126) [285]  (2.333 ns)

 <State 90>: 2.333ns
The critical path consists of the following:
	'hadd' operation 16 bit ('add2', ../gen/Hls_Layers_UpConv.tpp:129) [1089]  (2.333 ns)

 <State 91>: 2.333ns
The critical path consists of the following:
	'hadd' operation 16 bit ('add2', ../gen/Hls_Layers_UpConv.tpp:129) [1089]  (2.333 ns)

 <State 92>: 2.333ns
The critical path consists of the following:
	'hadd' operation 16 bit ('add2', ../gen/Hls_Layers_UpConv.tpp:129) [1089]  (2.333 ns)

 <State 93>: 2.333ns
The critical path consists of the following:
	'hadd' operation 16 bit ('add2', ../gen/Hls_Layers_UpConv.tpp:129) [1089]  (2.333 ns)

 <State 94>: 2.333ns
The critical path consists of the following:
	'hadd' operation 16 bit ('add2', ../gen/Hls_Layers_UpConv.tpp:129) [1089]  (2.333 ns)

 <State 95>: 0.548ns
The critical path consists of the following:
	'add' operation 2 bit ('add_ln133', ../gen/Hls_Layers_UpConv.tpp:133) [1191]  (0.548 ns)

 <State 96>: 2.430ns
The critical path consists of the following:
	'load' operation 32 bit ('wi_load', ../gen/Hls_Layers_UpConv.tpp:98) on local variable 'wi', ../gen/Hls_Layers_UpConv.tpp:107 [110]  (0.000 ns)
	'select' operation 32 bit ('select_ln98_2', ../gen/Hls_Layers_UpConv.tpp:98) [120]  (0.449 ns)
	'shl' operation 32 bit ('shl_ln133', ../gen/Hls_Layers_UpConv.tpp:133) [1190]  (0.000 ns)
	'add' operation 32 bit ('wo', ../gen/Hls_Layers_UpConv.tpp:133) [1193]  (1.016 ns)
	'icmp' operation 1 bit ('icmp_ln134', ../gen/Hls_Layers_UpConv.tpp:134) [1195]  (0.965 ns)

 <State 97>: 2.333ns
The critical path consists of the following:
	'hadd' operation 16 bit ('add84_1', ../gen/Hls_Layers_UpConv.tpp:138) [1242]  (2.333 ns)

 <State 98>: 2.333ns
The critical path consists of the following:
	'hadd' operation 16 bit ('add84_1', ../gen/Hls_Layers_UpConv.tpp:138) [1242]  (2.333 ns)

 <State 99>: 2.333ns
The critical path consists of the following:
	'hadd' operation 16 bit ('add84_1', ../gen/Hls_Layers_UpConv.tpp:138) [1242]  (2.333 ns)

 <State 100>: 2.333ns
The critical path consists of the following:
	'hadd' operation 16 bit ('add84_1', ../gen/Hls_Layers_UpConv.tpp:138) [1242]  (2.333 ns)

 <State 101>: 2.333ns
The critical path consists of the following:
	'load' operation 16 bit ('psum_6_load_1', ../gen/Hls_Layers_UpConv.tpp:138) on local variable 'psum', ../gen/Hls_Layers_UpConv.tpp:104 [1243]  (0.000 ns)
	'hadd' operation 16 bit ('add88_1', ../gen/Hls_Layers_UpConv.tpp:138) [1244]  (2.333 ns)

 <State 102>: 2.333ns
The critical path consists of the following:
	'hadd' operation 16 bit ('add88_1', ../gen/Hls_Layers_UpConv.tpp:138) [1244]  (2.333 ns)

 <State 103>: 2.333ns
The critical path consists of the following:
	'hadd' operation 16 bit ('add88_1', ../gen/Hls_Layers_UpConv.tpp:138) [1244]  (2.333 ns)

 <State 104>: 2.333ns
The critical path consists of the following:
	'hadd' operation 16 bit ('add88_1', ../gen/Hls_Layers_UpConv.tpp:138) [1244]  (2.333 ns)

 <State 105>: 2.333ns
The critical path consists of the following:
	'hadd' operation 16 bit ('add88_1', ../gen/Hls_Layers_UpConv.tpp:138) [1244]  (2.333 ns)

 <State 106>: 2.333ns
The critical path consists of the following:
	'load' operation 16 bit ('psum_7_load_1', ../gen/Hls_Layers_UpConv.tpp:138) on local variable 'psum', ../gen/Hls_Layers_UpConv.tpp:104 [1245]  (0.000 ns)
	'hadd' operation 16 bit ('total', ../gen/Hls_Layers_UpConv.tpp:138) [1246]  (2.333 ns)

 <State 107>: 2.333ns
The critical path consists of the following:
	'hadd' operation 16 bit ('total', ../gen/Hls_Layers_UpConv.tpp:138) [1246]  (2.333 ns)

 <State 108>: 2.333ns
The critical path consists of the following:
	'hadd' operation 16 bit ('total', ../gen/Hls_Layers_UpConv.tpp:138) [1246]  (2.333 ns)

 <State 109>: 2.333ns
The critical path consists of the following:
	'hadd' operation 16 bit ('total', ../gen/Hls_Layers_UpConv.tpp:138) [1246]  (2.333 ns)

 <State 110>: 2.333ns
The critical path consists of the following:
	'hadd' operation 16 bit ('total', ../gen/Hls_Layers_UpConv.tpp:138) [1246]  (2.333 ns)

 <State 111>: 2.333ns
The critical path consists of the following:
	'hadd' operation 16 bit ('add98_1', ../gen/Hls_Layers_UpConv.tpp:139) [1250]  (2.333 ns)

 <State 112>: 2.333ns
The critical path consists of the following:
	'hadd' operation 16 bit ('add98_1', ../gen/Hls_Layers_UpConv.tpp:139) [1250]  (2.333 ns)

 <State 113>: 2.333ns
The critical path consists of the following:
	'hadd' operation 16 bit ('add98_2', ../gen/Hls_Layers_UpConv.tpp:139) [1269]  (2.333 ns)

 <State 114>: 2.333ns
The critical path consists of the following:
	'hadd' operation 16 bit ('add98_1', ../gen/Hls_Layers_UpConv.tpp:139) [1250]  (2.333 ns)

 <State 115>: 2.333ns
The critical path consists of the following:
	'hadd' operation 16 bit ('add98_1', ../gen/Hls_Layers_UpConv.tpp:139) [1250]  (2.333 ns)

 <State 116>: 1.237ns
The critical path consists of the following:
	'store' operation 0 bit ('store_ln139', ../gen/Hls_Layers_UpConv.tpp:139) of variable 'add6', ../gen/Hls_Layers_UpConv.tpp:139 on array 'void_UpConv_Fused_Row_ap_uint_ap_uint_const_ap_uint_const_ap_uint_const_ap_u_9' [1234]  (1.237 ns)


============================================================
+ Verbose Summary: Binding
============================================================
N/A
* FSMD analyzer results:
  - Output states:
 - Input state : 
  - Chain level:
	State 1
	State 2
	State 3
	State 4
	State 5
	State 6
	State 7
	State 8
	State 9
	State 10
	State 11
	State 12
	State 13
	State 14
	State 15
	State 16
	State 17
	State 18
	State 19
	State 20
	State 21
	State 22
	State 23
	State 24
	State 25
	State 26
	State 27
	State 28
	State 29
	State 30
	State 31
	State 32
	State 33
	State 34
	State 35
	State 36
	State 37
	State 38
	State 39
	State 40
	State 41
	State 42
	State 43
	State 44
	State 45
	State 46
	State 47
	State 48
	State 49
	State 50
	State 51
	State 52
	State 53
	State 54
	State 55
	State 56
	State 57
	State 58
	State 59
	State 60
	State 61
	State 62
	State 63
	State 64
	State 65
	State 66
	State 67
	State 68
	State 69
	State 70
	State 71
	State 72
	State 73
	State 74
	State 75
	State 76
	State 77
	State 78
	State 79
	State 80
	State 81
	State 82
	State 83
	State 84
	State 85
	State 86
	State 87
	State 88
	State 89
	State 90
	State 91
	State 92
	State 93
	State 94
	State 95
	State 96
	State 97
	State 98
	State 99
	State 100
	State 101
	State 102
	State 103
	State 104
	State 105
	State 106
	State 107
	State 108
	State 109
	State 110
	State 111
	State 112
	State 113
	State 114
	State 115
	State 116


============================================================
+ Verbose Summary: Datapath Resource usage 
============================================================
N/A
