

================================================================
== Vitis HLS Report for 'uc_load_tile_8_480_60_s'
================================================================
* Date:           Thu Jun 18 11:44:33 2026

* Version:        2024.2 (Build 5238294 on Nov  8 2024)
* Project:        upconv_block0
* Solution:       hls (Vivado IP Flow Target)
* Product family: zynquplus
* Target device:  xczu7ev-ffvc1156-2-e


================================================================
== Performance Estimates
================================================================
+ Timing: 
    * Summary: 
    +--------+---------+----------+------------+
    |  Clock |  Target | Estimated| Uncertainty|
    +--------+---------+----------+------------+
    |ap_clk  |  3.33 ns|  3.357 ns|     0.90 ns|
    +--------+---------+----------+------------+

+ Latency: 
    * Summary: 
    +---------+---------+-----------+-----------+------+------+-------------------------------------------------+
    |  Latency (cycles) |   Latency (absolute)  |   Interval  |                     Pipeline                    |
    |   min   |   max   |    min    |    max    |  min |  max |                       Type                      |
    +---------+---------+-----------+-----------+------+------+-------------------------------------------------+
    |     4333|     4333|  14.546 us|  14.546 us|  4331|  4331|  loop auto-rewind stp (delay=11 clock cycles(s))|
    +---------+---------+-----------+-----------+------+------+-------------------------------------------------+

    + Detail: 
        * Instance: 
        N/A

        * Loop: 
        +--------------------+---------+---------+----------+-----------+-----------+------+----------+
        |                    |  Latency (cycles) | Iteration|  Initiation Interval  | Trip |          |
        |      Loop Name     |   min   |   max   |  Latency |  achieved |   target  | Count| Pipelined|
        +--------------------+---------+---------+----------+-----------+-----------+------+----------+
        |- PRELOAD_W_W_FLAT  |     4331|     4331|        13|          1|          1|  4320|       yes|
        +--------------------+---------+---------+----------+-----------+-----------+------+----------+



================================================================
== Utilization Estimates
================================================================
* Summary: 
+-----------------+---------+------+--------+--------+-----+
|       Name      | BRAM_18K|  DSP |   FF   |   LUT  | URAM|
+-----------------+---------+------+--------+--------+-----+
|DSP              |        -|     -|       -|       -|    -|
|Expression       |        -|     -|       0|     486|    -|
|FIFO             |        -|     -|       -|       -|    -|
|Instance         |        -|     1|       0|       5|    -|
|Memory           |        -|     -|       -|       -|    -|
|Multiplexer      |        -|     -|       0|     135|    -|
|Register         |        -|     -|     902|     128|    -|
+-----------------+---------+------+--------+--------+-----+
|Total            |        0|     1|     902|     754|    0|
+-----------------+---------+------+--------+--------+-----+
|Available        |      624|  1728|  460800|  230400|   96|
+-----------------+---------+------+--------+--------+-----+
|Utilization (%)  |        0|    ~0|      ~0|      ~0|    0|
+-----------------+---------+------+--------+--------+-----+

+ Detail: 
    * Instance: 
    +-------------------------+---------------------+---------+----+---+----+-----+
    |         Instance        |        Module       | BRAM_18K| DSP| FF| LUT| URAM|
    +-------------------------+---------------------+---------+----+---+----+-----+
    |mul_9ns_16ns_24_1_1_U22  |mul_9ns_16ns_24_1_1  |        0|   1|  0|   5|    0|
    +-------------------------+---------------------+---------+----+---+----+-----+
    |Total                    |                     |        0|   1|  0|   5|    0|
    +-------------------------+---------------------+---------+----+---+----+-----+

    * DSP: 
    N/A

    * Memory: 
    N/A

    * FIFO: 
    N/A

    * Expression: 
    +--------------------------------+----------+----+---+----+------------+------------+
    |          Variable Name         | Operation| DSP| FF| LUT| Bitwidth P0| Bitwidth P1|
    +--------------------------------+----------+----+---+----+------------+------------+
    |add_ln71_1_fu_431_p2            |         +|   0|  0|  71|          64|          64|
    |add_ln71_2_fu_338_p2            |         +|   0|  0|  12|           4|           1|
    |add_ln71_3_fu_368_p2            |         +|   0|  0|  20|          13|           1|
    |add_ln71_fu_362_p2              |         +|   0|  0|  16|           9|           9|
    |add_ln75_fu_378_p2              |         +|   0|  0|  17|          10|           1|
    |add_ln77_fu_537_p2              |         +|   0|  0|  18|          10|          10|
    |add_ln79_fu_542_p2              |         +|   0|  0|  39|          32|           1|
    |ci_cnt_1_fu_471_p2              |         +|   0|  0|  39|          32|           1|
    |sub_ln77_fu_531_p2              |         -|   0|  0|  18|          10|          10|
    |ap_block_state4_io_grp1         |       and|   0|  0|   2|           1|           1|
    |ap_condition_291                |       and|   0|  0|   2|           1|           1|
    |ap_condition_736                |       and|   0|  0|   2|           1|           1|
    |ap_condition_741                |       and|   0|  0|   2|           1|           1|
    |ap_condition_745                |       and|   0|  0|   2|           1|           1|
    |icmp_ln71_fu_398_p2             |      icmp|   0|  0|  20|          13|          13|
    |icmp_ln75_fu_392_p2             |      icmp|   0|  0|  17|          10|          10|
    |icmp_ln79_fu_477_p2             |      icmp|   0|  0|  39|          32|           6|
    |ap_block_pp0_stage0_11001       |        or|   0|  0|   2|           1|           1|
    |ap_block_pp0_stage0_11001_grp0  |        or|   0|  0|   2|           1|           1|
    |or_ln71_fu_344_p2               |        or|   0|  0|   2|           1|           1|
    |ci_cnt_fu_483_p3                |    select|   0|  0|  32|           1|           1|
    |k_cnt_fu_548_p3                 |    select|   0|  0|  32|           1|          32|
    |kci_fu_384_p3                   |    select|   0|  0|  10|           1|           1|
    |select_ln71_1_fu_459_p3         |    select|   0|  0|  32|           1|           1|
    |select_ln71_2_fu_499_p3         |    select|   0|  0|  32|           1|           1|
    |tc_fu_350_p3                    |    select|   0|  0|   4|           1|           4|
    |ap_enable_pp0                   |       xor|   0|  0|   2|           1|           2|
    +--------------------------------+----------+----+---+----+------------+------------+
    |Total                           |          |   0|  0| 486|         254|         177|
    +--------------------------------+----------+----+---+----+------------+------------+

    * Multiplexer: 
    +----------------------------------------+----+-----------+-----+-----------+
    |                  Name                  | LUT| Input Size| Bits| Total Bits|
    +----------------------------------------+----+-----------+-----+-----------+
    |ap_done_int                             |   9|          2|    1|          2|
    |ap_loop_exit_ready_pp0_iter12_reg       |   9|          2|    1|          2|
    |ap_phi_mux_icmp_ln7554_phi_fu_277_p4    |   9|          2|    1|          2|
    |ap_return                               |   9|          2|    6|         12|
    |ap_sig_allocacmp_indvar_flatten48_load  |   9|          2|   13|         26|
    |ap_sig_allocacmp_kci51_load             |   9|          2|   10|         20|
    |ap_sig_allocacmp_tc49_load              |   9|          2|    4|          8|
    |ci_cnt52_fu_138                         |   9|          2|   32|         64|
    |gmem_weight_blk_n_AR                    |   9|          2|    1|          2|
    |gmem_weight_blk_n_R                     |   9|          2|    1|          2|
    |icmp_ln7554_reg_274                     |   9|          2|    1|          2|
    |indvar_flatten48_fu_126                 |   9|          2|   13|         26|
    |k_cnt53_fu_142                          |   9|          2|   32|         64|
    |kci51_fu_134                            |   9|          2|   10|         20|
    |tc49_fu_130                             |   9|          2|    4|          8|
    +----------------------------------------+----+-----------+-----+-----------+
    |Total                                   | 135|         30|  130|        260|
    +----------------------------------------+----+-----------+-----+-----------+

    * Register: 
    +---------------------------------------------------+-----+----+-----+-----------+
    |                        Name                       |  FF | LUT| Bits| Const Bits|
    +---------------------------------------------------+-----+----+-----+-----------+
    |W_ptr_read_reg_610                                 |   64|   0|   64|          0|
    |W_ptr_read_reg_610_pp0_iter1_reg                   |   64|   0|   64|          0|
    |add_ln71_reg_619                                   |    9|   0|    9|          0|
    |add_ln77_reg_663                                   |   10|   0|   10|          0|
    |ap_CS_fsm                                          |    1|   0|    1|          0|
    |ap_block_pp0_stage0_subdone_grp0_done_reg          |    1|   0|    1|          0|
    |ap_block_pp0_stage0_subdone_grp0_done_reg_iter0    |    1|   0|    1|          0|
    |ap_condition_exit_pp0_iter0_stage0_pp0_iter10_reg  |    1|   0|    1|          0|
    |ap_condition_exit_pp0_iter0_stage0_pp0_iter11_reg  |    1|   0|    1|          0|
    |ap_condition_exit_pp0_iter0_stage0_pp0_iter1_reg   |    1|   0|    1|          0|
    |ap_condition_exit_pp0_iter0_stage0_pp0_iter2_reg   |    1|   0|    1|          0|
    |ap_condition_exit_pp0_iter0_stage0_pp0_iter3_reg   |    1|   0|    1|          0|
    |ap_condition_exit_pp0_iter0_stage0_pp0_iter4_reg   |    1|   0|    1|          0|
    |ap_condition_exit_pp0_iter0_stage0_pp0_iter5_reg   |    1|   0|    1|          0|
    |ap_condition_exit_pp0_iter0_stage0_pp0_iter6_reg   |    1|   0|    1|          0|
    |ap_condition_exit_pp0_iter0_stage0_pp0_iter7_reg   |    1|   0|    1|          0|
    |ap_condition_exit_pp0_iter0_stage0_pp0_iter8_reg   |    1|   0|    1|          0|
    |ap_condition_exit_pp0_iter0_stage0_pp0_iter9_reg   |    1|   0|    1|          0|
    |ap_done_reg                                        |    1|   0|    1|          0|
    |ap_enable_reg_pp0_iter1                            |    1|   0|    1|          0|
    |ap_enable_reg_pp0_iter10                           |    1|   0|    1|          0|
    |ap_enable_reg_pp0_iter11                           |    1|   0|    1|          0|
    |ap_enable_reg_pp0_iter12                           |    1|   0|    1|          0|
    |ap_enable_reg_pp0_iter2                            |    1|   0|    1|          0|
    |ap_enable_reg_pp0_iter3                            |    1|   0|    1|          0|
    |ap_enable_reg_pp0_iter4                            |    1|   0|    1|          0|
    |ap_enable_reg_pp0_iter5                            |    1|   0|    1|          0|
    |ap_enable_reg_pp0_iter6                            |    1|   0|    1|          0|
    |ap_enable_reg_pp0_iter7                            |    1|   0|    1|          0|
    |ap_enable_reg_pp0_iter8                            |    1|   0|    1|          0|
    |ap_enable_reg_pp0_iter9                            |    1|   0|    1|          0|
    |ap_loop_exit_ready_pp0_iter10_reg                  |    1|   0|    1|          0|
    |ap_loop_exit_ready_pp0_iter11_reg                  |    1|   0|    1|          0|
    |ap_loop_exit_ready_pp0_iter12_reg                  |    1|   0|    1|          0|
    |ap_loop_exit_ready_pp0_iter1_reg                   |    1|   0|    1|          0|
    |ap_loop_exit_ready_pp0_iter2_reg                   |    1|   0|    1|          0|
    |ap_loop_exit_ready_pp0_iter3_reg                   |    1|   0|    1|          0|
    |ap_loop_exit_ready_pp0_iter4_reg                   |    1|   0|    1|          0|
    |ap_loop_exit_ready_pp0_iter5_reg                   |    1|   0|    1|          0|
    |ap_loop_exit_ready_pp0_iter6_reg                   |    1|   0|    1|          0|
    |ap_loop_exit_ready_pp0_iter7_reg                   |    1|   0|    1|          0|
    |ap_loop_exit_ready_pp0_iter8_reg                   |    1|   0|    1|          0|
    |ap_loop_exit_ready_pp0_iter9_reg                   |    1|   0|    1|          0|
    |ap_return_preg                                     |    6|   0|    6|          0|
    |ci_cnt52_fu_138                                    |   32|   0|   32|          0|
    |gmem_weight_addr_read_reg_668                      |  256|   0|  256|          0|
    |icmp_ln71_reg_633                                  |    1|   0|    1|          0|
    |icmp_ln7554_reg_274                                |    1|   0|    1|          0|
    |icmp_ln75_reg_628                                  |    1|   0|    1|          0|
    |icmp_ln79_reg_658                                  |    1|   0|    1|          0|
    |indvar_flatten48_fu_126                            |   13|   0|   13|          0|
    |k_cnt53_fu_142                                     |   32|   0|   32|          0|
    |kci51_fu_134                                       |   10|   0|   10|          0|
    |mul_ln71_reg_637                                   |   24|   0|   24|          0|
    |or_ln71_reg_615                                    |    1|   0|    1|          0|
    |tc49_fu_130                                        |    4|   0|    4|          0|
    |tile_read_reg_606                                  |    6|   0|    6|          0|
    |trunc_ln71_reg_624                                 |    3|   0|    3|          0|
    |trunc_ln75_reg_653                                 |   10|   0|   10|          0|
    |trunc_ln_reg_642                                   |   59|   0|   59|          0|
    |icmp_ln7554_reg_274                                |   64|  32|    1|          0|
    |or_ln71_reg_615                                    |   64|  32|    1|          0|
    |tile_read_reg_606                                  |   64|  32|    6|          0|
    |trunc_ln71_reg_624                                 |   64|  32|    3|          0|
    +---------------------------------------------------+-----+----+-----+-----------+
    |Total                                              |  902| 128|  657|          0|
    +---------------------------------------------------+-----+----+-----+-----------+



================================================================
== Interface
================================================================
* Summary: 
+------------------------------+-----+-----+------------+--------------------------+--------------+
|           RTL Ports          | Dir | Bits|  Protocol  |       Source Object      |    C Type    |
+------------------------------+-----+-----+------------+--------------------------+--------------+
|ap_clk                        |   in|    1|  ap_ctrl_hs|  uc_load_tile<8, 480, 60>|  return value|
|ap_rst                        |   in|    1|  ap_ctrl_hs|  uc_load_tile<8, 480, 60>|  return value|
|ap_start                      |   in|    1|  ap_ctrl_hs|  uc_load_tile<8, 480, 60>|  return value|
|ap_done                       |  out|    1|  ap_ctrl_hs|  uc_load_tile<8, 480, 60>|  return value|
|ap_continue                   |   in|    1|  ap_ctrl_hs|  uc_load_tile<8, 480, 60>|  return value|
|ap_idle                       |  out|    1|  ap_ctrl_hs|  uc_load_tile<8, 480, 60>|  return value|
|ap_ready                      |  out|    1|  ap_ctrl_hs|  uc_load_tile<8, 480, 60>|  return value|
|ap_return                     |  out|    6|  ap_ctrl_hs|  uc_load_tile<8, 480, 60>|  return value|
|m_axi_gmem_weight_0_AWVALID   |  out|    1|       m_axi|               gmem_weight|       pointer|
|m_axi_gmem_weight_0_AWREADY   |   in|    1|       m_axi|               gmem_weight|       pointer|
|m_axi_gmem_weight_0_AWADDR    |  out|   64|       m_axi|               gmem_weight|       pointer|
|m_axi_gmem_weight_0_AWID      |  out|    1|       m_axi|               gmem_weight|       pointer|
|m_axi_gmem_weight_0_AWLEN     |  out|   32|       m_axi|               gmem_weight|       pointer|
|m_axi_gmem_weight_0_AWSIZE    |  out|    3|       m_axi|               gmem_weight|       pointer|
|m_axi_gmem_weight_0_AWBURST   |  out|    2|       m_axi|               gmem_weight|       pointer|
|m_axi_gmem_weight_0_AWLOCK    |  out|    2|       m_axi|               gmem_weight|       pointer|
|m_axi_gmem_weight_0_AWCACHE   |  out|    4|       m_axi|               gmem_weight|       pointer|
|m_axi_gmem_weight_0_AWPROT    |  out|    3|       m_axi|               gmem_weight|       pointer|
|m_axi_gmem_weight_0_AWQOS     |  out|    4|       m_axi|               gmem_weight|       pointer|
|m_axi_gmem_weight_0_AWREGION  |  out|    4|       m_axi|               gmem_weight|       pointer|
|m_axi_gmem_weight_0_AWUSER    |  out|    1|       m_axi|               gmem_weight|       pointer|
|m_axi_gmem_weight_0_WVALID    |  out|    1|       m_axi|               gmem_weight|       pointer|
|m_axi_gmem_weight_0_WREADY    |   in|    1|       m_axi|               gmem_weight|       pointer|
|m_axi_gmem_weight_0_WDATA     |  out|  256|       m_axi|               gmem_weight|       pointer|
|m_axi_gmem_weight_0_WSTRB     |  out|   32|       m_axi|               gmem_weight|       pointer|
|m_axi_gmem_weight_0_WLAST     |  out|    1|       m_axi|               gmem_weight|       pointer|
|m_axi_gmem_weight_0_WID       |  out|    1|       m_axi|               gmem_weight|       pointer|
|m_axi_gmem_weight_0_WUSER     |  out|    1|       m_axi|               gmem_weight|       pointer|
|m_axi_gmem_weight_0_ARVALID   |  out|    1|       m_axi|               gmem_weight|       pointer|
|m_axi_gmem_weight_0_ARREADY   |   in|    1|       m_axi|               gmem_weight|       pointer|
|m_axi_gmem_weight_0_ARADDR    |  out|   64|       m_axi|               gmem_weight|       pointer|
|m_axi_gmem_weight_0_ARID      |  out|    1|       m_axi|               gmem_weight|       pointer|
|m_axi_gmem_weight_0_ARLEN     |  out|   32|       m_axi|               gmem_weight|       pointer|
|m_axi_gmem_weight_0_ARSIZE    |  out|    3|       m_axi|               gmem_weight|       pointer|
|m_axi_gmem_weight_0_ARBURST   |  out|    2|       m_axi|               gmem_weight|       pointer|
|m_axi_gmem_weight_0_ARLOCK    |  out|    2|       m_axi|               gmem_weight|       pointer|
|m_axi_gmem_weight_0_ARCACHE   |  out|    4|       m_axi|               gmem_weight|       pointer|
|m_axi_gmem_weight_0_ARPROT    |  out|    3|       m_axi|               gmem_weight|       pointer|
|m_axi_gmem_weight_0_ARQOS     |  out|    4|       m_axi|               gmem_weight|       pointer|
|m_axi_gmem_weight_0_ARREGION  |  out|    4|       m_axi|               gmem_weight|       pointer|
|m_axi_gmem_weight_0_ARUSER    |  out|    1|       m_axi|               gmem_weight|       pointer|
|m_axi_gmem_weight_0_RVALID    |   in|    1|       m_axi|               gmem_weight|       pointer|
|m_axi_gmem_weight_0_RREADY    |  out|    1|       m_axi|               gmem_weight|       pointer|
|m_axi_gmem_weight_0_RDATA     |   in|  256|       m_axi|               gmem_weight|       pointer|
|m_axi_gmem_weight_0_RLAST     |   in|    1|       m_axi|               gmem_weight|       pointer|
|m_axi_gmem_weight_0_RID       |   in|    1|       m_axi|               gmem_weight|       pointer|
|m_axi_gmem_weight_0_RFIFONUM  |   in|   11|       m_axi|               gmem_weight|       pointer|
|m_axi_gmem_weight_0_RUSER     |   in|    1|       m_axi|               gmem_weight|       pointer|
|m_axi_gmem_weight_0_RRESP     |   in|    2|       m_axi|               gmem_weight|       pointer|
|m_axi_gmem_weight_0_BVALID    |   in|    1|       m_axi|               gmem_weight|       pointer|
|m_axi_gmem_weight_0_BREADY    |  out|    1|       m_axi|               gmem_weight|       pointer|
|m_axi_gmem_weight_0_BRESP     |   in|    2|       m_axi|               gmem_weight|       pointer|
|m_axi_gmem_weight_0_BID       |   in|    1|       m_axi|               gmem_weight|       pointer|
|m_axi_gmem_weight_0_BUSER     |   in|    1|       m_axi|               gmem_weight|       pointer|
|W_ptr                         |   in|   64|     ap_none|                     W_ptr|        scalar|
|tile                          |   in|    6|     ap_none|                      tile|        scalar|
|wbuf_0_address0               |  out|   10|   ap_memory|                    wbuf_0|         array|
|wbuf_0_ce0                    |  out|    1|   ap_memory|                    wbuf_0|         array|
|wbuf_0_we0                    |  out|    1|   ap_memory|                    wbuf_0|         array|
|wbuf_0_d0                     |  out|  256|   ap_memory|                    wbuf_0|         array|
|wbuf_1_address0               |  out|   10|   ap_memory|                    wbuf_1|         array|
|wbuf_1_ce0                    |  out|    1|   ap_memory|                    wbuf_1|         array|
|wbuf_1_we0                    |  out|    1|   ap_memory|                    wbuf_1|         array|
|wbuf_1_d0                     |  out|  256|   ap_memory|                    wbuf_1|         array|
|wbuf_2_address0               |  out|   10|   ap_memory|                    wbuf_2|         array|
|wbuf_2_ce0                    |  out|    1|   ap_memory|                    wbuf_2|         array|
|wbuf_2_we0                    |  out|    1|   ap_memory|                    wbuf_2|         array|
|wbuf_2_d0                     |  out|  256|   ap_memory|                    wbuf_2|         array|
|wbuf_3_address0               |  out|   10|   ap_memory|                    wbuf_3|         array|
|wbuf_3_ce0                    |  out|    1|   ap_memory|                    wbuf_3|         array|
|wbuf_3_we0                    |  out|    1|   ap_memory|                    wbuf_3|         array|
|wbuf_3_d0                     |  out|  256|   ap_memory|                    wbuf_3|         array|
|wbuf_4_address0               |  out|   10|   ap_memory|                    wbuf_4|         array|
|wbuf_4_ce0                    |  out|    1|   ap_memory|                    wbuf_4|         array|
|wbuf_4_we0                    |  out|    1|   ap_memory|                    wbuf_4|         array|
|wbuf_4_d0                     |  out|  256|   ap_memory|                    wbuf_4|         array|
|wbuf_5_address0               |  out|   10|   ap_memory|                    wbuf_5|         array|
|wbuf_5_ce0                    |  out|    1|   ap_memory|                    wbuf_5|         array|
|wbuf_5_we0                    |  out|    1|   ap_memory|                    wbuf_5|         array|
|wbuf_5_d0                     |  out|  256|   ap_memory|                    wbuf_5|         array|
|wbuf_6_address0               |  out|   10|   ap_memory|                    wbuf_6|         array|
|wbuf_6_ce0                    |  out|    1|   ap_memory|                    wbuf_6|         array|
|wbuf_6_we0                    |  out|    1|   ap_memory|                    wbuf_6|         array|
|wbuf_6_d0                     |  out|  256|   ap_memory|                    wbuf_6|         array|
|wbuf_7_address0               |  out|   10|   ap_memory|                    wbuf_7|         array|
|wbuf_7_ce0                    |  out|    1|   ap_memory|                    wbuf_7|         array|
|wbuf_7_we0                    |  out|    1|   ap_memory|                    wbuf_7|         array|
|wbuf_7_d0                     |  out|  256|   ap_memory|                    wbuf_7|         array|
+------------------------------+-----+-----+------------+--------------------------+--------------+

============================================================
+ Verbose Summary: Synthesis Manager
============================================================
InlineROM: 1
ExposeGlobal: 0
============================================================
+ Verbose Summary: CDFG Model
============================================================
IsTopModel: 0
ResetActiveHigh: 1
IsCombinational: 2
IsDatapathOnly: 0
HasWiredReturn: 1
HasMFsm: 2
HasVarLatency: 1
IsPipeline: 0
IsRtlPipelined: 0
IsInstanceOverlapped: 0
IsDontTouch: 0
HasImplIP: 0
IsGatedGlobalClock: 0

+ Individual pipeline summary: 
  * Pipeline-0: initiation interval (II) = 1, depth = 13


============================================================
+ Verbose Summary: Schedule
============================================================
* Number of FSM states : 13
* Pipeline : 1
  Pipeline-0 : II = 1, D = 13, States = { 1 2 3 4 5 6 7 8 9 10 11 12 13 }
* Dataflow Pipeline: 0

* FSM state transitions: 
1 --> 2 
2 --> 3 
3 --> 4 
4 --> 5 
5 --> 6 
6 --> 7 
7 --> 8 
8 --> 9 
9 --> 10 
10 --> 11 
11 --> 12 
12 --> 13 
13 --> 

* FSM state operations: 

State 1 <SV = 0> <Delay = 2.40>
ST_1 : Operation 16 [1/1] (0.00ns)   --->   "%indvar_flatten48 = alloca i32 1"   --->   Operation 16 'alloca' 'indvar_flatten48' <Predicate = true> <Delay = 0.00>
ST_1 : Operation 17 [1/1] (0.00ns)   --->   "%tc49 = alloca i32 1"   --->   Operation 17 'alloca' 'tc49' <Predicate = true> <Delay = 0.00>
ST_1 : Operation 18 [1/1] (0.00ns)   --->   "%kci51 = alloca i32 1"   --->   Operation 18 'alloca' 'kci51' <Predicate = true> <Delay = 0.00>
ST_1 : Operation 19 [1/1] (0.00ns)   --->   "%ci_cnt52 = alloca i32 1"   --->   Operation 19 'alloca' 'ci_cnt52' <Predicate = true> <Delay = 0.00>
ST_1 : Operation 20 [1/1] (0.00ns)   --->   "%k_cnt53 = alloca i32 1"   --->   Operation 20 'alloca' 'k_cnt53' <Predicate = true> <Delay = 0.00>
ST_1 : Operation 21 [1/1] (0.00ns)   --->   "%tile_read = read i6 @_ssdm_op_Read.ap_auto.i6, i6 %tile"   --->   Operation 21 'read' 'tile_read' <Predicate = true> <Delay = 0.00>
ST_1 : Operation 22 [1/1] (0.00ns)   --->   "%W_ptr_read = read i64 @_ssdm_op_Read.ap_auto.i64, i64 %W_ptr"   --->   Operation 22 'read' 'W_ptr_read' <Predicate = true> <Delay = 0.00>
ST_1 : Operation 23 [1/1] (0.00ns)   --->   "%specmemcore_ln0 = specmemcore void @_ssdm_op_SpecMemCore, i256 %wbuf_0, i64 666, i64 31, i64 18446744073709551615"   --->   Operation 23 'specmemcore' 'specmemcore_ln0' <Predicate = true> <Delay = 0.00>
ST_1 : Operation 24 [1/1] (0.00ns)   --->   "%specmemcore_ln0 = specmemcore void @_ssdm_op_SpecMemCore, i256 %wbuf_1, i64 666, i64 31, i64 18446744073709551615"   --->   Operation 24 'specmemcore' 'specmemcore_ln0' <Predicate = true> <Delay = 0.00>
ST_1 : Operation 25 [1/1] (0.00ns)   --->   "%specmemcore_ln0 = specmemcore void @_ssdm_op_SpecMemCore, i256 %wbuf_2, i64 666, i64 31, i64 18446744073709551615"   --->   Operation 25 'specmemcore' 'specmemcore_ln0' <Predicate = true> <Delay = 0.00>
ST_1 : Operation 26 [1/1] (0.00ns)   --->   "%specmemcore_ln0 = specmemcore void @_ssdm_op_SpecMemCore, i256 %wbuf_3, i64 666, i64 31, i64 18446744073709551615"   --->   Operation 26 'specmemcore' 'specmemcore_ln0' <Predicate = true> <Delay = 0.00>
ST_1 : Operation 27 [1/1] (0.00ns)   --->   "%specmemcore_ln0 = specmemcore void @_ssdm_op_SpecMemCore, i256 %wbuf_4, i64 666, i64 31, i64 18446744073709551615"   --->   Operation 27 'specmemcore' 'specmemcore_ln0' <Predicate = true> <Delay = 0.00>
ST_1 : Operation 28 [1/1] (0.00ns)   --->   "%specmemcore_ln0 = specmemcore void @_ssdm_op_SpecMemCore, i256 %wbuf_5, i64 666, i64 31, i64 18446744073709551615"   --->   Operation 28 'specmemcore' 'specmemcore_ln0' <Predicate = true> <Delay = 0.00>
ST_1 : Operation 29 [1/1] (0.00ns)   --->   "%specmemcore_ln0 = specmemcore void @_ssdm_op_SpecMemCore, i256 %wbuf_6, i64 666, i64 31, i64 18446744073709551615"   --->   Operation 29 'specmemcore' 'specmemcore_ln0' <Predicate = true> <Delay = 0.00>
ST_1 : Operation 30 [1/1] (0.00ns)   --->   "%specmemcore_ln0 = specmemcore void @_ssdm_op_SpecMemCore, i256 %wbuf_7, i64 666, i64 31, i64 18446744073709551615"   --->   Operation 30 'specmemcore' 'specmemcore_ln0' <Predicate = true> <Delay = 0.00>
ST_1 : Operation 31 [1/1] (0.00ns)   --->   "%specinterface_ln0 = specinterface void @_ssdm_op_SpecInterface, i256 %gmem_weight, void @empty_109, i32 0, i32 0, void @empty_65, i32 0, i32 0, void @empty_134, void @empty_67, void @empty_65, i32 16, i32 16, i32 64, i32 16, void @empty_65, void @empty_65, i32 4294967295, i32 0, i32 0"   --->   Operation 31 'specinterface' 'specinterface_ln0' <Predicate = true> <Delay = 0.00>
ST_1 : Operation 32 [1/1] (0.00ns)   --->   "%co_base = bitconcatenate i9 @_ssdm_op_BitConcatenate.i9.i6.i3, i6 %tile_read, i3 0" [../gen/Hls_Layers_UpConv.tpp:70]   --->   Operation 32 'bitconcatenate' 'co_base' <Predicate = true> <Delay = 0.00>
ST_1 : Operation 33 [1/1] (0.42ns)   --->   "%store_ln0 = store i32 0, i32 %k_cnt53"   --->   Operation 33 'store' 'store_ln0' <Predicate = true> <Delay = 0.42>
ST_1 : Operation 34 [1/1] (0.42ns)   --->   "%store_ln0 = store i32 0, i32 %ci_cnt52"   --->   Operation 34 'store' 'store_ln0' <Predicate = true> <Delay = 0.42>
ST_1 : Operation 35 [1/1] (0.42ns)   --->   "%store_ln0 = store i10 0, i10 %kci51"   --->   Operation 35 'store' 'store_ln0' <Predicate = true> <Delay = 0.42>
ST_1 : Operation 36 [1/1] (0.42ns)   --->   "%store_ln0 = store i4 0, i4 %tc49"   --->   Operation 36 'store' 'store_ln0' <Predicate = true> <Delay = 0.42>
ST_1 : Operation 37 [1/1] (0.42ns)   --->   "%store_ln0 = store i13 0, i13 %indvar_flatten48"   --->   Operation 37 'store' 'store_ln0' <Predicate = true> <Delay = 0.42>
ST_1 : Operation 38 [1/1] (0.42ns)   --->   "%br_ln0 = br void %for.inc20"   --->   Operation 38 'br' 'br_ln0' <Predicate = true> <Delay = 0.42>
ST_1 : Operation 39 [1/1] (0.00ns)   --->   "%icmp_ln7554 = phi i1 0, void %entry, i1 %icmp_ln75, void %arrayidx1411.exit" [../gen/Hls_Layers_UpConv.tpp:75]   --->   Operation 39 'phi' 'icmp_ln7554' <Predicate = true> <Delay = 0.00>
ST_1 : Operation 40 [1/1] (0.00ns)   --->   "%first_iter_050 = phi i1 1, void %entry, i1 0, void %arrayidx1411.exit"   --->   Operation 40 'phi' 'first_iter_050' <Predicate = true> <Delay = 0.00>
ST_1 : Operation 41 [1/1] (0.00ns)   --->   "%indvar_flatten48_load = load i13 %indvar_flatten48" [../gen/Hls_Layers_UpConv.tpp:71]   --->   Operation 41 'load' 'indvar_flatten48_load' <Predicate = true> <Delay = 0.00>
ST_1 : Operation 42 [1/1] (0.00ns)   --->   "%tc49_load = load i4 %tc49" [../gen/Hls_Layers_UpConv.tpp:71]   --->   Operation 42 'load' 'tc49_load' <Predicate = true> <Delay = 0.00>
ST_1 : Operation 43 [1/1] (0.00ns)   --->   "%kci51_load = load i10 %kci51" [../gen/Hls_Layers_UpConv.tpp:75]   --->   Operation 43 'load' 'kci51_load' <Predicate = true> <Delay = 0.00>
ST_1 : Operation 44 [1/1] (0.79ns)   --->   "%add_ln71_2 = add i4 %tc49_load, i4 1" [../gen/Hls_Layers_UpConv.tpp:71]   --->   Operation 44 'add' 'add_ln71_2' <Predicate = true> <Delay = 0.79> <CoreInst = "Adder">   --->   Core 1 'Adder' <Latency = 0> <II = 1> <Delay = 0.79> <FuncUnit> <Opcode : 'add' 'sub'> <InPorts = 2> <OutPorts = 1>
ST_1 : Operation 45 [1/1] (0.28ns)   --->   "%or_ln71 = or i1 %icmp_ln7554, i1 %first_iter_050" [../gen/Hls_Layers_UpConv.tpp:71]   --->   Operation 45 'or' 'or_ln71' <Predicate = true> <Delay = 0.28> <CoreInst = "LogicGate">   --->   Core 74 'LogicGate' <Latency = 0> <II = 1> <Delay = 0.28> <FuncUnit> <Opcode : 'and' 'or' 'xor'> <InPorts = 2> <OutPorts = 1>
ST_1 : Operation 46 [1/1] (0.39ns)   --->   "%tc = select i1 %icmp_ln7554, i4 %add_ln71_2, i4 %tc49_load" [../gen/Hls_Layers_UpConv.tpp:71]   --->   Operation 46 'select' 'tc' <Predicate = true> <Delay = 0.39> <CoreInst = "Sel">   --->   Core 73 'Sel' <Latency = 0> <II = 1> <Delay = 0.39> <FuncUnit> <Opcode : 'select'> <InPorts = 3> <OutPorts = 1>
ST_1 : Operation 47 [1/1] (0.00ns)   --->   "%zext_ln71 = zext i4 %tc" [../gen/Hls_Layers_UpConv.tpp:71]   --->   Operation 47 'zext' 'zext_ln71' <Predicate = true> <Delay = 0.00>
ST_1 : Operation 48 [1/1] (0.77ns)   --->   "%add_ln71 = add i9 %co_base, i9 %zext_ln71" [../gen/Hls_Layers_UpConv.tpp:71]   --->   Operation 48 'add' 'add_ln71' <Predicate = true> <Delay = 0.77> <CoreInst = "Adder">   --->   Core 1 'Adder' <Latency = 0> <II = 1> <Delay = 0.77> <FuncUnit> <Opcode : 'add' 'sub'> <InPorts = 2> <OutPorts = 1>
ST_1 : Operation 49 [1/1] (0.82ns)   --->   "%add_ln71_3 = add i13 %indvar_flatten48_load, i13 1" [../gen/Hls_Layers_UpConv.tpp:71]   --->   Operation 49 'add' 'add_ln71_3' <Predicate = true> <Delay = 0.82> <CoreInst = "Adder">   --->   Core 1 'Adder' <Latency = 0> <II = 1> <Delay = 0.82> <FuncUnit> <Opcode : 'add' 'sub'> <InPorts = 2> <OutPorts = 1>
ST_1 : Operation 50 [1/1] (0.00ns)   --->   "%br_ln75 = br i1 %or_ln71, void %for.body5.split, void %for.first.iter.for.body5" [../gen/Hls_Layers_UpConv.tpp:75]   --->   Operation 50 'br' 'br_ln75' <Predicate = true> <Delay = 0.00>
ST_1 : Operation 51 [1/1] (0.00ns)   --->   "%trunc_ln71 = trunc i4 %tc" [../gen/Hls_Layers_UpConv.tpp:71]   --->   Operation 51 'trunc' 'trunc_ln71' <Predicate = true> <Delay = 0.00>
ST_1 : Operation 52 [1/1] (0.67ns)   --->   "%switch_ln77 = switch i3 %trunc_ln71, void %arrayidx1411.case.7, i3 0, void %arrayidx1411.case.0, i3 1, void %arrayidx1411.case.1, i3 2, void %arrayidx1411.case.2, i3 3, void %arrayidx1411.case.3, i3 4, void %arrayidx1411.case.4, i3 5, void %arrayidx1411.case.5, i3 6, void %arrayidx1411.case.6" [../gen/Hls_Layers_UpConv.tpp:77]   --->   Operation 52 'switch' 'switch_ln77' <Predicate = true> <Delay = 0.67>
ST_1 : Operation 53 [1/1] (0.78ns)   --->   "%add_ln75 = add i10 %kci51_load, i10 1" [../gen/Hls_Layers_UpConv.tpp:75]   --->   Operation 53 'add' 'add_ln75' <Predicate = true> <Delay = 0.78> <CoreInst = "Adder">   --->   Core 1 'Adder' <Latency = 0> <II = 1> <Delay = 0.78> <FuncUnit> <Opcode : 'add' 'sub'> <InPorts = 2> <OutPorts = 1>
ST_1 : Operation 54 [1/1] (0.40ns)   --->   "%kci = select i1 %icmp_ln7554, i10 1, i10 %add_ln75" [../gen/Hls_Layers_UpConv.tpp:75]   --->   Operation 54 'select' 'kci' <Predicate = true> <Delay = 0.40> <CoreInst = "Sel">   --->   Core 73 'Sel' <Latency = 0> <II = 1> <Delay = 0.40> <FuncUnit> <Opcode : 'select'> <InPorts = 3> <OutPorts = 1>
ST_1 : Operation 55 [1/1] (0.78ns)   --->   "%icmp_ln75 = icmp_eq  i10 %kci, i10 540" [../gen/Hls_Layers_UpConv.tpp:75]   --->   Operation 55 'icmp' 'icmp_ln75' <Predicate = true> <Delay = 0.78> <CoreInst = "Cmp">   --->   Core 9 'Cmp' <Latency = 0> <II = 1> <Delay = 0.78> <FuncUnit> <Opcode : 'seteq' 'setne' 'setle' 'setge' 'setlt' 'setgt'> <InPorts = 2> <OutPorts = 1>
ST_1 : Operation 56 [1/1] (0.82ns)   --->   "%icmp_ln71 = icmp_eq  i13 %indvar_flatten48_load, i13 4319" [../gen/Hls_Layers_UpConv.tpp:71]   --->   Operation 56 'icmp' 'icmp_ln71' <Predicate = true> <Delay = 0.82> <CoreInst = "Cmp">   --->   Core 9 'Cmp' <Latency = 0> <II = 1> <Delay = 0.82> <FuncUnit> <Opcode : 'seteq' 'setne' 'setle' 'setge' 'setlt' 'setgt'> <InPorts = 2> <OutPorts = 1>
ST_1 : Operation 57 [1/1] (0.42ns)   --->   "%store_ln75 = store i10 %kci, i10 %kci51" [../gen/Hls_Layers_UpConv.tpp:75]   --->   Operation 57 'store' 'store_ln75' <Predicate = true> <Delay = 0.42>
ST_1 : Operation 58 [1/1] (0.42ns)   --->   "%store_ln71 = store i4 %tc, i4 %tc49" [../gen/Hls_Layers_UpConv.tpp:71]   --->   Operation 58 'store' 'store_ln71' <Predicate = true> <Delay = 0.42>
ST_1 : Operation 59 [1/1] (0.42ns)   --->   "%store_ln71 = store i13 %add_ln71_3, i13 %indvar_flatten48" [../gen/Hls_Layers_UpConv.tpp:71]   --->   Operation 59 'store' 'store_ln71' <Predicate = true> <Delay = 0.42>
ST_1 : Operation 60 [1/1] (0.00ns)   --->   "%br_ln71 = br i1 %icmp_ln71, void %for.inc20, void %for.end22" [../gen/Hls_Layers_UpConv.tpp:71]   --->   Operation 60 'br' 'br_ln71' <Predicate = true> <Delay = 0.00>

State 2 <SV = 1> <Delay = 2.38>
ST_2 : Operation 61 [1/1] (0.00ns)   --->   "%zext_ln71_1 = zext i9 %add_ln71" [../gen/Hls_Layers_UpConv.tpp:71]   --->   Operation 61 'zext' 'zext_ln71_1' <Predicate = true> <Delay = 0.00>
ST_2 : Operation 62 [1/1] (2.38ns)   --->   "%mul_ln71 = mul i24 %zext_ln71_1, i24 17280" [../gen/Hls_Layers_UpConv.tpp:71]   --->   Operation 62 'mul' 'mul_ln71' <Predicate = true> <Delay = 2.38> <CoreInst = "Multiplier">   --->   Core 3 'Multiplier' <Latency = 0> <II = 1> <Delay = 2.38> <FuncUnit> <Opcode : 'mul'> <InPorts = 2> <OutPorts = 1>

State 3 <SV = 2> <Delay = 1.08>
ST_3 : Operation 63 [1/1] (0.00ns)   --->   "%zext_ln71_2 = zext i24 %mul_ln71" [../gen/Hls_Layers_UpConv.tpp:71]   --->   Operation 63 'zext' 'zext_ln71_2' <Predicate = true> <Delay = 0.00>
ST_3 : Operation 64 [1/1] (1.08ns)   --->   "%add_ln71_1 = add i64 %zext_ln71_2, i64 %W_ptr_read" [../gen/Hls_Layers_UpConv.tpp:71]   --->   Operation 64 'add' 'add_ln71_1' <Predicate = true> <Delay = 1.08> <CoreInst = "Adder">   --->   Core 1 'Adder' <Latency = 0> <II = 1> <Delay = 1.08> <FuncUnit> <Opcode : 'add' 'sub'> <InPorts = 2> <OutPorts = 1>
ST_3 : Operation 65 [1/1] (0.00ns)   --->   "%trunc_ln = partselect i59 @_ssdm_op_PartSelect.i59.i64.i32.i32, i64 %add_ln71_1, i32 5, i32 63" [../gen/Hls_Layers_UpConv.tpp:75]   --->   Operation 65 'partselect' 'trunc_ln' <Predicate = true> <Delay = 0.00>

State 4 <SV = 3> <Delay = 2.43>
ST_4 : Operation 66 [1/1] (0.00ns)   --->   "%specloopname_ln0 = specloopname void @_ssdm_op_SpecLoopName, void @PRELOAD_W_W_FLAT_str"   --->   Operation 66 'specloopname' 'specloopname_ln0' <Predicate = true> <Delay = 0.00>
ST_4 : Operation 67 [1/1] (0.00ns)   --->   "%speclooptripcount_ln0 = speclooptripcount void @_ssdm_op_SpecLoopTripCount, i64 4320, i64 4320, i64 4320"   --->   Operation 67 'speclooptripcount' 'speclooptripcount_ln0' <Predicate = true> <Delay = 0.00>
ST_4 : Operation 68 [1/1] (0.00ns)   --->   "%sext_ln75 = sext i59 %trunc_ln" [../gen/Hls_Layers_UpConv.tpp:75]   --->   Operation 68 'sext' 'sext_ln75' <Predicate = true> <Delay = 0.00>
ST_4 : Operation 69 [1/1] (0.00ns)   --->   "%gmem_weight_addr = getelementptr i256 %gmem_weight, i64 %sext_ln75" [../gen/Hls_Layers_UpConv.tpp:75]   --->   Operation 69 'getelementptr' 'gmem_weight_addr' <Predicate = true> <Delay = 0.00>
ST_4 : Operation 70 [8/8] (2.43ns)   --->   "%empty = readreq i1 @_ssdm_op_ReadReq.m_axi.p1i256, i64 %gmem_weight_addr, i64 540" [../gen/Hls_Layers_UpConv.tpp:75]   --->   Operation 70 'readreq' 'empty' <Predicate = (or_ln71)> <Delay = 2.43> <CoreInst = "m_axi">   --->   Core 119 'm_axi' <Latency = 6> <II = 1> <Delay = 1.00> <Adapter> <Opcode : 'read' 'write' 'readreq' 'writereq' 'writeresp'>

State 5 <SV = 4> <Delay = 2.43>
ST_5 : Operation 71 [7/8] (2.43ns)   --->   "%empty = readreq i1 @_ssdm_op_ReadReq.m_axi.p1i256, i64 %gmem_weight_addr, i64 540" [../gen/Hls_Layers_UpConv.tpp:75]   --->   Operation 71 'readreq' 'empty' <Predicate = (or_ln71)> <Delay = 2.43> <CoreInst = "m_axi">   --->   Core 119 'm_axi' <Latency = 6> <II = 1> <Delay = 1.00> <Adapter> <Opcode : 'read' 'write' 'readreq' 'writereq' 'writeresp'>

State 6 <SV = 5> <Delay = 2.43>
ST_6 : Operation 72 [6/8] (2.43ns)   --->   "%empty = readreq i1 @_ssdm_op_ReadReq.m_axi.p1i256, i64 %gmem_weight_addr, i64 540" [../gen/Hls_Layers_UpConv.tpp:75]   --->   Operation 72 'readreq' 'empty' <Predicate = (or_ln71)> <Delay = 2.43> <CoreInst = "m_axi">   --->   Core 119 'm_axi' <Latency = 6> <II = 1> <Delay = 1.00> <Adapter> <Opcode : 'read' 'write' 'readreq' 'writereq' 'writeresp'>

State 7 <SV = 6> <Delay = 2.43>
ST_7 : Operation 73 [5/8] (2.43ns)   --->   "%empty = readreq i1 @_ssdm_op_ReadReq.m_axi.p1i256, i64 %gmem_weight_addr, i64 540" [../gen/Hls_Layers_UpConv.tpp:75]   --->   Operation 73 'readreq' 'empty' <Predicate = (or_ln71)> <Delay = 2.43> <CoreInst = "m_axi">   --->   Core 119 'm_axi' <Latency = 6> <II = 1> <Delay = 1.00> <Adapter> <Opcode : 'read' 'write' 'readreq' 'writereq' 'writeresp'>

State 8 <SV = 7> <Delay = 2.43>
ST_8 : Operation 74 [4/8] (2.43ns)   --->   "%empty = readreq i1 @_ssdm_op_ReadReq.m_axi.p1i256, i64 %gmem_weight_addr, i64 540" [../gen/Hls_Layers_UpConv.tpp:75]   --->   Operation 74 'readreq' 'empty' <Predicate = (or_ln71)> <Delay = 2.43> <CoreInst = "m_axi">   --->   Core 119 'm_axi' <Latency = 6> <II = 1> <Delay = 1.00> <Adapter> <Opcode : 'read' 'write' 'readreq' 'writereq' 'writeresp'>

State 9 <SV = 8> <Delay = 2.43>
ST_9 : Operation 75 [3/8] (2.43ns)   --->   "%empty = readreq i1 @_ssdm_op_ReadReq.m_axi.p1i256, i64 %gmem_weight_addr, i64 540" [../gen/Hls_Layers_UpConv.tpp:75]   --->   Operation 75 'readreq' 'empty' <Predicate = (or_ln71)> <Delay = 2.43> <CoreInst = "m_axi">   --->   Core 119 'm_axi' <Latency = 6> <II = 1> <Delay = 1.00> <Adapter> <Opcode : 'read' 'write' 'readreq' 'writereq' 'writeresp'>

State 10 <SV = 9> <Delay = 2.43>
ST_10 : Operation 76 [2/8] (2.43ns)   --->   "%empty = readreq i1 @_ssdm_op_ReadReq.m_axi.p1i256, i64 %gmem_weight_addr, i64 540" [../gen/Hls_Layers_UpConv.tpp:75]   --->   Operation 76 'readreq' 'empty' <Predicate = (or_ln71)> <Delay = 2.43> <CoreInst = "m_axi">   --->   Core 119 'm_axi' <Latency = 6> <II = 1> <Delay = 1.00> <Adapter> <Opcode : 'read' 'write' 'readreq' 'writereq' 'writeresp'>

State 11 <SV = 10> <Delay = 3.35>
ST_11 : Operation 77 [1/8] (2.43ns)   --->   "%empty = readreq i1 @_ssdm_op_ReadReq.m_axi.p1i256, i64 %gmem_weight_addr, i64 540" [../gen/Hls_Layers_UpConv.tpp:75]   --->   Operation 77 'readreq' 'empty' <Predicate = (or_ln71)> <Delay = 2.43> <CoreInst = "m_axi">   --->   Core 119 'm_axi' <Latency = 6> <II = 1> <Delay = 1.00> <Adapter> <Opcode : 'read' 'write' 'readreq' 'writereq' 'writeresp'>
ST_11 : Operation 78 [1/1] (0.00ns)   --->   "%br_ln75 = br void %for.body5.split" [../gen/Hls_Layers_UpConv.tpp:75]   --->   Operation 78 'br' 'br_ln75' <Predicate = (or_ln71)> <Delay = 0.00>
ST_11 : Operation 79 [1/1] (0.00ns)   --->   "%ci_cnt52_load = load i32 %ci_cnt52" [../gen/Hls_Layers_UpConv.tpp:71]   --->   Operation 79 'load' 'ci_cnt52_load' <Predicate = true> <Delay = 0.00>
ST_11 : Operation 80 [1/1] (0.44ns)   --->   "%select_ln71_1 = select i1 %icmp_ln7554, i32 0, i32 %ci_cnt52_load" [../gen/Hls_Layers_UpConv.tpp:71]   --->   Operation 80 'select' 'select_ln71_1' <Predicate = true> <Delay = 0.44> <CoreInst = "Sel">   --->   Core 73 'Sel' <Latency = 0> <II = 1> <Delay = 0.44> <FuncUnit> <Opcode : 'select'> <InPorts = 3> <OutPorts = 1>
ST_11 : Operation 81 [1/1] (0.00ns)   --->   "%trunc_ln75 = trunc i32 %select_ln71_1" [../gen/Hls_Layers_UpConv.tpp:75]   --->   Operation 81 'trunc' 'trunc_ln75' <Predicate = true> <Delay = 0.00>
ST_11 : Operation 82 [1/1] (1.01ns)   --->   "%ci_cnt_1 = add i32 %select_ln71_1, i32 1" [../gen/Hls_Layers_UpConv.tpp:78]   --->   Operation 82 'add' 'ci_cnt_1' <Predicate = true> <Delay = 1.01> <CoreInst = "Adder">   --->   Core 1 'Adder' <Latency = 0> <II = 1> <Delay = 1.01> <FuncUnit> <Opcode : 'add' 'sub'> <InPorts = 2> <OutPorts = 1>
ST_11 : Operation 83 [1/1] (1.01ns)   --->   "%icmp_ln79 = icmp_sgt  i32 %ci_cnt_1, i32 59" [../gen/Hls_Layers_UpConv.tpp:79]   --->   Operation 83 'icmp' 'icmp_ln79' <Predicate = true> <Delay = 1.01> <CoreInst = "Cmp">   --->   Core 9 'Cmp' <Latency = 0> <II = 1> <Delay = 1.01> <FuncUnit> <Opcode : 'seteq' 'setne' 'setle' 'setge' 'setlt' 'setgt'> <InPorts = 2> <OutPorts = 1>
ST_11 : Operation 84 [1/1] (0.44ns)   --->   "%ci_cnt = select i1 %icmp_ln79, i32 0, i32 %ci_cnt_1" [../gen/Hls_Layers_UpConv.tpp:79]   --->   Operation 84 'select' 'ci_cnt' <Predicate = true> <Delay = 0.44> <CoreInst = "Sel">   --->   Core 73 'Sel' <Latency = 0> <II = 1> <Delay = 0.44> <FuncUnit> <Opcode : 'select'> <InPorts = 3> <OutPorts = 1>
ST_11 : Operation 85 [1/1] (0.42ns)   --->   "%store_ln79 = store i32 %ci_cnt, i32 %ci_cnt52" [../gen/Hls_Layers_UpConv.tpp:79]   --->   Operation 85 'store' 'store_ln79' <Predicate = true> <Delay = 0.42>

State 12 <SV = 11> <Delay = 2.43>
ST_12 : Operation 86 [1/1] (0.00ns)   --->   "%k_cnt53_load = load i32 %k_cnt53" [../gen/Hls_Layers_UpConv.tpp:71]   --->   Operation 86 'load' 'k_cnt53_load' <Predicate = true> <Delay = 0.00>
ST_12 : Operation 87 [1/1] (0.44ns)   --->   "%select_ln71_2 = select i1 %icmp_ln7554, i32 0, i32 %k_cnt53_load" [../gen/Hls_Layers_UpConv.tpp:71]   --->   Operation 87 'select' 'select_ln71_2' <Predicate = true> <Delay = 0.44> <CoreInst = "Sel">   --->   Core 73 'Sel' <Latency = 0> <II = 1> <Delay = 0.44> <FuncUnit> <Opcode : 'select'> <InPorts = 3> <OutPorts = 1>
ST_12 : Operation 88 [1/1] (0.00ns)   --->   "%trunc_ln77 = trunc i32 %select_ln71_2" [../gen/Hls_Layers_UpConv.tpp:77]   --->   Operation 88 'trunc' 'trunc_ln77' <Predicate = true> <Delay = 0.00>
ST_12 : Operation 89 [1/1] (0.00ns)   --->   "%p_shl = bitconcatenate i10 @_ssdm_op_BitConcatenate.i10.i4.i6, i4 %trunc_ln77, i6 0" [../gen/Hls_Layers_UpConv.tpp:77]   --->   Operation 89 'bitconcatenate' 'p_shl' <Predicate = true> <Delay = 0.00>
ST_12 : Operation 90 [1/1] (0.00ns)   --->   "%trunc_ln77_1 = trunc i32 %select_ln71_2" [../gen/Hls_Layers_UpConv.tpp:77]   --->   Operation 90 'trunc' 'trunc_ln77_1' <Predicate = true> <Delay = 0.00>
ST_12 : Operation 91 [1/1] (0.00ns)   --->   "%p_shl1 = bitconcatenate i10 @_ssdm_op_BitConcatenate.i10.i8.i2, i8 %trunc_ln77_1, i2 0" [../gen/Hls_Layers_UpConv.tpp:77]   --->   Operation 91 'bitconcatenate' 'p_shl1' <Predicate = true> <Delay = 0.00>
ST_12 : Operation 92 [1/1] (0.00ns) (grouped into TernaryAdder)   --->   "%sub_ln77 = sub i10 %p_shl, i10 %p_shl1" [../gen/Hls_Layers_UpConv.tpp:77]   --->   Operation 92 'sub' 'sub_ln77' <Predicate = true> <Delay = 0.00> <CoreInst = "TAddSub">   --->   Core 10 'TAddSub' <Latency = 0> <II = 1> <Delay = 0.48> <IPBlock> <Opcode : '' 'add' 'sub'> <InPorts = 3> <OutPorts = 1> <Sync> <CReg>
ST_12 : Operation 93 [1/1] (0.96ns) (root node of TernaryAdder)   --->   "%add_ln77 = add i10 %sub_ln77, i10 %trunc_ln75" [../gen/Hls_Layers_UpConv.tpp:77]   --->   Operation 93 'add' 'add_ln77' <Predicate = true> <Delay = 0.96> <CoreInst = "TAddSub">   --->   Core 10 'TAddSub' <Latency = 0> <II = 1> <Delay = 0.48> <IPBlock> <Opcode : '' 'add' 'sub'> <InPorts = 3> <OutPorts = 1> <Sync> <CReg>
ST_12 : Operation 94 [1/1] (2.43ns)   --->   "%gmem_weight_addr_read = read i256 @_ssdm_op_Read.m_axi.p1i256, i64 %gmem_weight_addr" [../gen/Hls_Layers_UpConv.tpp:77]   --->   Operation 94 'read' 'gmem_weight_addr_read' <Predicate = true> <Delay = 2.43> <CoreInst = "m_axi">   --->   Core 119 'm_axi' <Latency = 3> <II = 1> <Delay = 1.00> <Adapter> <Opcode : 'read' 'write' 'readreq' 'writereq' 'writeresp'>
ST_12 : Operation 95 [1/1] (1.01ns)   --->   "%add_ln79 = add i32 %select_ln71_2, i32 1" [../gen/Hls_Layers_UpConv.tpp:79]   --->   Operation 95 'add' 'add_ln79' <Predicate = (icmp_ln79)> <Delay = 1.01> <CoreInst = "Adder">   --->   Core 1 'Adder' <Latency = 0> <II = 1> <Delay = 1.01> <FuncUnit> <Opcode : 'add' 'sub'> <InPorts = 2> <OutPorts = 1>
ST_12 : Operation 96 [1/1] (0.44ns)   --->   "%k_cnt = select i1 %icmp_ln79, i32 %add_ln79, i32 %select_ln71_2" [../gen/Hls_Layers_UpConv.tpp:79]   --->   Operation 96 'select' 'k_cnt' <Predicate = true> <Delay = 0.44> <CoreInst = "Sel">   --->   Core 73 'Sel' <Latency = 0> <II = 1> <Delay = 0.44> <FuncUnit> <Opcode : 'select'> <InPorts = 3> <OutPorts = 1>
ST_12 : Operation 97 [1/1] (0.42ns)   --->   "%store_ln79 = store i32 %k_cnt, i32 %k_cnt53" [../gen/Hls_Layers_UpConv.tpp:79]   --->   Operation 97 'store' 'store_ln79' <Predicate = true> <Delay = 0.42>

State 13 <SV = 12> <Delay = 1.23>
ST_13 : Operation 98 [1/1] (0.00ns)   --->   "%specpipeline_ln76 = specpipeline void @_ssdm_op_SpecPipeline, i32 1, i32 0, i32 0, i32 0, void @empty_65" [../gen/Hls_Layers_UpConv.tpp:76]   --->   Operation 98 'specpipeline' 'specpipeline_ln76' <Predicate = true> <Delay = 0.00>
ST_13 : Operation 99 [1/1] (0.00ns)   --->   "%zext_ln77 = zext i10 %add_ln77" [../gen/Hls_Layers_UpConv.tpp:77]   --->   Operation 99 'zext' 'zext_ln77' <Predicate = true> <Delay = 0.00>
ST_13 : Operation 100 [1/1] (0.00ns)   --->   "%wbuf_0_addr = getelementptr i256 %wbuf_0, i64 0, i64 %zext_ln77" [../gen/Hls_Layers_UpConv.tpp:77]   --->   Operation 100 'getelementptr' 'wbuf_0_addr' <Predicate = true> <Delay = 0.00>
ST_13 : Operation 101 [1/1] (0.00ns)   --->   "%wbuf_1_addr = getelementptr i256 %wbuf_1, i64 0, i64 %zext_ln77" [../gen/Hls_Layers_UpConv.tpp:77]   --->   Operation 101 'getelementptr' 'wbuf_1_addr' <Predicate = true> <Delay = 0.00>
ST_13 : Operation 102 [1/1] (0.00ns)   --->   "%wbuf_2_addr = getelementptr i256 %wbuf_2, i64 0, i64 %zext_ln77" [../gen/Hls_Layers_UpConv.tpp:77]   --->   Operation 102 'getelementptr' 'wbuf_2_addr' <Predicate = true> <Delay = 0.00>
ST_13 : Operation 103 [1/1] (0.00ns)   --->   "%wbuf_3_addr = getelementptr i256 %wbuf_3, i64 0, i64 %zext_ln77" [../gen/Hls_Layers_UpConv.tpp:77]   --->   Operation 103 'getelementptr' 'wbuf_3_addr' <Predicate = true> <Delay = 0.00>
ST_13 : Operation 104 [1/1] (0.00ns)   --->   "%wbuf_4_addr = getelementptr i256 %wbuf_4, i64 0, i64 %zext_ln77" [../gen/Hls_Layers_UpConv.tpp:77]   --->   Operation 104 'getelementptr' 'wbuf_4_addr' <Predicate = true> <Delay = 0.00>
ST_13 : Operation 105 [1/1] (0.00ns)   --->   "%wbuf_5_addr = getelementptr i256 %wbuf_5, i64 0, i64 %zext_ln77" [../gen/Hls_Layers_UpConv.tpp:77]   --->   Operation 105 'getelementptr' 'wbuf_5_addr' <Predicate = true> <Delay = 0.00>
ST_13 : Operation 106 [1/1] (0.00ns)   --->   "%wbuf_6_addr = getelementptr i256 %wbuf_6, i64 0, i64 %zext_ln77" [../gen/Hls_Layers_UpConv.tpp:77]   --->   Operation 106 'getelementptr' 'wbuf_6_addr' <Predicate = true> <Delay = 0.00>
ST_13 : Operation 107 [1/1] (0.00ns)   --->   "%wbuf_7_addr = getelementptr i256 %wbuf_7, i64 0, i64 %zext_ln77" [../gen/Hls_Layers_UpConv.tpp:77]   --->   Operation 107 'getelementptr' 'wbuf_7_addr' <Predicate = true> <Delay = 0.00>
ST_13 : Operation 108 [1/1] ( I:1.23ns O:1.23ns )   --->   "%store_ln77 = store i256 %gmem_weight_addr_read, i10 %wbuf_6_addr" [../gen/Hls_Layers_UpConv.tpp:77]   --->   Operation 108 'store' 'store_ln77' <Predicate = (trunc_ln71 == 6)> <Delay = 1.23> <CoreInst = "RAM_T2P_URAM">   --->   Core 99 'RAM_T2P_URAM' <Latency = 1> <II = 1> <Delay = 1.23> <Storage> <Opcode : 'load' 'store'> <Ports = 2> <Width = 256> <Depth = 540> <RAM>
ST_13 : Operation 109 [1/1] (0.00ns)   --->   "%br_ln77 = br void %arrayidx1411.exit" [../gen/Hls_Layers_UpConv.tpp:77]   --->   Operation 109 'br' 'br_ln77' <Predicate = (trunc_ln71 == 6)> <Delay = 0.00>
ST_13 : Operation 110 [1/1] ( I:1.23ns O:1.23ns )   --->   "%store_ln77 = store i256 %gmem_weight_addr_read, i10 %wbuf_5_addr" [../gen/Hls_Layers_UpConv.tpp:77]   --->   Operation 110 'store' 'store_ln77' <Predicate = (trunc_ln71 == 5)> <Delay = 1.23> <CoreInst = "RAM_T2P_URAM">   --->   Core 99 'RAM_T2P_URAM' <Latency = 1> <II = 1> <Delay = 1.23> <Storage> <Opcode : 'load' 'store'> <Ports = 2> <Width = 256> <Depth = 540> <RAM>
ST_13 : Operation 111 [1/1] (0.00ns)   --->   "%br_ln77 = br void %arrayidx1411.exit" [../gen/Hls_Layers_UpConv.tpp:77]   --->   Operation 111 'br' 'br_ln77' <Predicate = (trunc_ln71 == 5)> <Delay = 0.00>
ST_13 : Operation 112 [1/1] ( I:1.23ns O:1.23ns )   --->   "%store_ln77 = store i256 %gmem_weight_addr_read, i10 %wbuf_4_addr" [../gen/Hls_Layers_UpConv.tpp:77]   --->   Operation 112 'store' 'store_ln77' <Predicate = (trunc_ln71 == 4)> <Delay = 1.23> <CoreInst = "RAM_T2P_URAM">   --->   Core 99 'RAM_T2P_URAM' <Latency = 1> <II = 1> <Delay = 1.23> <Storage> <Opcode : 'load' 'store'> <Ports = 2> <Width = 256> <Depth = 540> <RAM>
ST_13 : Operation 113 [1/1] (0.00ns)   --->   "%br_ln77 = br void %arrayidx1411.exit" [../gen/Hls_Layers_UpConv.tpp:77]   --->   Operation 113 'br' 'br_ln77' <Predicate = (trunc_ln71 == 4)> <Delay = 0.00>
ST_13 : Operation 114 [1/1] ( I:1.23ns O:1.23ns )   --->   "%store_ln77 = store i256 %gmem_weight_addr_read, i10 %wbuf_3_addr" [../gen/Hls_Layers_UpConv.tpp:77]   --->   Operation 114 'store' 'store_ln77' <Predicate = (trunc_ln71 == 3)> <Delay = 1.23> <CoreInst = "RAM_T2P_URAM">   --->   Core 99 'RAM_T2P_URAM' <Latency = 1> <II = 1> <Delay = 1.23> <Storage> <Opcode : 'load' 'store'> <Ports = 2> <Width = 256> <Depth = 540> <RAM>
ST_13 : Operation 115 [1/1] (0.00ns)   --->   "%br_ln77 = br void %arrayidx1411.exit" [../gen/Hls_Layers_UpConv.tpp:77]   --->   Operation 115 'br' 'br_ln77' <Predicate = (trunc_ln71 == 3)> <Delay = 0.00>
ST_13 : Operation 116 [1/1] ( I:1.23ns O:1.23ns )   --->   "%store_ln77 = store i256 %gmem_weight_addr_read, i10 %wbuf_2_addr" [../gen/Hls_Layers_UpConv.tpp:77]   --->   Operation 116 'store' 'store_ln77' <Predicate = (trunc_ln71 == 2)> <Delay = 1.23> <CoreInst = "RAM_T2P_URAM">   --->   Core 99 'RAM_T2P_URAM' <Latency = 1> <II = 1> <Delay = 1.23> <Storage> <Opcode : 'load' 'store'> <Ports = 2> <Width = 256> <Depth = 540> <RAM>
ST_13 : Operation 117 [1/1] (0.00ns)   --->   "%br_ln77 = br void %arrayidx1411.exit" [../gen/Hls_Layers_UpConv.tpp:77]   --->   Operation 117 'br' 'br_ln77' <Predicate = (trunc_ln71 == 2)> <Delay = 0.00>
ST_13 : Operation 118 [1/1] ( I:1.23ns O:1.23ns )   --->   "%store_ln77 = store i256 %gmem_weight_addr_read, i10 %wbuf_1_addr" [../gen/Hls_Layers_UpConv.tpp:77]   --->   Operation 118 'store' 'store_ln77' <Predicate = (trunc_ln71 == 1)> <Delay = 1.23> <CoreInst = "RAM_T2P_URAM">   --->   Core 99 'RAM_T2P_URAM' <Latency = 1> <II = 1> <Delay = 1.23> <Storage> <Opcode : 'load' 'store'> <Ports = 2> <Width = 256> <Depth = 540> <RAM>
ST_13 : Operation 119 [1/1] (0.00ns)   --->   "%br_ln77 = br void %arrayidx1411.exit" [../gen/Hls_Layers_UpConv.tpp:77]   --->   Operation 119 'br' 'br_ln77' <Predicate = (trunc_ln71 == 1)> <Delay = 0.00>
ST_13 : Operation 120 [1/1] ( I:1.23ns O:1.23ns )   --->   "%store_ln77 = store i256 %gmem_weight_addr_read, i10 %wbuf_0_addr" [../gen/Hls_Layers_UpConv.tpp:77]   --->   Operation 120 'store' 'store_ln77' <Predicate = (trunc_ln71 == 0)> <Delay = 1.23> <CoreInst = "RAM_T2P_URAM">   --->   Core 99 'RAM_T2P_URAM' <Latency = 1> <II = 1> <Delay = 1.23> <Storage> <Opcode : 'load' 'store'> <Ports = 2> <Width = 256> <Depth = 540> <RAM>
ST_13 : Operation 121 [1/1] (0.00ns)   --->   "%br_ln77 = br void %arrayidx1411.exit" [../gen/Hls_Layers_UpConv.tpp:77]   --->   Operation 121 'br' 'br_ln77' <Predicate = (trunc_ln71 == 0)> <Delay = 0.00>
ST_13 : Operation 122 [1/1] ( I:1.23ns O:1.23ns )   --->   "%store_ln77 = store i256 %gmem_weight_addr_read, i10 %wbuf_7_addr" [../gen/Hls_Layers_UpConv.tpp:77]   --->   Operation 122 'store' 'store_ln77' <Predicate = (trunc_ln71 == 7)> <Delay = 1.23> <CoreInst = "RAM_T2P_URAM">   --->   Core 99 'RAM_T2P_URAM' <Latency = 1> <II = 1> <Delay = 1.23> <Storage> <Opcode : 'load' 'store'> <Ports = 2> <Width = 256> <Depth = 540> <RAM>
ST_13 : Operation 123 [1/1] (0.00ns)   --->   "%br_ln77 = br void %arrayidx1411.exit" [../gen/Hls_Layers_UpConv.tpp:77]   --->   Operation 123 'br' 'br_ln77' <Predicate = (trunc_ln71 == 7)> <Delay = 0.00>
ST_13 : Operation 124 [1/1] (0.42ns)   --->   "%ret_ln83 = ret i6 %tile_read" [../gen/Hls_Layers_UpConv.tpp:83]   --->   Operation 124 'ret' 'ret_ln83' <Predicate = (icmp_ln71)> <Delay = 0.42>


============================================================
+ Verbose Summary: Binding
============================================================
STG Binding: 
---------------- STG Properties BEGIN ----------------
- Is combinational: 0
- Is one-state seq: 0
- Is datapath-only: 0
- Is pipelined: 0
- Is top level: 0
Port [ Return ] is wired: 1; IO mode=ap_ctrl_hs:ce=0
Port [ gmem_weight]:  wired=1; compound=1; hidden=0; nouse=0; global=0; static=0; extern=0; dir=0; type=4; pingpong=0; private_global=0; IO mode=m_axi:ce=0
Port [ W_ptr]:  wired=1; compound=0; hidden=0; nouse=0; global=0; static=0; extern=0; dir=0; type=0; pingpong=0; private_global=0; IO mode=ap_none:ce=0
Port [ tile]:  wired=1; compound=0; hidden=0; nouse=0; global=0; static=0; extern=0; dir=0; type=0; pingpong=0; private_global=0; IO mode=ap_none:ce=0
Port [ wbuf_0]:  wired=1; compound=1; hidden=0; nouse=0; global=0; static=0; extern=0; dir=1; type=1; pingpong=1; private_global=0; MemPort=[03]; IO mode=ap_memory:ce=0
Port [ wbuf_1]:  wired=1; compound=1; hidden=0; nouse=0; global=0; static=0; extern=0; dir=1; type=1; pingpong=1; private_global=0; MemPort=[03]; IO mode=ap_memory:ce=0
Port [ wbuf_2]:  wired=1; compound=1; hidden=0; nouse=0; global=0; static=0; extern=0; dir=1; type=1; pingpong=1; private_global=0; MemPort=[03]; IO mode=ap_memory:ce=0
Port [ wbuf_3]:  wired=1; compound=1; hidden=0; nouse=0; global=0; static=0; extern=0; dir=1; type=1; pingpong=1; private_global=0; MemPort=[03]; IO mode=ap_memory:ce=0
Port [ wbuf_4]:  wired=1; compound=1; hidden=0; nouse=0; global=0; static=0; extern=0; dir=1; type=1; pingpong=1; private_global=0; MemPort=[03]; IO mode=ap_memory:ce=0
Port [ wbuf_5]:  wired=1; compound=1; hidden=0; nouse=0; global=0; static=0; extern=0; dir=1; type=1; pingpong=1; private_global=0; MemPort=[03]; IO mode=ap_memory:ce=0
Port [ wbuf_6]:  wired=1; compound=1; hidden=0; nouse=0; global=0; static=0; extern=0; dir=1; type=1; pingpong=1; private_global=0; MemPort=[03]; IO mode=ap_memory:ce=0
Port [ wbuf_7]:  wired=1; compound=1; hidden=0; nouse=0; global=0; static=0; extern=0; dir=1; type=1; pingpong=1; private_global=0; MemPort=[03]; IO mode=ap_memory:ce=0
---------------- STG Properties END ------------------

---------------- Datapath Model BEGIN ----------------

<LifeTime>
<method=bitvector/>
indvar_flatten48      (alloca           ) [ 01000000000000]
tc49                  (alloca           ) [ 01000000000000]
kci51                 (alloca           ) [ 01000000000000]
ci_cnt52              (alloca           ) [ 01111111111100]
k_cnt53               (alloca           ) [ 01111111111110]
tile_read             (read             ) [ 01111111111111]
W_ptr_read            (read             ) [ 01110000000000]
specmemcore_ln0       (specmemcore      ) [ 00000000000000]
specmemcore_ln0       (specmemcore      ) [ 00000000000000]
specmemcore_ln0       (specmemcore      ) [ 00000000000000]
specmemcore_ln0       (specmemcore      ) [ 00000000000000]
specmemcore_ln0       (specmemcore      ) [ 00000000000000]
specmemcore_ln0       (specmemcore      ) [ 00000000000000]
specmemcore_ln0       (specmemcore      ) [ 00000000000000]
specmemcore_ln0       (specmemcore      ) [ 00000000000000]
specinterface_ln0     (specinterface    ) [ 00000000000000]
co_base               (bitconcatenate   ) [ 00000000000000]
store_ln0             (store            ) [ 00000000000000]
store_ln0             (store            ) [ 00000000000000]
store_ln0             (store            ) [ 00000000000000]
store_ln0             (store            ) [ 00000000000000]
store_ln0             (store            ) [ 00000000000000]
br_ln0                (br               ) [ 00000000000000]
icmp_ln7554           (phi              ) [ 01111111111110]
first_iter_050        (phi              ) [ 01000000000000]
indvar_flatten48_load (load             ) [ 00000000000000]
tc49_load             (load             ) [ 00000000000000]
kci51_load            (load             ) [ 00000000000000]
add_ln71_2            (add              ) [ 00000000000000]
or_ln71               (or               ) [ 01111111111100]
tc                    (select           ) [ 00000000000000]
zext_ln71             (zext             ) [ 00000000000000]
add_ln71              (add              ) [ 01100000000000]
add_ln71_3            (add              ) [ 00000000000000]
br_ln75               (br               ) [ 00000000000000]
trunc_ln71            (trunc            ) [ 01111111111111]
switch_ln77           (switch           ) [ 00000000000000]
add_ln75              (add              ) [ 00000000000000]
kci                   (select           ) [ 00000000000000]
icmp_ln75             (icmp             ) [ 01000000000000]
icmp_ln71             (icmp             ) [ 01111111111111]
store_ln75            (store            ) [ 00000000000000]
store_ln71            (store            ) [ 00000000000000]
store_ln71            (store            ) [ 00000000000000]
br_ln71               (br               ) [ 01000000000000]
zext_ln71_1           (zext             ) [ 00000000000000]
mul_ln71              (mul              ) [ 01010000000000]
zext_ln71_2           (zext             ) [ 00000000000000]
add_ln71_1            (add              ) [ 00000000000000]
trunc_ln              (partselect       ) [ 01001000000000]
specloopname_ln0      (specloopname     ) [ 00000000000000]
speclooptripcount_ln0 (speclooptripcount) [ 00000000000000]
sext_ln75             (sext             ) [ 00000000000000]
gmem_weight_addr      (getelementptr    ) [ 01000111111110]
empty                 (readreq          ) [ 00000000000000]
br_ln75               (br               ) [ 00000000000000]
ci_cnt52_load         (load             ) [ 00000000000000]
select_ln71_1         (select           ) [ 00000000000000]
trunc_ln75            (trunc            ) [ 01000000000010]
ci_cnt_1              (add              ) [ 00000000000000]
icmp_ln79             (icmp             ) [ 01000000000010]
ci_cnt                (select           ) [ 00000000000000]
store_ln79            (store            ) [ 00000000000000]
k_cnt53_load          (load             ) [ 00000000000000]
select_ln71_2         (select           ) [ 00000000000000]
trunc_ln77            (trunc            ) [ 00000000000000]
p_shl                 (bitconcatenate   ) [ 00000000000000]
trunc_ln77_1          (trunc            ) [ 00000000000000]
p_shl1                (bitconcatenate   ) [ 00000000000000]
sub_ln77              (sub              ) [ 00000000000000]
add_ln77              (add              ) [ 01000000000001]
gmem_weight_addr_read (read             ) [ 01000000000001]
add_ln79              (add              ) [ 00000000000000]
k_cnt                 (select           ) [ 00000000000000]
store_ln79            (store            ) [ 00000000000000]
specpipeline_ln76     (specpipeline     ) [ 00000000000000]
zext_ln77             (zext             ) [ 00000000000000]
wbuf_0_addr           (getelementptr    ) [ 00000000000000]
wbuf_1_addr           (getelementptr    ) [ 00000000000000]
wbuf_2_addr           (getelementptr    ) [ 00000000000000]
wbuf_3_addr           (getelementptr    ) [ 00000000000000]
wbuf_4_addr           (getelementptr    ) [ 00000000000000]
wbuf_5_addr           (getelementptr    ) [ 00000000000000]
wbuf_6_addr           (getelementptr    ) [ 00000000000000]
wbuf_7_addr           (getelementptr    ) [ 00000000000000]
store_ln77            (store            ) [ 00000000000000]
br_ln77               (br               ) [ 00000000000000]
store_ln77            (store            ) [ 00000000000000]
br_ln77               (br               ) [ 00000000000000]
store_ln77            (store            ) [ 00000000000000]
br_ln77               (br               ) [ 00000000000000]
store_ln77            (store            ) [ 00000000000000]
br_ln77               (br               ) [ 00000000000000]
store_ln77            (store            ) [ 00000000000000]
br_ln77               (br               ) [ 00000000000000]
store_ln77            (store            ) [ 00000000000000]
br_ln77               (br               ) [ 00000000000000]
store_ln77            (store            ) [ 00000000000000]
br_ln77               (br               ) [ 00000000000000]
store_ln77            (store            ) [ 00000000000000]
br_ln77               (br               ) [ 00000000000000]
ret_ln83              (ret              ) [ 00000000000000]
</LifeTime>

<model>

<comp_list>
<comp id="0" class="1000" name="gmem_weight">
<pin_list>
<pin id="1" dir="1" index="0" bw="1" slack="0"/>
</pin_list>
<bind>
<StgValue><ssdm name="gmem_weight"/><MemPortTyVec>0 </MemPortTyVec>
</StgValue>
</bind>
</comp>

<comp id="2" class="1000" name="W_ptr">
<pin_list>
<pin id="3" dir="1" index="0" bw="1" slack="0"/>
</pin_list>
<bind>
<StgValue><ssdm name="W_ptr"/></StgValue>
</bind>
</comp>

<comp id="4" class="1000" name="tile">
<pin_list>
<pin id="5" dir="1" index="0" bw="1" slack="0"/>
</pin_list>
<bind>
<StgValue><ssdm name="tile"/></StgValue>
</bind>
</comp>

<comp id="6" class="1000" name="wbuf_0">
<pin_list>
<pin id="7" dir="1" index="0" bw="1" slack="0"/>
</pin_list>
<bind>
<StgValue><ssdm name="wbuf_0"/><MemPortTyVec>0 3 </MemPortTyVec>
</StgValue>
</bind>
</comp>

<comp id="8" class="1000" name="wbuf_1">
<pin_list>
<pin id="9" dir="1" index="0" bw="1" slack="0"/>
</pin_list>
<bind>
<StgValue><ssdm name="wbuf_1"/><MemPortTyVec>0 3 </MemPortTyVec>
</StgValue>
</bind>
</comp>

<comp id="10" class="1000" name="wbuf_2">
<pin_list>
<pin id="11" dir="1" index="0" bw="1" slack="0"/>
</pin_list>
<bind>
<StgValue><ssdm name="wbuf_2"/><MemPortTyVec>0 3 </MemPortTyVec>
</StgValue>
</bind>
</comp>

<comp id="12" class="1000" name="wbuf_3">
<pin_list>
<pin id="13" dir="1" index="0" bw="1" slack="0"/>
</pin_list>
<bind>
<StgValue><ssdm name="wbuf_3"/><MemPortTyVec>0 3 </MemPortTyVec>
</StgValue>
</bind>
</comp>

<comp id="14" class="1000" name="wbuf_4">
<pin_list>
<pin id="15" dir="1" index="0" bw="1" slack="0"/>
</pin_list>
<bind>
<StgValue><ssdm name="wbuf_4"/><MemPortTyVec>0 3 </MemPortTyVec>
</StgValue>
</bind>
</comp>

<comp id="16" class="1000" name="wbuf_5">
<pin_list>
<pin id="17" dir="1" index="0" bw="1" slack="0"/>
</pin_list>
<bind>
<StgValue><ssdm name="wbuf_5"/><MemPortTyVec>0 3 </MemPortTyVec>
</StgValue>
</bind>
</comp>

<comp id="18" class="1000" name="wbuf_6">
<pin_list>
<pin id="19" dir="1" index="0" bw="1" slack="0"/>
</pin_list>
<bind>
<StgValue><ssdm name="wbuf_6"/><MemPortTyVec>0 3 </MemPortTyVec>
</StgValue>
</bind>
</comp>

<comp id="20" class="1000" name="wbuf_7">
<pin_list>
<pin id="21" dir="1" index="0" bw="1" slack="0"/>
</pin_list>
<bind>
<StgValue><ssdm name="wbuf_7"/><MemPortTyVec>0 3 </MemPortTyVec>
</StgValue>
</bind>
</comp>

<comp id="22" class="1001" name="const_22">
<pin_list>
<pin id="23" dir="1" index="0" bw="1" slack="0"/>
</pin_list>
<bind>
<StgValue><ssdm name=""/></StgValue>
</bind>
</comp>

<comp id="24" class="1001" name="const_24">
<pin_list>
<pin id="25" dir="1" index="0" bw="1" slack="0"/>
</pin_list>
<bind>
<StgValue><ssdm name="_ssdm_op_Read.ap_auto.i6"/></StgValue>
</bind>
</comp>

<comp id="26" class="1001" name="const_26">
<pin_list>
<pin id="27" dir="1" index="0" bw="1" slack="0"/>
</pin_list>
<bind>
<StgValue><ssdm name="_ssdm_op_Read.ap_auto.i64"/></StgValue>
</bind>
</comp>

<comp id="28" class="1001" name="const_28">
<pin_list>
<pin id="29" dir="1" index="0" bw="1" slack="2147483647"/>
</pin_list>
<bind>
<StgValue><ssdm name="_ssdm_op_SpecMemCore"/></StgValue>
</bind>
</comp>

<comp id="30" class="1001" name="const_30">
<pin_list>
<pin id="31" dir="1" index="0" bw="1" slack="2147483647"/>
</pin_list>
<bind>
<StgValue><ssdm name=""/></StgValue>
</bind>
</comp>

<comp id="32" class="1001" name="const_32">
<pin_list>
<pin id="33" dir="1" index="0" bw="1" slack="2147483647"/>
</pin_list>
<bind>
<StgValue><ssdm name=""/></StgValue>
</bind>
</comp>

<comp id="34" class="1001" name="const_34">
<pin_list>
<pin id="35" dir="1" index="0" bw="1" slack="2147483647"/>
</pin_list>
<bind>
<StgValue><ssdm name=""/></StgValue>
</bind>
</comp>

<comp id="36" class="1001" name="const_36">
<pin_list>
<pin id="37" dir="1" index="0" bw="1" slack="2147483647"/>
</pin_list>
<bind>
<StgValue><ssdm name="_ssdm_op_SpecInterface"/></StgValue>
</bind>
</comp>

<comp id="38" class="1001" name="const_38">
<pin_list>
<pin id="39" dir="1" index="0" bw="1" slack="2147483647"/>
</pin_list>
<bind>
<StgValue><ssdm name="empty_109"/></StgValue>
</bind>
</comp>

<comp id="40" class="1001" name="const_40">
<pin_list>
<pin id="41" dir="1" index="0" bw="1" slack="0"/>
</pin_list>
<bind>
<StgValue><ssdm name=""/></StgValue>
</bind>
</comp>

<comp id="42" class="1001" name="const_42">
<pin_list>
<pin id="43" dir="1" index="0" bw="1" slack="2147483647"/>
</pin_list>
<bind>
<StgValue><ssdm name="empty_65"/></StgValue>
</bind>
</comp>

<comp id="44" class="1001" name="const_44">
<pin_list>
<pin id="45" dir="1" index="0" bw="1" slack="2147483647"/>
</pin_list>
<bind>
<StgValue><ssdm name="empty_134"/></StgValue>
</bind>
</comp>

<comp id="46" class="1001" name="const_46">
<pin_list>
<pin id="47" dir="1" index="0" bw="1" slack="2147483647"/>
</pin_list>
<bind>
<StgValue><ssdm name="empty_67"/></StgValue>
</bind>
</comp>

<comp id="48" class="1001" name="const_48">
<pin_list>
<pin id="49" dir="1" index="0" bw="1" slack="2147483647"/>
</pin_list>
<bind>
<StgValue><ssdm name=""/></StgValue>
</bind>
</comp>

<comp id="50" class="1001" name="const_50">
<pin_list>
<pin id="51" dir="1" index="0" bw="1" slack="2147483647"/>
</pin_list>
<bind>
<StgValue><ssdm name=""/></StgValue>
</bind>
</comp>

<comp id="52" class="1001" name="const_52">
<pin_list>
<pin id="53" dir="1" index="0" bw="1" slack="2147483647"/>
</pin_list>
<bind>
<StgValue><ssdm name=""/></StgValue>
</bind>
</comp>

<comp id="54" class="1001" name="const_54">
<pin_list>
<pin id="55" dir="1" index="0" bw="1" slack="0"/>
</pin_list>
<bind>
<StgValue><ssdm name="_ssdm_op_BitConcatenate.i9.i6.i3"/></StgValue>
</bind>
</comp>

<comp id="56" class="1001" name="const_56">
<pin_list>
<pin id="57" dir="1" index="0" bw="1" slack="0"/>
</pin_list>
<bind>
<StgValue><ssdm name=""/></StgValue>
</bind>
</comp>

<comp id="58" class="1001" name="const_58">
<pin_list>
<pin id="59" dir="1" index="0" bw="1" slack="0"/>
</pin_list>
<bind>
<StgValue><ssdm name=""/></StgValue>
</bind>
</comp>

<comp id="60" class="1001" name="const_60">
<pin_list>
<pin id="61" dir="1" index="0" bw="1" slack="0"/>
</pin_list>
<bind>
<StgValue><ssdm name=""/></StgValue>
</bind>
</comp>

<comp id="62" class="1001" name="const_62">
<pin_list>
<pin id="63" dir="1" index="0" bw="1" slack="0"/>
</pin_list>
<bind>
<StgValue><ssdm name=""/></StgValue>
</bind>
</comp>

<comp id="64" class="1001" name="const_64">
<pin_list>
<pin id="65" dir="1" index="0" bw="1" slack="0"/>
</pin_list>
<bind>
<StgValue><ssdm name=""/></StgValue>
</bind>
</comp>

<comp id="66" class="1001" name="const_66">
<pin_list>
<pin id="67" dir="1" index="0" bw="1" slack="0"/>
</pin_list>
<bind>
<StgValue><ssdm name=""/></StgValue>
</bind>
</comp>

<comp id="68" class="1001" name="const_68">
<pin_list>
<pin id="69" dir="1" index="0" bw="1" slack="0"/>
</pin_list>
<bind>
<StgValue><ssdm name=""/></StgValue>
</bind>
</comp>

<comp id="70" class="1001" name="const_70">
<pin_list>
<pin id="71" dir="1" index="0" bw="1" slack="0"/>
</pin_list>
<bind>
<StgValue><ssdm name=""/></StgValue>
</bind>
</comp>

<comp id="72" class="1001" name="const_72">
<pin_list>
<pin id="73" dir="1" index="0" bw="1" slack="2147483647"/>
</pin_list>
<bind>
<StgValue><ssdm name=""/></StgValue>
</bind>
</comp>

<comp id="74" class="1001" name="const_74">
<pin_list>
<pin id="75" dir="1" index="0" bw="1" slack="2147483647"/>
</pin_list>
<bind>
<StgValue><ssdm name=""/></StgValue>
</bind>
</comp>

<comp id="76" class="1001" name="const_76">
<pin_list>
<pin id="77" dir="1" index="0" bw="1" slack="2147483647"/>
</pin_list>
<bind>
<StgValue><ssdm name=""/></StgValue>
</bind>
</comp>

<comp id="78" class="1001" name="const_78">
<pin_list>
<pin id="79" dir="1" index="0" bw="1" slack="2147483647"/>
</pin_list>
<bind>
<StgValue><ssdm name=""/></StgValue>
</bind>
</comp>

<comp id="80" class="1001" name="const_80">
<pin_list>
<pin id="81" dir="1" index="0" bw="1" slack="2147483647"/>
</pin_list>
<bind>
<StgValue><ssdm name=""/></StgValue>
</bind>
</comp>

<comp id="82" class="1001" name="const_82">
<pin_list>
<pin id="83" dir="1" index="0" bw="1" slack="2147483647"/>
</pin_list>
<bind>
<StgValue><ssdm name=""/></StgValue>
</bind>
</comp>

<comp id="84" class="1001" name="const_84">
<pin_list>
<pin id="85" dir="1" index="0" bw="1" slack="0"/>
</pin_list>
<bind>
<StgValue><ssdm name=""/></StgValue>
</bind>
</comp>

<comp id="86" class="1001" name="const_86">
<pin_list>
<pin id="87" dir="1" index="0" bw="1" slack="0"/>
</pin_list>
<bind>
<StgValue><ssdm name=""/></StgValue>
</bind>
</comp>

<comp id="88" class="1001" name="const_88">
<pin_list>
<pin id="89" dir="1" index="0" bw="1" slack="0"/>
</pin_list>
<bind>
<StgValue><ssdm name=""/></StgValue>
</bind>
</comp>

<comp id="90" class="1001" name="const_90">
<pin_list>
<pin id="91" dir="1" index="0" bw="1" slack="0"/>
</pin_list>
<bind>
<StgValue><ssdm name=""/></StgValue>
</bind>
</comp>

<comp id="92" class="1001" name="const_92">
<pin_list>
<pin id="93" dir="1" index="0" bw="1" slack="0"/>
</pin_list>
<bind>
<StgValue><ssdm name="_ssdm_op_PartSelect.i59.i64.i32.i32"/></StgValue>
</bind>
</comp>

<comp id="94" class="1001" name="const_94">
<pin_list>
<pin id="95" dir="1" index="0" bw="1" slack="0"/>
</pin_list>
<bind>
<StgValue><ssdm name=""/></StgValue>
</bind>
</comp>

<comp id="96" class="1001" name="const_96">
<pin_list>
<pin id="97" dir="1" index="0" bw="1" slack="0"/>
</pin_list>
<bind>
<StgValue><ssdm name=""/></StgValue>
</bind>
</comp>

<comp id="98" class="1001" name="const_98">
<pin_list>
<pin id="99" dir="1" index="0" bw="1" slack="2147483647"/>
</pin_list>
<bind>
<StgValue><ssdm name="_ssdm_op_SpecLoopName"/></StgValue>
</bind>
</comp>

<comp id="100" class="1001" name="const_100">
<pin_list>
<pin id="101" dir="1" index="0" bw="1" slack="2147483647"/>
</pin_list>
<bind>
<StgValue><ssdm name="PRELOAD_W_W_FLAT_str"/></StgValue>
</bind>
</comp>

<comp id="102" class="1001" name="const_102">
<pin_list>
<pin id="103" dir="1" index="0" bw="1" slack="2147483647"/>
</pin_list>
<bind>
<StgValue><ssdm name="_ssdm_op_SpecLoopTripCount"/></StgValue>
</bind>
</comp>

<comp id="104" class="1001" name="const_104">
<pin_list>
<pin id="105" dir="1" index="0" bw="1" slack="2147483647"/>
</pin_list>
<bind>
<StgValue><ssdm name=""/></StgValue>
</bind>
</comp>

<comp id="106" class="1001" name="const_106">
<pin_list>
<pin id="107" dir="1" index="0" bw="1" slack="0"/>
</pin_list>
<bind>
<StgValue><ssdm name="_ssdm_op_ReadReq.m_axi.p1i256"/></StgValue>
</bind>
</comp>

<comp id="108" class="1001" name="const_108">
<pin_list>
<pin id="109" dir="1" index="0" bw="1" slack="0"/>
</pin_list>
<bind>
<StgValue><ssdm name=""/></StgValue>
</bind>
</comp>

<comp id="110" class="1001" name="const_110">
<pin_list>
<pin id="111" dir="1" index="0" bw="1" slack="0"/>
</pin_list>
<bind>
<StgValue><ssdm name=""/></StgValue>
</bind>
</comp>

<comp id="112" class="1001" name="const_112">
<pin_list>
<pin id="113" dir="1" index="0" bw="1" slack="0"/>
</pin_list>
<bind>
<StgValue><ssdm name="_ssdm_op_BitConcatenate.i10.i4.i6"/></StgValue>
</bind>
</comp>

<comp id="114" class="1001" name="const_114">
<pin_list>
<pin id="115" dir="1" index="0" bw="1" slack="0"/>
</pin_list>
<bind>
<StgValue><ssdm name=""/></StgValue>
</bind>
</comp>

<comp id="116" class="1001" name="const_116">
<pin_list>
<pin id="117" dir="1" index="0" bw="1" slack="0"/>
</pin_list>
<bind>
<StgValue><ssdm name="_ssdm_op_BitConcatenate.i10.i8.i2"/></StgValue>
</bind>
</comp>

<comp id="118" class="1001" name="const_118">
<pin_list>
<pin id="119" dir="1" index="0" bw="1" slack="0"/>
</pin_list>
<bind>
<StgValue><ssdm name=""/></StgValue>
</bind>
</comp>

<comp id="120" class="1001" name="const_120">
<pin_list>
<pin id="121" dir="1" index="0" bw="1" slack="0"/>
</pin_list>
<bind>
<StgValue><ssdm name="_ssdm_op_Read.m_axi.p1i256"/></StgValue>
</bind>
</comp>

<comp id="122" class="1001" name="const_122">
<pin_list>
<pin id="123" dir="1" index="0" bw="1" slack="2147483647"/>
</pin_list>
<bind>
<StgValue><ssdm name="_ssdm_op_SpecPipeline"/></StgValue>
</bind>
</comp>

<comp id="124" class="1001" name="const_124">
<pin_list>
<pin id="125" dir="1" index="0" bw="1" slack="0"/>
</pin_list>
<bind>
<StgValue><ssdm name=""/></StgValue>
</bind>
</comp>

<comp id="126" class="1004" name="indvar_flatten48_fu_126">
<pin_list>
<pin id="127" dir="0" index="0" bw="1" slack="0"/>
<pin id="128" dir="1" index="1" bw="13" slack="0"/>
</pin_list>
<bind>
<opcode="alloca(26) " fcode="alloca"/>
<opset="indvar_flatten48/1 "/>
</bind>
</comp>

<comp id="130" class="1004" name="tc49_fu_130">
<pin_list>
<pin id="131" dir="0" index="0" bw="1" slack="0"/>
<pin id="132" dir="1" index="1" bw="4" slack="0"/>
</pin_list>
<bind>
<opcode="alloca(26) " fcode="alloca"/>
<opset="tc49/1 "/>
</bind>
</comp>

<comp id="134" class="1004" name="kci51_fu_134">
<pin_list>
<pin id="135" dir="0" index="0" bw="1" slack="0"/>
<pin id="136" dir="1" index="1" bw="10" slack="0"/>
</pin_list>
<bind>
<opcode="alloca(26) " fcode="alloca"/>
<opset="kci51/1 "/>
</bind>
</comp>

<comp id="138" class="1004" name="ci_cnt52_fu_138">
<pin_list>
<pin id="139" dir="0" index="0" bw="1" slack="0"/>
<pin id="140" dir="1" index="1" bw="32" slack="0"/>
</pin_list>
<bind>
<opcode="alloca(26) " fcode="alloca"/>
<opset="ci_cnt52/1 "/>
</bind>
</comp>

<comp id="142" class="1004" name="k_cnt53_fu_142">
<pin_list>
<pin id="143" dir="0" index="0" bw="1" slack="0"/>
<pin id="144" dir="1" index="1" bw="32" slack="0"/>
</pin_list>
<bind>
<opcode="alloca(26) " fcode="alloca"/>
<opset="k_cnt53/1 "/>
</bind>
</comp>

<comp id="146" class="1004" name="tile_read_read_fu_146">
<pin_list>
<pin id="147" dir="0" index="0" bw="6" slack="0"/>
<pin id="148" dir="0" index="1" bw="6" slack="0"/>
<pin id="149" dir="1" index="2" bw="6" slack="0"/>
</pin_list>
<bind>
<opcode="read(1150) " fcode="read"/>
<opset="tile_read/1 "/>
</bind>
</comp>

<comp id="152" class="1004" name="W_ptr_read_read_fu_152">
<pin_list>
<pin id="153" dir="0" index="0" bw="64" slack="0"/>
<pin id="154" dir="0" index="1" bw="64" slack="0"/>
<pin id="155" dir="1" index="2" bw="64" slack="2"/>
</pin_list>
<bind>
<opcode="read(1150) " fcode="read"/>
<opset="W_ptr_read/1 "/>
</bind>
</comp>

<comp id="158" class="1004" name="grp_readreq_fu_158">
<pin_list>
<pin id="159" dir="0" index="0" bw="1" slack="0"/>
<pin id="160" dir="0" index="1" bw="256" slack="0"/>
<pin id="161" dir="0" index="2" bw="11" slack="0"/>
<pin id="162" dir="1" index="3" bw="1" slack="2147483647"/>
</pin_list>
<bind>
<opcode="readreq(1154) " fcode="readreq"/>
<opset="empty/4 "/>
</bind>
</comp>

<comp id="165" class="1004" name="gmem_weight_addr_read_read_fu_165">
<pin_list>
<pin id="166" dir="0" index="0" bw="256" slack="0"/>
<pin id="167" dir="0" index="1" bw="256" slack="8"/>
<pin id="168" dir="1" index="2" bw="256" slack="1"/>
</pin_list>
<bind>
<opcode="read(1150) " fcode="read"/>
<opset="gmem_weight_addr_read/12 "/>
</bind>
</comp>

<comp id="170" class="1004" name="wbuf_0_addr_gep_fu_170">
<pin_list>
<pin id="171" dir="0" index="0" bw="256" slack="0"/>
<pin id="172" dir="0" index="1" bw="1" slack="0"/>
<pin id="173" dir="0" index="2" bw="10" slack="0"/>
<pin id="174" dir="1" index="3" bw="10" slack="0"/>
</pin_list>
<bind>
<opcode="getelementptr(29) " fcode="getelementptr"/>
<opset="wbuf_0_addr/13 "/>
</bind>
</comp>

<comp id="177" class="1004" name="wbuf_1_addr_gep_fu_177">
<pin_list>
<pin id="178" dir="0" index="0" bw="256" slack="0"/>
<pin id="179" dir="0" index="1" bw="1" slack="0"/>
<pin id="180" dir="0" index="2" bw="10" slack="0"/>
<pin id="181" dir="1" index="3" bw="10" slack="0"/>
</pin_list>
<bind>
<opcode="getelementptr(29) " fcode="getelementptr"/>
<opset="wbuf_1_addr/13 "/>
</bind>
</comp>

<comp id="184" class="1004" name="wbuf_2_addr_gep_fu_184">
<pin_list>
<pin id="185" dir="0" index="0" bw="256" slack="0"/>
<pin id="186" dir="0" index="1" bw="1" slack="0"/>
<pin id="187" dir="0" index="2" bw="10" slack="0"/>
<pin id="188" dir="1" index="3" bw="10" slack="0"/>
</pin_list>
<bind>
<opcode="getelementptr(29) " fcode="getelementptr"/>
<opset="wbuf_2_addr/13 "/>
</bind>
</comp>

<comp id="191" class="1004" name="wbuf_3_addr_gep_fu_191">
<pin_list>
<pin id="192" dir="0" index="0" bw="256" slack="0"/>
<pin id="193" dir="0" index="1" bw="1" slack="0"/>
<pin id="194" dir="0" index="2" bw="10" slack="0"/>
<pin id="195" dir="1" index="3" bw="10" slack="0"/>
</pin_list>
<bind>
<opcode="getelementptr(29) " fcode="getelementptr"/>
<opset="wbuf_3_addr/13 "/>
</bind>
</comp>

<comp id="198" class="1004" name="wbuf_4_addr_gep_fu_198">
<pin_list>
<pin id="199" dir="0" index="0" bw="256" slack="0"/>
<pin id="200" dir="0" index="1" bw="1" slack="0"/>
<pin id="201" dir="0" index="2" bw="10" slack="0"/>
<pin id="202" dir="1" index="3" bw="10" slack="0"/>
</pin_list>
<bind>
<opcode="getelementptr(29) " fcode="getelementptr"/>
<opset="wbuf_4_addr/13 "/>
</bind>
</comp>

<comp id="205" class="1004" name="wbuf_5_addr_gep_fu_205">
<pin_list>
<pin id="206" dir="0" index="0" bw="256" slack="0"/>
<pin id="207" dir="0" index="1" bw="1" slack="0"/>
<pin id="208" dir="0" index="2" bw="10" slack="0"/>
<pin id="209" dir="1" index="3" bw="10" slack="0"/>
</pin_list>
<bind>
<opcode="getelementptr(29) " fcode="getelementptr"/>
<opset="wbuf_5_addr/13 "/>
</bind>
</comp>

<comp id="212" class="1004" name="wbuf_6_addr_gep_fu_212">
<pin_list>
<pin id="213" dir="0" index="0" bw="256" slack="0"/>
<pin id="214" dir="0" index="1" bw="1" slack="0"/>
<pin id="215" dir="0" index="2" bw="10" slack="0"/>
<pin id="216" dir="1" index="3" bw="10" slack="0"/>
</pin_list>
<bind>
<opcode="getelementptr(29) " fcode="getelementptr"/>
<opset="wbuf_6_addr/13 "/>
</bind>
</comp>

<comp id="219" class="1004" name="wbuf_7_addr_gep_fu_219">
<pin_list>
<pin id="220" dir="0" index="0" bw="256" slack="0"/>
<pin id="221" dir="0" index="1" bw="1" slack="0"/>
<pin id="222" dir="0" index="2" bw="10" slack="0"/>
<pin id="223" dir="1" index="3" bw="10" slack="0"/>
</pin_list>
<bind>
<opcode="getelementptr(29) " fcode="getelementptr"/>
<opset="wbuf_7_addr/13 "/>
</bind>
</comp>

<comp id="226" class="1004" name="store_ln77_access_fu_226">
<pin_list>
<pin id="227" dir="0" index="0" bw="10" slack="0"/>
<pin id="228" dir="0" index="1" bw="256" slack="1"/>
<pin id="229" dir="0" index="2" bw="0" slack="2147483647"/>
<pin id="230" dir="1" index="3" bw="256" slack="2147483647"/>
</pin_list>
<bind>
<opcode="store(28) " fcode="store"/>
<opset="store_ln77/13 "/>
</bind>
</comp>

<comp id="232" class="1004" name="store_ln77_access_fu_232">
<pin_list>
<pin id="233" dir="0" index="0" bw="10" slack="0"/>
<pin id="234" dir="0" index="1" bw="256" slack="1"/>
<pin id="235" dir="0" index="2" bw="0" slack="2147483647"/>
<pin id="236" dir="1" index="3" bw="256" slack="2147483647"/>
</pin_list>
<bind>
<opcode="store(28) " fcode="store"/>
<opset="store_ln77/13 "/>
</bind>
</comp>

<comp id="238" class="1004" name="store_ln77_access_fu_238">
<pin_list>
<pin id="239" dir="0" index="0" bw="10" slack="0"/>
<pin id="240" dir="0" index="1" bw="256" slack="1"/>
<pin id="241" dir="0" index="2" bw="0" slack="2147483647"/>
<pin id="242" dir="1" index="3" bw="256" slack="2147483647"/>
</pin_list>
<bind>
<opcode="store(28) " fcode="store"/>
<opset="store_ln77/13 "/>
</bind>
</comp>

<comp id="244" class="1004" name="store_ln77_access_fu_244">
<pin_list>
<pin id="245" dir="0" index="0" bw="10" slack="0"/>
<pin id="246" dir="0" index="1" bw="256" slack="1"/>
<pin id="247" dir="0" index="2" bw="0" slack="2147483647"/>
<pin id="248" dir="1" index="3" bw="256" slack="2147483647"/>
</pin_list>
<bind>
<opcode="store(28) " fcode="store"/>
<opset="store_ln77/13 "/>
</bind>
</comp>

<comp id="250" class="1004" name="store_ln77_access_fu_250">
<pin_list>
<pin id="251" dir="0" index="0" bw="10" slack="0"/>
<pin id="252" dir="0" index="1" bw="256" slack="1"/>
<pin id="253" dir="0" index="2" bw="0" slack="2147483647"/>
<pin id="254" dir="1" index="3" bw="256" slack="2147483647"/>
</pin_list>
<bind>
<opcode="store(28) " fcode="store"/>
<opset="store_ln77/13 "/>
</bind>
</comp>

<comp id="256" class="1004" name="store_ln77_access_fu_256">
<pin_list>
<pin id="257" dir="0" index="0" bw="10" slack="0"/>
<pin id="258" dir="0" index="1" bw="256" slack="1"/>
<pin id="259" dir="0" index="2" bw="0" slack="2147483647"/>
<pin id="260" dir="1" index="3" bw="256" slack="2147483647"/>
</pin_list>
<bind>
<opcode="store(28) " fcode="store"/>
<opset="store_ln77/13 "/>
</bind>
</comp>

<comp id="262" class="1004" name="store_ln77_access_fu_262">
<pin_list>
<pin id="263" dir="0" index="0" bw="10" slack="0"/>
<pin id="264" dir="0" index="1" bw="256" slack="1"/>
<pin id="265" dir="0" index="2" bw="0" slack="2147483647"/>
<pin id="266" dir="1" index="3" bw="256" slack="2147483647"/>
</pin_list>
<bind>
<opcode="store(28) " fcode="store"/>
<opset="store_ln77/13 "/>
</bind>
</comp>

<comp id="268" class="1004" name="store_ln77_access_fu_268">
<pin_list>
<pin id="269" dir="0" index="0" bw="10" slack="0"/>
<pin id="270" dir="0" index="1" bw="256" slack="1"/>
<pin id="271" dir="0" index="2" bw="0" slack="2147483647"/>
<pin id="272" dir="1" index="3" bw="256" slack="2147483647"/>
</pin_list>
<bind>
<opcode="store(28) " fcode="store"/>
<opset="store_ln77/13 "/>
</bind>
</comp>

<comp id="274" class="1005" name="icmp_ln7554_reg_274">
<pin_list>
<pin id="275" dir="0" index="0" bw="1" slack="10"/>
<pin id="276" dir="1" index="1" bw="1" slack="10"/>
</pin_list>
<bind>
<opset="icmp_ln7554 (phireg) "/>
</bind>
</comp>

<comp id="277" class="1004" name="icmp_ln7554_phi_fu_277">
<pin_list>
<pin id="278" dir="0" index="0" bw="1" slack="0"/>
<pin id="279" dir="0" index="1" bw="0" slack="2147483647"/>
<pin id="280" dir="0" index="2" bw="1" slack="0"/>
<pin id="281" dir="0" index="3" bw="0" slack="2147483647"/>
<pin id="282" dir="1" index="4" bw="1" slack="0"/>
</pin_list>
<bind>
<opcode="phi(47) " fcode="phi"/>
<opset="icmp_ln7554/1 "/>
</bind>
</comp>

<comp id="285" class="1005" name="first_iter_050_reg_285">
<pin_list>
<pin id="286" dir="0" index="0" bw="1" slack="2147483647"/>
<pin id="287" dir="1" index="1" bw="1" slack="2147483647"/>
</pin_list>
<bind>
<opset="first_iter_050 (phireg) "/>
</bind>
</comp>

<comp id="288" class="1004" name="first_iter_050_phi_fu_288">
<pin_list>
<pin id="289" dir="0" index="0" bw="1" slack="0"/>
<pin id="290" dir="0" index="1" bw="0" slack="2147483647"/>
<pin id="291" dir="0" index="2" bw="1" slack="0"/>
<pin id="292" dir="0" index="3" bw="0" slack="2147483647"/>
<pin id="293" dir="1" index="4" bw="1" slack="0"/>
</pin_list>
<bind>
<opcode="phi(47) " fcode="phi"/>
<opset="first_iter_050/1 "/>
</bind>
</comp>

<comp id="296" class="1004" name="co_base_fu_296">
<pin_list>
<pin id="297" dir="0" index="0" bw="9" slack="0"/>
<pin id="298" dir="0" index="1" bw="6" slack="0"/>
<pin id="299" dir="0" index="2" bw="1" slack="0"/>
<pin id="300" dir="1" index="3" bw="9" slack="0"/>
</pin_list>
<bind>
<opcode="bitconcatenate(1004) " fcode="bitconcatenate"/>
<opset="co_base/1 "/>
</bind>
</comp>

<comp id="304" class="1004" name="store_ln0_store_fu_304">
<pin_list>
<pin id="305" dir="0" index="0" bw="1" slack="0"/>
<pin id="306" dir="0" index="1" bw="32" slack="0"/>
<pin id="307" dir="1" index="2" bw="0" slack="2147483647"/>
</pin_list>
<bind>
<opcode="store(28) " fcode="store"/>
<opset="store_ln0/1 "/>
</bind>
</comp>

<comp id="309" class="1004" name="store_ln0_store_fu_309">
<pin_list>
<pin id="310" dir="0" index="0" bw="1" slack="0"/>
<pin id="311" dir="0" index="1" bw="32" slack="0"/>
<pin id="312" dir="1" index="2" bw="0" slack="2147483647"/>
</pin_list>
<bind>
<opcode="store(28) " fcode="store"/>
<opset="store_ln0/1 "/>
</bind>
</comp>

<comp id="314" class="1004" name="store_ln0_store_fu_314">
<pin_list>
<pin id="315" dir="0" index="0" bw="1" slack="0"/>
<pin id="316" dir="0" index="1" bw="10" slack="0"/>
<pin id="317" dir="1" index="2" bw="0" slack="2147483647"/>
</pin_list>
<bind>
<opcode="store(28) " fcode="store"/>
<opset="store_ln0/1 "/>
</bind>
</comp>

<comp id="319" class="1004" name="store_ln0_store_fu_319">
<pin_list>
<pin id="320" dir="0" index="0" bw="1" slack="0"/>
<pin id="321" dir="0" index="1" bw="4" slack="0"/>
<pin id="322" dir="1" index="2" bw="0" slack="2147483647"/>
</pin_list>
<bind>
<opcode="store(28) " fcode="store"/>
<opset="store_ln0/1 "/>
</bind>
</comp>

<comp id="324" class="1004" name="store_ln0_store_fu_324">
<pin_list>
<pin id="325" dir="0" index="0" bw="1" slack="0"/>
<pin id="326" dir="0" index="1" bw="13" slack="0"/>
<pin id="327" dir="1" index="2" bw="0" slack="2147483647"/>
</pin_list>
<bind>
<opcode="store(28) " fcode="store"/>
<opset="store_ln0/1 "/>
</bind>
</comp>

<comp id="329" class="1004" name="indvar_flatten48_load_load_fu_329">
<pin_list>
<pin id="330" dir="0" index="0" bw="13" slack="0"/>
<pin id="331" dir="1" index="1" bw="13" slack="0"/>
</pin_list>
<bind>
<opcode="load(27) " fcode="load"/>
<opset="indvar_flatten48_load/1 "/>
</bind>
</comp>

<comp id="332" class="1004" name="tc49_load_load_fu_332">
<pin_list>
<pin id="333" dir="0" index="0" bw="4" slack="0"/>
<pin id="334" dir="1" index="1" bw="4" slack="0"/>
</pin_list>
<bind>
<opcode="load(27) " fcode="load"/>
<opset="tc49_load/1 "/>
</bind>
</comp>

<comp id="335" class="1004" name="kci51_load_load_fu_335">
<pin_list>
<pin id="336" dir="0" index="0" bw="10" slack="0"/>
<pin id="337" dir="1" index="1" bw="10" slack="0"/>
</pin_list>
<bind>
<opcode="load(27) " fcode="load"/>
<opset="kci51_load/1 "/>
</bind>
</comp>

<comp id="338" class="1004" name="add_ln71_2_fu_338">
<pin_list>
<pin id="339" dir="0" index="0" bw="4" slack="0"/>
<pin id="340" dir="0" index="1" bw="1" slack="0"/>
<pin id="341" dir="1" index="2" bw="4" slack="0"/>
</pin_list>
<bind>
<opcode="add(8) " fcode="add"/>
<opset="add_ln71_2/1 "/>
</bind>
</comp>

<comp id="344" class="1004" name="or_ln71_fu_344">
<pin_list>
<pin id="345" dir="0" index="0" bw="1" slack="0"/>
<pin id="346" dir="0" index="1" bw="1" slack="0"/>
<pin id="347" dir="1" index="2" bw="1" slack="3"/>
</pin_list>
<bind>
<opcode="or(24) " fcode="or"/>
<opset="or_ln71/1 "/>
</bind>
</comp>

<comp id="350" class="1004" name="tc_fu_350">
<pin_list>
<pin id="351" dir="0" index="0" bw="1" slack="0"/>
<pin id="352" dir="0" index="1" bw="4" slack="0"/>
<pin id="353" dir="0" index="2" bw="4" slack="0"/>
<pin id="354" dir="1" index="3" bw="4" slack="0"/>
</pin_list>
<bind>
<opcode="select(49) " fcode="select"/>
<opset="tc/1 "/>
</bind>
</comp>

<comp id="358" class="1004" name="zext_ln71_fu_358">
<pin_list>
<pin id="359" dir="0" index="0" bw="4" slack="0"/>
<pin id="360" dir="1" index="1" bw="9" slack="0"/>
</pin_list>
<bind>
<opcode="zext(34) " fcode="zext"/>
<opset="zext_ln71/1 "/>
</bind>
</comp>

<comp id="362" class="1004" name="add_ln71_fu_362">
<pin_list>
<pin id="363" dir="0" index="0" bw="9" slack="0"/>
<pin id="364" dir="0" index="1" bw="4" slack="0"/>
<pin id="365" dir="1" index="2" bw="9" slack="1"/>
</pin_list>
<bind>
<opcode="add(8) " fcode="add"/>
<opset="add_ln71/1 "/>
</bind>
</comp>

<comp id="368" class="1004" name="add_ln71_3_fu_368">
<pin_list>
<pin id="369" dir="0" index="0" bw="13" slack="0"/>
<pin id="370" dir="0" index="1" bw="1" slack="0"/>
<pin id="371" dir="1" index="2" bw="13" slack="0"/>
</pin_list>
<bind>
<opcode="add(8) " fcode="add"/>
<opset="add_ln71_3/1 "/>
</bind>
</comp>

<comp id="374" class="1004" name="trunc_ln71_fu_374">
<pin_list>
<pin id="375" dir="0" index="0" bw="4" slack="0"/>
<pin id="376" dir="1" index="1" bw="3" slack="12"/>
</pin_list>
<bind>
<opcode="trunc(33) " fcode="trunc"/>
<opset="trunc_ln71/1 "/>
</bind>
</comp>

<comp id="378" class="1004" name="add_ln75_fu_378">
<pin_list>
<pin id="379" dir="0" index="0" bw="10" slack="0"/>
<pin id="380" dir="0" index="1" bw="1" slack="0"/>
<pin id="381" dir="1" index="2" bw="10" slack="0"/>
</pin_list>
<bind>
<opcode="add(8) " fcode="add"/>
<opset="add_ln75/1 "/>
</bind>
</comp>

<comp id="384" class="1004" name="kci_fu_384">
<pin_list>
<pin id="385" dir="0" index="0" bw="1" slack="0"/>
<pin id="386" dir="0" index="1" bw="10" slack="0"/>
<pin id="387" dir="0" index="2" bw="10" slack="0"/>
<pin id="388" dir="1" index="3" bw="10" slack="0"/>
</pin_list>
<bind>
<opcode="select(49) " fcode="select"/>
<opset="kci/1 "/>
</bind>
</comp>

<comp id="392" class="1004" name="icmp_ln75_fu_392">
<pin_list>
<pin id="393" dir="0" index="0" bw="10" slack="0"/>
<pin id="394" dir="0" index="1" bw="10" slack="0"/>
<pin id="395" dir="1" index="2" bw="1" slack="0"/>
</pin_list>
<bind>
<opcode="icmp(45) " fcode="icmp"/>
<opset="icmp_ln75/1 "/>
</bind>
</comp>

<comp id="398" class="1004" name="icmp_ln71_fu_398">
<pin_list>
<pin id="399" dir="0" index="0" bw="13" slack="0"/>
<pin id="400" dir="0" index="1" bw="13" slack="0"/>
<pin id="401" dir="1" index="2" bw="1" slack="1"/>
</pin_list>
<bind>
<opcode="icmp(45) " fcode="icmp"/>
<opset="icmp_ln71/1 "/>
</bind>
</comp>

<comp id="404" class="1004" name="store_ln75_store_fu_404">
<pin_list>
<pin id="405" dir="0" index="0" bw="10" slack="0"/>
<pin id="406" dir="0" index="1" bw="10" slack="0"/>
<pin id="407" dir="1" index="2" bw="0" slack="2147483647"/>
</pin_list>
<bind>
<opcode="store(28) " fcode="store"/>
<opset="store_ln75/1 "/>
</bind>
</comp>

<comp id="409" class="1004" name="store_ln71_store_fu_409">
<pin_list>
<pin id="410" dir="0" index="0" bw="4" slack="0"/>
<pin id="411" dir="0" index="1" bw="4" slack="0"/>
<pin id="412" dir="1" index="2" bw="0" slack="2147483647"/>
</pin_list>
<bind>
<opcode="store(28) " fcode="store"/>
<opset="store_ln71/1 "/>
</bind>
</comp>

<comp id="414" class="1004" name="store_ln71_store_fu_414">
<pin_list>
<pin id="415" dir="0" index="0" bw="13" slack="0"/>
<pin id="416" dir="0" index="1" bw="13" slack="0"/>
<pin id="417" dir="1" index="2" bw="0" slack="2147483647"/>
</pin_list>
<bind>
<opcode="store(28) " fcode="store"/>
<opset="store_ln71/1 "/>
</bind>
</comp>

<comp id="419" class="1004" name="zext_ln71_1_fu_419">
<pin_list>
<pin id="420" dir="0" index="0" bw="9" slack="1"/>
<pin id="421" dir="1" index="1" bw="24" slack="0"/>
</pin_list>
<bind>
<opcode="zext(34) " fcode="zext"/>
<opset="zext_ln71_1/2 "/>
</bind>
</comp>

<comp id="422" class="1004" name="mul_ln71_fu_422">
<pin_list>
<pin id="423" dir="0" index="0" bw="9" slack="0"/>
<pin id="424" dir="0" index="1" bw="16" slack="0"/>
<pin id="425" dir="1" index="2" bw="24" slack="1"/>
</pin_list>
<bind>
<opcode="mul(12) " fcode="mul"/>
<opset="mul_ln71/2 "/>
</bind>
</comp>

<comp id="428" class="1004" name="zext_ln71_2_fu_428">
<pin_list>
<pin id="429" dir="0" index="0" bw="24" slack="1"/>
<pin id="430" dir="1" index="1" bw="64" slack="0"/>
</pin_list>
<bind>
<opcode="zext(34) " fcode="zext"/>
<opset="zext_ln71_2/3 "/>
</bind>
</comp>

<comp id="431" class="1004" name="add_ln71_1_fu_431">
<pin_list>
<pin id="432" dir="0" index="0" bw="24" slack="0"/>
<pin id="433" dir="0" index="1" bw="64" slack="2"/>
<pin id="434" dir="1" index="2" bw="64" slack="0"/>
</pin_list>
<bind>
<opcode="add(8) " fcode="add"/>
<opset="add_ln71_1/3 "/>
</bind>
</comp>

<comp id="436" class="1004" name="trunc_ln_fu_436">
<pin_list>
<pin id="437" dir="0" index="0" bw="59" slack="0"/>
<pin id="438" dir="0" index="1" bw="64" slack="0"/>
<pin id="439" dir="0" index="2" bw="4" slack="0"/>
<pin id="440" dir="0" index="3" bw="7" slack="0"/>
<pin id="441" dir="1" index="4" bw="59" slack="1"/>
</pin_list>
<bind>
<opcode="partselect(1002) " fcode="partselect"/>
<opset="trunc_ln/3 "/>
</bind>
</comp>

<comp id="446" class="1004" name="sext_ln75_fu_446">
<pin_list>
<pin id="447" dir="0" index="0" bw="59" slack="1"/>
<pin id="448" dir="1" index="1" bw="64" slack="0"/>
</pin_list>
<bind>
<opcode="sext(35) " fcode="sext"/>
<opset="sext_ln75/4 "/>
</bind>
</comp>

<comp id="449" class="1004" name="gmem_weight_addr_fu_449">
<pin_list>
<pin id="450" dir="0" index="0" bw="64" slack="0"/>
<pin id="451" dir="0" index="1" bw="64" slack="0"/>
<pin id="452" dir="1" index="2" bw="64" slack="0"/>
</pin_list>
<bind>
<opcode="getelementptr(29) " fcode="getelementptr"/>
<opset="gmem_weight_addr/4 "/>
</bind>
</comp>

<comp id="456" class="1004" name="ci_cnt52_load_load_fu_456">
<pin_list>
<pin id="457" dir="0" index="0" bw="32" slack="10"/>
<pin id="458" dir="1" index="1" bw="32" slack="0"/>
</pin_list>
<bind>
<opcode="load(27) " fcode="load"/>
<opset="ci_cnt52_load/11 "/>
</bind>
</comp>

<comp id="459" class="1004" name="select_ln71_1_fu_459">
<pin_list>
<pin id="460" dir="0" index="0" bw="1" slack="10"/>
<pin id="461" dir="0" index="1" bw="32" slack="0"/>
<pin id="462" dir="0" index="2" bw="32" slack="0"/>
<pin id="463" dir="1" index="3" bw="32" slack="0"/>
</pin_list>
<bind>
<opcode="select(49) " fcode="select"/>
<opset="select_ln71_1/11 "/>
</bind>
</comp>

<comp id="467" class="1004" name="trunc_ln75_fu_467">
<pin_list>
<pin id="468" dir="0" index="0" bw="32" slack="0"/>
<pin id="469" dir="1" index="1" bw="10" slack="1"/>
</pin_list>
<bind>
<opcode="trunc(33) " fcode="trunc"/>
<opset="trunc_ln75/11 "/>
</bind>
</comp>

<comp id="471" class="1004" name="ci_cnt_1_fu_471">
<pin_list>
<pin id="472" dir="0" index="0" bw="32" slack="0"/>
<pin id="473" dir="0" index="1" bw="1" slack="0"/>
<pin id="474" dir="1" index="2" bw="32" slack="0"/>
</pin_list>
<bind>
<opcode="add(8) " fcode="add"/>
<opset="ci_cnt_1/11 "/>
</bind>
</comp>

<comp id="477" class="1004" name="icmp_ln79_fu_477">
<pin_list>
<pin id="478" dir="0" index="0" bw="32" slack="0"/>
<pin id="479" dir="0" index="1" bw="32" slack="0"/>
<pin id="480" dir="1" index="2" bw="1" slack="0"/>
</pin_list>
<bind>
<opcode="icmp(45) " fcode="icmp"/>
<opset="icmp_ln79/11 "/>
</bind>
</comp>

<comp id="483" class="1004" name="ci_cnt_fu_483">
<pin_list>
<pin id="484" dir="0" index="0" bw="1" slack="0"/>
<pin id="485" dir="0" index="1" bw="32" slack="0"/>
<pin id="486" dir="0" index="2" bw="32" slack="0"/>
<pin id="487" dir="1" index="3" bw="32" slack="0"/>
</pin_list>
<bind>
<opcode="select(49) " fcode="select"/>
<opset="ci_cnt/11 "/>
</bind>
</comp>

<comp id="491" class="1004" name="store_ln79_store_fu_491">
<pin_list>
<pin id="492" dir="0" index="0" bw="32" slack="0"/>
<pin id="493" dir="0" index="1" bw="32" slack="10"/>
<pin id="494" dir="1" index="2" bw="0" slack="2147483647"/>
</pin_list>
<bind>
<opcode="store(28) " fcode="store"/>
<opset="store_ln79/11 "/>
</bind>
</comp>

<comp id="496" class="1004" name="k_cnt53_load_load_fu_496">
<pin_list>
<pin id="497" dir="0" index="0" bw="32" slack="11"/>
<pin id="498" dir="1" index="1" bw="32" slack="0"/>
</pin_list>
<bind>
<opcode="load(27) " fcode="load"/>
<opset="k_cnt53_load/12 "/>
</bind>
</comp>

<comp id="499" class="1004" name="select_ln71_2_fu_499">
<pin_list>
<pin id="500" dir="0" index="0" bw="1" slack="11"/>
<pin id="501" dir="0" index="1" bw="32" slack="0"/>
<pin id="502" dir="0" index="2" bw="32" slack="0"/>
<pin id="503" dir="1" index="3" bw="32" slack="0"/>
</pin_list>
<bind>
<opcode="select(49) " fcode="select"/>
<opset="select_ln71_2/12 "/>
</bind>
</comp>

<comp id="507" class="1004" name="trunc_ln77_fu_507">
<pin_list>
<pin id="508" dir="0" index="0" bw="32" slack="0"/>
<pin id="509" dir="1" index="1" bw="4" slack="0"/>
</pin_list>
<bind>
<opcode="trunc(33) " fcode="trunc"/>
<opset="trunc_ln77/12 "/>
</bind>
</comp>

<comp id="511" class="1004" name="p_shl_fu_511">
<pin_list>
<pin id="512" dir="0" index="0" bw="10" slack="0"/>
<pin id="513" dir="0" index="1" bw="4" slack="0"/>
<pin id="514" dir="0" index="2" bw="1" slack="0"/>
<pin id="515" dir="1" index="3" bw="10" slack="0"/>
</pin_list>
<bind>
<opcode="bitconcatenate(1004) " fcode="bitconcatenate"/>
<opset="p_shl/12 "/>
</bind>
</comp>

<comp id="519" class="1004" name="trunc_ln77_1_fu_519">
<pin_list>
<pin id="520" dir="0" index="0" bw="32" slack="0"/>
<pin id="521" dir="1" index="1" bw="8" slack="0"/>
</pin_list>
<bind>
<opcode="trunc(33) " fcode="trunc"/>
<opset="trunc_ln77_1/12 "/>
</bind>
</comp>

<comp id="523" class="1004" name="p_shl1_fu_523">
<pin_list>
<pin id="524" dir="0" index="0" bw="10" slack="0"/>
<pin id="525" dir="0" index="1" bw="8" slack="0"/>
<pin id="526" dir="0" index="2" bw="1" slack="0"/>
<pin id="527" dir="1" index="3" bw="10" slack="0"/>
</pin_list>
<bind>
<opcode="bitconcatenate(1004) " fcode="bitconcatenate"/>
<opset="p_shl1/12 "/>
</bind>
</comp>

<comp id="531" class="1004" name="sub_ln77_fu_531">
<pin_list>
<pin id="532" dir="0" index="0" bw="10" slack="0"/>
<pin id="533" dir="0" index="1" bw="10" slack="0"/>
<pin id="534" dir="1" index="2" bw="10" slack="0"/>
</pin_list>
<bind>
<opcode="sub(10) " fcode="sub"/>
<opset="sub_ln77/12 "/>
</bind>
</comp>

<comp id="537" class="1004" name="add_ln77_fu_537">
<pin_list>
<pin id="538" dir="0" index="0" bw="10" slack="0"/>
<pin id="539" dir="0" index="1" bw="10" slack="1"/>
<pin id="540" dir="1" index="2" bw="10" slack="1"/>
</pin_list>
<bind>
<opcode="add(8) " fcode="add"/>
<opset="add_ln77/12 "/>
</bind>
</comp>

<comp id="542" class="1004" name="add_ln79_fu_542">
<pin_list>
<pin id="543" dir="0" index="0" bw="32" slack="0"/>
<pin id="544" dir="0" index="1" bw="1" slack="0"/>
<pin id="545" dir="1" index="2" bw="32" slack="0"/>
</pin_list>
<bind>
<opcode="add(8) " fcode="add"/>
<opset="add_ln79/12 "/>
</bind>
</comp>

<comp id="548" class="1004" name="k_cnt_fu_548">
<pin_list>
<pin id="549" dir="0" index="0" bw="1" slack="1"/>
<pin id="550" dir="0" index="1" bw="32" slack="0"/>
<pin id="551" dir="0" index="2" bw="32" slack="0"/>
<pin id="552" dir="1" index="3" bw="32" slack="0"/>
</pin_list>
<bind>
<opcode="select(49) " fcode="select"/>
<opset="k_cnt/12 "/>
</bind>
</comp>

<comp id="555" class="1004" name="store_ln79_store_fu_555">
<pin_list>
<pin id="556" dir="0" index="0" bw="32" slack="0"/>
<pin id="557" dir="0" index="1" bw="32" slack="11"/>
<pin id="558" dir="1" index="2" bw="0" slack="2147483647"/>
</pin_list>
<bind>
<opcode="store(28) " fcode="store"/>
<opset="store_ln79/12 "/>
</bind>
</comp>

<comp id="560" class="1004" name="zext_ln77_fu_560">
<pin_list>
<pin id="561" dir="0" index="0" bw="10" slack="1"/>
<pin id="562" dir="1" index="1" bw="64" slack="0"/>
</pin_list>
<bind>
<opcode="zext(34) " fcode="zext"/>
<opset="zext_ln77/13 "/>
</bind>
</comp>

<comp id="571" class="1005" name="indvar_flatten48_reg_571">
<pin_list>
<pin id="572" dir="0" index="0" bw="13" slack="0"/>
<pin id="573" dir="1" index="1" bw="13" slack="0"/>
</pin_list>
<bind>
<opset="indvar_flatten48 "/>
</bind>
</comp>

<comp id="578" class="1005" name="tc49_reg_578">
<pin_list>
<pin id="579" dir="0" index="0" bw="4" slack="0"/>
<pin id="580" dir="1" index="1" bw="4" slack="0"/>
</pin_list>
<bind>
<opset="tc49 "/>
</bind>
</comp>

<comp id="585" class="1005" name="kci51_reg_585">
<pin_list>
<pin id="586" dir="0" index="0" bw="10" slack="0"/>
<pin id="587" dir="1" index="1" bw="10" slack="0"/>
</pin_list>
<bind>
<opset="kci51 "/>
</bind>
</comp>

<comp id="592" class="1005" name="ci_cnt52_reg_592">
<pin_list>
<pin id="593" dir="0" index="0" bw="32" slack="0"/>
<pin id="594" dir="1" index="1" bw="32" slack="0"/>
</pin_list>
<bind>
<opset="ci_cnt52 "/>
</bind>
</comp>

<comp id="599" class="1005" name="k_cnt53_reg_599">
<pin_list>
<pin id="600" dir="0" index="0" bw="32" slack="0"/>
<pin id="601" dir="1" index="1" bw="32" slack="0"/>
</pin_list>
<bind>
<opset="k_cnt53 "/>
</bind>
</comp>

<comp id="606" class="1005" name="tile_read_reg_606">
<pin_list>
<pin id="607" dir="0" index="0" bw="6" slack="12"/>
<pin id="608" dir="1" index="1" bw="6" slack="2147483647"/>
</pin_list>
<bind>
<opset="tile_read "/>
</bind>
</comp>

<comp id="610" class="1005" name="W_ptr_read_reg_610">
<pin_list>
<pin id="611" dir="0" index="0" bw="64" slack="2"/>
<pin id="612" dir="1" index="1" bw="64" slack="2"/>
</pin_list>
<bind>
<opset="W_ptr_read "/>
</bind>
</comp>

<comp id="615" class="1005" name="or_ln71_reg_615">
<pin_list>
<pin id="616" dir="0" index="0" bw="1" slack="3"/>
<pin id="617" dir="1" index="1" bw="1" slack="2147483647"/>
</pin_list>
<bind>
<opset="or_ln71 "/>
</bind>
</comp>

<comp id="619" class="1005" name="add_ln71_reg_619">
<pin_list>
<pin id="620" dir="0" index="0" bw="9" slack="1"/>
<pin id="621" dir="1" index="1" bw="9" slack="1"/>
</pin_list>
<bind>
<opset="add_ln71 "/>
</bind>
</comp>

<comp id="624" class="1005" name="trunc_ln71_reg_624">
<pin_list>
<pin id="625" dir="0" index="0" bw="3" slack="12"/>
<pin id="626" dir="1" index="1" bw="3" slack="2147483647"/>
</pin_list>
<bind>
<opset="trunc_ln71 "/>
</bind>
</comp>

<comp id="628" class="1005" name="icmp_ln75_reg_628">
<pin_list>
<pin id="629" dir="0" index="0" bw="1" slack="0"/>
<pin id="630" dir="1" index="1" bw="1" slack="0"/>
</pin_list>
<bind>
<opset="icmp_ln75 "/>
</bind>
</comp>

<comp id="633" class="1005" name="icmp_ln71_reg_633">
<pin_list>
<pin id="634" dir="0" index="0" bw="1" slack="1"/>
<pin id="635" dir="1" index="1" bw="1" slack="2147483647"/>
</pin_list>
<bind>
<opset="icmp_ln71 "/>
</bind>
</comp>

<comp id="637" class="1005" name="mul_ln71_reg_637">
<pin_list>
<pin id="638" dir="0" index="0" bw="24" slack="1"/>
<pin id="639" dir="1" index="1" bw="24" slack="1"/>
</pin_list>
<bind>
<opset="mul_ln71 "/>
</bind>
</comp>

<comp id="642" class="1005" name="trunc_ln_reg_642">
<pin_list>
<pin id="643" dir="0" index="0" bw="59" slack="1"/>
<pin id="644" dir="1" index="1" bw="59" slack="1"/>
</pin_list>
<bind>
<opset="trunc_ln "/>
</bind>
</comp>

<comp id="647" class="1005" name="gmem_weight_addr_reg_647">
<pin_list>
<pin id="648" dir="0" index="0" bw="256" slack="1"/>
<pin id="649" dir="1" index="1" bw="256" slack="1"/>
</pin_list>
<bind>
<opset="gmem_weight_addr "/>
</bind>
</comp>

<comp id="653" class="1005" name="trunc_ln75_reg_653">
<pin_list>
<pin id="654" dir="0" index="0" bw="10" slack="1"/>
<pin id="655" dir="1" index="1" bw="10" slack="1"/>
</pin_list>
<bind>
<opset="trunc_ln75 "/>
</bind>
</comp>

<comp id="658" class="1005" name="icmp_ln79_reg_658">
<pin_list>
<pin id="659" dir="0" index="0" bw="1" slack="1"/>
<pin id="660" dir="1" index="1" bw="1" slack="1"/>
</pin_list>
<bind>
<opset="icmp_ln79 "/>
</bind>
</comp>

<comp id="663" class="1005" name="add_ln77_reg_663">
<pin_list>
<pin id="664" dir="0" index="0" bw="10" slack="1"/>
<pin id="665" dir="1" index="1" bw="10" slack="1"/>
</pin_list>
<bind>
<opset="add_ln77 "/>
</bind>
</comp>

<comp id="668" class="1005" name="gmem_weight_addr_read_reg_668">
<pin_list>
<pin id="669" dir="0" index="0" bw="256" slack="1"/>
<pin id="670" dir="1" index="1" bw="256" slack="1"/>
</pin_list>
<bind>
<opset="gmem_weight_addr_read "/>
</bind>
</comp>

</comp_list>

<net_list>
<net id="129"><net_src comp="22" pin="0"/><net_sink comp="126" pin=0"/></net>

<net id="133"><net_src comp="22" pin="0"/><net_sink comp="130" pin=0"/></net>

<net id="137"><net_src comp="22" pin="0"/><net_sink comp="134" pin=0"/></net>

<net id="141"><net_src comp="22" pin="0"/><net_sink comp="138" pin=0"/></net>

<net id="145"><net_src comp="22" pin="0"/><net_sink comp="142" pin=0"/></net>

<net id="150"><net_src comp="24" pin="0"/><net_sink comp="146" pin=0"/></net>

<net id="151"><net_src comp="4" pin="0"/><net_sink comp="146" pin=1"/></net>

<net id="156"><net_src comp="26" pin="0"/><net_sink comp="152" pin=0"/></net>

<net id="157"><net_src comp="2" pin="0"/><net_sink comp="152" pin=1"/></net>

<net id="163"><net_src comp="106" pin="0"/><net_sink comp="158" pin=0"/></net>

<net id="164"><net_src comp="108" pin="0"/><net_sink comp="158" pin=2"/></net>

<net id="169"><net_src comp="120" pin="0"/><net_sink comp="165" pin=0"/></net>

<net id="175"><net_src comp="6" pin="0"/><net_sink comp="170" pin=0"/></net>

<net id="176"><net_src comp="124" pin="0"/><net_sink comp="170" pin=1"/></net>

<net id="182"><net_src comp="8" pin="0"/><net_sink comp="177" pin=0"/></net>

<net id="183"><net_src comp="124" pin="0"/><net_sink comp="177" pin=1"/></net>

<net id="189"><net_src comp="10" pin="0"/><net_sink comp="184" pin=0"/></net>

<net id="190"><net_src comp="124" pin="0"/><net_sink comp="184" pin=1"/></net>

<net id="196"><net_src comp="12" pin="0"/><net_sink comp="191" pin=0"/></net>

<net id="197"><net_src comp="124" pin="0"/><net_sink comp="191" pin=1"/></net>

<net id="203"><net_src comp="14" pin="0"/><net_sink comp="198" pin=0"/></net>

<net id="204"><net_src comp="124" pin="0"/><net_sink comp="198" pin=1"/></net>

<net id="210"><net_src comp="16" pin="0"/><net_sink comp="205" pin=0"/></net>

<net id="211"><net_src comp="124" pin="0"/><net_sink comp="205" pin=1"/></net>

<net id="217"><net_src comp="18" pin="0"/><net_sink comp="212" pin=0"/></net>

<net id="218"><net_src comp="124" pin="0"/><net_sink comp="212" pin=1"/></net>

<net id="224"><net_src comp="20" pin="0"/><net_sink comp="219" pin=0"/></net>

<net id="225"><net_src comp="124" pin="0"/><net_sink comp="219" pin=1"/></net>

<net id="231"><net_src comp="212" pin="3"/><net_sink comp="226" pin=0"/></net>

<net id="237"><net_src comp="205" pin="3"/><net_sink comp="232" pin=0"/></net>

<net id="243"><net_src comp="198" pin="3"/><net_sink comp="238" pin=0"/></net>

<net id="249"><net_src comp="191" pin="3"/><net_sink comp="244" pin=0"/></net>

<net id="255"><net_src comp="184" pin="3"/><net_sink comp="250" pin=0"/></net>

<net id="261"><net_src comp="177" pin="3"/><net_sink comp="256" pin=0"/></net>

<net id="267"><net_src comp="170" pin="3"/><net_sink comp="262" pin=0"/></net>

<net id="273"><net_src comp="219" pin="3"/><net_sink comp="268" pin=0"/></net>

<net id="283"><net_src comp="64" pin="0"/><net_sink comp="277" pin=0"/></net>

<net id="284"><net_src comp="277" pin="4"/><net_sink comp="274" pin=0"/></net>

<net id="294"><net_src comp="66" pin="0"/><net_sink comp="288" pin=0"/></net>

<net id="295"><net_src comp="64" pin="0"/><net_sink comp="288" pin=2"/></net>

<net id="301"><net_src comp="54" pin="0"/><net_sink comp="296" pin=0"/></net>

<net id="302"><net_src comp="146" pin="2"/><net_sink comp="296" pin=1"/></net>

<net id="303"><net_src comp="56" pin="0"/><net_sink comp="296" pin=2"/></net>

<net id="308"><net_src comp="40" pin="0"/><net_sink comp="304" pin=0"/></net>

<net id="313"><net_src comp="40" pin="0"/><net_sink comp="309" pin=0"/></net>

<net id="318"><net_src comp="58" pin="0"/><net_sink comp="314" pin=0"/></net>

<net id="323"><net_src comp="60" pin="0"/><net_sink comp="319" pin=0"/></net>

<net id="328"><net_src comp="62" pin="0"/><net_sink comp="324" pin=0"/></net>

<net id="342"><net_src comp="332" pin="1"/><net_sink comp="338" pin=0"/></net>

<net id="343"><net_src comp="68" pin="0"/><net_sink comp="338" pin=1"/></net>

<net id="348"><net_src comp="277" pin="4"/><net_sink comp="344" pin=0"/></net>

<net id="349"><net_src comp="288" pin="4"/><net_sink comp="344" pin=1"/></net>

<net id="355"><net_src comp="277" pin="4"/><net_sink comp="350" pin=0"/></net>

<net id="356"><net_src comp="338" pin="2"/><net_sink comp="350" pin=1"/></net>

<net id="357"><net_src comp="332" pin="1"/><net_sink comp="350" pin=2"/></net>

<net id="361"><net_src comp="350" pin="3"/><net_sink comp="358" pin=0"/></net>

<net id="366"><net_src comp="296" pin="3"/><net_sink comp="362" pin=0"/></net>

<net id="367"><net_src comp="358" pin="1"/><net_sink comp="362" pin=1"/></net>

<net id="372"><net_src comp="329" pin="1"/><net_sink comp="368" pin=0"/></net>

<net id="373"><net_src comp="70" pin="0"/><net_sink comp="368" pin=1"/></net>

<net id="377"><net_src comp="350" pin="3"/><net_sink comp="374" pin=0"/></net>

<net id="382"><net_src comp="335" pin="1"/><net_sink comp="378" pin=0"/></net>

<net id="383"><net_src comp="84" pin="0"/><net_sink comp="378" pin=1"/></net>

<net id="389"><net_src comp="277" pin="4"/><net_sink comp="384" pin=0"/></net>

<net id="390"><net_src comp="84" pin="0"/><net_sink comp="384" pin=1"/></net>

<net id="391"><net_src comp="378" pin="2"/><net_sink comp="384" pin=2"/></net>

<net id="396"><net_src comp="384" pin="3"/><net_sink comp="392" pin=0"/></net>

<net id="397"><net_src comp="86" pin="0"/><net_sink comp="392" pin=1"/></net>

<net id="402"><net_src comp="329" pin="1"/><net_sink comp="398" pin=0"/></net>

<net id="403"><net_src comp="88" pin="0"/><net_sink comp="398" pin=1"/></net>

<net id="408"><net_src comp="384" pin="3"/><net_sink comp="404" pin=0"/></net>

<net id="413"><net_src comp="350" pin="3"/><net_sink comp="409" pin=0"/></net>

<net id="418"><net_src comp="368" pin="2"/><net_sink comp="414" pin=0"/></net>

<net id="426"><net_src comp="419" pin="1"/><net_sink comp="422" pin=0"/></net>

<net id="427"><net_src comp="90" pin="0"/><net_sink comp="422" pin=1"/></net>

<net id="435"><net_src comp="428" pin="1"/><net_sink comp="431" pin=0"/></net>

<net id="442"><net_src comp="92" pin="0"/><net_sink comp="436" pin=0"/></net>

<net id="443"><net_src comp="431" pin="2"/><net_sink comp="436" pin=1"/></net>

<net id="444"><net_src comp="94" pin="0"/><net_sink comp="436" pin=2"/></net>

<net id="445"><net_src comp="96" pin="0"/><net_sink comp="436" pin=3"/></net>

<net id="453"><net_src comp="0" pin="0"/><net_sink comp="449" pin=0"/></net>

<net id="454"><net_src comp="446" pin="1"/><net_sink comp="449" pin=1"/></net>

<net id="455"><net_src comp="449" pin="2"/><net_sink comp="158" pin=1"/></net>

<net id="464"><net_src comp="274" pin="1"/><net_sink comp="459" pin=0"/></net>

<net id="465"><net_src comp="40" pin="0"/><net_sink comp="459" pin=1"/></net>

<net id="466"><net_src comp="456" pin="1"/><net_sink comp="459" pin=2"/></net>

<net id="470"><net_src comp="459" pin="3"/><net_sink comp="467" pin=0"/></net>

<net id="475"><net_src comp="459" pin="3"/><net_sink comp="471" pin=0"/></net>

<net id="476"><net_src comp="22" pin="0"/><net_sink comp="471" pin=1"/></net>

<net id="481"><net_src comp="471" pin="2"/><net_sink comp="477" pin=0"/></net>

<net id="482"><net_src comp="110" pin="0"/><net_sink comp="477" pin=1"/></net>

<net id="488"><net_src comp="477" pin="2"/><net_sink comp="483" pin=0"/></net>

<net id="489"><net_src comp="40" pin="0"/><net_sink comp="483" pin=1"/></net>

<net id="490"><net_src comp="471" pin="2"/><net_sink comp="483" pin=2"/></net>

<net id="495"><net_src comp="483" pin="3"/><net_sink comp="491" pin=0"/></net>

<net id="504"><net_src comp="274" pin="1"/><net_sink comp="499" pin=0"/></net>

<net id="505"><net_src comp="40" pin="0"/><net_sink comp="499" pin=1"/></net>

<net id="506"><net_src comp="496" pin="1"/><net_sink comp="499" pin=2"/></net>

<net id="510"><net_src comp="499" pin="3"/><net_sink comp="507" pin=0"/></net>

<net id="516"><net_src comp="112" pin="0"/><net_sink comp="511" pin=0"/></net>

<net id="517"><net_src comp="507" pin="1"/><net_sink comp="511" pin=1"/></net>

<net id="518"><net_src comp="114" pin="0"/><net_sink comp="511" pin=2"/></net>

<net id="522"><net_src comp="499" pin="3"/><net_sink comp="519" pin=0"/></net>

<net id="528"><net_src comp="116" pin="0"/><net_sink comp="523" pin=0"/></net>

<net id="529"><net_src comp="519" pin="1"/><net_sink comp="523" pin=1"/></net>

<net id="530"><net_src comp="118" pin="0"/><net_sink comp="523" pin=2"/></net>

<net id="535"><net_src comp="511" pin="3"/><net_sink comp="531" pin=0"/></net>

<net id="536"><net_src comp="523" pin="3"/><net_sink comp="531" pin=1"/></net>

<net id="541"><net_src comp="531" pin="2"/><net_sink comp="537" pin=0"/></net>

<net id="546"><net_src comp="499" pin="3"/><net_sink comp="542" pin=0"/></net>

<net id="547"><net_src comp="22" pin="0"/><net_sink comp="542" pin=1"/></net>

<net id="553"><net_src comp="542" pin="2"/><net_sink comp="548" pin=1"/></net>

<net id="554"><net_src comp="499" pin="3"/><net_sink comp="548" pin=2"/></net>

<net id="559"><net_src comp="548" pin="3"/><net_sink comp="555" pin=0"/></net>

<net id="563"><net_src comp="560" pin="1"/><net_sink comp="170" pin=2"/></net>

<net id="564"><net_src comp="560" pin="1"/><net_sink comp="177" pin=2"/></net>

<net id="565"><net_src comp="560" pin="1"/><net_sink comp="184" pin=2"/></net>

<net id="566"><net_src comp="560" pin="1"/><net_sink comp="191" pin=2"/></net>

<net id="567"><net_src comp="560" pin="1"/><net_sink comp="198" pin=2"/></net>

<net id="568"><net_src comp="560" pin="1"/><net_sink comp="205" pin=2"/></net>

<net id="569"><net_src comp="560" pin="1"/><net_sink comp="212" pin=2"/></net>

<net id="570"><net_src comp="560" pin="1"/><net_sink comp="219" pin=2"/></net>

<net id="574"><net_src comp="126" pin="1"/><net_sink comp="571" pin=0"/></net>

<net id="575"><net_src comp="571" pin="1"/><net_sink comp="324" pin=1"/></net>

<net id="576"><net_src comp="571" pin="1"/><net_sink comp="329" pin=0"/></net>

<net id="577"><net_src comp="571" pin="1"/><net_sink comp="414" pin=1"/></net>

<net id="581"><net_src comp="130" pin="1"/><net_sink comp="578" pin=0"/></net>

<net id="582"><net_src comp="578" pin="1"/><net_sink comp="319" pin=1"/></net>

<net id="583"><net_src comp="578" pin="1"/><net_sink comp="332" pin=0"/></net>

<net id="584"><net_src comp="578" pin="1"/><net_sink comp="409" pin=1"/></net>

<net id="588"><net_src comp="134" pin="1"/><net_sink comp="585" pin=0"/></net>

<net id="589"><net_src comp="585" pin="1"/><net_sink comp="314" pin=1"/></net>

<net id="590"><net_src comp="585" pin="1"/><net_sink comp="335" pin=0"/></net>

<net id="591"><net_src comp="585" pin="1"/><net_sink comp="404" pin=1"/></net>

<net id="595"><net_src comp="138" pin="1"/><net_sink comp="592" pin=0"/></net>

<net id="596"><net_src comp="592" pin="1"/><net_sink comp="309" pin=1"/></net>

<net id="597"><net_src comp="592" pin="1"/><net_sink comp="456" pin=0"/></net>

<net id="598"><net_src comp="592" pin="1"/><net_sink comp="491" pin=1"/></net>

<net id="602"><net_src comp="142" pin="1"/><net_sink comp="599" pin=0"/></net>

<net id="603"><net_src comp="599" pin="1"/><net_sink comp="304" pin=1"/></net>

<net id="604"><net_src comp="599" pin="1"/><net_sink comp="496" pin=0"/></net>

<net id="605"><net_src comp="599" pin="1"/><net_sink comp="555" pin=1"/></net>

<net id="609"><net_src comp="146" pin="2"/><net_sink comp="606" pin=0"/></net>

<net id="613"><net_src comp="152" pin="2"/><net_sink comp="610" pin=0"/></net>

<net id="614"><net_src comp="610" pin="1"/><net_sink comp="431" pin=1"/></net>

<net id="618"><net_src comp="344" pin="2"/><net_sink comp="615" pin=0"/></net>

<net id="622"><net_src comp="362" pin="2"/><net_sink comp="619" pin=0"/></net>

<net id="623"><net_src comp="619" pin="1"/><net_sink comp="419" pin=0"/></net>

<net id="627"><net_src comp="374" pin="1"/><net_sink comp="624" pin=0"/></net>

<net id="631"><net_src comp="392" pin="2"/><net_sink comp="628" pin=0"/></net>

<net id="632"><net_src comp="628" pin="1"/><net_sink comp="277" pin=2"/></net>

<net id="636"><net_src comp="398" pin="2"/><net_sink comp="633" pin=0"/></net>

<net id="640"><net_src comp="422" pin="2"/><net_sink comp="637" pin=0"/></net>

<net id="641"><net_src comp="637" pin="1"/><net_sink comp="428" pin=0"/></net>

<net id="645"><net_src comp="436" pin="4"/><net_sink comp="642" pin=0"/></net>

<net id="646"><net_src comp="642" pin="1"/><net_sink comp="446" pin=0"/></net>

<net id="650"><net_src comp="449" pin="2"/><net_sink comp="647" pin=0"/></net>

<net id="651"><net_src comp="647" pin="1"/><net_sink comp="158" pin=1"/></net>

<net id="652"><net_src comp="647" pin="1"/><net_sink comp="165" pin=1"/></net>

<net id="656"><net_src comp="467" pin="1"/><net_sink comp="653" pin=0"/></net>

<net id="657"><net_src comp="653" pin="1"/><net_sink comp="537" pin=1"/></net>

<net id="661"><net_src comp="477" pin="2"/><net_sink comp="658" pin=0"/></net>

<net id="662"><net_src comp="658" pin="1"/><net_sink comp="548" pin=0"/></net>

<net id="666"><net_src comp="537" pin="2"/><net_sink comp="663" pin=0"/></net>

<net id="667"><net_src comp="663" pin="1"/><net_sink comp="560" pin=0"/></net>

<net id="671"><net_src comp="165" pin="2"/><net_sink comp="668" pin=0"/></net>

<net id="672"><net_src comp="668" pin="1"/><net_sink comp="226" pin=1"/></net>

<net id="673"><net_src comp="668" pin="1"/><net_sink comp="232" pin=1"/></net>

<net id="674"><net_src comp="668" pin="1"/><net_sink comp="238" pin=1"/></net>

<net id="675"><net_src comp="668" pin="1"/><net_sink comp="244" pin=1"/></net>

<net id="676"><net_src comp="668" pin="1"/><net_sink comp="250" pin=1"/></net>

<net id="677"><net_src comp="668" pin="1"/><net_sink comp="256" pin=1"/></net>

<net id="678"><net_src comp="668" pin="1"/><net_sink comp="262" pin=1"/></net>

<net id="679"><net_src comp="668" pin="1"/><net_sink comp="268" pin=1"/></net>

</net_list>

</model> 
---------------- Datapath Model END ------------------

* FSMD analyzer results:
  - Output states:
	Port: gmem_weight | {}
	Port: wbuf_0 | {13 }
	Port: wbuf_1 | {13 }
	Port: wbuf_2 | {13 }
	Port: wbuf_3 | {13 }
	Port: wbuf_4 | {13 }
	Port: wbuf_5 | {13 }
	Port: wbuf_6 | {13 }
	Port: wbuf_7 | {13 }
 - Input state : 
	Port: uc_load_tile<8, 480, 60> : gmem_weight | {4 5 6 7 8 9 10 11 12 }
	Port: uc_load_tile<8, 480, 60> : W_ptr | {1 }
	Port: uc_load_tile<8, 480, 60> : tile | {1 }
  - Chain level:
	State 1
		store_ln0 : 1
		store_ln0 : 1
		store_ln0 : 1
		store_ln0 : 1
		store_ln0 : 1
		icmp_ln7554 : 1
		first_iter_050 : 1
		indvar_flatten48_load : 1
		tc49_load : 1
		kci51_load : 1
		add_ln71_2 : 2
		or_ln71 : 2
		tc : 3
		zext_ln71 : 4
		add_ln71 : 5
		add_ln71_3 : 2
		br_ln75 : 2
		trunc_ln71 : 4
		switch_ln77 : 5
		add_ln75 : 2
		kci : 3
		icmp_ln75 : 4
		icmp_ln71 : 2
		store_ln75 : 4
		store_ln71 : 4
		store_ln71 : 3
		br_ln71 : 3
	State 2
		mul_ln71 : 1
	State 3
		add_ln71_1 : 1
		trunc_ln : 2
	State 4
		gmem_weight_addr : 1
		empty : 2
	State 5
	State 6
	State 7
	State 8
	State 9
	State 10
	State 11
		select_ln71_1 : 1
		trunc_ln75 : 2
		ci_cnt_1 : 2
		icmp_ln79 : 3
		ci_cnt : 4
		store_ln79 : 5
	State 12
		select_ln71_2 : 1
		trunc_ln77 : 2
		p_shl : 3
		trunc_ln77_1 : 2
		p_shl1 : 3
		sub_ln77 : 4
		add_ln77 : 5
		add_ln79 : 2
		k_cnt : 3
		store_ln79 : 4
	State 13
		wbuf_0_addr : 1
		wbuf_1_addr : 1
		wbuf_2_addr : 1
		wbuf_3_addr : 1
		wbuf_4_addr : 1
		wbuf_5_addr : 1
		wbuf_6_addr : 1
		wbuf_7_addr : 1
		store_ln77 : 2
		store_ln77 : 2
		store_ln77 : 2
		store_ln77 : 2
		store_ln77 : 2
		store_ln77 : 2
		store_ln77 : 2
		store_ln77 : 2


============================================================
+ Verbose Summary: Datapath Resource usage 
============================================================

* Functional unit list:
|----------|-----------------------------------|---------|---------|---------|
| Operation|          Functional Unit          |   DSP   |    FF   |   LUT   |
|----------|-----------------------------------|---------|---------|---------|
|          |         add_ln71_2_fu_338         |    0    |    0    |    12   |
|          |          add_ln71_fu_362          |    0    |    0    |    16   |
|          |         add_ln71_3_fu_368         |    0    |    0    |    20   |
|    add   |          add_ln75_fu_378          |    0    |    0    |    17   |
|          |         add_ln71_1_fu_431         |    0    |    0    |    71   |
|          |          ci_cnt_1_fu_471          |    0    |    0    |    39   |
|          |          add_ln77_fu_537          |    0    |    0    |    18   |
|          |          add_ln79_fu_542          |    0    |    0    |    39   |
|----------|-----------------------------------|---------|---------|---------|
|          |             tc_fu_350             |    0    |    0    |    4    |
|          |             kci_fu_384            |    0    |    0    |    10   |
|  select  |        select_ln71_1_fu_459       |    0    |    0    |    32   |
|          |           ci_cnt_fu_483           |    0    |    0    |    32   |
|          |        select_ln71_2_fu_499       |    0    |    0    |    32   |
|          |            k_cnt_fu_548           |    0    |    0    |    32   |
|----------|-----------------------------------|---------|---------|---------|
|          |          icmp_ln75_fu_392         |    0    |    0    |    17   |
|   icmp   |          icmp_ln71_fu_398         |    0    |    0    |    20   |
|          |          icmp_ln79_fu_477         |    0    |    0    |    39   |
|----------|-----------------------------------|---------|---------|---------|
|    sub   |          sub_ln77_fu_531          |    0    |    0    |    18   |
|----------|-----------------------------------|---------|---------|---------|
|    mul   |          mul_ln71_fu_422          |    1    |    0    |    5    |
|----------|-----------------------------------|---------|---------|---------|
|    or    |           or_ln71_fu_344          |    0    |    0    |    2    |
|----------|-----------------------------------|---------|---------|---------|
|          |       tile_read_read_fu_146       |    0    |    0    |    0    |
|   read   |       W_ptr_read_read_fu_152      |    0    |    0    |    0    |
|          | gmem_weight_addr_read_read_fu_165 |    0    |    0    |    0    |
|----------|-----------------------------------|---------|---------|---------|
|  readreq |         grp_readreq_fu_158        |    0    |    0    |    0    |
|----------|-----------------------------------|---------|---------|---------|
|          |           co_base_fu_296          |    0    |    0    |    0    |
|bitconcatenate|            p_shl_fu_511           |    0    |    0    |    0    |
|          |           p_shl1_fu_523           |    0    |    0    |    0    |
|----------|-----------------------------------|---------|---------|---------|
|          |          zext_ln71_fu_358         |    0    |    0    |    0    |
|   zext   |         zext_ln71_1_fu_419        |    0    |    0    |    0    |
|          |         zext_ln71_2_fu_428        |    0    |    0    |    0    |
|          |          zext_ln77_fu_560         |    0    |    0    |    0    |
|----------|-----------------------------------|---------|---------|---------|
|          |         trunc_ln71_fu_374         |    0    |    0    |    0    |
|   trunc  |         trunc_ln75_fu_467         |    0    |    0    |    0    |
|          |         trunc_ln77_fu_507         |    0    |    0    |    0    |
|          |        trunc_ln77_1_fu_519        |    0    |    0    |    0    |
|----------|-----------------------------------|---------|---------|---------|
|partselect|          trunc_ln_fu_436          |    0    |    0    |    0    |
|----------|-----------------------------------|---------|---------|---------|
|   sext   |          sext_ln75_fu_446         |    0    |    0    |    0    |
|----------|-----------------------------------|---------|---------|---------|
|   Total  |                                   |    1    |    0    |   475   |
|----------|-----------------------------------|---------|---------|---------|

Memories:
N/A

* Register list:
+-----------------------------+--------+
|                             |   FF   |
+-----------------------------+--------+
|      W_ptr_read_reg_610     |   64   |
|       add_ln71_reg_619      |    9   |
|       add_ln77_reg_663      |   10   |
|       ci_cnt52_reg_592      |   32   |
|    first_iter_050_reg_285   |    1   |
|gmem_weight_addr_read_reg_668|   256  |
|   gmem_weight_addr_reg_647  |   256  |
|      icmp_ln71_reg_633      |    1   |
|     icmp_ln7554_reg_274     |    1   |
|      icmp_ln75_reg_628      |    1   |
|      icmp_ln79_reg_658      |    1   |
|   indvar_flatten48_reg_571  |   13   |
|       k_cnt53_reg_599       |   32   |
|        kci51_reg_585        |   10   |
|       mul_ln71_reg_637      |   24   |
|       or_ln71_reg_615       |    1   |
|         tc49_reg_578        |    4   |
|      tile_read_reg_606      |    6   |
|      trunc_ln71_reg_624     |    3   |
|      trunc_ln75_reg_653     |   10   |
|       trunc_ln_reg_642      |   59   |
+-----------------------------+--------+
|            Total            |   794  |
+-----------------------------+--------+

* Multiplexer (MUX) list: 
|--------------------|------|------|------|--------||---------||---------||---------|
|        Comp        |  Pin | Size |  BW  | S x BW ||  Delay  ||    FF   ||   LUT   |
|--------------------|------|------|------|--------||---------||---------||---------|
| grp_readreq_fu_158 |  p1  |   2  |  256 |   512  ||    0    ||    9    |
|--------------------|------|------|------|--------||---------||---------||---------|
|        Total       |      |      |      |   512  ||  0.427  ||    0    ||    9    |
|--------------------|------|------|------|--------||---------||---------||---------|



* Summary:
+-----------+--------+--------+--------+--------+
|           |   DSP  |  Delay |   FF   |   LUT  |
+-----------+--------+--------+--------+--------+
|  Function |    1   |    -   |    0   |   475  |
|   Memory  |    -   |    -   |    -   |    -   |
|Multiplexer|    -   |    0   |    0   |    9   |
|  Register |    -   |    -   |   794  |    -   |
+-----------+--------+--------+--------+--------+
|   Total   |    1   |    0   |   794  |   484  |
+-----------+--------+--------+--------+--------+
