

================================================================
== Vitis HLS Report for 'UpConv_Fused_Row_8_16_16_960_480_Pipeline_PIXEL_NORM'
================================================================
* Date:           Thu Jun 18 11:44:33 2026

* Version:        2024.2 (Build 5238294 on Nov  8 2024)
* Project:        upconv_block0
* Solution:       hls (Vivado IP Flow Target)
* Product family: zynquplus
* Target device:  xczu7ev-ffvc1156-2-e


================================================================
== Performance Estimates
================================================================
+ Timing: 
    * Summary: 
    +--------+---------+----------+------------+
    |  Clock |  Target | Estimated| Uncertainty|
    +--------+---------+----------+------------+
    |ap_clk  |  3.33 ns|  2.433 ns|     0.90 ns|
    +--------+---------+----------+------------+

+ Latency: 
    * Summary: 
    +---------+---------+----------+----------+-----+-----+------------------------------------------------+
    |  Latency (cycles) |  Latency (absolute) |  Interval |                    Pipeline                    |
    |   min   |   max   |    min   |    max   | min | max |                      Type                      |
    +---------+---------+----------+----------+-----+-----+------------------------------------------------+
    |      990|      990|  3.300 us|  3.300 us|  961|  961|  loop auto-rewind stp (delay=0 clock cycles(s))|
    +---------+---------+----------+----------+-----+-----+------------------------------------------------+

    + Detail: 
        * Instance: 
        N/A

        * Loop: 
        +--------------+---------+---------+----------+-----------+-----------+------+----------+
        |              |  Latency (cycles) | Iteration|  Initiation Interval  | Trip |          |
        |   Loop Name  |   min   |   max   |  Latency |  achieved |   target  | Count| Pipelined|
        +--------------+---------+---------+----------+-----------+-----------+------+----------+
        |- PIXEL_NORM  |      988|      988|        30|          1|          1|   960|       yes|
        +--------------+---------+---------+----------+-----------+-----------+------+----------+

============================================================
+ Verbose Summary: Synthesis Manager
============================================================
InlineROM: 1
ExposeGlobal: 0
============================================================
+ Verbose Summary: CDFG Model
============================================================
IsTopModel: 0
ResetActiveHigh: 1
IsCombinational: 0
IsDatapathOnly: 0
HasWiredReturn: 1
HasMFsm: 2
HasVarLatency: 1
IsPipeline: 0
IsRtlPipelined: 0
IsInstanceOverlapped: 0
IsDontTouch: 0
HasImplIP: 0
IsGatedGlobalClock: 0

+ Individual pipeline summary: 
  * Pipeline-0: initiation interval (II) = 1, depth = 31


============================================================
+ Verbose Summary: Schedule
============================================================
* Number of FSM states : 31
* Pipeline : 1
  Pipeline-0 : II = 1, D = 31, States = { 1 2 3 4 5 6 7 8 9 10 11 12 13 14 15 16 17 18 19 20 21 22 23 24 25 26 27 28 29 30 31 }
* Dataflow Pipeline: 0

* FSM state transitions: 
1 --> 2 
2 --> 3 
3 --> 4 
4 --> 5 
5 --> 6 
6 --> 7 
7 --> 8 
8 --> 9 
9 --> 10 
10 --> 11 
11 --> 12 
12 --> 13 
13 --> 14 
14 --> 15 
15 --> 16 
16 --> 17 
17 --> 18 
18 --> 19 
19 --> 20 
20 --> 21 
21 --> 22 
22 --> 23 
23 --> 24 
24 --> 25 
25 --> 26 
26 --> 27 
27 --> 28 
28 --> 29 
29 --> 30 
30 --> 31 
31 --> 

* FSM state operations: 

State 1 <SV = 0> <Delay = 0.42>
ST_1 : Operation 33 [1/1] (0.00ns)   --->   "%wn = alloca i32 1" [../gen/Hls_Layers_UpConv.tpp:257]   --->   Operation 33 'alloca' 'wn' <Predicate = true> <Delay = 0.00>
ST_1 : Operation 34 [1/1] (0.00ns)   --->   "%cwn = alloca i32 1" [../gen/Hls_Layers_UpConv.tpp:257]   --->   Operation 34 'alloca' 'cwn' <Predicate = true> <Delay = 0.00>
ST_1 : Operation 35 [1/1] (0.00ns)   --->   "%m_3 = alloca i32 1" [../gen/Hls_Layers_UpConv.tpp:258]   --->   Operation 35 'alloca' 'm_3' <Predicate = true> <Delay = 0.00>
ST_1 : Operation 36 [1/1] (0.00ns)   --->   "%Y_read = read i64 @_ssdm_op_Read.ap_auto.i64, i64 %Y"   --->   Operation 36 'read' 'Y_read' <Predicate = true> <Delay = 0.00>
ST_1 : Operation 37 [1/1] (0.00ns)   --->   "%zext_ln258_read = read i10 @_ssdm_op_Read.ap_auto.i10, i10 %zext_ln258"   --->   Operation 37 'read' 'zext_ln258_read' <Predicate = true> <Delay = 0.00>
ST_1 : Operation 38 [1/1] (0.00ns)   --->   "%zext_ln258_cast = zext i10 %zext_ln258_read"   --->   Operation 38 'zext' 'zext_ln258_cast' <Predicate = true> <Delay = 0.00>
ST_1 : Operation 39 [1/1] (0.00ns)   --->   "%specmemcore_ln0 = specmemcore void @_ssdm_op_SpecMemCore, i16 %inv_buf, i64 666, i64 23, i64 18446744073709551615"   --->   Operation 39 'specmemcore' 'specmemcore_ln0' <Predicate = true> <Delay = 0.00>
ST_1 : Operation 40 [1/1] (0.00ns)   --->   "%specmemcore_ln0 = specmemcore void @_ssdm_op_SpecMemCore, i32 %mean_buf, i64 666, i64 23, i64 18446744073709551615"   --->   Operation 40 'specmemcore' 'specmemcore_ln0' <Predicate = true> <Delay = 0.00>
ST_1 : Operation 41 [1/1] (0.00ns)   --->   "%specmemcore_ln0 = specmemcore void @_ssdm_op_SpecMemCore, i256 %be_buf, i64 666, i64 30, i64 18446744073709551615"   --->   Operation 41 'specmemcore' 'specmemcore_ln0' <Predicate = true> <Delay = 0.00>
ST_1 : Operation 42 [1/1] (0.00ns)   --->   "%specmemcore_ln0 = specmemcore void @_ssdm_op_SpecMemCore, i256 %g_buf, i64 666, i64 30, i64 18446744073709551615"   --->   Operation 42 'specmemcore' 'specmemcore_ln0' <Predicate = true> <Delay = 0.00>
ST_1 : Operation 43 [1/1] (0.00ns)   --->   "%specmemcore_ln0 = specmemcore void @_ssdm_op_SpecMemCore, i16 %void_UpConv_Fused_Row_ap_uint_ap_uint_const_ap_uint_const_ap_uint_const_ap_u_9, i64 666, i64 31, i64 18446744073709551615"   --->   Operation 43 'specmemcore' 'specmemcore_ln0' <Predicate = true> <Delay = 0.00>
ST_1 : Operation 44 [1/1] (0.00ns)   --->   "%specmemcore_ln0 = specmemcore void @_ssdm_op_SpecMemCore, i16 %void_UpConv_Fused_Row_ap_uint_ap_uint_const_ap_uint_const_ap_uint_const_ap_u_8, i64 666, i64 31, i64 18446744073709551615"   --->   Operation 44 'specmemcore' 'specmemcore_ln0' <Predicate = true> <Delay = 0.00>
ST_1 : Operation 45 [1/1] (0.00ns)   --->   "%specmemcore_ln0 = specmemcore void @_ssdm_op_SpecMemCore, i16 %void_UpConv_Fused_Row_ap_uint_ap_uint_const_ap_uint_const_ap_uint_const_ap_u_7, i64 666, i64 31, i64 18446744073709551615"   --->   Operation 45 'specmemcore' 'specmemcore_ln0' <Predicate = true> <Delay = 0.00>
ST_1 : Operation 46 [1/1] (0.00ns)   --->   "%specmemcore_ln0 = specmemcore void @_ssdm_op_SpecMemCore, i16 %void_UpConv_Fused_Row_ap_uint_ap_uint_const_ap_uint_const_ap_uint_const_ap_u_6, i64 666, i64 31, i64 18446744073709551615"   --->   Operation 46 'specmemcore' 'specmemcore_ln0' <Predicate = true> <Delay = 0.00>
ST_1 : Operation 47 [1/1] (0.00ns)   --->   "%specmemcore_ln0 = specmemcore void @_ssdm_op_SpecMemCore, i16 %void_UpConv_Fused_Row_ap_uint_ap_uint_const_ap_uint_const_ap_uint_const_ap_u_5, i64 666, i64 31, i64 18446744073709551615"   --->   Operation 47 'specmemcore' 'specmemcore_ln0' <Predicate = true> <Delay = 0.00>
ST_1 : Operation 48 [1/1] (0.00ns)   --->   "%specmemcore_ln0 = specmemcore void @_ssdm_op_SpecMemCore, i16 %void_UpConv_Fused_Row_ap_uint_ap_uint_const_ap_uint_const_ap_uint_const_ap_u_4, i64 666, i64 31, i64 18446744073709551615"   --->   Operation 48 'specmemcore' 'specmemcore_ln0' <Predicate = true> <Delay = 0.00>
ST_1 : Operation 49 [1/1] (0.00ns)   --->   "%specmemcore_ln0 = specmemcore void @_ssdm_op_SpecMemCore, i16 %void_UpConv_Fused_Row_ap_uint_ap_uint_const_ap_uint_const_ap_uint_const_ap_u_3, i64 666, i64 31, i64 18446744073709551615"   --->   Operation 49 'specmemcore' 'specmemcore_ln0' <Predicate = true> <Delay = 0.00>
ST_1 : Operation 50 [1/1] (0.00ns)   --->   "%specmemcore_ln0 = specmemcore void @_ssdm_op_SpecMemCore, i16 %void_UpConv_Fused_Row_ap_uint_ap_uint_const_ap_uint_const_ap_uint_const_ap_u_2, i64 666, i64 31, i64 18446744073709551615"   --->   Operation 50 'specmemcore' 'specmemcore_ln0' <Predicate = true> <Delay = 0.00>
ST_1 : Operation 51 [1/1] (0.00ns)   --->   "%specmemcore_ln0 = specmemcore void @_ssdm_op_SpecMemCore, i16 %void_UpConv_Fused_Row_ap_uint_ap_uint_const_ap_uint_const_ap_uint_const_ap_u_1, i64 666, i64 31, i64 18446744073709551615"   --->   Operation 51 'specmemcore' 'specmemcore_ln0' <Predicate = true> <Delay = 0.00>
ST_1 : Operation 52 [1/1] (0.00ns)   --->   "%specmemcore_ln0 = specmemcore void @_ssdm_op_SpecMemCore, i16 %void_UpConv_Fused_Row_ap_uint_ap_uint_const_ap_uint_const_ap_uint_const_ap_u, i64 666, i64 31, i64 18446744073709551615"   --->   Operation 52 'specmemcore' 'specmemcore_ln0' <Predicate = true> <Delay = 0.00>
ST_1 : Operation 53 [1/1] (0.00ns)   --->   "%specmemcore_ln0 = specmemcore void @_ssdm_op_SpecMemCore, i16 %p_ZZ16UpConv_Fused_RowILi8ELi16ELi16ELi960ELi480EEvP7ap_uintILi256EEPKS1_S4_S4_S4_5, i64 666, i64 31, i64 18446744073709551615"   --->   Operation 53 'specmemcore' 'specmemcore_ln0' <Predicate = true> <Delay = 0.00>
ST_1 : Operation 54 [1/1] (0.00ns)   --->   "%specmemcore_ln0 = specmemcore void @_ssdm_op_SpecMemCore, i16 %p_ZZ16UpConv_Fused_RowILi8ELi16ELi16ELi960ELi480EEvP7ap_uintILi256EEPKS1_S4_S4_S4_4, i64 666, i64 31, i64 18446744073709551615"   --->   Operation 54 'specmemcore' 'specmemcore_ln0' <Predicate = true> <Delay = 0.00>
ST_1 : Operation 55 [1/1] (0.00ns)   --->   "%specmemcore_ln0 = specmemcore void @_ssdm_op_SpecMemCore, i16 %p_ZZ16UpConv_Fused_RowILi8ELi16ELi16ELi960ELi480EEvP7ap_uintILi256EEPKS1_S4_S4_S4_3, i64 666, i64 31, i64 18446744073709551615"   --->   Operation 55 'specmemcore' 'specmemcore_ln0' <Predicate = true> <Delay = 0.00>
ST_1 : Operation 56 [1/1] (0.00ns)   --->   "%specmemcore_ln0 = specmemcore void @_ssdm_op_SpecMemCore, i16 %p_ZZ16UpConv_Fused_RowILi8ELi16ELi16ELi960ELi480EEvP7ap_uintILi256EEPKS1_S4_S4_S4_2, i64 666, i64 31, i64 18446744073709551615"   --->   Operation 56 'specmemcore' 'specmemcore_ln0' <Predicate = true> <Delay = 0.00>
ST_1 : Operation 57 [1/1] (0.00ns)   --->   "%specmemcore_ln0 = specmemcore void @_ssdm_op_SpecMemCore, i16 %p_ZZ16UpConv_Fused_RowILi8ELi16ELi16ELi960ELi480EEvP7ap_uintILi256EEPKS1_S4_S4_S4_1, i64 666, i64 31, i64 18446744073709551615"   --->   Operation 57 'specmemcore' 'specmemcore_ln0' <Predicate = true> <Delay = 0.00>
ST_1 : Operation 58 [1/1] (0.00ns)   --->   "%specmemcore_ln0 = specmemcore void @_ssdm_op_SpecMemCore, i16 %p_ZZ16UpConv_Fused_RowILi8ELi16ELi16ELi960ELi480EEvP7ap_uintILi256EEPKS1_S4_S4_S4, i64 666, i64 31, i64 18446744073709551615"   --->   Operation 58 'specmemcore' 'specmemcore_ln0' <Predicate = true> <Delay = 0.00>
ST_1 : Operation 59 [1/1] (0.00ns)   --->   "%specinterface_ln0 = specinterface void @_ssdm_op_SpecInterface, i256 %gmem_out, void @empty_109, i32 0, i32 0, void @empty_65, i32 0, i32 0, void @empty_136, void @empty_67, void @empty_65, i32 16, i32 16, i32 16, i32 64, void @empty_65, void @empty_65, i32 4294967295, i32 0, i32 0"   --->   Operation 59 'specinterface' 'specinterface_ln0' <Predicate = true> <Delay = 0.00>
ST_1 : Operation 60 [1/1] (0.42ns)   --->   "%store_ln258 = store i10 0, i10 %m_3" [../gen/Hls_Layers_UpConv.tpp:258]   --->   Operation 60 'store' 'store_ln258' <Predicate = true> <Delay = 0.42>
ST_1 : Operation 61 [1/1] (0.42ns)   --->   "%store_ln257 = store i32 0, i32 %cwn" [../gen/Hls_Layers_UpConv.tpp:257]   --->   Operation 61 'store' 'store_ln257' <Predicate = true> <Delay = 0.42>
ST_1 : Operation 62 [1/1] (0.42ns)   --->   "%store_ln257 = store i32 0, i32 %wn" [../gen/Hls_Layers_UpConv.tpp:257]   --->   Operation 62 'store' 'store_ln257' <Predicate = true> <Delay = 0.42>
ST_1 : Operation 63 [1/1] (0.00ns)   --->   "%br_ln0 = br void %VITIS_LOOP_263_3"   --->   Operation 63 'br' 'br_ln0' <Predicate = true> <Delay = 0.00>

State 2 <SV = 1> <Delay = 1.89>
ST_2 : Operation 64 [1/1] (0.00ns)   --->   "%m = load i10 %m_3" [../gen/Hls_Layers_UpConv.tpp:258]   --->   Operation 64 'load' 'm' <Predicate = true> <Delay = 0.00>
ST_2 : Operation 65 [1/1] (0.78ns)   --->   "%icmp_ln258 = icmp_eq  i10 %m, i10 960" [../gen/Hls_Layers_UpConv.tpp:258]   --->   Operation 65 'icmp' 'icmp_ln258' <Predicate = true> <Delay = 0.78> <CoreInst = "Cmp">   --->   Core 9 'Cmp' <Latency = 0> <II = 1> <Delay = 0.78> <FuncUnit> <Opcode : 'seteq' 'setne' 'setle' 'setge' 'setlt' 'setgt'> <InPorts = 2> <OutPorts = 1>
ST_2 : Operation 66 [1/1] (0.78ns)   --->   "%m_4 = add i10 %m, i10 1" [../gen/Hls_Layers_UpConv.tpp:258]   --->   Operation 66 'add' 'm_4' <Predicate = true> <Delay = 0.78> <CoreInst = "Adder">   --->   Core 1 'Adder' <Latency = 0> <II = 1> <Delay = 0.78> <FuncUnit> <Opcode : 'add' 'sub'> <InPorts = 2> <OutPorts = 1>
ST_2 : Operation 67 [1/1] (0.00ns)   --->   "%br_ln258 = br i1 %icmp_ln258, void %VITIS_LOOP_263_3.split_ifconv, void %for.end185.exitStub" [../gen/Hls_Layers_UpConv.tpp:258]   --->   Operation 67 'br' 'br_ln258' <Predicate = true> <Delay = 0.00>
ST_2 : Operation 68 [1/1] (0.00ns)   --->   "%wn_load = load i32 %wn" [../gen/Hls_Layers_UpConv.tpp:266]   --->   Operation 68 'load' 'wn_load' <Predicate = (!icmp_ln258)> <Delay = 0.00>
ST_2 : Operation 69 [1/1] (0.00ns)   --->   "%cwn_load = load i32 %cwn"   --->   Operation 69 'load' 'cwn_load' <Predicate = (!icmp_ln258)> <Delay = 0.00>
ST_2 : Operation 70 [1/1] (0.00ns)   --->   "%trunc_ln258 = trunc i32 %cwn_load" [../gen/Hls_Layers_UpConv.tpp:258]   --->   Operation 70 'trunc' 'trunc_ln258' <Predicate = (!icmp_ln258)> <Delay = 0.00>
ST_2 : Operation 71 [1/1] (0.00ns)   --->   "%zext_ln260 = zext i32 %wn_load" [../gen/Hls_Layers_UpConv.tpp:260]   --->   Operation 71 'zext' 'zext_ln260' <Predicate = (!icmp_ln258)> <Delay = 0.00>
ST_2 : Operation 72 [1/1] (0.00ns)   --->   "%trunc_ln266 = trunc i32 %wn_load" [../gen/Hls_Layers_UpConv.tpp:266]   --->   Operation 72 'trunc' 'trunc_ln266' <Predicate = (!icmp_ln258)> <Delay = 0.00>
ST_2 : Operation 73 [1/1] (0.00ns)   --->   "%p_shl = bitconcatenate i10 @_ssdm_op_BitConcatenate.i10.i5.i5, i5 %trunc_ln266, i5 0" [../gen/Hls_Layers_UpConv.tpp:266]   --->   Operation 73 'bitconcatenate' 'p_shl' <Predicate = (!icmp_ln258)> <Delay = 0.00>
ST_2 : Operation 74 [1/1] (0.00ns)   --->   "%trunc_ln266_1 = trunc i32 %wn_load" [../gen/Hls_Layers_UpConv.tpp:266]   --->   Operation 74 'trunc' 'trunc_ln266_1' <Predicate = (!icmp_ln258)> <Delay = 0.00>
ST_2 : Operation 75 [1/1] (0.00ns)   --->   "%p_shl5 = bitconcatenate i10 @_ssdm_op_BitConcatenate.i10.i9.i1, i9 %trunc_ln266_1, i1 0" [../gen/Hls_Layers_UpConv.tpp:266]   --->   Operation 75 'bitconcatenate' 'p_shl5' <Predicate = (!icmp_ln258)> <Delay = 0.00>
ST_2 : Operation 76 [1/1] (0.00ns) (grouped into TernaryAdder)   --->   "%sub_ln266 = sub i10 %p_shl, i10 %p_shl5" [../gen/Hls_Layers_UpConv.tpp:266]   --->   Operation 76 'sub' 'sub_ln266' <Predicate = (!icmp_ln258)> <Delay = 0.00> <CoreInst = "TAddSub">   --->   Core 10 'TAddSub' <Latency = 0> <II = 1> <Delay = 0.36> <IPBlock> <Opcode : '' 'add' 'sub'> <InPorts = 3> <OutPorts = 1> <Sync> <CReg>
ST_2 : Operation 77 [1/1] (0.00ns)   --->   "%mean_buf_addr = getelementptr i32 %mean_buf, i64 0, i64 %zext_ln260" [../gen/Hls_Layers_UpConv.tpp:260]   --->   Operation 77 'getelementptr' 'mean_buf_addr' <Predicate = (!icmp_ln258)> <Delay = 0.00>
ST_2 : Operation 78 [2/2] (0.67ns)   --->   "%mean_buf_load = load i5 %mean_buf_addr" [../gen/Hls_Layers_UpConv.tpp:260]   --->   Operation 78 'load' 'mean_buf_load' <Predicate = (!icmp_ln258)> <Delay = 0.67> <CoreInst = "RAM_2P_LUTRAM">   --->   Core 92 'RAM_2P_LUTRAM' <Latency = 1> <II = 1> <Delay = 0.67> <Storage> <Opcode : 'load' 'store'> <Ports = 2> <Width = 32> <Depth = 32> <RAM>
ST_2 : Operation 79 [1/1] (0.00ns)   --->   "%empty = trunc i32 %cwn_load"   --->   Operation 79 'trunc' 'empty' <Predicate = (!icmp_ln258)> <Delay = 0.00>
ST_2 : Operation 80 [1/1] (0.96ns) (root node of TernaryAdder)   --->   "%add_ln266 = add i10 %sub_ln266, i10 %trunc_ln258" [../gen/Hls_Layers_UpConv.tpp:266]   --->   Operation 80 'add' 'add_ln266' <Predicate = (!icmp_ln258)> <Delay = 0.96> <CoreInst = "TAddSub">   --->   Core 10 'TAddSub' <Latency = 0> <II = 1> <Delay = 0.36> <IPBlock> <Opcode : '' 'add' 'sub'> <InPorts = 3> <OutPorts = 1> <Sync> <CReg>
ST_2 : Operation 81 [1/1] (0.00ns)   --->   "%c_1 = bitconcatenate i32 @_ssdm_op_BitConcatenate.i32.i28.i4, i28 %empty, i4 1" [../gen/Hls_Layers_UpConv.tpp:265]   --->   Operation 81 'bitconcatenate' 'c_1' <Predicate = (!icmp_ln258)> <Delay = 0.00>
ST_2 : Operation 82 [1/1] (1.01ns)   --->   "%icmp_ln266_1 = icmp_slt  i32 %c_1, i32 480" [../gen/Hls_Layers_UpConv.tpp:266]   --->   Operation 82 'icmp' 'icmp_ln266_1' <Predicate = (!icmp_ln258)> <Delay = 1.01> <CoreInst = "Cmp">   --->   Core 9 'Cmp' <Latency = 0> <II = 1> <Delay = 1.01> <FuncUnit> <Opcode : 'seteq' 'setne' 'setle' 'setge' 'setlt' 'setgt'> <InPorts = 2> <OutPorts = 1>
ST_2 : Operation 83 [1/1] (0.00ns)   --->   "%c_2 = bitconcatenate i32 @_ssdm_op_BitConcatenate.i32.i28.i4, i28 %empty, i4 2" [../gen/Hls_Layers_UpConv.tpp:265]   --->   Operation 83 'bitconcatenate' 'c_2' <Predicate = (!icmp_ln258)> <Delay = 0.00>
ST_2 : Operation 84 [1/1] (1.01ns)   --->   "%icmp_ln266_2 = icmp_slt  i32 %c_2, i32 480" [../gen/Hls_Layers_UpConv.tpp:266]   --->   Operation 84 'icmp' 'icmp_ln266_2' <Predicate = (!icmp_ln258)> <Delay = 1.01> <CoreInst = "Cmp">   --->   Core 9 'Cmp' <Latency = 0> <II = 1> <Delay = 1.01> <FuncUnit> <Opcode : 'seteq' 'setne' 'setle' 'setge' 'setlt' 'setgt'> <InPorts = 2> <OutPorts = 1>
ST_2 : Operation 85 [1/1] (0.00ns)   --->   "%c_3 = bitconcatenate i32 @_ssdm_op_BitConcatenate.i32.i28.i4, i28 %empty, i4 3" [../gen/Hls_Layers_UpConv.tpp:265]   --->   Operation 85 'bitconcatenate' 'c_3' <Predicate = (!icmp_ln258)> <Delay = 0.00>
ST_2 : Operation 86 [1/1] (1.01ns)   --->   "%icmp_ln266_3 = icmp_slt  i32 %c_3, i32 480" [../gen/Hls_Layers_UpConv.tpp:266]   --->   Operation 86 'icmp' 'icmp_ln266_3' <Predicate = (!icmp_ln258)> <Delay = 1.01> <CoreInst = "Cmp">   --->   Core 9 'Cmp' <Latency = 0> <II = 1> <Delay = 1.01> <FuncUnit> <Opcode : 'seteq' 'setne' 'setle' 'setge' 'setlt' 'setgt'> <InPorts = 2> <OutPorts = 1>
ST_2 : Operation 87 [1/1] (0.00ns)   --->   "%c_4 = bitconcatenate i32 @_ssdm_op_BitConcatenate.i32.i28.i4, i28 %empty, i4 4" [../gen/Hls_Layers_UpConv.tpp:265]   --->   Operation 87 'bitconcatenate' 'c_4' <Predicate = (!icmp_ln258)> <Delay = 0.00>
ST_2 : Operation 88 [1/1] (1.01ns)   --->   "%icmp_ln266_4 = icmp_slt  i32 %c_4, i32 480" [../gen/Hls_Layers_UpConv.tpp:266]   --->   Operation 88 'icmp' 'icmp_ln266_4' <Predicate = (!icmp_ln258)> <Delay = 1.01> <CoreInst = "Cmp">   --->   Core 9 'Cmp' <Latency = 0> <II = 1> <Delay = 1.01> <FuncUnit> <Opcode : 'seteq' 'setne' 'setle' 'setge' 'setlt' 'setgt'> <InPorts = 2> <OutPorts = 1>
ST_2 : Operation 89 [1/1] (0.00ns)   --->   "%c_5 = bitconcatenate i32 @_ssdm_op_BitConcatenate.i32.i28.i4, i28 %empty, i4 5" [../gen/Hls_Layers_UpConv.tpp:265]   --->   Operation 89 'bitconcatenate' 'c_5' <Predicate = (!icmp_ln258)> <Delay = 0.00>
ST_2 : Operation 90 [1/1] (1.01ns)   --->   "%icmp_ln266_5 = icmp_slt  i32 %c_5, i32 480" [../gen/Hls_Layers_UpConv.tpp:266]   --->   Operation 90 'icmp' 'icmp_ln266_5' <Predicate = (!icmp_ln258)> <Delay = 1.01> <CoreInst = "Cmp">   --->   Core 9 'Cmp' <Latency = 0> <II = 1> <Delay = 1.01> <FuncUnit> <Opcode : 'seteq' 'setne' 'setle' 'setge' 'setlt' 'setgt'> <InPorts = 2> <OutPorts = 1>
ST_2 : Operation 91 [1/1] (0.00ns)   --->   "%c_6 = bitconcatenate i32 @_ssdm_op_BitConcatenate.i32.i28.i4, i28 %empty, i4 6" [../gen/Hls_Layers_UpConv.tpp:265]   --->   Operation 91 'bitconcatenate' 'c_6' <Predicate = (!icmp_ln258)> <Delay = 0.00>
ST_2 : Operation 92 [1/1] (1.01ns)   --->   "%icmp_ln266_6 = icmp_slt  i32 %c_6, i32 480" [../gen/Hls_Layers_UpConv.tpp:266]   --->   Operation 92 'icmp' 'icmp_ln266_6' <Predicate = (!icmp_ln258)> <Delay = 1.01> <CoreInst = "Cmp">   --->   Core 9 'Cmp' <Latency = 0> <II = 1> <Delay = 1.01> <FuncUnit> <Opcode : 'seteq' 'setne' 'setle' 'setge' 'setlt' 'setgt'> <InPorts = 2> <OutPorts = 1>
ST_2 : Operation 93 [1/1] (0.00ns)   --->   "%c_7 = bitconcatenate i32 @_ssdm_op_BitConcatenate.i32.i28.i4, i28 %empty, i4 7" [../gen/Hls_Layers_UpConv.tpp:265]   --->   Operation 93 'bitconcatenate' 'c_7' <Predicate = (!icmp_ln258)> <Delay = 0.00>
ST_2 : Operation 94 [1/1] (1.01ns)   --->   "%icmp_ln266_7 = icmp_slt  i32 %c_7, i32 480" [../gen/Hls_Layers_UpConv.tpp:266]   --->   Operation 94 'icmp' 'icmp_ln266_7' <Predicate = (!icmp_ln258)> <Delay = 1.01> <CoreInst = "Cmp">   --->   Core 9 'Cmp' <Latency = 0> <II = 1> <Delay = 1.01> <FuncUnit> <Opcode : 'seteq' 'setne' 'setle' 'setge' 'setlt' 'setgt'> <InPorts = 2> <OutPorts = 1>
ST_2 : Operation 95 [1/1] (0.00ns)   --->   "%c_8 = bitconcatenate i32 @_ssdm_op_BitConcatenate.i32.i28.i4, i28 %empty, i4 8" [../gen/Hls_Layers_UpConv.tpp:265]   --->   Operation 95 'bitconcatenate' 'c_8' <Predicate = (!icmp_ln258)> <Delay = 0.00>
ST_2 : Operation 96 [1/1] (1.01ns)   --->   "%icmp_ln266_8 = icmp_slt  i32 %c_8, i32 480" [../gen/Hls_Layers_UpConv.tpp:266]   --->   Operation 96 'icmp' 'icmp_ln266_8' <Predicate = (!icmp_ln258)> <Delay = 1.01> <CoreInst = "Cmp">   --->   Core 9 'Cmp' <Latency = 0> <II = 1> <Delay = 1.01> <FuncUnit> <Opcode : 'seteq' 'setne' 'setle' 'setge' 'setlt' 'setgt'> <InPorts = 2> <OutPorts = 1>
ST_2 : Operation 97 [1/1] (0.00ns)   --->   "%c_9 = bitconcatenate i32 @_ssdm_op_BitConcatenate.i32.i28.i4, i28 %empty, i4 9" [../gen/Hls_Layers_UpConv.tpp:265]   --->   Operation 97 'bitconcatenate' 'c_9' <Predicate = (!icmp_ln258)> <Delay = 0.00>
ST_2 : Operation 98 [1/1] (1.01ns)   --->   "%icmp_ln266_9 = icmp_slt  i32 %c_9, i32 480" [../gen/Hls_Layers_UpConv.tpp:266]   --->   Operation 98 'icmp' 'icmp_ln266_9' <Predicate = (!icmp_ln258)> <Delay = 1.01> <CoreInst = "Cmp">   --->   Core 9 'Cmp' <Latency = 0> <II = 1> <Delay = 1.01> <FuncUnit> <Opcode : 'seteq' 'setne' 'setle' 'setge' 'setlt' 'setgt'> <InPorts = 2> <OutPorts = 1>
ST_2 : Operation 99 [1/1] (0.00ns)   --->   "%c_10 = bitconcatenate i32 @_ssdm_op_BitConcatenate.i32.i28.i4, i28 %empty, i4 10" [../gen/Hls_Layers_UpConv.tpp:265]   --->   Operation 99 'bitconcatenate' 'c_10' <Predicate = (!icmp_ln258)> <Delay = 0.00>
ST_2 : Operation 100 [1/1] (1.01ns)   --->   "%icmp_ln266_10 = icmp_slt  i32 %c_10, i32 480" [../gen/Hls_Layers_UpConv.tpp:266]   --->   Operation 100 'icmp' 'icmp_ln266_10' <Predicate = (!icmp_ln258)> <Delay = 1.01> <CoreInst = "Cmp">   --->   Core 9 'Cmp' <Latency = 0> <II = 1> <Delay = 1.01> <FuncUnit> <Opcode : 'seteq' 'setne' 'setle' 'setge' 'setlt' 'setgt'> <InPorts = 2> <OutPorts = 1>
ST_2 : Operation 101 [1/1] (0.00ns)   --->   "%c_11 = bitconcatenate i32 @_ssdm_op_BitConcatenate.i32.i28.i4, i28 %empty, i4 11" [../gen/Hls_Layers_UpConv.tpp:265]   --->   Operation 101 'bitconcatenate' 'c_11' <Predicate = (!icmp_ln258)> <Delay = 0.00>
ST_2 : Operation 102 [1/1] (1.01ns)   --->   "%icmp_ln266_11 = icmp_slt  i32 %c_11, i32 480" [../gen/Hls_Layers_UpConv.tpp:266]   --->   Operation 102 'icmp' 'icmp_ln266_11' <Predicate = (!icmp_ln258)> <Delay = 1.01> <CoreInst = "Cmp">   --->   Core 9 'Cmp' <Latency = 0> <II = 1> <Delay = 1.01> <FuncUnit> <Opcode : 'seteq' 'setne' 'setle' 'setge' 'setlt' 'setgt'> <InPorts = 2> <OutPorts = 1>
ST_2 : Operation 103 [1/1] (0.00ns)   --->   "%c_12 = bitconcatenate i32 @_ssdm_op_BitConcatenate.i32.i28.i4, i28 %empty, i4 12" [../gen/Hls_Layers_UpConv.tpp:265]   --->   Operation 103 'bitconcatenate' 'c_12' <Predicate = (!icmp_ln258)> <Delay = 0.00>
ST_2 : Operation 104 [1/1] (1.01ns)   --->   "%icmp_ln266_12 = icmp_slt  i32 %c_12, i32 480" [../gen/Hls_Layers_UpConv.tpp:266]   --->   Operation 104 'icmp' 'icmp_ln266_12' <Predicate = (!icmp_ln258)> <Delay = 1.01> <CoreInst = "Cmp">   --->   Core 9 'Cmp' <Latency = 0> <II = 1> <Delay = 1.01> <FuncUnit> <Opcode : 'seteq' 'setne' 'setle' 'setge' 'setlt' 'setgt'> <InPorts = 2> <OutPorts = 1>
ST_2 : Operation 105 [1/1] (0.00ns)   --->   "%c_13 = bitconcatenate i32 @_ssdm_op_BitConcatenate.i32.i28.i4, i28 %empty, i4 13" [../gen/Hls_Layers_UpConv.tpp:265]   --->   Operation 105 'bitconcatenate' 'c_13' <Predicate = (!icmp_ln258)> <Delay = 0.00>
ST_2 : Operation 106 [1/1] (1.01ns)   --->   "%icmp_ln266_13 = icmp_slt  i32 %c_13, i32 480" [../gen/Hls_Layers_UpConv.tpp:266]   --->   Operation 106 'icmp' 'icmp_ln266_13' <Predicate = (!icmp_ln258)> <Delay = 1.01> <CoreInst = "Cmp">   --->   Core 9 'Cmp' <Latency = 0> <II = 1> <Delay = 1.01> <FuncUnit> <Opcode : 'seteq' 'setne' 'setle' 'setge' 'setlt' 'setgt'> <InPorts = 2> <OutPorts = 1>
ST_2 : Operation 107 [1/1] (0.00ns)   --->   "%c_14 = bitconcatenate i32 @_ssdm_op_BitConcatenate.i32.i28.i4, i28 %empty, i4 14" [../gen/Hls_Layers_UpConv.tpp:265]   --->   Operation 107 'bitconcatenate' 'c_14' <Predicate = (!icmp_ln258)> <Delay = 0.00>
ST_2 : Operation 108 [1/1] (1.01ns)   --->   "%icmp_ln266_14 = icmp_slt  i32 %c_14, i32 480" [../gen/Hls_Layers_UpConv.tpp:266]   --->   Operation 108 'icmp' 'icmp_ln266_14' <Predicate = (!icmp_ln258)> <Delay = 1.01> <CoreInst = "Cmp">   --->   Core 9 'Cmp' <Latency = 0> <II = 1> <Delay = 1.01> <FuncUnit> <Opcode : 'seteq' 'setne' 'setle' 'setge' 'setlt' 'setgt'> <InPorts = 2> <OutPorts = 1>
ST_2 : Operation 109 [1/1] (0.00ns)   --->   "%c_15 = bitconcatenate i32 @_ssdm_op_BitConcatenate.i32.i28.i4, i28 %empty, i4 15" [../gen/Hls_Layers_UpConv.tpp:265]   --->   Operation 109 'bitconcatenate' 'c_15' <Predicate = (!icmp_ln258)> <Delay = 0.00>
ST_2 : Operation 110 [1/1] (1.01ns)   --->   "%icmp_ln266_15 = icmp_slt  i32 %c_15, i32 480" [../gen/Hls_Layers_UpConv.tpp:266]   --->   Operation 110 'icmp' 'icmp_ln266_15' <Predicate = (!icmp_ln258)> <Delay = 1.01> <CoreInst = "Cmp">   --->   Core 9 'Cmp' <Latency = 0> <II = 1> <Delay = 1.01> <FuncUnit> <Opcode : 'seteq' 'setne' 'setle' 'setge' 'setlt' 'setgt'> <InPorts = 2> <OutPorts = 1>
ST_2 : Operation 111 [1/1] (1.01ns)   --->   "%add_ln273 = add i32 %wn_load, i32 %zext_ln258_cast" [../gen/Hls_Layers_UpConv.tpp:273]   --->   Operation 111 'add' 'add_ln273' <Predicate = (!icmp_ln258)> <Delay = 1.01> <CoreInst = "Adder">   --->   Core 1 'Adder' <Latency = 0> <II = 1> <Delay = 1.01> <FuncUnit> <Opcode : 'add' 'sub'> <InPorts = 2> <OutPorts = 1>
ST_2 : Operation 112 [1/1] (0.00ns)   --->   "%shl_ln273 = shl i32 %add_ln273, i32 5" [../gen/Hls_Layers_UpConv.tpp:273]   --->   Operation 112 'shl' 'shl_ln273' <Predicate = (!icmp_ln258)> <Delay = 0.00>
ST_2 : Operation 113 [1/1] (0.00ns)   --->   "%shl_ln273_1 = shl i32 %add_ln273, i32 1" [../gen/Hls_Layers_UpConv.tpp:273]   --->   Operation 113 'shl' 'shl_ln273_1' <Predicate = (!icmp_ln258)> <Delay = 0.00>
ST_2 : Operation 114 [1/1] (0.00ns) (grouped into TernaryAdder)   --->   "%sub_ln273 = sub i32 %shl_ln273, i32 %shl_ln273_1" [../gen/Hls_Layers_UpConv.tpp:273]   --->   Operation 114 'sub' 'sub_ln273' <Predicate = (!icmp_ln258)> <Delay = 0.00> <CoreInst = "TAddSub">   --->   Core 10 'TAddSub' <Latency = 0> <II = 1> <Delay = 0.36> <IPBlock> <Opcode : '' 'add' 'sub'> <InPorts = 3> <OutPorts = 1> <Sync> <CReg>
ST_2 : Operation 115 [1/1] (0.73ns) (root node of TernaryAdder)   --->   "%add_ln273_1 = add i32 %sub_ln273, i32 %cwn_load" [../gen/Hls_Layers_UpConv.tpp:273]   --->   Operation 115 'add' 'add_ln273_1' <Predicate = (!icmp_ln258)> <Delay = 0.73> <CoreInst = "TAddSub">   --->   Core 10 'TAddSub' <Latency = 0> <II = 1> <Delay = 0.36> <IPBlock> <Opcode : '' 'add' 'sub'> <InPorts = 3> <OutPorts = 1> <Sync> <CReg>
ST_2 : Operation 116 [1/1] (1.01ns)   --->   "%icmp_ln274 = icmp_eq  i32 %cwn_load, i32 29" [../gen/Hls_Layers_UpConv.tpp:274]   --->   Operation 116 'icmp' 'icmp_ln274' <Predicate = (!icmp_ln258)> <Delay = 1.01> <CoreInst = "Cmp">   --->   Core 9 'Cmp' <Latency = 0> <II = 1> <Delay = 1.01> <FuncUnit> <Opcode : 'seteq' 'setne' 'setle' 'setge' 'setlt' 'setgt'> <InPorts = 2> <OutPorts = 1>
ST_2 : Operation 117 [1/1] (1.01ns)   --->   "%wn_1 = add i32 %wn_load, i32 1" [../gen/Hls_Layers_UpConv.tpp:274]   --->   Operation 117 'add' 'wn_1' <Predicate = (!icmp_ln258)> <Delay = 1.01> <CoreInst = "Adder">   --->   Core 1 'Adder' <Latency = 0> <II = 1> <Delay = 1.01> <FuncUnit> <Opcode : 'add' 'sub'> <InPorts = 2> <OutPorts = 1>
ST_2 : Operation 118 [1/1] (1.01ns)   --->   "%cwn_1 = add i32 %cwn_load, i32 1" [../gen/Hls_Layers_UpConv.tpp:274]   --->   Operation 118 'add' 'cwn_1' <Predicate = (!icmp_ln258)> <Delay = 1.01> <CoreInst = "Adder">   --->   Core 1 'Adder' <Latency = 0> <II = 1> <Delay = 1.01> <FuncUnit> <Opcode : 'add' 'sub'> <InPorts = 2> <OutPorts = 1>
ST_2 : Operation 119 [1/1] (0.44ns)   --->   "%wn_2 = select i1 %icmp_ln274, i32 %wn_1, i32 %wn_load" [../gen/Hls_Layers_UpConv.tpp:274]   --->   Operation 119 'select' 'wn_2' <Predicate = (!icmp_ln258)> <Delay = 0.44> <CoreInst = "Sel">   --->   Core 73 'Sel' <Latency = 0> <II = 1> <Delay = 0.44> <FuncUnit> <Opcode : 'select'> <InPorts = 3> <OutPorts = 1>
ST_2 : Operation 120 [1/1] (0.44ns)   --->   "%cwn_2 = select i1 %icmp_ln274, i32 0, i32 %cwn_1" [../gen/Hls_Layers_UpConv.tpp:274]   --->   Operation 120 'select' 'cwn_2' <Predicate = (!icmp_ln258)> <Delay = 0.44> <CoreInst = "Sel">   --->   Core 73 'Sel' <Latency = 0> <II = 1> <Delay = 0.44> <FuncUnit> <Opcode : 'select'> <InPorts = 3> <OutPorts = 1>
ST_2 : Operation 121 [1/1] (0.42ns)   --->   "%store_ln258 = store i10 %m_4, i10 %m_3" [../gen/Hls_Layers_UpConv.tpp:258]   --->   Operation 121 'store' 'store_ln258' <Predicate = (!icmp_ln258)> <Delay = 0.42>
ST_2 : Operation 122 [1/1] (0.42ns)   --->   "%store_ln257 = store i32 %cwn_2, i32 %cwn" [../gen/Hls_Layers_UpConv.tpp:257]   --->   Operation 122 'store' 'store_ln257' <Predicate = (!icmp_ln258)> <Delay = 0.42>
ST_2 : Operation 123 [1/1] (0.42ns)   --->   "%store_ln257 = store i32 %wn_2, i32 %wn" [../gen/Hls_Layers_UpConv.tpp:257]   --->   Operation 123 'store' 'store_ln257' <Predicate = (!icmp_ln258)> <Delay = 0.42>

State 3 <SV = 2> <Delay = 0.67>
ST_3 : Operation 124 [1/2] ( I:0.67ns O:0.67ns )   --->   "%mean_buf_load = load i5 %mean_buf_addr" [../gen/Hls_Layers_UpConv.tpp:260]   --->   Operation 124 'load' 'mean_buf_load' <Predicate = true> <Delay = 0.67> <CoreInst = "RAM_2P_LUTRAM">   --->   Core 92 'RAM_2P_LUTRAM' <Latency = 1> <II = 1> <Delay = 0.67> <Storage> <Opcode : 'load' 'store'> <Ports = 2> <Width = 32> <Depth = 32> <RAM>

State 4 <SV = 3> <Delay = 1.76>
ST_4 : Operation 125 [2/2] (1.76ns)   --->   "%mean_w = sptohp i32 %mean_buf_load" [../gen/Hls_Layers_UpConv.tpp:260]   --->   Operation 125 'sptohp' 'mean_w' <Predicate = true> <Delay = 1.76> <CoreInst = "Float2Half">   --->   Core 69 'Float2Half' <Latency = 1> <II = 1> <Delay = 1.76> <FuncUnit> <Opcode : 'sptohp'> <InPorts = 1> <OutPorts = 1>
ST_4 : Operation 126 [1/1] (0.00ns)   --->   "%zext_ln266 = zext i10 %add_ln266" [../gen/Hls_Layers_UpConv.tpp:266]   --->   Operation 126 'zext' 'zext_ln266' <Predicate = true> <Delay = 0.00>
ST_4 : Operation 127 [1/1] (0.00ns)   --->   "%p_ZZ16UpConv_Fused_RowILi8ELi16ELi16ELi960ELi480EEvP7ap_uintILi256EEPKS1_S4_S4_S4_36 = getelementptr i16 %p_ZZ16UpConv_Fused_RowILi8ELi16ELi16ELi960ELi480EEvP7ap_uintILi256EEPKS1_S4_S4_S4_5, i64 0, i64 %zext_ln266" [../gen/Hls_Layers_UpConv.tpp:266]   --->   Operation 127 'getelementptr' 'p_ZZ16UpConv_Fused_RowILi8ELi16ELi16ELi960ELi480EEvP7ap_uintILi256EEPKS1_S4_S4_S4_36' <Predicate = (icmp_ln266_10)> <Delay = 0.00>
ST_4 : Operation 128 [1/1] (0.00ns)   --->   "%p_ZZ16UpConv_Fused_RowILi8ELi16ELi16ELi960ELi480EEvP7ap_uintILi256EEPKS1_S4_S4_S4_37 = getelementptr i16 %p_ZZ16UpConv_Fused_RowILi8ELi16ELi16ELi960ELi480EEvP7ap_uintILi256EEPKS1_S4_S4_S4_4, i64 0, i64 %zext_ln266" [../gen/Hls_Layers_UpConv.tpp:266]   --->   Operation 128 'getelementptr' 'p_ZZ16UpConv_Fused_RowILi8ELi16ELi16ELi960ELi480EEvP7ap_uintILi256EEPKS1_S4_S4_S4_37' <Predicate = (icmp_ln266_11)> <Delay = 0.00>
ST_4 : Operation 129 [1/1] (0.00ns)   --->   "%p_ZZ16UpConv_Fused_RowILi8ELi16ELi16ELi960ELi480EEvP7ap_uintILi256EEPKS1_S4_S4_S4_38 = getelementptr i16 %p_ZZ16UpConv_Fused_RowILi8ELi16ELi16ELi960ELi480EEvP7ap_uintILi256EEPKS1_S4_S4_S4_3, i64 0, i64 %zext_ln266" [../gen/Hls_Layers_UpConv.tpp:266]   --->   Operation 129 'getelementptr' 'p_ZZ16UpConv_Fused_RowILi8ELi16ELi16ELi960ELi480EEvP7ap_uintILi256EEPKS1_S4_S4_S4_38' <Predicate = (icmp_ln266_12)> <Delay = 0.00>
ST_4 : Operation 130 [1/1] (0.00ns)   --->   "%p_ZZ16UpConv_Fused_RowILi8ELi16ELi16ELi960ELi480EEvP7ap_uintILi256EEPKS1_S4_S4_S4_39 = getelementptr i16 %p_ZZ16UpConv_Fused_RowILi8ELi16ELi16ELi960ELi480EEvP7ap_uintILi256EEPKS1_S4_S4_S4_2, i64 0, i64 %zext_ln266" [../gen/Hls_Layers_UpConv.tpp:266]   --->   Operation 130 'getelementptr' 'p_ZZ16UpConv_Fused_RowILi8ELi16ELi16ELi960ELi480EEvP7ap_uintILi256EEPKS1_S4_S4_S4_39' <Predicate = (icmp_ln266_13)> <Delay = 0.00>
ST_4 : Operation 131 [1/1] (0.00ns)   --->   "%p_ZZ16UpConv_Fused_RowILi8ELi16ELi16ELi960ELi480EEvP7ap_uintILi256EEPKS1_S4_S4_S4_40 = getelementptr i16 %p_ZZ16UpConv_Fused_RowILi8ELi16ELi16ELi960ELi480EEvP7ap_uintILi256EEPKS1_S4_S4_S4_1, i64 0, i64 %zext_ln266" [../gen/Hls_Layers_UpConv.tpp:266]   --->   Operation 131 'getelementptr' 'p_ZZ16UpConv_Fused_RowILi8ELi16ELi16ELi960ELi480EEvP7ap_uintILi256EEPKS1_S4_S4_S4_40' <Predicate = (icmp_ln266_14)> <Delay = 0.00>
ST_4 : Operation 132 [1/1] (0.00ns)   --->   "%p_ZZ16UpConv_Fused_RowILi8ELi16ELi16ELi960ELi480EEvP7ap_uintILi256EEPKS1_S4_S4_S4_41 = getelementptr i16 %p_ZZ16UpConv_Fused_RowILi8ELi16ELi16ELi960ELi480EEvP7ap_uintILi256EEPKS1_S4_S4_S4, i64 0, i64 %zext_ln266" [../gen/Hls_Layers_UpConv.tpp:266]   --->   Operation 132 'getelementptr' 'p_ZZ16UpConv_Fused_RowILi8ELi16ELi16ELi960ELi480EEvP7ap_uintILi256EEPKS1_S4_S4_S4_41' <Predicate = (icmp_ln266_15)> <Delay = 0.00>
ST_4 : Operation 133 [1/1] (0.00ns)   --->   "%void_UpConv_Fused_Row_ap_uint_ap_uint_const_ap_uint_const_ap_uint_const_ap_u_60 = getelementptr i16 %void_UpConv_Fused_Row_ap_uint_ap_uint_const_ap_uint_const_ap_uint_const_ap_u_9, i64 0, i64 %zext_ln266" [../gen/Hls_Layers_UpConv.tpp:266]   --->   Operation 133 'getelementptr' 'void_UpConv_Fused_Row_ap_uint_ap_uint_const_ap_uint_const_ap_uint_const_ap_u_60' <Predicate = true> <Delay = 0.00>
ST_4 : Operation 134 [1/1] (0.00ns)   --->   "%void_UpConv_Fused_Row_ap_uint_ap_uint_const_ap_uint_const_ap_uint_const_ap_u_61 = getelementptr i16 %void_UpConv_Fused_Row_ap_uint_ap_uint_const_ap_uint_const_ap_uint_const_ap_u_8, i64 0, i64 %zext_ln266" [../gen/Hls_Layers_UpConv.tpp:266]   --->   Operation 134 'getelementptr' 'void_UpConv_Fused_Row_ap_uint_ap_uint_const_ap_uint_const_ap_uint_const_ap_u_61' <Predicate = (icmp_ln266_1)> <Delay = 0.00>
ST_4 : Operation 135 [1/1] (0.00ns)   --->   "%void_UpConv_Fused_Row_ap_uint_ap_uint_const_ap_uint_const_ap_uint_const_ap_u_62 = getelementptr i16 %void_UpConv_Fused_Row_ap_uint_ap_uint_const_ap_uint_const_ap_uint_const_ap_u_7, i64 0, i64 %zext_ln266" [../gen/Hls_Layers_UpConv.tpp:266]   --->   Operation 135 'getelementptr' 'void_UpConv_Fused_Row_ap_uint_ap_uint_const_ap_uint_const_ap_uint_const_ap_u_62' <Predicate = (icmp_ln266_2)> <Delay = 0.00>
ST_4 : Operation 136 [1/1] (0.00ns)   --->   "%void_UpConv_Fused_Row_ap_uint_ap_uint_const_ap_uint_const_ap_uint_const_ap_u_63 = getelementptr i16 %void_UpConv_Fused_Row_ap_uint_ap_uint_const_ap_uint_const_ap_uint_const_ap_u_6, i64 0, i64 %zext_ln266" [../gen/Hls_Layers_UpConv.tpp:266]   --->   Operation 136 'getelementptr' 'void_UpConv_Fused_Row_ap_uint_ap_uint_const_ap_uint_const_ap_uint_const_ap_u_63' <Predicate = (icmp_ln266_3)> <Delay = 0.00>
ST_4 : Operation 137 [1/1] (0.00ns)   --->   "%void_UpConv_Fused_Row_ap_uint_ap_uint_const_ap_uint_const_ap_uint_const_ap_u_64 = getelementptr i16 %void_UpConv_Fused_Row_ap_uint_ap_uint_const_ap_uint_const_ap_uint_const_ap_u_5, i64 0, i64 %zext_ln266" [../gen/Hls_Layers_UpConv.tpp:266]   --->   Operation 137 'getelementptr' 'void_UpConv_Fused_Row_ap_uint_ap_uint_const_ap_uint_const_ap_uint_const_ap_u_64' <Predicate = (icmp_ln266_4)> <Delay = 0.00>
ST_4 : Operation 138 [1/1] (0.00ns)   --->   "%void_UpConv_Fused_Row_ap_uint_ap_uint_const_ap_uint_const_ap_uint_const_ap_u_65 = getelementptr i16 %void_UpConv_Fused_Row_ap_uint_ap_uint_const_ap_uint_const_ap_uint_const_ap_u_4, i64 0, i64 %zext_ln266" [../gen/Hls_Layers_UpConv.tpp:266]   --->   Operation 138 'getelementptr' 'void_UpConv_Fused_Row_ap_uint_ap_uint_const_ap_uint_const_ap_uint_const_ap_u_65' <Predicate = (icmp_ln266_5)> <Delay = 0.00>
ST_4 : Operation 139 [1/1] (0.00ns)   --->   "%void_UpConv_Fused_Row_ap_uint_ap_uint_const_ap_uint_const_ap_uint_const_ap_u_66 = getelementptr i16 %void_UpConv_Fused_Row_ap_uint_ap_uint_const_ap_uint_const_ap_uint_const_ap_u_3, i64 0, i64 %zext_ln266" [../gen/Hls_Layers_UpConv.tpp:266]   --->   Operation 139 'getelementptr' 'void_UpConv_Fused_Row_ap_uint_ap_uint_const_ap_uint_const_ap_uint_const_ap_u_66' <Predicate = (icmp_ln266_6)> <Delay = 0.00>
ST_4 : Operation 140 [1/1] (0.00ns)   --->   "%void_UpConv_Fused_Row_ap_uint_ap_uint_const_ap_uint_const_ap_uint_const_ap_u_67 = getelementptr i16 %void_UpConv_Fused_Row_ap_uint_ap_uint_const_ap_uint_const_ap_uint_const_ap_u_2, i64 0, i64 %zext_ln266" [../gen/Hls_Layers_UpConv.tpp:266]   --->   Operation 140 'getelementptr' 'void_UpConv_Fused_Row_ap_uint_ap_uint_const_ap_uint_const_ap_uint_const_ap_u_67' <Predicate = (icmp_ln266_7)> <Delay = 0.00>
ST_4 : Operation 141 [1/1] (0.00ns)   --->   "%void_UpConv_Fused_Row_ap_uint_ap_uint_const_ap_uint_const_ap_uint_const_ap_u_68 = getelementptr i16 %void_UpConv_Fused_Row_ap_uint_ap_uint_const_ap_uint_const_ap_uint_const_ap_u_1, i64 0, i64 %zext_ln266" [../gen/Hls_Layers_UpConv.tpp:266]   --->   Operation 141 'getelementptr' 'void_UpConv_Fused_Row_ap_uint_ap_uint_const_ap_uint_const_ap_uint_const_ap_u_68' <Predicate = (icmp_ln266_8)> <Delay = 0.00>
ST_4 : Operation 142 [1/1] (0.00ns)   --->   "%void_UpConv_Fused_Row_ap_uint_ap_uint_const_ap_uint_const_ap_uint_const_ap_u_69 = getelementptr i16 %void_UpConv_Fused_Row_ap_uint_ap_uint_const_ap_uint_const_ap_uint_const_ap_u, i64 0, i64 %zext_ln266" [../gen/Hls_Layers_UpConv.tpp:266]   --->   Operation 142 'getelementptr' 'void_UpConv_Fused_Row_ap_uint_ap_uint_const_ap_uint_const_ap_uint_const_ap_u_69' <Predicate = (icmp_ln266_9)> <Delay = 0.00>
ST_4 : Operation 143 [2/2] (1.23ns)   --->   "%void_UpConv_Fused_Row_ap_uint_ap_uint_const_ap_uint_const_ap_uint_const_ap_u_70 = load i10 %void_UpConv_Fused_Row_ap_uint_ap_uint_const_ap_uint_const_ap_uint_const_ap_u_60" [../gen/Hls_Layers_UpConv.tpp:266]   --->   Operation 143 'load' 'void_UpConv_Fused_Row_ap_uint_ap_uint_const_ap_uint_const_ap_uint_const_ap_u_70' <Predicate = true> <Delay = 1.23> <CoreInst = "RAM_T2P_URAM">   --->   Core 99 'RAM_T2P_URAM' <Latency = 1> <II = 1> <Delay = 1.23> <Storage> <Opcode : 'load' 'store'> <Ports = 2> <Width = 16> <Depth = 960> <RAM>
ST_4 : Operation 144 [2/2] (1.23ns)   --->   "%void_UpConv_Fused_Row_ap_uint_ap_uint_const_ap_uint_const_ap_uint_const_ap_u_71 = load i10 %void_UpConv_Fused_Row_ap_uint_ap_uint_const_ap_uint_const_ap_uint_const_ap_u_61" [../gen/Hls_Layers_UpConv.tpp:266]   --->   Operation 144 'load' 'void_UpConv_Fused_Row_ap_uint_ap_uint_const_ap_uint_const_ap_uint_const_ap_u_71' <Predicate = (icmp_ln266_1)> <Delay = 1.23> <CoreInst = "RAM_T2P_URAM">   --->   Core 99 'RAM_T2P_URAM' <Latency = 1> <II = 1> <Delay = 1.23> <Storage> <Opcode : 'load' 'store'> <Ports = 2> <Width = 16> <Depth = 960> <RAM>
ST_4 : Operation 145 [2/2] (1.23ns)   --->   "%void_UpConv_Fused_Row_ap_uint_ap_uint_const_ap_uint_const_ap_uint_const_ap_u_72 = load i10 %void_UpConv_Fused_Row_ap_uint_ap_uint_const_ap_uint_const_ap_uint_const_ap_u_62" [../gen/Hls_Layers_UpConv.tpp:266]   --->   Operation 145 'load' 'void_UpConv_Fused_Row_ap_uint_ap_uint_const_ap_uint_const_ap_uint_const_ap_u_72' <Predicate = (icmp_ln266_2)> <Delay = 1.23> <CoreInst = "RAM_T2P_URAM">   --->   Core 99 'RAM_T2P_URAM' <Latency = 1> <II = 1> <Delay = 1.23> <Storage> <Opcode : 'load' 'store'> <Ports = 2> <Width = 16> <Depth = 960> <RAM>
ST_4 : Operation 146 [2/2] (1.23ns)   --->   "%void_UpConv_Fused_Row_ap_uint_ap_uint_const_ap_uint_const_ap_uint_const_ap_u_73 = load i10 %void_UpConv_Fused_Row_ap_uint_ap_uint_const_ap_uint_const_ap_uint_const_ap_u_63" [../gen/Hls_Layers_UpConv.tpp:266]   --->   Operation 146 'load' 'void_UpConv_Fused_Row_ap_uint_ap_uint_const_ap_uint_const_ap_uint_const_ap_u_73' <Predicate = (icmp_ln266_3)> <Delay = 1.23> <CoreInst = "RAM_T2P_URAM">   --->   Core 99 'RAM_T2P_URAM' <Latency = 1> <II = 1> <Delay = 1.23> <Storage> <Opcode : 'load' 'store'> <Ports = 2> <Width = 16> <Depth = 960> <RAM>
ST_4 : Operation 147 [2/2] (1.23ns)   --->   "%void_UpConv_Fused_Row_ap_uint_ap_uint_const_ap_uint_const_ap_uint_const_ap_u_74 = load i10 %void_UpConv_Fused_Row_ap_uint_ap_uint_const_ap_uint_const_ap_uint_const_ap_u_64" [../gen/Hls_Layers_UpConv.tpp:266]   --->   Operation 147 'load' 'void_UpConv_Fused_Row_ap_uint_ap_uint_const_ap_uint_const_ap_uint_const_ap_u_74' <Predicate = (icmp_ln266_4)> <Delay = 1.23> <CoreInst = "RAM_T2P_URAM">   --->   Core 99 'RAM_T2P_URAM' <Latency = 1> <II = 1> <Delay = 1.23> <Storage> <Opcode : 'load' 'store'> <Ports = 2> <Width = 16> <Depth = 960> <RAM>
ST_4 : Operation 148 [2/2] (1.23ns)   --->   "%void_UpConv_Fused_Row_ap_uint_ap_uint_const_ap_uint_const_ap_uint_const_ap_u_75 = load i10 %void_UpConv_Fused_Row_ap_uint_ap_uint_const_ap_uint_const_ap_uint_const_ap_u_65" [../gen/Hls_Layers_UpConv.tpp:266]   --->   Operation 148 'load' 'void_UpConv_Fused_Row_ap_uint_ap_uint_const_ap_uint_const_ap_uint_const_ap_u_75' <Predicate = (icmp_ln266_5)> <Delay = 1.23> <CoreInst = "RAM_T2P_URAM">   --->   Core 99 'RAM_T2P_URAM' <Latency = 1> <II = 1> <Delay = 1.23> <Storage> <Opcode : 'load' 'store'> <Ports = 2> <Width = 16> <Depth = 960> <RAM>
ST_4 : Operation 149 [2/2] (1.23ns)   --->   "%void_UpConv_Fused_Row_ap_uint_ap_uint_const_ap_uint_const_ap_uint_const_ap_u_76 = load i10 %void_UpConv_Fused_Row_ap_uint_ap_uint_const_ap_uint_const_ap_uint_const_ap_u_66" [../gen/Hls_Layers_UpConv.tpp:266]   --->   Operation 149 'load' 'void_UpConv_Fused_Row_ap_uint_ap_uint_const_ap_uint_const_ap_uint_const_ap_u_76' <Predicate = (icmp_ln266_6)> <Delay = 1.23> <CoreInst = "RAM_T2P_URAM">   --->   Core 99 'RAM_T2P_URAM' <Latency = 1> <II = 1> <Delay = 1.23> <Storage> <Opcode : 'load' 'store'> <Ports = 2> <Width = 16> <Depth = 960> <RAM>
ST_4 : Operation 150 [2/2] (1.23ns)   --->   "%void_UpConv_Fused_Row_ap_uint_ap_uint_const_ap_uint_const_ap_uint_const_ap_u_77 = load i10 %void_UpConv_Fused_Row_ap_uint_ap_uint_const_ap_uint_const_ap_uint_const_ap_u_67" [../gen/Hls_Layers_UpConv.tpp:266]   --->   Operation 150 'load' 'void_UpConv_Fused_Row_ap_uint_ap_uint_const_ap_uint_const_ap_uint_const_ap_u_77' <Predicate = (icmp_ln266_7)> <Delay = 1.23> <CoreInst = "RAM_T2P_URAM">   --->   Core 99 'RAM_T2P_URAM' <Latency = 1> <II = 1> <Delay = 1.23> <Storage> <Opcode : 'load' 'store'> <Ports = 2> <Width = 16> <Depth = 960> <RAM>
ST_4 : Operation 151 [2/2] (1.23ns)   --->   "%void_UpConv_Fused_Row_ap_uint_ap_uint_const_ap_uint_const_ap_uint_const_ap_u_78 = load i10 %void_UpConv_Fused_Row_ap_uint_ap_uint_const_ap_uint_const_ap_uint_const_ap_u_68" [../gen/Hls_Layers_UpConv.tpp:266]   --->   Operation 151 'load' 'void_UpConv_Fused_Row_ap_uint_ap_uint_const_ap_uint_const_ap_uint_const_ap_u_78' <Predicate = (icmp_ln266_8)> <Delay = 1.23> <CoreInst = "RAM_T2P_URAM">   --->   Core 99 'RAM_T2P_URAM' <Latency = 1> <II = 1> <Delay = 1.23> <Storage> <Opcode : 'load' 'store'> <Ports = 2> <Width = 16> <Depth = 960> <RAM>
ST_4 : Operation 152 [2/2] (1.23ns)   --->   "%void_UpConv_Fused_Row_ap_uint_ap_uint_const_ap_uint_const_ap_uint_const_ap_u_79 = load i10 %void_UpConv_Fused_Row_ap_uint_ap_uint_const_ap_uint_const_ap_uint_const_ap_u_69" [../gen/Hls_Layers_UpConv.tpp:266]   --->   Operation 152 'load' 'void_UpConv_Fused_Row_ap_uint_ap_uint_const_ap_uint_const_ap_uint_const_ap_u_79' <Predicate = (icmp_ln266_9)> <Delay = 1.23> <CoreInst = "RAM_T2P_URAM">   --->   Core 99 'RAM_T2P_URAM' <Latency = 1> <II = 1> <Delay = 1.23> <Storage> <Opcode : 'load' 'store'> <Ports = 2> <Width = 16> <Depth = 960> <RAM>
ST_4 : Operation 153 [2/2] (1.23ns)   --->   "%p_ZZ16UpConv_Fused_RowILi8ELi16ELi16ELi960ELi480EEvP7ap_uintILi256EEPKS1_S4_S4_S4_42 = load i10 %p_ZZ16UpConv_Fused_RowILi8ELi16ELi16ELi960ELi480EEvP7ap_uintILi256EEPKS1_S4_S4_S4_36" [../gen/Hls_Layers_UpConv.tpp:266]   --->   Operation 153 'load' 'p_ZZ16UpConv_Fused_RowILi8ELi16ELi16ELi960ELi480EEvP7ap_uintILi256EEPKS1_S4_S4_S4_42' <Predicate = (icmp_ln266_10)> <Delay = 1.23> <CoreInst = "RAM_T2P_URAM">   --->   Core 99 'RAM_T2P_URAM' <Latency = 1> <II = 1> <Delay = 1.23> <Storage> <Opcode : 'load' 'store'> <Ports = 2> <Width = 16> <Depth = 960> <RAM>
ST_4 : Operation 154 [2/2] (1.23ns)   --->   "%p_ZZ16UpConv_Fused_RowILi8ELi16ELi16ELi960ELi480EEvP7ap_uintILi256EEPKS1_S4_S4_S4_43 = load i10 %p_ZZ16UpConv_Fused_RowILi8ELi16ELi16ELi960ELi480EEvP7ap_uintILi256EEPKS1_S4_S4_S4_37" [../gen/Hls_Layers_UpConv.tpp:266]   --->   Operation 154 'load' 'p_ZZ16UpConv_Fused_RowILi8ELi16ELi16ELi960ELi480EEvP7ap_uintILi256EEPKS1_S4_S4_S4_43' <Predicate = (icmp_ln266_11)> <Delay = 1.23> <CoreInst = "RAM_T2P_URAM">   --->   Core 99 'RAM_T2P_URAM' <Latency = 1> <II = 1> <Delay = 1.23> <Storage> <Opcode : 'load' 'store'> <Ports = 2> <Width = 16> <Depth = 960> <RAM>
ST_4 : Operation 155 [2/2] (1.23ns)   --->   "%p_ZZ16UpConv_Fused_RowILi8ELi16ELi16ELi960ELi480EEvP7ap_uintILi256EEPKS1_S4_S4_S4_44 = load i10 %p_ZZ16UpConv_Fused_RowILi8ELi16ELi16ELi960ELi480EEvP7ap_uintILi256EEPKS1_S4_S4_S4_38" [../gen/Hls_Layers_UpConv.tpp:266]   --->   Operation 155 'load' 'p_ZZ16UpConv_Fused_RowILi8ELi16ELi16ELi960ELi480EEvP7ap_uintILi256EEPKS1_S4_S4_S4_44' <Predicate = (icmp_ln266_12)> <Delay = 1.23> <CoreInst = "RAM_T2P_URAM">   --->   Core 99 'RAM_T2P_URAM' <Latency = 1> <II = 1> <Delay = 1.23> <Storage> <Opcode : 'load' 'store'> <Ports = 2> <Width = 16> <Depth = 960> <RAM>
ST_4 : Operation 156 [2/2] (1.23ns)   --->   "%p_ZZ16UpConv_Fused_RowILi8ELi16ELi16ELi960ELi480EEvP7ap_uintILi256EEPKS1_S4_S4_S4_45 = load i10 %p_ZZ16UpConv_Fused_RowILi8ELi16ELi16ELi960ELi480EEvP7ap_uintILi256EEPKS1_S4_S4_S4_39" [../gen/Hls_Layers_UpConv.tpp:266]   --->   Operation 156 'load' 'p_ZZ16UpConv_Fused_RowILi8ELi16ELi16ELi960ELi480EEvP7ap_uintILi256EEPKS1_S4_S4_S4_45' <Predicate = (icmp_ln266_13)> <Delay = 1.23> <CoreInst = "RAM_T2P_URAM">   --->   Core 99 'RAM_T2P_URAM' <Latency = 1> <II = 1> <Delay = 1.23> <Storage> <Opcode : 'load' 'store'> <Ports = 2> <Width = 16> <Depth = 960> <RAM>
ST_4 : Operation 157 [2/2] (1.23ns)   --->   "%p_ZZ16UpConv_Fused_RowILi8ELi16ELi16ELi960ELi480EEvP7ap_uintILi256EEPKS1_S4_S4_S4_46 = load i10 %p_ZZ16UpConv_Fused_RowILi8ELi16ELi16ELi960ELi480EEvP7ap_uintILi256EEPKS1_S4_S4_S4_40" [../gen/Hls_Layers_UpConv.tpp:266]   --->   Operation 157 'load' 'p_ZZ16UpConv_Fused_RowILi8ELi16ELi16ELi960ELi480EEvP7ap_uintILi256EEPKS1_S4_S4_S4_46' <Predicate = (icmp_ln266_14)> <Delay = 1.23> <CoreInst = "RAM_T2P_URAM">   --->   Core 99 'RAM_T2P_URAM' <Latency = 1> <II = 1> <Delay = 1.23> <Storage> <Opcode : 'load' 'store'> <Ports = 2> <Width = 16> <Depth = 960> <RAM>
ST_4 : Operation 158 [2/2] (1.23ns)   --->   "%p_ZZ16UpConv_Fused_RowILi8ELi16ELi16ELi960ELi480EEvP7ap_uintILi256EEPKS1_S4_S4_S4_47 = load i10 %p_ZZ16UpConv_Fused_RowILi8ELi16ELi16ELi960ELi480EEvP7ap_uintILi256EEPKS1_S4_S4_S4_41" [../gen/Hls_Layers_UpConv.tpp:266]   --->   Operation 158 'load' 'p_ZZ16UpConv_Fused_RowILi8ELi16ELi16ELi960ELi480EEvP7ap_uintILi256EEPKS1_S4_S4_S4_47' <Predicate = (icmp_ln266_15)> <Delay = 1.23> <CoreInst = "RAM_T2P_URAM">   --->   Core 99 'RAM_T2P_URAM' <Latency = 1> <II = 1> <Delay = 1.23> <Storage> <Opcode : 'load' 'store'> <Ports = 2> <Width = 16> <Depth = 960> <RAM>

State 5 <SV = 4> <Delay = 1.76>
ST_5 : Operation 159 [1/2] (1.76ns)   --->   "%mean_w = sptohp i32 %mean_buf_load" [../gen/Hls_Layers_UpConv.tpp:260]   --->   Operation 159 'sptohp' 'mean_w' <Predicate = true> <Delay = 1.76> <CoreInst = "Float2Half">   --->   Core 69 'Float2Half' <Latency = 1> <II = 1> <Delay = 1.76> <FuncUnit> <Opcode : 'sptohp'> <InPorts = 1> <OutPorts = 1>
ST_5 : Operation 160 [1/1] (0.00ns) (grouped into LUT with out node icmp_ln266)   --->   "%c = shl i32 %cwn_load, i32 4"   --->   Operation 160 'shl' 'c' <Predicate = true> <Delay = 0.00>
ST_5 : Operation 161 [1/1] (1.01ns) (out node of the LUT)   --->   "%icmp_ln266 = icmp_slt  i32 %c, i32 480" [../gen/Hls_Layers_UpConv.tpp:266]   --->   Operation 161 'icmp' 'icmp_ln266' <Predicate = true> <Delay = 1.01> <CoreInst = "Cmp">   --->   Core 9 'Cmp' <Latency = 0> <II = 1> <Delay = 1.01> <FuncUnit> <Opcode : 'seteq' 'setne' 'setle' 'setge' 'setlt' 'setgt'> <InPorts = 2> <OutPorts = 1>
ST_5 : Operation 162 [1/2] ( I:1.23ns O:1.23ns )   --->   "%void_UpConv_Fused_Row_ap_uint_ap_uint_const_ap_uint_const_ap_uint_const_ap_u_70 = load i10 %void_UpConv_Fused_Row_ap_uint_ap_uint_const_ap_uint_const_ap_uint_const_ap_u_60" [../gen/Hls_Layers_UpConv.tpp:266]   --->   Operation 162 'load' 'void_UpConv_Fused_Row_ap_uint_ap_uint_const_ap_uint_const_ap_uint_const_ap_u_70' <Predicate = true> <Delay = 1.23> <CoreInst = "RAM_T2P_URAM">   --->   Core 99 'RAM_T2P_URAM' <Latency = 1> <II = 1> <Delay = 1.23> <Storage> <Opcode : 'load' 'store'> <Ports = 2> <Width = 16> <Depth = 960> <RAM>
ST_5 : Operation 163 [1/2] ( I:1.23ns O:1.23ns )   --->   "%void_UpConv_Fused_Row_ap_uint_ap_uint_const_ap_uint_const_ap_uint_const_ap_u_71 = load i10 %void_UpConv_Fused_Row_ap_uint_ap_uint_const_ap_uint_const_ap_uint_const_ap_u_61" [../gen/Hls_Layers_UpConv.tpp:266]   --->   Operation 163 'load' 'void_UpConv_Fused_Row_ap_uint_ap_uint_const_ap_uint_const_ap_uint_const_ap_u_71' <Predicate = (icmp_ln266_1)> <Delay = 1.23> <CoreInst = "RAM_T2P_URAM">   --->   Core 99 'RAM_T2P_URAM' <Latency = 1> <II = 1> <Delay = 1.23> <Storage> <Opcode : 'load' 'store'> <Ports = 2> <Width = 16> <Depth = 960> <RAM>
ST_5 : Operation 164 [1/2] ( I:1.23ns O:1.23ns )   --->   "%void_UpConv_Fused_Row_ap_uint_ap_uint_const_ap_uint_const_ap_uint_const_ap_u_72 = load i10 %void_UpConv_Fused_Row_ap_uint_ap_uint_const_ap_uint_const_ap_uint_const_ap_u_62" [../gen/Hls_Layers_UpConv.tpp:266]   --->   Operation 164 'load' 'void_UpConv_Fused_Row_ap_uint_ap_uint_const_ap_uint_const_ap_uint_const_ap_u_72' <Predicate = (icmp_ln266_2)> <Delay = 1.23> <CoreInst = "RAM_T2P_URAM">   --->   Core 99 'RAM_T2P_URAM' <Latency = 1> <II = 1> <Delay = 1.23> <Storage> <Opcode : 'load' 'store'> <Ports = 2> <Width = 16> <Depth = 960> <RAM>
ST_5 : Operation 165 [1/2] ( I:1.23ns O:1.23ns )   --->   "%void_UpConv_Fused_Row_ap_uint_ap_uint_const_ap_uint_const_ap_uint_const_ap_u_73 = load i10 %void_UpConv_Fused_Row_ap_uint_ap_uint_const_ap_uint_const_ap_uint_const_ap_u_63" [../gen/Hls_Layers_UpConv.tpp:266]   --->   Operation 165 'load' 'void_UpConv_Fused_Row_ap_uint_ap_uint_const_ap_uint_const_ap_uint_const_ap_u_73' <Predicate = (icmp_ln266_3)> <Delay = 1.23> <CoreInst = "RAM_T2P_URAM">   --->   Core 99 'RAM_T2P_URAM' <Latency = 1> <II = 1> <Delay = 1.23> <Storage> <Opcode : 'load' 'store'> <Ports = 2> <Width = 16> <Depth = 960> <RAM>
ST_5 : Operation 166 [1/2] ( I:1.23ns O:1.23ns )   --->   "%void_UpConv_Fused_Row_ap_uint_ap_uint_const_ap_uint_const_ap_uint_const_ap_u_74 = load i10 %void_UpConv_Fused_Row_ap_uint_ap_uint_const_ap_uint_const_ap_uint_const_ap_u_64" [../gen/Hls_Layers_UpConv.tpp:266]   --->   Operation 166 'load' 'void_UpConv_Fused_Row_ap_uint_ap_uint_const_ap_uint_const_ap_uint_const_ap_u_74' <Predicate = (icmp_ln266_4)> <Delay = 1.23> <CoreInst = "RAM_T2P_URAM">   --->   Core 99 'RAM_T2P_URAM' <Latency = 1> <II = 1> <Delay = 1.23> <Storage> <Opcode : 'load' 'store'> <Ports = 2> <Width = 16> <Depth = 960> <RAM>
ST_5 : Operation 167 [1/2] ( I:1.23ns O:1.23ns )   --->   "%void_UpConv_Fused_Row_ap_uint_ap_uint_const_ap_uint_const_ap_uint_const_ap_u_75 = load i10 %void_UpConv_Fused_Row_ap_uint_ap_uint_const_ap_uint_const_ap_uint_const_ap_u_65" [../gen/Hls_Layers_UpConv.tpp:266]   --->   Operation 167 'load' 'void_UpConv_Fused_Row_ap_uint_ap_uint_const_ap_uint_const_ap_uint_const_ap_u_75' <Predicate = (icmp_ln266_5)> <Delay = 1.23> <CoreInst = "RAM_T2P_URAM">   --->   Core 99 'RAM_T2P_URAM' <Latency = 1> <II = 1> <Delay = 1.23> <Storage> <Opcode : 'load' 'store'> <Ports = 2> <Width = 16> <Depth = 960> <RAM>
ST_5 : Operation 168 [1/2] ( I:1.23ns O:1.23ns )   --->   "%void_UpConv_Fused_Row_ap_uint_ap_uint_const_ap_uint_const_ap_uint_const_ap_u_76 = load i10 %void_UpConv_Fused_Row_ap_uint_ap_uint_const_ap_uint_const_ap_uint_const_ap_u_66" [../gen/Hls_Layers_UpConv.tpp:266]   --->   Operation 168 'load' 'void_UpConv_Fused_Row_ap_uint_ap_uint_const_ap_uint_const_ap_uint_const_ap_u_76' <Predicate = (icmp_ln266_6)> <Delay = 1.23> <CoreInst = "RAM_T2P_URAM">   --->   Core 99 'RAM_T2P_URAM' <Latency = 1> <II = 1> <Delay = 1.23> <Storage> <Opcode : 'load' 'store'> <Ports = 2> <Width = 16> <Depth = 960> <RAM>
ST_5 : Operation 169 [1/2] ( I:1.23ns O:1.23ns )   --->   "%void_UpConv_Fused_Row_ap_uint_ap_uint_const_ap_uint_const_ap_uint_const_ap_u_77 = load i10 %void_UpConv_Fused_Row_ap_uint_ap_uint_const_ap_uint_const_ap_uint_const_ap_u_67" [../gen/Hls_Layers_UpConv.tpp:266]   --->   Operation 169 'load' 'void_UpConv_Fused_Row_ap_uint_ap_uint_const_ap_uint_const_ap_uint_const_ap_u_77' <Predicate = (icmp_ln266_7)> <Delay = 1.23> <CoreInst = "RAM_T2P_URAM">   --->   Core 99 'RAM_T2P_URAM' <Latency = 1> <II = 1> <Delay = 1.23> <Storage> <Opcode : 'load' 'store'> <Ports = 2> <Width = 16> <Depth = 960> <RAM>
ST_5 : Operation 170 [1/2] ( I:1.23ns O:1.23ns )   --->   "%void_UpConv_Fused_Row_ap_uint_ap_uint_const_ap_uint_const_ap_uint_const_ap_u_78 = load i10 %void_UpConv_Fused_Row_ap_uint_ap_uint_const_ap_uint_const_ap_uint_const_ap_u_68" [../gen/Hls_Layers_UpConv.tpp:266]   --->   Operation 170 'load' 'void_UpConv_Fused_Row_ap_uint_ap_uint_const_ap_uint_const_ap_uint_const_ap_u_78' <Predicate = (icmp_ln266_8)> <Delay = 1.23> <CoreInst = "RAM_T2P_URAM">   --->   Core 99 'RAM_T2P_URAM' <Latency = 1> <II = 1> <Delay = 1.23> <Storage> <Opcode : 'load' 'store'> <Ports = 2> <Width = 16> <Depth = 960> <RAM>
ST_5 : Operation 171 [1/2] ( I:1.23ns O:1.23ns )   --->   "%void_UpConv_Fused_Row_ap_uint_ap_uint_const_ap_uint_const_ap_uint_const_ap_u_79 = load i10 %void_UpConv_Fused_Row_ap_uint_ap_uint_const_ap_uint_const_ap_uint_const_ap_u_69" [../gen/Hls_Layers_UpConv.tpp:266]   --->   Operation 171 'load' 'void_UpConv_Fused_Row_ap_uint_ap_uint_const_ap_uint_const_ap_uint_const_ap_u_79' <Predicate = (icmp_ln266_9)> <Delay = 1.23> <CoreInst = "RAM_T2P_URAM">   --->   Core 99 'RAM_T2P_URAM' <Latency = 1> <II = 1> <Delay = 1.23> <Storage> <Opcode : 'load' 'store'> <Ports = 2> <Width = 16> <Depth = 960> <RAM>
ST_5 : Operation 172 [1/2] ( I:1.23ns O:1.23ns )   --->   "%p_ZZ16UpConv_Fused_RowILi8ELi16ELi16ELi960ELi480EEvP7ap_uintILi256EEPKS1_S4_S4_S4_42 = load i10 %p_ZZ16UpConv_Fused_RowILi8ELi16ELi16ELi960ELi480EEvP7ap_uintILi256EEPKS1_S4_S4_S4_36" [../gen/Hls_Layers_UpConv.tpp:266]   --->   Operation 172 'load' 'p_ZZ16UpConv_Fused_RowILi8ELi16ELi16ELi960ELi480EEvP7ap_uintILi256EEPKS1_S4_S4_S4_42' <Predicate = (icmp_ln266_10)> <Delay = 1.23> <CoreInst = "RAM_T2P_URAM">   --->   Core 99 'RAM_T2P_URAM' <Latency = 1> <II = 1> <Delay = 1.23> <Storage> <Opcode : 'load' 'store'> <Ports = 2> <Width = 16> <Depth = 960> <RAM>
ST_5 : Operation 173 [1/2] ( I:1.23ns O:1.23ns )   --->   "%p_ZZ16UpConv_Fused_RowILi8ELi16ELi16ELi960ELi480EEvP7ap_uintILi256EEPKS1_S4_S4_S4_43 = load i10 %p_ZZ16UpConv_Fused_RowILi8ELi16ELi16ELi960ELi480EEvP7ap_uintILi256EEPKS1_S4_S4_S4_37" [../gen/Hls_Layers_UpConv.tpp:266]   --->   Operation 173 'load' 'p_ZZ16UpConv_Fused_RowILi8ELi16ELi16ELi960ELi480EEvP7ap_uintILi256EEPKS1_S4_S4_S4_43' <Predicate = (icmp_ln266_11)> <Delay = 1.23> <CoreInst = "RAM_T2P_URAM">   --->   Core 99 'RAM_T2P_URAM' <Latency = 1> <II = 1> <Delay = 1.23> <Storage> <Opcode : 'load' 'store'> <Ports = 2> <Width = 16> <Depth = 960> <RAM>
ST_5 : Operation 174 [1/2] ( I:1.23ns O:1.23ns )   --->   "%p_ZZ16UpConv_Fused_RowILi8ELi16ELi16ELi960ELi480EEvP7ap_uintILi256EEPKS1_S4_S4_S4_44 = load i10 %p_ZZ16UpConv_Fused_RowILi8ELi16ELi16ELi960ELi480EEvP7ap_uintILi256EEPKS1_S4_S4_S4_38" [../gen/Hls_Layers_UpConv.tpp:266]   --->   Operation 174 'load' 'p_ZZ16UpConv_Fused_RowILi8ELi16ELi16ELi960ELi480EEvP7ap_uintILi256EEPKS1_S4_S4_S4_44' <Predicate = (icmp_ln266_12)> <Delay = 1.23> <CoreInst = "RAM_T2P_URAM">   --->   Core 99 'RAM_T2P_URAM' <Latency = 1> <II = 1> <Delay = 1.23> <Storage> <Opcode : 'load' 'store'> <Ports = 2> <Width = 16> <Depth = 960> <RAM>
ST_5 : Operation 175 [1/2] ( I:1.23ns O:1.23ns )   --->   "%p_ZZ16UpConv_Fused_RowILi8ELi16ELi16ELi960ELi480EEvP7ap_uintILi256EEPKS1_S4_S4_S4_45 = load i10 %p_ZZ16UpConv_Fused_RowILi8ELi16ELi16ELi960ELi480EEvP7ap_uintILi256EEPKS1_S4_S4_S4_39" [../gen/Hls_Layers_UpConv.tpp:266]   --->   Operation 175 'load' 'p_ZZ16UpConv_Fused_RowILi8ELi16ELi16ELi960ELi480EEvP7ap_uintILi256EEPKS1_S4_S4_S4_45' <Predicate = (icmp_ln266_13)> <Delay = 1.23> <CoreInst = "RAM_T2P_URAM">   --->   Core 99 'RAM_T2P_URAM' <Latency = 1> <II = 1> <Delay = 1.23> <Storage> <Opcode : 'load' 'store'> <Ports = 2> <Width = 16> <Depth = 960> <RAM>
ST_5 : Operation 176 [1/2] ( I:1.23ns O:1.23ns )   --->   "%p_ZZ16UpConv_Fused_RowILi8ELi16ELi16ELi960ELi480EEvP7ap_uintILi256EEPKS1_S4_S4_S4_46 = load i10 %p_ZZ16UpConv_Fused_RowILi8ELi16ELi16ELi960ELi480EEvP7ap_uintILi256EEPKS1_S4_S4_S4_40" [../gen/Hls_Layers_UpConv.tpp:266]   --->   Operation 176 'load' 'p_ZZ16UpConv_Fused_RowILi8ELi16ELi16ELi960ELi480EEvP7ap_uintILi256EEPKS1_S4_S4_S4_46' <Predicate = (icmp_ln266_14)> <Delay = 1.23> <CoreInst = "RAM_T2P_URAM">   --->   Core 99 'RAM_T2P_URAM' <Latency = 1> <II = 1> <Delay = 1.23> <Storage> <Opcode : 'load' 'store'> <Ports = 2> <Width = 16> <Depth = 960> <RAM>
ST_5 : Operation 177 [1/2] ( I:1.23ns O:1.23ns )   --->   "%p_ZZ16UpConv_Fused_RowILi8ELi16ELi16ELi960ELi480EEvP7ap_uintILi256EEPKS1_S4_S4_S4_47 = load i10 %p_ZZ16UpConv_Fused_RowILi8ELi16ELi16ELi960ELi480EEvP7ap_uintILi256EEPKS1_S4_S4_S4_41" [../gen/Hls_Layers_UpConv.tpp:266]   --->   Operation 177 'load' 'p_ZZ16UpConv_Fused_RowILi8ELi16ELi16ELi960ELi480EEvP7ap_uintILi256EEPKS1_S4_S4_S4_47' <Predicate = (icmp_ln266_15)> <Delay = 1.23> <CoreInst = "RAM_T2P_URAM">   --->   Core 99 'RAM_T2P_URAM' <Latency = 1> <II = 1> <Delay = 1.23> <Storage> <Opcode : 'load' 'store'> <Ports = 2> <Width = 16> <Depth = 960> <RAM>

State 6 <SV = 5> <Delay = 2.33>
ST_6 : Operation 178 [5/5] (2.33ns)   --->   "%sub1 = hsub i16 %void_UpConv_Fused_Row_ap_uint_ap_uint_const_ap_uint_const_ap_uint_const_ap_u_70, i16 %mean_w" [../gen/Hls_Layers_UpConv.tpp:269]   --->   Operation 178 'hsub' 'sub1' <Predicate = (icmp_ln266)> <Delay = 2.33> <CoreInst = "HAddSub_fulldsp">   --->   Core 55 'HAddSub_fulldsp' <Latency = 4> <II = 1> <Delay = 2.33> <FuncUnit> <Opcode : 'hadd' 'hsub'> <InPorts = 2> <OutPorts = 1>
ST_6 : Operation 179 [5/5] (2.33ns)   --->   "%sub151_1 = hsub i16 %void_UpConv_Fused_Row_ap_uint_ap_uint_const_ap_uint_const_ap_uint_const_ap_u_71, i16 %mean_w" [../gen/Hls_Layers_UpConv.tpp:269]   --->   Operation 179 'hsub' 'sub151_1' <Predicate = (icmp_ln266_1)> <Delay = 2.33> <CoreInst = "HAddSub_fulldsp">   --->   Core 55 'HAddSub_fulldsp' <Latency = 4> <II = 1> <Delay = 2.33> <FuncUnit> <Opcode : 'hadd' 'hsub'> <InPorts = 2> <OutPorts = 1>
ST_6 : Operation 180 [5/5] (2.33ns)   --->   "%sub151_2 = hsub i16 %void_UpConv_Fused_Row_ap_uint_ap_uint_const_ap_uint_const_ap_uint_const_ap_u_72, i16 %mean_w" [../gen/Hls_Layers_UpConv.tpp:269]   --->   Operation 180 'hsub' 'sub151_2' <Predicate = (icmp_ln266_2)> <Delay = 2.33> <CoreInst = "HAddSub_fulldsp">   --->   Core 55 'HAddSub_fulldsp' <Latency = 4> <II = 1> <Delay = 2.33> <FuncUnit> <Opcode : 'hadd' 'hsub'> <InPorts = 2> <OutPorts = 1>
ST_6 : Operation 181 [5/5] (2.33ns)   --->   "%sub151_3 = hsub i16 %void_UpConv_Fused_Row_ap_uint_ap_uint_const_ap_uint_const_ap_uint_const_ap_u_73, i16 %mean_w" [../gen/Hls_Layers_UpConv.tpp:269]   --->   Operation 181 'hsub' 'sub151_3' <Predicate = (icmp_ln266_3)> <Delay = 2.33> <CoreInst = "HAddSub_fulldsp">   --->   Core 55 'HAddSub_fulldsp' <Latency = 4> <II = 1> <Delay = 2.33> <FuncUnit> <Opcode : 'hadd' 'hsub'> <InPorts = 2> <OutPorts = 1>
ST_6 : Operation 182 [5/5] (2.33ns)   --->   "%sub151_4 = hsub i16 %void_UpConv_Fused_Row_ap_uint_ap_uint_const_ap_uint_const_ap_uint_const_ap_u_74, i16 %mean_w" [../gen/Hls_Layers_UpConv.tpp:269]   --->   Operation 182 'hsub' 'sub151_4' <Predicate = (icmp_ln266_4)> <Delay = 2.33> <CoreInst = "HAddSub_fulldsp">   --->   Core 55 'HAddSub_fulldsp' <Latency = 4> <II = 1> <Delay = 2.33> <FuncUnit> <Opcode : 'hadd' 'hsub'> <InPorts = 2> <OutPorts = 1>
ST_6 : Operation 183 [5/5] (2.33ns)   --->   "%sub151_5 = hsub i16 %void_UpConv_Fused_Row_ap_uint_ap_uint_const_ap_uint_const_ap_uint_const_ap_u_75, i16 %mean_w" [../gen/Hls_Layers_UpConv.tpp:269]   --->   Operation 183 'hsub' 'sub151_5' <Predicate = (icmp_ln266_5)> <Delay = 2.33> <CoreInst = "HAddSub_fulldsp">   --->   Core 55 'HAddSub_fulldsp' <Latency = 4> <II = 1> <Delay = 2.33> <FuncUnit> <Opcode : 'hadd' 'hsub'> <InPorts = 2> <OutPorts = 1>
ST_6 : Operation 184 [5/5] (2.33ns)   --->   "%sub151_6 = hsub i16 %void_UpConv_Fused_Row_ap_uint_ap_uint_const_ap_uint_const_ap_uint_const_ap_u_76, i16 %mean_w" [../gen/Hls_Layers_UpConv.tpp:269]   --->   Operation 184 'hsub' 'sub151_6' <Predicate = (icmp_ln266_6)> <Delay = 2.33> <CoreInst = "HAddSub_fulldsp">   --->   Core 55 'HAddSub_fulldsp' <Latency = 4> <II = 1> <Delay = 2.33> <FuncUnit> <Opcode : 'hadd' 'hsub'> <InPorts = 2> <OutPorts = 1>
ST_6 : Operation 185 [5/5] (2.33ns)   --->   "%sub151_7 = hsub i16 %void_UpConv_Fused_Row_ap_uint_ap_uint_const_ap_uint_const_ap_uint_const_ap_u_77, i16 %mean_w" [../gen/Hls_Layers_UpConv.tpp:269]   --->   Operation 185 'hsub' 'sub151_7' <Predicate = (icmp_ln266_7)> <Delay = 2.33> <CoreInst = "HAddSub_fulldsp">   --->   Core 55 'HAddSub_fulldsp' <Latency = 4> <II = 1> <Delay = 2.33> <FuncUnit> <Opcode : 'hadd' 'hsub'> <InPorts = 2> <OutPorts = 1>
ST_6 : Operation 186 [5/5] (2.33ns)   --->   "%sub151_8 = hsub i16 %void_UpConv_Fused_Row_ap_uint_ap_uint_const_ap_uint_const_ap_uint_const_ap_u_78, i16 %mean_w" [../gen/Hls_Layers_UpConv.tpp:269]   --->   Operation 186 'hsub' 'sub151_8' <Predicate = (icmp_ln266_8)> <Delay = 2.33> <CoreInst = "HAddSub_fulldsp">   --->   Core 55 'HAddSub_fulldsp' <Latency = 4> <II = 1> <Delay = 2.33> <FuncUnit> <Opcode : 'hadd' 'hsub'> <InPorts = 2> <OutPorts = 1>
ST_6 : Operation 187 [5/5] (2.33ns)   --->   "%sub151_9 = hsub i16 %void_UpConv_Fused_Row_ap_uint_ap_uint_const_ap_uint_const_ap_uint_const_ap_u_79, i16 %mean_w" [../gen/Hls_Layers_UpConv.tpp:269]   --->   Operation 187 'hsub' 'sub151_9' <Predicate = (icmp_ln266_9)> <Delay = 2.33> <CoreInst = "HAddSub_fulldsp">   --->   Core 55 'HAddSub_fulldsp' <Latency = 4> <II = 1> <Delay = 2.33> <FuncUnit> <Opcode : 'hadd' 'hsub'> <InPorts = 2> <OutPorts = 1>
ST_6 : Operation 188 [5/5] (2.33ns)   --->   "%sub151_s = hsub i16 %p_ZZ16UpConv_Fused_RowILi8ELi16ELi16ELi960ELi480EEvP7ap_uintILi256EEPKS1_S4_S4_S4_42, i16 %mean_w" [../gen/Hls_Layers_UpConv.tpp:269]   --->   Operation 188 'hsub' 'sub151_s' <Predicate = (icmp_ln266_10)> <Delay = 2.33> <CoreInst = "HAddSub_fulldsp">   --->   Core 55 'HAddSub_fulldsp' <Latency = 4> <II = 1> <Delay = 2.33> <FuncUnit> <Opcode : 'hadd' 'hsub'> <InPorts = 2> <OutPorts = 1>
ST_6 : Operation 189 [5/5] (2.33ns)   --->   "%sub151_10 = hsub i16 %p_ZZ16UpConv_Fused_RowILi8ELi16ELi16ELi960ELi480EEvP7ap_uintILi256EEPKS1_S4_S4_S4_43, i16 %mean_w" [../gen/Hls_Layers_UpConv.tpp:269]   --->   Operation 189 'hsub' 'sub151_10' <Predicate = (icmp_ln266_11)> <Delay = 2.33> <CoreInst = "HAddSub_fulldsp">   --->   Core 55 'HAddSub_fulldsp' <Latency = 4> <II = 1> <Delay = 2.33> <FuncUnit> <Opcode : 'hadd' 'hsub'> <InPorts = 2> <OutPorts = 1>
ST_6 : Operation 190 [5/5] (2.33ns)   --->   "%sub151_11 = hsub i16 %p_ZZ16UpConv_Fused_RowILi8ELi16ELi16ELi960ELi480EEvP7ap_uintILi256EEPKS1_S4_S4_S4_44, i16 %mean_w" [../gen/Hls_Layers_UpConv.tpp:269]   --->   Operation 190 'hsub' 'sub151_11' <Predicate = (icmp_ln266_12)> <Delay = 2.33> <CoreInst = "HAddSub_fulldsp">   --->   Core 55 'HAddSub_fulldsp' <Latency = 4> <II = 1> <Delay = 2.33> <FuncUnit> <Opcode : 'hadd' 'hsub'> <InPorts = 2> <OutPorts = 1>
ST_6 : Operation 191 [5/5] (2.33ns)   --->   "%sub151_12 = hsub i16 %p_ZZ16UpConv_Fused_RowILi8ELi16ELi16ELi960ELi480EEvP7ap_uintILi256EEPKS1_S4_S4_S4_45, i16 %mean_w" [../gen/Hls_Layers_UpConv.tpp:269]   --->   Operation 191 'hsub' 'sub151_12' <Predicate = (icmp_ln266_13)> <Delay = 2.33> <CoreInst = "HAddSub_fulldsp">   --->   Core 55 'HAddSub_fulldsp' <Latency = 4> <II = 1> <Delay = 2.33> <FuncUnit> <Opcode : 'hadd' 'hsub'> <InPorts = 2> <OutPorts = 1>
ST_6 : Operation 192 [5/5] (2.33ns)   --->   "%sub151_13 = hsub i16 %p_ZZ16UpConv_Fused_RowILi8ELi16ELi16ELi960ELi480EEvP7ap_uintILi256EEPKS1_S4_S4_S4_46, i16 %mean_w" [../gen/Hls_Layers_UpConv.tpp:269]   --->   Operation 192 'hsub' 'sub151_13' <Predicate = (icmp_ln266_14)> <Delay = 2.33> <CoreInst = "HAddSub_fulldsp">   --->   Core 55 'HAddSub_fulldsp' <Latency = 4> <II = 1> <Delay = 2.33> <FuncUnit> <Opcode : 'hadd' 'hsub'> <InPorts = 2> <OutPorts = 1>
ST_6 : Operation 193 [5/5] (2.33ns)   --->   "%sub151_14 = hsub i16 %p_ZZ16UpConv_Fused_RowILi8ELi16ELi16ELi960ELi480EEvP7ap_uintILi256EEPKS1_S4_S4_S4_47, i16 %mean_w" [../gen/Hls_Layers_UpConv.tpp:269]   --->   Operation 193 'hsub' 'sub151_14' <Predicate = (icmp_ln266_15)> <Delay = 2.33> <CoreInst = "HAddSub_fulldsp">   --->   Core 55 'HAddSub_fulldsp' <Latency = 4> <II = 1> <Delay = 2.33> <FuncUnit> <Opcode : 'hadd' 'hsub'> <InPorts = 2> <OutPorts = 1>

State 7 <SV = 6> <Delay = 2.33>
ST_7 : Operation 194 [4/5] (2.33ns)   --->   "%sub1 = hsub i16 %void_UpConv_Fused_Row_ap_uint_ap_uint_const_ap_uint_const_ap_uint_const_ap_u_70, i16 %mean_w" [../gen/Hls_Layers_UpConv.tpp:269]   --->   Operation 194 'hsub' 'sub1' <Predicate = (icmp_ln266)> <Delay = 2.33> <CoreInst = "HAddSub_fulldsp">   --->   Core 55 'HAddSub_fulldsp' <Latency = 4> <II = 1> <Delay = 2.33> <FuncUnit> <Opcode : 'hadd' 'hsub'> <InPorts = 2> <OutPorts = 1>
ST_7 : Operation 195 [4/5] (2.33ns)   --->   "%sub151_1 = hsub i16 %void_UpConv_Fused_Row_ap_uint_ap_uint_const_ap_uint_const_ap_uint_const_ap_u_71, i16 %mean_w" [../gen/Hls_Layers_UpConv.tpp:269]   --->   Operation 195 'hsub' 'sub151_1' <Predicate = (icmp_ln266_1)> <Delay = 2.33> <CoreInst = "HAddSub_fulldsp">   --->   Core 55 'HAddSub_fulldsp' <Latency = 4> <II = 1> <Delay = 2.33> <FuncUnit> <Opcode : 'hadd' 'hsub'> <InPorts = 2> <OutPorts = 1>
ST_7 : Operation 196 [4/5] (2.33ns)   --->   "%sub151_2 = hsub i16 %void_UpConv_Fused_Row_ap_uint_ap_uint_const_ap_uint_const_ap_uint_const_ap_u_72, i16 %mean_w" [../gen/Hls_Layers_UpConv.tpp:269]   --->   Operation 196 'hsub' 'sub151_2' <Predicate = (icmp_ln266_2)> <Delay = 2.33> <CoreInst = "HAddSub_fulldsp">   --->   Core 55 'HAddSub_fulldsp' <Latency = 4> <II = 1> <Delay = 2.33> <FuncUnit> <Opcode : 'hadd' 'hsub'> <InPorts = 2> <OutPorts = 1>
ST_7 : Operation 197 [4/5] (2.33ns)   --->   "%sub151_3 = hsub i16 %void_UpConv_Fused_Row_ap_uint_ap_uint_const_ap_uint_const_ap_uint_const_ap_u_73, i16 %mean_w" [../gen/Hls_Layers_UpConv.tpp:269]   --->   Operation 197 'hsub' 'sub151_3' <Predicate = (icmp_ln266_3)> <Delay = 2.33> <CoreInst = "HAddSub_fulldsp">   --->   Core 55 'HAddSub_fulldsp' <Latency = 4> <II = 1> <Delay = 2.33> <FuncUnit> <Opcode : 'hadd' 'hsub'> <InPorts = 2> <OutPorts = 1>
ST_7 : Operation 198 [4/5] (2.33ns)   --->   "%sub151_4 = hsub i16 %void_UpConv_Fused_Row_ap_uint_ap_uint_const_ap_uint_const_ap_uint_const_ap_u_74, i16 %mean_w" [../gen/Hls_Layers_UpConv.tpp:269]   --->   Operation 198 'hsub' 'sub151_4' <Predicate = (icmp_ln266_4)> <Delay = 2.33> <CoreInst = "HAddSub_fulldsp">   --->   Core 55 'HAddSub_fulldsp' <Latency = 4> <II = 1> <Delay = 2.33> <FuncUnit> <Opcode : 'hadd' 'hsub'> <InPorts = 2> <OutPorts = 1>
ST_7 : Operation 199 [4/5] (2.33ns)   --->   "%sub151_5 = hsub i16 %void_UpConv_Fused_Row_ap_uint_ap_uint_const_ap_uint_const_ap_uint_const_ap_u_75, i16 %mean_w" [../gen/Hls_Layers_UpConv.tpp:269]   --->   Operation 199 'hsub' 'sub151_5' <Predicate = (icmp_ln266_5)> <Delay = 2.33> <CoreInst = "HAddSub_fulldsp">   --->   Core 55 'HAddSub_fulldsp' <Latency = 4> <II = 1> <Delay = 2.33> <FuncUnit> <Opcode : 'hadd' 'hsub'> <InPorts = 2> <OutPorts = 1>
ST_7 : Operation 200 [4/5] (2.33ns)   --->   "%sub151_6 = hsub i16 %void_UpConv_Fused_Row_ap_uint_ap_uint_const_ap_uint_const_ap_uint_const_ap_u_76, i16 %mean_w" [../gen/Hls_Layers_UpConv.tpp:269]   --->   Operation 200 'hsub' 'sub151_6' <Predicate = (icmp_ln266_6)> <Delay = 2.33> <CoreInst = "HAddSub_fulldsp">   --->   Core 55 'HAddSub_fulldsp' <Latency = 4> <II = 1> <Delay = 2.33> <FuncUnit> <Opcode : 'hadd' 'hsub'> <InPorts = 2> <OutPorts = 1>
ST_7 : Operation 201 [4/5] (2.33ns)   --->   "%sub151_7 = hsub i16 %void_UpConv_Fused_Row_ap_uint_ap_uint_const_ap_uint_const_ap_uint_const_ap_u_77, i16 %mean_w" [../gen/Hls_Layers_UpConv.tpp:269]   --->   Operation 201 'hsub' 'sub151_7' <Predicate = (icmp_ln266_7)> <Delay = 2.33> <CoreInst = "HAddSub_fulldsp">   --->   Core 55 'HAddSub_fulldsp' <Latency = 4> <II = 1> <Delay = 2.33> <FuncUnit> <Opcode : 'hadd' 'hsub'> <InPorts = 2> <OutPorts = 1>
ST_7 : Operation 202 [4/5] (2.33ns)   --->   "%sub151_8 = hsub i16 %void_UpConv_Fused_Row_ap_uint_ap_uint_const_ap_uint_const_ap_uint_const_ap_u_78, i16 %mean_w" [../gen/Hls_Layers_UpConv.tpp:269]   --->   Operation 202 'hsub' 'sub151_8' <Predicate = (icmp_ln266_8)> <Delay = 2.33> <CoreInst = "HAddSub_fulldsp">   --->   Core 55 'HAddSub_fulldsp' <Latency = 4> <II = 1> <Delay = 2.33> <FuncUnit> <Opcode : 'hadd' 'hsub'> <InPorts = 2> <OutPorts = 1>
ST_7 : Operation 203 [4/5] (2.33ns)   --->   "%sub151_9 = hsub i16 %void_UpConv_Fused_Row_ap_uint_ap_uint_const_ap_uint_const_ap_uint_const_ap_u_79, i16 %mean_w" [../gen/Hls_Layers_UpConv.tpp:269]   --->   Operation 203 'hsub' 'sub151_9' <Predicate = (icmp_ln266_9)> <Delay = 2.33> <CoreInst = "HAddSub_fulldsp">   --->   Core 55 'HAddSub_fulldsp' <Latency = 4> <II = 1> <Delay = 2.33> <FuncUnit> <Opcode : 'hadd' 'hsub'> <InPorts = 2> <OutPorts = 1>
ST_7 : Operation 204 [4/5] (2.33ns)   --->   "%sub151_s = hsub i16 %p_ZZ16UpConv_Fused_RowILi8ELi16ELi16ELi960ELi480EEvP7ap_uintILi256EEPKS1_S4_S4_S4_42, i16 %mean_w" [../gen/Hls_Layers_UpConv.tpp:269]   --->   Operation 204 'hsub' 'sub151_s' <Predicate = (icmp_ln266_10)> <Delay = 2.33> <CoreInst = "HAddSub_fulldsp">   --->   Core 55 'HAddSub_fulldsp' <Latency = 4> <II = 1> <Delay = 2.33> <FuncUnit> <Opcode : 'hadd' 'hsub'> <InPorts = 2> <OutPorts = 1>
ST_7 : Operation 205 [4/5] (2.33ns)   --->   "%sub151_10 = hsub i16 %p_ZZ16UpConv_Fused_RowILi8ELi16ELi16ELi960ELi480EEvP7ap_uintILi256EEPKS1_S4_S4_S4_43, i16 %mean_w" [../gen/Hls_Layers_UpConv.tpp:269]   --->   Operation 205 'hsub' 'sub151_10' <Predicate = (icmp_ln266_11)> <Delay = 2.33> <CoreInst = "HAddSub_fulldsp">   --->   Core 55 'HAddSub_fulldsp' <Latency = 4> <II = 1> <Delay = 2.33> <FuncUnit> <Opcode : 'hadd' 'hsub'> <InPorts = 2> <OutPorts = 1>
ST_7 : Operation 206 [4/5] (2.33ns)   --->   "%sub151_11 = hsub i16 %p_ZZ16UpConv_Fused_RowILi8ELi16ELi16ELi960ELi480EEvP7ap_uintILi256EEPKS1_S4_S4_S4_44, i16 %mean_w" [../gen/Hls_Layers_UpConv.tpp:269]   --->   Operation 206 'hsub' 'sub151_11' <Predicate = (icmp_ln266_12)> <Delay = 2.33> <CoreInst = "HAddSub_fulldsp">   --->   Core 55 'HAddSub_fulldsp' <Latency = 4> <II = 1> <Delay = 2.33> <FuncUnit> <Opcode : 'hadd' 'hsub'> <InPorts = 2> <OutPorts = 1>
ST_7 : Operation 207 [4/5] (2.33ns)   --->   "%sub151_12 = hsub i16 %p_ZZ16UpConv_Fused_RowILi8ELi16ELi16ELi960ELi480EEvP7ap_uintILi256EEPKS1_S4_S4_S4_45, i16 %mean_w" [../gen/Hls_Layers_UpConv.tpp:269]   --->   Operation 207 'hsub' 'sub151_12' <Predicate = (icmp_ln266_13)> <Delay = 2.33> <CoreInst = "HAddSub_fulldsp">   --->   Core 55 'HAddSub_fulldsp' <Latency = 4> <II = 1> <Delay = 2.33> <FuncUnit> <Opcode : 'hadd' 'hsub'> <InPorts = 2> <OutPorts = 1>
ST_7 : Operation 208 [4/5] (2.33ns)   --->   "%sub151_13 = hsub i16 %p_ZZ16UpConv_Fused_RowILi8ELi16ELi16ELi960ELi480EEvP7ap_uintILi256EEPKS1_S4_S4_S4_46, i16 %mean_w" [../gen/Hls_Layers_UpConv.tpp:269]   --->   Operation 208 'hsub' 'sub151_13' <Predicate = (icmp_ln266_14)> <Delay = 2.33> <CoreInst = "HAddSub_fulldsp">   --->   Core 55 'HAddSub_fulldsp' <Latency = 4> <II = 1> <Delay = 2.33> <FuncUnit> <Opcode : 'hadd' 'hsub'> <InPorts = 2> <OutPorts = 1>
ST_7 : Operation 209 [4/5] (2.33ns)   --->   "%sub151_14 = hsub i16 %p_ZZ16UpConv_Fused_RowILi8ELi16ELi16ELi960ELi480EEvP7ap_uintILi256EEPKS1_S4_S4_S4_47, i16 %mean_w" [../gen/Hls_Layers_UpConv.tpp:269]   --->   Operation 209 'hsub' 'sub151_14' <Predicate = (icmp_ln266_15)> <Delay = 2.33> <CoreInst = "HAddSub_fulldsp">   --->   Core 55 'HAddSub_fulldsp' <Latency = 4> <II = 1> <Delay = 2.33> <FuncUnit> <Opcode : 'hadd' 'hsub'> <InPorts = 2> <OutPorts = 1>

State 8 <SV = 7> <Delay = 2.33>
ST_8 : Operation 210 [3/5] (2.33ns)   --->   "%sub1 = hsub i16 %void_UpConv_Fused_Row_ap_uint_ap_uint_const_ap_uint_const_ap_uint_const_ap_u_70, i16 %mean_w" [../gen/Hls_Layers_UpConv.tpp:269]   --->   Operation 210 'hsub' 'sub1' <Predicate = (icmp_ln266)> <Delay = 2.33> <CoreInst = "HAddSub_fulldsp">   --->   Core 55 'HAddSub_fulldsp' <Latency = 4> <II = 1> <Delay = 2.33> <FuncUnit> <Opcode : 'hadd' 'hsub'> <InPorts = 2> <OutPorts = 1>
ST_8 : Operation 211 [3/5] (2.33ns)   --->   "%sub151_1 = hsub i16 %void_UpConv_Fused_Row_ap_uint_ap_uint_const_ap_uint_const_ap_uint_const_ap_u_71, i16 %mean_w" [../gen/Hls_Layers_UpConv.tpp:269]   --->   Operation 211 'hsub' 'sub151_1' <Predicate = (icmp_ln266_1)> <Delay = 2.33> <CoreInst = "HAddSub_fulldsp">   --->   Core 55 'HAddSub_fulldsp' <Latency = 4> <II = 1> <Delay = 2.33> <FuncUnit> <Opcode : 'hadd' 'hsub'> <InPorts = 2> <OutPorts = 1>
ST_8 : Operation 212 [3/5] (2.33ns)   --->   "%sub151_2 = hsub i16 %void_UpConv_Fused_Row_ap_uint_ap_uint_const_ap_uint_const_ap_uint_const_ap_u_72, i16 %mean_w" [../gen/Hls_Layers_UpConv.tpp:269]   --->   Operation 212 'hsub' 'sub151_2' <Predicate = (icmp_ln266_2)> <Delay = 2.33> <CoreInst = "HAddSub_fulldsp">   --->   Core 55 'HAddSub_fulldsp' <Latency = 4> <II = 1> <Delay = 2.33> <FuncUnit> <Opcode : 'hadd' 'hsub'> <InPorts = 2> <OutPorts = 1>
ST_8 : Operation 213 [3/5] (2.33ns)   --->   "%sub151_3 = hsub i16 %void_UpConv_Fused_Row_ap_uint_ap_uint_const_ap_uint_const_ap_uint_const_ap_u_73, i16 %mean_w" [../gen/Hls_Layers_UpConv.tpp:269]   --->   Operation 213 'hsub' 'sub151_3' <Predicate = (icmp_ln266_3)> <Delay = 2.33> <CoreInst = "HAddSub_fulldsp">   --->   Core 55 'HAddSub_fulldsp' <Latency = 4> <II = 1> <Delay = 2.33> <FuncUnit> <Opcode : 'hadd' 'hsub'> <InPorts = 2> <OutPorts = 1>
ST_8 : Operation 214 [3/5] (2.33ns)   --->   "%sub151_4 = hsub i16 %void_UpConv_Fused_Row_ap_uint_ap_uint_const_ap_uint_const_ap_uint_const_ap_u_74, i16 %mean_w" [../gen/Hls_Layers_UpConv.tpp:269]   --->   Operation 214 'hsub' 'sub151_4' <Predicate = (icmp_ln266_4)> <Delay = 2.33> <CoreInst = "HAddSub_fulldsp">   --->   Core 55 'HAddSub_fulldsp' <Latency = 4> <II = 1> <Delay = 2.33> <FuncUnit> <Opcode : 'hadd' 'hsub'> <InPorts = 2> <OutPorts = 1>
ST_8 : Operation 215 [3/5] (2.33ns)   --->   "%sub151_5 = hsub i16 %void_UpConv_Fused_Row_ap_uint_ap_uint_const_ap_uint_const_ap_uint_const_ap_u_75, i16 %mean_w" [../gen/Hls_Layers_UpConv.tpp:269]   --->   Operation 215 'hsub' 'sub151_5' <Predicate = (icmp_ln266_5)> <Delay = 2.33> <CoreInst = "HAddSub_fulldsp">   --->   Core 55 'HAddSub_fulldsp' <Latency = 4> <II = 1> <Delay = 2.33> <FuncUnit> <Opcode : 'hadd' 'hsub'> <InPorts = 2> <OutPorts = 1>
ST_8 : Operation 216 [3/5] (2.33ns)   --->   "%sub151_6 = hsub i16 %void_UpConv_Fused_Row_ap_uint_ap_uint_const_ap_uint_const_ap_uint_const_ap_u_76, i16 %mean_w" [../gen/Hls_Layers_UpConv.tpp:269]   --->   Operation 216 'hsub' 'sub151_6' <Predicate = (icmp_ln266_6)> <Delay = 2.33> <CoreInst = "HAddSub_fulldsp">   --->   Core 55 'HAddSub_fulldsp' <Latency = 4> <II = 1> <Delay = 2.33> <FuncUnit> <Opcode : 'hadd' 'hsub'> <InPorts = 2> <OutPorts = 1>
ST_8 : Operation 217 [3/5] (2.33ns)   --->   "%sub151_7 = hsub i16 %void_UpConv_Fused_Row_ap_uint_ap_uint_const_ap_uint_const_ap_uint_const_ap_u_77, i16 %mean_w" [../gen/Hls_Layers_UpConv.tpp:269]   --->   Operation 217 'hsub' 'sub151_7' <Predicate = (icmp_ln266_7)> <Delay = 2.33> <CoreInst = "HAddSub_fulldsp">   --->   Core 55 'HAddSub_fulldsp' <Latency = 4> <II = 1> <Delay = 2.33> <FuncUnit> <Opcode : 'hadd' 'hsub'> <InPorts = 2> <OutPorts = 1>
ST_8 : Operation 218 [3/5] (2.33ns)   --->   "%sub151_8 = hsub i16 %void_UpConv_Fused_Row_ap_uint_ap_uint_const_ap_uint_const_ap_uint_const_ap_u_78, i16 %mean_w" [../gen/Hls_Layers_UpConv.tpp:269]   --->   Operation 218 'hsub' 'sub151_8' <Predicate = (icmp_ln266_8)> <Delay = 2.33> <CoreInst = "HAddSub_fulldsp">   --->   Core 55 'HAddSub_fulldsp' <Latency = 4> <II = 1> <Delay = 2.33> <FuncUnit> <Opcode : 'hadd' 'hsub'> <InPorts = 2> <OutPorts = 1>
ST_8 : Operation 219 [3/5] (2.33ns)   --->   "%sub151_9 = hsub i16 %void_UpConv_Fused_Row_ap_uint_ap_uint_const_ap_uint_const_ap_uint_const_ap_u_79, i16 %mean_w" [../gen/Hls_Layers_UpConv.tpp:269]   --->   Operation 219 'hsub' 'sub151_9' <Predicate = (icmp_ln266_9)> <Delay = 2.33> <CoreInst = "HAddSub_fulldsp">   --->   Core 55 'HAddSub_fulldsp' <Latency = 4> <II = 1> <Delay = 2.33> <FuncUnit> <Opcode : 'hadd' 'hsub'> <InPorts = 2> <OutPorts = 1>
ST_8 : Operation 220 [3/5] (2.33ns)   --->   "%sub151_s = hsub i16 %p_ZZ16UpConv_Fused_RowILi8ELi16ELi16ELi960ELi480EEvP7ap_uintILi256EEPKS1_S4_S4_S4_42, i16 %mean_w" [../gen/Hls_Layers_UpConv.tpp:269]   --->   Operation 220 'hsub' 'sub151_s' <Predicate = (icmp_ln266_10)> <Delay = 2.33> <CoreInst = "HAddSub_fulldsp">   --->   Core 55 'HAddSub_fulldsp' <Latency = 4> <II = 1> <Delay = 2.33> <FuncUnit> <Opcode : 'hadd' 'hsub'> <InPorts = 2> <OutPorts = 1>
ST_8 : Operation 221 [3/5] (2.33ns)   --->   "%sub151_10 = hsub i16 %p_ZZ16UpConv_Fused_RowILi8ELi16ELi16ELi960ELi480EEvP7ap_uintILi256EEPKS1_S4_S4_S4_43, i16 %mean_w" [../gen/Hls_Layers_UpConv.tpp:269]   --->   Operation 221 'hsub' 'sub151_10' <Predicate = (icmp_ln266_11)> <Delay = 2.33> <CoreInst = "HAddSub_fulldsp">   --->   Core 55 'HAddSub_fulldsp' <Latency = 4> <II = 1> <Delay = 2.33> <FuncUnit> <Opcode : 'hadd' 'hsub'> <InPorts = 2> <OutPorts = 1>
ST_8 : Operation 222 [3/5] (2.33ns)   --->   "%sub151_11 = hsub i16 %p_ZZ16UpConv_Fused_RowILi8ELi16ELi16ELi960ELi480EEvP7ap_uintILi256EEPKS1_S4_S4_S4_44, i16 %mean_w" [../gen/Hls_Layers_UpConv.tpp:269]   --->   Operation 222 'hsub' 'sub151_11' <Predicate = (icmp_ln266_12)> <Delay = 2.33> <CoreInst = "HAddSub_fulldsp">   --->   Core 55 'HAddSub_fulldsp' <Latency = 4> <II = 1> <Delay = 2.33> <FuncUnit> <Opcode : 'hadd' 'hsub'> <InPorts = 2> <OutPorts = 1>
ST_8 : Operation 223 [3/5] (2.33ns)   --->   "%sub151_12 = hsub i16 %p_ZZ16UpConv_Fused_RowILi8ELi16ELi16ELi960ELi480EEvP7ap_uintILi256EEPKS1_S4_S4_S4_45, i16 %mean_w" [../gen/Hls_Layers_UpConv.tpp:269]   --->   Operation 223 'hsub' 'sub151_12' <Predicate = (icmp_ln266_13)> <Delay = 2.33> <CoreInst = "HAddSub_fulldsp">   --->   Core 55 'HAddSub_fulldsp' <Latency = 4> <II = 1> <Delay = 2.33> <FuncUnit> <Opcode : 'hadd' 'hsub'> <InPorts = 2> <OutPorts = 1>
ST_8 : Operation 224 [3/5] (2.33ns)   --->   "%sub151_13 = hsub i16 %p_ZZ16UpConv_Fused_RowILi8ELi16ELi16ELi960ELi480EEvP7ap_uintILi256EEPKS1_S4_S4_S4_46, i16 %mean_w" [../gen/Hls_Layers_UpConv.tpp:269]   --->   Operation 224 'hsub' 'sub151_13' <Predicate = (icmp_ln266_14)> <Delay = 2.33> <CoreInst = "HAddSub_fulldsp">   --->   Core 55 'HAddSub_fulldsp' <Latency = 4> <II = 1> <Delay = 2.33> <FuncUnit> <Opcode : 'hadd' 'hsub'> <InPorts = 2> <OutPorts = 1>
ST_8 : Operation 225 [3/5] (2.33ns)   --->   "%sub151_14 = hsub i16 %p_ZZ16UpConv_Fused_RowILi8ELi16ELi16ELi960ELi480EEvP7ap_uintILi256EEPKS1_S4_S4_S4_47, i16 %mean_w" [../gen/Hls_Layers_UpConv.tpp:269]   --->   Operation 225 'hsub' 'sub151_14' <Predicate = (icmp_ln266_15)> <Delay = 2.33> <CoreInst = "HAddSub_fulldsp">   --->   Core 55 'HAddSub_fulldsp' <Latency = 4> <II = 1> <Delay = 2.33> <FuncUnit> <Opcode : 'hadd' 'hsub'> <InPorts = 2> <OutPorts = 1>

State 9 <SV = 8> <Delay = 2.33>
ST_9 : Operation 226 [1/1] (0.00ns)   --->   "%inv_buf_addr = getelementptr i16 %inv_buf, i64 0, i64 %zext_ln260" [../gen/Hls_Layers_UpConv.tpp:261]   --->   Operation 226 'getelementptr' 'inv_buf_addr' <Predicate = true> <Delay = 0.00>
ST_9 : Operation 227 [2/2] (0.67ns)   --->   "%inv_w = load i5 %inv_buf_addr" [../gen/Hls_Layers_UpConv.tpp:261]   --->   Operation 227 'load' 'inv_w' <Predicate = true> <Delay = 0.67> <CoreInst = "RAM_2P_LUTRAM">   --->   Core 92 'RAM_2P_LUTRAM' <Latency = 1> <II = 1> <Delay = 0.67> <Storage> <Opcode : 'load' 'store'> <Ports = 2> <Width = 16> <Depth = 32> <RAM>
ST_9 : Operation 228 [2/5] (2.33ns)   --->   "%sub1 = hsub i16 %void_UpConv_Fused_Row_ap_uint_ap_uint_const_ap_uint_const_ap_uint_const_ap_u_70, i16 %mean_w" [../gen/Hls_Layers_UpConv.tpp:269]   --->   Operation 228 'hsub' 'sub1' <Predicate = (icmp_ln266)> <Delay = 2.33> <CoreInst = "HAddSub_fulldsp">   --->   Core 55 'HAddSub_fulldsp' <Latency = 4> <II = 1> <Delay = 2.33> <FuncUnit> <Opcode : 'hadd' 'hsub'> <InPorts = 2> <OutPorts = 1>
ST_9 : Operation 229 [2/5] (2.33ns)   --->   "%sub151_1 = hsub i16 %void_UpConv_Fused_Row_ap_uint_ap_uint_const_ap_uint_const_ap_uint_const_ap_u_71, i16 %mean_w" [../gen/Hls_Layers_UpConv.tpp:269]   --->   Operation 229 'hsub' 'sub151_1' <Predicate = (icmp_ln266_1)> <Delay = 2.33> <CoreInst = "HAddSub_fulldsp">   --->   Core 55 'HAddSub_fulldsp' <Latency = 4> <II = 1> <Delay = 2.33> <FuncUnit> <Opcode : 'hadd' 'hsub'> <InPorts = 2> <OutPorts = 1>
ST_9 : Operation 230 [2/5] (2.33ns)   --->   "%sub151_2 = hsub i16 %void_UpConv_Fused_Row_ap_uint_ap_uint_const_ap_uint_const_ap_uint_const_ap_u_72, i16 %mean_w" [../gen/Hls_Layers_UpConv.tpp:269]   --->   Operation 230 'hsub' 'sub151_2' <Predicate = (icmp_ln266_2)> <Delay = 2.33> <CoreInst = "HAddSub_fulldsp">   --->   Core 55 'HAddSub_fulldsp' <Latency = 4> <II = 1> <Delay = 2.33> <FuncUnit> <Opcode : 'hadd' 'hsub'> <InPorts = 2> <OutPorts = 1>
ST_9 : Operation 231 [2/5] (2.33ns)   --->   "%sub151_3 = hsub i16 %void_UpConv_Fused_Row_ap_uint_ap_uint_const_ap_uint_const_ap_uint_const_ap_u_73, i16 %mean_w" [../gen/Hls_Layers_UpConv.tpp:269]   --->   Operation 231 'hsub' 'sub151_3' <Predicate = (icmp_ln266_3)> <Delay = 2.33> <CoreInst = "HAddSub_fulldsp">   --->   Core 55 'HAddSub_fulldsp' <Latency = 4> <II = 1> <Delay = 2.33> <FuncUnit> <Opcode : 'hadd' 'hsub'> <InPorts = 2> <OutPorts = 1>
ST_9 : Operation 232 [2/5] (2.33ns)   --->   "%sub151_4 = hsub i16 %void_UpConv_Fused_Row_ap_uint_ap_uint_const_ap_uint_const_ap_uint_const_ap_u_74, i16 %mean_w" [../gen/Hls_Layers_UpConv.tpp:269]   --->   Operation 232 'hsub' 'sub151_4' <Predicate = (icmp_ln266_4)> <Delay = 2.33> <CoreInst = "HAddSub_fulldsp">   --->   Core 55 'HAddSub_fulldsp' <Latency = 4> <II = 1> <Delay = 2.33> <FuncUnit> <Opcode : 'hadd' 'hsub'> <InPorts = 2> <OutPorts = 1>
ST_9 : Operation 233 [2/5] (2.33ns)   --->   "%sub151_5 = hsub i16 %void_UpConv_Fused_Row_ap_uint_ap_uint_const_ap_uint_const_ap_uint_const_ap_u_75, i16 %mean_w" [../gen/Hls_Layers_UpConv.tpp:269]   --->   Operation 233 'hsub' 'sub151_5' <Predicate = (icmp_ln266_5)> <Delay = 2.33> <CoreInst = "HAddSub_fulldsp">   --->   Core 55 'HAddSub_fulldsp' <Latency = 4> <II = 1> <Delay = 2.33> <FuncUnit> <Opcode : 'hadd' 'hsub'> <InPorts = 2> <OutPorts = 1>
ST_9 : Operation 234 [2/5] (2.33ns)   --->   "%sub151_6 = hsub i16 %void_UpConv_Fused_Row_ap_uint_ap_uint_const_ap_uint_const_ap_uint_const_ap_u_76, i16 %mean_w" [../gen/Hls_Layers_UpConv.tpp:269]   --->   Operation 234 'hsub' 'sub151_6' <Predicate = (icmp_ln266_6)> <Delay = 2.33> <CoreInst = "HAddSub_fulldsp">   --->   Core 55 'HAddSub_fulldsp' <Latency = 4> <II = 1> <Delay = 2.33> <FuncUnit> <Opcode : 'hadd' 'hsub'> <InPorts = 2> <OutPorts = 1>
ST_9 : Operation 235 [2/5] (2.33ns)   --->   "%sub151_7 = hsub i16 %void_UpConv_Fused_Row_ap_uint_ap_uint_const_ap_uint_const_ap_uint_const_ap_u_77, i16 %mean_w" [../gen/Hls_Layers_UpConv.tpp:269]   --->   Operation 235 'hsub' 'sub151_7' <Predicate = (icmp_ln266_7)> <Delay = 2.33> <CoreInst = "HAddSub_fulldsp">   --->   Core 55 'HAddSub_fulldsp' <Latency = 4> <II = 1> <Delay = 2.33> <FuncUnit> <Opcode : 'hadd' 'hsub'> <InPorts = 2> <OutPorts = 1>
ST_9 : Operation 236 [2/5] (2.33ns)   --->   "%sub151_8 = hsub i16 %void_UpConv_Fused_Row_ap_uint_ap_uint_const_ap_uint_const_ap_uint_const_ap_u_78, i16 %mean_w" [../gen/Hls_Layers_UpConv.tpp:269]   --->   Operation 236 'hsub' 'sub151_8' <Predicate = (icmp_ln266_8)> <Delay = 2.33> <CoreInst = "HAddSub_fulldsp">   --->   Core 55 'HAddSub_fulldsp' <Latency = 4> <II = 1> <Delay = 2.33> <FuncUnit> <Opcode : 'hadd' 'hsub'> <InPorts = 2> <OutPorts = 1>
ST_9 : Operation 237 [2/5] (2.33ns)   --->   "%sub151_9 = hsub i16 %void_UpConv_Fused_Row_ap_uint_ap_uint_const_ap_uint_const_ap_uint_const_ap_u_79, i16 %mean_w" [../gen/Hls_Layers_UpConv.tpp:269]   --->   Operation 237 'hsub' 'sub151_9' <Predicate = (icmp_ln266_9)> <Delay = 2.33> <CoreInst = "HAddSub_fulldsp">   --->   Core 55 'HAddSub_fulldsp' <Latency = 4> <II = 1> <Delay = 2.33> <FuncUnit> <Opcode : 'hadd' 'hsub'> <InPorts = 2> <OutPorts = 1>
ST_9 : Operation 238 [2/5] (2.33ns)   --->   "%sub151_s = hsub i16 %p_ZZ16UpConv_Fused_RowILi8ELi16ELi16ELi960ELi480EEvP7ap_uintILi256EEPKS1_S4_S4_S4_42, i16 %mean_w" [../gen/Hls_Layers_UpConv.tpp:269]   --->   Operation 238 'hsub' 'sub151_s' <Predicate = (icmp_ln266_10)> <Delay = 2.33> <CoreInst = "HAddSub_fulldsp">   --->   Core 55 'HAddSub_fulldsp' <Latency = 4> <II = 1> <Delay = 2.33> <FuncUnit> <Opcode : 'hadd' 'hsub'> <InPorts = 2> <OutPorts = 1>
ST_9 : Operation 239 [2/5] (2.33ns)   --->   "%sub151_10 = hsub i16 %p_ZZ16UpConv_Fused_RowILi8ELi16ELi16ELi960ELi480EEvP7ap_uintILi256EEPKS1_S4_S4_S4_43, i16 %mean_w" [../gen/Hls_Layers_UpConv.tpp:269]   --->   Operation 239 'hsub' 'sub151_10' <Predicate = (icmp_ln266_11)> <Delay = 2.33> <CoreInst = "HAddSub_fulldsp">   --->   Core 55 'HAddSub_fulldsp' <Latency = 4> <II = 1> <Delay = 2.33> <FuncUnit> <Opcode : 'hadd' 'hsub'> <InPorts = 2> <OutPorts = 1>
ST_9 : Operation 240 [2/5] (2.33ns)   --->   "%sub151_11 = hsub i16 %p_ZZ16UpConv_Fused_RowILi8ELi16ELi16ELi960ELi480EEvP7ap_uintILi256EEPKS1_S4_S4_S4_44, i16 %mean_w" [../gen/Hls_Layers_UpConv.tpp:269]   --->   Operation 240 'hsub' 'sub151_11' <Predicate = (icmp_ln266_12)> <Delay = 2.33> <CoreInst = "HAddSub_fulldsp">   --->   Core 55 'HAddSub_fulldsp' <Latency = 4> <II = 1> <Delay = 2.33> <FuncUnit> <Opcode : 'hadd' 'hsub'> <InPorts = 2> <OutPorts = 1>
ST_9 : Operation 241 [2/5] (2.33ns)   --->   "%sub151_12 = hsub i16 %p_ZZ16UpConv_Fused_RowILi8ELi16ELi16ELi960ELi480EEvP7ap_uintILi256EEPKS1_S4_S4_S4_45, i16 %mean_w" [../gen/Hls_Layers_UpConv.tpp:269]   --->   Operation 241 'hsub' 'sub151_12' <Predicate = (icmp_ln266_13)> <Delay = 2.33> <CoreInst = "HAddSub_fulldsp">   --->   Core 55 'HAddSub_fulldsp' <Latency = 4> <II = 1> <Delay = 2.33> <FuncUnit> <Opcode : 'hadd' 'hsub'> <InPorts = 2> <OutPorts = 1>
ST_9 : Operation 242 [2/5] (2.33ns)   --->   "%sub151_13 = hsub i16 %p_ZZ16UpConv_Fused_RowILi8ELi16ELi16ELi960ELi480EEvP7ap_uintILi256EEPKS1_S4_S4_S4_46, i16 %mean_w" [../gen/Hls_Layers_UpConv.tpp:269]   --->   Operation 242 'hsub' 'sub151_13' <Predicate = (icmp_ln266_14)> <Delay = 2.33> <CoreInst = "HAddSub_fulldsp">   --->   Core 55 'HAddSub_fulldsp' <Latency = 4> <II = 1> <Delay = 2.33> <FuncUnit> <Opcode : 'hadd' 'hsub'> <InPorts = 2> <OutPorts = 1>
ST_9 : Operation 243 [2/5] (2.33ns)   --->   "%sub151_14 = hsub i16 %p_ZZ16UpConv_Fused_RowILi8ELi16ELi16ELi960ELi480EEvP7ap_uintILi256EEPKS1_S4_S4_S4_47, i16 %mean_w" [../gen/Hls_Layers_UpConv.tpp:269]   --->   Operation 243 'hsub' 'sub151_14' <Predicate = (icmp_ln266_15)> <Delay = 2.33> <CoreInst = "HAddSub_fulldsp">   --->   Core 55 'HAddSub_fulldsp' <Latency = 4> <II = 1> <Delay = 2.33> <FuncUnit> <Opcode : 'hadd' 'hsub'> <InPorts = 2> <OutPorts = 1>

State 10 <SV = 9> <Delay = 2.33>
ST_10 : Operation 244 [1/2] ( I:0.67ns O:0.67ns )   --->   "%inv_w = load i5 %inv_buf_addr" [../gen/Hls_Layers_UpConv.tpp:261]   --->   Operation 244 'load' 'inv_w' <Predicate = true> <Delay = 0.67> <CoreInst = "RAM_2P_LUTRAM">   --->   Core 92 'RAM_2P_LUTRAM' <Latency = 1> <II = 1> <Delay = 0.67> <Storage> <Opcode : 'load' 'store'> <Ports = 2> <Width = 16> <Depth = 32> <RAM>
ST_10 : Operation 245 [1/5] (2.33ns)   --->   "%sub1 = hsub i16 %void_UpConv_Fused_Row_ap_uint_ap_uint_const_ap_uint_const_ap_uint_const_ap_u_70, i16 %mean_w" [../gen/Hls_Layers_UpConv.tpp:269]   --->   Operation 245 'hsub' 'sub1' <Predicate = (icmp_ln266)> <Delay = 2.33> <CoreInst = "HAddSub_fulldsp">   --->   Core 55 'HAddSub_fulldsp' <Latency = 4> <II = 1> <Delay = 2.33> <FuncUnit> <Opcode : 'hadd' 'hsub'> <InPorts = 2> <OutPorts = 1>
ST_10 : Operation 246 [1/5] (2.33ns)   --->   "%sub151_1 = hsub i16 %void_UpConv_Fused_Row_ap_uint_ap_uint_const_ap_uint_const_ap_uint_const_ap_u_71, i16 %mean_w" [../gen/Hls_Layers_UpConv.tpp:269]   --->   Operation 246 'hsub' 'sub151_1' <Predicate = (icmp_ln266_1)> <Delay = 2.33> <CoreInst = "HAddSub_fulldsp">   --->   Core 55 'HAddSub_fulldsp' <Latency = 4> <II = 1> <Delay = 2.33> <FuncUnit> <Opcode : 'hadd' 'hsub'> <InPorts = 2> <OutPorts = 1>
ST_10 : Operation 247 [1/5] (2.33ns)   --->   "%sub151_2 = hsub i16 %void_UpConv_Fused_Row_ap_uint_ap_uint_const_ap_uint_const_ap_uint_const_ap_u_72, i16 %mean_w" [../gen/Hls_Layers_UpConv.tpp:269]   --->   Operation 247 'hsub' 'sub151_2' <Predicate = (icmp_ln266_2)> <Delay = 2.33> <CoreInst = "HAddSub_fulldsp">   --->   Core 55 'HAddSub_fulldsp' <Latency = 4> <II = 1> <Delay = 2.33> <FuncUnit> <Opcode : 'hadd' 'hsub'> <InPorts = 2> <OutPorts = 1>
ST_10 : Operation 248 [1/5] (2.33ns)   --->   "%sub151_3 = hsub i16 %void_UpConv_Fused_Row_ap_uint_ap_uint_const_ap_uint_const_ap_uint_const_ap_u_73, i16 %mean_w" [../gen/Hls_Layers_UpConv.tpp:269]   --->   Operation 248 'hsub' 'sub151_3' <Predicate = (icmp_ln266_3)> <Delay = 2.33> <CoreInst = "HAddSub_fulldsp">   --->   Core 55 'HAddSub_fulldsp' <Latency = 4> <II = 1> <Delay = 2.33> <FuncUnit> <Opcode : 'hadd' 'hsub'> <InPorts = 2> <OutPorts = 1>
ST_10 : Operation 249 [1/5] (2.33ns)   --->   "%sub151_4 = hsub i16 %void_UpConv_Fused_Row_ap_uint_ap_uint_const_ap_uint_const_ap_uint_const_ap_u_74, i16 %mean_w" [../gen/Hls_Layers_UpConv.tpp:269]   --->   Operation 249 'hsub' 'sub151_4' <Predicate = (icmp_ln266_4)> <Delay = 2.33> <CoreInst = "HAddSub_fulldsp">   --->   Core 55 'HAddSub_fulldsp' <Latency = 4> <II = 1> <Delay = 2.33> <FuncUnit> <Opcode : 'hadd' 'hsub'> <InPorts = 2> <OutPorts = 1>
ST_10 : Operation 250 [1/5] (2.33ns)   --->   "%sub151_5 = hsub i16 %void_UpConv_Fused_Row_ap_uint_ap_uint_const_ap_uint_const_ap_uint_const_ap_u_75, i16 %mean_w" [../gen/Hls_Layers_UpConv.tpp:269]   --->   Operation 250 'hsub' 'sub151_5' <Predicate = (icmp_ln266_5)> <Delay = 2.33> <CoreInst = "HAddSub_fulldsp">   --->   Core 55 'HAddSub_fulldsp' <Latency = 4> <II = 1> <Delay = 2.33> <FuncUnit> <Opcode : 'hadd' 'hsub'> <InPorts = 2> <OutPorts = 1>
ST_10 : Operation 251 [1/5] (2.33ns)   --->   "%sub151_6 = hsub i16 %void_UpConv_Fused_Row_ap_uint_ap_uint_const_ap_uint_const_ap_uint_const_ap_u_76, i16 %mean_w" [../gen/Hls_Layers_UpConv.tpp:269]   --->   Operation 251 'hsub' 'sub151_6' <Predicate = (icmp_ln266_6)> <Delay = 2.33> <CoreInst = "HAddSub_fulldsp">   --->   Core 55 'HAddSub_fulldsp' <Latency = 4> <II = 1> <Delay = 2.33> <FuncUnit> <Opcode : 'hadd' 'hsub'> <InPorts = 2> <OutPorts = 1>
ST_10 : Operation 252 [1/5] (2.33ns)   --->   "%sub151_7 = hsub i16 %void_UpConv_Fused_Row_ap_uint_ap_uint_const_ap_uint_const_ap_uint_const_ap_u_77, i16 %mean_w" [../gen/Hls_Layers_UpConv.tpp:269]   --->   Operation 252 'hsub' 'sub151_7' <Predicate = (icmp_ln266_7)> <Delay = 2.33> <CoreInst = "HAddSub_fulldsp">   --->   Core 55 'HAddSub_fulldsp' <Latency = 4> <II = 1> <Delay = 2.33> <FuncUnit> <Opcode : 'hadd' 'hsub'> <InPorts = 2> <OutPorts = 1>
ST_10 : Operation 253 [1/5] (2.33ns)   --->   "%sub151_8 = hsub i16 %void_UpConv_Fused_Row_ap_uint_ap_uint_const_ap_uint_const_ap_uint_const_ap_u_78, i16 %mean_w" [../gen/Hls_Layers_UpConv.tpp:269]   --->   Operation 253 'hsub' 'sub151_8' <Predicate = (icmp_ln266_8)> <Delay = 2.33> <CoreInst = "HAddSub_fulldsp">   --->   Core 55 'HAddSub_fulldsp' <Latency = 4> <II = 1> <Delay = 2.33> <FuncUnit> <Opcode : 'hadd' 'hsub'> <InPorts = 2> <OutPorts = 1>
ST_10 : Operation 254 [1/5] (2.33ns)   --->   "%sub151_9 = hsub i16 %void_UpConv_Fused_Row_ap_uint_ap_uint_const_ap_uint_const_ap_uint_const_ap_u_79, i16 %mean_w" [../gen/Hls_Layers_UpConv.tpp:269]   --->   Operation 254 'hsub' 'sub151_9' <Predicate = (icmp_ln266_9)> <Delay = 2.33> <CoreInst = "HAddSub_fulldsp">   --->   Core 55 'HAddSub_fulldsp' <Latency = 4> <II = 1> <Delay = 2.33> <FuncUnit> <Opcode : 'hadd' 'hsub'> <InPorts = 2> <OutPorts = 1>
ST_10 : Operation 255 [1/5] (2.33ns)   --->   "%sub151_s = hsub i16 %p_ZZ16UpConv_Fused_RowILi8ELi16ELi16ELi960ELi480EEvP7ap_uintILi256EEPKS1_S4_S4_S4_42, i16 %mean_w" [../gen/Hls_Layers_UpConv.tpp:269]   --->   Operation 255 'hsub' 'sub151_s' <Predicate = (icmp_ln266_10)> <Delay = 2.33> <CoreInst = "HAddSub_fulldsp">   --->   Core 55 'HAddSub_fulldsp' <Latency = 4> <II = 1> <Delay = 2.33> <FuncUnit> <Opcode : 'hadd' 'hsub'> <InPorts = 2> <OutPorts = 1>
ST_10 : Operation 256 [1/5] (2.33ns)   --->   "%sub151_10 = hsub i16 %p_ZZ16UpConv_Fused_RowILi8ELi16ELi16ELi960ELi480EEvP7ap_uintILi256EEPKS1_S4_S4_S4_43, i16 %mean_w" [../gen/Hls_Layers_UpConv.tpp:269]   --->   Operation 256 'hsub' 'sub151_10' <Predicate = (icmp_ln266_11)> <Delay = 2.33> <CoreInst = "HAddSub_fulldsp">   --->   Core 55 'HAddSub_fulldsp' <Latency = 4> <II = 1> <Delay = 2.33> <FuncUnit> <Opcode : 'hadd' 'hsub'> <InPorts = 2> <OutPorts = 1>
ST_10 : Operation 257 [1/5] (2.33ns)   --->   "%sub151_11 = hsub i16 %p_ZZ16UpConv_Fused_RowILi8ELi16ELi16ELi960ELi480EEvP7ap_uintILi256EEPKS1_S4_S4_S4_44, i16 %mean_w" [../gen/Hls_Layers_UpConv.tpp:269]   --->   Operation 257 'hsub' 'sub151_11' <Predicate = (icmp_ln266_12)> <Delay = 2.33> <CoreInst = "HAddSub_fulldsp">   --->   Core 55 'HAddSub_fulldsp' <Latency = 4> <II = 1> <Delay = 2.33> <FuncUnit> <Opcode : 'hadd' 'hsub'> <InPorts = 2> <OutPorts = 1>
ST_10 : Operation 258 [1/5] (2.33ns)   --->   "%sub151_12 = hsub i16 %p_ZZ16UpConv_Fused_RowILi8ELi16ELi16ELi960ELi480EEvP7ap_uintILi256EEPKS1_S4_S4_S4_45, i16 %mean_w" [../gen/Hls_Layers_UpConv.tpp:269]   --->   Operation 258 'hsub' 'sub151_12' <Predicate = (icmp_ln266_13)> <Delay = 2.33> <CoreInst = "HAddSub_fulldsp">   --->   Core 55 'HAddSub_fulldsp' <Latency = 4> <II = 1> <Delay = 2.33> <FuncUnit> <Opcode : 'hadd' 'hsub'> <InPorts = 2> <OutPorts = 1>
ST_10 : Operation 259 [1/5] (2.33ns)   --->   "%sub151_13 = hsub i16 %p_ZZ16UpConv_Fused_RowILi8ELi16ELi16ELi960ELi480EEvP7ap_uintILi256EEPKS1_S4_S4_S4_46, i16 %mean_w" [../gen/Hls_Layers_UpConv.tpp:269]   --->   Operation 259 'hsub' 'sub151_13' <Predicate = (icmp_ln266_14)> <Delay = 2.33> <CoreInst = "HAddSub_fulldsp">   --->   Core 55 'HAddSub_fulldsp' <Latency = 4> <II = 1> <Delay = 2.33> <FuncUnit> <Opcode : 'hadd' 'hsub'> <InPorts = 2> <OutPorts = 1>
ST_10 : Operation 260 [1/5] (2.33ns)   --->   "%sub151_14 = hsub i16 %p_ZZ16UpConv_Fused_RowILi8ELi16ELi16ELi960ELi480EEvP7ap_uintILi256EEPKS1_S4_S4_S4_47, i16 %mean_w" [../gen/Hls_Layers_UpConv.tpp:269]   --->   Operation 260 'hsub' 'sub151_14' <Predicate = (icmp_ln266_15)> <Delay = 2.33> <CoreInst = "HAddSub_fulldsp">   --->   Core 55 'HAddSub_fulldsp' <Latency = 4> <II = 1> <Delay = 2.33> <FuncUnit> <Opcode : 'hadd' 'hsub'> <InPorts = 2> <OutPorts = 1>

State 11 <SV = 10> <Delay = 2.09>
ST_11 : Operation 261 [4/4] (2.09ns)   --->   "%mul1 = hmul i16 %sub1, i16 %inv_w" [../gen/Hls_Layers_UpConv.tpp:269]   --->   Operation 261 'hmul' 'mul1' <Predicate = (icmp_ln266)> <Delay = 2.09> <CoreInst = "HMul_maxdsp">   --->   Core 60 'HMul_maxdsp' <Latency = 3> <II = 1> <Delay = 2.09> <FuncUnit> <Opcode : 'hmul'> <InPorts = 2> <OutPorts = 1>
ST_11 : Operation 262 [4/4] (2.09ns)   --->   "%mul152_1 = hmul i16 %sub151_1, i16 %inv_w" [../gen/Hls_Layers_UpConv.tpp:269]   --->   Operation 262 'hmul' 'mul152_1' <Predicate = (icmp_ln266_1)> <Delay = 2.09> <CoreInst = "HMul_maxdsp">   --->   Core 60 'HMul_maxdsp' <Latency = 3> <II = 1> <Delay = 2.09> <FuncUnit> <Opcode : 'hmul'> <InPorts = 2> <OutPorts = 1>
ST_11 : Operation 263 [4/4] (2.09ns)   --->   "%mul152_2 = hmul i16 %sub151_2, i16 %inv_w" [../gen/Hls_Layers_UpConv.tpp:269]   --->   Operation 263 'hmul' 'mul152_2' <Predicate = (icmp_ln266_2)> <Delay = 2.09> <CoreInst = "HMul_maxdsp">   --->   Core 60 'HMul_maxdsp' <Latency = 3> <II = 1> <Delay = 2.09> <FuncUnit> <Opcode : 'hmul'> <InPorts = 2> <OutPorts = 1>
ST_11 : Operation 264 [4/4] (2.09ns)   --->   "%mul152_3 = hmul i16 %sub151_3, i16 %inv_w" [../gen/Hls_Layers_UpConv.tpp:269]   --->   Operation 264 'hmul' 'mul152_3' <Predicate = (icmp_ln266_3)> <Delay = 2.09> <CoreInst = "HMul_maxdsp">   --->   Core 60 'HMul_maxdsp' <Latency = 3> <II = 1> <Delay = 2.09> <FuncUnit> <Opcode : 'hmul'> <InPorts = 2> <OutPorts = 1>
ST_11 : Operation 265 [4/4] (2.09ns)   --->   "%mul152_4 = hmul i16 %sub151_4, i16 %inv_w" [../gen/Hls_Layers_UpConv.tpp:269]   --->   Operation 265 'hmul' 'mul152_4' <Predicate = (icmp_ln266_4)> <Delay = 2.09> <CoreInst = "HMul_maxdsp">   --->   Core 60 'HMul_maxdsp' <Latency = 3> <II = 1> <Delay = 2.09> <FuncUnit> <Opcode : 'hmul'> <InPorts = 2> <OutPorts = 1>
ST_11 : Operation 266 [4/4] (2.09ns)   --->   "%mul152_5 = hmul i16 %sub151_5, i16 %inv_w" [../gen/Hls_Layers_UpConv.tpp:269]   --->   Operation 266 'hmul' 'mul152_5' <Predicate = (icmp_ln266_5)> <Delay = 2.09> <CoreInst = "HMul_maxdsp">   --->   Core 60 'HMul_maxdsp' <Latency = 3> <II = 1> <Delay = 2.09> <FuncUnit> <Opcode : 'hmul'> <InPorts = 2> <OutPorts = 1>
ST_11 : Operation 267 [4/4] (2.09ns)   --->   "%mul152_6 = hmul i16 %sub151_6, i16 %inv_w" [../gen/Hls_Layers_UpConv.tpp:269]   --->   Operation 267 'hmul' 'mul152_6' <Predicate = (icmp_ln266_6)> <Delay = 2.09> <CoreInst = "HMul_maxdsp">   --->   Core 60 'HMul_maxdsp' <Latency = 3> <II = 1> <Delay = 2.09> <FuncUnit> <Opcode : 'hmul'> <InPorts = 2> <OutPorts = 1>
ST_11 : Operation 268 [4/4] (2.09ns)   --->   "%mul152_7 = hmul i16 %sub151_7, i16 %inv_w" [../gen/Hls_Layers_UpConv.tpp:269]   --->   Operation 268 'hmul' 'mul152_7' <Predicate = (icmp_ln266_7)> <Delay = 2.09> <CoreInst = "HMul_maxdsp">   --->   Core 60 'HMul_maxdsp' <Latency = 3> <II = 1> <Delay = 2.09> <FuncUnit> <Opcode : 'hmul'> <InPorts = 2> <OutPorts = 1>
ST_11 : Operation 269 [4/4] (2.09ns)   --->   "%mul152_8 = hmul i16 %sub151_8, i16 %inv_w" [../gen/Hls_Layers_UpConv.tpp:269]   --->   Operation 269 'hmul' 'mul152_8' <Predicate = (icmp_ln266_8)> <Delay = 2.09> <CoreInst = "HMul_maxdsp">   --->   Core 60 'HMul_maxdsp' <Latency = 3> <II = 1> <Delay = 2.09> <FuncUnit> <Opcode : 'hmul'> <InPorts = 2> <OutPorts = 1>
ST_11 : Operation 270 [4/4] (2.09ns)   --->   "%mul152_9 = hmul i16 %sub151_9, i16 %inv_w" [../gen/Hls_Layers_UpConv.tpp:269]   --->   Operation 270 'hmul' 'mul152_9' <Predicate = (icmp_ln266_9)> <Delay = 2.09> <CoreInst = "HMul_maxdsp">   --->   Core 60 'HMul_maxdsp' <Latency = 3> <II = 1> <Delay = 2.09> <FuncUnit> <Opcode : 'hmul'> <InPorts = 2> <OutPorts = 1>
ST_11 : Operation 271 [4/4] (2.09ns)   --->   "%mul152_s = hmul i16 %sub151_s, i16 %inv_w" [../gen/Hls_Layers_UpConv.tpp:269]   --->   Operation 271 'hmul' 'mul152_s' <Predicate = (icmp_ln266_10)> <Delay = 2.09> <CoreInst = "HMul_maxdsp">   --->   Core 60 'HMul_maxdsp' <Latency = 3> <II = 1> <Delay = 2.09> <FuncUnit> <Opcode : 'hmul'> <InPorts = 2> <OutPorts = 1>
ST_11 : Operation 272 [4/4] (2.09ns)   --->   "%mul152_10 = hmul i16 %sub151_10, i16 %inv_w" [../gen/Hls_Layers_UpConv.tpp:269]   --->   Operation 272 'hmul' 'mul152_10' <Predicate = (icmp_ln266_11)> <Delay = 2.09> <CoreInst = "HMul_maxdsp">   --->   Core 60 'HMul_maxdsp' <Latency = 3> <II = 1> <Delay = 2.09> <FuncUnit> <Opcode : 'hmul'> <InPorts = 2> <OutPorts = 1>
ST_11 : Operation 273 [4/4] (2.09ns)   --->   "%mul152_11 = hmul i16 %sub151_11, i16 %inv_w" [../gen/Hls_Layers_UpConv.tpp:269]   --->   Operation 273 'hmul' 'mul152_11' <Predicate = (icmp_ln266_12)> <Delay = 2.09> <CoreInst = "HMul_maxdsp">   --->   Core 60 'HMul_maxdsp' <Latency = 3> <II = 1> <Delay = 2.09> <FuncUnit> <Opcode : 'hmul'> <InPorts = 2> <OutPorts = 1>
ST_11 : Operation 274 [4/4] (2.09ns)   --->   "%mul152_12 = hmul i16 %sub151_12, i16 %inv_w" [../gen/Hls_Layers_UpConv.tpp:269]   --->   Operation 274 'hmul' 'mul152_12' <Predicate = (icmp_ln266_13)> <Delay = 2.09> <CoreInst = "HMul_maxdsp">   --->   Core 60 'HMul_maxdsp' <Latency = 3> <II = 1> <Delay = 2.09> <FuncUnit> <Opcode : 'hmul'> <InPorts = 2> <OutPorts = 1>
ST_11 : Operation 275 [4/4] (2.09ns)   --->   "%mul152_13 = hmul i16 %sub151_13, i16 %inv_w" [../gen/Hls_Layers_UpConv.tpp:269]   --->   Operation 275 'hmul' 'mul152_13' <Predicate = (icmp_ln266_14)> <Delay = 2.09> <CoreInst = "HMul_maxdsp">   --->   Core 60 'HMul_maxdsp' <Latency = 3> <II = 1> <Delay = 2.09> <FuncUnit> <Opcode : 'hmul'> <InPorts = 2> <OutPorts = 1>
ST_11 : Operation 276 [4/4] (2.09ns)   --->   "%mul152_14 = hmul i16 %sub151_14, i16 %inv_w" [../gen/Hls_Layers_UpConv.tpp:269]   --->   Operation 276 'hmul' 'mul152_14' <Predicate = (icmp_ln266_15)> <Delay = 2.09> <CoreInst = "HMul_maxdsp">   --->   Core 60 'HMul_maxdsp' <Latency = 3> <II = 1> <Delay = 2.09> <FuncUnit> <Opcode : 'hmul'> <InPorts = 2> <OutPorts = 1>

State 12 <SV = 11> <Delay = 2.09>
ST_12 : Operation 277 [3/4] (2.09ns)   --->   "%mul1 = hmul i16 %sub1, i16 %inv_w" [../gen/Hls_Layers_UpConv.tpp:269]   --->   Operation 277 'hmul' 'mul1' <Predicate = (icmp_ln266)> <Delay = 2.09> <CoreInst = "HMul_maxdsp">   --->   Core 60 'HMul_maxdsp' <Latency = 3> <II = 1> <Delay = 2.09> <FuncUnit> <Opcode : 'hmul'> <InPorts = 2> <OutPorts = 1>
ST_12 : Operation 278 [3/4] (2.09ns)   --->   "%mul152_1 = hmul i16 %sub151_1, i16 %inv_w" [../gen/Hls_Layers_UpConv.tpp:269]   --->   Operation 278 'hmul' 'mul152_1' <Predicate = (icmp_ln266_1)> <Delay = 2.09> <CoreInst = "HMul_maxdsp">   --->   Core 60 'HMul_maxdsp' <Latency = 3> <II = 1> <Delay = 2.09> <FuncUnit> <Opcode : 'hmul'> <InPorts = 2> <OutPorts = 1>
ST_12 : Operation 279 [3/4] (2.09ns)   --->   "%mul152_2 = hmul i16 %sub151_2, i16 %inv_w" [../gen/Hls_Layers_UpConv.tpp:269]   --->   Operation 279 'hmul' 'mul152_2' <Predicate = (icmp_ln266_2)> <Delay = 2.09> <CoreInst = "HMul_maxdsp">   --->   Core 60 'HMul_maxdsp' <Latency = 3> <II = 1> <Delay = 2.09> <FuncUnit> <Opcode : 'hmul'> <InPorts = 2> <OutPorts = 1>
ST_12 : Operation 280 [3/4] (2.09ns)   --->   "%mul152_3 = hmul i16 %sub151_3, i16 %inv_w" [../gen/Hls_Layers_UpConv.tpp:269]   --->   Operation 280 'hmul' 'mul152_3' <Predicate = (icmp_ln266_3)> <Delay = 2.09> <CoreInst = "HMul_maxdsp">   --->   Core 60 'HMul_maxdsp' <Latency = 3> <II = 1> <Delay = 2.09> <FuncUnit> <Opcode : 'hmul'> <InPorts = 2> <OutPorts = 1>
ST_12 : Operation 281 [3/4] (2.09ns)   --->   "%mul152_4 = hmul i16 %sub151_4, i16 %inv_w" [../gen/Hls_Layers_UpConv.tpp:269]   --->   Operation 281 'hmul' 'mul152_4' <Predicate = (icmp_ln266_4)> <Delay = 2.09> <CoreInst = "HMul_maxdsp">   --->   Core 60 'HMul_maxdsp' <Latency = 3> <II = 1> <Delay = 2.09> <FuncUnit> <Opcode : 'hmul'> <InPorts = 2> <OutPorts = 1>
ST_12 : Operation 282 [3/4] (2.09ns)   --->   "%mul152_5 = hmul i16 %sub151_5, i16 %inv_w" [../gen/Hls_Layers_UpConv.tpp:269]   --->   Operation 282 'hmul' 'mul152_5' <Predicate = (icmp_ln266_5)> <Delay = 2.09> <CoreInst = "HMul_maxdsp">   --->   Core 60 'HMul_maxdsp' <Latency = 3> <II = 1> <Delay = 2.09> <FuncUnit> <Opcode : 'hmul'> <InPorts = 2> <OutPorts = 1>
ST_12 : Operation 283 [3/4] (2.09ns)   --->   "%mul152_6 = hmul i16 %sub151_6, i16 %inv_w" [../gen/Hls_Layers_UpConv.tpp:269]   --->   Operation 283 'hmul' 'mul152_6' <Predicate = (icmp_ln266_6)> <Delay = 2.09> <CoreInst = "HMul_maxdsp">   --->   Core 60 'HMul_maxdsp' <Latency = 3> <II = 1> <Delay = 2.09> <FuncUnit> <Opcode : 'hmul'> <InPorts = 2> <OutPorts = 1>
ST_12 : Operation 284 [3/4] (2.09ns)   --->   "%mul152_7 = hmul i16 %sub151_7, i16 %inv_w" [../gen/Hls_Layers_UpConv.tpp:269]   --->   Operation 284 'hmul' 'mul152_7' <Predicate = (icmp_ln266_7)> <Delay = 2.09> <CoreInst = "HMul_maxdsp">   --->   Core 60 'HMul_maxdsp' <Latency = 3> <II = 1> <Delay = 2.09> <FuncUnit> <Opcode : 'hmul'> <InPorts = 2> <OutPorts = 1>
ST_12 : Operation 285 [3/4] (2.09ns)   --->   "%mul152_8 = hmul i16 %sub151_8, i16 %inv_w" [../gen/Hls_Layers_UpConv.tpp:269]   --->   Operation 285 'hmul' 'mul152_8' <Predicate = (icmp_ln266_8)> <Delay = 2.09> <CoreInst = "HMul_maxdsp">   --->   Core 60 'HMul_maxdsp' <Latency = 3> <II = 1> <Delay = 2.09> <FuncUnit> <Opcode : 'hmul'> <InPorts = 2> <OutPorts = 1>
ST_12 : Operation 286 [3/4] (2.09ns)   --->   "%mul152_9 = hmul i16 %sub151_9, i16 %inv_w" [../gen/Hls_Layers_UpConv.tpp:269]   --->   Operation 286 'hmul' 'mul152_9' <Predicate = (icmp_ln266_9)> <Delay = 2.09> <CoreInst = "HMul_maxdsp">   --->   Core 60 'HMul_maxdsp' <Latency = 3> <II = 1> <Delay = 2.09> <FuncUnit> <Opcode : 'hmul'> <InPorts = 2> <OutPorts = 1>
ST_12 : Operation 287 [3/4] (2.09ns)   --->   "%mul152_s = hmul i16 %sub151_s, i16 %inv_w" [../gen/Hls_Layers_UpConv.tpp:269]   --->   Operation 287 'hmul' 'mul152_s' <Predicate = (icmp_ln266_10)> <Delay = 2.09> <CoreInst = "HMul_maxdsp">   --->   Core 60 'HMul_maxdsp' <Latency = 3> <II = 1> <Delay = 2.09> <FuncUnit> <Opcode : 'hmul'> <InPorts = 2> <OutPorts = 1>
ST_12 : Operation 288 [3/4] (2.09ns)   --->   "%mul152_10 = hmul i16 %sub151_10, i16 %inv_w" [../gen/Hls_Layers_UpConv.tpp:269]   --->   Operation 288 'hmul' 'mul152_10' <Predicate = (icmp_ln266_11)> <Delay = 2.09> <CoreInst = "HMul_maxdsp">   --->   Core 60 'HMul_maxdsp' <Latency = 3> <II = 1> <Delay = 2.09> <FuncUnit> <Opcode : 'hmul'> <InPorts = 2> <OutPorts = 1>
ST_12 : Operation 289 [3/4] (2.09ns)   --->   "%mul152_11 = hmul i16 %sub151_11, i16 %inv_w" [../gen/Hls_Layers_UpConv.tpp:269]   --->   Operation 289 'hmul' 'mul152_11' <Predicate = (icmp_ln266_12)> <Delay = 2.09> <CoreInst = "HMul_maxdsp">   --->   Core 60 'HMul_maxdsp' <Latency = 3> <II = 1> <Delay = 2.09> <FuncUnit> <Opcode : 'hmul'> <InPorts = 2> <OutPorts = 1>
ST_12 : Operation 290 [3/4] (2.09ns)   --->   "%mul152_12 = hmul i16 %sub151_12, i16 %inv_w" [../gen/Hls_Layers_UpConv.tpp:269]   --->   Operation 290 'hmul' 'mul152_12' <Predicate = (icmp_ln266_13)> <Delay = 2.09> <CoreInst = "HMul_maxdsp">   --->   Core 60 'HMul_maxdsp' <Latency = 3> <II = 1> <Delay = 2.09> <FuncUnit> <Opcode : 'hmul'> <InPorts = 2> <OutPorts = 1>
ST_12 : Operation 291 [3/4] (2.09ns)   --->   "%mul152_13 = hmul i16 %sub151_13, i16 %inv_w" [../gen/Hls_Layers_UpConv.tpp:269]   --->   Operation 291 'hmul' 'mul152_13' <Predicate = (icmp_ln266_14)> <Delay = 2.09> <CoreInst = "HMul_maxdsp">   --->   Core 60 'HMul_maxdsp' <Latency = 3> <II = 1> <Delay = 2.09> <FuncUnit> <Opcode : 'hmul'> <InPorts = 2> <OutPorts = 1>
ST_12 : Operation 292 [3/4] (2.09ns)   --->   "%mul152_14 = hmul i16 %sub151_14, i16 %inv_w" [../gen/Hls_Layers_UpConv.tpp:269]   --->   Operation 292 'hmul' 'mul152_14' <Predicate = (icmp_ln266_15)> <Delay = 2.09> <CoreInst = "HMul_maxdsp">   --->   Core 60 'HMul_maxdsp' <Latency = 3> <II = 1> <Delay = 2.09> <FuncUnit> <Opcode : 'hmul'> <InPorts = 2> <OutPorts = 1>

State 13 <SV = 12> <Delay = 2.09>
ST_13 : Operation 293 [1/1] (0.00ns)   --->   "%idxprom135 = zext i32 %cwn_load"   --->   Operation 293 'zext' 'idxprom135' <Predicate = true> <Delay = 0.00>
ST_13 : Operation 294 [1/1] (0.00ns)   --->   "%g_buf_addr = getelementptr i256 %g_buf, i64 0, i64 %idxprom135"   --->   Operation 294 'getelementptr' 'g_buf_addr' <Predicate = true> <Delay = 0.00>
ST_13 : Operation 295 [2/2] (1.23ns)   --->   "%g_buf_load = load i5 %g_buf_addr"   --->   Operation 295 'load' 'g_buf_load' <Predicate = true> <Delay = 1.23> <CoreInst = "RAM_T2P_BRAM">   --->   Core 98 'RAM_T2P_BRAM' <Latency = 1> <II = 1> <Delay = 1.23> <Storage> <Opcode : 'load' 'store'> <Ports = 2> <Width = 256> <Depth = 30> <RAM>
ST_13 : Operation 296 [2/4] (2.09ns)   --->   "%mul1 = hmul i16 %sub1, i16 %inv_w" [../gen/Hls_Layers_UpConv.tpp:269]   --->   Operation 296 'hmul' 'mul1' <Predicate = (icmp_ln266)> <Delay = 2.09> <CoreInst = "HMul_maxdsp">   --->   Core 60 'HMul_maxdsp' <Latency = 3> <II = 1> <Delay = 2.09> <FuncUnit> <Opcode : 'hmul'> <InPorts = 2> <OutPorts = 1>
ST_13 : Operation 297 [2/4] (2.09ns)   --->   "%mul152_1 = hmul i16 %sub151_1, i16 %inv_w" [../gen/Hls_Layers_UpConv.tpp:269]   --->   Operation 297 'hmul' 'mul152_1' <Predicate = (icmp_ln266_1)> <Delay = 2.09> <CoreInst = "HMul_maxdsp">   --->   Core 60 'HMul_maxdsp' <Latency = 3> <II = 1> <Delay = 2.09> <FuncUnit> <Opcode : 'hmul'> <InPorts = 2> <OutPorts = 1>
ST_13 : Operation 298 [2/4] (2.09ns)   --->   "%mul152_2 = hmul i16 %sub151_2, i16 %inv_w" [../gen/Hls_Layers_UpConv.tpp:269]   --->   Operation 298 'hmul' 'mul152_2' <Predicate = (icmp_ln266_2)> <Delay = 2.09> <CoreInst = "HMul_maxdsp">   --->   Core 60 'HMul_maxdsp' <Latency = 3> <II = 1> <Delay = 2.09> <FuncUnit> <Opcode : 'hmul'> <InPorts = 2> <OutPorts = 1>
ST_13 : Operation 299 [2/4] (2.09ns)   --->   "%mul152_3 = hmul i16 %sub151_3, i16 %inv_w" [../gen/Hls_Layers_UpConv.tpp:269]   --->   Operation 299 'hmul' 'mul152_3' <Predicate = (icmp_ln266_3)> <Delay = 2.09> <CoreInst = "HMul_maxdsp">   --->   Core 60 'HMul_maxdsp' <Latency = 3> <II = 1> <Delay = 2.09> <FuncUnit> <Opcode : 'hmul'> <InPorts = 2> <OutPorts = 1>
ST_13 : Operation 300 [2/4] (2.09ns)   --->   "%mul152_4 = hmul i16 %sub151_4, i16 %inv_w" [../gen/Hls_Layers_UpConv.tpp:269]   --->   Operation 300 'hmul' 'mul152_4' <Predicate = (icmp_ln266_4)> <Delay = 2.09> <CoreInst = "HMul_maxdsp">   --->   Core 60 'HMul_maxdsp' <Latency = 3> <II = 1> <Delay = 2.09> <FuncUnit> <Opcode : 'hmul'> <InPorts = 2> <OutPorts = 1>
ST_13 : Operation 301 [2/4] (2.09ns)   --->   "%mul152_5 = hmul i16 %sub151_5, i16 %inv_w" [../gen/Hls_Layers_UpConv.tpp:269]   --->   Operation 301 'hmul' 'mul152_5' <Predicate = (icmp_ln266_5)> <Delay = 2.09> <CoreInst = "HMul_maxdsp">   --->   Core 60 'HMul_maxdsp' <Latency = 3> <II = 1> <Delay = 2.09> <FuncUnit> <Opcode : 'hmul'> <InPorts = 2> <OutPorts = 1>
ST_13 : Operation 302 [2/4] (2.09ns)   --->   "%mul152_6 = hmul i16 %sub151_6, i16 %inv_w" [../gen/Hls_Layers_UpConv.tpp:269]   --->   Operation 302 'hmul' 'mul152_6' <Predicate = (icmp_ln266_6)> <Delay = 2.09> <CoreInst = "HMul_maxdsp">   --->   Core 60 'HMul_maxdsp' <Latency = 3> <II = 1> <Delay = 2.09> <FuncUnit> <Opcode : 'hmul'> <InPorts = 2> <OutPorts = 1>
ST_13 : Operation 303 [2/4] (2.09ns)   --->   "%mul152_7 = hmul i16 %sub151_7, i16 %inv_w" [../gen/Hls_Layers_UpConv.tpp:269]   --->   Operation 303 'hmul' 'mul152_7' <Predicate = (icmp_ln266_7)> <Delay = 2.09> <CoreInst = "HMul_maxdsp">   --->   Core 60 'HMul_maxdsp' <Latency = 3> <II = 1> <Delay = 2.09> <FuncUnit> <Opcode : 'hmul'> <InPorts = 2> <OutPorts = 1>
ST_13 : Operation 304 [2/4] (2.09ns)   --->   "%mul152_8 = hmul i16 %sub151_8, i16 %inv_w" [../gen/Hls_Layers_UpConv.tpp:269]   --->   Operation 304 'hmul' 'mul152_8' <Predicate = (icmp_ln266_8)> <Delay = 2.09> <CoreInst = "HMul_maxdsp">   --->   Core 60 'HMul_maxdsp' <Latency = 3> <II = 1> <Delay = 2.09> <FuncUnit> <Opcode : 'hmul'> <InPorts = 2> <OutPorts = 1>
ST_13 : Operation 305 [2/4] (2.09ns)   --->   "%mul152_9 = hmul i16 %sub151_9, i16 %inv_w" [../gen/Hls_Layers_UpConv.tpp:269]   --->   Operation 305 'hmul' 'mul152_9' <Predicate = (icmp_ln266_9)> <Delay = 2.09> <CoreInst = "HMul_maxdsp">   --->   Core 60 'HMul_maxdsp' <Latency = 3> <II = 1> <Delay = 2.09> <FuncUnit> <Opcode : 'hmul'> <InPorts = 2> <OutPorts = 1>
ST_13 : Operation 306 [2/4] (2.09ns)   --->   "%mul152_s = hmul i16 %sub151_s, i16 %inv_w" [../gen/Hls_Layers_UpConv.tpp:269]   --->   Operation 306 'hmul' 'mul152_s' <Predicate = (icmp_ln266_10)> <Delay = 2.09> <CoreInst = "HMul_maxdsp">   --->   Core 60 'HMul_maxdsp' <Latency = 3> <II = 1> <Delay = 2.09> <FuncUnit> <Opcode : 'hmul'> <InPorts = 2> <OutPorts = 1>
ST_13 : Operation 307 [2/4] (2.09ns)   --->   "%mul152_10 = hmul i16 %sub151_10, i16 %inv_w" [../gen/Hls_Layers_UpConv.tpp:269]   --->   Operation 307 'hmul' 'mul152_10' <Predicate = (icmp_ln266_11)> <Delay = 2.09> <CoreInst = "HMul_maxdsp">   --->   Core 60 'HMul_maxdsp' <Latency = 3> <II = 1> <Delay = 2.09> <FuncUnit> <Opcode : 'hmul'> <InPorts = 2> <OutPorts = 1>
ST_13 : Operation 308 [2/4] (2.09ns)   --->   "%mul152_11 = hmul i16 %sub151_11, i16 %inv_w" [../gen/Hls_Layers_UpConv.tpp:269]   --->   Operation 308 'hmul' 'mul152_11' <Predicate = (icmp_ln266_12)> <Delay = 2.09> <CoreInst = "HMul_maxdsp">   --->   Core 60 'HMul_maxdsp' <Latency = 3> <II = 1> <Delay = 2.09> <FuncUnit> <Opcode : 'hmul'> <InPorts = 2> <OutPorts = 1>
ST_13 : Operation 309 [2/4] (2.09ns)   --->   "%mul152_12 = hmul i16 %sub151_12, i16 %inv_w" [../gen/Hls_Layers_UpConv.tpp:269]   --->   Operation 309 'hmul' 'mul152_12' <Predicate = (icmp_ln266_13)> <Delay = 2.09> <CoreInst = "HMul_maxdsp">   --->   Core 60 'HMul_maxdsp' <Latency = 3> <II = 1> <Delay = 2.09> <FuncUnit> <Opcode : 'hmul'> <InPorts = 2> <OutPorts = 1>
ST_13 : Operation 310 [2/4] (2.09ns)   --->   "%mul152_13 = hmul i16 %sub151_13, i16 %inv_w" [../gen/Hls_Layers_UpConv.tpp:269]   --->   Operation 310 'hmul' 'mul152_13' <Predicate = (icmp_ln266_14)> <Delay = 2.09> <CoreInst = "HMul_maxdsp">   --->   Core 60 'HMul_maxdsp' <Latency = 3> <II = 1> <Delay = 2.09> <FuncUnit> <Opcode : 'hmul'> <InPorts = 2> <OutPorts = 1>
ST_13 : Operation 311 [2/4] (2.09ns)   --->   "%mul152_14 = hmul i16 %sub151_14, i16 %inv_w" [../gen/Hls_Layers_UpConv.tpp:269]   --->   Operation 311 'hmul' 'mul152_14' <Predicate = (icmp_ln266_15)> <Delay = 2.09> <CoreInst = "HMul_maxdsp">   --->   Core 60 'HMul_maxdsp' <Latency = 3> <II = 1> <Delay = 2.09> <FuncUnit> <Opcode : 'hmul'> <InPorts = 2> <OutPorts = 1>

State 14 <SV = 13> <Delay = 2.09>
ST_14 : Operation 312 [1/2] ( I:1.23ns O:1.23ns )   --->   "%g_buf_load = load i5 %g_buf_addr"   --->   Operation 312 'load' 'g_buf_load' <Predicate = true> <Delay = 1.23> <CoreInst = "RAM_T2P_BRAM">   --->   Core 98 'RAM_T2P_BRAM' <Latency = 1> <II = 1> <Delay = 1.23> <Storage> <Opcode : 'load' 'store'> <Ports = 2> <Width = 256> <Depth = 30> <RAM>
ST_14 : Operation 313 [1/1] (0.00ns)   --->   "%u = trunc i256 %g_buf_load" [../gen/Hls_Layers_UpConv.tpp:267]   --->   Operation 313 'trunc' 'u' <Predicate = (icmp_ln266)> <Delay = 0.00>
ST_14 : Operation 314 [1/4] (2.09ns)   --->   "%mul1 = hmul i16 %sub1, i16 %inv_w" [../gen/Hls_Layers_UpConv.tpp:269]   --->   Operation 314 'hmul' 'mul1' <Predicate = (icmp_ln266)> <Delay = 2.09> <CoreInst = "HMul_maxdsp">   --->   Core 60 'HMul_maxdsp' <Latency = 3> <II = 1> <Delay = 2.09> <FuncUnit> <Opcode : 'hmul'> <InPorts = 2> <OutPorts = 1>
ST_14 : Operation 315 [1/1] (0.00ns)   --->   "%u_145 = partselect i16 @_ssdm_op_PartSelect.i16.i256.i32, i256 %g_buf_load, i32 16" [../gen/Hls_Layers_UpConv.tpp:267]   --->   Operation 315 'partselect' 'u_145' <Predicate = (icmp_ln266_1)> <Delay = 0.00>
ST_14 : Operation 316 [1/4] (2.09ns)   --->   "%mul152_1 = hmul i16 %sub151_1, i16 %inv_w" [../gen/Hls_Layers_UpConv.tpp:269]   --->   Operation 316 'hmul' 'mul152_1' <Predicate = (icmp_ln266_1)> <Delay = 2.09> <CoreInst = "HMul_maxdsp">   --->   Core 60 'HMul_maxdsp' <Latency = 3> <II = 1> <Delay = 2.09> <FuncUnit> <Opcode : 'hmul'> <InPorts = 2> <OutPorts = 1>
ST_14 : Operation 317 [1/1] (0.00ns)   --->   "%u_146 = partselect i16 @_ssdm_op_PartSelect.i16.i256.i32, i256 %g_buf_load, i32 32" [../gen/Hls_Layers_UpConv.tpp:267]   --->   Operation 317 'partselect' 'u_146' <Predicate = (icmp_ln266_2)> <Delay = 0.00>
ST_14 : Operation 318 [1/4] (2.09ns)   --->   "%mul152_2 = hmul i16 %sub151_2, i16 %inv_w" [../gen/Hls_Layers_UpConv.tpp:269]   --->   Operation 318 'hmul' 'mul152_2' <Predicate = (icmp_ln266_2)> <Delay = 2.09> <CoreInst = "HMul_maxdsp">   --->   Core 60 'HMul_maxdsp' <Latency = 3> <II = 1> <Delay = 2.09> <FuncUnit> <Opcode : 'hmul'> <InPorts = 2> <OutPorts = 1>
ST_14 : Operation 319 [1/1] (0.00ns)   --->   "%u_147 = partselect i16 @_ssdm_op_PartSelect.i16.i256.i32, i256 %g_buf_load, i32 48" [../gen/Hls_Layers_UpConv.tpp:267]   --->   Operation 319 'partselect' 'u_147' <Predicate = (icmp_ln266_3)> <Delay = 0.00>
ST_14 : Operation 320 [1/4] (2.09ns)   --->   "%mul152_3 = hmul i16 %sub151_3, i16 %inv_w" [../gen/Hls_Layers_UpConv.tpp:269]   --->   Operation 320 'hmul' 'mul152_3' <Predicate = (icmp_ln266_3)> <Delay = 2.09> <CoreInst = "HMul_maxdsp">   --->   Core 60 'HMul_maxdsp' <Latency = 3> <II = 1> <Delay = 2.09> <FuncUnit> <Opcode : 'hmul'> <InPorts = 2> <OutPorts = 1>
ST_14 : Operation 321 [1/1] (0.00ns)   --->   "%u_148 = partselect i16 @_ssdm_op_PartSelect.i16.i256.i32, i256 %g_buf_load, i32 64" [../gen/Hls_Layers_UpConv.tpp:267]   --->   Operation 321 'partselect' 'u_148' <Predicate = (icmp_ln266_4)> <Delay = 0.00>
ST_14 : Operation 322 [1/4] (2.09ns)   --->   "%mul152_4 = hmul i16 %sub151_4, i16 %inv_w" [../gen/Hls_Layers_UpConv.tpp:269]   --->   Operation 322 'hmul' 'mul152_4' <Predicate = (icmp_ln266_4)> <Delay = 2.09> <CoreInst = "HMul_maxdsp">   --->   Core 60 'HMul_maxdsp' <Latency = 3> <II = 1> <Delay = 2.09> <FuncUnit> <Opcode : 'hmul'> <InPorts = 2> <OutPorts = 1>
ST_14 : Operation 323 [1/1] (0.00ns)   --->   "%u_149 = partselect i16 @_ssdm_op_PartSelect.i16.i256.i32, i256 %g_buf_load, i32 80" [../gen/Hls_Layers_UpConv.tpp:267]   --->   Operation 323 'partselect' 'u_149' <Predicate = (icmp_ln266_5)> <Delay = 0.00>
ST_14 : Operation 324 [1/4] (2.09ns)   --->   "%mul152_5 = hmul i16 %sub151_5, i16 %inv_w" [../gen/Hls_Layers_UpConv.tpp:269]   --->   Operation 324 'hmul' 'mul152_5' <Predicate = (icmp_ln266_5)> <Delay = 2.09> <CoreInst = "HMul_maxdsp">   --->   Core 60 'HMul_maxdsp' <Latency = 3> <II = 1> <Delay = 2.09> <FuncUnit> <Opcode : 'hmul'> <InPorts = 2> <OutPorts = 1>
ST_14 : Operation 325 [1/1] (0.00ns)   --->   "%u_150 = partselect i16 @_ssdm_op_PartSelect.i16.i256.i32, i256 %g_buf_load, i32 96" [../gen/Hls_Layers_UpConv.tpp:267]   --->   Operation 325 'partselect' 'u_150' <Predicate = (icmp_ln266_6)> <Delay = 0.00>
ST_14 : Operation 326 [1/4] (2.09ns)   --->   "%mul152_6 = hmul i16 %sub151_6, i16 %inv_w" [../gen/Hls_Layers_UpConv.tpp:269]   --->   Operation 326 'hmul' 'mul152_6' <Predicate = (icmp_ln266_6)> <Delay = 2.09> <CoreInst = "HMul_maxdsp">   --->   Core 60 'HMul_maxdsp' <Latency = 3> <II = 1> <Delay = 2.09> <FuncUnit> <Opcode : 'hmul'> <InPorts = 2> <OutPorts = 1>
ST_14 : Operation 327 [1/1] (0.00ns)   --->   "%u_151 = partselect i16 @_ssdm_op_PartSelect.i16.i256.i32, i256 %g_buf_load, i32 112" [../gen/Hls_Layers_UpConv.tpp:267]   --->   Operation 327 'partselect' 'u_151' <Predicate = (icmp_ln266_7)> <Delay = 0.00>
ST_14 : Operation 328 [1/4] (2.09ns)   --->   "%mul152_7 = hmul i16 %sub151_7, i16 %inv_w" [../gen/Hls_Layers_UpConv.tpp:269]   --->   Operation 328 'hmul' 'mul152_7' <Predicate = (icmp_ln266_7)> <Delay = 2.09> <CoreInst = "HMul_maxdsp">   --->   Core 60 'HMul_maxdsp' <Latency = 3> <II = 1> <Delay = 2.09> <FuncUnit> <Opcode : 'hmul'> <InPorts = 2> <OutPorts = 1>
ST_14 : Operation 329 [1/1] (0.00ns)   --->   "%u_152 = partselect i16 @_ssdm_op_PartSelect.i16.i256.i32, i256 %g_buf_load, i32 128" [../gen/Hls_Layers_UpConv.tpp:267]   --->   Operation 329 'partselect' 'u_152' <Predicate = (icmp_ln266_8)> <Delay = 0.00>
ST_14 : Operation 330 [1/4] (2.09ns)   --->   "%mul152_8 = hmul i16 %sub151_8, i16 %inv_w" [../gen/Hls_Layers_UpConv.tpp:269]   --->   Operation 330 'hmul' 'mul152_8' <Predicate = (icmp_ln266_8)> <Delay = 2.09> <CoreInst = "HMul_maxdsp">   --->   Core 60 'HMul_maxdsp' <Latency = 3> <II = 1> <Delay = 2.09> <FuncUnit> <Opcode : 'hmul'> <InPorts = 2> <OutPorts = 1>
ST_14 : Operation 331 [1/1] (0.00ns)   --->   "%u_154 = partselect i16 @_ssdm_op_PartSelect.i16.i256.i32, i256 %g_buf_load, i32 144" [../gen/Hls_Layers_UpConv.tpp:267]   --->   Operation 331 'partselect' 'u_154' <Predicate = (icmp_ln266_9)> <Delay = 0.00>
ST_14 : Operation 332 [1/4] (2.09ns)   --->   "%mul152_9 = hmul i16 %sub151_9, i16 %inv_w" [../gen/Hls_Layers_UpConv.tpp:269]   --->   Operation 332 'hmul' 'mul152_9' <Predicate = (icmp_ln266_9)> <Delay = 2.09> <CoreInst = "HMul_maxdsp">   --->   Core 60 'HMul_maxdsp' <Latency = 3> <II = 1> <Delay = 2.09> <FuncUnit> <Opcode : 'hmul'> <InPorts = 2> <OutPorts = 1>
ST_14 : Operation 333 [1/1] (0.00ns)   --->   "%u_156 = partselect i16 @_ssdm_op_PartSelect.i16.i256.i32, i256 %g_buf_load, i32 160" [../gen/Hls_Layers_UpConv.tpp:267]   --->   Operation 333 'partselect' 'u_156' <Predicate = (icmp_ln266_10)> <Delay = 0.00>
ST_14 : Operation 334 [1/4] (2.09ns)   --->   "%mul152_s = hmul i16 %sub151_s, i16 %inv_w" [../gen/Hls_Layers_UpConv.tpp:269]   --->   Operation 334 'hmul' 'mul152_s' <Predicate = (icmp_ln266_10)> <Delay = 2.09> <CoreInst = "HMul_maxdsp">   --->   Core 60 'HMul_maxdsp' <Latency = 3> <II = 1> <Delay = 2.09> <FuncUnit> <Opcode : 'hmul'> <InPorts = 2> <OutPorts = 1>
ST_14 : Operation 335 [1/1] (0.00ns)   --->   "%u_158 = partselect i16 @_ssdm_op_PartSelect.i16.i256.i32, i256 %g_buf_load, i32 176" [../gen/Hls_Layers_UpConv.tpp:267]   --->   Operation 335 'partselect' 'u_158' <Predicate = (icmp_ln266_11)> <Delay = 0.00>
ST_14 : Operation 336 [1/4] (2.09ns)   --->   "%mul152_10 = hmul i16 %sub151_10, i16 %inv_w" [../gen/Hls_Layers_UpConv.tpp:269]   --->   Operation 336 'hmul' 'mul152_10' <Predicate = (icmp_ln266_11)> <Delay = 2.09> <CoreInst = "HMul_maxdsp">   --->   Core 60 'HMul_maxdsp' <Latency = 3> <II = 1> <Delay = 2.09> <FuncUnit> <Opcode : 'hmul'> <InPorts = 2> <OutPorts = 1>
ST_14 : Operation 337 [1/1] (0.00ns)   --->   "%u_160 = partselect i16 @_ssdm_op_PartSelect.i16.i256.i32, i256 %g_buf_load, i32 192" [../gen/Hls_Layers_UpConv.tpp:267]   --->   Operation 337 'partselect' 'u_160' <Predicate = (icmp_ln266_12)> <Delay = 0.00>
ST_14 : Operation 338 [1/4] (2.09ns)   --->   "%mul152_11 = hmul i16 %sub151_11, i16 %inv_w" [../gen/Hls_Layers_UpConv.tpp:269]   --->   Operation 338 'hmul' 'mul152_11' <Predicate = (icmp_ln266_12)> <Delay = 2.09> <CoreInst = "HMul_maxdsp">   --->   Core 60 'HMul_maxdsp' <Latency = 3> <II = 1> <Delay = 2.09> <FuncUnit> <Opcode : 'hmul'> <InPorts = 2> <OutPorts = 1>
ST_14 : Operation 339 [1/1] (0.00ns)   --->   "%u_162 = partselect i16 @_ssdm_op_PartSelect.i16.i256.i32, i256 %g_buf_load, i32 208" [../gen/Hls_Layers_UpConv.tpp:267]   --->   Operation 339 'partselect' 'u_162' <Predicate = (icmp_ln266_13)> <Delay = 0.00>
ST_14 : Operation 340 [1/4] (2.09ns)   --->   "%mul152_12 = hmul i16 %sub151_12, i16 %inv_w" [../gen/Hls_Layers_UpConv.tpp:269]   --->   Operation 340 'hmul' 'mul152_12' <Predicate = (icmp_ln266_13)> <Delay = 2.09> <CoreInst = "HMul_maxdsp">   --->   Core 60 'HMul_maxdsp' <Latency = 3> <II = 1> <Delay = 2.09> <FuncUnit> <Opcode : 'hmul'> <InPorts = 2> <OutPorts = 1>
ST_14 : Operation 341 [1/1] (0.00ns)   --->   "%u_164 = partselect i16 @_ssdm_op_PartSelect.i16.i256.i32, i256 %g_buf_load, i32 224" [../gen/Hls_Layers_UpConv.tpp:267]   --->   Operation 341 'partselect' 'u_164' <Predicate = (icmp_ln266_14)> <Delay = 0.00>
ST_14 : Operation 342 [1/4] (2.09ns)   --->   "%mul152_13 = hmul i16 %sub151_13, i16 %inv_w" [../gen/Hls_Layers_UpConv.tpp:269]   --->   Operation 342 'hmul' 'mul152_13' <Predicate = (icmp_ln266_14)> <Delay = 2.09> <CoreInst = "HMul_maxdsp">   --->   Core 60 'HMul_maxdsp' <Latency = 3> <II = 1> <Delay = 2.09> <FuncUnit> <Opcode : 'hmul'> <InPorts = 2> <OutPorts = 1>
ST_14 : Operation 343 [1/1] (0.00ns)   --->   "%u_166 = partselect i16 @_ssdm_op_PartSelect.i16.i256.i32, i256 %g_buf_load, i32 240" [../gen/Hls_Layers_UpConv.tpp:267]   --->   Operation 343 'partselect' 'u_166' <Predicate = (icmp_ln266_15)> <Delay = 0.00>
ST_14 : Operation 344 [1/4] (2.09ns)   --->   "%mul152_14 = hmul i16 %sub151_14, i16 %inv_w" [../gen/Hls_Layers_UpConv.tpp:269]   --->   Operation 344 'hmul' 'mul152_14' <Predicate = (icmp_ln266_15)> <Delay = 2.09> <CoreInst = "HMul_maxdsp">   --->   Core 60 'HMul_maxdsp' <Latency = 3> <II = 1> <Delay = 2.09> <FuncUnit> <Opcode : 'hmul'> <InPorts = 2> <OutPorts = 1>

State 15 <SV = 14> <Delay = 2.09>
ST_15 : Operation 345 [1/1] (0.00ns)   --->   "%g = bitcast i16 %u" [../gen/Hls_Layers_UpConv.tpp:43->../gen/Hls_Layers_UpConv.tpp:267]   --->   Operation 345 'bitcast' 'g' <Predicate = (icmp_ln266)> <Delay = 0.00>
ST_15 : Operation 346 [4/4] (2.09ns)   --->   "%mul2 = hmul i16 %mul1, i16 %g" [../gen/Hls_Layers_UpConv.tpp:269]   --->   Operation 346 'hmul' 'mul2' <Predicate = (icmp_ln266)> <Delay = 2.09> <CoreInst = "HMul_maxdsp">   --->   Core 60 'HMul_maxdsp' <Latency = 3> <II = 1> <Delay = 2.09> <FuncUnit> <Opcode : 'hmul'> <InPorts = 2> <OutPorts = 1>
ST_15 : Operation 347 [1/1] (0.00ns)   --->   "%g_1 = bitcast i16 %u_145" [../gen/Hls_Layers_UpConv.tpp:43->../gen/Hls_Layers_UpConv.tpp:267]   --->   Operation 347 'bitcast' 'g_1' <Predicate = (icmp_ln266_1)> <Delay = 0.00>
ST_15 : Operation 348 [4/4] (2.09ns)   --->   "%mul153_1 = hmul i16 %mul152_1, i16 %g_1" [../gen/Hls_Layers_UpConv.tpp:269]   --->   Operation 348 'hmul' 'mul153_1' <Predicate = (icmp_ln266_1)> <Delay = 2.09> <CoreInst = "HMul_maxdsp">   --->   Core 60 'HMul_maxdsp' <Latency = 3> <II = 1> <Delay = 2.09> <FuncUnit> <Opcode : 'hmul'> <InPorts = 2> <OutPorts = 1>
ST_15 : Operation 349 [1/1] (0.00ns)   --->   "%g_2 = bitcast i16 %u_146" [../gen/Hls_Layers_UpConv.tpp:43->../gen/Hls_Layers_UpConv.tpp:267]   --->   Operation 349 'bitcast' 'g_2' <Predicate = (icmp_ln266_2)> <Delay = 0.00>
ST_15 : Operation 350 [4/4] (2.09ns)   --->   "%mul153_2 = hmul i16 %mul152_2, i16 %g_2" [../gen/Hls_Layers_UpConv.tpp:269]   --->   Operation 350 'hmul' 'mul153_2' <Predicate = (icmp_ln266_2)> <Delay = 2.09> <CoreInst = "HMul_maxdsp">   --->   Core 60 'HMul_maxdsp' <Latency = 3> <II = 1> <Delay = 2.09> <FuncUnit> <Opcode : 'hmul'> <InPorts = 2> <OutPorts = 1>
ST_15 : Operation 351 [1/1] (0.00ns)   --->   "%g_3 = bitcast i16 %u_147" [../gen/Hls_Layers_UpConv.tpp:43->../gen/Hls_Layers_UpConv.tpp:267]   --->   Operation 351 'bitcast' 'g_3' <Predicate = (icmp_ln266_3)> <Delay = 0.00>
ST_15 : Operation 352 [4/4] (2.09ns)   --->   "%mul153_3 = hmul i16 %mul152_3, i16 %g_3" [../gen/Hls_Layers_UpConv.tpp:269]   --->   Operation 352 'hmul' 'mul153_3' <Predicate = (icmp_ln266_3)> <Delay = 2.09> <CoreInst = "HMul_maxdsp">   --->   Core 60 'HMul_maxdsp' <Latency = 3> <II = 1> <Delay = 2.09> <FuncUnit> <Opcode : 'hmul'> <InPorts = 2> <OutPorts = 1>
ST_15 : Operation 353 [1/1] (0.00ns)   --->   "%g_4 = bitcast i16 %u_148" [../gen/Hls_Layers_UpConv.tpp:43->../gen/Hls_Layers_UpConv.tpp:267]   --->   Operation 353 'bitcast' 'g_4' <Predicate = (icmp_ln266_4)> <Delay = 0.00>
ST_15 : Operation 354 [4/4] (2.09ns)   --->   "%mul153_4 = hmul i16 %mul152_4, i16 %g_4" [../gen/Hls_Layers_UpConv.tpp:269]   --->   Operation 354 'hmul' 'mul153_4' <Predicate = (icmp_ln266_4)> <Delay = 2.09> <CoreInst = "HMul_maxdsp">   --->   Core 60 'HMul_maxdsp' <Latency = 3> <II = 1> <Delay = 2.09> <FuncUnit> <Opcode : 'hmul'> <InPorts = 2> <OutPorts = 1>
ST_15 : Operation 355 [1/1] (0.00ns)   --->   "%g_5 = bitcast i16 %u_149" [../gen/Hls_Layers_UpConv.tpp:43->../gen/Hls_Layers_UpConv.tpp:267]   --->   Operation 355 'bitcast' 'g_5' <Predicate = (icmp_ln266_5)> <Delay = 0.00>
ST_15 : Operation 356 [4/4] (2.09ns)   --->   "%mul153_5 = hmul i16 %mul152_5, i16 %g_5" [../gen/Hls_Layers_UpConv.tpp:269]   --->   Operation 356 'hmul' 'mul153_5' <Predicate = (icmp_ln266_5)> <Delay = 2.09> <CoreInst = "HMul_maxdsp">   --->   Core 60 'HMul_maxdsp' <Latency = 3> <II = 1> <Delay = 2.09> <FuncUnit> <Opcode : 'hmul'> <InPorts = 2> <OutPorts = 1>
ST_15 : Operation 357 [1/1] (0.00ns)   --->   "%g_6 = bitcast i16 %u_150" [../gen/Hls_Layers_UpConv.tpp:43->../gen/Hls_Layers_UpConv.tpp:267]   --->   Operation 357 'bitcast' 'g_6' <Predicate = (icmp_ln266_6)> <Delay = 0.00>
ST_15 : Operation 358 [4/4] (2.09ns)   --->   "%mul153_6 = hmul i16 %mul152_6, i16 %g_6" [../gen/Hls_Layers_UpConv.tpp:269]   --->   Operation 358 'hmul' 'mul153_6' <Predicate = (icmp_ln266_6)> <Delay = 2.09> <CoreInst = "HMul_maxdsp">   --->   Core 60 'HMul_maxdsp' <Latency = 3> <II = 1> <Delay = 2.09> <FuncUnit> <Opcode : 'hmul'> <InPorts = 2> <OutPorts = 1>
ST_15 : Operation 359 [1/1] (0.00ns)   --->   "%g_7 = bitcast i16 %u_151" [../gen/Hls_Layers_UpConv.tpp:43->../gen/Hls_Layers_UpConv.tpp:267]   --->   Operation 359 'bitcast' 'g_7' <Predicate = (icmp_ln266_7)> <Delay = 0.00>
ST_15 : Operation 360 [4/4] (2.09ns)   --->   "%mul153_7 = hmul i16 %mul152_7, i16 %g_7" [../gen/Hls_Layers_UpConv.tpp:269]   --->   Operation 360 'hmul' 'mul153_7' <Predicate = (icmp_ln266_7)> <Delay = 2.09> <CoreInst = "HMul_maxdsp">   --->   Core 60 'HMul_maxdsp' <Latency = 3> <II = 1> <Delay = 2.09> <FuncUnit> <Opcode : 'hmul'> <InPorts = 2> <OutPorts = 1>
ST_15 : Operation 361 [1/1] (0.00ns)   --->   "%g_8 = bitcast i16 %u_152" [../gen/Hls_Layers_UpConv.tpp:43->../gen/Hls_Layers_UpConv.tpp:267]   --->   Operation 361 'bitcast' 'g_8' <Predicate = (icmp_ln266_8)> <Delay = 0.00>
ST_15 : Operation 362 [4/4] (2.09ns)   --->   "%mul153_8 = hmul i16 %mul152_8, i16 %g_8" [../gen/Hls_Layers_UpConv.tpp:269]   --->   Operation 362 'hmul' 'mul153_8' <Predicate = (icmp_ln266_8)> <Delay = 2.09> <CoreInst = "HMul_maxdsp">   --->   Core 60 'HMul_maxdsp' <Latency = 3> <II = 1> <Delay = 2.09> <FuncUnit> <Opcode : 'hmul'> <InPorts = 2> <OutPorts = 1>
ST_15 : Operation 363 [1/1] (0.00ns)   --->   "%g_9 = bitcast i16 %u_154" [../gen/Hls_Layers_UpConv.tpp:43->../gen/Hls_Layers_UpConv.tpp:267]   --->   Operation 363 'bitcast' 'g_9' <Predicate = (icmp_ln266_9)> <Delay = 0.00>
ST_15 : Operation 364 [4/4] (2.09ns)   --->   "%mul153_9 = hmul i16 %mul152_9, i16 %g_9" [../gen/Hls_Layers_UpConv.tpp:269]   --->   Operation 364 'hmul' 'mul153_9' <Predicate = (icmp_ln266_9)> <Delay = 2.09> <CoreInst = "HMul_maxdsp">   --->   Core 60 'HMul_maxdsp' <Latency = 3> <II = 1> <Delay = 2.09> <FuncUnit> <Opcode : 'hmul'> <InPorts = 2> <OutPorts = 1>
ST_15 : Operation 365 [1/1] (0.00ns)   --->   "%g_10 = bitcast i16 %u_156" [../gen/Hls_Layers_UpConv.tpp:43->../gen/Hls_Layers_UpConv.tpp:267]   --->   Operation 365 'bitcast' 'g_10' <Predicate = (icmp_ln266_10)> <Delay = 0.00>
ST_15 : Operation 366 [4/4] (2.09ns)   --->   "%mul153_s = hmul i16 %mul152_s, i16 %g_10" [../gen/Hls_Layers_UpConv.tpp:269]   --->   Operation 366 'hmul' 'mul153_s' <Predicate = (icmp_ln266_10)> <Delay = 2.09> <CoreInst = "HMul_maxdsp">   --->   Core 60 'HMul_maxdsp' <Latency = 3> <II = 1> <Delay = 2.09> <FuncUnit> <Opcode : 'hmul'> <InPorts = 2> <OutPorts = 1>
ST_15 : Operation 367 [1/1] (0.00ns)   --->   "%g_11 = bitcast i16 %u_158" [../gen/Hls_Layers_UpConv.tpp:43->../gen/Hls_Layers_UpConv.tpp:267]   --->   Operation 367 'bitcast' 'g_11' <Predicate = (icmp_ln266_11)> <Delay = 0.00>
ST_15 : Operation 368 [4/4] (2.09ns)   --->   "%mul153_10 = hmul i16 %mul152_10, i16 %g_11" [../gen/Hls_Layers_UpConv.tpp:269]   --->   Operation 368 'hmul' 'mul153_10' <Predicate = (icmp_ln266_11)> <Delay = 2.09> <CoreInst = "HMul_maxdsp">   --->   Core 60 'HMul_maxdsp' <Latency = 3> <II = 1> <Delay = 2.09> <FuncUnit> <Opcode : 'hmul'> <InPorts = 2> <OutPorts = 1>
ST_15 : Operation 369 [1/1] (0.00ns)   --->   "%g_12 = bitcast i16 %u_160" [../gen/Hls_Layers_UpConv.tpp:43->../gen/Hls_Layers_UpConv.tpp:267]   --->   Operation 369 'bitcast' 'g_12' <Predicate = (icmp_ln266_12)> <Delay = 0.00>
ST_15 : Operation 370 [4/4] (2.09ns)   --->   "%mul153_11 = hmul i16 %mul152_11, i16 %g_12" [../gen/Hls_Layers_UpConv.tpp:269]   --->   Operation 370 'hmul' 'mul153_11' <Predicate = (icmp_ln266_12)> <Delay = 2.09> <CoreInst = "HMul_maxdsp">   --->   Core 60 'HMul_maxdsp' <Latency = 3> <II = 1> <Delay = 2.09> <FuncUnit> <Opcode : 'hmul'> <InPorts = 2> <OutPorts = 1>
ST_15 : Operation 371 [1/1] (0.00ns)   --->   "%g_13 = bitcast i16 %u_162" [../gen/Hls_Layers_UpConv.tpp:43->../gen/Hls_Layers_UpConv.tpp:267]   --->   Operation 371 'bitcast' 'g_13' <Predicate = (icmp_ln266_13)> <Delay = 0.00>
ST_15 : Operation 372 [4/4] (2.09ns)   --->   "%mul153_12 = hmul i16 %mul152_12, i16 %g_13" [../gen/Hls_Layers_UpConv.tpp:269]   --->   Operation 372 'hmul' 'mul153_12' <Predicate = (icmp_ln266_13)> <Delay = 2.09> <CoreInst = "HMul_maxdsp">   --->   Core 60 'HMul_maxdsp' <Latency = 3> <II = 1> <Delay = 2.09> <FuncUnit> <Opcode : 'hmul'> <InPorts = 2> <OutPorts = 1>
ST_15 : Operation 373 [1/1] (0.00ns)   --->   "%g_14 = bitcast i16 %u_164" [../gen/Hls_Layers_UpConv.tpp:43->../gen/Hls_Layers_UpConv.tpp:267]   --->   Operation 373 'bitcast' 'g_14' <Predicate = (icmp_ln266_14)> <Delay = 0.00>
ST_15 : Operation 374 [4/4] (2.09ns)   --->   "%mul153_13 = hmul i16 %mul152_13, i16 %g_14" [../gen/Hls_Layers_UpConv.tpp:269]   --->   Operation 374 'hmul' 'mul153_13' <Predicate = (icmp_ln266_14)> <Delay = 2.09> <CoreInst = "HMul_maxdsp">   --->   Core 60 'HMul_maxdsp' <Latency = 3> <II = 1> <Delay = 2.09> <FuncUnit> <Opcode : 'hmul'> <InPorts = 2> <OutPorts = 1>
ST_15 : Operation 375 [1/1] (0.00ns)   --->   "%g_15 = bitcast i16 %u_166" [../gen/Hls_Layers_UpConv.tpp:43->../gen/Hls_Layers_UpConv.tpp:267]   --->   Operation 375 'bitcast' 'g_15' <Predicate = (icmp_ln266_15)> <Delay = 0.00>
ST_15 : Operation 376 [4/4] (2.09ns)   --->   "%mul153_14 = hmul i16 %mul152_14, i16 %g_15" [../gen/Hls_Layers_UpConv.tpp:269]   --->   Operation 376 'hmul' 'mul153_14' <Predicate = (icmp_ln266_15)> <Delay = 2.09> <CoreInst = "HMul_maxdsp">   --->   Core 60 'HMul_maxdsp' <Latency = 3> <II = 1> <Delay = 2.09> <FuncUnit> <Opcode : 'hmul'> <InPorts = 2> <OutPorts = 1>

State 16 <SV = 15> <Delay = 2.09>
ST_16 : Operation 377 [3/4] (2.09ns)   --->   "%mul2 = hmul i16 %mul1, i16 %g" [../gen/Hls_Layers_UpConv.tpp:269]   --->   Operation 377 'hmul' 'mul2' <Predicate = (icmp_ln266)> <Delay = 2.09> <CoreInst = "HMul_maxdsp">   --->   Core 60 'HMul_maxdsp' <Latency = 3> <II = 1> <Delay = 2.09> <FuncUnit> <Opcode : 'hmul'> <InPorts = 2> <OutPorts = 1>
ST_16 : Operation 378 [3/4] (2.09ns)   --->   "%mul153_1 = hmul i16 %mul152_1, i16 %g_1" [../gen/Hls_Layers_UpConv.tpp:269]   --->   Operation 378 'hmul' 'mul153_1' <Predicate = (icmp_ln266_1)> <Delay = 2.09> <CoreInst = "HMul_maxdsp">   --->   Core 60 'HMul_maxdsp' <Latency = 3> <II = 1> <Delay = 2.09> <FuncUnit> <Opcode : 'hmul'> <InPorts = 2> <OutPorts = 1>
ST_16 : Operation 379 [3/4] (2.09ns)   --->   "%mul153_2 = hmul i16 %mul152_2, i16 %g_2" [../gen/Hls_Layers_UpConv.tpp:269]   --->   Operation 379 'hmul' 'mul153_2' <Predicate = (icmp_ln266_2)> <Delay = 2.09> <CoreInst = "HMul_maxdsp">   --->   Core 60 'HMul_maxdsp' <Latency = 3> <II = 1> <Delay = 2.09> <FuncUnit> <Opcode : 'hmul'> <InPorts = 2> <OutPorts = 1>
ST_16 : Operation 380 [3/4] (2.09ns)   --->   "%mul153_3 = hmul i16 %mul152_3, i16 %g_3" [../gen/Hls_Layers_UpConv.tpp:269]   --->   Operation 380 'hmul' 'mul153_3' <Predicate = (icmp_ln266_3)> <Delay = 2.09> <CoreInst = "HMul_maxdsp">   --->   Core 60 'HMul_maxdsp' <Latency = 3> <II = 1> <Delay = 2.09> <FuncUnit> <Opcode : 'hmul'> <InPorts = 2> <OutPorts = 1>
ST_16 : Operation 381 [3/4] (2.09ns)   --->   "%mul153_4 = hmul i16 %mul152_4, i16 %g_4" [../gen/Hls_Layers_UpConv.tpp:269]   --->   Operation 381 'hmul' 'mul153_4' <Predicate = (icmp_ln266_4)> <Delay = 2.09> <CoreInst = "HMul_maxdsp">   --->   Core 60 'HMul_maxdsp' <Latency = 3> <II = 1> <Delay = 2.09> <FuncUnit> <Opcode : 'hmul'> <InPorts = 2> <OutPorts = 1>
ST_16 : Operation 382 [3/4] (2.09ns)   --->   "%mul153_5 = hmul i16 %mul152_5, i16 %g_5" [../gen/Hls_Layers_UpConv.tpp:269]   --->   Operation 382 'hmul' 'mul153_5' <Predicate = (icmp_ln266_5)> <Delay = 2.09> <CoreInst = "HMul_maxdsp">   --->   Core 60 'HMul_maxdsp' <Latency = 3> <II = 1> <Delay = 2.09> <FuncUnit> <Opcode : 'hmul'> <InPorts = 2> <OutPorts = 1>
ST_16 : Operation 383 [3/4] (2.09ns)   --->   "%mul153_6 = hmul i16 %mul152_6, i16 %g_6" [../gen/Hls_Layers_UpConv.tpp:269]   --->   Operation 383 'hmul' 'mul153_6' <Predicate = (icmp_ln266_6)> <Delay = 2.09> <CoreInst = "HMul_maxdsp">   --->   Core 60 'HMul_maxdsp' <Latency = 3> <II = 1> <Delay = 2.09> <FuncUnit> <Opcode : 'hmul'> <InPorts = 2> <OutPorts = 1>
ST_16 : Operation 384 [3/4] (2.09ns)   --->   "%mul153_7 = hmul i16 %mul152_7, i16 %g_7" [../gen/Hls_Layers_UpConv.tpp:269]   --->   Operation 384 'hmul' 'mul153_7' <Predicate = (icmp_ln266_7)> <Delay = 2.09> <CoreInst = "HMul_maxdsp">   --->   Core 60 'HMul_maxdsp' <Latency = 3> <II = 1> <Delay = 2.09> <FuncUnit> <Opcode : 'hmul'> <InPorts = 2> <OutPorts = 1>
ST_16 : Operation 385 [3/4] (2.09ns)   --->   "%mul153_8 = hmul i16 %mul152_8, i16 %g_8" [../gen/Hls_Layers_UpConv.tpp:269]   --->   Operation 385 'hmul' 'mul153_8' <Predicate = (icmp_ln266_8)> <Delay = 2.09> <CoreInst = "HMul_maxdsp">   --->   Core 60 'HMul_maxdsp' <Latency = 3> <II = 1> <Delay = 2.09> <FuncUnit> <Opcode : 'hmul'> <InPorts = 2> <OutPorts = 1>
ST_16 : Operation 386 [3/4] (2.09ns)   --->   "%mul153_9 = hmul i16 %mul152_9, i16 %g_9" [../gen/Hls_Layers_UpConv.tpp:269]   --->   Operation 386 'hmul' 'mul153_9' <Predicate = (icmp_ln266_9)> <Delay = 2.09> <CoreInst = "HMul_maxdsp">   --->   Core 60 'HMul_maxdsp' <Latency = 3> <II = 1> <Delay = 2.09> <FuncUnit> <Opcode : 'hmul'> <InPorts = 2> <OutPorts = 1>
ST_16 : Operation 387 [3/4] (2.09ns)   --->   "%mul153_s = hmul i16 %mul152_s, i16 %g_10" [../gen/Hls_Layers_UpConv.tpp:269]   --->   Operation 387 'hmul' 'mul153_s' <Predicate = (icmp_ln266_10)> <Delay = 2.09> <CoreInst = "HMul_maxdsp">   --->   Core 60 'HMul_maxdsp' <Latency = 3> <II = 1> <Delay = 2.09> <FuncUnit> <Opcode : 'hmul'> <InPorts = 2> <OutPorts = 1>
ST_16 : Operation 388 [3/4] (2.09ns)   --->   "%mul153_10 = hmul i16 %mul152_10, i16 %g_11" [../gen/Hls_Layers_UpConv.tpp:269]   --->   Operation 388 'hmul' 'mul153_10' <Predicate = (icmp_ln266_11)> <Delay = 2.09> <CoreInst = "HMul_maxdsp">   --->   Core 60 'HMul_maxdsp' <Latency = 3> <II = 1> <Delay = 2.09> <FuncUnit> <Opcode : 'hmul'> <InPorts = 2> <OutPorts = 1>
ST_16 : Operation 389 [3/4] (2.09ns)   --->   "%mul153_11 = hmul i16 %mul152_11, i16 %g_12" [../gen/Hls_Layers_UpConv.tpp:269]   --->   Operation 389 'hmul' 'mul153_11' <Predicate = (icmp_ln266_12)> <Delay = 2.09> <CoreInst = "HMul_maxdsp">   --->   Core 60 'HMul_maxdsp' <Latency = 3> <II = 1> <Delay = 2.09> <FuncUnit> <Opcode : 'hmul'> <InPorts = 2> <OutPorts = 1>
ST_16 : Operation 390 [3/4] (2.09ns)   --->   "%mul153_12 = hmul i16 %mul152_12, i16 %g_13" [../gen/Hls_Layers_UpConv.tpp:269]   --->   Operation 390 'hmul' 'mul153_12' <Predicate = (icmp_ln266_13)> <Delay = 2.09> <CoreInst = "HMul_maxdsp">   --->   Core 60 'HMul_maxdsp' <Latency = 3> <II = 1> <Delay = 2.09> <FuncUnit> <Opcode : 'hmul'> <InPorts = 2> <OutPorts = 1>
ST_16 : Operation 391 [3/4] (2.09ns)   --->   "%mul153_13 = hmul i16 %mul152_13, i16 %g_14" [../gen/Hls_Layers_UpConv.tpp:269]   --->   Operation 391 'hmul' 'mul153_13' <Predicate = (icmp_ln266_14)> <Delay = 2.09> <CoreInst = "HMul_maxdsp">   --->   Core 60 'HMul_maxdsp' <Latency = 3> <II = 1> <Delay = 2.09> <FuncUnit> <Opcode : 'hmul'> <InPorts = 2> <OutPorts = 1>
ST_16 : Operation 392 [3/4] (2.09ns)   --->   "%mul153_14 = hmul i16 %mul152_14, i16 %g_15" [../gen/Hls_Layers_UpConv.tpp:269]   --->   Operation 392 'hmul' 'mul153_14' <Predicate = (icmp_ln266_15)> <Delay = 2.09> <CoreInst = "HMul_maxdsp">   --->   Core 60 'HMul_maxdsp' <Latency = 3> <II = 1> <Delay = 2.09> <FuncUnit> <Opcode : 'hmul'> <InPorts = 2> <OutPorts = 1>

State 17 <SV = 16> <Delay = 2.09>
ST_17 : Operation 393 [1/1] (0.00ns)   --->   "%be_buf_addr = getelementptr i256 %be_buf, i64 0, i64 %idxprom135"   --->   Operation 393 'getelementptr' 'be_buf_addr' <Predicate = true> <Delay = 0.00>
ST_17 : Operation 394 [2/2] (1.23ns)   --->   "%be_buf_load = load i5 %be_buf_addr"   --->   Operation 394 'load' 'be_buf_load' <Predicate = true> <Delay = 1.23> <CoreInst = "RAM_T2P_BRAM">   --->   Core 98 'RAM_T2P_BRAM' <Latency = 1> <II = 1> <Delay = 1.23> <Storage> <Opcode : 'load' 'store'> <Ports = 2> <Width = 256> <Depth = 30> <RAM>
ST_17 : Operation 395 [2/4] (2.09ns)   --->   "%mul2 = hmul i16 %mul1, i16 %g" [../gen/Hls_Layers_UpConv.tpp:269]   --->   Operation 395 'hmul' 'mul2' <Predicate = (icmp_ln266)> <Delay = 2.09> <CoreInst = "HMul_maxdsp">   --->   Core 60 'HMul_maxdsp' <Latency = 3> <II = 1> <Delay = 2.09> <FuncUnit> <Opcode : 'hmul'> <InPorts = 2> <OutPorts = 1>
ST_17 : Operation 396 [2/4] (2.09ns)   --->   "%mul153_1 = hmul i16 %mul152_1, i16 %g_1" [../gen/Hls_Layers_UpConv.tpp:269]   --->   Operation 396 'hmul' 'mul153_1' <Predicate = (icmp_ln266_1)> <Delay = 2.09> <CoreInst = "HMul_maxdsp">   --->   Core 60 'HMul_maxdsp' <Latency = 3> <II = 1> <Delay = 2.09> <FuncUnit> <Opcode : 'hmul'> <InPorts = 2> <OutPorts = 1>
ST_17 : Operation 397 [2/4] (2.09ns)   --->   "%mul153_2 = hmul i16 %mul152_2, i16 %g_2" [../gen/Hls_Layers_UpConv.tpp:269]   --->   Operation 397 'hmul' 'mul153_2' <Predicate = (icmp_ln266_2)> <Delay = 2.09> <CoreInst = "HMul_maxdsp">   --->   Core 60 'HMul_maxdsp' <Latency = 3> <II = 1> <Delay = 2.09> <FuncUnit> <Opcode : 'hmul'> <InPorts = 2> <OutPorts = 1>
ST_17 : Operation 398 [2/4] (2.09ns)   --->   "%mul153_3 = hmul i16 %mul152_3, i16 %g_3" [../gen/Hls_Layers_UpConv.tpp:269]   --->   Operation 398 'hmul' 'mul153_3' <Predicate = (icmp_ln266_3)> <Delay = 2.09> <CoreInst = "HMul_maxdsp">   --->   Core 60 'HMul_maxdsp' <Latency = 3> <II = 1> <Delay = 2.09> <FuncUnit> <Opcode : 'hmul'> <InPorts = 2> <OutPorts = 1>
ST_17 : Operation 399 [2/4] (2.09ns)   --->   "%mul153_4 = hmul i16 %mul152_4, i16 %g_4" [../gen/Hls_Layers_UpConv.tpp:269]   --->   Operation 399 'hmul' 'mul153_4' <Predicate = (icmp_ln266_4)> <Delay = 2.09> <CoreInst = "HMul_maxdsp">   --->   Core 60 'HMul_maxdsp' <Latency = 3> <II = 1> <Delay = 2.09> <FuncUnit> <Opcode : 'hmul'> <InPorts = 2> <OutPorts = 1>
ST_17 : Operation 400 [2/4] (2.09ns)   --->   "%mul153_5 = hmul i16 %mul152_5, i16 %g_5" [../gen/Hls_Layers_UpConv.tpp:269]   --->   Operation 400 'hmul' 'mul153_5' <Predicate = (icmp_ln266_5)> <Delay = 2.09> <CoreInst = "HMul_maxdsp">   --->   Core 60 'HMul_maxdsp' <Latency = 3> <II = 1> <Delay = 2.09> <FuncUnit> <Opcode : 'hmul'> <InPorts = 2> <OutPorts = 1>
ST_17 : Operation 401 [2/4] (2.09ns)   --->   "%mul153_6 = hmul i16 %mul152_6, i16 %g_6" [../gen/Hls_Layers_UpConv.tpp:269]   --->   Operation 401 'hmul' 'mul153_6' <Predicate = (icmp_ln266_6)> <Delay = 2.09> <CoreInst = "HMul_maxdsp">   --->   Core 60 'HMul_maxdsp' <Latency = 3> <II = 1> <Delay = 2.09> <FuncUnit> <Opcode : 'hmul'> <InPorts = 2> <OutPorts = 1>
ST_17 : Operation 402 [2/4] (2.09ns)   --->   "%mul153_7 = hmul i16 %mul152_7, i16 %g_7" [../gen/Hls_Layers_UpConv.tpp:269]   --->   Operation 402 'hmul' 'mul153_7' <Predicate = (icmp_ln266_7)> <Delay = 2.09> <CoreInst = "HMul_maxdsp">   --->   Core 60 'HMul_maxdsp' <Latency = 3> <II = 1> <Delay = 2.09> <FuncUnit> <Opcode : 'hmul'> <InPorts = 2> <OutPorts = 1>
ST_17 : Operation 403 [2/4] (2.09ns)   --->   "%mul153_8 = hmul i16 %mul152_8, i16 %g_8" [../gen/Hls_Layers_UpConv.tpp:269]   --->   Operation 403 'hmul' 'mul153_8' <Predicate = (icmp_ln266_8)> <Delay = 2.09> <CoreInst = "HMul_maxdsp">   --->   Core 60 'HMul_maxdsp' <Latency = 3> <II = 1> <Delay = 2.09> <FuncUnit> <Opcode : 'hmul'> <InPorts = 2> <OutPorts = 1>
ST_17 : Operation 404 [2/4] (2.09ns)   --->   "%mul153_9 = hmul i16 %mul152_9, i16 %g_9" [../gen/Hls_Layers_UpConv.tpp:269]   --->   Operation 404 'hmul' 'mul153_9' <Predicate = (icmp_ln266_9)> <Delay = 2.09> <CoreInst = "HMul_maxdsp">   --->   Core 60 'HMul_maxdsp' <Latency = 3> <II = 1> <Delay = 2.09> <FuncUnit> <Opcode : 'hmul'> <InPorts = 2> <OutPorts = 1>
ST_17 : Operation 405 [2/4] (2.09ns)   --->   "%mul153_s = hmul i16 %mul152_s, i16 %g_10" [../gen/Hls_Layers_UpConv.tpp:269]   --->   Operation 405 'hmul' 'mul153_s' <Predicate = (icmp_ln266_10)> <Delay = 2.09> <CoreInst = "HMul_maxdsp">   --->   Core 60 'HMul_maxdsp' <Latency = 3> <II = 1> <Delay = 2.09> <FuncUnit> <Opcode : 'hmul'> <InPorts = 2> <OutPorts = 1>
ST_17 : Operation 406 [2/4] (2.09ns)   --->   "%mul153_10 = hmul i16 %mul152_10, i16 %g_11" [../gen/Hls_Layers_UpConv.tpp:269]   --->   Operation 406 'hmul' 'mul153_10' <Predicate = (icmp_ln266_11)> <Delay = 2.09> <CoreInst = "HMul_maxdsp">   --->   Core 60 'HMul_maxdsp' <Latency = 3> <II = 1> <Delay = 2.09> <FuncUnit> <Opcode : 'hmul'> <InPorts = 2> <OutPorts = 1>
ST_17 : Operation 407 [2/4] (2.09ns)   --->   "%mul153_11 = hmul i16 %mul152_11, i16 %g_12" [../gen/Hls_Layers_UpConv.tpp:269]   --->   Operation 407 'hmul' 'mul153_11' <Predicate = (icmp_ln266_12)> <Delay = 2.09> <CoreInst = "HMul_maxdsp">   --->   Core 60 'HMul_maxdsp' <Latency = 3> <II = 1> <Delay = 2.09> <FuncUnit> <Opcode : 'hmul'> <InPorts = 2> <OutPorts = 1>
ST_17 : Operation 408 [2/4] (2.09ns)   --->   "%mul153_12 = hmul i16 %mul152_12, i16 %g_13" [../gen/Hls_Layers_UpConv.tpp:269]   --->   Operation 408 'hmul' 'mul153_12' <Predicate = (icmp_ln266_13)> <Delay = 2.09> <CoreInst = "HMul_maxdsp">   --->   Core 60 'HMul_maxdsp' <Latency = 3> <II = 1> <Delay = 2.09> <FuncUnit> <Opcode : 'hmul'> <InPorts = 2> <OutPorts = 1>
ST_17 : Operation 409 [2/4] (2.09ns)   --->   "%mul153_13 = hmul i16 %mul152_13, i16 %g_14" [../gen/Hls_Layers_UpConv.tpp:269]   --->   Operation 409 'hmul' 'mul153_13' <Predicate = (icmp_ln266_14)> <Delay = 2.09> <CoreInst = "HMul_maxdsp">   --->   Core 60 'HMul_maxdsp' <Latency = 3> <II = 1> <Delay = 2.09> <FuncUnit> <Opcode : 'hmul'> <InPorts = 2> <OutPorts = 1>
ST_17 : Operation 410 [2/4] (2.09ns)   --->   "%mul153_14 = hmul i16 %mul152_14, i16 %g_15" [../gen/Hls_Layers_UpConv.tpp:269]   --->   Operation 410 'hmul' 'mul153_14' <Predicate = (icmp_ln266_15)> <Delay = 2.09> <CoreInst = "HMul_maxdsp">   --->   Core 60 'HMul_maxdsp' <Latency = 3> <II = 1> <Delay = 2.09> <FuncUnit> <Opcode : 'hmul'> <InPorts = 2> <OutPorts = 1>

State 18 <SV = 17> <Delay = 2.09>
ST_18 : Operation 411 [1/2] ( I:1.23ns O:1.23ns )   --->   "%be_buf_load = load i5 %be_buf_addr"   --->   Operation 411 'load' 'be_buf_load' <Predicate = true> <Delay = 1.23> <CoreInst = "RAM_T2P_BRAM">   --->   Core 98 'RAM_T2P_BRAM' <Latency = 1> <II = 1> <Delay = 1.23> <Storage> <Opcode : 'load' 'store'> <Ports = 2> <Width = 256> <Depth = 30> <RAM>
ST_18 : Operation 412 [1/1] (0.00ns)   --->   "%u_144 = trunc i256 %be_buf_load" [../gen/Hls_Layers_UpConv.tpp:268]   --->   Operation 412 'trunc' 'u_144' <Predicate = (icmp_ln266)> <Delay = 0.00>
ST_18 : Operation 413 [1/4] (2.09ns)   --->   "%mul2 = hmul i16 %mul1, i16 %g" [../gen/Hls_Layers_UpConv.tpp:269]   --->   Operation 413 'hmul' 'mul2' <Predicate = (icmp_ln266)> <Delay = 2.09> <CoreInst = "HMul_maxdsp">   --->   Core 60 'HMul_maxdsp' <Latency = 3> <II = 1> <Delay = 2.09> <FuncUnit> <Opcode : 'hmul'> <InPorts = 2> <OutPorts = 1>
ST_18 : Operation 414 [1/1] (0.00ns)   --->   "%u_136 = partselect i16 @_ssdm_op_PartSelect.i16.i256.i32, i256 %be_buf_load, i32 16" [../gen/Hls_Layers_UpConv.tpp:268]   --->   Operation 414 'partselect' 'u_136' <Predicate = (icmp_ln266_1)> <Delay = 0.00>
ST_18 : Operation 415 [1/4] (2.09ns)   --->   "%mul153_1 = hmul i16 %mul152_1, i16 %g_1" [../gen/Hls_Layers_UpConv.tpp:269]   --->   Operation 415 'hmul' 'mul153_1' <Predicate = (icmp_ln266_1)> <Delay = 2.09> <CoreInst = "HMul_maxdsp">   --->   Core 60 'HMul_maxdsp' <Latency = 3> <II = 1> <Delay = 2.09> <FuncUnit> <Opcode : 'hmul'> <InPorts = 2> <OutPorts = 1>
ST_18 : Operation 416 [1/1] (0.00ns)   --->   "%u_137 = partselect i16 @_ssdm_op_PartSelect.i16.i256.i32, i256 %be_buf_load, i32 32" [../gen/Hls_Layers_UpConv.tpp:268]   --->   Operation 416 'partselect' 'u_137' <Predicate = (icmp_ln266_2)> <Delay = 0.00>
ST_18 : Operation 417 [1/4] (2.09ns)   --->   "%mul153_2 = hmul i16 %mul152_2, i16 %g_2" [../gen/Hls_Layers_UpConv.tpp:269]   --->   Operation 417 'hmul' 'mul153_2' <Predicate = (icmp_ln266_2)> <Delay = 2.09> <CoreInst = "HMul_maxdsp">   --->   Core 60 'HMul_maxdsp' <Latency = 3> <II = 1> <Delay = 2.09> <FuncUnit> <Opcode : 'hmul'> <InPorts = 2> <OutPorts = 1>
ST_18 : Operation 418 [1/1] (0.00ns)   --->   "%u_138 = partselect i16 @_ssdm_op_PartSelect.i16.i256.i32, i256 %be_buf_load, i32 48" [../gen/Hls_Layers_UpConv.tpp:268]   --->   Operation 418 'partselect' 'u_138' <Predicate = (icmp_ln266_3)> <Delay = 0.00>
ST_18 : Operation 419 [1/4] (2.09ns)   --->   "%mul153_3 = hmul i16 %mul152_3, i16 %g_3" [../gen/Hls_Layers_UpConv.tpp:269]   --->   Operation 419 'hmul' 'mul153_3' <Predicate = (icmp_ln266_3)> <Delay = 2.09> <CoreInst = "HMul_maxdsp">   --->   Core 60 'HMul_maxdsp' <Latency = 3> <II = 1> <Delay = 2.09> <FuncUnit> <Opcode : 'hmul'> <InPorts = 2> <OutPorts = 1>
ST_18 : Operation 420 [1/1] (0.00ns)   --->   "%u_139 = partselect i16 @_ssdm_op_PartSelect.i16.i256.i32, i256 %be_buf_load, i32 64" [../gen/Hls_Layers_UpConv.tpp:268]   --->   Operation 420 'partselect' 'u_139' <Predicate = (icmp_ln266_4)> <Delay = 0.00>
ST_18 : Operation 421 [1/4] (2.09ns)   --->   "%mul153_4 = hmul i16 %mul152_4, i16 %g_4" [../gen/Hls_Layers_UpConv.tpp:269]   --->   Operation 421 'hmul' 'mul153_4' <Predicate = (icmp_ln266_4)> <Delay = 2.09> <CoreInst = "HMul_maxdsp">   --->   Core 60 'HMul_maxdsp' <Latency = 3> <II = 1> <Delay = 2.09> <FuncUnit> <Opcode : 'hmul'> <InPorts = 2> <OutPorts = 1>
ST_18 : Operation 422 [1/1] (0.00ns)   --->   "%u_140 = partselect i16 @_ssdm_op_PartSelect.i16.i256.i32, i256 %be_buf_load, i32 80" [../gen/Hls_Layers_UpConv.tpp:268]   --->   Operation 422 'partselect' 'u_140' <Predicate = (icmp_ln266_5)> <Delay = 0.00>
ST_18 : Operation 423 [1/4] (2.09ns)   --->   "%mul153_5 = hmul i16 %mul152_5, i16 %g_5" [../gen/Hls_Layers_UpConv.tpp:269]   --->   Operation 423 'hmul' 'mul153_5' <Predicate = (icmp_ln266_5)> <Delay = 2.09> <CoreInst = "HMul_maxdsp">   --->   Core 60 'HMul_maxdsp' <Latency = 3> <II = 1> <Delay = 2.09> <FuncUnit> <Opcode : 'hmul'> <InPorts = 2> <OutPorts = 1>
ST_18 : Operation 424 [1/1] (0.00ns)   --->   "%u_141 = partselect i16 @_ssdm_op_PartSelect.i16.i256.i32, i256 %be_buf_load, i32 96" [../gen/Hls_Layers_UpConv.tpp:268]   --->   Operation 424 'partselect' 'u_141' <Predicate = (icmp_ln266_6)> <Delay = 0.00>
ST_18 : Operation 425 [1/4] (2.09ns)   --->   "%mul153_6 = hmul i16 %mul152_6, i16 %g_6" [../gen/Hls_Layers_UpConv.tpp:269]   --->   Operation 425 'hmul' 'mul153_6' <Predicate = (icmp_ln266_6)> <Delay = 2.09> <CoreInst = "HMul_maxdsp">   --->   Core 60 'HMul_maxdsp' <Latency = 3> <II = 1> <Delay = 2.09> <FuncUnit> <Opcode : 'hmul'> <InPorts = 2> <OutPorts = 1>
ST_18 : Operation 426 [1/1] (0.00ns)   --->   "%u_142 = partselect i16 @_ssdm_op_PartSelect.i16.i256.i32, i256 %be_buf_load, i32 112" [../gen/Hls_Layers_UpConv.tpp:268]   --->   Operation 426 'partselect' 'u_142' <Predicate = (icmp_ln266_7)> <Delay = 0.00>
ST_18 : Operation 427 [1/4] (2.09ns)   --->   "%mul153_7 = hmul i16 %mul152_7, i16 %g_7" [../gen/Hls_Layers_UpConv.tpp:269]   --->   Operation 427 'hmul' 'mul153_7' <Predicate = (icmp_ln266_7)> <Delay = 2.09> <CoreInst = "HMul_maxdsp">   --->   Core 60 'HMul_maxdsp' <Latency = 3> <II = 1> <Delay = 2.09> <FuncUnit> <Opcode : 'hmul'> <InPorts = 2> <OutPorts = 1>
ST_18 : Operation 428 [1/1] (0.00ns)   --->   "%u_143 = partselect i16 @_ssdm_op_PartSelect.i16.i256.i32, i256 %be_buf_load, i32 128" [../gen/Hls_Layers_UpConv.tpp:268]   --->   Operation 428 'partselect' 'u_143' <Predicate = (icmp_ln266_8)> <Delay = 0.00>
ST_18 : Operation 429 [1/4] (2.09ns)   --->   "%mul153_8 = hmul i16 %mul152_8, i16 %g_8" [../gen/Hls_Layers_UpConv.tpp:269]   --->   Operation 429 'hmul' 'mul153_8' <Predicate = (icmp_ln266_8)> <Delay = 2.09> <CoreInst = "HMul_maxdsp">   --->   Core 60 'HMul_maxdsp' <Latency = 3> <II = 1> <Delay = 2.09> <FuncUnit> <Opcode : 'hmul'> <InPorts = 2> <OutPorts = 1>
ST_18 : Operation 430 [1/1] (0.00ns)   --->   "%u_153 = partselect i16 @_ssdm_op_PartSelect.i16.i256.i32, i256 %be_buf_load, i32 144" [../gen/Hls_Layers_UpConv.tpp:268]   --->   Operation 430 'partselect' 'u_153' <Predicate = (icmp_ln266_9)> <Delay = 0.00>
ST_18 : Operation 431 [1/4] (2.09ns)   --->   "%mul153_9 = hmul i16 %mul152_9, i16 %g_9" [../gen/Hls_Layers_UpConv.tpp:269]   --->   Operation 431 'hmul' 'mul153_9' <Predicate = (icmp_ln266_9)> <Delay = 2.09> <CoreInst = "HMul_maxdsp">   --->   Core 60 'HMul_maxdsp' <Latency = 3> <II = 1> <Delay = 2.09> <FuncUnit> <Opcode : 'hmul'> <InPorts = 2> <OutPorts = 1>
ST_18 : Operation 432 [1/1] (0.00ns)   --->   "%u_155 = partselect i16 @_ssdm_op_PartSelect.i16.i256.i32, i256 %be_buf_load, i32 160" [../gen/Hls_Layers_UpConv.tpp:268]   --->   Operation 432 'partselect' 'u_155' <Predicate = (icmp_ln266_10)> <Delay = 0.00>
ST_18 : Operation 433 [1/4] (2.09ns)   --->   "%mul153_s = hmul i16 %mul152_s, i16 %g_10" [../gen/Hls_Layers_UpConv.tpp:269]   --->   Operation 433 'hmul' 'mul153_s' <Predicate = (icmp_ln266_10)> <Delay = 2.09> <CoreInst = "HMul_maxdsp">   --->   Core 60 'HMul_maxdsp' <Latency = 3> <II = 1> <Delay = 2.09> <FuncUnit> <Opcode : 'hmul'> <InPorts = 2> <OutPorts = 1>
ST_18 : Operation 434 [1/1] (0.00ns)   --->   "%u_157 = partselect i16 @_ssdm_op_PartSelect.i16.i256.i32, i256 %be_buf_load, i32 176" [../gen/Hls_Layers_UpConv.tpp:268]   --->   Operation 434 'partselect' 'u_157' <Predicate = (icmp_ln266_11)> <Delay = 0.00>
ST_18 : Operation 435 [1/4] (2.09ns)   --->   "%mul153_10 = hmul i16 %mul152_10, i16 %g_11" [../gen/Hls_Layers_UpConv.tpp:269]   --->   Operation 435 'hmul' 'mul153_10' <Predicate = (icmp_ln266_11)> <Delay = 2.09> <CoreInst = "HMul_maxdsp">   --->   Core 60 'HMul_maxdsp' <Latency = 3> <II = 1> <Delay = 2.09> <FuncUnit> <Opcode : 'hmul'> <InPorts = 2> <OutPorts = 1>
ST_18 : Operation 436 [1/1] (0.00ns)   --->   "%u_159 = partselect i16 @_ssdm_op_PartSelect.i16.i256.i32, i256 %be_buf_load, i32 192" [../gen/Hls_Layers_UpConv.tpp:268]   --->   Operation 436 'partselect' 'u_159' <Predicate = (icmp_ln266_12)> <Delay = 0.00>
ST_18 : Operation 437 [1/4] (2.09ns)   --->   "%mul153_11 = hmul i16 %mul152_11, i16 %g_12" [../gen/Hls_Layers_UpConv.tpp:269]   --->   Operation 437 'hmul' 'mul153_11' <Predicate = (icmp_ln266_12)> <Delay = 2.09> <CoreInst = "HMul_maxdsp">   --->   Core 60 'HMul_maxdsp' <Latency = 3> <II = 1> <Delay = 2.09> <FuncUnit> <Opcode : 'hmul'> <InPorts = 2> <OutPorts = 1>
ST_18 : Operation 438 [1/1] (0.00ns)   --->   "%u_161 = partselect i16 @_ssdm_op_PartSelect.i16.i256.i32, i256 %be_buf_load, i32 208" [../gen/Hls_Layers_UpConv.tpp:268]   --->   Operation 438 'partselect' 'u_161' <Predicate = (icmp_ln266_13)> <Delay = 0.00>
ST_18 : Operation 439 [1/4] (2.09ns)   --->   "%mul153_12 = hmul i16 %mul152_12, i16 %g_13" [../gen/Hls_Layers_UpConv.tpp:269]   --->   Operation 439 'hmul' 'mul153_12' <Predicate = (icmp_ln266_13)> <Delay = 2.09> <CoreInst = "HMul_maxdsp">   --->   Core 60 'HMul_maxdsp' <Latency = 3> <II = 1> <Delay = 2.09> <FuncUnit> <Opcode : 'hmul'> <InPorts = 2> <OutPorts = 1>
ST_18 : Operation 440 [1/1] (0.00ns)   --->   "%u_163 = partselect i16 @_ssdm_op_PartSelect.i16.i256.i32, i256 %be_buf_load, i32 224" [../gen/Hls_Layers_UpConv.tpp:268]   --->   Operation 440 'partselect' 'u_163' <Predicate = (icmp_ln266_14)> <Delay = 0.00>
ST_18 : Operation 441 [1/4] (2.09ns)   --->   "%mul153_13 = hmul i16 %mul152_13, i16 %g_14" [../gen/Hls_Layers_UpConv.tpp:269]   --->   Operation 441 'hmul' 'mul153_13' <Predicate = (icmp_ln266_14)> <Delay = 2.09> <CoreInst = "HMul_maxdsp">   --->   Core 60 'HMul_maxdsp' <Latency = 3> <II = 1> <Delay = 2.09> <FuncUnit> <Opcode : 'hmul'> <InPorts = 2> <OutPorts = 1>
ST_18 : Operation 442 [1/1] (0.00ns)   --->   "%u_165 = partselect i16 @_ssdm_op_PartSelect.i16.i256.i32, i256 %be_buf_load, i32 240" [../gen/Hls_Layers_UpConv.tpp:268]   --->   Operation 442 'partselect' 'u_165' <Predicate = (icmp_ln266_15)> <Delay = 0.00>
ST_18 : Operation 443 [1/4] (2.09ns)   --->   "%mul153_14 = hmul i16 %mul152_14, i16 %g_15" [../gen/Hls_Layers_UpConv.tpp:269]   --->   Operation 443 'hmul' 'mul153_14' <Predicate = (icmp_ln266_15)> <Delay = 2.09> <CoreInst = "HMul_maxdsp">   --->   Core 60 'HMul_maxdsp' <Latency = 3> <II = 1> <Delay = 2.09> <FuncUnit> <Opcode : 'hmul'> <InPorts = 2> <OutPorts = 1>

State 19 <SV = 18> <Delay = 2.33>
ST_19 : Operation 444 [1/1] (0.00ns)   --->   "%be = bitcast i16 %u_144" [../gen/Hls_Layers_UpConv.tpp:43->../gen/Hls_Layers_UpConv.tpp:268]   --->   Operation 444 'bitcast' 'be' <Predicate = (icmp_ln266)> <Delay = 0.00>
ST_19 : Operation 445 [5/5] (2.33ns)   --->   "%add = hadd i16 %mul2, i16 %be" [../gen/Hls_Layers_UpConv.tpp:269]   --->   Operation 445 'hadd' 'add' <Predicate = (icmp_ln266)> <Delay = 2.33> <CoreInst = "HAddSub_fulldsp">   --->   Core 55 'HAddSub_fulldsp' <Latency = 4> <II = 1> <Delay = 2.33> <FuncUnit> <Opcode : 'hadd' 'hsub'> <InPorts = 2> <OutPorts = 1>
ST_19 : Operation 446 [1/1] (0.00ns)   --->   "%be_1 = bitcast i16 %u_136" [../gen/Hls_Layers_UpConv.tpp:43->../gen/Hls_Layers_UpConv.tpp:268]   --->   Operation 446 'bitcast' 'be_1' <Predicate = (icmp_ln266_1)> <Delay = 0.00>
ST_19 : Operation 447 [5/5] (2.33ns)   --->   "%add154_1 = hadd i16 %mul153_1, i16 %be_1" [../gen/Hls_Layers_UpConv.tpp:269]   --->   Operation 447 'hadd' 'add154_1' <Predicate = (icmp_ln266_1)> <Delay = 2.33> <CoreInst = "HAddSub_fulldsp">   --->   Core 55 'HAddSub_fulldsp' <Latency = 4> <II = 1> <Delay = 2.33> <FuncUnit> <Opcode : 'hadd' 'hsub'> <InPorts = 2> <OutPorts = 1>
ST_19 : Operation 448 [1/1] (0.00ns)   --->   "%be_2 = bitcast i16 %u_137" [../gen/Hls_Layers_UpConv.tpp:43->../gen/Hls_Layers_UpConv.tpp:268]   --->   Operation 448 'bitcast' 'be_2' <Predicate = (icmp_ln266_2)> <Delay = 0.00>
ST_19 : Operation 449 [5/5] (2.33ns)   --->   "%add154_2 = hadd i16 %mul153_2, i16 %be_2" [../gen/Hls_Layers_UpConv.tpp:269]   --->   Operation 449 'hadd' 'add154_2' <Predicate = (icmp_ln266_2)> <Delay = 2.33> <CoreInst = "HAddSub_fulldsp">   --->   Core 55 'HAddSub_fulldsp' <Latency = 4> <II = 1> <Delay = 2.33> <FuncUnit> <Opcode : 'hadd' 'hsub'> <InPorts = 2> <OutPorts = 1>
ST_19 : Operation 450 [1/1] (0.00ns)   --->   "%be_3 = bitcast i16 %u_138" [../gen/Hls_Layers_UpConv.tpp:43->../gen/Hls_Layers_UpConv.tpp:268]   --->   Operation 450 'bitcast' 'be_3' <Predicate = (icmp_ln266_3)> <Delay = 0.00>
ST_19 : Operation 451 [5/5] (2.33ns)   --->   "%add154_3 = hadd i16 %mul153_3, i16 %be_3" [../gen/Hls_Layers_UpConv.tpp:269]   --->   Operation 451 'hadd' 'add154_3' <Predicate = (icmp_ln266_3)> <Delay = 2.33> <CoreInst = "HAddSub_fulldsp">   --->   Core 55 'HAddSub_fulldsp' <Latency = 4> <II = 1> <Delay = 2.33> <FuncUnit> <Opcode : 'hadd' 'hsub'> <InPorts = 2> <OutPorts = 1>
ST_19 : Operation 452 [1/1] (0.00ns)   --->   "%be_4 = bitcast i16 %u_139" [../gen/Hls_Layers_UpConv.tpp:43->../gen/Hls_Layers_UpConv.tpp:268]   --->   Operation 452 'bitcast' 'be_4' <Predicate = (icmp_ln266_4)> <Delay = 0.00>
ST_19 : Operation 453 [5/5] (2.33ns)   --->   "%add154_4 = hadd i16 %mul153_4, i16 %be_4" [../gen/Hls_Layers_UpConv.tpp:269]   --->   Operation 453 'hadd' 'add154_4' <Predicate = (icmp_ln266_4)> <Delay = 2.33> <CoreInst = "HAddSub_fulldsp">   --->   Core 55 'HAddSub_fulldsp' <Latency = 4> <II = 1> <Delay = 2.33> <FuncUnit> <Opcode : 'hadd' 'hsub'> <InPorts = 2> <OutPorts = 1>
ST_19 : Operation 454 [1/1] (0.00ns)   --->   "%be_5 = bitcast i16 %u_140" [../gen/Hls_Layers_UpConv.tpp:43->../gen/Hls_Layers_UpConv.tpp:268]   --->   Operation 454 'bitcast' 'be_5' <Predicate = (icmp_ln266_5)> <Delay = 0.00>
ST_19 : Operation 455 [5/5] (2.33ns)   --->   "%add154_5 = hadd i16 %mul153_5, i16 %be_5" [../gen/Hls_Layers_UpConv.tpp:269]   --->   Operation 455 'hadd' 'add154_5' <Predicate = (icmp_ln266_5)> <Delay = 2.33> <CoreInst = "HAddSub_fulldsp">   --->   Core 55 'HAddSub_fulldsp' <Latency = 4> <II = 1> <Delay = 2.33> <FuncUnit> <Opcode : 'hadd' 'hsub'> <InPorts = 2> <OutPorts = 1>
ST_19 : Operation 456 [1/1] (0.00ns)   --->   "%be_6 = bitcast i16 %u_141" [../gen/Hls_Layers_UpConv.tpp:43->../gen/Hls_Layers_UpConv.tpp:268]   --->   Operation 456 'bitcast' 'be_6' <Predicate = (icmp_ln266_6)> <Delay = 0.00>
ST_19 : Operation 457 [5/5] (2.33ns)   --->   "%add154_6 = hadd i16 %mul153_6, i16 %be_6" [../gen/Hls_Layers_UpConv.tpp:269]   --->   Operation 457 'hadd' 'add154_6' <Predicate = (icmp_ln266_6)> <Delay = 2.33> <CoreInst = "HAddSub_fulldsp">   --->   Core 55 'HAddSub_fulldsp' <Latency = 4> <II = 1> <Delay = 2.33> <FuncUnit> <Opcode : 'hadd' 'hsub'> <InPorts = 2> <OutPorts = 1>
ST_19 : Operation 458 [1/1] (0.00ns)   --->   "%be_7 = bitcast i16 %u_142" [../gen/Hls_Layers_UpConv.tpp:43->../gen/Hls_Layers_UpConv.tpp:268]   --->   Operation 458 'bitcast' 'be_7' <Predicate = (icmp_ln266_7)> <Delay = 0.00>
ST_19 : Operation 459 [5/5] (2.33ns)   --->   "%add154_7 = hadd i16 %mul153_7, i16 %be_7" [../gen/Hls_Layers_UpConv.tpp:269]   --->   Operation 459 'hadd' 'add154_7' <Predicate = (icmp_ln266_7)> <Delay = 2.33> <CoreInst = "HAddSub_fulldsp">   --->   Core 55 'HAddSub_fulldsp' <Latency = 4> <II = 1> <Delay = 2.33> <FuncUnit> <Opcode : 'hadd' 'hsub'> <InPorts = 2> <OutPorts = 1>
ST_19 : Operation 460 [1/1] (0.00ns)   --->   "%be_8 = bitcast i16 %u_143" [../gen/Hls_Layers_UpConv.tpp:43->../gen/Hls_Layers_UpConv.tpp:268]   --->   Operation 460 'bitcast' 'be_8' <Predicate = (icmp_ln266_8)> <Delay = 0.00>
ST_19 : Operation 461 [5/5] (2.33ns)   --->   "%add154_8 = hadd i16 %mul153_8, i16 %be_8" [../gen/Hls_Layers_UpConv.tpp:269]   --->   Operation 461 'hadd' 'add154_8' <Predicate = (icmp_ln266_8)> <Delay = 2.33> <CoreInst = "HAddSub_fulldsp">   --->   Core 55 'HAddSub_fulldsp' <Latency = 4> <II = 1> <Delay = 2.33> <FuncUnit> <Opcode : 'hadd' 'hsub'> <InPorts = 2> <OutPorts = 1>
ST_19 : Operation 462 [1/1] (0.00ns)   --->   "%be_9 = bitcast i16 %u_153" [../gen/Hls_Layers_UpConv.tpp:43->../gen/Hls_Layers_UpConv.tpp:268]   --->   Operation 462 'bitcast' 'be_9' <Predicate = (icmp_ln266_9)> <Delay = 0.00>
ST_19 : Operation 463 [5/5] (2.33ns)   --->   "%add154_9 = hadd i16 %mul153_9, i16 %be_9" [../gen/Hls_Layers_UpConv.tpp:269]   --->   Operation 463 'hadd' 'add154_9' <Predicate = (icmp_ln266_9)> <Delay = 2.33> <CoreInst = "HAddSub_fulldsp">   --->   Core 55 'HAddSub_fulldsp' <Latency = 4> <II = 1> <Delay = 2.33> <FuncUnit> <Opcode : 'hadd' 'hsub'> <InPorts = 2> <OutPorts = 1>
ST_19 : Operation 464 [1/1] (0.00ns)   --->   "%be_10 = bitcast i16 %u_155" [../gen/Hls_Layers_UpConv.tpp:43->../gen/Hls_Layers_UpConv.tpp:268]   --->   Operation 464 'bitcast' 'be_10' <Predicate = (icmp_ln266_10)> <Delay = 0.00>
ST_19 : Operation 465 [5/5] (2.33ns)   --->   "%add154_s = hadd i16 %mul153_s, i16 %be_10" [../gen/Hls_Layers_UpConv.tpp:269]   --->   Operation 465 'hadd' 'add154_s' <Predicate = (icmp_ln266_10)> <Delay = 2.33> <CoreInst = "HAddSub_fulldsp">   --->   Core 55 'HAddSub_fulldsp' <Latency = 4> <II = 1> <Delay = 2.33> <FuncUnit> <Opcode : 'hadd' 'hsub'> <InPorts = 2> <OutPorts = 1>
ST_19 : Operation 466 [1/1] (0.00ns)   --->   "%be_11 = bitcast i16 %u_157" [../gen/Hls_Layers_UpConv.tpp:43->../gen/Hls_Layers_UpConv.tpp:268]   --->   Operation 466 'bitcast' 'be_11' <Predicate = (icmp_ln266_11)> <Delay = 0.00>
ST_19 : Operation 467 [5/5] (2.33ns)   --->   "%add154_10 = hadd i16 %mul153_10, i16 %be_11" [../gen/Hls_Layers_UpConv.tpp:269]   --->   Operation 467 'hadd' 'add154_10' <Predicate = (icmp_ln266_11)> <Delay = 2.33> <CoreInst = "HAddSub_fulldsp">   --->   Core 55 'HAddSub_fulldsp' <Latency = 4> <II = 1> <Delay = 2.33> <FuncUnit> <Opcode : 'hadd' 'hsub'> <InPorts = 2> <OutPorts = 1>
ST_19 : Operation 468 [1/1] (0.00ns)   --->   "%be_12 = bitcast i16 %u_159" [../gen/Hls_Layers_UpConv.tpp:43->../gen/Hls_Layers_UpConv.tpp:268]   --->   Operation 468 'bitcast' 'be_12' <Predicate = (icmp_ln266_12)> <Delay = 0.00>
ST_19 : Operation 469 [5/5] (2.33ns)   --->   "%add154_11 = hadd i16 %mul153_11, i16 %be_12" [../gen/Hls_Layers_UpConv.tpp:269]   --->   Operation 469 'hadd' 'add154_11' <Predicate = (icmp_ln266_12)> <Delay = 2.33> <CoreInst = "HAddSub_fulldsp">   --->   Core 55 'HAddSub_fulldsp' <Latency = 4> <II = 1> <Delay = 2.33> <FuncUnit> <Opcode : 'hadd' 'hsub'> <InPorts = 2> <OutPorts = 1>
ST_19 : Operation 470 [1/1] (0.00ns)   --->   "%be_13 = bitcast i16 %u_161" [../gen/Hls_Layers_UpConv.tpp:43->../gen/Hls_Layers_UpConv.tpp:268]   --->   Operation 470 'bitcast' 'be_13' <Predicate = (icmp_ln266_13)> <Delay = 0.00>
ST_19 : Operation 471 [5/5] (2.33ns)   --->   "%add154_12 = hadd i16 %mul153_12, i16 %be_13" [../gen/Hls_Layers_UpConv.tpp:269]   --->   Operation 471 'hadd' 'add154_12' <Predicate = (icmp_ln266_13)> <Delay = 2.33> <CoreInst = "HAddSub_fulldsp">   --->   Core 55 'HAddSub_fulldsp' <Latency = 4> <II = 1> <Delay = 2.33> <FuncUnit> <Opcode : 'hadd' 'hsub'> <InPorts = 2> <OutPorts = 1>
ST_19 : Operation 472 [1/1] (0.00ns)   --->   "%be_14 = bitcast i16 %u_163" [../gen/Hls_Layers_UpConv.tpp:43->../gen/Hls_Layers_UpConv.tpp:268]   --->   Operation 472 'bitcast' 'be_14' <Predicate = (icmp_ln266_14)> <Delay = 0.00>
ST_19 : Operation 473 [5/5] (2.33ns)   --->   "%add154_13 = hadd i16 %mul153_13, i16 %be_14" [../gen/Hls_Layers_UpConv.tpp:269]   --->   Operation 473 'hadd' 'add154_13' <Predicate = (icmp_ln266_14)> <Delay = 2.33> <CoreInst = "HAddSub_fulldsp">   --->   Core 55 'HAddSub_fulldsp' <Latency = 4> <II = 1> <Delay = 2.33> <FuncUnit> <Opcode : 'hadd' 'hsub'> <InPorts = 2> <OutPorts = 1>
ST_19 : Operation 474 [1/1] (0.00ns)   --->   "%be_15 = bitcast i16 %u_165" [../gen/Hls_Layers_UpConv.tpp:43->../gen/Hls_Layers_UpConv.tpp:268]   --->   Operation 474 'bitcast' 'be_15' <Predicate = (icmp_ln266_15)> <Delay = 0.00>
ST_19 : Operation 475 [5/5] (2.33ns)   --->   "%add154_14 = hadd i16 %mul153_14, i16 %be_15" [../gen/Hls_Layers_UpConv.tpp:269]   --->   Operation 475 'hadd' 'add154_14' <Predicate = (icmp_ln266_15)> <Delay = 2.33> <CoreInst = "HAddSub_fulldsp">   --->   Core 55 'HAddSub_fulldsp' <Latency = 4> <II = 1> <Delay = 2.33> <FuncUnit> <Opcode : 'hadd' 'hsub'> <InPorts = 2> <OutPorts = 1>

State 20 <SV = 19> <Delay = 2.33>
ST_20 : Operation 476 [4/5] (2.33ns)   --->   "%add = hadd i16 %mul2, i16 %be" [../gen/Hls_Layers_UpConv.tpp:269]   --->   Operation 476 'hadd' 'add' <Predicate = (icmp_ln266)> <Delay = 2.33> <CoreInst = "HAddSub_fulldsp">   --->   Core 55 'HAddSub_fulldsp' <Latency = 4> <II = 1> <Delay = 2.33> <FuncUnit> <Opcode : 'hadd' 'hsub'> <InPorts = 2> <OutPorts = 1>
ST_20 : Operation 477 [4/5] (2.33ns)   --->   "%add154_1 = hadd i16 %mul153_1, i16 %be_1" [../gen/Hls_Layers_UpConv.tpp:269]   --->   Operation 477 'hadd' 'add154_1' <Predicate = (icmp_ln266_1)> <Delay = 2.33> <CoreInst = "HAddSub_fulldsp">   --->   Core 55 'HAddSub_fulldsp' <Latency = 4> <II = 1> <Delay = 2.33> <FuncUnit> <Opcode : 'hadd' 'hsub'> <InPorts = 2> <OutPorts = 1>
ST_20 : Operation 478 [4/5] (2.33ns)   --->   "%add154_2 = hadd i16 %mul153_2, i16 %be_2" [../gen/Hls_Layers_UpConv.tpp:269]   --->   Operation 478 'hadd' 'add154_2' <Predicate = (icmp_ln266_2)> <Delay = 2.33> <CoreInst = "HAddSub_fulldsp">   --->   Core 55 'HAddSub_fulldsp' <Latency = 4> <II = 1> <Delay = 2.33> <FuncUnit> <Opcode : 'hadd' 'hsub'> <InPorts = 2> <OutPorts = 1>
ST_20 : Operation 479 [4/5] (2.33ns)   --->   "%add154_3 = hadd i16 %mul153_3, i16 %be_3" [../gen/Hls_Layers_UpConv.tpp:269]   --->   Operation 479 'hadd' 'add154_3' <Predicate = (icmp_ln266_3)> <Delay = 2.33> <CoreInst = "HAddSub_fulldsp">   --->   Core 55 'HAddSub_fulldsp' <Latency = 4> <II = 1> <Delay = 2.33> <FuncUnit> <Opcode : 'hadd' 'hsub'> <InPorts = 2> <OutPorts = 1>
ST_20 : Operation 480 [4/5] (2.33ns)   --->   "%add154_4 = hadd i16 %mul153_4, i16 %be_4" [../gen/Hls_Layers_UpConv.tpp:269]   --->   Operation 480 'hadd' 'add154_4' <Predicate = (icmp_ln266_4)> <Delay = 2.33> <CoreInst = "HAddSub_fulldsp">   --->   Core 55 'HAddSub_fulldsp' <Latency = 4> <II = 1> <Delay = 2.33> <FuncUnit> <Opcode : 'hadd' 'hsub'> <InPorts = 2> <OutPorts = 1>
ST_20 : Operation 481 [4/5] (2.33ns)   --->   "%add154_5 = hadd i16 %mul153_5, i16 %be_5" [../gen/Hls_Layers_UpConv.tpp:269]   --->   Operation 481 'hadd' 'add154_5' <Predicate = (icmp_ln266_5)> <Delay = 2.33> <CoreInst = "HAddSub_fulldsp">   --->   Core 55 'HAddSub_fulldsp' <Latency = 4> <II = 1> <Delay = 2.33> <FuncUnit> <Opcode : 'hadd' 'hsub'> <InPorts = 2> <OutPorts = 1>
ST_20 : Operation 482 [4/5] (2.33ns)   --->   "%add154_6 = hadd i16 %mul153_6, i16 %be_6" [../gen/Hls_Layers_UpConv.tpp:269]   --->   Operation 482 'hadd' 'add154_6' <Predicate = (icmp_ln266_6)> <Delay = 2.33> <CoreInst = "HAddSub_fulldsp">   --->   Core 55 'HAddSub_fulldsp' <Latency = 4> <II = 1> <Delay = 2.33> <FuncUnit> <Opcode : 'hadd' 'hsub'> <InPorts = 2> <OutPorts = 1>
ST_20 : Operation 483 [4/5] (2.33ns)   --->   "%add154_7 = hadd i16 %mul153_7, i16 %be_7" [../gen/Hls_Layers_UpConv.tpp:269]   --->   Operation 483 'hadd' 'add154_7' <Predicate = (icmp_ln266_7)> <Delay = 2.33> <CoreInst = "HAddSub_fulldsp">   --->   Core 55 'HAddSub_fulldsp' <Latency = 4> <II = 1> <Delay = 2.33> <FuncUnit> <Opcode : 'hadd' 'hsub'> <InPorts = 2> <OutPorts = 1>
ST_20 : Operation 484 [4/5] (2.33ns)   --->   "%add154_8 = hadd i16 %mul153_8, i16 %be_8" [../gen/Hls_Layers_UpConv.tpp:269]   --->   Operation 484 'hadd' 'add154_8' <Predicate = (icmp_ln266_8)> <Delay = 2.33> <CoreInst = "HAddSub_fulldsp">   --->   Core 55 'HAddSub_fulldsp' <Latency = 4> <II = 1> <Delay = 2.33> <FuncUnit> <Opcode : 'hadd' 'hsub'> <InPorts = 2> <OutPorts = 1>
ST_20 : Operation 485 [4/5] (2.33ns)   --->   "%add154_9 = hadd i16 %mul153_9, i16 %be_9" [../gen/Hls_Layers_UpConv.tpp:269]   --->   Operation 485 'hadd' 'add154_9' <Predicate = (icmp_ln266_9)> <Delay = 2.33> <CoreInst = "HAddSub_fulldsp">   --->   Core 55 'HAddSub_fulldsp' <Latency = 4> <II = 1> <Delay = 2.33> <FuncUnit> <Opcode : 'hadd' 'hsub'> <InPorts = 2> <OutPorts = 1>
ST_20 : Operation 486 [4/5] (2.33ns)   --->   "%add154_s = hadd i16 %mul153_s, i16 %be_10" [../gen/Hls_Layers_UpConv.tpp:269]   --->   Operation 486 'hadd' 'add154_s' <Predicate = (icmp_ln266_10)> <Delay = 2.33> <CoreInst = "HAddSub_fulldsp">   --->   Core 55 'HAddSub_fulldsp' <Latency = 4> <II = 1> <Delay = 2.33> <FuncUnit> <Opcode : 'hadd' 'hsub'> <InPorts = 2> <OutPorts = 1>
ST_20 : Operation 487 [4/5] (2.33ns)   --->   "%add154_10 = hadd i16 %mul153_10, i16 %be_11" [../gen/Hls_Layers_UpConv.tpp:269]   --->   Operation 487 'hadd' 'add154_10' <Predicate = (icmp_ln266_11)> <Delay = 2.33> <CoreInst = "HAddSub_fulldsp">   --->   Core 55 'HAddSub_fulldsp' <Latency = 4> <II = 1> <Delay = 2.33> <FuncUnit> <Opcode : 'hadd' 'hsub'> <InPorts = 2> <OutPorts = 1>
ST_20 : Operation 488 [4/5] (2.33ns)   --->   "%add154_11 = hadd i16 %mul153_11, i16 %be_12" [../gen/Hls_Layers_UpConv.tpp:269]   --->   Operation 488 'hadd' 'add154_11' <Predicate = (icmp_ln266_12)> <Delay = 2.33> <CoreInst = "HAddSub_fulldsp">   --->   Core 55 'HAddSub_fulldsp' <Latency = 4> <II = 1> <Delay = 2.33> <FuncUnit> <Opcode : 'hadd' 'hsub'> <InPorts = 2> <OutPorts = 1>
ST_20 : Operation 489 [4/5] (2.33ns)   --->   "%add154_12 = hadd i16 %mul153_12, i16 %be_13" [../gen/Hls_Layers_UpConv.tpp:269]   --->   Operation 489 'hadd' 'add154_12' <Predicate = (icmp_ln266_13)> <Delay = 2.33> <CoreInst = "HAddSub_fulldsp">   --->   Core 55 'HAddSub_fulldsp' <Latency = 4> <II = 1> <Delay = 2.33> <FuncUnit> <Opcode : 'hadd' 'hsub'> <InPorts = 2> <OutPorts = 1>
ST_20 : Operation 490 [4/5] (2.33ns)   --->   "%add154_13 = hadd i16 %mul153_13, i16 %be_14" [../gen/Hls_Layers_UpConv.tpp:269]   --->   Operation 490 'hadd' 'add154_13' <Predicate = (icmp_ln266_14)> <Delay = 2.33> <CoreInst = "HAddSub_fulldsp">   --->   Core 55 'HAddSub_fulldsp' <Latency = 4> <II = 1> <Delay = 2.33> <FuncUnit> <Opcode : 'hadd' 'hsub'> <InPorts = 2> <OutPorts = 1>
ST_20 : Operation 491 [4/5] (2.33ns)   --->   "%add154_14 = hadd i16 %mul153_14, i16 %be_15" [../gen/Hls_Layers_UpConv.tpp:269]   --->   Operation 491 'hadd' 'add154_14' <Predicate = (icmp_ln266_15)> <Delay = 2.33> <CoreInst = "HAddSub_fulldsp">   --->   Core 55 'HAddSub_fulldsp' <Latency = 4> <II = 1> <Delay = 2.33> <FuncUnit> <Opcode : 'hadd' 'hsub'> <InPorts = 2> <OutPorts = 1>

State 21 <SV = 20> <Delay = 2.33>
ST_21 : Operation 492 [3/5] (2.33ns)   --->   "%add = hadd i16 %mul2, i16 %be" [../gen/Hls_Layers_UpConv.tpp:269]   --->   Operation 492 'hadd' 'add' <Predicate = (icmp_ln266)> <Delay = 2.33> <CoreInst = "HAddSub_fulldsp">   --->   Core 55 'HAddSub_fulldsp' <Latency = 4> <II = 1> <Delay = 2.33> <FuncUnit> <Opcode : 'hadd' 'hsub'> <InPorts = 2> <OutPorts = 1>
ST_21 : Operation 493 [3/5] (2.33ns)   --->   "%add154_1 = hadd i16 %mul153_1, i16 %be_1" [../gen/Hls_Layers_UpConv.tpp:269]   --->   Operation 493 'hadd' 'add154_1' <Predicate = (icmp_ln266_1)> <Delay = 2.33> <CoreInst = "HAddSub_fulldsp">   --->   Core 55 'HAddSub_fulldsp' <Latency = 4> <II = 1> <Delay = 2.33> <FuncUnit> <Opcode : 'hadd' 'hsub'> <InPorts = 2> <OutPorts = 1>
ST_21 : Operation 494 [3/5] (2.33ns)   --->   "%add154_2 = hadd i16 %mul153_2, i16 %be_2" [../gen/Hls_Layers_UpConv.tpp:269]   --->   Operation 494 'hadd' 'add154_2' <Predicate = (icmp_ln266_2)> <Delay = 2.33> <CoreInst = "HAddSub_fulldsp">   --->   Core 55 'HAddSub_fulldsp' <Latency = 4> <II = 1> <Delay = 2.33> <FuncUnit> <Opcode : 'hadd' 'hsub'> <InPorts = 2> <OutPorts = 1>
ST_21 : Operation 495 [3/5] (2.33ns)   --->   "%add154_3 = hadd i16 %mul153_3, i16 %be_3" [../gen/Hls_Layers_UpConv.tpp:269]   --->   Operation 495 'hadd' 'add154_3' <Predicate = (icmp_ln266_3)> <Delay = 2.33> <CoreInst = "HAddSub_fulldsp">   --->   Core 55 'HAddSub_fulldsp' <Latency = 4> <II = 1> <Delay = 2.33> <FuncUnit> <Opcode : 'hadd' 'hsub'> <InPorts = 2> <OutPorts = 1>
ST_21 : Operation 496 [3/5] (2.33ns)   --->   "%add154_4 = hadd i16 %mul153_4, i16 %be_4" [../gen/Hls_Layers_UpConv.tpp:269]   --->   Operation 496 'hadd' 'add154_4' <Predicate = (icmp_ln266_4)> <Delay = 2.33> <CoreInst = "HAddSub_fulldsp">   --->   Core 55 'HAddSub_fulldsp' <Latency = 4> <II = 1> <Delay = 2.33> <FuncUnit> <Opcode : 'hadd' 'hsub'> <InPorts = 2> <OutPorts = 1>
ST_21 : Operation 497 [3/5] (2.33ns)   --->   "%add154_5 = hadd i16 %mul153_5, i16 %be_5" [../gen/Hls_Layers_UpConv.tpp:269]   --->   Operation 497 'hadd' 'add154_5' <Predicate = (icmp_ln266_5)> <Delay = 2.33> <CoreInst = "HAddSub_fulldsp">   --->   Core 55 'HAddSub_fulldsp' <Latency = 4> <II = 1> <Delay = 2.33> <FuncUnit> <Opcode : 'hadd' 'hsub'> <InPorts = 2> <OutPorts = 1>
ST_21 : Operation 498 [3/5] (2.33ns)   --->   "%add154_6 = hadd i16 %mul153_6, i16 %be_6" [../gen/Hls_Layers_UpConv.tpp:269]   --->   Operation 498 'hadd' 'add154_6' <Predicate = (icmp_ln266_6)> <Delay = 2.33> <CoreInst = "HAddSub_fulldsp">   --->   Core 55 'HAddSub_fulldsp' <Latency = 4> <II = 1> <Delay = 2.33> <FuncUnit> <Opcode : 'hadd' 'hsub'> <InPorts = 2> <OutPorts = 1>
ST_21 : Operation 499 [3/5] (2.33ns)   --->   "%add154_7 = hadd i16 %mul153_7, i16 %be_7" [../gen/Hls_Layers_UpConv.tpp:269]   --->   Operation 499 'hadd' 'add154_7' <Predicate = (icmp_ln266_7)> <Delay = 2.33> <CoreInst = "HAddSub_fulldsp">   --->   Core 55 'HAddSub_fulldsp' <Latency = 4> <II = 1> <Delay = 2.33> <FuncUnit> <Opcode : 'hadd' 'hsub'> <InPorts = 2> <OutPorts = 1>
ST_21 : Operation 500 [3/5] (2.33ns)   --->   "%add154_8 = hadd i16 %mul153_8, i16 %be_8" [../gen/Hls_Layers_UpConv.tpp:269]   --->   Operation 500 'hadd' 'add154_8' <Predicate = (icmp_ln266_8)> <Delay = 2.33> <CoreInst = "HAddSub_fulldsp">   --->   Core 55 'HAddSub_fulldsp' <Latency = 4> <II = 1> <Delay = 2.33> <FuncUnit> <Opcode : 'hadd' 'hsub'> <InPorts = 2> <OutPorts = 1>
ST_21 : Operation 501 [3/5] (2.33ns)   --->   "%add154_9 = hadd i16 %mul153_9, i16 %be_9" [../gen/Hls_Layers_UpConv.tpp:269]   --->   Operation 501 'hadd' 'add154_9' <Predicate = (icmp_ln266_9)> <Delay = 2.33> <CoreInst = "HAddSub_fulldsp">   --->   Core 55 'HAddSub_fulldsp' <Latency = 4> <II = 1> <Delay = 2.33> <FuncUnit> <Opcode : 'hadd' 'hsub'> <InPorts = 2> <OutPorts = 1>
ST_21 : Operation 502 [3/5] (2.33ns)   --->   "%add154_s = hadd i16 %mul153_s, i16 %be_10" [../gen/Hls_Layers_UpConv.tpp:269]   --->   Operation 502 'hadd' 'add154_s' <Predicate = (icmp_ln266_10)> <Delay = 2.33> <CoreInst = "HAddSub_fulldsp">   --->   Core 55 'HAddSub_fulldsp' <Latency = 4> <II = 1> <Delay = 2.33> <FuncUnit> <Opcode : 'hadd' 'hsub'> <InPorts = 2> <OutPorts = 1>
ST_21 : Operation 503 [3/5] (2.33ns)   --->   "%add154_10 = hadd i16 %mul153_10, i16 %be_11" [../gen/Hls_Layers_UpConv.tpp:269]   --->   Operation 503 'hadd' 'add154_10' <Predicate = (icmp_ln266_11)> <Delay = 2.33> <CoreInst = "HAddSub_fulldsp">   --->   Core 55 'HAddSub_fulldsp' <Latency = 4> <II = 1> <Delay = 2.33> <FuncUnit> <Opcode : 'hadd' 'hsub'> <InPorts = 2> <OutPorts = 1>
ST_21 : Operation 504 [3/5] (2.33ns)   --->   "%add154_11 = hadd i16 %mul153_11, i16 %be_12" [../gen/Hls_Layers_UpConv.tpp:269]   --->   Operation 504 'hadd' 'add154_11' <Predicate = (icmp_ln266_12)> <Delay = 2.33> <CoreInst = "HAddSub_fulldsp">   --->   Core 55 'HAddSub_fulldsp' <Latency = 4> <II = 1> <Delay = 2.33> <FuncUnit> <Opcode : 'hadd' 'hsub'> <InPorts = 2> <OutPorts = 1>
ST_21 : Operation 505 [3/5] (2.33ns)   --->   "%add154_12 = hadd i16 %mul153_12, i16 %be_13" [../gen/Hls_Layers_UpConv.tpp:269]   --->   Operation 505 'hadd' 'add154_12' <Predicate = (icmp_ln266_13)> <Delay = 2.33> <CoreInst = "HAddSub_fulldsp">   --->   Core 55 'HAddSub_fulldsp' <Latency = 4> <II = 1> <Delay = 2.33> <FuncUnit> <Opcode : 'hadd' 'hsub'> <InPorts = 2> <OutPorts = 1>
ST_21 : Operation 506 [3/5] (2.33ns)   --->   "%add154_13 = hadd i16 %mul153_13, i16 %be_14" [../gen/Hls_Layers_UpConv.tpp:269]   --->   Operation 506 'hadd' 'add154_13' <Predicate = (icmp_ln266_14)> <Delay = 2.33> <CoreInst = "HAddSub_fulldsp">   --->   Core 55 'HAddSub_fulldsp' <Latency = 4> <II = 1> <Delay = 2.33> <FuncUnit> <Opcode : 'hadd' 'hsub'> <InPorts = 2> <OutPorts = 1>
ST_21 : Operation 507 [3/5] (2.33ns)   --->   "%add154_14 = hadd i16 %mul153_14, i16 %be_15" [../gen/Hls_Layers_UpConv.tpp:269]   --->   Operation 507 'hadd' 'add154_14' <Predicate = (icmp_ln266_15)> <Delay = 2.33> <CoreInst = "HAddSub_fulldsp">   --->   Core 55 'HAddSub_fulldsp' <Latency = 4> <II = 1> <Delay = 2.33> <FuncUnit> <Opcode : 'hadd' 'hsub'> <InPorts = 2> <OutPorts = 1>

State 22 <SV = 21> <Delay = 2.33>
ST_22 : Operation 508 [2/5] (2.33ns)   --->   "%add = hadd i16 %mul2, i16 %be" [../gen/Hls_Layers_UpConv.tpp:269]   --->   Operation 508 'hadd' 'add' <Predicate = (icmp_ln266)> <Delay = 2.33> <CoreInst = "HAddSub_fulldsp">   --->   Core 55 'HAddSub_fulldsp' <Latency = 4> <II = 1> <Delay = 2.33> <FuncUnit> <Opcode : 'hadd' 'hsub'> <InPorts = 2> <OutPorts = 1>
ST_22 : Operation 509 [2/5] (2.33ns)   --->   "%add154_1 = hadd i16 %mul153_1, i16 %be_1" [../gen/Hls_Layers_UpConv.tpp:269]   --->   Operation 509 'hadd' 'add154_1' <Predicate = (icmp_ln266_1)> <Delay = 2.33> <CoreInst = "HAddSub_fulldsp">   --->   Core 55 'HAddSub_fulldsp' <Latency = 4> <II = 1> <Delay = 2.33> <FuncUnit> <Opcode : 'hadd' 'hsub'> <InPorts = 2> <OutPorts = 1>
ST_22 : Operation 510 [2/5] (2.33ns)   --->   "%add154_2 = hadd i16 %mul153_2, i16 %be_2" [../gen/Hls_Layers_UpConv.tpp:269]   --->   Operation 510 'hadd' 'add154_2' <Predicate = (icmp_ln266_2)> <Delay = 2.33> <CoreInst = "HAddSub_fulldsp">   --->   Core 55 'HAddSub_fulldsp' <Latency = 4> <II = 1> <Delay = 2.33> <FuncUnit> <Opcode : 'hadd' 'hsub'> <InPorts = 2> <OutPorts = 1>
ST_22 : Operation 511 [2/5] (2.33ns)   --->   "%add154_3 = hadd i16 %mul153_3, i16 %be_3" [../gen/Hls_Layers_UpConv.tpp:269]   --->   Operation 511 'hadd' 'add154_3' <Predicate = (icmp_ln266_3)> <Delay = 2.33> <CoreInst = "HAddSub_fulldsp">   --->   Core 55 'HAddSub_fulldsp' <Latency = 4> <II = 1> <Delay = 2.33> <FuncUnit> <Opcode : 'hadd' 'hsub'> <InPorts = 2> <OutPorts = 1>
ST_22 : Operation 512 [2/5] (2.33ns)   --->   "%add154_4 = hadd i16 %mul153_4, i16 %be_4" [../gen/Hls_Layers_UpConv.tpp:269]   --->   Operation 512 'hadd' 'add154_4' <Predicate = (icmp_ln266_4)> <Delay = 2.33> <CoreInst = "HAddSub_fulldsp">   --->   Core 55 'HAddSub_fulldsp' <Latency = 4> <II = 1> <Delay = 2.33> <FuncUnit> <Opcode : 'hadd' 'hsub'> <InPorts = 2> <OutPorts = 1>
ST_22 : Operation 513 [2/5] (2.33ns)   --->   "%add154_5 = hadd i16 %mul153_5, i16 %be_5" [../gen/Hls_Layers_UpConv.tpp:269]   --->   Operation 513 'hadd' 'add154_5' <Predicate = (icmp_ln266_5)> <Delay = 2.33> <CoreInst = "HAddSub_fulldsp">   --->   Core 55 'HAddSub_fulldsp' <Latency = 4> <II = 1> <Delay = 2.33> <FuncUnit> <Opcode : 'hadd' 'hsub'> <InPorts = 2> <OutPorts = 1>
ST_22 : Operation 514 [2/5] (2.33ns)   --->   "%add154_6 = hadd i16 %mul153_6, i16 %be_6" [../gen/Hls_Layers_UpConv.tpp:269]   --->   Operation 514 'hadd' 'add154_6' <Predicate = (icmp_ln266_6)> <Delay = 2.33> <CoreInst = "HAddSub_fulldsp">   --->   Core 55 'HAddSub_fulldsp' <Latency = 4> <II = 1> <Delay = 2.33> <FuncUnit> <Opcode : 'hadd' 'hsub'> <InPorts = 2> <OutPorts = 1>
ST_22 : Operation 515 [2/5] (2.33ns)   --->   "%add154_7 = hadd i16 %mul153_7, i16 %be_7" [../gen/Hls_Layers_UpConv.tpp:269]   --->   Operation 515 'hadd' 'add154_7' <Predicate = (icmp_ln266_7)> <Delay = 2.33> <CoreInst = "HAddSub_fulldsp">   --->   Core 55 'HAddSub_fulldsp' <Latency = 4> <II = 1> <Delay = 2.33> <FuncUnit> <Opcode : 'hadd' 'hsub'> <InPorts = 2> <OutPorts = 1>
ST_22 : Operation 516 [2/5] (2.33ns)   --->   "%add154_8 = hadd i16 %mul153_8, i16 %be_8" [../gen/Hls_Layers_UpConv.tpp:269]   --->   Operation 516 'hadd' 'add154_8' <Predicate = (icmp_ln266_8)> <Delay = 2.33> <CoreInst = "HAddSub_fulldsp">   --->   Core 55 'HAddSub_fulldsp' <Latency = 4> <II = 1> <Delay = 2.33> <FuncUnit> <Opcode : 'hadd' 'hsub'> <InPorts = 2> <OutPorts = 1>
ST_22 : Operation 517 [2/5] (2.33ns)   --->   "%add154_9 = hadd i16 %mul153_9, i16 %be_9" [../gen/Hls_Layers_UpConv.tpp:269]   --->   Operation 517 'hadd' 'add154_9' <Predicate = (icmp_ln266_9)> <Delay = 2.33> <CoreInst = "HAddSub_fulldsp">   --->   Core 55 'HAddSub_fulldsp' <Latency = 4> <II = 1> <Delay = 2.33> <FuncUnit> <Opcode : 'hadd' 'hsub'> <InPorts = 2> <OutPorts = 1>
ST_22 : Operation 518 [2/5] (2.33ns)   --->   "%add154_s = hadd i16 %mul153_s, i16 %be_10" [../gen/Hls_Layers_UpConv.tpp:269]   --->   Operation 518 'hadd' 'add154_s' <Predicate = (icmp_ln266_10)> <Delay = 2.33> <CoreInst = "HAddSub_fulldsp">   --->   Core 55 'HAddSub_fulldsp' <Latency = 4> <II = 1> <Delay = 2.33> <FuncUnit> <Opcode : 'hadd' 'hsub'> <InPorts = 2> <OutPorts = 1>
ST_22 : Operation 519 [2/5] (2.33ns)   --->   "%add154_10 = hadd i16 %mul153_10, i16 %be_11" [../gen/Hls_Layers_UpConv.tpp:269]   --->   Operation 519 'hadd' 'add154_10' <Predicate = (icmp_ln266_11)> <Delay = 2.33> <CoreInst = "HAddSub_fulldsp">   --->   Core 55 'HAddSub_fulldsp' <Latency = 4> <II = 1> <Delay = 2.33> <FuncUnit> <Opcode : 'hadd' 'hsub'> <InPorts = 2> <OutPorts = 1>
ST_22 : Operation 520 [2/5] (2.33ns)   --->   "%add154_11 = hadd i16 %mul153_11, i16 %be_12" [../gen/Hls_Layers_UpConv.tpp:269]   --->   Operation 520 'hadd' 'add154_11' <Predicate = (icmp_ln266_12)> <Delay = 2.33> <CoreInst = "HAddSub_fulldsp">   --->   Core 55 'HAddSub_fulldsp' <Latency = 4> <II = 1> <Delay = 2.33> <FuncUnit> <Opcode : 'hadd' 'hsub'> <InPorts = 2> <OutPorts = 1>
ST_22 : Operation 521 [2/5] (2.33ns)   --->   "%add154_12 = hadd i16 %mul153_12, i16 %be_13" [../gen/Hls_Layers_UpConv.tpp:269]   --->   Operation 521 'hadd' 'add154_12' <Predicate = (icmp_ln266_13)> <Delay = 2.33> <CoreInst = "HAddSub_fulldsp">   --->   Core 55 'HAddSub_fulldsp' <Latency = 4> <II = 1> <Delay = 2.33> <FuncUnit> <Opcode : 'hadd' 'hsub'> <InPorts = 2> <OutPorts = 1>
ST_22 : Operation 522 [2/5] (2.33ns)   --->   "%add154_13 = hadd i16 %mul153_13, i16 %be_14" [../gen/Hls_Layers_UpConv.tpp:269]   --->   Operation 522 'hadd' 'add154_13' <Predicate = (icmp_ln266_14)> <Delay = 2.33> <CoreInst = "HAddSub_fulldsp">   --->   Core 55 'HAddSub_fulldsp' <Latency = 4> <II = 1> <Delay = 2.33> <FuncUnit> <Opcode : 'hadd' 'hsub'> <InPorts = 2> <OutPorts = 1>
ST_22 : Operation 523 [2/5] (2.33ns)   --->   "%add154_14 = hadd i16 %mul153_14, i16 %be_15" [../gen/Hls_Layers_UpConv.tpp:269]   --->   Operation 523 'hadd' 'add154_14' <Predicate = (icmp_ln266_15)> <Delay = 2.33> <CoreInst = "HAddSub_fulldsp">   --->   Core 55 'HAddSub_fulldsp' <Latency = 4> <II = 1> <Delay = 2.33> <FuncUnit> <Opcode : 'hadd' 'hsub'> <InPorts = 2> <OutPorts = 1>

State 23 <SV = 22> <Delay = 2.33>
ST_23 : Operation 524 [1/5] (2.33ns)   --->   "%add = hadd i16 %mul2, i16 %be" [../gen/Hls_Layers_UpConv.tpp:269]   --->   Operation 524 'hadd' 'add' <Predicate = (icmp_ln266)> <Delay = 2.33> <CoreInst = "HAddSub_fulldsp">   --->   Core 55 'HAddSub_fulldsp' <Latency = 4> <II = 1> <Delay = 2.33> <FuncUnit> <Opcode : 'hadd' 'hsub'> <InPorts = 2> <OutPorts = 1>
ST_23 : Operation 525 [1/5] (2.33ns)   --->   "%add154_1 = hadd i16 %mul153_1, i16 %be_1" [../gen/Hls_Layers_UpConv.tpp:269]   --->   Operation 525 'hadd' 'add154_1' <Predicate = (icmp_ln266_1)> <Delay = 2.33> <CoreInst = "HAddSub_fulldsp">   --->   Core 55 'HAddSub_fulldsp' <Latency = 4> <II = 1> <Delay = 2.33> <FuncUnit> <Opcode : 'hadd' 'hsub'> <InPorts = 2> <OutPorts = 1>
ST_23 : Operation 526 [1/5] (2.33ns)   --->   "%add154_2 = hadd i16 %mul153_2, i16 %be_2" [../gen/Hls_Layers_UpConv.tpp:269]   --->   Operation 526 'hadd' 'add154_2' <Predicate = (icmp_ln266_2)> <Delay = 2.33> <CoreInst = "HAddSub_fulldsp">   --->   Core 55 'HAddSub_fulldsp' <Latency = 4> <II = 1> <Delay = 2.33> <FuncUnit> <Opcode : 'hadd' 'hsub'> <InPorts = 2> <OutPorts = 1>
ST_23 : Operation 527 [1/5] (2.33ns)   --->   "%add154_3 = hadd i16 %mul153_3, i16 %be_3" [../gen/Hls_Layers_UpConv.tpp:269]   --->   Operation 527 'hadd' 'add154_3' <Predicate = (icmp_ln266_3)> <Delay = 2.33> <CoreInst = "HAddSub_fulldsp">   --->   Core 55 'HAddSub_fulldsp' <Latency = 4> <II = 1> <Delay = 2.33> <FuncUnit> <Opcode : 'hadd' 'hsub'> <InPorts = 2> <OutPorts = 1>
ST_23 : Operation 528 [1/5] (2.33ns)   --->   "%add154_4 = hadd i16 %mul153_4, i16 %be_4" [../gen/Hls_Layers_UpConv.tpp:269]   --->   Operation 528 'hadd' 'add154_4' <Predicate = (icmp_ln266_4)> <Delay = 2.33> <CoreInst = "HAddSub_fulldsp">   --->   Core 55 'HAddSub_fulldsp' <Latency = 4> <II = 1> <Delay = 2.33> <FuncUnit> <Opcode : 'hadd' 'hsub'> <InPorts = 2> <OutPorts = 1>
ST_23 : Operation 529 [1/5] (2.33ns)   --->   "%add154_5 = hadd i16 %mul153_5, i16 %be_5" [../gen/Hls_Layers_UpConv.tpp:269]   --->   Operation 529 'hadd' 'add154_5' <Predicate = (icmp_ln266_5)> <Delay = 2.33> <CoreInst = "HAddSub_fulldsp">   --->   Core 55 'HAddSub_fulldsp' <Latency = 4> <II = 1> <Delay = 2.33> <FuncUnit> <Opcode : 'hadd' 'hsub'> <InPorts = 2> <OutPorts = 1>
ST_23 : Operation 530 [1/5] (2.33ns)   --->   "%add154_6 = hadd i16 %mul153_6, i16 %be_6" [../gen/Hls_Layers_UpConv.tpp:269]   --->   Operation 530 'hadd' 'add154_6' <Predicate = (icmp_ln266_6)> <Delay = 2.33> <CoreInst = "HAddSub_fulldsp">   --->   Core 55 'HAddSub_fulldsp' <Latency = 4> <II = 1> <Delay = 2.33> <FuncUnit> <Opcode : 'hadd' 'hsub'> <InPorts = 2> <OutPorts = 1>
ST_23 : Operation 531 [1/5] (2.33ns)   --->   "%add154_7 = hadd i16 %mul153_7, i16 %be_7" [../gen/Hls_Layers_UpConv.tpp:269]   --->   Operation 531 'hadd' 'add154_7' <Predicate = (icmp_ln266_7)> <Delay = 2.33> <CoreInst = "HAddSub_fulldsp">   --->   Core 55 'HAddSub_fulldsp' <Latency = 4> <II = 1> <Delay = 2.33> <FuncUnit> <Opcode : 'hadd' 'hsub'> <InPorts = 2> <OutPorts = 1>
ST_23 : Operation 532 [1/5] (2.33ns)   --->   "%add154_8 = hadd i16 %mul153_8, i16 %be_8" [../gen/Hls_Layers_UpConv.tpp:269]   --->   Operation 532 'hadd' 'add154_8' <Predicate = (icmp_ln266_8)> <Delay = 2.33> <CoreInst = "HAddSub_fulldsp">   --->   Core 55 'HAddSub_fulldsp' <Latency = 4> <II = 1> <Delay = 2.33> <FuncUnit> <Opcode : 'hadd' 'hsub'> <InPorts = 2> <OutPorts = 1>
ST_23 : Operation 533 [1/5] (2.33ns)   --->   "%add154_9 = hadd i16 %mul153_9, i16 %be_9" [../gen/Hls_Layers_UpConv.tpp:269]   --->   Operation 533 'hadd' 'add154_9' <Predicate = (icmp_ln266_9)> <Delay = 2.33> <CoreInst = "HAddSub_fulldsp">   --->   Core 55 'HAddSub_fulldsp' <Latency = 4> <II = 1> <Delay = 2.33> <FuncUnit> <Opcode : 'hadd' 'hsub'> <InPorts = 2> <OutPorts = 1>
ST_23 : Operation 534 [1/5] (2.33ns)   --->   "%add154_s = hadd i16 %mul153_s, i16 %be_10" [../gen/Hls_Layers_UpConv.tpp:269]   --->   Operation 534 'hadd' 'add154_s' <Predicate = (icmp_ln266_10)> <Delay = 2.33> <CoreInst = "HAddSub_fulldsp">   --->   Core 55 'HAddSub_fulldsp' <Latency = 4> <II = 1> <Delay = 2.33> <FuncUnit> <Opcode : 'hadd' 'hsub'> <InPorts = 2> <OutPorts = 1>
ST_23 : Operation 535 [1/5] (2.33ns)   --->   "%add154_10 = hadd i16 %mul153_10, i16 %be_11" [../gen/Hls_Layers_UpConv.tpp:269]   --->   Operation 535 'hadd' 'add154_10' <Predicate = (icmp_ln266_11)> <Delay = 2.33> <CoreInst = "HAddSub_fulldsp">   --->   Core 55 'HAddSub_fulldsp' <Latency = 4> <II = 1> <Delay = 2.33> <FuncUnit> <Opcode : 'hadd' 'hsub'> <InPorts = 2> <OutPorts = 1>
ST_23 : Operation 536 [1/5] (2.33ns)   --->   "%add154_11 = hadd i16 %mul153_11, i16 %be_12" [../gen/Hls_Layers_UpConv.tpp:269]   --->   Operation 536 'hadd' 'add154_11' <Predicate = (icmp_ln266_12)> <Delay = 2.33> <CoreInst = "HAddSub_fulldsp">   --->   Core 55 'HAddSub_fulldsp' <Latency = 4> <II = 1> <Delay = 2.33> <FuncUnit> <Opcode : 'hadd' 'hsub'> <InPorts = 2> <OutPorts = 1>
ST_23 : Operation 537 [1/5] (2.33ns)   --->   "%add154_12 = hadd i16 %mul153_12, i16 %be_13" [../gen/Hls_Layers_UpConv.tpp:269]   --->   Operation 537 'hadd' 'add154_12' <Predicate = (icmp_ln266_13)> <Delay = 2.33> <CoreInst = "HAddSub_fulldsp">   --->   Core 55 'HAddSub_fulldsp' <Latency = 4> <II = 1> <Delay = 2.33> <FuncUnit> <Opcode : 'hadd' 'hsub'> <InPorts = 2> <OutPorts = 1>
ST_23 : Operation 538 [1/5] (2.33ns)   --->   "%add154_13 = hadd i16 %mul153_13, i16 %be_14" [../gen/Hls_Layers_UpConv.tpp:269]   --->   Operation 538 'hadd' 'add154_13' <Predicate = (icmp_ln266_14)> <Delay = 2.33> <CoreInst = "HAddSub_fulldsp">   --->   Core 55 'HAddSub_fulldsp' <Latency = 4> <II = 1> <Delay = 2.33> <FuncUnit> <Opcode : 'hadd' 'hsub'> <InPorts = 2> <OutPorts = 1>
ST_23 : Operation 539 [1/5] (2.33ns)   --->   "%add154_14 = hadd i16 %mul153_14, i16 %be_15" [../gen/Hls_Layers_UpConv.tpp:269]   --->   Operation 539 'hadd' 'add154_14' <Predicate = (icmp_ln266_15)> <Delay = 2.33> <CoreInst = "HAddSub_fulldsp">   --->   Core 55 'HAddSub_fulldsp' <Latency = 4> <II = 1> <Delay = 2.33> <FuncUnit> <Opcode : 'hadd' 'hsub'> <InPorts = 2> <OutPorts = 1>

State 24 <SV = 23> <Delay = 2.03>
ST_24 : Operation 540 [1/1] (0.35ns)   --->   "%norm = select i1 %icmp_ln266, i16 %add, i16 0" [../gen/Hls_Layers_UpConv.tpp:266]   --->   Operation 540 'select' 'norm' <Predicate = true> <Delay = 0.35> <CoreInst = "Sel">   --->   Core 73 'Sel' <Latency = 0> <II = 1> <Delay = 0.35> <FuncUnit> <Opcode : 'select'> <InPorts = 3> <OutPorts = 1>
ST_24 : Operation 541 [2/2] (1.68ns)   --->   "%cmp = fcmp_olt  i16 %norm, i16 0" [../gen/Hls_Layers_UpConv.tpp:270]   --->   Operation 541 'hcmp' 'cmp' <Predicate = true> <Delay = 1.68> <CoreInst = "HCompare">   --->   Core 56 'HCompare' <Latency = 1> <II = 1> <Delay = 1.68> <FuncUnit> <Opcode : 'hcmp'> <InPorts = 2> <OutPorts = 1>
ST_24 : Operation 542 [1/1] (0.35ns)   --->   "%norm_1 = select i1 %icmp_ln266_1, i16 %add154_1, i16 0" [../gen/Hls_Layers_UpConv.tpp:266]   --->   Operation 542 'select' 'norm_1' <Predicate = true> <Delay = 0.35> <CoreInst = "Sel">   --->   Core 73 'Sel' <Latency = 0> <II = 1> <Delay = 0.35> <FuncUnit> <Opcode : 'select'> <InPorts = 3> <OutPorts = 1>
ST_24 : Operation 543 [2/2] (1.68ns)   --->   "%cmp158_1 = fcmp_olt  i16 %norm_1, i16 0" [../gen/Hls_Layers_UpConv.tpp:270]   --->   Operation 543 'hcmp' 'cmp158_1' <Predicate = true> <Delay = 1.68> <CoreInst = "HCompare">   --->   Core 56 'HCompare' <Latency = 1> <II = 1> <Delay = 1.68> <FuncUnit> <Opcode : 'hcmp'> <InPorts = 2> <OutPorts = 1>
ST_24 : Operation 544 [1/1] (0.35ns)   --->   "%norm_2 = select i1 %icmp_ln266_2, i16 %add154_2, i16 0" [../gen/Hls_Layers_UpConv.tpp:266]   --->   Operation 544 'select' 'norm_2' <Predicate = true> <Delay = 0.35> <CoreInst = "Sel">   --->   Core 73 'Sel' <Latency = 0> <II = 1> <Delay = 0.35> <FuncUnit> <Opcode : 'select'> <InPorts = 3> <OutPorts = 1>
ST_24 : Operation 545 [2/2] (1.68ns)   --->   "%cmp158_2 = fcmp_olt  i16 %norm_2, i16 0" [../gen/Hls_Layers_UpConv.tpp:270]   --->   Operation 545 'hcmp' 'cmp158_2' <Predicate = true> <Delay = 1.68> <CoreInst = "HCompare">   --->   Core 56 'HCompare' <Latency = 1> <II = 1> <Delay = 1.68> <FuncUnit> <Opcode : 'hcmp'> <InPorts = 2> <OutPorts = 1>
ST_24 : Operation 546 [1/1] (0.35ns)   --->   "%norm_3 = select i1 %icmp_ln266_3, i16 %add154_3, i16 0" [../gen/Hls_Layers_UpConv.tpp:266]   --->   Operation 546 'select' 'norm_3' <Predicate = true> <Delay = 0.35> <CoreInst = "Sel">   --->   Core 73 'Sel' <Latency = 0> <II = 1> <Delay = 0.35> <FuncUnit> <Opcode : 'select'> <InPorts = 3> <OutPorts = 1>
ST_24 : Operation 547 [2/2] (1.68ns)   --->   "%cmp158_3 = fcmp_olt  i16 %norm_3, i16 0" [../gen/Hls_Layers_UpConv.tpp:270]   --->   Operation 547 'hcmp' 'cmp158_3' <Predicate = true> <Delay = 1.68> <CoreInst = "HCompare">   --->   Core 56 'HCompare' <Latency = 1> <II = 1> <Delay = 1.68> <FuncUnit> <Opcode : 'hcmp'> <InPorts = 2> <OutPorts = 1>
ST_24 : Operation 548 [1/1] (0.35ns)   --->   "%norm_4 = select i1 %icmp_ln266_4, i16 %add154_4, i16 0" [../gen/Hls_Layers_UpConv.tpp:266]   --->   Operation 548 'select' 'norm_4' <Predicate = true> <Delay = 0.35> <CoreInst = "Sel">   --->   Core 73 'Sel' <Latency = 0> <II = 1> <Delay = 0.35> <FuncUnit> <Opcode : 'select'> <InPorts = 3> <OutPorts = 1>
ST_24 : Operation 549 [2/2] (1.68ns)   --->   "%cmp158_4 = fcmp_olt  i16 %norm_4, i16 0" [../gen/Hls_Layers_UpConv.tpp:270]   --->   Operation 549 'hcmp' 'cmp158_4' <Predicate = true> <Delay = 1.68> <CoreInst = "HCompare">   --->   Core 56 'HCompare' <Latency = 1> <II = 1> <Delay = 1.68> <FuncUnit> <Opcode : 'hcmp'> <InPorts = 2> <OutPorts = 1>
ST_24 : Operation 550 [1/1] (0.35ns)   --->   "%norm_5 = select i1 %icmp_ln266_5, i16 %add154_5, i16 0" [../gen/Hls_Layers_UpConv.tpp:266]   --->   Operation 550 'select' 'norm_5' <Predicate = true> <Delay = 0.35> <CoreInst = "Sel">   --->   Core 73 'Sel' <Latency = 0> <II = 1> <Delay = 0.35> <FuncUnit> <Opcode : 'select'> <InPorts = 3> <OutPorts = 1>
ST_24 : Operation 551 [2/2] (1.68ns)   --->   "%cmp158_5 = fcmp_olt  i16 %norm_5, i16 0" [../gen/Hls_Layers_UpConv.tpp:270]   --->   Operation 551 'hcmp' 'cmp158_5' <Predicate = true> <Delay = 1.68> <CoreInst = "HCompare">   --->   Core 56 'HCompare' <Latency = 1> <II = 1> <Delay = 1.68> <FuncUnit> <Opcode : 'hcmp'> <InPorts = 2> <OutPorts = 1>
ST_24 : Operation 552 [1/1] (0.35ns)   --->   "%norm_6 = select i1 %icmp_ln266_6, i16 %add154_6, i16 0" [../gen/Hls_Layers_UpConv.tpp:266]   --->   Operation 552 'select' 'norm_6' <Predicate = true> <Delay = 0.35> <CoreInst = "Sel">   --->   Core 73 'Sel' <Latency = 0> <II = 1> <Delay = 0.35> <FuncUnit> <Opcode : 'select'> <InPorts = 3> <OutPorts = 1>
ST_24 : Operation 553 [2/2] (1.68ns)   --->   "%cmp158_6 = fcmp_olt  i16 %norm_6, i16 0" [../gen/Hls_Layers_UpConv.tpp:270]   --->   Operation 553 'hcmp' 'cmp158_6' <Predicate = true> <Delay = 1.68> <CoreInst = "HCompare">   --->   Core 56 'HCompare' <Latency = 1> <II = 1> <Delay = 1.68> <FuncUnit> <Opcode : 'hcmp'> <InPorts = 2> <OutPorts = 1>
ST_24 : Operation 554 [1/1] (0.35ns)   --->   "%norm_7 = select i1 %icmp_ln266_7, i16 %add154_7, i16 0" [../gen/Hls_Layers_UpConv.tpp:266]   --->   Operation 554 'select' 'norm_7' <Predicate = true> <Delay = 0.35> <CoreInst = "Sel">   --->   Core 73 'Sel' <Latency = 0> <II = 1> <Delay = 0.35> <FuncUnit> <Opcode : 'select'> <InPorts = 3> <OutPorts = 1>
ST_24 : Operation 555 [2/2] (1.68ns)   --->   "%cmp158_7 = fcmp_olt  i16 %norm_7, i16 0" [../gen/Hls_Layers_UpConv.tpp:270]   --->   Operation 555 'hcmp' 'cmp158_7' <Predicate = true> <Delay = 1.68> <CoreInst = "HCompare">   --->   Core 56 'HCompare' <Latency = 1> <II = 1> <Delay = 1.68> <FuncUnit> <Opcode : 'hcmp'> <InPorts = 2> <OutPorts = 1>
ST_24 : Operation 556 [1/1] (0.35ns)   --->   "%norm_8 = select i1 %icmp_ln266_8, i16 %add154_8, i16 0" [../gen/Hls_Layers_UpConv.tpp:266]   --->   Operation 556 'select' 'norm_8' <Predicate = true> <Delay = 0.35> <CoreInst = "Sel">   --->   Core 73 'Sel' <Latency = 0> <II = 1> <Delay = 0.35> <FuncUnit> <Opcode : 'select'> <InPorts = 3> <OutPorts = 1>
ST_24 : Operation 557 [2/2] (1.68ns)   --->   "%cmp158_8 = fcmp_olt  i16 %norm_8, i16 0" [../gen/Hls_Layers_UpConv.tpp:270]   --->   Operation 557 'hcmp' 'cmp158_8' <Predicate = true> <Delay = 1.68> <CoreInst = "HCompare">   --->   Core 56 'HCompare' <Latency = 1> <II = 1> <Delay = 1.68> <FuncUnit> <Opcode : 'hcmp'> <InPorts = 2> <OutPorts = 1>
ST_24 : Operation 558 [1/1] (0.35ns)   --->   "%norm_9 = select i1 %icmp_ln266_9, i16 %add154_9, i16 0" [../gen/Hls_Layers_UpConv.tpp:266]   --->   Operation 558 'select' 'norm_9' <Predicate = true> <Delay = 0.35> <CoreInst = "Sel">   --->   Core 73 'Sel' <Latency = 0> <II = 1> <Delay = 0.35> <FuncUnit> <Opcode : 'select'> <InPorts = 3> <OutPorts = 1>
ST_24 : Operation 559 [2/2] (1.68ns)   --->   "%cmp158_9 = fcmp_olt  i16 %norm_9, i16 0" [../gen/Hls_Layers_UpConv.tpp:270]   --->   Operation 559 'hcmp' 'cmp158_9' <Predicate = true> <Delay = 1.68> <CoreInst = "HCompare">   --->   Core 56 'HCompare' <Latency = 1> <II = 1> <Delay = 1.68> <FuncUnit> <Opcode : 'hcmp'> <InPorts = 2> <OutPorts = 1>
ST_24 : Operation 560 [1/1] (0.35ns)   --->   "%norm_10 = select i1 %icmp_ln266_10, i16 %add154_s, i16 0" [../gen/Hls_Layers_UpConv.tpp:266]   --->   Operation 560 'select' 'norm_10' <Predicate = true> <Delay = 0.35> <CoreInst = "Sel">   --->   Core 73 'Sel' <Latency = 0> <II = 1> <Delay = 0.35> <FuncUnit> <Opcode : 'select'> <InPorts = 3> <OutPorts = 1>
ST_24 : Operation 561 [2/2] (1.68ns)   --->   "%cmp158_s = fcmp_olt  i16 %norm_10, i16 0" [../gen/Hls_Layers_UpConv.tpp:270]   --->   Operation 561 'hcmp' 'cmp158_s' <Predicate = true> <Delay = 1.68> <CoreInst = "HCompare">   --->   Core 56 'HCompare' <Latency = 1> <II = 1> <Delay = 1.68> <FuncUnit> <Opcode : 'hcmp'> <InPorts = 2> <OutPorts = 1>
ST_24 : Operation 562 [1/1] (0.35ns)   --->   "%norm_11 = select i1 %icmp_ln266_11, i16 %add154_10, i16 0" [../gen/Hls_Layers_UpConv.tpp:266]   --->   Operation 562 'select' 'norm_11' <Predicate = true> <Delay = 0.35> <CoreInst = "Sel">   --->   Core 73 'Sel' <Latency = 0> <II = 1> <Delay = 0.35> <FuncUnit> <Opcode : 'select'> <InPorts = 3> <OutPorts = 1>
ST_24 : Operation 563 [2/2] (1.68ns)   --->   "%cmp158_10 = fcmp_olt  i16 %norm_11, i16 0" [../gen/Hls_Layers_UpConv.tpp:270]   --->   Operation 563 'hcmp' 'cmp158_10' <Predicate = true> <Delay = 1.68> <CoreInst = "HCompare">   --->   Core 56 'HCompare' <Latency = 1> <II = 1> <Delay = 1.68> <FuncUnit> <Opcode : 'hcmp'> <InPorts = 2> <OutPorts = 1>
ST_24 : Operation 564 [1/1] (0.35ns)   --->   "%norm_12 = select i1 %icmp_ln266_12, i16 %add154_11, i16 0" [../gen/Hls_Layers_UpConv.tpp:266]   --->   Operation 564 'select' 'norm_12' <Predicate = true> <Delay = 0.35> <CoreInst = "Sel">   --->   Core 73 'Sel' <Latency = 0> <II = 1> <Delay = 0.35> <FuncUnit> <Opcode : 'select'> <InPorts = 3> <OutPorts = 1>
ST_24 : Operation 565 [2/2] (1.68ns)   --->   "%cmp158_11 = fcmp_olt  i16 %norm_12, i16 0" [../gen/Hls_Layers_UpConv.tpp:270]   --->   Operation 565 'hcmp' 'cmp158_11' <Predicate = true> <Delay = 1.68> <CoreInst = "HCompare">   --->   Core 56 'HCompare' <Latency = 1> <II = 1> <Delay = 1.68> <FuncUnit> <Opcode : 'hcmp'> <InPorts = 2> <OutPorts = 1>
ST_24 : Operation 566 [1/1] (0.35ns)   --->   "%norm_13 = select i1 %icmp_ln266_13, i16 %add154_12, i16 0" [../gen/Hls_Layers_UpConv.tpp:266]   --->   Operation 566 'select' 'norm_13' <Predicate = true> <Delay = 0.35> <CoreInst = "Sel">   --->   Core 73 'Sel' <Latency = 0> <II = 1> <Delay = 0.35> <FuncUnit> <Opcode : 'select'> <InPorts = 3> <OutPorts = 1>
ST_24 : Operation 567 [2/2] (1.68ns)   --->   "%cmp158_12 = fcmp_olt  i16 %norm_13, i16 0" [../gen/Hls_Layers_UpConv.tpp:270]   --->   Operation 567 'hcmp' 'cmp158_12' <Predicate = true> <Delay = 1.68> <CoreInst = "HCompare">   --->   Core 56 'HCompare' <Latency = 1> <II = 1> <Delay = 1.68> <FuncUnit> <Opcode : 'hcmp'> <InPorts = 2> <OutPorts = 1>
ST_24 : Operation 568 [1/1] (0.35ns)   --->   "%norm_14 = select i1 %icmp_ln266_14, i16 %add154_13, i16 0" [../gen/Hls_Layers_UpConv.tpp:266]   --->   Operation 568 'select' 'norm_14' <Predicate = true> <Delay = 0.35> <CoreInst = "Sel">   --->   Core 73 'Sel' <Latency = 0> <II = 1> <Delay = 0.35> <FuncUnit> <Opcode : 'select'> <InPorts = 3> <OutPorts = 1>
ST_24 : Operation 569 [2/2] (1.68ns)   --->   "%cmp158_13 = fcmp_olt  i16 %norm_14, i16 0" [../gen/Hls_Layers_UpConv.tpp:270]   --->   Operation 569 'hcmp' 'cmp158_13' <Predicate = true> <Delay = 1.68> <CoreInst = "HCompare">   --->   Core 56 'HCompare' <Latency = 1> <II = 1> <Delay = 1.68> <FuncUnit> <Opcode : 'hcmp'> <InPorts = 2> <OutPorts = 1>
ST_24 : Operation 570 [1/1] (0.35ns)   --->   "%norm_15 = select i1 %icmp_ln266_15, i16 %add154_14, i16 0" [../gen/Hls_Layers_UpConv.tpp:266]   --->   Operation 570 'select' 'norm_15' <Predicate = true> <Delay = 0.35> <CoreInst = "Sel">   --->   Core 73 'Sel' <Latency = 0> <II = 1> <Delay = 0.35> <FuncUnit> <Opcode : 'select'> <InPorts = 3> <OutPorts = 1>
ST_24 : Operation 571 [2/2] (1.68ns)   --->   "%cmp158_14 = fcmp_olt  i16 %norm_15, i16 0" [../gen/Hls_Layers_UpConv.tpp:270]   --->   Operation 571 'hcmp' 'cmp158_14' <Predicate = true> <Delay = 1.68> <CoreInst = "HCompare">   --->   Core 56 'HCompare' <Latency = 1> <II = 1> <Delay = 1.68> <FuncUnit> <Opcode : 'hcmp'> <InPorts = 2> <OutPorts = 1>
ST_24 : Operation 572 [1/1] (0.00ns)   --->   "%shl_ln1 = bitconcatenate i37 @_ssdm_op_BitConcatenate.i37.i32.i5, i32 %add_ln273_1, i5 0" [../gen/Hls_Layers_UpConv.tpp:273]   --->   Operation 572 'bitconcatenate' 'shl_ln1' <Predicate = true> <Delay = 0.00>
ST_24 : Operation 573 [1/1] (0.00ns)   --->   "%sext_ln273 = sext i37 %shl_ln1" [../gen/Hls_Layers_UpConv.tpp:273]   --->   Operation 573 'sext' 'sext_ln273' <Predicate = true> <Delay = 0.00>
ST_24 : Operation 574 [1/1] (1.08ns)   --->   "%add_ln273_2 = add i64 %sext_ln273, i64 %Y_read" [../gen/Hls_Layers_UpConv.tpp:273]   --->   Operation 574 'add' 'add_ln273_2' <Predicate = true> <Delay = 1.08> <CoreInst = "Adder">   --->   Core 1 'Adder' <Latency = 0> <II = 1> <Delay = 1.08> <FuncUnit> <Opcode : 'add' 'sub'> <InPorts = 2> <OutPorts = 1>
ST_24 : Operation 575 [1/1] (0.00ns)   --->   "%trunc_ln8 = partselect i59 @_ssdm_op_PartSelect.i59.i64.i32.i32, i64 %add_ln273_2, i32 5, i32 63" [../gen/Hls_Layers_UpConv.tpp:273]   --->   Operation 575 'partselect' 'trunc_ln8' <Predicate = true> <Delay = 0.00>

State 25 <SV = 24> <Delay = 2.43>
ST_25 : Operation 576 [1/2] (1.68ns)   --->   "%cmp = fcmp_olt  i16 %norm, i16 0" [../gen/Hls_Layers_UpConv.tpp:270]   --->   Operation 576 'hcmp' 'cmp' <Predicate = true> <Delay = 1.68> <CoreInst = "HCompare">   --->   Core 56 'HCompare' <Latency = 1> <II = 1> <Delay = 1.68> <FuncUnit> <Opcode : 'hcmp'> <InPorts = 2> <OutPorts = 1>
ST_25 : Operation 577 [1/1] (0.00ns)   --->   "%bitcast_ln27 = bitcast i16 %norm" [../gen/Hls_Layers_UpConv.tpp:27->../gen/Hls_Layers_UpConv.tpp:271]   --->   Operation 577 'bitcast' 'bitcast_ln27' <Predicate = true> <Delay = 0.00>
ST_25 : Operation 578 [1/1] (0.35ns)   --->   "%select_ln27 = select i1 %cmp, i16 0, i16 %bitcast_ln27" [../gen/Hls_Layers_UpConv.tpp:27->../gen/Hls_Layers_UpConv.tpp:271]   --->   Operation 578 'select' 'select_ln27' <Predicate = true> <Delay = 0.35> <CoreInst = "Sel">   --->   Core 73 'Sel' <Latency = 0> <II = 1> <Delay = 0.35> <FuncUnit> <Opcode : 'select'> <InPorts = 3> <OutPorts = 1>
ST_25 : Operation 579 [1/2] (1.68ns)   --->   "%cmp158_1 = fcmp_olt  i16 %norm_1, i16 0" [../gen/Hls_Layers_UpConv.tpp:270]   --->   Operation 579 'hcmp' 'cmp158_1' <Predicate = true> <Delay = 1.68> <CoreInst = "HCompare">   --->   Core 56 'HCompare' <Latency = 1> <II = 1> <Delay = 1.68> <FuncUnit> <Opcode : 'hcmp'> <InPorts = 2> <OutPorts = 1>
ST_25 : Operation 580 [1/1] (0.00ns)   --->   "%bitcast_ln27_1 = bitcast i16 %norm_1" [../gen/Hls_Layers_UpConv.tpp:27->../gen/Hls_Layers_UpConv.tpp:271]   --->   Operation 580 'bitcast' 'bitcast_ln27_1' <Predicate = true> <Delay = 0.00>
ST_25 : Operation 581 [1/1] (0.35ns)   --->   "%select_ln27_1 = select i1 %cmp158_1, i16 0, i16 %bitcast_ln27_1" [../gen/Hls_Layers_UpConv.tpp:27->../gen/Hls_Layers_UpConv.tpp:271]   --->   Operation 581 'select' 'select_ln27_1' <Predicate = true> <Delay = 0.35> <CoreInst = "Sel">   --->   Core 73 'Sel' <Latency = 0> <II = 1> <Delay = 0.35> <FuncUnit> <Opcode : 'select'> <InPorts = 3> <OutPorts = 1>
ST_25 : Operation 582 [1/2] (1.68ns)   --->   "%cmp158_2 = fcmp_olt  i16 %norm_2, i16 0" [../gen/Hls_Layers_UpConv.tpp:270]   --->   Operation 582 'hcmp' 'cmp158_2' <Predicate = true> <Delay = 1.68> <CoreInst = "HCompare">   --->   Core 56 'HCompare' <Latency = 1> <II = 1> <Delay = 1.68> <FuncUnit> <Opcode : 'hcmp'> <InPorts = 2> <OutPorts = 1>
ST_25 : Operation 583 [1/1] (0.00ns)   --->   "%bitcast_ln27_2 = bitcast i16 %norm_2" [../gen/Hls_Layers_UpConv.tpp:27->../gen/Hls_Layers_UpConv.tpp:271]   --->   Operation 583 'bitcast' 'bitcast_ln27_2' <Predicate = true> <Delay = 0.00>
ST_25 : Operation 584 [1/1] (0.35ns)   --->   "%select_ln27_2 = select i1 %cmp158_2, i16 0, i16 %bitcast_ln27_2" [../gen/Hls_Layers_UpConv.tpp:27->../gen/Hls_Layers_UpConv.tpp:271]   --->   Operation 584 'select' 'select_ln27_2' <Predicate = true> <Delay = 0.35> <CoreInst = "Sel">   --->   Core 73 'Sel' <Latency = 0> <II = 1> <Delay = 0.35> <FuncUnit> <Opcode : 'select'> <InPorts = 3> <OutPorts = 1>
ST_25 : Operation 585 [1/2] (1.68ns)   --->   "%cmp158_3 = fcmp_olt  i16 %norm_3, i16 0" [../gen/Hls_Layers_UpConv.tpp:270]   --->   Operation 585 'hcmp' 'cmp158_3' <Predicate = true> <Delay = 1.68> <CoreInst = "HCompare">   --->   Core 56 'HCompare' <Latency = 1> <II = 1> <Delay = 1.68> <FuncUnit> <Opcode : 'hcmp'> <InPorts = 2> <OutPorts = 1>
ST_25 : Operation 586 [1/1] (0.00ns)   --->   "%bitcast_ln27_3 = bitcast i16 %norm_3" [../gen/Hls_Layers_UpConv.tpp:27->../gen/Hls_Layers_UpConv.tpp:271]   --->   Operation 586 'bitcast' 'bitcast_ln27_3' <Predicate = true> <Delay = 0.00>
ST_25 : Operation 587 [1/1] (0.35ns)   --->   "%select_ln27_3 = select i1 %cmp158_3, i16 0, i16 %bitcast_ln27_3" [../gen/Hls_Layers_UpConv.tpp:27->../gen/Hls_Layers_UpConv.tpp:271]   --->   Operation 587 'select' 'select_ln27_3' <Predicate = true> <Delay = 0.35> <CoreInst = "Sel">   --->   Core 73 'Sel' <Latency = 0> <II = 1> <Delay = 0.35> <FuncUnit> <Opcode : 'select'> <InPorts = 3> <OutPorts = 1>
ST_25 : Operation 588 [1/2] (1.68ns)   --->   "%cmp158_4 = fcmp_olt  i16 %norm_4, i16 0" [../gen/Hls_Layers_UpConv.tpp:270]   --->   Operation 588 'hcmp' 'cmp158_4' <Predicate = true> <Delay = 1.68> <CoreInst = "HCompare">   --->   Core 56 'HCompare' <Latency = 1> <II = 1> <Delay = 1.68> <FuncUnit> <Opcode : 'hcmp'> <InPorts = 2> <OutPorts = 1>
ST_25 : Operation 589 [1/1] (0.00ns)   --->   "%bitcast_ln27_4 = bitcast i16 %norm_4" [../gen/Hls_Layers_UpConv.tpp:27->../gen/Hls_Layers_UpConv.tpp:271]   --->   Operation 589 'bitcast' 'bitcast_ln27_4' <Predicate = true> <Delay = 0.00>
ST_25 : Operation 590 [1/1] (0.35ns)   --->   "%select_ln27_4 = select i1 %cmp158_4, i16 0, i16 %bitcast_ln27_4" [../gen/Hls_Layers_UpConv.tpp:27->../gen/Hls_Layers_UpConv.tpp:271]   --->   Operation 590 'select' 'select_ln27_4' <Predicate = true> <Delay = 0.35> <CoreInst = "Sel">   --->   Core 73 'Sel' <Latency = 0> <II = 1> <Delay = 0.35> <FuncUnit> <Opcode : 'select'> <InPorts = 3> <OutPorts = 1>
ST_25 : Operation 591 [1/2] (1.68ns)   --->   "%cmp158_5 = fcmp_olt  i16 %norm_5, i16 0" [../gen/Hls_Layers_UpConv.tpp:270]   --->   Operation 591 'hcmp' 'cmp158_5' <Predicate = true> <Delay = 1.68> <CoreInst = "HCompare">   --->   Core 56 'HCompare' <Latency = 1> <II = 1> <Delay = 1.68> <FuncUnit> <Opcode : 'hcmp'> <InPorts = 2> <OutPorts = 1>
ST_25 : Operation 592 [1/1] (0.00ns)   --->   "%bitcast_ln27_5 = bitcast i16 %norm_5" [../gen/Hls_Layers_UpConv.tpp:27->../gen/Hls_Layers_UpConv.tpp:271]   --->   Operation 592 'bitcast' 'bitcast_ln27_5' <Predicate = true> <Delay = 0.00>
ST_25 : Operation 593 [1/1] (0.35ns)   --->   "%select_ln27_5 = select i1 %cmp158_5, i16 0, i16 %bitcast_ln27_5" [../gen/Hls_Layers_UpConv.tpp:27->../gen/Hls_Layers_UpConv.tpp:271]   --->   Operation 593 'select' 'select_ln27_5' <Predicate = true> <Delay = 0.35> <CoreInst = "Sel">   --->   Core 73 'Sel' <Latency = 0> <II = 1> <Delay = 0.35> <FuncUnit> <Opcode : 'select'> <InPorts = 3> <OutPorts = 1>
ST_25 : Operation 594 [1/2] (1.68ns)   --->   "%cmp158_6 = fcmp_olt  i16 %norm_6, i16 0" [../gen/Hls_Layers_UpConv.tpp:270]   --->   Operation 594 'hcmp' 'cmp158_6' <Predicate = true> <Delay = 1.68> <CoreInst = "HCompare">   --->   Core 56 'HCompare' <Latency = 1> <II = 1> <Delay = 1.68> <FuncUnit> <Opcode : 'hcmp'> <InPorts = 2> <OutPorts = 1>
ST_25 : Operation 595 [1/1] (0.00ns)   --->   "%bitcast_ln27_6 = bitcast i16 %norm_6" [../gen/Hls_Layers_UpConv.tpp:27->../gen/Hls_Layers_UpConv.tpp:271]   --->   Operation 595 'bitcast' 'bitcast_ln27_6' <Predicate = true> <Delay = 0.00>
ST_25 : Operation 596 [1/1] (0.35ns)   --->   "%select_ln27_6 = select i1 %cmp158_6, i16 0, i16 %bitcast_ln27_6" [../gen/Hls_Layers_UpConv.tpp:27->../gen/Hls_Layers_UpConv.tpp:271]   --->   Operation 596 'select' 'select_ln27_6' <Predicate = true> <Delay = 0.35> <CoreInst = "Sel">   --->   Core 73 'Sel' <Latency = 0> <II = 1> <Delay = 0.35> <FuncUnit> <Opcode : 'select'> <InPorts = 3> <OutPorts = 1>
ST_25 : Operation 597 [1/2] (1.68ns)   --->   "%cmp158_7 = fcmp_olt  i16 %norm_7, i16 0" [../gen/Hls_Layers_UpConv.tpp:270]   --->   Operation 597 'hcmp' 'cmp158_7' <Predicate = true> <Delay = 1.68> <CoreInst = "HCompare">   --->   Core 56 'HCompare' <Latency = 1> <II = 1> <Delay = 1.68> <FuncUnit> <Opcode : 'hcmp'> <InPorts = 2> <OutPorts = 1>
ST_25 : Operation 598 [1/1] (0.00ns)   --->   "%bitcast_ln27_7 = bitcast i16 %norm_7" [../gen/Hls_Layers_UpConv.tpp:27->../gen/Hls_Layers_UpConv.tpp:271]   --->   Operation 598 'bitcast' 'bitcast_ln27_7' <Predicate = true> <Delay = 0.00>
ST_25 : Operation 599 [1/1] (0.35ns)   --->   "%select_ln27_7 = select i1 %cmp158_7, i16 0, i16 %bitcast_ln27_7" [../gen/Hls_Layers_UpConv.tpp:27->../gen/Hls_Layers_UpConv.tpp:271]   --->   Operation 599 'select' 'select_ln27_7' <Predicate = true> <Delay = 0.35> <CoreInst = "Sel">   --->   Core 73 'Sel' <Latency = 0> <II = 1> <Delay = 0.35> <FuncUnit> <Opcode : 'select'> <InPorts = 3> <OutPorts = 1>
ST_25 : Operation 600 [1/2] (1.68ns)   --->   "%cmp158_8 = fcmp_olt  i16 %norm_8, i16 0" [../gen/Hls_Layers_UpConv.tpp:270]   --->   Operation 600 'hcmp' 'cmp158_8' <Predicate = true> <Delay = 1.68> <CoreInst = "HCompare">   --->   Core 56 'HCompare' <Latency = 1> <II = 1> <Delay = 1.68> <FuncUnit> <Opcode : 'hcmp'> <InPorts = 2> <OutPorts = 1>
ST_25 : Operation 601 [1/1] (0.00ns)   --->   "%bitcast_ln27_8 = bitcast i16 %norm_8" [../gen/Hls_Layers_UpConv.tpp:27->../gen/Hls_Layers_UpConv.tpp:271]   --->   Operation 601 'bitcast' 'bitcast_ln27_8' <Predicate = true> <Delay = 0.00>
ST_25 : Operation 602 [1/1] (0.35ns)   --->   "%select_ln27_8 = select i1 %cmp158_8, i16 0, i16 %bitcast_ln27_8" [../gen/Hls_Layers_UpConv.tpp:27->../gen/Hls_Layers_UpConv.tpp:271]   --->   Operation 602 'select' 'select_ln27_8' <Predicate = true> <Delay = 0.35> <CoreInst = "Sel">   --->   Core 73 'Sel' <Latency = 0> <II = 1> <Delay = 0.35> <FuncUnit> <Opcode : 'select'> <InPorts = 3> <OutPorts = 1>
ST_25 : Operation 603 [1/2] (1.68ns)   --->   "%cmp158_9 = fcmp_olt  i16 %norm_9, i16 0" [../gen/Hls_Layers_UpConv.tpp:270]   --->   Operation 603 'hcmp' 'cmp158_9' <Predicate = true> <Delay = 1.68> <CoreInst = "HCompare">   --->   Core 56 'HCompare' <Latency = 1> <II = 1> <Delay = 1.68> <FuncUnit> <Opcode : 'hcmp'> <InPorts = 2> <OutPorts = 1>
ST_25 : Operation 604 [1/1] (0.00ns)   --->   "%bitcast_ln27_9 = bitcast i16 %norm_9" [../gen/Hls_Layers_UpConv.tpp:27->../gen/Hls_Layers_UpConv.tpp:271]   --->   Operation 604 'bitcast' 'bitcast_ln27_9' <Predicate = true> <Delay = 0.00>
ST_25 : Operation 605 [1/1] (0.35ns)   --->   "%select_ln27_9 = select i1 %cmp158_9, i16 0, i16 %bitcast_ln27_9" [../gen/Hls_Layers_UpConv.tpp:27->../gen/Hls_Layers_UpConv.tpp:271]   --->   Operation 605 'select' 'select_ln27_9' <Predicate = true> <Delay = 0.35> <CoreInst = "Sel">   --->   Core 73 'Sel' <Latency = 0> <II = 1> <Delay = 0.35> <FuncUnit> <Opcode : 'select'> <InPorts = 3> <OutPorts = 1>
ST_25 : Operation 606 [1/2] (1.68ns)   --->   "%cmp158_s = fcmp_olt  i16 %norm_10, i16 0" [../gen/Hls_Layers_UpConv.tpp:270]   --->   Operation 606 'hcmp' 'cmp158_s' <Predicate = true> <Delay = 1.68> <CoreInst = "HCompare">   --->   Core 56 'HCompare' <Latency = 1> <II = 1> <Delay = 1.68> <FuncUnit> <Opcode : 'hcmp'> <InPorts = 2> <OutPorts = 1>
ST_25 : Operation 607 [1/1] (0.00ns)   --->   "%bitcast_ln27_10 = bitcast i16 %norm_10" [../gen/Hls_Layers_UpConv.tpp:27->../gen/Hls_Layers_UpConv.tpp:271]   --->   Operation 607 'bitcast' 'bitcast_ln27_10' <Predicate = true> <Delay = 0.00>
ST_25 : Operation 608 [1/1] (0.35ns)   --->   "%select_ln27_10 = select i1 %cmp158_s, i16 0, i16 %bitcast_ln27_10" [../gen/Hls_Layers_UpConv.tpp:27->../gen/Hls_Layers_UpConv.tpp:271]   --->   Operation 608 'select' 'select_ln27_10' <Predicate = true> <Delay = 0.35> <CoreInst = "Sel">   --->   Core 73 'Sel' <Latency = 0> <II = 1> <Delay = 0.35> <FuncUnit> <Opcode : 'select'> <InPorts = 3> <OutPorts = 1>
ST_25 : Operation 609 [1/2] (1.68ns)   --->   "%cmp158_10 = fcmp_olt  i16 %norm_11, i16 0" [../gen/Hls_Layers_UpConv.tpp:270]   --->   Operation 609 'hcmp' 'cmp158_10' <Predicate = true> <Delay = 1.68> <CoreInst = "HCompare">   --->   Core 56 'HCompare' <Latency = 1> <II = 1> <Delay = 1.68> <FuncUnit> <Opcode : 'hcmp'> <InPorts = 2> <OutPorts = 1>
ST_25 : Operation 610 [1/1] (0.00ns)   --->   "%bitcast_ln27_11 = bitcast i16 %norm_11" [../gen/Hls_Layers_UpConv.tpp:27->../gen/Hls_Layers_UpConv.tpp:271]   --->   Operation 610 'bitcast' 'bitcast_ln27_11' <Predicate = true> <Delay = 0.00>
ST_25 : Operation 611 [1/1] (0.35ns)   --->   "%select_ln27_11 = select i1 %cmp158_10, i16 0, i16 %bitcast_ln27_11" [../gen/Hls_Layers_UpConv.tpp:27->../gen/Hls_Layers_UpConv.tpp:271]   --->   Operation 611 'select' 'select_ln27_11' <Predicate = true> <Delay = 0.35> <CoreInst = "Sel">   --->   Core 73 'Sel' <Latency = 0> <II = 1> <Delay = 0.35> <FuncUnit> <Opcode : 'select'> <InPorts = 3> <OutPorts = 1>
ST_25 : Operation 612 [1/2] (1.68ns)   --->   "%cmp158_11 = fcmp_olt  i16 %norm_12, i16 0" [../gen/Hls_Layers_UpConv.tpp:270]   --->   Operation 612 'hcmp' 'cmp158_11' <Predicate = true> <Delay = 1.68> <CoreInst = "HCompare">   --->   Core 56 'HCompare' <Latency = 1> <II = 1> <Delay = 1.68> <FuncUnit> <Opcode : 'hcmp'> <InPorts = 2> <OutPorts = 1>
ST_25 : Operation 613 [1/1] (0.00ns)   --->   "%bitcast_ln27_12 = bitcast i16 %norm_12" [../gen/Hls_Layers_UpConv.tpp:27->../gen/Hls_Layers_UpConv.tpp:271]   --->   Operation 613 'bitcast' 'bitcast_ln27_12' <Predicate = true> <Delay = 0.00>
ST_25 : Operation 614 [1/1] (0.35ns)   --->   "%select_ln27_12 = select i1 %cmp158_11, i16 0, i16 %bitcast_ln27_12" [../gen/Hls_Layers_UpConv.tpp:27->../gen/Hls_Layers_UpConv.tpp:271]   --->   Operation 614 'select' 'select_ln27_12' <Predicate = true> <Delay = 0.35> <CoreInst = "Sel">   --->   Core 73 'Sel' <Latency = 0> <II = 1> <Delay = 0.35> <FuncUnit> <Opcode : 'select'> <InPorts = 3> <OutPorts = 1>
ST_25 : Operation 615 [1/2] (1.68ns)   --->   "%cmp158_12 = fcmp_olt  i16 %norm_13, i16 0" [../gen/Hls_Layers_UpConv.tpp:270]   --->   Operation 615 'hcmp' 'cmp158_12' <Predicate = true> <Delay = 1.68> <CoreInst = "HCompare">   --->   Core 56 'HCompare' <Latency = 1> <II = 1> <Delay = 1.68> <FuncUnit> <Opcode : 'hcmp'> <InPorts = 2> <OutPorts = 1>
ST_25 : Operation 616 [1/1] (0.00ns)   --->   "%bitcast_ln27_13 = bitcast i16 %norm_13" [../gen/Hls_Layers_UpConv.tpp:27->../gen/Hls_Layers_UpConv.tpp:271]   --->   Operation 616 'bitcast' 'bitcast_ln27_13' <Predicate = true> <Delay = 0.00>
ST_25 : Operation 617 [1/1] (0.35ns)   --->   "%select_ln27_13 = select i1 %cmp158_12, i16 0, i16 %bitcast_ln27_13" [../gen/Hls_Layers_UpConv.tpp:27->../gen/Hls_Layers_UpConv.tpp:271]   --->   Operation 617 'select' 'select_ln27_13' <Predicate = true> <Delay = 0.35> <CoreInst = "Sel">   --->   Core 73 'Sel' <Latency = 0> <II = 1> <Delay = 0.35> <FuncUnit> <Opcode : 'select'> <InPorts = 3> <OutPorts = 1>
ST_25 : Operation 618 [1/2] (1.68ns)   --->   "%cmp158_13 = fcmp_olt  i16 %norm_14, i16 0" [../gen/Hls_Layers_UpConv.tpp:270]   --->   Operation 618 'hcmp' 'cmp158_13' <Predicate = true> <Delay = 1.68> <CoreInst = "HCompare">   --->   Core 56 'HCompare' <Latency = 1> <II = 1> <Delay = 1.68> <FuncUnit> <Opcode : 'hcmp'> <InPorts = 2> <OutPorts = 1>
ST_25 : Operation 619 [1/1] (0.00ns)   --->   "%bitcast_ln27_14 = bitcast i16 %norm_14" [../gen/Hls_Layers_UpConv.tpp:27->../gen/Hls_Layers_UpConv.tpp:271]   --->   Operation 619 'bitcast' 'bitcast_ln27_14' <Predicate = true> <Delay = 0.00>
ST_25 : Operation 620 [1/1] (0.35ns)   --->   "%select_ln27_14 = select i1 %cmp158_13, i16 0, i16 %bitcast_ln27_14" [../gen/Hls_Layers_UpConv.tpp:27->../gen/Hls_Layers_UpConv.tpp:271]   --->   Operation 620 'select' 'select_ln27_14' <Predicate = true> <Delay = 0.35> <CoreInst = "Sel">   --->   Core 73 'Sel' <Latency = 0> <II = 1> <Delay = 0.35> <FuncUnit> <Opcode : 'select'> <InPorts = 3> <OutPorts = 1>
ST_25 : Operation 621 [1/2] (1.68ns)   --->   "%cmp158_14 = fcmp_olt  i16 %norm_15, i16 0" [../gen/Hls_Layers_UpConv.tpp:270]   --->   Operation 621 'hcmp' 'cmp158_14' <Predicate = true> <Delay = 1.68> <CoreInst = "HCompare">   --->   Core 56 'HCompare' <Latency = 1> <II = 1> <Delay = 1.68> <FuncUnit> <Opcode : 'hcmp'> <InPorts = 2> <OutPorts = 1>
ST_25 : Operation 622 [1/1] (0.00ns)   --->   "%bitcast_ln27_15 = bitcast i16 %norm_15" [../gen/Hls_Layers_UpConv.tpp:27->../gen/Hls_Layers_UpConv.tpp:271]   --->   Operation 622 'bitcast' 'bitcast_ln27_15' <Predicate = true> <Delay = 0.00>
ST_25 : Operation 623 [1/1] (0.35ns)   --->   "%select_ln27_15 = select i1 %cmp158_14, i16 0, i16 %bitcast_ln27_15" [../gen/Hls_Layers_UpConv.tpp:27->../gen/Hls_Layers_UpConv.tpp:271]   --->   Operation 623 'select' 'select_ln27_15' <Predicate = true> <Delay = 0.35> <CoreInst = "Sel">   --->   Core 73 'Sel' <Latency = 0> <II = 1> <Delay = 0.35> <FuncUnit> <Opcode : 'select'> <InPorts = 3> <OutPorts = 1>
ST_25 : Operation 624 [1/1] (0.00ns)   --->   "%sext_ln273_1 = sext i59 %trunc_ln8" [../gen/Hls_Layers_UpConv.tpp:273]   --->   Operation 624 'sext' 'sext_ln273_1' <Predicate = true> <Delay = 0.00>
ST_25 : Operation 625 [1/1] (0.00ns)   --->   "%gmem_out_addr = getelementptr i256 %gmem_out, i64 %sext_ln273_1" [../gen/Hls_Layers_UpConv.tpp:273]   --->   Operation 625 'getelementptr' 'gmem_out_addr' <Predicate = true> <Delay = 0.00>
ST_25 : Operation 626 [1/1] (2.43ns)   --->   "%gmem_out_addr_req = writereq i1 @_ssdm_op_WriteReq.m_axi.i256P1A, i256 %gmem_out_addr, i64 1" [../gen/Hls_Layers_UpConv.tpp:273]   --->   Operation 626 'writereq' 'gmem_out_addr_req' <Predicate = true> <Delay = 2.43> <CoreInst = "m_axi">   --->   Core 119 'm_axi' <Latency = 9> <II = 1> <Delay = 1.00> <Adapter> <Opcode : 'read' 'write' 'readreq' 'writereq' 'writeresp'>

State 26 <SV = 25> <Delay = 2.43>
ST_26 : Operation 627 [1/1] (0.00ns)   --->   "%out_word = bitconcatenate i256 @_ssdm_op_BitConcatenate.i256.i16.i16.i16.i16.i16.i16.i16.i16.i16.i16.i16.i16.i16.i16.i16.i16, i16 %select_ln27_15, i16 %select_ln27_14, i16 %select_ln27_13, i16 %select_ln27_12, i16 %select_ln27_11, i16 %select_ln27_10, i16 %select_ln27_9, i16 %select_ln27_8, i16 %select_ln27_7, i16 %select_ln27_6, i16 %select_ln27_5, i16 %select_ln27_4, i16 %select_ln27_3, i16 %select_ln27_2, i16 %select_ln27_1, i16 %select_ln27" [../gen/Hls_Layers_UpConv.tpp:271]   --->   Operation 627 'bitconcatenate' 'out_word' <Predicate = true> <Delay = 0.00>
ST_26 : Operation 628 [1/1] (2.43ns)   --->   "%write_ln273 = write void @_ssdm_op_Write.m_axi.i256P1A, i256 %gmem_out_addr, i256 %out_word, i32 4294967295" [../gen/Hls_Layers_UpConv.tpp:273]   --->   Operation 628 'write' 'write_ln273' <Predicate = true> <Delay = 2.43> <CoreInst = "m_axi">   --->   Core 119 'm_axi' <Latency = 5> <II = 1> <Delay = 1.00> <Adapter> <Opcode : 'read' 'write' 'readreq' 'writereq' 'writeresp'>

State 27 <SV = 26> <Delay = 2.43>
ST_27 : Operation 629 [5/5] (2.43ns)   --->   "%gmem_out_addr_resp = writeresp i1 @_ssdm_op_WriteResp.m_axi.i256P1A, i256 %gmem_out_addr" [../gen/Hls_Layers_UpConv.tpp:273]   --->   Operation 629 'writeresp' 'gmem_out_addr_resp' <Predicate = true> <Delay = 2.43> <CoreInst = "m_axi">   --->   Core 119 'm_axi' <Latency = 3> <II = 1> <Delay = 1.00> <Adapter> <Opcode : 'read' 'write' 'readreq' 'writereq' 'writeresp'>

State 28 <SV = 27> <Delay = 2.43>
ST_28 : Operation 630 [4/5] (2.43ns)   --->   "%gmem_out_addr_resp = writeresp i1 @_ssdm_op_WriteResp.m_axi.i256P1A, i256 %gmem_out_addr" [../gen/Hls_Layers_UpConv.tpp:273]   --->   Operation 630 'writeresp' 'gmem_out_addr_resp' <Predicate = true> <Delay = 2.43> <CoreInst = "m_axi">   --->   Core 119 'm_axi' <Latency = 3> <II = 1> <Delay = 1.00> <Adapter> <Opcode : 'read' 'write' 'readreq' 'writereq' 'writeresp'>

State 29 <SV = 28> <Delay = 2.43>
ST_29 : Operation 631 [3/5] (2.43ns)   --->   "%gmem_out_addr_resp = writeresp i1 @_ssdm_op_WriteResp.m_axi.i256P1A, i256 %gmem_out_addr" [../gen/Hls_Layers_UpConv.tpp:273]   --->   Operation 631 'writeresp' 'gmem_out_addr_resp' <Predicate = true> <Delay = 2.43> <CoreInst = "m_axi">   --->   Core 119 'm_axi' <Latency = 3> <II = 1> <Delay = 1.00> <Adapter> <Opcode : 'read' 'write' 'readreq' 'writereq' 'writeresp'>

State 30 <SV = 29> <Delay = 2.43>
ST_30 : Operation 632 [2/5] (2.43ns)   --->   "%gmem_out_addr_resp = writeresp i1 @_ssdm_op_WriteResp.m_axi.i256P1A, i256 %gmem_out_addr" [../gen/Hls_Layers_UpConv.tpp:273]   --->   Operation 632 'writeresp' 'gmem_out_addr_resp' <Predicate = true> <Delay = 2.43> <CoreInst = "m_axi">   --->   Core 119 'm_axi' <Latency = 3> <II = 1> <Delay = 1.00> <Adapter> <Opcode : 'read' 'write' 'readreq' 'writereq' 'writeresp'>
ST_30 : Operation 638 [1/1] (0.42ns)   --->   "%ret_ln0 = ret"   --->   Operation 638 'ret' 'ret_ln0' <Predicate = (icmp_ln258)> <Delay = 0.42>

State 31 <SV = 30> <Delay = 2.43>
ST_31 : Operation 633 [1/1] (0.00ns)   --->   "%specpipeline_ln259 = specpipeline void @_ssdm_op_SpecPipeline, i32 1, i32 0, i32 0, i32 0, void @empty_65" [../gen/Hls_Layers_UpConv.tpp:259]   --->   Operation 633 'specpipeline' 'specpipeline_ln259' <Predicate = true> <Delay = 0.00>
ST_31 : Operation 634 [1/1] (0.00ns)   --->   "%speclooptripcount_ln257 = speclooptripcount void @_ssdm_op_SpecLoopTripCount, i64 960, i64 960, i64 960" [../gen/Hls_Layers_UpConv.tpp:257]   --->   Operation 634 'speclooptripcount' 'speclooptripcount_ln257' <Predicate = true> <Delay = 0.00>
ST_31 : Operation 635 [1/1] (0.00ns)   --->   "%specloopname_ln258 = specloopname void @_ssdm_op_SpecLoopName, void @empty_8" [../gen/Hls_Layers_UpConv.tpp:258]   --->   Operation 635 'specloopname' 'specloopname_ln258' <Predicate = true> <Delay = 0.00>
ST_31 : Operation 636 [1/5] (2.43ns)   --->   "%gmem_out_addr_resp = writeresp i1 @_ssdm_op_WriteResp.m_axi.i256P1A, i256 %gmem_out_addr" [../gen/Hls_Layers_UpConv.tpp:273]   --->   Operation 636 'writeresp' 'gmem_out_addr_resp' <Predicate = true> <Delay = 2.43> <CoreInst = "m_axi">   --->   Core 119 'm_axi' <Latency = 3> <II = 1> <Delay = 1.00> <Adapter> <Opcode : 'read' 'write' 'readreq' 'writereq' 'writeresp'>
ST_31 : Operation 637 [1/1] (0.00ns)   --->   "%br_ln258 = br void %VITIS_LOOP_263_3" [../gen/Hls_Layers_UpConv.tpp:258]   --->   Operation 637 'br' 'br_ln258' <Predicate = true> <Delay = 0.00>


============================================================
+ Verbose Summary: Timing violations
============================================================
Target clock period: 3.333ns, clock uncertainty: 0.900ns.

 <State 1>: 0.427ns
The critical path consists of the following:
	'alloca' operation 10 bit ('m', ../gen/Hls_Layers_UpConv.tpp:258) [26]  (0.000 ns)
	'store' operation 0 bit ('store_ln258', ../gen/Hls_Layers_UpConv.tpp:258) of constant 0 on local variable 'm', ../gen/Hls_Layers_UpConv.tpp:258 [51]  (0.427 ns)

 <State 2>: 1.892ns
The critical path consists of the following:
	'load' operation 32 bit ('cwn_load') on local variable 'cwn', ../gen/Hls_Layers_UpConv.tpp:257 [62]  (0.000 ns)
	'icmp' operation 1 bit ('icmp_ln274', ../gen/Hls_Layers_UpConv.tpp:274) [357]  (1.016 ns)
	'select' operation 32 bit ('cwn', ../gen/Hls_Layers_UpConv.tpp:274) [361]  (0.449 ns)
	'store' operation 0 bit ('store_ln257', ../gen/Hls_Layers_UpConv.tpp:257) of variable 'cwn', ../gen/Hls_Layers_UpConv.tpp:274 on local variable 'cwn', ../gen/Hls_Layers_UpConv.tpp:257 [363]  (0.427 ns)

 <State 3>: 0.677ns
The critical path consists of the following:
	'load' operation 32 bit ('mean_buf_load', ../gen/Hls_Layers_UpConv.tpp:260) on array 'mean_buf' [74]  (0.677 ns)

 <State 4>: 1.762ns
The critical path consists of the following:
	'sptohp' operation 16 bit ('mean_w', ../gen/Hls_Layers_UpConv.tpp:260) [75]  (1.762 ns)

 <State 5>: 1.762ns
The critical path consists of the following:
	'sptohp' operation 16 bit ('mean_w', ../gen/Hls_Layers_UpConv.tpp:260) [75]  (1.762 ns)

 <State 6>: 2.333ns
The critical path consists of the following:
	'hsub' operation 16 bit ('sub1', ../gen/Hls_Layers_UpConv.tpp:269) [109]  (2.333 ns)

 <State 7>: 2.333ns
The critical path consists of the following:
	'hsub' operation 16 bit ('sub1', ../gen/Hls_Layers_UpConv.tpp:269) [109]  (2.333 ns)

 <State 8>: 2.333ns
The critical path consists of the following:
	'hsub' operation 16 bit ('sub1', ../gen/Hls_Layers_UpConv.tpp:269) [109]  (2.333 ns)

 <State 9>: 2.333ns
The critical path consists of the following:
	'hsub' operation 16 bit ('sub1', ../gen/Hls_Layers_UpConv.tpp:269) [109]  (2.333 ns)

 <State 10>: 2.333ns
The critical path consists of the following:
	'hsub' operation 16 bit ('sub1', ../gen/Hls_Layers_UpConv.tpp:269) [109]  (2.333 ns)

 <State 11>: 2.098ns
The critical path consists of the following:
	'hmul' operation 16 bit ('mul1', ../gen/Hls_Layers_UpConv.tpp:269) [110]  (2.098 ns)

 <State 12>: 2.098ns
The critical path consists of the following:
	'hmul' operation 16 bit ('mul1', ../gen/Hls_Layers_UpConv.tpp:269) [110]  (2.098 ns)

 <State 13>: 2.098ns
The critical path consists of the following:
	'hmul' operation 16 bit ('mul1', ../gen/Hls_Layers_UpConv.tpp:269) [110]  (2.098 ns)

 <State 14>: 2.098ns
The critical path consists of the following:
	'hmul' operation 16 bit ('mul1', ../gen/Hls_Layers_UpConv.tpp:269) [110]  (2.098 ns)

 <State 15>: 2.098ns
The critical path consists of the following:
	'hmul' operation 16 bit ('mul2', ../gen/Hls_Layers_UpConv.tpp:269) [111]  (2.098 ns)

 <State 16>: 2.098ns
The critical path consists of the following:
	'hmul' operation 16 bit ('mul2', ../gen/Hls_Layers_UpConv.tpp:269) [111]  (2.098 ns)

 <State 17>: 2.098ns
The critical path consists of the following:
	'hmul' operation 16 bit ('mul2', ../gen/Hls_Layers_UpConv.tpp:269) [111]  (2.098 ns)

 <State 18>: 2.098ns
The critical path consists of the following:
	'hmul' operation 16 bit ('mul2', ../gen/Hls_Layers_UpConv.tpp:269) [111]  (2.098 ns)

 <State 19>: 2.333ns
The critical path consists of the following:
	'hadd' operation 16 bit ('add', ../gen/Hls_Layers_UpConv.tpp:269) [112]  (2.333 ns)

 <State 20>: 2.333ns
The critical path consists of the following:
	'hadd' operation 16 bit ('add', ../gen/Hls_Layers_UpConv.tpp:269) [112]  (2.333 ns)

 <State 21>: 2.333ns
The critical path consists of the following:
	'hadd' operation 16 bit ('add', ../gen/Hls_Layers_UpConv.tpp:269) [112]  (2.333 ns)

 <State 22>: 2.333ns
The critical path consists of the following:
	'hadd' operation 16 bit ('add', ../gen/Hls_Layers_UpConv.tpp:269) [112]  (2.333 ns)

 <State 23>: 2.333ns
The critical path consists of the following:
	'hadd' operation 16 bit ('add', ../gen/Hls_Layers_UpConv.tpp:269) [112]  (2.333 ns)

 <State 24>: 2.038ns
The critical path consists of the following:
	'select' operation 16 bit ('norm', ../gen/Hls_Layers_UpConv.tpp:266) [113]  (0.357 ns)
	'hcmp' operation 1 bit ('cmp', ../gen/Hls_Layers_UpConv.tpp:270) [114]  (1.681 ns)

 <State 25>: 2.433ns
The critical path consists of the following:
	'getelementptr' operation 256 bit ('gmem_out_addr', ../gen/Hls_Layers_UpConv.tpp:273) [353]  (0.000 ns)
	bus request operation ('gmem_out_addr_req', ../gen/Hls_Layers_UpConv.tpp:273) on port 'gmem_out' (../gen/Hls_Layers_UpConv.tpp:273) [354]  (2.433 ns)

 <State 26>: 2.433ns
The critical path consists of the following:
	bus write operation ('write_ln273', ../gen/Hls_Layers_UpConv.tpp:273) on port 'gmem_out' (../gen/Hls_Layers_UpConv.tpp:273) [355]  (2.433 ns)

 <State 27>: 2.433ns
The critical path consists of the following:
	bus response operation ('gmem_out_addr_resp', ../gen/Hls_Layers_UpConv.tpp:273) on port 'gmem_out' (../gen/Hls_Layers_UpConv.tpp:273) [356]  (2.433 ns)

 <State 28>: 2.433ns
The critical path consists of the following:
	bus response operation ('gmem_out_addr_resp', ../gen/Hls_Layers_UpConv.tpp:273) on port 'gmem_out' (../gen/Hls_Layers_UpConv.tpp:273) [356]  (2.433 ns)

 <State 29>: 2.433ns
The critical path consists of the following:
	bus response operation ('gmem_out_addr_resp', ../gen/Hls_Layers_UpConv.tpp:273) on port 'gmem_out' (../gen/Hls_Layers_UpConv.tpp:273) [356]  (2.433 ns)

 <State 30>: 2.433ns
The critical path consists of the following:
	bus response operation ('gmem_out_addr_resp', ../gen/Hls_Layers_UpConv.tpp:273) on port 'gmem_out' (../gen/Hls_Layers_UpConv.tpp:273) [356]  (2.433 ns)

 <State 31>: 2.433ns
The critical path consists of the following:
	bus response operation ('gmem_out_addr_resp', ../gen/Hls_Layers_UpConv.tpp:273) on port 'gmem_out' (../gen/Hls_Layers_UpConv.tpp:273) [356]  (2.433 ns)


============================================================
+ Verbose Summary: Binding
============================================================
N/A
* FSMD analyzer results:
  - Output states:
 - Input state : 
  - Chain level:
	State 1
	State 2
	State 3
	State 4
	State 5
	State 6
	State 7
	State 8
	State 9
	State 10
	State 11
	State 12
	State 13
	State 14
	State 15
	State 16
	State 17
	State 18
	State 19
	State 20
	State 21
	State 22
	State 23
	State 24
	State 25
	State 26
	State 27
	State 28
	State 29
	State 30
	State 31


============================================================
+ Verbose Summary: Datapath Resource usage 
============================================================
N/A
