

================================================================
== Vitis HLS Report for 'UpConv_Fused_Row_8_16_16_960_480_s'
================================================================
* Date:           Thu Jun 18 11:44:36 2026

* Version:        2024.2 (Build 5238294 on Nov  8 2024)
* Project:        upconv_block0
* Solution:       hls (Vivado IP Flow Target)
* Product family: zynquplus
* Target device:  xczu7ev-ffvc1156-2-e


================================================================
== Performance Estimates
================================================================
+ Timing: 
    * Summary: 
    +--------+---------+----------+------------+
    |  Clock |  Target | Estimated| Uncertainty|
    +--------+---------+----------+------------+
    |ap_clk  |  3.33 ns|  3.357 ns|     0.90 ns|
    +--------+---------+----------+------------+

+ Latency: 
    * Summary: 
    +---------+---------+----------+----------+--------+--------+---------+
    |  Latency (cycles) |  Latency (absolute) |     Interval    | Pipeline|
    |   min   |   max   |    min   |    max   |   min  |   max  |   Type  |
    +---------+---------+----------+----------+--------+--------+---------+
    |   276772|   561644|  0.929 ms|  1.885 ms|  276772|  561644|       no|
    +---------+---------+----------+----------+--------+--------+---------+

    + Detail: 
        * Instance: 
        +--------------------------------------------------------------------+---------------------------------------------------------+---------+---------+-----------+-----------+--------+--------+------------------------------------------------+
        |                                                                    |                                                         |  Latency (cycles) |   Latency (absolute)  |     Interval    |                    Pipeline                    |
        |                              Instance                              |                          Module                         |   min   |   max   |    min    |    max    |   min  |   max  |                      Type                      |
        +--------------------------------------------------------------------+---------------------------------------------------------+---------+---------+-----------+-----------+--------+--------+------------------------------------------------+
        |grp_UpConv_Fused_Row_8_16_16_960_480_Pipeline_RESET_ROW_ACC_fu_174  |UpConv_Fused_Row_8_16_16_960_480_Pipeline_RESET_ROW_ACC  |      962|      962|   3.206 us|   3.206 us|     961|     961|  loop auto-rewind stp (delay=0 clock cycles(s))|
        |grp_UpConv_Fused_Row_8_16_16_960_480_Pipeline_LOAD_PARAMS_fu_210    |UpConv_Fused_Row_8_16_16_960_480_Pipeline_LOAD_PARAMS    |      101|      101|   0.337 us|   0.337 us|      93|      93|  loop auto-rewind stp (delay=0 clock cycles(s))|
        |grp_dataflow_parent_loop_proc_fu_225                                |dataflow_parent_loop_proc                                |   259223|   544095|   0.870 ms|   1.827 ms|  259223|  544095|                                              no|
        |grp_UpConv_Fused_Row_8_16_16_960_480_Pipeline_PIXEL_STATS_fu_269    |UpConv_Fused_Row_8_16_16_960_480_Pipeline_PIXEL_STATS    |    15590|    15590|  51.961 us|  51.961 us|   15361|   15361|  loop auto-rewind stp (delay=0 clock cycles(s))|
        |grp_UpConv_Fused_Row_8_16_16_960_480_Pipeline_PIXEL_NORM_fu_311     |UpConv_Fused_Row_8_16_16_960_480_Pipeline_PIXEL_NORM     |      990|      990|   3.300 us|   3.300 us|     961|     961|  loop auto-rewind stp (delay=0 clock cycles(s))|
        +--------------------------------------------------------------------+---------------------------------------------------------+---------+---------+-----------+-----------+--------+--------+------------------------------------------------+

        * Loop: 
        N/A



================================================================
== Utilization Estimates
================================================================
* Summary: 
+-----------------+---------+------+--------+--------+-----+
|       Name      | BRAM_18K|  DSP |   FF   |   LUT  | URAM|
+-----------------+---------+------+--------+--------+-----+
|DSP              |        -|     -|       -|       -|    -|
|Expression       |        -|     -|       0|       4|    -|
|FIFO             |        -|     -|       -|       -|    -|
|Instance         |        -|   511|   75516|   62646|   32|
|Memory           |       24|     -|      96|      24|   16|
|Multiplexer      |        -|     -|       0|    2232|    -|
|Register         |        -|     -|     229|       -|    -|
+-----------------+---------+------+--------+--------+-----+
|Total            |       24|   511|   75841|   64906|   48|
+-----------------+---------+------+--------+--------+-----+
|Available        |      624|  1728|  460800|  230400|   96|
+-----------------+---------+------+--------+--------+-----+
|Utilization (%)  |        3|    29|      16|      28|   50|
+-----------------+---------+------+--------+--------+-----+

+ Detail: 
    * Instance: 
    +--------------------------------------------------------------------+---------------------------------------------------------+---------+-----+-------+-------+-----+
    |                              Instance                              |                          Module                         | BRAM_18K| DSP |   FF  |  LUT  | URAM|
    +--------------------------------------------------------------------+---------------------------------------------------------+---------+-----+-------+-------+-----+
    |grp_UpConv_Fused_Row_8_16_16_960_480_Pipeline_LOAD_PARAMS_fu_210    |UpConv_Fused_Row_8_16_16_960_480_Pipeline_LOAD_PARAMS    |        0|    0|   1238|    450|    0|
    |grp_UpConv_Fused_Row_8_16_16_960_480_Pipeline_PIXEL_NORM_fu_311     |UpConv_Fused_Row_8_16_16_960_480_Pipeline_PIXEL_NORM     |        0|  126|  10306|   6879|    0|
    |grp_UpConv_Fused_Row_8_16_16_960_480_Pipeline_PIXEL_STATS_fu_269    |UpConv_Fused_Row_8_16_16_960_480_Pipeline_PIXEL_STATS    |        0|   46|  12492|   6464|    0|
    |grp_UpConv_Fused_Row_8_16_16_960_480_Pipeline_RESET_ROW_ACC_fu_174  |UpConv_Fused_Row_8_16_16_960_480_Pipeline_RESET_ROW_ACC  |        0|    0|     77|    307|    0|
    |grp_dataflow_parent_loop_proc_fu_225                                |dataflow_parent_loop_proc                                |        0|  337|  51294|  48433|   32|
    |hadd_16ns_16ns_16_5_full_dsp_1_U619                                 |hadd_16ns_16ns_16_5_full_dsp_1                           |        0|    2|    109|    113|    0|
    |hptosp_16ns_32_2_no_dsp_1_U617                                      |hptosp_16ns_32_2_no_dsp_1                                |        0|    0|      0|      0|    0|
    |sptohp_32ns_16_2_no_dsp_1_U618                                      |sptohp_32ns_16_2_no_dsp_1                                |        0|    0|      0|      0|    0|
    +--------------------------------------------------------------------+---------------------------------------------------------+---------+-----+-------+-------+-----+
    |Total                                                               |                                                         |        0|  511|  75516|  62646|   32|
    +--------------------------------------------------------------------+---------------------------------------------------------+---------+-----+-------+-------+-----+

    * DSP: 
    N/A

    * Memory: 
    +---------------------------------------------------------------------------------------+----------------------------------------------------------------------------------+---------+----+----+-----+------+-----+------+-------------+
    |                                         Memory                                        |                                      Module                                      | BRAM_18K| FF | LUT| URAM| Words| Bits| Banks| W*Bits*Banks|
    +---------------------------------------------------------------------------------------+----------------------------------------------------------------------------------+---------+----+----+-----+------+-----+------+-------------+
    |b_buf_U                                                                                |UpConv_Fused_Row_8_16_16_960_480_s_b_buf_RAM_T2P_BRAM_1R1W                        |        8|   0|   0|    0|    30|  256|     1|         7680|
    |g_buf_U                                                                                |UpConv_Fused_Row_8_16_16_960_480_s_b_buf_RAM_T2P_BRAM_1R1W                        |        8|   0|   0|    0|    30|  256|     1|         7680|
    |be_buf_U                                                                               |UpConv_Fused_Row_8_16_16_960_480_s_b_buf_RAM_T2P_BRAM_1R1W                        |        8|   0|   0|    0|    30|  256|     1|         7680|
    |inv_buf_U                                                                              |UpConv_Fused_Row_8_16_16_960_480_s_inv_buf_RAM_2P_LUTRAM_1R1W                     |        0|  32|   8|    0|    32|   16|     1|          512|
    |mean_buf_U                                                                             |UpConv_Fused_Row_8_16_16_960_480_s_mean_buf_RAM_2P_LUTRAM_1R1W                    |        0|  64|  16|    0|    32|   32|     1|         1024|
    |void_UpConv_Fused_Row_ap_uint_ap_uint_const_ap_uint_const_ap_uint_const_ap_u_9_U       |UpConv_Fused_Row_8_16_16_960_480_s_void_UpConv_Fused_Row_ap_uint_ap_uint_consbkb  |        0|   0|   0|    1|   960|   16|     1|        15360|
    |void_UpConv_Fused_Row_ap_uint_ap_uint_const_ap_uint_const_ap_uint_const_ap_u_8_U       |UpConv_Fused_Row_8_16_16_960_480_s_void_UpConv_Fused_Row_ap_uint_ap_uint_consbkb  |        0|   0|   0|    1|   960|   16|     1|        15360|
    |void_UpConv_Fused_Row_ap_uint_ap_uint_const_ap_uint_const_ap_uint_const_ap_u_7_U       |UpConv_Fused_Row_8_16_16_960_480_s_void_UpConv_Fused_Row_ap_uint_ap_uint_consbkb  |        0|   0|   0|    1|   960|   16|     1|        15360|
    |void_UpConv_Fused_Row_ap_uint_ap_uint_const_ap_uint_const_ap_uint_const_ap_u_6_U       |UpConv_Fused_Row_8_16_16_960_480_s_void_UpConv_Fused_Row_ap_uint_ap_uint_consbkb  |        0|   0|   0|    1|   960|   16|     1|        15360|
    |void_UpConv_Fused_Row_ap_uint_ap_uint_const_ap_uint_const_ap_uint_const_ap_u_5_U       |UpConv_Fused_Row_8_16_16_960_480_s_void_UpConv_Fused_Row_ap_uint_ap_uint_consbkb  |        0|   0|   0|    1|   960|   16|     1|        15360|
    |void_UpConv_Fused_Row_ap_uint_ap_uint_const_ap_uint_const_ap_uint_const_ap_u_4_U       |UpConv_Fused_Row_8_16_16_960_480_s_void_UpConv_Fused_Row_ap_uint_ap_uint_consbkb  |        0|   0|   0|    1|   960|   16|     1|        15360|
    |void_UpConv_Fused_Row_ap_uint_ap_uint_const_ap_uint_const_ap_uint_const_ap_u_3_U       |UpConv_Fused_Row_8_16_16_960_480_s_void_UpConv_Fused_Row_ap_uint_ap_uint_consbkb  |        0|   0|   0|    1|   960|   16|     1|        15360|
    |void_UpConv_Fused_Row_ap_uint_ap_uint_const_ap_uint_const_ap_uint_const_ap_u_2_U       |UpConv_Fused_Row_8_16_16_960_480_s_void_UpConv_Fused_Row_ap_uint_ap_uint_consbkb  |        0|   0|   0|    1|   960|   16|     1|        15360|
    |void_UpConv_Fused_Row_ap_uint_ap_uint_const_ap_uint_const_ap_uint_const_ap_u_1_U       |UpConv_Fused_Row_8_16_16_960_480_s_void_UpConv_Fused_Row_ap_uint_ap_uint_consbkb  |        0|   0|   0|    1|   960|   16|     1|        15360|
    |void_UpConv_Fused_Row_ap_uint_ap_uint_const_ap_uint_const_ap_uint_const_ap_u_U         |UpConv_Fused_Row_8_16_16_960_480_s_void_UpConv_Fused_Row_ap_uint_ap_uint_consbkb  |        0|   0|   0|    1|   960|   16|     1|        15360|
    |p_ZZ16UpConv_Fused_RowILi8ELi16ELi16ELi960ELi480EEvP7ap_uintILi256EEPKS1_S4_S4_S4_5_U  |UpConv_Fused_Row_8_16_16_960_480_s_void_UpConv_Fused_Row_ap_uint_ap_uint_consbkb  |        0|   0|   0|    1|   960|   16|     1|        15360|
    |p_ZZ16UpConv_Fused_RowILi8ELi16ELi16ELi960ELi480EEvP7ap_uintILi256EEPKS1_S4_S4_S4_4_U  |UpConv_Fused_Row_8_16_16_960_480_s_void_UpConv_Fused_Row_ap_uint_ap_uint_consbkb  |        0|   0|   0|    1|   960|   16|     1|        15360|
    |p_ZZ16UpConv_Fused_RowILi8ELi16ELi16ELi960ELi480EEvP7ap_uintILi256EEPKS1_S4_S4_S4_3_U  |UpConv_Fused_Row_8_16_16_960_480_s_void_UpConv_Fused_Row_ap_uint_ap_uint_consbkb  |        0|   0|   0|    1|   960|   16|     1|        15360|
    |p_ZZ16UpConv_Fused_RowILi8ELi16ELi16ELi960ELi480EEvP7ap_uintILi256EEPKS1_S4_S4_S4_2_U  |UpConv_Fused_Row_8_16_16_960_480_s_void_UpConv_Fused_Row_ap_uint_ap_uint_consbkb  |        0|   0|   0|    1|   960|   16|     1|        15360|
    |p_ZZ16UpConv_Fused_RowILi8ELi16ELi16ELi960ELi480EEvP7ap_uintILi256EEPKS1_S4_S4_S4_1_U  |UpConv_Fused_Row_8_16_16_960_480_s_void_UpConv_Fused_Row_ap_uint_ap_uint_consbkb  |        0|   0|   0|    1|   960|   16|     1|        15360|
    |p_ZZ16UpConv_Fused_RowILi8ELi16ELi16ELi960ELi480EEvP7ap_uintILi256EEPKS1_S4_S4_S4_U    |UpConv_Fused_Row_8_16_16_960_480_s_void_UpConv_Fused_Row_ap_uint_ap_uint_consbkb  |        0|   0|   0|    1|   960|   16|     1|        15360|
    +---------------------------------------------------------------------------------------+----------------------------------------------------------------------------------+---------+----+----+-----+------+-----+------+-------------+
    |Total                                                                                  |                                                                                  |       24|  96|  24|   16| 15514| 1072|    21|       270336|
    +---------------------------------------------------------------------------------------+----------------------------------------------------------------------------------+---------+----+----+-----+------+-----+------+-------------+

    * FIFO: 
    N/A

    * Expression: 
    +-------------------------------------------------------+----------+----+---+----+------------+------------+
    |                     Variable Name                     | Operation| DSP| FF| LUT| Bitwidth P0| Bitwidth P1|
    +-------------------------------------------------------+----------+----+---+----+------------+------------+
    |ap_block_state2_on_subcall_done                        |        or|   0|  0|   2|           1|           1|
    |ap_sync_grp_dataflow_parent_loop_proc_fu_225_ap_ready  |        or|   0|  0|   2|           1|           1|
    +-------------------------------------------------------+----------+----+---+----+------------+------------+
    |Total                                                  |          |   0|  0|   4|           2|           2|
    +-------------------------------------------------------+----------+----+---+----+------------+------------+

    * Multiplexer: 
    +----------------------------------------------------------------------------------------------+----+-----------+-----+-----------+
    |                                             Name                                             | LUT| Input Size| Bits| Total Bits|
    +----------------------------------------------------------------------------------------------+----+-----------+-----+-----------+
    |ap_NS_fsm                                                                                     |  49|          9|    1|          9|
    |b_buf_address0                                                                                |  14|          3|    5|         15|
    |b_buf_ce0                                                                                     |  14|          3|    1|          3|
    |b_buf_we0                                                                                     |   9|          2|    1|          2|
    |be_buf_address0                                                                               |  14|          3|    5|         15|
    |be_buf_ce0                                                                                    |  14|          3|    1|          3|
    |be_buf_we0                                                                                    |   9|          2|    1|          2|
    |g_buf_address0                                                                                |  14|          3|    5|         15|
    |g_buf_ce0                                                                                     |  14|          3|    1|          3|
    |g_buf_we0                                                                                     |   9|          2|    1|          2|
    |grp_fu_358_ce                                                                                 |  14|          3|    1|          3|
    |grp_fu_358_p0                                                                                 |  14|          3|   16|         48|
    |grp_fu_449_ce                                                                                 |  14|          3|    1|          3|
    |grp_fu_449_p0                                                                                 |  14|          3|   32|         96|
    |grp_fu_452_ce                                                                                 |  14|          3|    1|          3|
    |grp_fu_452_p0                                                                                 |  14|          3|   16|         48|
    |grp_fu_452_p1                                                                                 |  14|          3|   16|         48|
    |inv_buf_ce0                                                                                   |   9|          2|    1|          2|
    |inv_buf_ce1                                                                                   |   9|          2|    1|          2|
    |inv_buf_we1                                                                                   |   9|          2|    1|          2|
    |mean_buf_ce0                                                                                  |   9|          2|    1|          2|
    |mean_buf_ce1                                                                                  |   9|          2|    1|          2|
    |mean_buf_we1                                                                                  |   9|          2|    1|          2|
    |p_ZZ16UpConv_Fused_RowILi8ELi16ELi16ELi960ELi480EEvP7ap_uintILi256EEPKS1_S4_S4_S4_1_address0  |  26|          5|   10|         50|
    |p_ZZ16UpConv_Fused_RowILi8ELi16ELi16ELi960ELi480EEvP7ap_uintILi256EEPKS1_S4_S4_S4_1_address1  |  14|          3|   10|         30|
    |p_ZZ16UpConv_Fused_RowILi8ELi16ELi16ELi960ELi480EEvP7ap_uintILi256EEPKS1_S4_S4_S4_1_ce0       |  26|          5|    1|          5|
    |p_ZZ16UpConv_Fused_RowILi8ELi16ELi16ELi960ELi480EEvP7ap_uintILi256EEPKS1_S4_S4_S4_1_ce1       |  14|          3|    1|          3|
    |p_ZZ16UpConv_Fused_RowILi8ELi16ELi16ELi960ELi480EEvP7ap_uintILi256EEPKS1_S4_S4_S4_1_d0        |  20|          4|   16|         64|
    |p_ZZ16UpConv_Fused_RowILi8ELi16ELi16ELi960ELi480EEvP7ap_uintILi256EEPKS1_S4_S4_S4_1_we0       |  20|          4|    1|          4|
    |p_ZZ16UpConv_Fused_RowILi8ELi16ELi16ELi960ELi480EEvP7ap_uintILi256EEPKS1_S4_S4_S4_2_address0  |  26|          5|   10|         50|
    |p_ZZ16UpConv_Fused_RowILi8ELi16ELi16ELi960ELi480EEvP7ap_uintILi256EEPKS1_S4_S4_S4_2_address1  |  14|          3|   10|         30|
    |p_ZZ16UpConv_Fused_RowILi8ELi16ELi16ELi960ELi480EEvP7ap_uintILi256EEPKS1_S4_S4_S4_2_ce0       |  26|          5|    1|          5|
    |p_ZZ16UpConv_Fused_RowILi8ELi16ELi16ELi960ELi480EEvP7ap_uintILi256EEPKS1_S4_S4_S4_2_ce1       |  14|          3|    1|          3|
    |p_ZZ16UpConv_Fused_RowILi8ELi16ELi16ELi960ELi480EEvP7ap_uintILi256EEPKS1_S4_S4_S4_2_d0        |  20|          4|   16|         64|
    |p_ZZ16UpConv_Fused_RowILi8ELi16ELi16ELi960ELi480EEvP7ap_uintILi256EEPKS1_S4_S4_S4_2_we0       |  20|          4|    1|          4|
    |p_ZZ16UpConv_Fused_RowILi8ELi16ELi16ELi960ELi480EEvP7ap_uintILi256EEPKS1_S4_S4_S4_3_address0  |  26|          5|   10|         50|
    |p_ZZ16UpConv_Fused_RowILi8ELi16ELi16ELi960ELi480EEvP7ap_uintILi256EEPKS1_S4_S4_S4_3_address1  |  14|          3|   10|         30|
    |p_ZZ16UpConv_Fused_RowILi8ELi16ELi16ELi960ELi480EEvP7ap_uintILi256EEPKS1_S4_S4_S4_3_ce0       |  26|          5|    1|          5|
    |p_ZZ16UpConv_Fused_RowILi8ELi16ELi16ELi960ELi480EEvP7ap_uintILi256EEPKS1_S4_S4_S4_3_ce1       |  14|          3|    1|          3|
    |p_ZZ16UpConv_Fused_RowILi8ELi16ELi16ELi960ELi480EEvP7ap_uintILi256EEPKS1_S4_S4_S4_3_d0        |  20|          4|   16|         64|
    |p_ZZ16UpConv_Fused_RowILi8ELi16ELi16ELi960ELi480EEvP7ap_uintILi256EEPKS1_S4_S4_S4_3_we0       |  20|          4|    1|          4|
    |p_ZZ16UpConv_Fused_RowILi8ELi16ELi16ELi960ELi480EEvP7ap_uintILi256EEPKS1_S4_S4_S4_4_address0  |  26|          5|   10|         50|
    |p_ZZ16UpConv_Fused_RowILi8ELi16ELi16ELi960ELi480EEvP7ap_uintILi256EEPKS1_S4_S4_S4_4_address1  |  14|          3|   10|         30|
    |p_ZZ16UpConv_Fused_RowILi8ELi16ELi16ELi960ELi480EEvP7ap_uintILi256EEPKS1_S4_S4_S4_4_ce0       |  26|          5|    1|          5|
    |p_ZZ16UpConv_Fused_RowILi8ELi16ELi16ELi960ELi480EEvP7ap_uintILi256EEPKS1_S4_S4_S4_4_ce1       |  14|          3|    1|          3|
    |p_ZZ16UpConv_Fused_RowILi8ELi16ELi16ELi960ELi480EEvP7ap_uintILi256EEPKS1_S4_S4_S4_4_d0        |  20|          4|   16|         64|
    |p_ZZ16UpConv_Fused_RowILi8ELi16ELi16ELi960ELi480EEvP7ap_uintILi256EEPKS1_S4_S4_S4_4_we0       |  20|          4|    1|          4|
    |p_ZZ16UpConv_Fused_RowILi8ELi16ELi16ELi960ELi480EEvP7ap_uintILi256EEPKS1_S4_S4_S4_5_address0  |  26|          5|   10|         50|
    |p_ZZ16UpConv_Fused_RowILi8ELi16ELi16ELi960ELi480EEvP7ap_uintILi256EEPKS1_S4_S4_S4_5_address1  |  14|          3|   10|         30|
    |p_ZZ16UpConv_Fused_RowILi8ELi16ELi16ELi960ELi480EEvP7ap_uintILi256EEPKS1_S4_S4_S4_5_ce0       |  26|          5|    1|          5|
    |p_ZZ16UpConv_Fused_RowILi8ELi16ELi16ELi960ELi480EEvP7ap_uintILi256EEPKS1_S4_S4_S4_5_ce1       |  14|          3|    1|          3|
    |p_ZZ16UpConv_Fused_RowILi8ELi16ELi16ELi960ELi480EEvP7ap_uintILi256EEPKS1_S4_S4_S4_5_d0        |  20|          4|   16|         64|
    |p_ZZ16UpConv_Fused_RowILi8ELi16ELi16ELi960ELi480EEvP7ap_uintILi256EEPKS1_S4_S4_S4_5_we0       |  20|          4|    1|          4|
    |p_ZZ16UpConv_Fused_RowILi8ELi16ELi16ELi960ELi480EEvP7ap_uintILi256EEPKS1_S4_S4_S4_address0    |  26|          5|   10|         50|
    |p_ZZ16UpConv_Fused_RowILi8ELi16ELi16ELi960ELi480EEvP7ap_uintILi256EEPKS1_S4_S4_S4_address1    |  14|          3|   10|         30|
    |p_ZZ16UpConv_Fused_RowILi8ELi16ELi16ELi960ELi480EEvP7ap_uintILi256EEPKS1_S4_S4_S4_ce0         |  26|          5|    1|          5|
    |p_ZZ16UpConv_Fused_RowILi8ELi16ELi16ELi960ELi480EEvP7ap_uintILi256EEPKS1_S4_S4_S4_ce1         |  14|          3|    1|          3|
    |p_ZZ16UpConv_Fused_RowILi8ELi16ELi16ELi960ELi480EEvP7ap_uintILi256EEPKS1_S4_S4_S4_d0          |  20|          4|   16|         64|
    |p_ZZ16UpConv_Fused_RowILi8ELi16ELi16ELi960ELi480EEvP7ap_uintILi256EEPKS1_S4_S4_S4_we0         |  20|          4|    1|          4|
    |void_UpConv_Fused_Row_ap_uint_ap_uint_const_ap_uint_const_ap_uint_const_ap_u_1_address0       |  26|          5|   10|         50|
    |void_UpConv_Fused_Row_ap_uint_ap_uint_const_ap_uint_const_ap_uint_const_ap_u_1_address1       |  14|          3|   10|         30|
    |void_UpConv_Fused_Row_ap_uint_ap_uint_const_ap_uint_const_ap_uint_const_ap_u_1_ce0            |  26|          5|    1|          5|
    |void_UpConv_Fused_Row_ap_uint_ap_uint_const_ap_uint_const_ap_uint_const_ap_u_1_ce1            |  14|          3|    1|          3|
    |void_UpConv_Fused_Row_ap_uint_ap_uint_const_ap_uint_const_ap_uint_const_ap_u_1_d0             |  20|          4|   16|         64|
    |void_UpConv_Fused_Row_ap_uint_ap_uint_const_ap_uint_const_ap_uint_const_ap_u_1_we0            |  20|          4|    1|          4|
    |void_UpConv_Fused_Row_ap_uint_ap_uint_const_ap_uint_const_ap_uint_const_ap_u_2_address0       |  26|          5|   10|         50|
    |void_UpConv_Fused_Row_ap_uint_ap_uint_const_ap_uint_const_ap_uint_const_ap_u_2_address1       |  14|          3|   10|         30|
    |void_UpConv_Fused_Row_ap_uint_ap_uint_const_ap_uint_const_ap_uint_const_ap_u_2_ce0            |  26|          5|    1|          5|
    |void_UpConv_Fused_Row_ap_uint_ap_uint_const_ap_uint_const_ap_uint_const_ap_u_2_ce1            |  14|          3|    1|          3|
    |void_UpConv_Fused_Row_ap_uint_ap_uint_const_ap_uint_const_ap_uint_const_ap_u_2_d0             |  20|          4|   16|         64|
    |void_UpConv_Fused_Row_ap_uint_ap_uint_const_ap_uint_const_ap_uint_const_ap_u_2_we0            |  20|          4|    1|          4|
    |void_UpConv_Fused_Row_ap_uint_ap_uint_const_ap_uint_const_ap_uint_const_ap_u_3_address0       |  26|          5|   10|         50|
    |void_UpConv_Fused_Row_ap_uint_ap_uint_const_ap_uint_const_ap_uint_const_ap_u_3_address1       |  14|          3|   10|         30|
    |void_UpConv_Fused_Row_ap_uint_ap_uint_const_ap_uint_const_ap_uint_const_ap_u_3_ce0            |  26|          5|    1|          5|
    |void_UpConv_Fused_Row_ap_uint_ap_uint_const_ap_uint_const_ap_uint_const_ap_u_3_ce1            |  14|          3|    1|          3|
    |void_UpConv_Fused_Row_ap_uint_ap_uint_const_ap_uint_const_ap_uint_const_ap_u_3_d0             |  20|          4|   16|         64|
    |void_UpConv_Fused_Row_ap_uint_ap_uint_const_ap_uint_const_ap_uint_const_ap_u_3_we0            |  20|          4|    1|          4|
    |void_UpConv_Fused_Row_ap_uint_ap_uint_const_ap_uint_const_ap_uint_const_ap_u_4_address0       |  26|          5|   10|         50|
    |void_UpConv_Fused_Row_ap_uint_ap_uint_const_ap_uint_const_ap_uint_const_ap_u_4_address1       |  14|          3|   10|         30|
    |void_UpConv_Fused_Row_ap_uint_ap_uint_const_ap_uint_const_ap_uint_const_ap_u_4_ce0            |  26|          5|    1|          5|
    |void_UpConv_Fused_Row_ap_uint_ap_uint_const_ap_uint_const_ap_uint_const_ap_u_4_ce1            |  14|          3|    1|          3|
    |void_UpConv_Fused_Row_ap_uint_ap_uint_const_ap_uint_const_ap_uint_const_ap_u_4_d0             |  20|          4|   16|         64|
    |void_UpConv_Fused_Row_ap_uint_ap_uint_const_ap_uint_const_ap_uint_const_ap_u_4_we0            |  20|          4|    1|          4|
    |void_UpConv_Fused_Row_ap_uint_ap_uint_const_ap_uint_const_ap_uint_const_ap_u_5_address0       |  26|          5|   10|         50|
    |void_UpConv_Fused_Row_ap_uint_ap_uint_const_ap_uint_const_ap_uint_const_ap_u_5_address1       |  14|          3|   10|         30|
    |void_UpConv_Fused_Row_ap_uint_ap_uint_const_ap_uint_const_ap_uint_const_ap_u_5_ce0            |  26|          5|    1|          5|
    |void_UpConv_Fused_Row_ap_uint_ap_uint_const_ap_uint_const_ap_uint_const_ap_u_5_ce1            |  14|          3|    1|          3|
    |void_UpConv_Fused_Row_ap_uint_ap_uint_const_ap_uint_const_ap_uint_const_ap_u_5_d0             |  20|          4|   16|         64|
    |void_UpConv_Fused_Row_ap_uint_ap_uint_const_ap_uint_const_ap_uint_const_ap_u_5_we0            |  20|          4|    1|          4|
    |void_UpConv_Fused_Row_ap_uint_ap_uint_const_ap_uint_const_ap_uint_const_ap_u_6_address0       |  26|          5|   10|         50|
    |void_UpConv_Fused_Row_ap_uint_ap_uint_const_ap_uint_const_ap_uint_const_ap_u_6_address1       |  14|          3|   10|         30|
    |void_UpConv_Fused_Row_ap_uint_ap_uint_const_ap_uint_const_ap_uint_const_ap_u_6_ce0            |  26|          5|    1|          5|
    |void_UpConv_Fused_Row_ap_uint_ap_uint_const_ap_uint_const_ap_uint_const_ap_u_6_ce1            |  14|          3|    1|          3|
    |void_UpConv_Fused_Row_ap_uint_ap_uint_const_ap_uint_const_ap_uint_const_ap_u_6_d0             |  20|          4|   16|         64|
    |void_UpConv_Fused_Row_ap_uint_ap_uint_const_ap_uint_const_ap_uint_const_ap_u_6_we0            |  20|          4|    1|          4|
    |void_UpConv_Fused_Row_ap_uint_ap_uint_const_ap_uint_const_ap_uint_const_ap_u_7_address0       |  26|          5|   10|         50|
    |void_UpConv_Fused_Row_ap_uint_ap_uint_const_ap_uint_const_ap_uint_const_ap_u_7_address1       |  14|          3|   10|         30|
    |void_UpConv_Fused_Row_ap_uint_ap_uint_const_ap_uint_const_ap_uint_const_ap_u_7_ce0            |  26|          5|    1|          5|
    |void_UpConv_Fused_Row_ap_uint_ap_uint_const_ap_uint_const_ap_uint_const_ap_u_7_ce1            |  14|          3|    1|          3|
    |void_UpConv_Fused_Row_ap_uint_ap_uint_const_ap_uint_const_ap_uint_const_ap_u_7_d0             |  20|          4|   16|         64|
    |void_UpConv_Fused_Row_ap_uint_ap_uint_const_ap_uint_const_ap_uint_const_ap_u_7_we0            |  20|          4|    1|          4|
    |void_UpConv_Fused_Row_ap_uint_ap_uint_const_ap_uint_const_ap_uint_const_ap_u_8_address0       |  26|          5|   10|         50|
    |void_UpConv_Fused_Row_ap_uint_ap_uint_const_ap_uint_const_ap_uint_const_ap_u_8_address1       |  14|          3|   10|         30|
    |void_UpConv_Fused_Row_ap_uint_ap_uint_const_ap_uint_const_ap_uint_const_ap_u_8_ce0            |  26|          5|    1|          5|
    |void_UpConv_Fused_Row_ap_uint_ap_uint_const_ap_uint_const_ap_uint_const_ap_u_8_ce1            |  14|          3|    1|          3|
    |void_UpConv_Fused_Row_ap_uint_ap_uint_const_ap_uint_const_ap_uint_const_ap_u_8_d0             |  20|          4|   16|         64|
    |void_UpConv_Fused_Row_ap_uint_ap_uint_const_ap_uint_const_ap_uint_const_ap_u_8_we0            |  20|          4|    1|          4|
    |void_UpConv_Fused_Row_ap_uint_ap_uint_const_ap_uint_const_ap_uint_const_ap_u_9_address0       |  26|          5|   10|         50|
    |void_UpConv_Fused_Row_ap_uint_ap_uint_const_ap_uint_const_ap_uint_const_ap_u_9_address1       |  14|          3|   10|         30|
    |void_UpConv_Fused_Row_ap_uint_ap_uint_const_ap_uint_const_ap_uint_const_ap_u_9_ce0            |  26|          5|    1|          5|
    |void_UpConv_Fused_Row_ap_uint_ap_uint_const_ap_uint_const_ap_uint_const_ap_u_9_ce1            |  14|          3|    1|          3|
    |void_UpConv_Fused_Row_ap_uint_ap_uint_const_ap_uint_const_ap_uint_const_ap_u_9_d0             |  20|          4|   16|         64|
    |void_UpConv_Fused_Row_ap_uint_ap_uint_const_ap_uint_const_ap_uint_const_ap_u_9_we0            |  20|          4|    1|          4|
    |void_UpConv_Fused_Row_ap_uint_ap_uint_const_ap_uint_const_ap_uint_const_ap_u_address0         |  26|          5|   10|         50|
    |void_UpConv_Fused_Row_ap_uint_ap_uint_const_ap_uint_const_ap_uint_const_ap_u_address1         |  14|          3|   10|         30|
    |void_UpConv_Fused_Row_ap_uint_ap_uint_const_ap_uint_const_ap_uint_const_ap_u_ce0              |  26|          5|    1|          5|
    |void_UpConv_Fused_Row_ap_uint_ap_uint_const_ap_uint_const_ap_uint_const_ap_u_ce1              |  14|          3|    1|          3|
    |void_UpConv_Fused_Row_ap_uint_ap_uint_const_ap_uint_const_ap_uint_const_ap_u_d0               |  20|          4|   16|         64|
    |void_UpConv_Fused_Row_ap_uint_ap_uint_const_ap_uint_const_ap_uint_const_ap_u_we0              |  20|          4|    1|          4|
    +----------------------------------------------------------------------------------------------+----+-----------+-----+-----------+
    |Total                                                                                         |2232|        450|  735|       2826|
    +----------------------------------------------------------------------------------------------+----+-----------+-----+-----------+

    * Register: 
    +---------------------------------------------------------------------------------+----+----+-----+-----------+
    |                                       Name                                      | FF | LUT| Bits| Const Bits|
    +---------------------------------------------------------------------------------+----+----+-----+-----------+
    |ap_CS_fsm                                                                        |   8|   0|    8|          0|
    |ap_sync_reg_grp_dataflow_parent_loop_proc_fu_225_ap_done                         |   1|   0|    1|          0|
    |ap_sync_reg_grp_dataflow_parent_loop_proc_fu_225_ap_ready                        |   1|   0|    1|          0|
    |conv1_reg_434                                                                    |  32|   0|   32|          0|
    |grp_UpConv_Fused_Row_8_16_16_960_480_Pipeline_LOAD_PARAMS_fu_210_ap_start_reg    |   1|   0|    1|          0|
    |grp_UpConv_Fused_Row_8_16_16_960_480_Pipeline_PIXEL_NORM_fu_311_ap_start_reg     |   1|   0|    1|          0|
    |grp_UpConv_Fused_Row_8_16_16_960_480_Pipeline_PIXEL_STATS_fu_269_ap_start_reg    |   1|   0|    1|          0|
    |grp_UpConv_Fused_Row_8_16_16_960_480_Pipeline_RESET_ROW_ACC_fu_174_ap_start_reg  |   1|   0|    1|          0|
    |grp_dataflow_parent_loop_proc_fu_225_ap_start_reg                                |   1|   0|    1|          0|
    |mul4_reg_444                                                                     |   5|   0|   10|          5|
    |trunc_ln209_1_reg_408                                                            |  59|   0|   59|          0|
    |trunc_ln209_2_reg_413                                                            |  59|   0|   59|          0|
    |trunc_ln_reg_403                                                                 |  59|   0|   59|          0|
    +---------------------------------------------------------------------------------+----+----+-----+-----------+
    |Total                                                                            | 229|   0|  234|          5|
    +---------------------------------------------------------------------------------+----+----+-----+-----------+



================================================================
== Interface
================================================================
* Summary: 
+------------------------------+-----+-----+------------+---------------------------------------+--------------+
|           RTL Ports          | Dir | Bits|  Protocol  |             Source Object             |    C Type    |
+------------------------------+-----+-----+------------+---------------------------------------+--------------+
|ap_clk                        |   in|    1|  ap_ctrl_hs|  UpConv_Fused_Row<8, 16, 16, 960, 480>|  return value|
|ap_rst                        |   in|    1|  ap_ctrl_hs|  UpConv_Fused_Row<8, 16, 16, 960, 480>|  return value|
|ap_start                      |   in|    1|  ap_ctrl_hs|  UpConv_Fused_Row<8, 16, 16, 960, 480>|  return value|
|ap_done                       |  out|    1|  ap_ctrl_hs|  UpConv_Fused_Row<8, 16, 16, 960, 480>|  return value|
|ap_idle                       |  out|    1|  ap_ctrl_hs|  UpConv_Fused_Row<8, 16, 16, 960, 480>|  return value|
|ap_ready                      |  out|    1|  ap_ctrl_hs|  UpConv_Fused_Row<8, 16, 16, 960, 480>|  return value|
|m_axi_gmem_weight_0_AWVALID   |  out|    1|       m_axi|                            gmem_weight|       pointer|
|m_axi_gmem_weight_0_AWREADY   |   in|    1|       m_axi|                            gmem_weight|       pointer|
|m_axi_gmem_weight_0_AWADDR    |  out|   64|       m_axi|                            gmem_weight|       pointer|
|m_axi_gmem_weight_0_AWID      |  out|    1|       m_axi|                            gmem_weight|       pointer|
|m_axi_gmem_weight_0_AWLEN     |  out|   32|       m_axi|                            gmem_weight|       pointer|
|m_axi_gmem_weight_0_AWSIZE    |  out|    3|       m_axi|                            gmem_weight|       pointer|
|m_axi_gmem_weight_0_AWBURST   |  out|    2|       m_axi|                            gmem_weight|       pointer|
|m_axi_gmem_weight_0_AWLOCK    |  out|    2|       m_axi|                            gmem_weight|       pointer|
|m_axi_gmem_weight_0_AWCACHE   |  out|    4|       m_axi|                            gmem_weight|       pointer|
|m_axi_gmem_weight_0_AWPROT    |  out|    3|       m_axi|                            gmem_weight|       pointer|
|m_axi_gmem_weight_0_AWQOS     |  out|    4|       m_axi|                            gmem_weight|       pointer|
|m_axi_gmem_weight_0_AWREGION  |  out|    4|       m_axi|                            gmem_weight|       pointer|
|m_axi_gmem_weight_0_AWUSER    |  out|    1|       m_axi|                            gmem_weight|       pointer|
|m_axi_gmem_weight_0_WVALID    |  out|    1|       m_axi|                            gmem_weight|       pointer|
|m_axi_gmem_weight_0_WREADY    |   in|    1|       m_axi|                            gmem_weight|       pointer|
|m_axi_gmem_weight_0_WDATA     |  out|  256|       m_axi|                            gmem_weight|       pointer|
|m_axi_gmem_weight_0_WSTRB     |  out|   32|       m_axi|                            gmem_weight|       pointer|
|m_axi_gmem_weight_0_WLAST     |  out|    1|       m_axi|                            gmem_weight|       pointer|
|m_axi_gmem_weight_0_WID       |  out|    1|       m_axi|                            gmem_weight|       pointer|
|m_axi_gmem_weight_0_WUSER     |  out|    1|       m_axi|                            gmem_weight|       pointer|
|m_axi_gmem_weight_0_ARVALID   |  out|    1|       m_axi|                            gmem_weight|       pointer|
|m_axi_gmem_weight_0_ARREADY   |   in|    1|       m_axi|                            gmem_weight|       pointer|
|m_axi_gmem_weight_0_ARADDR    |  out|   64|       m_axi|                            gmem_weight|       pointer|
|m_axi_gmem_weight_0_ARID      |  out|    1|       m_axi|                            gmem_weight|       pointer|
|m_axi_gmem_weight_0_ARLEN     |  out|   32|       m_axi|                            gmem_weight|       pointer|
|m_axi_gmem_weight_0_ARSIZE    |  out|    3|       m_axi|                            gmem_weight|       pointer|
|m_axi_gmem_weight_0_ARBURST   |  out|    2|       m_axi|                            gmem_weight|       pointer|
|m_axi_gmem_weight_0_ARLOCK    |  out|    2|       m_axi|                            gmem_weight|       pointer|
|m_axi_gmem_weight_0_ARCACHE   |  out|    4|       m_axi|                            gmem_weight|       pointer|
|m_axi_gmem_weight_0_ARPROT    |  out|    3|       m_axi|                            gmem_weight|       pointer|
|m_axi_gmem_weight_0_ARQOS     |  out|    4|       m_axi|                            gmem_weight|       pointer|
|m_axi_gmem_weight_0_ARREGION  |  out|    4|       m_axi|                            gmem_weight|       pointer|
|m_axi_gmem_weight_0_ARUSER    |  out|    1|       m_axi|                            gmem_weight|       pointer|
|m_axi_gmem_weight_0_RVALID    |   in|    1|       m_axi|                            gmem_weight|       pointer|
|m_axi_gmem_weight_0_RREADY    |  out|    1|       m_axi|                            gmem_weight|       pointer|
|m_axi_gmem_weight_0_RDATA     |   in|  256|       m_axi|                            gmem_weight|       pointer|
|m_axi_gmem_weight_0_RLAST     |   in|    1|       m_axi|                            gmem_weight|       pointer|
|m_axi_gmem_weight_0_RID       |   in|    1|       m_axi|                            gmem_weight|       pointer|
|m_axi_gmem_weight_0_RFIFONUM  |   in|   11|       m_axi|                            gmem_weight|       pointer|
|m_axi_gmem_weight_0_RUSER     |   in|    1|       m_axi|                            gmem_weight|       pointer|
|m_axi_gmem_weight_0_RRESP     |   in|    2|       m_axi|                            gmem_weight|       pointer|
|m_axi_gmem_weight_0_BVALID    |   in|    1|       m_axi|                            gmem_weight|       pointer|
|m_axi_gmem_weight_0_BREADY    |  out|    1|       m_axi|                            gmem_weight|       pointer|
|m_axi_gmem_weight_0_BRESP     |   in|    2|       m_axi|                            gmem_weight|       pointer|
|m_axi_gmem_weight_0_BID       |   in|    1|       m_axi|                            gmem_weight|       pointer|
|m_axi_gmem_weight_0_BUSER     |   in|    1|       m_axi|                            gmem_weight|       pointer|
|W_ptr                         |   in|   64|     ap_none|                                  W_ptr|        scalar|
|m_axi_gmem_param_0_AWVALID    |  out|    1|       m_axi|                             gmem_param|       pointer|
|m_axi_gmem_param_0_AWREADY    |   in|    1|       m_axi|                             gmem_param|       pointer|
|m_axi_gmem_param_0_AWADDR     |  out|   64|       m_axi|                             gmem_param|       pointer|
|m_axi_gmem_param_0_AWID       |  out|    1|       m_axi|                             gmem_param|       pointer|
|m_axi_gmem_param_0_AWLEN      |  out|   32|       m_axi|                             gmem_param|       pointer|
|m_axi_gmem_param_0_AWSIZE     |  out|    3|       m_axi|                             gmem_param|       pointer|
|m_axi_gmem_param_0_AWBURST    |  out|    2|       m_axi|                             gmem_param|       pointer|
|m_axi_gmem_param_0_AWLOCK     |  out|    2|       m_axi|                             gmem_param|       pointer|
|m_axi_gmem_param_0_AWCACHE    |  out|    4|       m_axi|                             gmem_param|       pointer|
|m_axi_gmem_param_0_AWPROT     |  out|    3|       m_axi|                             gmem_param|       pointer|
|m_axi_gmem_param_0_AWQOS      |  out|    4|       m_axi|                             gmem_param|       pointer|
|m_axi_gmem_param_0_AWREGION   |  out|    4|       m_axi|                             gmem_param|       pointer|
|m_axi_gmem_param_0_AWUSER     |  out|    1|       m_axi|                             gmem_param|       pointer|
|m_axi_gmem_param_0_WVALID     |  out|    1|       m_axi|                             gmem_param|       pointer|
|m_axi_gmem_param_0_WREADY     |   in|    1|       m_axi|                             gmem_param|       pointer|
|m_axi_gmem_param_0_WDATA      |  out|  256|       m_axi|                             gmem_param|       pointer|
|m_axi_gmem_param_0_WSTRB      |  out|   32|       m_axi|                             gmem_param|       pointer|
|m_axi_gmem_param_0_WLAST      |  out|    1|       m_axi|                             gmem_param|       pointer|
|m_axi_gmem_param_0_WID        |  out|    1|       m_axi|                             gmem_param|       pointer|
|m_axi_gmem_param_0_WUSER      |  out|    1|       m_axi|                             gmem_param|       pointer|
|m_axi_gmem_param_0_ARVALID    |  out|    1|       m_axi|                             gmem_param|       pointer|
|m_axi_gmem_param_0_ARREADY    |   in|    1|       m_axi|                             gmem_param|       pointer|
|m_axi_gmem_param_0_ARADDR     |  out|   64|       m_axi|                             gmem_param|       pointer|
|m_axi_gmem_param_0_ARID       |  out|    1|       m_axi|                             gmem_param|       pointer|
|m_axi_gmem_param_0_ARLEN      |  out|   32|       m_axi|                             gmem_param|       pointer|
|m_axi_gmem_param_0_ARSIZE     |  out|    3|       m_axi|                             gmem_param|       pointer|
|m_axi_gmem_param_0_ARBURST    |  out|    2|       m_axi|                             gmem_param|       pointer|
|m_axi_gmem_param_0_ARLOCK     |  out|    2|       m_axi|                             gmem_param|       pointer|
|m_axi_gmem_param_0_ARCACHE    |  out|    4|       m_axi|                             gmem_param|       pointer|
|m_axi_gmem_param_0_ARPROT     |  out|    3|       m_axi|                             gmem_param|       pointer|
|m_axi_gmem_param_0_ARQOS      |  out|    4|       m_axi|                             gmem_param|       pointer|
|m_axi_gmem_param_0_ARREGION   |  out|    4|       m_axi|                             gmem_param|       pointer|
|m_axi_gmem_param_0_ARUSER     |  out|    1|       m_axi|                             gmem_param|       pointer|
|m_axi_gmem_param_0_RVALID     |   in|    1|       m_axi|                             gmem_param|       pointer|
|m_axi_gmem_param_0_RREADY     |  out|    1|       m_axi|                             gmem_param|       pointer|
|m_axi_gmem_param_0_RDATA      |   in|  256|       m_axi|                             gmem_param|       pointer|
|m_axi_gmem_param_0_RLAST      |   in|    1|       m_axi|                             gmem_param|       pointer|
|m_axi_gmem_param_0_RID        |   in|    1|       m_axi|                             gmem_param|       pointer|
|m_axi_gmem_param_0_RFIFONUM   |   in|   11|       m_axi|                             gmem_param|       pointer|
|m_axi_gmem_param_0_RUSER      |   in|    1|       m_axi|                             gmem_param|       pointer|
|m_axi_gmem_param_0_RRESP      |   in|    2|       m_axi|                             gmem_param|       pointer|
|m_axi_gmem_param_0_BVALID     |   in|    1|       m_axi|                             gmem_param|       pointer|
|m_axi_gmem_param_0_BREADY     |  out|    1|       m_axi|                             gmem_param|       pointer|
|m_axi_gmem_param_0_BRESP      |   in|    2|       m_axi|                             gmem_param|       pointer|
|m_axi_gmem_param_0_BID        |   in|    1|       m_axi|                             gmem_param|       pointer|
|m_axi_gmem_param_0_BUSER      |   in|    1|       m_axi|                             gmem_param|       pointer|
|B_ptr                         |   in|   64|     ap_none|                                  B_ptr|        scalar|
|G_ptr                         |   in|   64|     ap_none|                                  G_ptr|        scalar|
|BE_ptr                        |   in|   64|     ap_none|                                 BE_ptr|        scalar|
|m_axi_gmem_out_0_AWVALID      |  out|    1|       m_axi|                               gmem_out|       pointer|
|m_axi_gmem_out_0_AWREADY      |   in|    1|       m_axi|                               gmem_out|       pointer|
|m_axi_gmem_out_0_AWADDR       |  out|   64|       m_axi|                               gmem_out|       pointer|
|m_axi_gmem_out_0_AWID         |  out|    1|       m_axi|                               gmem_out|       pointer|
|m_axi_gmem_out_0_AWLEN        |  out|   32|       m_axi|                               gmem_out|       pointer|
|m_axi_gmem_out_0_AWSIZE       |  out|    3|       m_axi|                               gmem_out|       pointer|
|m_axi_gmem_out_0_AWBURST      |  out|    2|       m_axi|                               gmem_out|       pointer|
|m_axi_gmem_out_0_AWLOCK       |  out|    2|       m_axi|                               gmem_out|       pointer|
|m_axi_gmem_out_0_AWCACHE      |  out|    4|       m_axi|                               gmem_out|       pointer|
|m_axi_gmem_out_0_AWPROT       |  out|    3|       m_axi|                               gmem_out|       pointer|
|m_axi_gmem_out_0_AWQOS        |  out|    4|       m_axi|                               gmem_out|       pointer|
|m_axi_gmem_out_0_AWREGION     |  out|    4|       m_axi|                               gmem_out|       pointer|
|m_axi_gmem_out_0_AWUSER       |  out|    1|       m_axi|                               gmem_out|       pointer|
|m_axi_gmem_out_0_WVALID       |  out|    1|       m_axi|                               gmem_out|       pointer|
|m_axi_gmem_out_0_WREADY       |   in|    1|       m_axi|                               gmem_out|       pointer|
|m_axi_gmem_out_0_WDATA        |  out|  256|       m_axi|                               gmem_out|       pointer|
|m_axi_gmem_out_0_WSTRB        |  out|   32|       m_axi|                               gmem_out|       pointer|
|m_axi_gmem_out_0_WLAST        |  out|    1|       m_axi|                               gmem_out|       pointer|
|m_axi_gmem_out_0_WID          |  out|    1|       m_axi|                               gmem_out|       pointer|
|m_axi_gmem_out_0_WUSER        |  out|    1|       m_axi|                               gmem_out|       pointer|
|m_axi_gmem_out_0_ARVALID      |  out|    1|       m_axi|                               gmem_out|       pointer|
|m_axi_gmem_out_0_ARREADY      |   in|    1|       m_axi|                               gmem_out|       pointer|
|m_axi_gmem_out_0_ARADDR       |  out|   64|       m_axi|                               gmem_out|       pointer|
|m_axi_gmem_out_0_ARID         |  out|    1|       m_axi|                               gmem_out|       pointer|
|m_axi_gmem_out_0_ARLEN        |  out|   32|       m_axi|                               gmem_out|       pointer|
|m_axi_gmem_out_0_ARSIZE       |  out|    3|       m_axi|                               gmem_out|       pointer|
|m_axi_gmem_out_0_ARBURST      |  out|    2|       m_axi|                               gmem_out|       pointer|
|m_axi_gmem_out_0_ARLOCK       |  out|    2|       m_axi|                               gmem_out|       pointer|
|m_axi_gmem_out_0_ARCACHE      |  out|    4|       m_axi|                               gmem_out|       pointer|
|m_axi_gmem_out_0_ARPROT       |  out|    3|       m_axi|                               gmem_out|       pointer|
|m_axi_gmem_out_0_ARQOS        |  out|    4|       m_axi|                               gmem_out|       pointer|
|m_axi_gmem_out_0_ARREGION     |  out|    4|       m_axi|                               gmem_out|       pointer|
|m_axi_gmem_out_0_ARUSER       |  out|    1|       m_axi|                               gmem_out|       pointer|
|m_axi_gmem_out_0_RVALID       |   in|    1|       m_axi|                               gmem_out|       pointer|
|m_axi_gmem_out_0_RREADY       |  out|    1|       m_axi|                               gmem_out|       pointer|
|m_axi_gmem_out_0_RDATA        |   in|  256|       m_axi|                               gmem_out|       pointer|
|m_axi_gmem_out_0_RLAST        |   in|    1|       m_axi|                               gmem_out|       pointer|
|m_axi_gmem_out_0_RID          |   in|    1|       m_axi|                               gmem_out|       pointer|
|m_axi_gmem_out_0_RFIFONUM     |   in|    9|       m_axi|                               gmem_out|       pointer|
|m_axi_gmem_out_0_RUSER        |   in|    1|       m_axi|                               gmem_out|       pointer|
|m_axi_gmem_out_0_RRESP        |   in|    2|       m_axi|                               gmem_out|       pointer|
|m_axi_gmem_out_0_BVALID       |   in|    1|       m_axi|                               gmem_out|       pointer|
|m_axi_gmem_out_0_BREADY       |  out|    1|       m_axi|                               gmem_out|       pointer|
|m_axi_gmem_out_0_BRESP        |   in|    2|       m_axi|                               gmem_out|       pointer|
|m_axi_gmem_out_0_BID          |   in|    1|       m_axi|                               gmem_out|       pointer|
|m_axi_gmem_out_0_BUSER        |   in|    1|       m_axi|                               gmem_out|       pointer|
|Y                             |   in|   64|     ap_none|                                      Y|        scalar|
|epsilon                       |   in|   16|     ap_none|                                epsilon|        scalar|
|ho                            |   in|    5|     ap_none|                                     ho|        scalar|
|x_buf_address0                |  out|   11|   ap_memory|                                  x_buf|         array|
|x_buf_ce0                     |  out|    1|   ap_memory|                                  x_buf|         array|
|x_buf_q0                      |   in|  256|   ap_memory|                                  x_buf|         array|
+------------------------------+-----+-----+------------+---------------------------------------+--------------+

============================================================
+ Verbose Summary: Synthesis Manager
============================================================
InlineROM: 1
ExposeGlobal: 0
============================================================
+ Verbose Summary: CDFG Model
============================================================
IsTopModel: 0
ResetActiveHigh: 1
IsCombinational: 2
IsDatapathOnly: 2
HasWiredReturn: 1
HasMFsm: 0
HasVarLatency: 1
IsPipeline: 0
IsRtlPipelined: 0
IsInstanceOverlapped: 0
IsDontTouch: 0
HasImplIP: 0
IsGatedGlobalClock: 0


============================================================
+ Verbose Summary: Schedule
============================================================
* Number of FSM states : 8
* Pipeline : 0
* Dataflow Pipeline: 0

* FSM state transitions: 
1 --> 2 
2 --> 3 
3 --> 4 
4 --> 5 
5 --> 6 
6 --> 7 
7 --> 8 
8 --> 

* FSM state operations: 

State 1 <SV = 0> <Delay = 2.32>
ST_1 : Operation 9 [1/1] (0.00ns)   --->   "%BE_ptr_read = read i64 @_ssdm_op_Read.ap_auto.i64, i64 %BE_ptr"   --->   Operation 9 'read' 'BE_ptr_read' <Predicate = true> <Delay = 0.00>
ST_1 : Operation 10 [1/1] (0.00ns)   --->   "%G_ptr_read = read i64 @_ssdm_op_Read.ap_auto.i64, i64 %G_ptr"   --->   Operation 10 'read' 'G_ptr_read' <Predicate = true> <Delay = 0.00>
ST_1 : Operation 11 [1/1] (0.00ns)   --->   "%B_ptr_read = read i64 @_ssdm_op_Read.ap_auto.i64, i64 %B_ptr"   --->   Operation 11 'read' 'B_ptr_read' <Predicate = true> <Delay = 0.00>
ST_1 : Operation 12 [1/1] (1.23ns)   --->   "%b_buf = alloca i64 1" [../gen/Hls_Layers_UpConv.tpp:204]   --->   Operation 12 'alloca' 'b_buf' <Predicate = true> <Delay = 1.23> <CoreInst = "RAM_T2P_BRAM">   --->   Core 98 'RAM_T2P_BRAM' <Latency = 1> <II = 1> <Delay = 1.23> <Storage> <Opcode : 'load' 'store'> <Ports = 2> <Width = 256> <Depth = 30> <RAM>
ST_1 : Operation 13 [1/1] (1.23ns)   --->   "%g_buf = alloca i64 1" [../gen/Hls_Layers_UpConv.tpp:204]   --->   Operation 13 'alloca' 'g_buf' <Predicate = true> <Delay = 1.23> <CoreInst = "RAM_T2P_BRAM">   --->   Core 98 'RAM_T2P_BRAM' <Latency = 1> <II = 1> <Delay = 1.23> <Storage> <Opcode : 'load' 'store'> <Ports = 2> <Width = 256> <Depth = 30> <RAM>
ST_1 : Operation 14 [1/1] (1.23ns)   --->   "%be_buf = alloca i64 1" [../gen/Hls_Layers_UpConv.tpp:204]   --->   Operation 14 'alloca' 'be_buf' <Predicate = true> <Delay = 1.23> <CoreInst = "RAM_T2P_BRAM">   --->   Core 98 'RAM_T2P_BRAM' <Latency = 1> <II = 1> <Delay = 1.23> <Storage> <Opcode : 'load' 'store'> <Ports = 2> <Width = 256> <Depth = 30> <RAM>
ST_1 : Operation 15 [2/2] (0.00ns)   --->   "%call_ln0 = call void @UpConv_Fused_Row<8, 16, 16, 960, 480>_Pipeline_RESET_ROW_ACC, i16 %void_UpConv_Fused_Row_ap_uint_ap_uint_const_ap_uint_const_ap_uint_const_ap_u_9, i16 %void_UpConv_Fused_Row_ap_uint_ap_uint_const_ap_uint_const_ap_uint_const_ap_u_8, i16 %void_UpConv_Fused_Row_ap_uint_ap_uint_const_ap_uint_const_ap_uint_const_ap_u_7, i16 %void_UpConv_Fused_Row_ap_uint_ap_uint_const_ap_uint_const_ap_uint_const_ap_u_6, i16 %void_UpConv_Fused_Row_ap_uint_ap_uint_const_ap_uint_const_ap_uint_const_ap_u_5, i16 %void_UpConv_Fused_Row_ap_uint_ap_uint_const_ap_uint_const_ap_uint_const_ap_u_4, i16 %void_UpConv_Fused_Row_ap_uint_ap_uint_const_ap_uint_const_ap_uint_const_ap_u_3, i16 %void_UpConv_Fused_Row_ap_uint_ap_uint_const_ap_uint_const_ap_uint_const_ap_u_2, i16 %void_UpConv_Fused_Row_ap_uint_ap_uint_const_ap_uint_const_ap_uint_const_ap_u_1, i16 %void_UpConv_Fused_Row_ap_uint_ap_uint_const_ap_uint_const_ap_uint_const_ap_u, i16 %p_ZZ16UpConv_Fused_RowILi8ELi16ELi16ELi960ELi480EEvP7ap_uintILi256EEPKS1_S4_S4_S4_5, i16 %p_ZZ16UpConv_Fused_RowILi8ELi16ELi16ELi960ELi480EEvP7ap_uintILi256EEPKS1_S4_S4_S4_4, i16 %p_ZZ16UpConv_Fused_RowILi8ELi16ELi16ELi960ELi480EEvP7ap_uintILi256EEPKS1_S4_S4_S4_3, i16 %p_ZZ16UpConv_Fused_RowILi8ELi16ELi16ELi960ELi480EEvP7ap_uintILi256EEPKS1_S4_S4_S4_2, i16 %p_ZZ16UpConv_Fused_RowILi8ELi16ELi16ELi960ELi480EEvP7ap_uintILi256EEPKS1_S4_S4_S4_1, i16 %p_ZZ16UpConv_Fused_RowILi8ELi16ELi16ELi960ELi480EEvP7ap_uintILi256EEPKS1_S4_S4_S4"   --->   Operation 15 'call' 'call_ln0' <Predicate = true> <Delay = 0.00> <CoreType = "Generic">   --->   Generic Core
ST_1 : Operation 16 [1/1] (0.00ns)   --->   "%trunc_ln = partselect i59 @_ssdm_op_PartSelect.i59.i64.i32.i32, i64 %B_ptr_read, i32 5, i32 63" [../gen/Hls_Layers_UpConv.tpp:209]   --->   Operation 16 'partselect' 'trunc_ln' <Predicate = true> <Delay = 0.00>
ST_1 : Operation 17 [1/1] (0.00ns)   --->   "%trunc_ln209_1 = partselect i59 @_ssdm_op_PartSelect.i59.i64.i32.i32, i64 %G_ptr_read, i32 5, i32 63" [../gen/Hls_Layers_UpConv.tpp:209]   --->   Operation 17 'partselect' 'trunc_ln209_1' <Predicate = true> <Delay = 0.00>
ST_1 : Operation 18 [1/1] (0.00ns)   --->   "%trunc_ln209_2 = partselect i59 @_ssdm_op_PartSelect.i59.i64.i32.i32, i64 %BE_ptr_read, i32 5, i32 63" [../gen/Hls_Layers_UpConv.tpp:209]   --->   Operation 18 'partselect' 'trunc_ln209_2' <Predicate = true> <Delay = 0.00>
ST_1 : Operation 19 [2/2] (1.09ns)   --->   "%call_ln209 = call void @UpConv_Fused_Row<8, 16, 16, 960, 480>_Pipeline_LOAD_PARAMS, i256 %b_buf, i59 %trunc_ln, i256 %gmem_param, i256 %g_buf, i59 %trunc_ln209_1, i256 %be_buf, i59 %trunc_ln209_2" [../gen/Hls_Layers_UpConv.tpp:209]   --->   Operation 19 'call' 'call_ln209' <Predicate = true> <Delay = 1.09> <CoreType = "Generic">   --->   Generic Core

State 2 <SV = 1> <Delay = 1.64>
ST_2 : Operation 20 [1/2] (1.64ns)   --->   "%call_ln0 = call void @UpConv_Fused_Row<8, 16, 16, 960, 480>_Pipeline_RESET_ROW_ACC, i16 %void_UpConv_Fused_Row_ap_uint_ap_uint_const_ap_uint_const_ap_uint_const_ap_u_9, i16 %void_UpConv_Fused_Row_ap_uint_ap_uint_const_ap_uint_const_ap_uint_const_ap_u_8, i16 %void_UpConv_Fused_Row_ap_uint_ap_uint_const_ap_uint_const_ap_uint_const_ap_u_7, i16 %void_UpConv_Fused_Row_ap_uint_ap_uint_const_ap_uint_const_ap_uint_const_ap_u_6, i16 %void_UpConv_Fused_Row_ap_uint_ap_uint_const_ap_uint_const_ap_uint_const_ap_u_5, i16 %void_UpConv_Fused_Row_ap_uint_ap_uint_const_ap_uint_const_ap_uint_const_ap_u_4, i16 %void_UpConv_Fused_Row_ap_uint_ap_uint_const_ap_uint_const_ap_uint_const_ap_u_3, i16 %void_UpConv_Fused_Row_ap_uint_ap_uint_const_ap_uint_const_ap_uint_const_ap_u_2, i16 %void_UpConv_Fused_Row_ap_uint_ap_uint_const_ap_uint_const_ap_uint_const_ap_u_1, i16 %void_UpConv_Fused_Row_ap_uint_ap_uint_const_ap_uint_const_ap_uint_const_ap_u, i16 %p_ZZ16UpConv_Fused_RowILi8ELi16ELi16ELi960ELi480EEvP7ap_uintILi256EEPKS1_S4_S4_S4_5, i16 %p_ZZ16UpConv_Fused_RowILi8ELi16ELi16ELi960ELi480EEvP7ap_uintILi256EEPKS1_S4_S4_S4_4, i16 %p_ZZ16UpConv_Fused_RowILi8ELi16ELi16ELi960ELi480EEvP7ap_uintILi256EEPKS1_S4_S4_S4_3, i16 %p_ZZ16UpConv_Fused_RowILi8ELi16ELi16ELi960ELi480EEvP7ap_uintILi256EEPKS1_S4_S4_S4_2, i16 %p_ZZ16UpConv_Fused_RowILi8ELi16ELi16ELi960ELi480EEvP7ap_uintILi256EEPKS1_S4_S4_S4_1, i16 %p_ZZ16UpConv_Fused_RowILi8ELi16ELi16ELi960ELi480EEvP7ap_uintILi256EEPKS1_S4_S4_S4"   --->   Operation 20 'call' 'call_ln0' <Predicate = true> <Delay = 1.64> <CoreType = "Generic">   --->   Generic Core
ST_2 : Operation 21 [1/2] (0.00ns)   --->   "%call_ln209 = call void @UpConv_Fused_Row<8, 16, 16, 960, 480>_Pipeline_LOAD_PARAMS, i256 %b_buf, i59 %trunc_ln, i256 %gmem_param, i256 %g_buf, i59 %trunc_ln209_1, i256 %be_buf, i59 %trunc_ln209_2" [../gen/Hls_Layers_UpConv.tpp:209]   --->   Operation 21 'call' 'call_ln209' <Predicate = true> <Delay = 0.00> <CoreType = "Generic">   --->   Generic Core

State 3 <SV = 2> <Delay = 1.53>
ST_3 : Operation 22 [1/1] (0.00ns)   --->   "%ho_read = read i5 @_ssdm_op_Read.ap_auto.i5, i5 %ho"   --->   Operation 22 'read' 'ho_read' <Predicate = true> <Delay = 0.00>
ST_3 : Operation 23 [1/1] (0.00ns)   --->   "%epsilon_read = read i16 @_ssdm_op_Read.ap_auto.half, i16 %epsilon"   --->   Operation 23 'read' 'epsilon_read' <Predicate = true> <Delay = 0.00>
ST_3 : Operation 24 [1/1] (0.00ns)   --->   "%W_ptr_read = read i64 @_ssdm_op_Read.ap_auto.i64, i64 %W_ptr"   --->   Operation 24 'read' 'W_ptr_read' <Predicate = true> <Delay = 0.00>
ST_3 : Operation 25 [2/2] (0.00ns)   --->   "%call_ln0 = call void @dataflow_parent_loop_proc, i256 %gmem_weight, i64 %W_ptr_read, i5 %ho_read, i256 %x_buf, i16 %void_UpConv_Fused_Row_ap_uint_ap_uint_const_ap_uint_const_ap_uint_const_ap_u_2, i16 %p_ZZ16UpConv_Fused_RowILi8ELi16ELi16ELi960ELi480EEvP7ap_uintILi256EEPKS1_S4_S4_S4, i16 %void_UpConv_Fused_Row_ap_uint_ap_uint_const_ap_uint_const_ap_uint_const_ap_u_3, i16 %p_ZZ16UpConv_Fused_RowILi8ELi16ELi16ELi960ELi480EEvP7ap_uintILi256EEPKS1_S4_S4_S4_1, i16 %void_UpConv_Fused_Row_ap_uint_ap_uint_const_ap_uint_const_ap_uint_const_ap_u_4, i16 %p_ZZ16UpConv_Fused_RowILi8ELi16ELi16ELi960ELi480EEvP7ap_uintILi256EEPKS1_S4_S4_S4_2, i16 %void_UpConv_Fused_Row_ap_uint_ap_uint_const_ap_uint_const_ap_uint_const_ap_u_5, i16 %p_ZZ16UpConv_Fused_RowILi8ELi16ELi16ELi960ELi480EEvP7ap_uintILi256EEPKS1_S4_S4_S4_3, i16 %void_UpConv_Fused_Row_ap_uint_ap_uint_const_ap_uint_const_ap_uint_const_ap_u_6, i16 %p_ZZ16UpConv_Fused_RowILi8ELi16ELi16ELi960ELi480EEvP7ap_uintILi256EEPKS1_S4_S4_S4_4, i16 %void_UpConv_Fused_Row_ap_uint_ap_uint_const_ap_uint_const_ap_uint_const_ap_u_7, i16 %p_ZZ16UpConv_Fused_RowILi8ELi16ELi16ELi960ELi480EEvP7ap_uintILi256EEPKS1_S4_S4_S4_5, i16 %void_UpConv_Fused_Row_ap_uint_ap_uint_const_ap_uint_const_ap_uint_const_ap_u_8, i16 %void_UpConv_Fused_Row_ap_uint_ap_uint_const_ap_uint_const_ap_uint_const_ap_u, i16 %void_UpConv_Fused_Row_ap_uint_ap_uint_const_ap_uint_const_ap_uint_const_ap_u_9, i16 %void_UpConv_Fused_Row_ap_uint_ap_uint_const_ap_uint_const_ap_uint_const_ap_u_1"   --->   Operation 25 'call' 'call_ln0' <Predicate = true> <Delay = 0.00> <CoreType = "Generic">   --->   Generic Core
ST_3 : Operation 26 [2/2] (1.53ns)   --->   "%conv1 = hptosp i16 %epsilon_read"   --->   Operation 26 'hptosp' 'conv1' <Predicate = true> <Delay = 1.53> <CoreInst = "Half2Float">   --->   Core 68 'Half2Float' <Latency = 1> <II = 1> <Delay = 1.53> <FuncUnit> <Opcode : 'hptosp'> <InPorts = 1> <OutPorts = 1>

State 4 <SV = 3> <Delay = 1.53>
ST_4 : Operation 27 [1/2] (0.78ns)   --->   "%call_ln0 = call void @dataflow_parent_loop_proc, i256 %gmem_weight, i64 %W_ptr_read, i5 %ho_read, i256 %x_buf, i16 %void_UpConv_Fused_Row_ap_uint_ap_uint_const_ap_uint_const_ap_uint_const_ap_u_2, i16 %p_ZZ16UpConv_Fused_RowILi8ELi16ELi16ELi960ELi480EEvP7ap_uintILi256EEPKS1_S4_S4_S4, i16 %void_UpConv_Fused_Row_ap_uint_ap_uint_const_ap_uint_const_ap_uint_const_ap_u_3, i16 %p_ZZ16UpConv_Fused_RowILi8ELi16ELi16ELi960ELi480EEvP7ap_uintILi256EEPKS1_S4_S4_S4_1, i16 %void_UpConv_Fused_Row_ap_uint_ap_uint_const_ap_uint_const_ap_uint_const_ap_u_4, i16 %p_ZZ16UpConv_Fused_RowILi8ELi16ELi16ELi960ELi480EEvP7ap_uintILi256EEPKS1_S4_S4_S4_2, i16 %void_UpConv_Fused_Row_ap_uint_ap_uint_const_ap_uint_const_ap_uint_const_ap_u_5, i16 %p_ZZ16UpConv_Fused_RowILi8ELi16ELi16ELi960ELi480EEvP7ap_uintILi256EEPKS1_S4_S4_S4_3, i16 %void_UpConv_Fused_Row_ap_uint_ap_uint_const_ap_uint_const_ap_uint_const_ap_u_6, i16 %p_ZZ16UpConv_Fused_RowILi8ELi16ELi16ELi960ELi480EEvP7ap_uintILi256EEPKS1_S4_S4_S4_4, i16 %void_UpConv_Fused_Row_ap_uint_ap_uint_const_ap_uint_const_ap_uint_const_ap_u_7, i16 %p_ZZ16UpConv_Fused_RowILi8ELi16ELi16ELi960ELi480EEvP7ap_uintILi256EEPKS1_S4_S4_S4_5, i16 %void_UpConv_Fused_Row_ap_uint_ap_uint_const_ap_uint_const_ap_uint_const_ap_u_8, i16 %void_UpConv_Fused_Row_ap_uint_ap_uint_const_ap_uint_const_ap_uint_const_ap_u, i16 %void_UpConv_Fused_Row_ap_uint_ap_uint_const_ap_uint_const_ap_uint_const_ap_u_9, i16 %void_UpConv_Fused_Row_ap_uint_ap_uint_const_ap_uint_const_ap_uint_const_ap_u_1"   --->   Operation 27 'call' 'call_ln0' <Predicate = true> <Delay = 0.78> <CoreType = "Generic">   --->   Generic Core
ST_4 : Operation 28 [1/2] (1.53ns)   --->   "%conv1 = hptosp i16 %epsilon_read"   --->   Operation 28 'hptosp' 'conv1' <Predicate = true> <Delay = 1.53> <CoreInst = "Half2Float">   --->   Core 68 'Half2Float' <Latency = 1> <II = 1> <Delay = 1.53> <FuncUnit> <Opcode : 'hptosp'> <InPorts = 1> <OutPorts = 1>

State 5 <SV = 4> <Delay = 0.00>
ST_5 : Operation 29 [2/2] (0.00ns)   --->   "%call_ln0 = call void @UpConv_Fused_Row<8, 16, 16, 960, 480>_Pipeline_PIXEL_STATS, i32 %conv1, i256 %b_buf, i32 %mean_buf, i16 %inv_buf, i16 %void_UpConv_Fused_Row_ap_uint_ap_uint_const_ap_uint_const_ap_uint_const_ap_u_9, i16 %void_UpConv_Fused_Row_ap_uint_ap_uint_const_ap_uint_const_ap_uint_const_ap_u_8, i16 %void_UpConv_Fused_Row_ap_uint_ap_uint_const_ap_uint_const_ap_uint_const_ap_u_7, i16 %void_UpConv_Fused_Row_ap_uint_ap_uint_const_ap_uint_const_ap_uint_const_ap_u_6, i16 %void_UpConv_Fused_Row_ap_uint_ap_uint_const_ap_uint_const_ap_uint_const_ap_u_5, i16 %void_UpConv_Fused_Row_ap_uint_ap_uint_const_ap_uint_const_ap_uint_const_ap_u_4, i16 %void_UpConv_Fused_Row_ap_uint_ap_uint_const_ap_uint_const_ap_uint_const_ap_u_3, i16 %void_UpConv_Fused_Row_ap_uint_ap_uint_const_ap_uint_const_ap_uint_const_ap_u_2, i16 %void_UpConv_Fused_Row_ap_uint_ap_uint_const_ap_uint_const_ap_uint_const_ap_u_1, i16 %void_UpConv_Fused_Row_ap_uint_ap_uint_const_ap_uint_const_ap_uint_const_ap_u, i16 %p_ZZ16UpConv_Fused_RowILi8ELi16ELi16ELi960ELi480EEvP7ap_uintILi256EEPKS1_S4_S4_S4_5, i16 %p_ZZ16UpConv_Fused_RowILi8ELi16ELi16ELi960ELi480EEvP7ap_uintILi256EEPKS1_S4_S4_S4_4, i16 %p_ZZ16UpConv_Fused_RowILi8ELi16ELi16ELi960ELi480EEvP7ap_uintILi256EEPKS1_S4_S4_S4_3, i16 %p_ZZ16UpConv_Fused_RowILi8ELi16ELi16ELi960ELi480EEvP7ap_uintILi256EEPKS1_S4_S4_S4_2, i16 %p_ZZ16UpConv_Fused_RowILi8ELi16ELi16ELi960ELi480EEvP7ap_uintILi256EEPKS1_S4_S4_S4_1, i16 %p_ZZ16UpConv_Fused_RowILi8ELi16ELi16ELi960ELi480EEvP7ap_uintILi256EEPKS1_S4_S4_S4"   --->   Operation 29 'call' 'call_ln0' <Predicate = true> <Delay = 0.00> <CoreType = "Generic">   --->   Generic Core

State 6 <SV = 5> <Delay = 0.00>
ST_6 : Operation 30 [1/2] (0.00ns)   --->   "%call_ln0 = call void @UpConv_Fused_Row<8, 16, 16, 960, 480>_Pipeline_PIXEL_STATS, i32 %conv1, i256 %b_buf, i32 %mean_buf, i16 %inv_buf, i16 %void_UpConv_Fused_Row_ap_uint_ap_uint_const_ap_uint_const_ap_uint_const_ap_u_9, i16 %void_UpConv_Fused_Row_ap_uint_ap_uint_const_ap_uint_const_ap_uint_const_ap_u_8, i16 %void_UpConv_Fused_Row_ap_uint_ap_uint_const_ap_uint_const_ap_uint_const_ap_u_7, i16 %void_UpConv_Fused_Row_ap_uint_ap_uint_const_ap_uint_const_ap_uint_const_ap_u_6, i16 %void_UpConv_Fused_Row_ap_uint_ap_uint_const_ap_uint_const_ap_uint_const_ap_u_5, i16 %void_UpConv_Fused_Row_ap_uint_ap_uint_const_ap_uint_const_ap_uint_const_ap_u_4, i16 %void_UpConv_Fused_Row_ap_uint_ap_uint_const_ap_uint_const_ap_uint_const_ap_u_3, i16 %void_UpConv_Fused_Row_ap_uint_ap_uint_const_ap_uint_const_ap_uint_const_ap_u_2, i16 %void_UpConv_Fused_Row_ap_uint_ap_uint_const_ap_uint_const_ap_uint_const_ap_u_1, i16 %void_UpConv_Fused_Row_ap_uint_ap_uint_const_ap_uint_const_ap_uint_const_ap_u, i16 %p_ZZ16UpConv_Fused_RowILi8ELi16ELi16ELi960ELi480EEvP7ap_uintILi256EEPKS1_S4_S4_S4_5, i16 %p_ZZ16UpConv_Fused_RowILi8ELi16ELi16ELi960ELi480EEvP7ap_uintILi256EEPKS1_S4_S4_S4_4, i16 %p_ZZ16UpConv_Fused_RowILi8ELi16ELi16ELi960ELi480EEvP7ap_uintILi256EEPKS1_S4_S4_S4_3, i16 %p_ZZ16UpConv_Fused_RowILi8ELi16ELi16ELi960ELi480EEvP7ap_uintILi256EEPKS1_S4_S4_S4_2, i16 %p_ZZ16UpConv_Fused_RowILi8ELi16ELi16ELi960ELi480EEvP7ap_uintILi256EEPKS1_S4_S4_S4_1, i16 %p_ZZ16UpConv_Fused_RowILi8ELi16ELi16ELi960ELi480EEvP7ap_uintILi256EEPKS1_S4_S4_S4"   --->   Operation 30 'call' 'call_ln0' <Predicate = true> <Delay = 0.00> <CoreType = "Generic">   --->   Generic Core

State 7 <SV = 6> <Delay = 0.00>
ST_7 : Operation 31 [1/1] (0.00ns)   --->   "%Y_read = read i64 @_ssdm_op_Read.ap_auto.i64, i64 %Y"   --->   Operation 31 'read' 'Y_read' <Predicate = true> <Delay = 0.00>
ST_7 : Operation 32 [1/1] (0.00ns)   --->   "%mul4 = bitconcatenate i10 @_ssdm_op_BitConcatenate.i10.i5.i5, i5 %ho_read, i5 0"   --->   Operation 32 'bitconcatenate' 'mul4' <Predicate = true> <Delay = 0.00>
ST_7 : Operation 33 [2/2] (0.00ns)   --->   "%call_ln0 = call void @UpConv_Fused_Row<8, 16, 16, 960, 480>_Pipeline_PIXEL_NORM, i256 %g_buf, i256 %be_buf, i10 %mul4, i64 %Y_read, i256 %gmem_out, i32 %mean_buf, i16 %inv_buf, i16 %void_UpConv_Fused_Row_ap_uint_ap_uint_const_ap_uint_const_ap_uint_const_ap_u_9, i16 %void_UpConv_Fused_Row_ap_uint_ap_uint_const_ap_uint_const_ap_uint_const_ap_u_8, i16 %void_UpConv_Fused_Row_ap_uint_ap_uint_const_ap_uint_const_ap_uint_const_ap_u_7, i16 %void_UpConv_Fused_Row_ap_uint_ap_uint_const_ap_uint_const_ap_uint_const_ap_u_6, i16 %void_UpConv_Fused_Row_ap_uint_ap_uint_const_ap_uint_const_ap_uint_const_ap_u_5, i16 %void_UpConv_Fused_Row_ap_uint_ap_uint_const_ap_uint_const_ap_uint_const_ap_u_4, i16 %void_UpConv_Fused_Row_ap_uint_ap_uint_const_ap_uint_const_ap_uint_const_ap_u_3, i16 %void_UpConv_Fused_Row_ap_uint_ap_uint_const_ap_uint_const_ap_uint_const_ap_u_2, i16 %void_UpConv_Fused_Row_ap_uint_ap_uint_const_ap_uint_const_ap_uint_const_ap_u_1, i16 %void_UpConv_Fused_Row_ap_uint_ap_uint_const_ap_uint_const_ap_uint_const_ap_u, i16 %p_ZZ16UpConv_Fused_RowILi8ELi16ELi16ELi960ELi480EEvP7ap_uintILi256EEPKS1_S4_S4_S4_5, i16 %p_ZZ16UpConv_Fused_RowILi8ELi16ELi16ELi960ELi480EEvP7ap_uintILi256EEPKS1_S4_S4_S4_4, i16 %p_ZZ16UpConv_Fused_RowILi8ELi16ELi16ELi960ELi480EEvP7ap_uintILi256EEPKS1_S4_S4_S4_3, i16 %p_ZZ16UpConv_Fused_RowILi8ELi16ELi16ELi960ELi480EEvP7ap_uintILi256EEPKS1_S4_S4_S4_2, i16 %p_ZZ16UpConv_Fused_RowILi8ELi16ELi16ELi960ELi480EEvP7ap_uintILi256EEPKS1_S4_S4_S4_1, i16 %p_ZZ16UpConv_Fused_RowILi8ELi16ELi16ELi960ELi480EEvP7ap_uintILi256EEPKS1_S4_S4_S4"   --->   Operation 33 'call' 'call_ln0' <Predicate = true> <Delay = 0.00> <CoreType = "Generic">   --->   Generic Core

State 8 <SV = 7> <Delay = 0.00>
ST_8 : Operation 34 [1/1] (0.00ns)   --->   "%specinterface_ln0 = specinterface void @_ssdm_op_SpecInterface, i256 %gmem_out, void @empty_109, i32 0, i32 0, void @empty_65, i32 0, i32 0, void @empty_136, void @empty_67, void @empty_65, i32 16, i32 16, i32 16, i32 64, void @empty_65, void @empty_65, i32 4294967295, i32 0, i32 0"   --->   Operation 34 'specinterface' 'specinterface_ln0' <Predicate = true> <Delay = 0.00>
ST_8 : Operation 35 [1/1] (0.00ns)   --->   "%specinterface_ln0 = specinterface void @_ssdm_op_SpecInterface, i256 %gmem_param, void @empty_109, i32 0, i32 0, void @empty_65, i32 0, i32 0, void @empty_118, void @empty_67, void @empty_65, i32 16, i32 16, i32 64, i32 16, void @empty_65, void @empty_65, i32 4294967295, i32 0, i32 0"   --->   Operation 35 'specinterface' 'specinterface_ln0' <Predicate = true> <Delay = 0.00>
ST_8 : Operation 36 [1/1] (0.00ns)   --->   "%specinterface_ln0 = specinterface void @_ssdm_op_SpecInterface, i256 %gmem_weight, void @empty_109, i32 0, i32 0, void @empty_65, i32 0, i32 0, void @empty_134, void @empty_67, void @empty_65, i32 16, i32 16, i32 64, i32 16, void @empty_65, void @empty_65, i32 4294967295, i32 0, i32 0"   --->   Operation 36 'specinterface' 'specinterface_ln0' <Predicate = true> <Delay = 0.00>
ST_8 : Operation 37 [1/1] (0.00ns)   --->   "%specmemcore_ln176 = specmemcore void @_ssdm_op_SpecMemCore, i16 %p_ZZ16UpConv_Fused_RowILi8ELi16ELi16ELi960ELi480EEvP7ap_uintILi256EEPKS1_S4_S4_S4, i64 666, i64 31, i64 18446744073709551615" [../gen/Hls_Layers_UpConv.tpp:176]   --->   Operation 37 'specmemcore' 'specmemcore_ln176' <Predicate = true> <Delay = 0.00>
ST_8 : Operation 38 [1/1] (0.00ns)   --->   "%specmemcore_ln176 = specmemcore void @_ssdm_op_SpecMemCore, i16 %p_ZZ16UpConv_Fused_RowILi8ELi16ELi16ELi960ELi480EEvP7ap_uintILi256EEPKS1_S4_S4_S4_1, i64 666, i64 31, i64 18446744073709551615" [../gen/Hls_Layers_UpConv.tpp:176]   --->   Operation 38 'specmemcore' 'specmemcore_ln176' <Predicate = true> <Delay = 0.00>
ST_8 : Operation 39 [1/1] (0.00ns)   --->   "%specmemcore_ln176 = specmemcore void @_ssdm_op_SpecMemCore, i16 %p_ZZ16UpConv_Fused_RowILi8ELi16ELi16ELi960ELi480EEvP7ap_uintILi256EEPKS1_S4_S4_S4_2, i64 666, i64 31, i64 18446744073709551615" [../gen/Hls_Layers_UpConv.tpp:176]   --->   Operation 39 'specmemcore' 'specmemcore_ln176' <Predicate = true> <Delay = 0.00>
ST_8 : Operation 40 [1/1] (0.00ns)   --->   "%specmemcore_ln176 = specmemcore void @_ssdm_op_SpecMemCore, i16 %p_ZZ16UpConv_Fused_RowILi8ELi16ELi16ELi960ELi480EEvP7ap_uintILi256EEPKS1_S4_S4_S4_3, i64 666, i64 31, i64 18446744073709551615" [../gen/Hls_Layers_UpConv.tpp:176]   --->   Operation 40 'specmemcore' 'specmemcore_ln176' <Predicate = true> <Delay = 0.00>
ST_8 : Operation 41 [1/1] (0.00ns)   --->   "%specmemcore_ln176 = specmemcore void @_ssdm_op_SpecMemCore, i16 %p_ZZ16UpConv_Fused_RowILi8ELi16ELi16ELi960ELi480EEvP7ap_uintILi256EEPKS1_S4_S4_S4_4, i64 666, i64 31, i64 18446744073709551615" [../gen/Hls_Layers_UpConv.tpp:176]   --->   Operation 41 'specmemcore' 'specmemcore_ln176' <Predicate = true> <Delay = 0.00>
ST_8 : Operation 42 [1/1] (0.00ns)   --->   "%specmemcore_ln176 = specmemcore void @_ssdm_op_SpecMemCore, i16 %p_ZZ16UpConv_Fused_RowILi8ELi16ELi16ELi960ELi480EEvP7ap_uintILi256EEPKS1_S4_S4_S4_5, i64 666, i64 31, i64 18446744073709551615" [../gen/Hls_Layers_UpConv.tpp:176]   --->   Operation 42 'specmemcore' 'specmemcore_ln176' <Predicate = true> <Delay = 0.00>
ST_8 : Operation 43 [1/1] (0.00ns)   --->   "%specmemcore_ln176 = specmemcore void @_ssdm_op_SpecMemCore, i16 %void_UpConv_Fused_Row_ap_uint_ap_uint_const_ap_uint_const_ap_uint_const_ap_u, i64 666, i64 31, i64 18446744073709551615" [../gen/Hls_Layers_UpConv.tpp:176]   --->   Operation 43 'specmemcore' 'specmemcore_ln176' <Predicate = true> <Delay = 0.00>
ST_8 : Operation 44 [1/1] (0.00ns)   --->   "%specmemcore_ln176 = specmemcore void @_ssdm_op_SpecMemCore, i16 %void_UpConv_Fused_Row_ap_uint_ap_uint_const_ap_uint_const_ap_uint_const_ap_u_1, i64 666, i64 31, i64 18446744073709551615" [../gen/Hls_Layers_UpConv.tpp:176]   --->   Operation 44 'specmemcore' 'specmemcore_ln176' <Predicate = true> <Delay = 0.00>
ST_8 : Operation 45 [1/1] (0.00ns)   --->   "%specmemcore_ln176 = specmemcore void @_ssdm_op_SpecMemCore, i16 %void_UpConv_Fused_Row_ap_uint_ap_uint_const_ap_uint_const_ap_uint_const_ap_u_2, i64 666, i64 31, i64 18446744073709551615" [../gen/Hls_Layers_UpConv.tpp:176]   --->   Operation 45 'specmemcore' 'specmemcore_ln176' <Predicate = true> <Delay = 0.00>
ST_8 : Operation 46 [1/1] (0.00ns)   --->   "%specmemcore_ln176 = specmemcore void @_ssdm_op_SpecMemCore, i16 %void_UpConv_Fused_Row_ap_uint_ap_uint_const_ap_uint_const_ap_uint_const_ap_u_3, i64 666, i64 31, i64 18446744073709551615" [../gen/Hls_Layers_UpConv.tpp:176]   --->   Operation 46 'specmemcore' 'specmemcore_ln176' <Predicate = true> <Delay = 0.00>
ST_8 : Operation 47 [1/1] (0.00ns)   --->   "%specmemcore_ln176 = specmemcore void @_ssdm_op_SpecMemCore, i16 %void_UpConv_Fused_Row_ap_uint_ap_uint_const_ap_uint_const_ap_uint_const_ap_u_4, i64 666, i64 31, i64 18446744073709551615" [../gen/Hls_Layers_UpConv.tpp:176]   --->   Operation 47 'specmemcore' 'specmemcore_ln176' <Predicate = true> <Delay = 0.00>
ST_8 : Operation 48 [1/1] (0.00ns)   --->   "%specmemcore_ln176 = specmemcore void @_ssdm_op_SpecMemCore, i16 %void_UpConv_Fused_Row_ap_uint_ap_uint_const_ap_uint_const_ap_uint_const_ap_u_5, i64 666, i64 31, i64 18446744073709551615" [../gen/Hls_Layers_UpConv.tpp:176]   --->   Operation 48 'specmemcore' 'specmemcore_ln176' <Predicate = true> <Delay = 0.00>
ST_8 : Operation 49 [1/1] (0.00ns)   --->   "%specmemcore_ln176 = specmemcore void @_ssdm_op_SpecMemCore, i16 %void_UpConv_Fused_Row_ap_uint_ap_uint_const_ap_uint_const_ap_uint_const_ap_u_6, i64 666, i64 31, i64 18446744073709551615" [../gen/Hls_Layers_UpConv.tpp:176]   --->   Operation 49 'specmemcore' 'specmemcore_ln176' <Predicate = true> <Delay = 0.00>
ST_8 : Operation 50 [1/1] (0.00ns)   --->   "%specmemcore_ln176 = specmemcore void @_ssdm_op_SpecMemCore, i16 %void_UpConv_Fused_Row_ap_uint_ap_uint_const_ap_uint_const_ap_uint_const_ap_u_7, i64 666, i64 31, i64 18446744073709551615" [../gen/Hls_Layers_UpConv.tpp:176]   --->   Operation 50 'specmemcore' 'specmemcore_ln176' <Predicate = true> <Delay = 0.00>
ST_8 : Operation 51 [1/1] (0.00ns)   --->   "%specmemcore_ln176 = specmemcore void @_ssdm_op_SpecMemCore, i16 %void_UpConv_Fused_Row_ap_uint_ap_uint_const_ap_uint_const_ap_uint_const_ap_u_8, i64 666, i64 31, i64 18446744073709551615" [../gen/Hls_Layers_UpConv.tpp:176]   --->   Operation 51 'specmemcore' 'specmemcore_ln176' <Predicate = true> <Delay = 0.00>
ST_8 : Operation 52 [1/1] (0.00ns)   --->   "%specmemcore_ln176 = specmemcore void @_ssdm_op_SpecMemCore, i16 %void_UpConv_Fused_Row_ap_uint_ap_uint_const_ap_uint_const_ap_uint_const_ap_u_9, i64 666, i64 31, i64 18446744073709551615" [../gen/Hls_Layers_UpConv.tpp:176]   --->   Operation 52 'specmemcore' 'specmemcore_ln176' <Predicate = true> <Delay = 0.00>
ST_8 : Operation 53 [1/1] (0.00ns)   --->   "%specmemcore_ln205 = specmemcore void @_ssdm_op_SpecMemCore, i256 %b_buf, i64 666, i64 30, i64 18446744073709551615" [../gen/Hls_Layers_UpConv.tpp:205]   --->   Operation 53 'specmemcore' 'specmemcore_ln205' <Predicate = true> <Delay = 0.00>
ST_8 : Operation 54 [1/1] (0.00ns)   --->   "%specmemcore_ln206 = specmemcore void @_ssdm_op_SpecMemCore, i256 %g_buf, i64 666, i64 30, i64 18446744073709551615" [../gen/Hls_Layers_UpConv.tpp:206]   --->   Operation 54 'specmemcore' 'specmemcore_ln206' <Predicate = true> <Delay = 0.00>
ST_8 : Operation 55 [1/1] (0.00ns)   --->   "%specmemcore_ln207 = specmemcore void @_ssdm_op_SpecMemCore, i256 %be_buf, i64 666, i64 30, i64 18446744073709551615" [../gen/Hls_Layers_UpConv.tpp:207]   --->   Operation 55 'specmemcore' 'specmemcore_ln207' <Predicate = true> <Delay = 0.00>
ST_8 : Operation 56 [1/1] (0.00ns)   --->   "%specmemcore_ln219 = specmemcore void @_ssdm_op_SpecMemCore, i32 %mean_buf, i64 666, i64 23, i64 18446744073709551615" [../gen/Hls_Layers_UpConv.tpp:219]   --->   Operation 56 'specmemcore' 'specmemcore_ln219' <Predicate = true> <Delay = 0.00>
ST_8 : Operation 57 [1/1] (0.00ns)   --->   "%specmemcore_ln220 = specmemcore void @_ssdm_op_SpecMemCore, i16 %inv_buf, i64 666, i64 23, i64 18446744073709551615" [../gen/Hls_Layers_UpConv.tpp:220]   --->   Operation 57 'specmemcore' 'specmemcore_ln220' <Predicate = true> <Delay = 0.00>
ST_8 : Operation 58 [1/2] (0.00ns)   --->   "%call_ln0 = call void @UpConv_Fused_Row<8, 16, 16, 960, 480>_Pipeline_PIXEL_NORM, i256 %g_buf, i256 %be_buf, i10 %mul4, i64 %Y_read, i256 %gmem_out, i32 %mean_buf, i16 %inv_buf, i16 %void_UpConv_Fused_Row_ap_uint_ap_uint_const_ap_uint_const_ap_uint_const_ap_u_9, i16 %void_UpConv_Fused_Row_ap_uint_ap_uint_const_ap_uint_const_ap_uint_const_ap_u_8, i16 %void_UpConv_Fused_Row_ap_uint_ap_uint_const_ap_uint_const_ap_uint_const_ap_u_7, i16 %void_UpConv_Fused_Row_ap_uint_ap_uint_const_ap_uint_const_ap_uint_const_ap_u_6, i16 %void_UpConv_Fused_Row_ap_uint_ap_uint_const_ap_uint_const_ap_uint_const_ap_u_5, i16 %void_UpConv_Fused_Row_ap_uint_ap_uint_const_ap_uint_const_ap_uint_const_ap_u_4, i16 %void_UpConv_Fused_Row_ap_uint_ap_uint_const_ap_uint_const_ap_uint_const_ap_u_3, i16 %void_UpConv_Fused_Row_ap_uint_ap_uint_const_ap_uint_const_ap_uint_const_ap_u_2, i16 %void_UpConv_Fused_Row_ap_uint_ap_uint_const_ap_uint_const_ap_uint_const_ap_u_1, i16 %void_UpConv_Fused_Row_ap_uint_ap_uint_const_ap_uint_const_ap_uint_const_ap_u, i16 %p_ZZ16UpConv_Fused_RowILi8ELi16ELi16ELi960ELi480EEvP7ap_uintILi256EEPKS1_S4_S4_S4_5, i16 %p_ZZ16UpConv_Fused_RowILi8ELi16ELi16ELi960ELi480EEvP7ap_uintILi256EEPKS1_S4_S4_S4_4, i16 %p_ZZ16UpConv_Fused_RowILi8ELi16ELi16ELi960ELi480EEvP7ap_uintILi256EEPKS1_S4_S4_S4_3, i16 %p_ZZ16UpConv_Fused_RowILi8ELi16ELi16ELi960ELi480EEvP7ap_uintILi256EEPKS1_S4_S4_S4_2, i16 %p_ZZ16UpConv_Fused_RowILi8ELi16ELi16ELi960ELi480EEvP7ap_uintILi256EEPKS1_S4_S4_S4_1, i16 %p_ZZ16UpConv_Fused_RowILi8ELi16ELi16ELi960ELi480EEvP7ap_uintILi256EEPKS1_S4_S4_S4"   --->   Operation 58 'call' 'call_ln0' <Predicate = true> <Delay = 0.00> <CoreType = "Generic">   --->   Generic Core
ST_8 : Operation 59 [1/1] (0.00ns)   --->   "%ret_ln276 = ret" [../gen/Hls_Layers_UpConv.tpp:276]   --->   Operation 59 'ret' 'ret_ln276' <Predicate = true> <Delay = 0.00>


============================================================
+ Verbose Summary: Binding
============================================================
STG Binding: 
---------------- STG Properties BEGIN ----------------
- Is combinational: 0
- Is one-state seq: 0
- Is datapath-only: 0
- Is pipelined: 0
- Is top level: 0
Port [ Return ] is wired: 1; IO mode=ap_ctrl_hs:ce=0
Port [ gmem_weight]:  wired=1; compound=1; hidden=0; nouse=0; global=0; static=0; extern=0; dir=0; type=4; pingpong=0; private_global=0; IO mode=m_axi:ce=0
Port [ W_ptr]:  wired=1; compound=0; hidden=0; nouse=0; global=0; static=0; extern=0; dir=0; type=0; pingpong=0; private_global=0; IO mode=ap_none:ce=0
Port [ gmem_param]:  wired=1; compound=1; hidden=0; nouse=0; global=0; static=0; extern=0; dir=0; type=4; pingpong=0; private_global=0; IO mode=m_axi:ce=0
Port [ B_ptr]:  wired=1; compound=0; hidden=0; nouse=0; global=0; static=0; extern=0; dir=0; type=0; pingpong=0; private_global=0; IO mode=ap_none:ce=0
Port [ G_ptr]:  wired=1; compound=0; hidden=0; nouse=0; global=0; static=0; extern=0; dir=0; type=0; pingpong=0; private_global=0; IO mode=ap_none:ce=0
Port [ BE_ptr]:  wired=1; compound=0; hidden=0; nouse=0; global=0; static=0; extern=0; dir=0; type=0; pingpong=0; private_global=0; IO mode=ap_none:ce=0
Port [ gmem_out]:  wired=1; compound=1; hidden=0; nouse=0; global=0; static=0; extern=0; dir=1; type=4; pingpong=0; private_global=0; IO mode=m_axi:ce=0
Port [ Y]:  wired=1; compound=0; hidden=0; nouse=0; global=0; static=0; extern=0; dir=0; type=0; pingpong=0; private_global=0; IO mode=ap_none:ce=0
Port [ epsilon]:  wired=1; compound=0; hidden=0; nouse=0; global=0; static=0; extern=0; dir=0; type=0; pingpong=0; private_global=0; IO mode=ap_none:ce=0
Port [ ho]:  wired=1; compound=0; hidden=0; nouse=0; global=0; static=0; extern=0; dir=0; type=0; pingpong=0; private_global=0; IO mode=ap_none:ce=0
Port [ void_UpConv_Fused_Row_ap_uint_ap_uint_const_ap_uint_const_ap_uint_const_ap_u_9]:  wired=0; compound=1; hidden=1; nouse=0; global=1; static=1; extern=0; dir=2; type=1; pingpong=0; private_global=1; MemPort=[21]; IO mode=ap_memory:ce=0
Port [ void_UpConv_Fused_Row_ap_uint_ap_uint_const_ap_uint_const_ap_uint_const_ap_u_8]:  wired=0; compound=1; hidden=1; nouse=0; global=1; static=1; extern=0; dir=2; type=1; pingpong=0; private_global=1; MemPort=[21]; IO mode=ap_memory:ce=0
Port [ void_UpConv_Fused_Row_ap_uint_ap_uint_const_ap_uint_const_ap_uint_const_ap_u_7]:  wired=0; compound=1; hidden=1; nouse=0; global=1; static=1; extern=0; dir=2; type=1; pingpong=0; private_global=1; MemPort=[21]; IO mode=ap_memory:ce=0
Port [ void_UpConv_Fused_Row_ap_uint_ap_uint_const_ap_uint_const_ap_uint_const_ap_u_6]:  wired=0; compound=1; hidden=1; nouse=0; global=1; static=1; extern=0; dir=2; type=1; pingpong=0; private_global=1; MemPort=[21]; IO mode=ap_memory:ce=0
Port [ void_UpConv_Fused_Row_ap_uint_ap_uint_const_ap_uint_const_ap_uint_const_ap_u_5]:  wired=0; compound=1; hidden=1; nouse=0; global=1; static=1; extern=0; dir=2; type=1; pingpong=0; private_global=1; MemPort=[21]; IO mode=ap_memory:ce=0
Port [ void_UpConv_Fused_Row_ap_uint_ap_uint_const_ap_uint_const_ap_uint_const_ap_u_4]:  wired=0; compound=1; hidden=1; nouse=0; global=1; static=1; extern=0; dir=2; type=1; pingpong=0; private_global=1; MemPort=[21]; IO mode=ap_memory:ce=0
Port [ void_UpConv_Fused_Row_ap_uint_ap_uint_const_ap_uint_const_ap_uint_const_ap_u_3]:  wired=0; compound=1; hidden=1; nouse=0; global=1; static=1; extern=0; dir=2; type=1; pingpong=0; private_global=1; MemPort=[21]; IO mode=ap_memory:ce=0
Port [ void_UpConv_Fused_Row_ap_uint_ap_uint_const_ap_uint_const_ap_uint_const_ap_u_2]:  wired=0; compound=1; hidden=1; nouse=0; global=1; static=1; extern=0; dir=2; type=1; pingpong=0; private_global=1; MemPort=[21]; IO mode=ap_memory:ce=0
Port [ void_UpConv_Fused_Row_ap_uint_ap_uint_const_ap_uint_const_ap_uint_const_ap_u_1]:  wired=0; compound=1; hidden=1; nouse=0; global=1; static=1; extern=0; dir=2; type=1; pingpong=0; private_global=1; MemPort=[21]; IO mode=ap_memory:ce=0
Port [ void_UpConv_Fused_Row_ap_uint_ap_uint_const_ap_uint_const_ap_uint_const_ap_u]:  wired=0; compound=1; hidden=1; nouse=0; global=1; static=1; extern=0; dir=2; type=1; pingpong=0; private_global=1; MemPort=[21]; IO mode=ap_memory:ce=0
Port [ p_ZZ16UpConv_Fused_RowILi8ELi16ELi16ELi960ELi480EEvP7ap_uintILi256EEPKS1_S4_S4_S4_5]:  wired=0; compound=1; hidden=1; nouse=0; global=1; static=1; extern=0; dir=2; type=1; pingpong=0; private_global=1; MemPort=[21]; IO mode=ap_memory:ce=0
Port [ p_ZZ16UpConv_Fused_RowILi8ELi16ELi16ELi960ELi480EEvP7ap_uintILi256EEPKS1_S4_S4_S4_4]:  wired=0; compound=1; hidden=1; nouse=0; global=1; static=1; extern=0; dir=2; type=1; pingpong=0; private_global=1; MemPort=[21]; IO mode=ap_memory:ce=0
Port [ p_ZZ16UpConv_Fused_RowILi8ELi16ELi16ELi960ELi480EEvP7ap_uintILi256EEPKS1_S4_S4_S4_3]:  wired=0; compound=1; hidden=1; nouse=0; global=1; static=1; extern=0; dir=2; type=1; pingpong=0; private_global=1; MemPort=[21]; IO mode=ap_memory:ce=0
Port [ p_ZZ16UpConv_Fused_RowILi8ELi16ELi16ELi960ELi480EEvP7ap_uintILi256EEPKS1_S4_S4_S4_2]:  wired=0; compound=1; hidden=1; nouse=0; global=1; static=1; extern=0; dir=2; type=1; pingpong=0; private_global=1; MemPort=[21]; IO mode=ap_memory:ce=0
Port [ p_ZZ16UpConv_Fused_RowILi8ELi16ELi16ELi960ELi480EEvP7ap_uintILi256EEPKS1_S4_S4_S4_1]:  wired=0; compound=1; hidden=1; nouse=0; global=1; static=1; extern=0; dir=2; type=1; pingpong=0; private_global=1; MemPort=[21]; IO mode=ap_memory:ce=0
Port [ p_ZZ16UpConv_Fused_RowILi8ELi16ELi16ELi960ELi480EEvP7ap_uintILi256EEPKS1_S4_S4_S4]:  wired=0; compound=1; hidden=1; nouse=0; global=1; static=1; extern=0; dir=2; type=1; pingpong=0; private_global=1; MemPort=[21]; IO mode=ap_memory:ce=0
Port [ x_buf]:  wired=1; compound=1; hidden=0; nouse=0; global=1; static=1; extern=0; dir=0; type=1; pingpong=0; private_global=0; MemPort=[13]; IO mode=ap_memory:ce=0
Port [ mean_buf]:  wired=0; compound=1; hidden=1; nouse=0; global=1; static=1; extern=0; dir=2; type=1; pingpong=0; private_global=1; MemPort=[10]; IO mode=ap_memory:ce=0
Port [ inv_buf]:  wired=0; compound=1; hidden=1; nouse=0; global=1; static=1; extern=0; dir=2; type=1; pingpong=0; private_global=1; MemPort=[10]; IO mode=ap_memory:ce=0
---------------- STG Properties END ------------------

---------------- Datapath Model BEGIN ----------------

<LifeTime>
<method=bitvector/>
BE_ptr_read       (read          ) [ 000000000]
G_ptr_read        (read          ) [ 000000000]
B_ptr_read        (read          ) [ 000000000]
b_buf             (alloca        ) [ 001111111]
g_buf             (alloca        ) [ 001111111]
be_buf            (alloca        ) [ 001111111]
trunc_ln          (partselect    ) [ 001000000]
trunc_ln209_1     (partselect    ) [ 001000000]
trunc_ln209_2     (partselect    ) [ 001000000]
call_ln0          (call          ) [ 000000000]
call_ln209        (call          ) [ 000000000]
ho_read           (read          ) [ 000011110]
epsilon_read      (read          ) [ 000010000]
W_ptr_read        (read          ) [ 000010000]
call_ln0          (call          ) [ 000000000]
conv1             (hptosp        ) [ 000001100]
call_ln0          (call          ) [ 000000000]
Y_read            (read          ) [ 000000001]
mul4              (bitconcatenate) [ 000000001]
specinterface_ln0 (specinterface ) [ 000000000]
specinterface_ln0 (specinterface ) [ 000000000]
specinterface_ln0 (specinterface ) [ 000000000]
specmemcore_ln176 (specmemcore   ) [ 000000000]
specmemcore_ln176 (specmemcore   ) [ 000000000]
specmemcore_ln176 (specmemcore   ) [ 000000000]
specmemcore_ln176 (specmemcore   ) [ 000000000]
specmemcore_ln176 (specmemcore   ) [ 000000000]
specmemcore_ln176 (specmemcore   ) [ 000000000]
specmemcore_ln176 (specmemcore   ) [ 000000000]
specmemcore_ln176 (specmemcore   ) [ 000000000]
specmemcore_ln176 (specmemcore   ) [ 000000000]
specmemcore_ln176 (specmemcore   ) [ 000000000]
specmemcore_ln176 (specmemcore   ) [ 000000000]
specmemcore_ln176 (specmemcore   ) [ 000000000]
specmemcore_ln176 (specmemcore   ) [ 000000000]
specmemcore_ln176 (specmemcore   ) [ 000000000]
specmemcore_ln176 (specmemcore   ) [ 000000000]
specmemcore_ln176 (specmemcore   ) [ 000000000]
specmemcore_ln205 (specmemcore   ) [ 000000000]
specmemcore_ln206 (specmemcore   ) [ 000000000]
specmemcore_ln207 (specmemcore   ) [ 000000000]
specmemcore_ln219 (specmemcore   ) [ 000000000]
specmemcore_ln220 (specmemcore   ) [ 000000000]
call_ln0          (call          ) [ 000000000]
ret_ln276         (ret           ) [ 000000000]
</LifeTime>

<model>

<comp_list>
<comp id="0" class="1000" name="gmem_weight">
<pin_list>
<pin id="1" dir="1" index="0" bw="1" slack="0"/>
</pin_list>
<bind>
<StgValue><ssdm name="gmem_weight"/><MemPortTyVec>0 </MemPortTyVec>
</StgValue>
</bind>
</comp>

<comp id="2" class="1000" name="W_ptr">
<pin_list>
<pin id="3" dir="1" index="0" bw="1" slack="0"/>
</pin_list>
<bind>
<StgValue><ssdm name="W_ptr"/></StgValue>
</bind>
</comp>

<comp id="4" class="1000" name="gmem_param">
<pin_list>
<pin id="5" dir="1" index="0" bw="1" slack="0"/>
</pin_list>
<bind>
<StgValue><ssdm name="gmem_param"/><MemPortTyVec>0 </MemPortTyVec>
</StgValue>
</bind>
</comp>

<comp id="6" class="1000" name="B_ptr">
<pin_list>
<pin id="7" dir="1" index="0" bw="1" slack="0"/>
</pin_list>
<bind>
<StgValue><ssdm name="B_ptr"/></StgValue>
</bind>
</comp>

<comp id="8" class="1000" name="G_ptr">
<pin_list>
<pin id="9" dir="1" index="0" bw="1" slack="0"/>
</pin_list>
<bind>
<StgValue><ssdm name="G_ptr"/></StgValue>
</bind>
</comp>

<comp id="10" class="1000" name="BE_ptr">
<pin_list>
<pin id="11" dir="1" index="0" bw="1" slack="0"/>
</pin_list>
<bind>
<StgValue><ssdm name="BE_ptr"/></StgValue>
</bind>
</comp>

<comp id="12" class="1000" name="gmem_out">
<pin_list>
<pin id="13" dir="1" index="0" bw="1" slack="0"/>
</pin_list>
<bind>
<StgValue><ssdm name="gmem_out"/><MemPortTyVec>1 </MemPortTyVec>
</StgValue>
</bind>
</comp>

<comp id="14" class="1000" name="Y">
<pin_list>
<pin id="15" dir="1" index="0" bw="1" slack="0"/>
</pin_list>
<bind>
<StgValue><ssdm name="Y"/></StgValue>
</bind>
</comp>

<comp id="16" class="1000" name="epsilon">
<pin_list>
<pin id="17" dir="1" index="0" bw="1" slack="0"/>
</pin_list>
<bind>
<StgValue><ssdm name="epsilon"/></StgValue>
</bind>
</comp>

<comp id="18" class="1000" name="ho">
<pin_list>
<pin id="19" dir="1" index="0" bw="1" slack="0"/>
</pin_list>
<bind>
<StgValue><ssdm name="ho"/></StgValue>
</bind>
</comp>

<comp id="20" class="1000" name="void_UpConv_Fused_Row_ap_uint_ap_uint_const_ap_uint_const_ap_uint_const_ap_u_9">
<pin_list>
<pin id="21" dir="1" index="0" bw="1" slack="0"/>
</pin_list>
<bind>
<StgValue><ssdm name="void_UpConv_Fused_Row_ap_uint_ap_uint_const_ap_uint_const_ap_uint_const_ap_u_9"/><MemPortTyVec>2 1 </MemPortTyVec>
</StgValue>
</bind>
</comp>

<comp id="22" class="1000" name="void_UpConv_Fused_Row_ap_uint_ap_uint_const_ap_uint_const_ap_uint_const_ap_u_8">
<pin_list>
<pin id="23" dir="1" index="0" bw="1" slack="0"/>
</pin_list>
<bind>
<StgValue><ssdm name="void_UpConv_Fused_Row_ap_uint_ap_uint_const_ap_uint_const_ap_uint_const_ap_u_8"/><MemPortTyVec>2 1 </MemPortTyVec>
</StgValue>
</bind>
</comp>

<comp id="24" class="1000" name="void_UpConv_Fused_Row_ap_uint_ap_uint_const_ap_uint_const_ap_uint_const_ap_u_7">
<pin_list>
<pin id="25" dir="1" index="0" bw="1" slack="0"/>
</pin_list>
<bind>
<StgValue><ssdm name="void_UpConv_Fused_Row_ap_uint_ap_uint_const_ap_uint_const_ap_uint_const_ap_u_7"/><MemPortTyVec>2 1 </MemPortTyVec>
</StgValue>
</bind>
</comp>

<comp id="26" class="1000" name="void_UpConv_Fused_Row_ap_uint_ap_uint_const_ap_uint_const_ap_uint_const_ap_u_6">
<pin_list>
<pin id="27" dir="1" index="0" bw="1" slack="0"/>
</pin_list>
<bind>
<StgValue><ssdm name="void_UpConv_Fused_Row_ap_uint_ap_uint_const_ap_uint_const_ap_uint_const_ap_u_6"/><MemPortTyVec>2 1 </MemPortTyVec>
</StgValue>
</bind>
</comp>

<comp id="28" class="1000" name="void_UpConv_Fused_Row_ap_uint_ap_uint_const_ap_uint_const_ap_uint_const_ap_u_5">
<pin_list>
<pin id="29" dir="1" index="0" bw="1" slack="0"/>
</pin_list>
<bind>
<StgValue><ssdm name="void_UpConv_Fused_Row_ap_uint_ap_uint_const_ap_uint_const_ap_uint_const_ap_u_5"/><MemPortTyVec>2 1 </MemPortTyVec>
</StgValue>
</bind>
</comp>

<comp id="30" class="1000" name="void_UpConv_Fused_Row_ap_uint_ap_uint_const_ap_uint_const_ap_uint_const_ap_u_4">
<pin_list>
<pin id="31" dir="1" index="0" bw="1" slack="0"/>
</pin_list>
<bind>
<StgValue><ssdm name="void_UpConv_Fused_Row_ap_uint_ap_uint_const_ap_uint_const_ap_uint_const_ap_u_4"/><MemPortTyVec>2 1 </MemPortTyVec>
</StgValue>
</bind>
</comp>

<comp id="32" class="1000" name="void_UpConv_Fused_Row_ap_uint_ap_uint_const_ap_uint_const_ap_uint_const_ap_u_3">
<pin_list>
<pin id="33" dir="1" index="0" bw="1" slack="0"/>
</pin_list>
<bind>
<StgValue><ssdm name="void_UpConv_Fused_Row_ap_uint_ap_uint_const_ap_uint_const_ap_uint_const_ap_u_3"/><MemPortTyVec>2 1 </MemPortTyVec>
</StgValue>
</bind>
</comp>

<comp id="34" class="1000" name="void_UpConv_Fused_Row_ap_uint_ap_uint_const_ap_uint_const_ap_uint_const_ap_u_2">
<pin_list>
<pin id="35" dir="1" index="0" bw="1" slack="0"/>
</pin_list>
<bind>
<StgValue><ssdm name="void_UpConv_Fused_Row_ap_uint_ap_uint_const_ap_uint_const_ap_uint_const_ap_u_2"/><MemPortTyVec>2 1 </MemPortTyVec>
</StgValue>
</bind>
</comp>

<comp id="36" class="1000" name="void_UpConv_Fused_Row_ap_uint_ap_uint_const_ap_uint_const_ap_uint_const_ap_u_1">
<pin_list>
<pin id="37" dir="1" index="0" bw="1" slack="0"/>
</pin_list>
<bind>
<StgValue><ssdm name="void_UpConv_Fused_Row_ap_uint_ap_uint_const_ap_uint_const_ap_uint_const_ap_u_1"/><MemPortTyVec>2 1 </MemPortTyVec>
</StgValue>
</bind>
</comp>

<comp id="38" class="1000" name="void_UpConv_Fused_Row_ap_uint_ap_uint_const_ap_uint_const_ap_uint_const_ap_u">
<pin_list>
<pin id="39" dir="1" index="0" bw="1" slack="0"/>
</pin_list>
<bind>
<StgValue><ssdm name="void_UpConv_Fused_Row_ap_uint_ap_uint_const_ap_uint_const_ap_uint_const_ap_u"/><MemPortTyVec>2 1 </MemPortTyVec>
</StgValue>
</bind>
</comp>

<comp id="40" class="1000" name="p_ZZ16UpConv_Fused_RowILi8ELi16ELi16ELi960ELi480EEvP7ap_uintILi256EEPKS1_S4_S4_S4_5">
<pin_list>
<pin id="41" dir="1" index="0" bw="1" slack="0"/>
</pin_list>
<bind>
<StgValue><ssdm name="p_ZZ16UpConv_Fused_RowILi8ELi16ELi16ELi960ELi480EEvP7ap_uintILi256EEPKS1_S4_S4_S4_5"/><MemPortTyVec>2 1 </MemPortTyVec>
</StgValue>
</bind>
</comp>

<comp id="42" class="1000" name="p_ZZ16UpConv_Fused_RowILi8ELi16ELi16ELi960ELi480EEvP7ap_uintILi256EEPKS1_S4_S4_S4_4">
<pin_list>
<pin id="43" dir="1" index="0" bw="1" slack="0"/>
</pin_list>
<bind>
<StgValue><ssdm name="p_ZZ16UpConv_Fused_RowILi8ELi16ELi16ELi960ELi480EEvP7ap_uintILi256EEPKS1_S4_S4_S4_4"/><MemPortTyVec>2 1 </MemPortTyVec>
</StgValue>
</bind>
</comp>

<comp id="44" class="1000" name="p_ZZ16UpConv_Fused_RowILi8ELi16ELi16ELi960ELi480EEvP7ap_uintILi256EEPKS1_S4_S4_S4_3">
<pin_list>
<pin id="45" dir="1" index="0" bw="1" slack="0"/>
</pin_list>
<bind>
<StgValue><ssdm name="p_ZZ16UpConv_Fused_RowILi8ELi16ELi16ELi960ELi480EEvP7ap_uintILi256EEPKS1_S4_S4_S4_3"/><MemPortTyVec>2 1 </MemPortTyVec>
</StgValue>
</bind>
</comp>

<comp id="46" class="1000" name="p_ZZ16UpConv_Fused_RowILi8ELi16ELi16ELi960ELi480EEvP7ap_uintILi256EEPKS1_S4_S4_S4_2">
<pin_list>
<pin id="47" dir="1" index="0" bw="1" slack="0"/>
</pin_list>
<bind>
<StgValue><ssdm name="p_ZZ16UpConv_Fused_RowILi8ELi16ELi16ELi960ELi480EEvP7ap_uintILi256EEPKS1_S4_S4_S4_2"/><MemPortTyVec>2 1 </MemPortTyVec>
</StgValue>
</bind>
</comp>

<comp id="48" class="1000" name="p_ZZ16UpConv_Fused_RowILi8ELi16ELi16ELi960ELi480EEvP7ap_uintILi256EEPKS1_S4_S4_S4_1">
<pin_list>
<pin id="49" dir="1" index="0" bw="1" slack="0"/>
</pin_list>
<bind>
<StgValue><ssdm name="p_ZZ16UpConv_Fused_RowILi8ELi16ELi16ELi960ELi480EEvP7ap_uintILi256EEPKS1_S4_S4_S4_1"/><MemPortTyVec>2 1 </MemPortTyVec>
</StgValue>
</bind>
</comp>

<comp id="50" class="1000" name="p_ZZ16UpConv_Fused_RowILi8ELi16ELi16ELi960ELi480EEvP7ap_uintILi256EEPKS1_S4_S4_S4">
<pin_list>
<pin id="51" dir="1" index="0" bw="1" slack="0"/>
</pin_list>
<bind>
<StgValue><ssdm name="p_ZZ16UpConv_Fused_RowILi8ELi16ELi16ELi960ELi480EEvP7ap_uintILi256EEPKS1_S4_S4_S4"/><MemPortTyVec>2 1 </MemPortTyVec>
</StgValue>
</bind>
</comp>

<comp id="52" class="1000" name="x_buf">
<pin_list>
<pin id="53" dir="1" index="0" bw="1" slack="0"/>
</pin_list>
<bind>
<StgValue><ssdm name="x_buf"/><MemPortTyVec>1 3 </MemPortTyVec>
</StgValue>
</bind>
</comp>

<comp id="54" class="1000" name="mean_buf">
<pin_list>
<pin id="55" dir="1" index="0" bw="1" slack="0"/>
</pin_list>
<bind>
<StgValue><ssdm name="mean_buf"/><MemPortTyVec>1 0 </MemPortTyVec>
</StgValue>
</bind>
</comp>

<comp id="56" class="1000" name="inv_buf">
<pin_list>
<pin id="57" dir="1" index="0" bw="1" slack="0"/>
</pin_list>
<bind>
<StgValue><ssdm name="inv_buf"/><MemPortTyVec>1 0 </MemPortTyVec>
</StgValue>
</bind>
</comp>

<comp id="58" class="1001" name="const_58">
<pin_list>
<pin id="59" dir="1" index="0" bw="1" slack="0"/>
</pin_list>
<bind>
<StgValue><ssdm name="_ssdm_op_Read.ap_auto.i64"/></StgValue>
</bind>
</comp>

<comp id="60" class="1001" name="const_60">
<pin_list>
<pin id="61" dir="1" index="0" bw="1" slack="0"/>
</pin_list>
<bind>
<StgValue><ssdm name=""/></StgValue>
</bind>
</comp>

<comp id="62" class="1001" name="const_62">
<pin_list>
<pin id="63" dir="1" index="0" bw="1" slack="0"/>
</pin_list>
<bind>
<StgValue><ssdm name="UpConv_Fused_Row<8, 16, 16, 960, 480>_Pipeline_RESET_ROW_ACC"/></StgValue>
</bind>
</comp>

<comp id="64" class="1001" name="const_64">
<pin_list>
<pin id="65" dir="1" index="0" bw="1" slack="0"/>
</pin_list>
<bind>
<StgValue><ssdm name="_ssdm_op_PartSelect.i59.i64.i32.i32"/></StgValue>
</bind>
</comp>

<comp id="66" class="1001" name="const_66">
<pin_list>
<pin id="67" dir="1" index="0" bw="1" slack="0"/>
</pin_list>
<bind>
<StgValue><ssdm name=""/></StgValue>
</bind>
</comp>

<comp id="68" class="1001" name="const_68">
<pin_list>
<pin id="69" dir="1" index="0" bw="1" slack="0"/>
</pin_list>
<bind>
<StgValue><ssdm name=""/></StgValue>
</bind>
</comp>

<comp id="70" class="1001" name="const_70">
<pin_list>
<pin id="71" dir="1" index="0" bw="1" slack="0"/>
</pin_list>
<bind>
<StgValue><ssdm name="UpConv_Fused_Row<8, 16, 16, 960, 480>_Pipeline_LOAD_PARAMS"/></StgValue>
</bind>
</comp>

<comp id="72" class="1001" name="const_72">
<pin_list>
<pin id="73" dir="1" index="0" bw="1" slack="0"/>
</pin_list>
<bind>
<StgValue><ssdm name="_ssdm_op_Read.ap_auto.i5"/></StgValue>
</bind>
</comp>

<comp id="74" class="1001" name="const_74">
<pin_list>
<pin id="75" dir="1" index="0" bw="1" slack="0"/>
</pin_list>
<bind>
<StgValue><ssdm name="_ssdm_op_Read.ap_auto.half"/></StgValue>
</bind>
</comp>

<comp id="76" class="1001" name="const_76">
<pin_list>
<pin id="77" dir="1" index="0" bw="1" slack="0"/>
</pin_list>
<bind>
<StgValue><ssdm name="dataflow_parent_loop_proc"/></StgValue>
</bind>
</comp>

<comp id="78" class="1001" name="const_78">
<pin_list>
<pin id="79" dir="1" index="0" bw="1" slack="0"/>
</pin_list>
<bind>
<StgValue><ssdm name="UpConv_Fused_Row<8, 16, 16, 960, 480>_Pipeline_PIXEL_STATS"/></StgValue>
</bind>
</comp>

<comp id="80" class="1001" name="const_80">
<pin_list>
<pin id="81" dir="1" index="0" bw="1" slack="0"/>
</pin_list>
<bind>
<StgValue><ssdm name="_ssdm_op_BitConcatenate.i10.i5.i5"/></StgValue>
</bind>
</comp>

<comp id="82" class="1001" name="const_82">
<pin_list>
<pin id="83" dir="1" index="0" bw="1" slack="0"/>
</pin_list>
<bind>
<StgValue><ssdm name=""/></StgValue>
</bind>
</comp>

<comp id="84" class="1001" name="const_84">
<pin_list>
<pin id="85" dir="1" index="0" bw="1" slack="0"/>
</pin_list>
<bind>
<StgValue><ssdm name="UpConv_Fused_Row<8, 16, 16, 960, 480>_Pipeline_PIXEL_NORM"/></StgValue>
</bind>
</comp>

<comp id="86" class="1001" name="const_86">
<pin_list>
<pin id="87" dir="1" index="0" bw="1" slack="2147483647"/>
</pin_list>
<bind>
<StgValue><ssdm name="_ssdm_op_SpecInterface"/></StgValue>
</bind>
</comp>

<comp id="88" class="1001" name="const_88">
<pin_list>
<pin id="89" dir="1" index="0" bw="1" slack="2147483647"/>
</pin_list>
<bind>
<StgValue><ssdm name="empty_109"/></StgValue>
</bind>
</comp>

<comp id="90" class="1001" name="const_90">
<pin_list>
<pin id="91" dir="1" index="0" bw="1" slack="2147483647"/>
</pin_list>
<bind>
<StgValue><ssdm name=""/></StgValue>
</bind>
</comp>

<comp id="92" class="1001" name="const_92">
<pin_list>
<pin id="93" dir="1" index="0" bw="1" slack="2147483647"/>
</pin_list>
<bind>
<StgValue><ssdm name="empty_65"/></StgValue>
</bind>
</comp>

<comp id="94" class="1001" name="const_94">
<pin_list>
<pin id="95" dir="1" index="0" bw="1" slack="2147483647"/>
</pin_list>
<bind>
<StgValue><ssdm name="empty_136"/></StgValue>
</bind>
</comp>

<comp id="96" class="1001" name="const_96">
<pin_list>
<pin id="97" dir="1" index="0" bw="1" slack="2147483647"/>
</pin_list>
<bind>
<StgValue><ssdm name="empty_67"/></StgValue>
</bind>
</comp>

<comp id="98" class="1001" name="const_98">
<pin_list>
<pin id="99" dir="1" index="0" bw="1" slack="2147483647"/>
</pin_list>
<bind>
<StgValue><ssdm name=""/></StgValue>
</bind>
</comp>

<comp id="100" class="1001" name="const_100">
<pin_list>
<pin id="101" dir="1" index="0" bw="1" slack="2147483647"/>
</pin_list>
<bind>
<StgValue><ssdm name=""/></StgValue>
</bind>
</comp>

<comp id="102" class="1001" name="const_102">
<pin_list>
<pin id="103" dir="1" index="0" bw="1" slack="2147483647"/>
</pin_list>
<bind>
<StgValue><ssdm name=""/></StgValue>
</bind>
</comp>

<comp id="104" class="1001" name="const_104">
<pin_list>
<pin id="105" dir="1" index="0" bw="1" slack="2147483647"/>
</pin_list>
<bind>
<StgValue><ssdm name="empty_118"/></StgValue>
</bind>
</comp>

<comp id="106" class="1001" name="const_106">
<pin_list>
<pin id="107" dir="1" index="0" bw="1" slack="2147483647"/>
</pin_list>
<bind>
<StgValue><ssdm name="empty_134"/></StgValue>
</bind>
</comp>

<comp id="108" class="1001" name="const_108">
<pin_list>
<pin id="109" dir="1" index="0" bw="1" slack="2147483647"/>
</pin_list>
<bind>
<StgValue><ssdm name="_ssdm_op_SpecMemCore"/></StgValue>
</bind>
</comp>

<comp id="110" class="1001" name="const_110">
<pin_list>
<pin id="111" dir="1" index="0" bw="1" slack="2147483647"/>
</pin_list>
<bind>
<StgValue><ssdm name=""/></StgValue>
</bind>
</comp>

<comp id="112" class="1001" name="const_112">
<pin_list>
<pin id="113" dir="1" index="0" bw="1" slack="2147483647"/>
</pin_list>
<bind>
<StgValue><ssdm name=""/></StgValue>
</bind>
</comp>

<comp id="114" class="1001" name="const_114">
<pin_list>
<pin id="115" dir="1" index="0" bw="1" slack="2147483647"/>
</pin_list>
<bind>
<StgValue><ssdm name=""/></StgValue>
</bind>
</comp>

<comp id="116" class="1001" name="const_116">
<pin_list>
<pin id="117" dir="1" index="0" bw="1" slack="2147483647"/>
</pin_list>
<bind>
<StgValue><ssdm name=""/></StgValue>
</bind>
</comp>

<comp id="118" class="1001" name="const_118">
<pin_list>
<pin id="119" dir="1" index="0" bw="1" slack="2147483647"/>
</pin_list>
<bind>
<StgValue><ssdm name=""/></StgValue>
</bind>
</comp>

<comp id="120" class="1004" name="b_buf_alloca_fu_120">
<pin_list>
<pin id="121" dir="0" index="0" bw="1" slack="0"/>
<pin id="122" dir="1" index="1" bw="256" slack="0"/>
</pin_list>
<bind>
<opcode="alloca(26) " fcode="alloca"/>
<opset="b_buf/1 "/>
</bind>
</comp>

<comp id="124" class="1004" name="g_buf_alloca_fu_124">
<pin_list>
<pin id="125" dir="0" index="0" bw="1" slack="0"/>
<pin id="126" dir="1" index="1" bw="256" slack="0"/>
</pin_list>
<bind>
<opcode="alloca(26) " fcode="alloca"/>
<opset="g_buf/1 "/>
</bind>
</comp>

<comp id="128" class="1004" name="be_buf_alloca_fu_128">
<pin_list>
<pin id="129" dir="0" index="0" bw="1" slack="0"/>
<pin id="130" dir="1" index="1" bw="256" slack="0"/>
</pin_list>
<bind>
<opcode="alloca(26) " fcode="alloca"/>
<opset="be_buf/1 "/>
</bind>
</comp>

<comp id="132" class="1004" name="BE_ptr_read_read_fu_132">
<pin_list>
<pin id="133" dir="0" index="0" bw="64" slack="0"/>
<pin id="134" dir="0" index="1" bw="64" slack="0"/>
<pin id="135" dir="1" index="2" bw="64" slack="0"/>
</pin_list>
<bind>
<opcode="read(1150) " fcode="read"/>
<opset="BE_ptr_read/1 "/>
</bind>
</comp>

<comp id="138" class="1004" name="G_ptr_read_read_fu_138">
<pin_list>
<pin id="139" dir="0" index="0" bw="64" slack="0"/>
<pin id="140" dir="0" index="1" bw="64" slack="0"/>
<pin id="141" dir="1" index="2" bw="64" slack="0"/>
</pin_list>
<bind>
<opcode="read(1150) " fcode="read"/>
<opset="G_ptr_read/1 "/>
</bind>
</comp>

<comp id="144" class="1004" name="B_ptr_read_read_fu_144">
<pin_list>
<pin id="145" dir="0" index="0" bw="64" slack="0"/>
<pin id="146" dir="0" index="1" bw="64" slack="0"/>
<pin id="147" dir="1" index="2" bw="64" slack="0"/>
</pin_list>
<bind>
<opcode="read(1150) " fcode="read"/>
<opset="B_ptr_read/1 "/>
</bind>
</comp>

<comp id="150" class="1004" name="ho_read_read_fu_150">
<pin_list>
<pin id="151" dir="0" index="0" bw="5" slack="0"/>
<pin id="152" dir="0" index="1" bw="5" slack="0"/>
<pin id="153" dir="1" index="2" bw="5" slack="0"/>
</pin_list>
<bind>
<opcode="read(1150) " fcode="read"/>
<opset="ho_read/3 "/>
</bind>
</comp>

<comp id="156" class="1004" name="epsilon_read_read_fu_156">
<pin_list>
<pin id="157" dir="0" index="0" bw="16" slack="0"/>
<pin id="158" dir="0" index="1" bw="16" slack="0"/>
<pin id="159" dir="1" index="2" bw="16" slack="0"/>
</pin_list>
<bind>
<opcode="read(1150) " fcode="read"/>
<opset="epsilon_read/3 "/>
</bind>
</comp>

<comp id="162" class="1004" name="W_ptr_read_read_fu_162">
<pin_list>
<pin id="163" dir="0" index="0" bw="64" slack="0"/>
<pin id="164" dir="0" index="1" bw="64" slack="0"/>
<pin id="165" dir="1" index="2" bw="64" slack="0"/>
</pin_list>
<bind>
<opcode="read(1150) " fcode="read"/>
<opset="W_ptr_read/3 "/>
</bind>
</comp>

<comp id="168" class="1004" name="Y_read_read_fu_168">
<pin_list>
<pin id="169" dir="0" index="0" bw="64" slack="0"/>
<pin id="170" dir="0" index="1" bw="64" slack="0"/>
<pin id="171" dir="1" index="2" bw="64" slack="0"/>
</pin_list>
<bind>
<opcode="read(1150) " fcode="read"/>
<opset="Y_read/7 "/>
</bind>
</comp>

<comp id="174" class="1004" name="grp_UpConv_Fused_Row_8_16_16_960_480_Pipeline_RESET_ROW_ACC_fu_174">
<pin_list>
<pin id="175" dir="0" index="0" bw="0" slack="0"/>
<pin id="176" dir="0" index="1" bw="16" slack="0"/>
<pin id="177" dir="0" index="2" bw="16" slack="0"/>
<pin id="178" dir="0" index="3" bw="16" slack="0"/>
<pin id="179" dir="0" index="4" bw="16" slack="0"/>
<pin id="180" dir="0" index="5" bw="16" slack="0"/>
<pin id="181" dir="0" index="6" bw="16" slack="0"/>
<pin id="182" dir="0" index="7" bw="16" slack="0"/>
<pin id="183" dir="0" index="8" bw="16" slack="0"/>
<pin id="184" dir="0" index="9" bw="16" slack="0"/>
<pin id="185" dir="0" index="10" bw="16" slack="0"/>
<pin id="186" dir="0" index="11" bw="16" slack="0"/>
<pin id="187" dir="0" index="12" bw="16" slack="0"/>
<pin id="188" dir="0" index="13" bw="16" slack="0"/>
<pin id="189" dir="0" index="14" bw="16" slack="0"/>
<pin id="190" dir="0" index="15" bw="16" slack="0"/>
<pin id="191" dir="0" index="16" bw="16" slack="0"/>
<pin id="192" dir="1" index="17" bw="0" slack="2147483647"/>
</pin_list>
<bind>
<opcode="call(48) " fcode="call"/>
<opset="call_ln0/1 "/>
</bind>
</comp>

<comp id="210" class="1004" name="grp_UpConv_Fused_Row_8_16_16_960_480_Pipeline_LOAD_PARAMS_fu_210">
<pin_list>
<pin id="211" dir="0" index="0" bw="0" slack="0"/>
<pin id="212" dir="0" index="1" bw="256" slack="0"/>
<pin id="213" dir="0" index="2" bw="59" slack="0"/>
<pin id="214" dir="0" index="3" bw="256" slack="0"/>
<pin id="215" dir="0" index="4" bw="256" slack="0"/>
<pin id="216" dir="0" index="5" bw="59" slack="0"/>
<pin id="217" dir="0" index="6" bw="256" slack="0"/>
<pin id="218" dir="0" index="7" bw="59" slack="0"/>
<pin id="219" dir="1" index="8" bw="0" slack="2147483647"/>
</pin_list>
<bind>
<opcode="call(48) " fcode="call"/>
<opset="call_ln209/1 "/>
</bind>
</comp>

<comp id="225" class="1004" name="grp_dataflow_parent_loop_proc_fu_225">
<pin_list>
<pin id="226" dir="0" index="0" bw="0" slack="0"/>
<pin id="227" dir="0" index="1" bw="256" slack="0"/>
<pin id="228" dir="0" index="2" bw="64" slack="0"/>
<pin id="229" dir="0" index="3" bw="5" slack="0"/>
<pin id="230" dir="0" index="4" bw="256" slack="0"/>
<pin id="231" dir="0" index="5" bw="16" slack="0"/>
<pin id="232" dir="0" index="6" bw="16" slack="0"/>
<pin id="233" dir="0" index="7" bw="16" slack="0"/>
<pin id="234" dir="0" index="8" bw="16" slack="0"/>
<pin id="235" dir="0" index="9" bw="16" slack="0"/>
<pin id="236" dir="0" index="10" bw="16" slack="0"/>
<pin id="237" dir="0" index="11" bw="16" slack="0"/>
<pin id="238" dir="0" index="12" bw="16" slack="0"/>
<pin id="239" dir="0" index="13" bw="16" slack="0"/>
<pin id="240" dir="0" index="14" bw="16" slack="0"/>
<pin id="241" dir="0" index="15" bw="16" slack="0"/>
<pin id="242" dir="0" index="16" bw="16" slack="0"/>
<pin id="243" dir="0" index="17" bw="16" slack="0"/>
<pin id="244" dir="0" index="18" bw="16" slack="0"/>
<pin id="245" dir="0" index="19" bw="16" slack="0"/>
<pin id="246" dir="0" index="20" bw="16" slack="0"/>
<pin id="247" dir="1" index="21" bw="0" slack="2147483647"/>
</pin_list>
<bind>
<opcode="call(48) " fcode="call"/>
<opset="call_ln0/3 "/>
</bind>
</comp>

<comp id="269" class="1004" name="grp_UpConv_Fused_Row_8_16_16_960_480_Pipeline_PIXEL_STATS_fu_269">
<pin_list>
<pin id="270" dir="0" index="0" bw="0" slack="0"/>
<pin id="271" dir="0" index="1" bw="32" slack="1"/>
<pin id="272" dir="0" index="2" bw="256" slack="2147483647"/>
<pin id="273" dir="0" index="3" bw="32" slack="0"/>
<pin id="274" dir="0" index="4" bw="16" slack="0"/>
<pin id="275" dir="0" index="5" bw="16" slack="0"/>
<pin id="276" dir="0" index="6" bw="16" slack="0"/>
<pin id="277" dir="0" index="7" bw="16" slack="0"/>
<pin id="278" dir="0" index="8" bw="16" slack="0"/>
<pin id="279" dir="0" index="9" bw="16" slack="0"/>
<pin id="280" dir="0" index="10" bw="16" slack="0"/>
<pin id="281" dir="0" index="11" bw="16" slack="0"/>
<pin id="282" dir="0" index="12" bw="16" slack="0"/>
<pin id="283" dir="0" index="13" bw="16" slack="0"/>
<pin id="284" dir="0" index="14" bw="16" slack="0"/>
<pin id="285" dir="0" index="15" bw="16" slack="0"/>
<pin id="286" dir="0" index="16" bw="16" slack="0"/>
<pin id="287" dir="0" index="17" bw="16" slack="0"/>
<pin id="288" dir="0" index="18" bw="16" slack="0"/>
<pin id="289" dir="0" index="19" bw="16" slack="0"/>
<pin id="290" dir="0" index="20" bw="16" slack="0"/>
<pin id="291" dir="1" index="21" bw="0" slack="2147483647"/>
</pin_list>
<bind>
<opcode="call(48) " fcode="call"/>
<opset="call_ln0/5 "/>
</bind>
</comp>

<comp id="311" class="1004" name="grp_UpConv_Fused_Row_8_16_16_960_480_Pipeline_PIXEL_NORM_fu_311">
<pin_list>
<pin id="312" dir="0" index="0" bw="0" slack="0"/>
<pin id="313" dir="0" index="1" bw="256" slack="2147483647"/>
<pin id="314" dir="0" index="2" bw="256" slack="2147483647"/>
<pin id="315" dir="0" index="3" bw="10" slack="0"/>
<pin id="316" dir="0" index="4" bw="64" slack="0"/>
<pin id="317" dir="0" index="5" bw="256" slack="0"/>
<pin id="318" dir="0" index="6" bw="32" slack="0"/>
<pin id="319" dir="0" index="7" bw="16" slack="0"/>
<pin id="320" dir="0" index="8" bw="16" slack="0"/>
<pin id="321" dir="0" index="9" bw="16" slack="0"/>
<pin id="322" dir="0" index="10" bw="16" slack="0"/>
<pin id="323" dir="0" index="11" bw="16" slack="0"/>
<pin id="324" dir="0" index="12" bw="16" slack="0"/>
<pin id="325" dir="0" index="13" bw="16" slack="0"/>
<pin id="326" dir="0" index="14" bw="16" slack="0"/>
<pin id="327" dir="0" index="15" bw="16" slack="0"/>
<pin id="328" dir="0" index="16" bw="16" slack="0"/>
<pin id="329" dir="0" index="17" bw="16" slack="0"/>
<pin id="330" dir="0" index="18" bw="16" slack="0"/>
<pin id="331" dir="0" index="19" bw="16" slack="0"/>
<pin id="332" dir="0" index="20" bw="16" slack="0"/>
<pin id="333" dir="0" index="21" bw="16" slack="0"/>
<pin id="334" dir="0" index="22" bw="16" slack="0"/>
<pin id="335" dir="0" index="23" bw="16" slack="0"/>
<pin id="336" dir="1" index="24" bw="0" slack="2147483647"/>
</pin_list>
<bind>
<opcode="call(48) " fcode="call"/>
<opset="call_ln0/7 "/>
</bind>
</comp>

<comp id="358" class="1004" name="grp_fu_358">
<pin_list>
<pin id="359" dir="0" index="0" bw="16" slack="0"/>
<pin id="360" dir="1" index="1" bw="32" slack="1"/>
</pin_list>
<bind>
<opcode="hptosp(533) " fcode="hptosp"/>
<opset="conv1/3 sum_rot_8/10 "/>
</bind>
</comp>

<comp id="362" class="1004" name="trunc_ln_fu_362">
<pin_list>
<pin id="363" dir="0" index="0" bw="59" slack="0"/>
<pin id="364" dir="0" index="1" bw="64" slack="0"/>
<pin id="365" dir="0" index="2" bw="4" slack="0"/>
<pin id="366" dir="0" index="3" bw="7" slack="0"/>
<pin id="367" dir="1" index="4" bw="59" slack="0"/>
</pin_list>
<bind>
<opcode="partselect(1002) " fcode="partselect"/>
<opset="trunc_ln/1 "/>
</bind>
</comp>

<comp id="373" class="1004" name="trunc_ln209_1_fu_373">
<pin_list>
<pin id="374" dir="0" index="0" bw="59" slack="0"/>
<pin id="375" dir="0" index="1" bw="64" slack="0"/>
<pin id="376" dir="0" index="2" bw="4" slack="0"/>
<pin id="377" dir="0" index="3" bw="7" slack="0"/>
<pin id="378" dir="1" index="4" bw="59" slack="0"/>
</pin_list>
<bind>
<opcode="partselect(1002) " fcode="partselect"/>
<opset="trunc_ln209_1/1 "/>
</bind>
</comp>

<comp id="384" class="1004" name="trunc_ln209_2_fu_384">
<pin_list>
<pin id="385" dir="0" index="0" bw="59" slack="0"/>
<pin id="386" dir="0" index="1" bw="64" slack="0"/>
<pin id="387" dir="0" index="2" bw="4" slack="0"/>
<pin id="388" dir="0" index="3" bw="7" slack="0"/>
<pin id="389" dir="1" index="4" bw="59" slack="0"/>
</pin_list>
<bind>
<opcode="partselect(1002) " fcode="partselect"/>
<opset="trunc_ln209_2/1 "/>
</bind>
</comp>

<comp id="395" class="1004" name="mul4_fu_395">
<pin_list>
<pin id="396" dir="0" index="0" bw="10" slack="0"/>
<pin id="397" dir="0" index="1" bw="5" slack="4"/>
<pin id="398" dir="0" index="2" bw="1" slack="0"/>
<pin id="399" dir="1" index="3" bw="10" slack="0"/>
</pin_list>
<bind>
<opcode="bitconcatenate(1004) " fcode="bitconcatenate"/>
<opset="mul4/7 "/>
</bind>
</comp>

<comp id="403" class="1005" name="trunc_ln_reg_403">
<pin_list>
<pin id="404" dir="0" index="0" bw="59" slack="1"/>
<pin id="405" dir="1" index="1" bw="59" slack="1"/>
</pin_list>
<bind>
<opset="trunc_ln "/>
</bind>
</comp>

<comp id="408" class="1005" name="trunc_ln209_1_reg_408">
<pin_list>
<pin id="409" dir="0" index="0" bw="59" slack="1"/>
<pin id="410" dir="1" index="1" bw="59" slack="1"/>
</pin_list>
<bind>
<opset="trunc_ln209_1 "/>
</bind>
</comp>

<comp id="413" class="1005" name="trunc_ln209_2_reg_413">
<pin_list>
<pin id="414" dir="0" index="0" bw="59" slack="1"/>
<pin id="415" dir="1" index="1" bw="59" slack="1"/>
</pin_list>
<bind>
<opset="trunc_ln209_2 "/>
</bind>
</comp>

<comp id="418" class="1005" name="ho_read_reg_418">
<pin_list>
<pin id="419" dir="0" index="0" bw="5" slack="1"/>
<pin id="420" dir="1" index="1" bw="5" slack="1"/>
</pin_list>
<bind>
<opset="ho_read "/>
</bind>
</comp>

<comp id="424" class="1005" name="epsilon_read_reg_424">
<pin_list>
<pin id="425" dir="0" index="0" bw="16" slack="1"/>
<pin id="426" dir="1" index="1" bw="16" slack="1"/>
</pin_list>
<bind>
<opset="epsilon_read "/>
</bind>
</comp>

<comp id="429" class="1005" name="W_ptr_read_reg_429">
<pin_list>
<pin id="430" dir="0" index="0" bw="64" slack="1"/>
<pin id="431" dir="1" index="1" bw="64" slack="1"/>
</pin_list>
<bind>
<opset="W_ptr_read "/>
</bind>
</comp>

<comp id="434" class="1005" name="conv1_reg_434">
<pin_list>
<pin id="435" dir="0" index="0" bw="32" slack="1"/>
<pin id="436" dir="1" index="1" bw="32" slack="1"/>
</pin_list>
<bind>
<opset="conv1 "/>
</bind>
</comp>

<comp id="439" class="1005" name="Y_read_reg_439">
<pin_list>
<pin id="440" dir="0" index="0" bw="64" slack="1"/>
<pin id="441" dir="1" index="1" bw="64" slack="1"/>
</pin_list>
<bind>
<opset="Y_read "/>
</bind>
</comp>

<comp id="444" class="1005" name="mul4_reg_444">
<pin_list>
<pin id="445" dir="0" index="0" bw="10" slack="1"/>
<pin id="446" dir="1" index="1" bw="10" slack="1"/>
</pin_list>
<bind>
<opset="mul4 "/>
</bind>
</comp>

<comp id="449" class="1004" name="grp_fu_449">
<pin_list>
<pin id="450" dir="0" index="0" bw="32" slack="2147483647"/>
<pin id="451" dir="1" index="1" bw="16" slack="2147483647"/>
</pin_list>
<bind>
<opcode="sptohp(532) " fcode="sptohp"/>
<opset="conv/229 mean_w/4 "/>
</bind>
</comp>

<comp id="452" class="1004" name="grp_fu_452">
<pin_list>
<pin id="453" dir="0" index="0" bw="16" slack="2147483647"/>
<pin id="454" dir="0" index="1" bw="16" slack="2147483647"/>
<pin id="455" dir="1" index="2" bw="16" slack="2147483647"/>
</pin_list>
<bind>
<opcode="hadd(534) " fcode="hadd"/>
<opset="val/5 add/19 "/>
</bind>
</comp>

</comp_list>

<net_list>
<net id="123"><net_src comp="60" pin="0"/><net_sink comp="120" pin=0"/></net>

<net id="127"><net_src comp="60" pin="0"/><net_sink comp="124" pin=0"/></net>

<net id="131"><net_src comp="60" pin="0"/><net_sink comp="128" pin=0"/></net>

<net id="136"><net_src comp="58" pin="0"/><net_sink comp="132" pin=0"/></net>

<net id="137"><net_src comp="10" pin="0"/><net_sink comp="132" pin=1"/></net>

<net id="142"><net_src comp="58" pin="0"/><net_sink comp="138" pin=0"/></net>

<net id="143"><net_src comp="8" pin="0"/><net_sink comp="138" pin=1"/></net>

<net id="148"><net_src comp="58" pin="0"/><net_sink comp="144" pin=0"/></net>

<net id="149"><net_src comp="6" pin="0"/><net_sink comp="144" pin=1"/></net>

<net id="154"><net_src comp="72" pin="0"/><net_sink comp="150" pin=0"/></net>

<net id="155"><net_src comp="18" pin="0"/><net_sink comp="150" pin=1"/></net>

<net id="160"><net_src comp="74" pin="0"/><net_sink comp="156" pin=0"/></net>

<net id="161"><net_src comp="16" pin="0"/><net_sink comp="156" pin=1"/></net>

<net id="166"><net_src comp="58" pin="0"/><net_sink comp="162" pin=0"/></net>

<net id="167"><net_src comp="2" pin="0"/><net_sink comp="162" pin=1"/></net>

<net id="172"><net_src comp="58" pin="0"/><net_sink comp="168" pin=0"/></net>

<net id="173"><net_src comp="14" pin="0"/><net_sink comp="168" pin=1"/></net>

<net id="193"><net_src comp="62" pin="0"/><net_sink comp="174" pin=0"/></net>

<net id="194"><net_src comp="20" pin="0"/><net_sink comp="174" pin=1"/></net>

<net id="195"><net_src comp="22" pin="0"/><net_sink comp="174" pin=2"/></net>

<net id="196"><net_src comp="24" pin="0"/><net_sink comp="174" pin=3"/></net>

<net id="197"><net_src comp="26" pin="0"/><net_sink comp="174" pin=4"/></net>

<net id="198"><net_src comp="28" pin="0"/><net_sink comp="174" pin=5"/></net>

<net id="199"><net_src comp="30" pin="0"/><net_sink comp="174" pin=6"/></net>

<net id="200"><net_src comp="32" pin="0"/><net_sink comp="174" pin=7"/></net>

<net id="201"><net_src comp="34" pin="0"/><net_sink comp="174" pin=8"/></net>

<net id="202"><net_src comp="36" pin="0"/><net_sink comp="174" pin=9"/></net>

<net id="203"><net_src comp="38" pin="0"/><net_sink comp="174" pin=10"/></net>

<net id="204"><net_src comp="40" pin="0"/><net_sink comp="174" pin=11"/></net>

<net id="205"><net_src comp="42" pin="0"/><net_sink comp="174" pin=12"/></net>

<net id="206"><net_src comp="44" pin="0"/><net_sink comp="174" pin=13"/></net>

<net id="207"><net_src comp="46" pin="0"/><net_sink comp="174" pin=14"/></net>

<net id="208"><net_src comp="48" pin="0"/><net_sink comp="174" pin=15"/></net>

<net id="209"><net_src comp="50" pin="0"/><net_sink comp="174" pin=16"/></net>

<net id="220"><net_src comp="70" pin="0"/><net_sink comp="210" pin=0"/></net>

<net id="221"><net_src comp="120" pin="1"/><net_sink comp="210" pin=1"/></net>

<net id="222"><net_src comp="4" pin="0"/><net_sink comp="210" pin=3"/></net>

<net id="223"><net_src comp="124" pin="1"/><net_sink comp="210" pin=4"/></net>

<net id="224"><net_src comp="128" pin="1"/><net_sink comp="210" pin=6"/></net>

<net id="248"><net_src comp="76" pin="0"/><net_sink comp="225" pin=0"/></net>

<net id="249"><net_src comp="0" pin="0"/><net_sink comp="225" pin=1"/></net>

<net id="250"><net_src comp="162" pin="2"/><net_sink comp="225" pin=2"/></net>

<net id="251"><net_src comp="150" pin="2"/><net_sink comp="225" pin=3"/></net>

<net id="252"><net_src comp="52" pin="0"/><net_sink comp="225" pin=4"/></net>

<net id="253"><net_src comp="34" pin="0"/><net_sink comp="225" pin=5"/></net>

<net id="254"><net_src comp="50" pin="0"/><net_sink comp="225" pin=6"/></net>

<net id="255"><net_src comp="32" pin="0"/><net_sink comp="225" pin=7"/></net>

<net id="256"><net_src comp="48" pin="0"/><net_sink comp="225" pin=8"/></net>

<net id="257"><net_src comp="30" pin="0"/><net_sink comp="225" pin=9"/></net>

<net id="258"><net_src comp="46" pin="0"/><net_sink comp="225" pin=10"/></net>

<net id="259"><net_src comp="28" pin="0"/><net_sink comp="225" pin=11"/></net>

<net id="260"><net_src comp="44" pin="0"/><net_sink comp="225" pin=12"/></net>

<net id="261"><net_src comp="26" pin="0"/><net_sink comp="225" pin=13"/></net>

<net id="262"><net_src comp="42" pin="0"/><net_sink comp="225" pin=14"/></net>

<net id="263"><net_src comp="24" pin="0"/><net_sink comp="225" pin=15"/></net>

<net id="264"><net_src comp="40" pin="0"/><net_sink comp="225" pin=16"/></net>

<net id="265"><net_src comp="22" pin="0"/><net_sink comp="225" pin=17"/></net>

<net id="266"><net_src comp="38" pin="0"/><net_sink comp="225" pin=18"/></net>

<net id="267"><net_src comp="20" pin="0"/><net_sink comp="225" pin=19"/></net>

<net id="268"><net_src comp="36" pin="0"/><net_sink comp="225" pin=20"/></net>

<net id="292"><net_src comp="78" pin="0"/><net_sink comp="269" pin=0"/></net>

<net id="293"><net_src comp="54" pin="0"/><net_sink comp="269" pin=3"/></net>

<net id="294"><net_src comp="56" pin="0"/><net_sink comp="269" pin=4"/></net>

<net id="295"><net_src comp="20" pin="0"/><net_sink comp="269" pin=5"/></net>

<net id="296"><net_src comp="22" pin="0"/><net_sink comp="269" pin=6"/></net>

<net id="297"><net_src comp="24" pin="0"/><net_sink comp="269" pin=7"/></net>

<net id="298"><net_src comp="26" pin="0"/><net_sink comp="269" pin=8"/></net>

<net id="299"><net_src comp="28" pin="0"/><net_sink comp="269" pin=9"/></net>

<net id="300"><net_src comp="30" pin="0"/><net_sink comp="269" pin=10"/></net>

<net id="301"><net_src comp="32" pin="0"/><net_sink comp="269" pin=11"/></net>

<net id="302"><net_src comp="34" pin="0"/><net_sink comp="269" pin=12"/></net>

<net id="303"><net_src comp="36" pin="0"/><net_sink comp="269" pin=13"/></net>

<net id="304"><net_src comp="38" pin="0"/><net_sink comp="269" pin=14"/></net>

<net id="305"><net_src comp="40" pin="0"/><net_sink comp="269" pin=15"/></net>

<net id="306"><net_src comp="42" pin="0"/><net_sink comp="269" pin=16"/></net>

<net id="307"><net_src comp="44" pin="0"/><net_sink comp="269" pin=17"/></net>

<net id="308"><net_src comp="46" pin="0"/><net_sink comp="269" pin=18"/></net>

<net id="309"><net_src comp="48" pin="0"/><net_sink comp="269" pin=19"/></net>

<net id="310"><net_src comp="50" pin="0"/><net_sink comp="269" pin=20"/></net>

<net id="337"><net_src comp="84" pin="0"/><net_sink comp="311" pin=0"/></net>

<net id="338"><net_src comp="168" pin="2"/><net_sink comp="311" pin=4"/></net>

<net id="339"><net_src comp="12" pin="0"/><net_sink comp="311" pin=5"/></net>

<net id="340"><net_src comp="54" pin="0"/><net_sink comp="311" pin=6"/></net>

<net id="341"><net_src comp="56" pin="0"/><net_sink comp="311" pin=7"/></net>

<net id="342"><net_src comp="20" pin="0"/><net_sink comp="311" pin=8"/></net>

<net id="343"><net_src comp="22" pin="0"/><net_sink comp="311" pin=9"/></net>

<net id="344"><net_src comp="24" pin="0"/><net_sink comp="311" pin=10"/></net>

<net id="345"><net_src comp="26" pin="0"/><net_sink comp="311" pin=11"/></net>

<net id="346"><net_src comp="28" pin="0"/><net_sink comp="311" pin=12"/></net>

<net id="347"><net_src comp="30" pin="0"/><net_sink comp="311" pin=13"/></net>

<net id="348"><net_src comp="32" pin="0"/><net_sink comp="311" pin=14"/></net>

<net id="349"><net_src comp="34" pin="0"/><net_sink comp="311" pin=15"/></net>

<net id="350"><net_src comp="36" pin="0"/><net_sink comp="311" pin=16"/></net>

<net id="351"><net_src comp="38" pin="0"/><net_sink comp="311" pin=17"/></net>

<net id="352"><net_src comp="40" pin="0"/><net_sink comp="311" pin=18"/></net>

<net id="353"><net_src comp="42" pin="0"/><net_sink comp="311" pin=19"/></net>

<net id="354"><net_src comp="44" pin="0"/><net_sink comp="311" pin=20"/></net>

<net id="355"><net_src comp="46" pin="0"/><net_sink comp="311" pin=21"/></net>

<net id="356"><net_src comp="48" pin="0"/><net_sink comp="311" pin=22"/></net>

<net id="357"><net_src comp="50" pin="0"/><net_sink comp="311" pin=23"/></net>

<net id="361"><net_src comp="156" pin="2"/><net_sink comp="358" pin=0"/></net>

<net id="368"><net_src comp="64" pin="0"/><net_sink comp="362" pin=0"/></net>

<net id="369"><net_src comp="144" pin="2"/><net_sink comp="362" pin=1"/></net>

<net id="370"><net_src comp="66" pin="0"/><net_sink comp="362" pin=2"/></net>

<net id="371"><net_src comp="68" pin="0"/><net_sink comp="362" pin=3"/></net>

<net id="372"><net_src comp="362" pin="4"/><net_sink comp="210" pin=2"/></net>

<net id="379"><net_src comp="64" pin="0"/><net_sink comp="373" pin=0"/></net>

<net id="380"><net_src comp="138" pin="2"/><net_sink comp="373" pin=1"/></net>

<net id="381"><net_src comp="66" pin="0"/><net_sink comp="373" pin=2"/></net>

<net id="382"><net_src comp="68" pin="0"/><net_sink comp="373" pin=3"/></net>

<net id="383"><net_src comp="373" pin="4"/><net_sink comp="210" pin=5"/></net>

<net id="390"><net_src comp="64" pin="0"/><net_sink comp="384" pin=0"/></net>

<net id="391"><net_src comp="132" pin="2"/><net_sink comp="384" pin=1"/></net>

<net id="392"><net_src comp="66" pin="0"/><net_sink comp="384" pin=2"/></net>

<net id="393"><net_src comp="68" pin="0"/><net_sink comp="384" pin=3"/></net>

<net id="394"><net_src comp="384" pin="4"/><net_sink comp="210" pin=7"/></net>

<net id="400"><net_src comp="80" pin="0"/><net_sink comp="395" pin=0"/></net>

<net id="401"><net_src comp="82" pin="0"/><net_sink comp="395" pin=2"/></net>

<net id="402"><net_src comp="395" pin="3"/><net_sink comp="311" pin=3"/></net>

<net id="406"><net_src comp="362" pin="4"/><net_sink comp="403" pin=0"/></net>

<net id="407"><net_src comp="403" pin="1"/><net_sink comp="210" pin=2"/></net>

<net id="411"><net_src comp="373" pin="4"/><net_sink comp="408" pin=0"/></net>

<net id="412"><net_src comp="408" pin="1"/><net_sink comp="210" pin=5"/></net>

<net id="416"><net_src comp="384" pin="4"/><net_sink comp="413" pin=0"/></net>

<net id="417"><net_src comp="413" pin="1"/><net_sink comp="210" pin=7"/></net>

<net id="421"><net_src comp="150" pin="2"/><net_sink comp="418" pin=0"/></net>

<net id="422"><net_src comp="418" pin="1"/><net_sink comp="225" pin=3"/></net>

<net id="423"><net_src comp="418" pin="1"/><net_sink comp="395" pin=1"/></net>

<net id="427"><net_src comp="156" pin="2"/><net_sink comp="424" pin=0"/></net>

<net id="428"><net_src comp="424" pin="1"/><net_sink comp="358" pin=0"/></net>

<net id="432"><net_src comp="162" pin="2"/><net_sink comp="429" pin=0"/></net>

<net id="433"><net_src comp="429" pin="1"/><net_sink comp="225" pin=2"/></net>

<net id="437"><net_src comp="358" pin="1"/><net_sink comp="434" pin=0"/></net>

<net id="438"><net_src comp="434" pin="1"/><net_sink comp="269" pin=1"/></net>

<net id="442"><net_src comp="168" pin="2"/><net_sink comp="439" pin=0"/></net>

<net id="443"><net_src comp="439" pin="1"/><net_sink comp="311" pin=4"/></net>

<net id="447"><net_src comp="395" pin="3"/><net_sink comp="444" pin=0"/></net>

<net id="448"><net_src comp="444" pin="1"/><net_sink comp="311" pin=3"/></net>

</net_list>

</model> 
---------------- Datapath Model END ------------------

* FSMD analyzer results:
  - Output states:
	Port: gmem_weight | {}
	Port: gmem_param | {}
	Port: gmem_out | {7 8 }
	Port: void_UpConv_Fused_Row_ap_uint_ap_uint_const_ap_uint_const_ap_uint_const_ap_u_9 | {1 2 3 4 5 6 }
	Port: void_UpConv_Fused_Row_ap_uint_ap_uint_const_ap_uint_const_ap_uint_const_ap_u_8 | {1 2 3 4 5 6 }
	Port: void_UpConv_Fused_Row_ap_uint_ap_uint_const_ap_uint_const_ap_uint_const_ap_u_7 | {1 2 3 4 5 6 }
	Port: void_UpConv_Fused_Row_ap_uint_ap_uint_const_ap_uint_const_ap_uint_const_ap_u_6 | {1 2 3 4 5 6 }
	Port: void_UpConv_Fused_Row_ap_uint_ap_uint_const_ap_uint_const_ap_uint_const_ap_u_5 | {1 2 3 4 5 6 }
	Port: void_UpConv_Fused_Row_ap_uint_ap_uint_const_ap_uint_const_ap_uint_const_ap_u_4 | {1 2 3 4 5 6 }
	Port: void_UpConv_Fused_Row_ap_uint_ap_uint_const_ap_uint_const_ap_uint_const_ap_u_3 | {1 2 3 4 5 6 }
	Port: void_UpConv_Fused_Row_ap_uint_ap_uint_const_ap_uint_const_ap_uint_const_ap_u_2 | {1 2 3 4 5 6 }
	Port: void_UpConv_Fused_Row_ap_uint_ap_uint_const_ap_uint_const_ap_uint_const_ap_u_1 | {1 2 3 4 5 6 }
	Port: void_UpConv_Fused_Row_ap_uint_ap_uint_const_ap_uint_const_ap_uint_const_ap_u | {1 2 3 4 5 6 }
	Port: p_ZZ16UpConv_Fused_RowILi8ELi16ELi16ELi960ELi480EEvP7ap_uintILi256EEPKS1_S4_S4_S4_5 | {1 2 3 4 5 6 }
	Port: p_ZZ16UpConv_Fused_RowILi8ELi16ELi16ELi960ELi480EEvP7ap_uintILi256EEPKS1_S4_S4_S4_4 | {1 2 3 4 5 6 }
	Port: p_ZZ16UpConv_Fused_RowILi8ELi16ELi16ELi960ELi480EEvP7ap_uintILi256EEPKS1_S4_S4_S4_3 | {1 2 3 4 5 6 }
	Port: p_ZZ16UpConv_Fused_RowILi8ELi16ELi16ELi960ELi480EEvP7ap_uintILi256EEPKS1_S4_S4_S4_2 | {1 2 3 4 5 6 }
	Port: p_ZZ16UpConv_Fused_RowILi8ELi16ELi16ELi960ELi480EEvP7ap_uintILi256EEPKS1_S4_S4_S4_1 | {1 2 3 4 5 6 }
	Port: p_ZZ16UpConv_Fused_RowILi8ELi16ELi16ELi960ELi480EEvP7ap_uintILi256EEPKS1_S4_S4_S4 | {1 2 3 4 5 6 }
	Port: x_buf | {}
	Port: mean_buf | {5 6 }
	Port: inv_buf | {5 6 }
 - Input state : 
	Port: UpConv_Fused_Row<8, 16, 16, 960, 480> : gmem_weight | {3 4 }
	Port: UpConv_Fused_Row<8, 16, 16, 960, 480> : W_ptr | {3 }
	Port: UpConv_Fused_Row<8, 16, 16, 960, 480> : gmem_param | {1 2 }
	Port: UpConv_Fused_Row<8, 16, 16, 960, 480> : B_ptr | {1 }
	Port: UpConv_Fused_Row<8, 16, 16, 960, 480> : G_ptr | {1 }
	Port: UpConv_Fused_Row<8, 16, 16, 960, 480> : BE_ptr | {1 }
	Port: UpConv_Fused_Row<8, 16, 16, 960, 480> : gmem_out | {}
	Port: UpConv_Fused_Row<8, 16, 16, 960, 480> : Y | {7 }
	Port: UpConv_Fused_Row<8, 16, 16, 960, 480> : epsilon | {3 }
	Port: UpConv_Fused_Row<8, 16, 16, 960, 480> : ho | {3 }
	Port: UpConv_Fused_Row<8, 16, 16, 960, 480> : void_UpConv_Fused_Row_ap_uint_ap_uint_const_ap_uint_const_ap_uint_const_ap_u_9 | {3 4 5 6 7 8 }
	Port: UpConv_Fused_Row<8, 16, 16, 960, 480> : void_UpConv_Fused_Row_ap_uint_ap_uint_const_ap_uint_const_ap_uint_const_ap_u_8 | {3 4 5 6 7 8 }
	Port: UpConv_Fused_Row<8, 16, 16, 960, 480> : void_UpConv_Fused_Row_ap_uint_ap_uint_const_ap_uint_const_ap_uint_const_ap_u_7 | {3 4 5 6 7 8 }
	Port: UpConv_Fused_Row<8, 16, 16, 960, 480> : void_UpConv_Fused_Row_ap_uint_ap_uint_const_ap_uint_const_ap_uint_const_ap_u_6 | {3 4 5 6 7 8 }
	Port: UpConv_Fused_Row<8, 16, 16, 960, 480> : void_UpConv_Fused_Row_ap_uint_ap_uint_const_ap_uint_const_ap_uint_const_ap_u_5 | {3 4 5 6 7 8 }
	Port: UpConv_Fused_Row<8, 16, 16, 960, 480> : void_UpConv_Fused_Row_ap_uint_ap_uint_const_ap_uint_const_ap_uint_const_ap_u_4 | {3 4 5 6 7 8 }
	Port: UpConv_Fused_Row<8, 16, 16, 960, 480> : void_UpConv_Fused_Row_ap_uint_ap_uint_const_ap_uint_const_ap_uint_const_ap_u_3 | {3 4 5 6 7 8 }
	Port: UpConv_Fused_Row<8, 16, 16, 960, 480> : void_UpConv_Fused_Row_ap_uint_ap_uint_const_ap_uint_const_ap_uint_const_ap_u_2 | {3 4 5 6 7 8 }
	Port: UpConv_Fused_Row<8, 16, 16, 960, 480> : void_UpConv_Fused_Row_ap_uint_ap_uint_const_ap_uint_const_ap_uint_const_ap_u_1 | {3 4 5 6 7 8 }
	Port: UpConv_Fused_Row<8, 16, 16, 960, 480> : void_UpConv_Fused_Row_ap_uint_ap_uint_const_ap_uint_const_ap_uint_const_ap_u | {3 4 5 6 7 8 }
	Port: UpConv_Fused_Row<8, 16, 16, 960, 480> : p_ZZ16UpConv_Fused_RowILi8ELi16ELi16ELi960ELi480EEvP7ap_uintILi256EEPKS1_S4_S4_S4_5 | {3 4 5 6 7 8 }
	Port: UpConv_Fused_Row<8, 16, 16, 960, 480> : p_ZZ16UpConv_Fused_RowILi8ELi16ELi16ELi960ELi480EEvP7ap_uintILi256EEPKS1_S4_S4_S4_4 | {3 4 5 6 7 8 }
	Port: UpConv_Fused_Row<8, 16, 16, 960, 480> : p_ZZ16UpConv_Fused_RowILi8ELi16ELi16ELi960ELi480EEvP7ap_uintILi256EEPKS1_S4_S4_S4_3 | {3 4 5 6 7 8 }
	Port: UpConv_Fused_Row<8, 16, 16, 960, 480> : p_ZZ16UpConv_Fused_RowILi8ELi16ELi16ELi960ELi480EEvP7ap_uintILi256EEPKS1_S4_S4_S4_2 | {3 4 5 6 7 8 }
	Port: UpConv_Fused_Row<8, 16, 16, 960, 480> : p_ZZ16UpConv_Fused_RowILi8ELi16ELi16ELi960ELi480EEvP7ap_uintILi256EEPKS1_S4_S4_S4_1 | {3 4 5 6 7 8 }
	Port: UpConv_Fused_Row<8, 16, 16, 960, 480> : p_ZZ16UpConv_Fused_RowILi8ELi16ELi16ELi960ELi480EEvP7ap_uintILi256EEPKS1_S4_S4_S4 | {3 4 5 6 7 8 }
	Port: UpConv_Fused_Row<8, 16, 16, 960, 480> : x_buf | {3 4 }
	Port: UpConv_Fused_Row<8, 16, 16, 960, 480> : mean_buf | {7 8 }
	Port: UpConv_Fused_Row<8, 16, 16, 960, 480> : inv_buf | {7 8 }
  - Chain level:
	State 1
		call_ln209 : 1
	State 2
	State 3
	State 4
	State 5
	State 6
	State 7
		call_ln0 : 1
	State 8


============================================================
+ Verbose Summary: Datapath Resource usage 
============================================================

* Functional unit list:
|----------|--------------------------------------------------------------------|---------|---------|---------|---------|---------|
| Operation|                           Functional Unit                          |   DSP   |  Delay  |    FF   |   LUT   |   URAM  |
|----------|--------------------------------------------------------------------|---------|---------|---------|---------|---------|
|          | grp_UpConv_Fused_Row_8_16_16_960_480_Pipeline_RESET_ROW_ACC_fu_174 |    0    |    0    |    74   |   251   |    0    |
|          |  grp_UpConv_Fused_Row_8_16_16_960_480_Pipeline_LOAD_PARAMS_fu_210  |    0    |  1.281  |   1971  |   249   |    0    |
|   call   |                grp_dataflow_parent_loop_proc_fu_225                |   337   | 136.213 |  44155  |  45786  |    32   |
|          |  grp_UpConv_Fused_Row_8_16_16_960_480_Pipeline_PIXEL_STATS_fu_269  |    48   |  14.518 |  10370  |   5897  |    0    |
|          |   grp_UpConv_Fused_Row_8_16_16_960_480_Pipeline_PIXEL_NORM_fu_311  |   128   |  29.89  |  10164  |   6886  |    0    |
|----------|--------------------------------------------------------------------|---------|---------|---------|---------|---------|
|   hadd   |                             grp_fu_452                             |    2    |    0    |   109   |   113   |    0    |
|----------|--------------------------------------------------------------------|---------|---------|---------|---------|---------|
|          |                       BE_ptr_read_read_fu_132                      |    0    |    0    |    0    |    0    |    0    |
|          |                       G_ptr_read_read_fu_138                       |    0    |    0    |    0    |    0    |    0    |
|          |                       B_ptr_read_read_fu_144                       |    0    |    0    |    0    |    0    |    0    |
|   read   |                         ho_read_read_fu_150                        |    0    |    0    |    0    |    0    |    0    |
|          |                      epsilon_read_read_fu_156                      |    0    |    0    |    0    |    0    |    0    |
|          |                       W_ptr_read_read_fu_162                       |    0    |    0    |    0    |    0    |    0    |
|          |                         Y_read_read_fu_168                         |    0    |    0    |    0    |    0    |    0    |
|----------|--------------------------------------------------------------------|---------|---------|---------|---------|---------|
|  hptosp  |                             grp_fu_358                             |    0    |    0    |    0    |    0    |    0    |
|----------|--------------------------------------------------------------------|---------|---------|---------|---------|---------|
|          |                           trunc_ln_fu_362                          |    0    |    0    |    0    |    0    |    0    |
|partselect|                        trunc_ln209_1_fu_373                        |    0    |    0    |    0    |    0    |    0    |
|          |                        trunc_ln209_2_fu_384                        |    0    |    0    |    0    |    0    |    0    |
|----------|--------------------------------------------------------------------|---------|---------|---------|---------|---------|
|bitconcatenate|                             mul4_fu_395                            |    0    |    0    |    0    |    0    |    0    |
|----------|--------------------------------------------------------------------|---------|---------|---------|---------|---------|
|  sptohp  |                             grp_fu_449                             |    0    |    0    |    0    |    0    |    0    |
|----------|--------------------------------------------------------------------|---------|---------|---------|---------|---------|
|   Total  |                                                                    |   515   | 181.902 |  66843  |  59182  |    32   |
|----------|--------------------------------------------------------------------|---------|---------|---------|---------|---------|

Memories:
+------+--------+--------+--------+
|      |  BRAM  |   FF   |   LUT  |
+------+--------+--------+--------+
| b_buf|    8   |    0   |    0   |
|be_buf|    8   |    0   |    0   |
| g_buf|    8   |    0   |    0   |
+------+--------+--------+--------+
| Total|   24   |    0   |    0   |
+------+--------+--------+--------+

* Register list:
+---------------------+--------+
|                     |   FF   |
+---------------------+--------+
|  W_ptr_read_reg_429 |   64   |
|    Y_read_reg_439   |   64   |
|    conv1_reg_434    |   32   |
| epsilon_read_reg_424|   16   |
|   ho_read_reg_418   |    5   |
|     mul4_reg_444    |   10   |
|trunc_ln209_1_reg_408|   59   |
|trunc_ln209_2_reg_413|   59   |
|   trunc_ln_reg_403  |   59   |
+---------------------+--------+
|        Total        |   368  |
+---------------------+--------+

* Multiplexer (MUX) list: 
|------------------------------------------------------------------|------|------|------|--------||---------||---------||---------|
|                               Comp                               |  Pin | Size |  BW  | S x BW ||  Delay  ||    FF   ||   LUT   |
|------------------------------------------------------------------|------|------|------|--------||---------||---------||---------|
| grp_UpConv_Fused_Row_8_16_16_960_480_Pipeline_LOAD_PARAMS_fu_210 |  p2  |   2  |  59  |   118  ||    0    ||    9    |
| grp_UpConv_Fused_Row_8_16_16_960_480_Pipeline_LOAD_PARAMS_fu_210 |  p5  |   2  |  59  |   118  ||    0    ||    9    |
| grp_UpConv_Fused_Row_8_16_16_960_480_Pipeline_LOAD_PARAMS_fu_210 |  p7  |   2  |  59  |   118  ||    0    ||    9    |
|               grp_dataflow_parent_loop_proc_fu_225               |  p2  |   2  |  64  |   128  ||    0    ||    9    |
|               grp_dataflow_parent_loop_proc_fu_225               |  p3  |   2  |   5  |   10   ||    0    ||    9    |
|  grp_UpConv_Fused_Row_8_16_16_960_480_Pipeline_PIXEL_NORM_fu_311 |  p3  |   2  |  10  |   20   ||    0    ||    9    |
|  grp_UpConv_Fused_Row_8_16_16_960_480_Pipeline_PIXEL_NORM_fu_311 |  p4  |   2  |  64  |   128  ||    0    ||    9    |
|                            grp_fu_358                            |  p0  |   2  |  16  |   32   ||    0    ||    9    |
|------------------------------------------------------------------|------|------|------|--------||---------||---------||---------|
|                               Total                              |      |      |      |   672  ||  3.416  ||    0    ||    72   |
|------------------------------------------------------------------|------|------|------|--------||---------||---------||---------|



* Summary:
+-----------+--------+--------+--------+--------+--------+--------+
|           |  BRAM  |   DSP  |  Delay |   FF   |   LUT  |  URAM  |
+-----------+--------+--------+--------+--------+--------+--------+
|  Function |    -   |   515  |   181  |  66843 |  59182 |   32   |
|   Memory  |   24   |    -   |    -   |    0   |    0   |    -   |
|Multiplexer|    -   |    -   |    3   |    0   |   72   |    -   |
|  Register |    -   |    -   |    -   |   368  |    -   |    -   |
+-----------+--------+--------+--------+--------+--------+--------+
|   Total   |   24   |   515  |   185  |  67211 |  59254 |   32   |
+-----------+--------+--------+--------+--------+--------+--------+
