

================================================================
== Vitis HLS Report for 'upconv_core_top_ucb0'
================================================================
* Date:           Thu Jun 18 11:44:36 2026

* Version:        2024.2 (Build 5238294 on Nov  8 2024)
* Project:        upconv_block0
* Solution:       hls (Vivado IP Flow Target)
* Product family: zynquplus
* Target device:  xczu7ev-ffvc1156-2-e


================================================================
== Performance Estimates
================================================================
+ Timing: 
    * Summary: 
    +--------+---------+----------+------------+
    |  Clock |  Target | Estimated| Uncertainty|
    +--------+---------+----------+------------+
    |ap_clk  |  3.33 ns|  3.357 ns|     0.90 ns|
    +--------+---------+----------+------------+

+ Latency: 
    * Summary: 
    +---------+----------+-----------+-----------+---------+----------+---------+
    |  Latency (cycles)  |   Latency (absolute)  |      Interval      | Pipeline|
    |   min   |    max   |    min    |    max    |   min   |    max   |   Type  |
    +---------+----------+-----------+-----------+---------+----------+---------+
    |  8872366|  17988270|  29.785 ms|  60.387 ms|  8872367|  17988271|       no|
    +---------+----------+-----------+-----------+---------+----------+---------+

    + Detail: 
        * Instance: 
        +---------------------------------------------------------------------+----------------------------------------------------------+---------+---------+----------+----------+--------+--------+------------------------------------------------+
        |                                                                     |                                                          |  Latency (cycles) |  Latency (absolute) |     Interval    |                    Pipeline                    |
        |                               Instance                              |                          Module                          |   min   |   max   |    min   |    max   |   min  |   max  |                      Type                      |
        +---------------------------------------------------------------------+----------------------------------------------------------+---------+---------+----------+----------+--------+--------+------------------------------------------------+
        |grp_upconv_core_top_ucb0_Pipeline_LOAD_ROW0_VITIS_LOOP_297_1_fu_233  |upconv_core_top_ucb0_Pipeline_LOAD_ROW0_VITIS_LOOP_297_1  |      963|      963|  3.210 us|  3.210 us|     961|     961|  loop auto-rewind stp (delay=0 clock cycles(s))|
        |grp_UpConv_Fused_Row_8_16_16_960_480_s_fu_242                        |UpConv_Fused_Row_8_16_16_960_480_s                        |   276772|   561644|  0.929 ms|  1.885 ms|  276772|  561644|                                              no|
        |grp_upconv_core_top_ucb0_Pipeline_LOAD_ROW_VITIS_LOOP_308_2_fu_299   |upconv_core_top_ucb0_Pipeline_LOAD_ROW_VITIS_LOOP_308_2   |      973|      973|  3.243 us|  3.243 us|     961|     961|  loop auto-rewind stp (delay=0 clock cycles(s))|
        +---------------------------------------------------------------------+----------------------------------------------------------+---------+---------+----------+----------+--------+--------+------------------------------------------------+

        * Loop: 
        +------------+---------+----------+------------------+-----------+-----------+------+----------+
        |            |  Latency (cycles)  |     Iteration    |  Initiation Interval  | Trip |          |
        |  Loop Name |   min   |    max   |      Latency     |  achieved |   target  | Count| Pipelined|
        +------------+---------+----------+------------------+-----------+-----------+------+----------+
        |- ROW_LOOP  |  8317845|  16864005|  554523 ~ 1124267|          -|          -|    15|        no|
        +------------+---------+----------+------------------+-----------+-----------+------+----------+



================================================================
== Utilization Estimates
================================================================
* Summary: 
+-----------------+---------+------+--------+--------+-----+
|       Name      | BRAM_18K|  DSP |   FF   |   LUT  | URAM|
+-----------------+---------+------+--------+--------+-----+
|DSP              |        -|     -|       -|       -|    -|
|Expression       |        -|     -|       0|     141|    -|
|FIFO             |        -|     -|       -|       -|    -|
|Instance         |       84|   511|   81367|   70805|   48|
|Memory           |        -|     -|       0|       0|    4|
|Multiplexer      |        -|     -|       0|     364|    -|
|Register         |        -|     -|     514|       -|    -|
+-----------------+---------+------+--------+--------+-----+
|Total            |       84|   511|   81881|   71310|   52|
+-----------------+---------+------+--------+--------+-----+
|Available        |      624|  1728|  460800|  230400|   96|
+-----------------+---------+------+--------+--------+-----+
|Utilization (%)  |       13|    29|      17|      30|   54|
+-----------------+---------+------+--------+--------+-----+

+ Detail: 
    * Instance: 
    +---------------------------------------------------------------------+----------------------------------------------------------+---------+-----+-------+-------+-----+
    |                               Instance                              |                          Module                          | BRAM_18K| DSP |   FF  |  LUT  | URAM|
    +---------------------------------------------------------------------+----------------------------------------------------------+---------+-----+-------+-------+-----+
    |grp_UpConv_Fused_Row_8_16_16_960_480_s_fu_242                        |UpConv_Fused_Row_8_16_16_960_480_s                        |       24|  511|  75841|  64906|   48|
    |control_s_axi_U                                                      |control_s_axi                                             |        0|    0|    478|    840|    0|
    |gmem_in_m_axi_U                                                      |gmem_in_m_axi                                             |       15|    0|   1044|   1114|    0|
    |gmem_out_m_axi_U                                                     |gmem_out_m_axi                                            |       15|    0|   1038|   1104|    0|
    |gmem_param_m_axi_U                                                   |gmem_param_m_axi                                          |       15|    0|   1044|   1114|    0|
    |gmem_weight_m_axi_U                                                  |gmem_weight_m_axi                                         |       15|    0|   1044|   1114|    0|
    |grp_upconv_core_top_ucb0_Pipeline_LOAD_ROW0_VITIS_LOOP_297_1_fu_233  |upconv_core_top_ucb0_Pipeline_LOAD_ROW0_VITIS_LOOP_297_1  |        0|    0|    293|    188|    0|
    |grp_upconv_core_top_ucb0_Pipeline_LOAD_ROW_VITIS_LOOP_308_2_fu_299   |upconv_core_top_ucb0_Pipeline_LOAD_ROW_VITIS_LOOP_308_2   |        0|    0|    585|    425|    0|
    +---------------------------------------------------------------------+----------------------------------------------------------+---------+-----+-------+-------+-----+
    |Total                                                                |                                                          |       84|  511|  81367|  70805|   48|
    +---------------------------------------------------------------------+----------------------------------------------------------+---------+-----+-------+-------+-----+

    * DSP: 
    N/A

    * Memory: 
    +---------+-------------------------+---------+---+----+-----+------+-----+------+-------------+
    |  Memory |          Module         | BRAM_18K| FF| LUT| URAM| Words| Bits| Banks| W*Bits*Banks|
    +---------+-------------------------+---------+---+----+-----+------+-----+------+-------------+
    |x_buf_U  |x_buf_RAM_T2P_URAM_1R1W  |        0|  0|   0|    4|  1920|  256|     1|       491520|
    +---------+-------------------------+---------+---+----+-----+------+-----+------+-------------+
    |Total    |                         |        0|  0|   0|    4|  1920|  256|     1|       491520|
    +---------+-------------------------+---------+---+----+-----+------+-----+------+-------------+

    * FIFO: 
    N/A

    * Expression: 
    +-----------------------+----------+----+---+----+------------+------------+
    |     Variable Name     | Operation| DSP| FF| LUT| Bitwidth P0| Bitwidth P1|
    +-----------------------+----------+----+---+----+------------+------------+
    |add_ln305_1_fu_408_p2  |         +|   0|  0|  12|           5|           1|
    |add_ln305_2_fu_368_p2  |         +|   0|  0|  12|           4|           1|
    |add_ln305_fu_320_p2    |         +|   0|  0|  71|          64|          15|
    |add_ln313_fu_429_p2    |         +|   0|  0|  12|           5|           2|
    |sub_ln306_fu_394_p2    |         -|   0|  0|  21|          14|          14|
    |icmp_ln305_fu_362_p2   |      icmp|   0|  0|  13|           5|           6|
    +-----------------------+----------+----+---+----+------------+------------+
    |Total                  |          |   0|  0| 141|          97|          39|
    +-----------------------+----------+----+---+----+------------+------------+

    * Multiplexer: 
    +--------------------------------------------------+-----+-----------+-----+-----------+
    |                       Name                       | LUT | Input Size| Bits| Total Bits|
    +--------------------------------------------------+-----+-----------+-----+-----------+
    |ap_NS_fsm                                         |  106|         21|    1|         21|
    |gmem_in_0_ARADDR                                  |   20|          4|   64|        256|
    |gmem_in_0_ARLEN                                   |   20|          4|   32|        128|
    |gmem_in_0_ARVALID                                 |   20|          4|    1|          4|
    |gmem_in_0_RREADY                                  |   14|          3|    1|          3|
    |gmem_in_blk_n_AR                                  |    9|          2|    1|          2|
    |gmem_out_0_AWVALID                                |    9|          2|    1|          2|
    |gmem_out_0_BREADY                                 |    9|          2|    1|          2|
    |gmem_out_0_WVALID                                 |    9|          2|    1|          2|
    |gmem_param_0_ARVALID                              |    9|          2|    1|          2|
    |gmem_param_0_RREADY                               |    9|          2|    1|          2|
    |gmem_weight_0_ARVALID                             |    9|          2|    1|          2|
    |gmem_weight_0_RREADY                              |    9|          2|    1|          2|
    |grp_UpConv_Fused_Row_8_16_16_960_480_s_fu_242_ho  |   26|          5|    5|         25|
    |hi_fu_176                                         |    9|          2|    5|         10|
    |indvar_fu_180                                     |    9|          2|    4|          8|
    |x_buf_address0                                    |   20|          4|   11|         44|
    |x_buf_ce0                                         |   20|          4|    1|          4|
    |x_buf_d0                                          |   14|          3|  256|        768|
    |x_buf_we0                                         |   14|          3|    1|          3|
    +--------------------------------------------------+-----+-----------+-----+-----------+
    |Total                                             |  364|         75|  390|       1290|
    +--------------------------------------------------+-----+-----------+-----+-----------+

    * Register: 
    +----------------------------------------------------------------------------------+----+----+-----+-----------+
    |                                       Name                                       | FF | LUT| Bits| Const Bits|
    +----------------------------------------------------------------------------------+----+----+-----+-----------+
    |BE_read_reg_460                                                                   |  64|   0|   64|          0|
    |B_read_reg_470                                                                    |  64|   0|   64|          0|
    |G_read_reg_465                                                                    |  64|   0|   64|          0|
    |W_read_reg_475                                                                    |  64|   0|   64|          0|
    |Y_read_reg_455                                                                    |  64|   0|   64|          0|
    |add_ln313_reg_519                                                                 |   5|   0|    5|          0|
    |ap_CS_fsm                                                                         |  20|   0|   20|          0|
    |empty_174_reg_509                                                                 |   5|   0|    5|          0|
    |epsilon_read_reg_450                                                              |  16|   0|   16|          0|
    |grp_UpConv_Fused_Row_8_16_16_960_480_s_fu_242_ap_start_reg                        |   1|   0|    1|          0|
    |grp_upconv_core_top_ucb0_Pipeline_LOAD_ROW0_VITIS_LOOP_297_1_fu_233_ap_start_reg  |   1|   0|    1|          0|
    |grp_upconv_core_top_ucb0_Pipeline_LOAD_ROW_VITIS_LOOP_308_2_fu_299_ap_start_reg   |   1|   0|    1|          0|
    |hi_1_reg_496                                                                      |   5|   0|    5|          0|
    |hi_fu_176                                                                         |   5|   0|    5|          0|
    |indvar_fu_180                                                                     |   4|   0|    4|          0|
    |shl_ln313_reg_514                                                                 |   5|   0|    5|          0|
    |sub_ln306_reg_504                                                                 |   8|   0|   14|          6|
    |trunc_ln1_reg_486                                                                 |  59|   0|   59|          0|
    |trunc_ln_reg_480                                                                  |  59|   0|   59|          0|
    +----------------------------------------------------------------------------------+----+----+-----+-----------+
    |Total                                                                             | 514|   0|  520|          6|
    +----------------------------------------------------------------------------------+----+----+-----+-----------+



================================================================
== Interface
================================================================
* Summary: 
+----------------------------+-----+-----+------------+----------------------+--------------+
|          RTL Ports         | Dir | Bits|  Protocol  |     Source Object    |    C Type    |
+----------------------------+-----+-----+------------+----------------------+--------------+
|s_axi_control_AWVALID       |   in|    1|       s_axi|               control|        scalar|
|s_axi_control_AWREADY       |  out|    1|       s_axi|               control|        scalar|
|s_axi_control_AWADDR        |   in|    7|       s_axi|               control|        scalar|
|s_axi_control_WVALID        |   in|    1|       s_axi|               control|        scalar|
|s_axi_control_WREADY        |  out|    1|       s_axi|               control|        scalar|
|s_axi_control_WDATA         |   in|   32|       s_axi|               control|        scalar|
|s_axi_control_WSTRB         |   in|    4|       s_axi|               control|        scalar|
|s_axi_control_ARVALID       |   in|    1|       s_axi|               control|        scalar|
|s_axi_control_ARREADY       |  out|    1|       s_axi|               control|        scalar|
|s_axi_control_ARADDR        |   in|    7|       s_axi|               control|        scalar|
|s_axi_control_RVALID        |  out|    1|       s_axi|               control|        scalar|
|s_axi_control_RREADY        |   in|    1|       s_axi|               control|        scalar|
|s_axi_control_RDATA         |  out|   32|       s_axi|               control|        scalar|
|s_axi_control_RRESP         |  out|    2|       s_axi|               control|        scalar|
|s_axi_control_BVALID        |  out|    1|       s_axi|               control|        scalar|
|s_axi_control_BREADY        |   in|    1|       s_axi|               control|        scalar|
|s_axi_control_BRESP         |  out|    2|       s_axi|               control|        scalar|
|ap_clk                      |   in|    1|  ap_ctrl_hs|  upconv_core_top_ucb0|  return value|
|ap_rst_n                    |   in|    1|  ap_ctrl_hs|  upconv_core_top_ucb0|  return value|
|interrupt                   |  out|    1|  ap_ctrl_hs|  upconv_core_top_ucb0|  return value|
|m_axi_gmem_in_AWVALID       |  out|    1|       m_axi|               gmem_in|       pointer|
|m_axi_gmem_in_AWREADY       |   in|    1|       m_axi|               gmem_in|       pointer|
|m_axi_gmem_in_AWADDR        |  out|   64|       m_axi|               gmem_in|       pointer|
|m_axi_gmem_in_AWID          |  out|    1|       m_axi|               gmem_in|       pointer|
|m_axi_gmem_in_AWLEN         |  out|    8|       m_axi|               gmem_in|       pointer|
|m_axi_gmem_in_AWSIZE        |  out|    3|       m_axi|               gmem_in|       pointer|
|m_axi_gmem_in_AWBURST       |  out|    2|       m_axi|               gmem_in|       pointer|
|m_axi_gmem_in_AWLOCK        |  out|    2|       m_axi|               gmem_in|       pointer|
|m_axi_gmem_in_AWCACHE       |  out|    4|       m_axi|               gmem_in|       pointer|
|m_axi_gmem_in_AWPROT        |  out|    3|       m_axi|               gmem_in|       pointer|
|m_axi_gmem_in_AWQOS         |  out|    4|       m_axi|               gmem_in|       pointer|
|m_axi_gmem_in_AWREGION      |  out|    4|       m_axi|               gmem_in|       pointer|
|m_axi_gmem_in_AWUSER        |  out|    1|       m_axi|               gmem_in|       pointer|
|m_axi_gmem_in_WVALID        |  out|    1|       m_axi|               gmem_in|       pointer|
|m_axi_gmem_in_WREADY        |   in|    1|       m_axi|               gmem_in|       pointer|
|m_axi_gmem_in_WDATA         |  out|  256|       m_axi|               gmem_in|       pointer|
|m_axi_gmem_in_WSTRB         |  out|   32|       m_axi|               gmem_in|       pointer|
|m_axi_gmem_in_WLAST         |  out|    1|       m_axi|               gmem_in|       pointer|
|m_axi_gmem_in_WID           |  out|    1|       m_axi|               gmem_in|       pointer|
|m_axi_gmem_in_WUSER         |  out|    1|       m_axi|               gmem_in|       pointer|
|m_axi_gmem_in_ARVALID       |  out|    1|       m_axi|               gmem_in|       pointer|
|m_axi_gmem_in_ARREADY       |   in|    1|       m_axi|               gmem_in|       pointer|
|m_axi_gmem_in_ARADDR        |  out|   64|       m_axi|               gmem_in|       pointer|
|m_axi_gmem_in_ARID          |  out|    1|       m_axi|               gmem_in|       pointer|
|m_axi_gmem_in_ARLEN         |  out|    8|       m_axi|               gmem_in|       pointer|
|m_axi_gmem_in_ARSIZE        |  out|    3|       m_axi|               gmem_in|       pointer|
|m_axi_gmem_in_ARBURST       |  out|    2|       m_axi|               gmem_in|       pointer|
|m_axi_gmem_in_ARLOCK        |  out|    2|       m_axi|               gmem_in|       pointer|
|m_axi_gmem_in_ARCACHE       |  out|    4|       m_axi|               gmem_in|       pointer|
|m_axi_gmem_in_ARPROT        |  out|    3|       m_axi|               gmem_in|       pointer|
|m_axi_gmem_in_ARQOS         |  out|    4|       m_axi|               gmem_in|       pointer|
|m_axi_gmem_in_ARREGION      |  out|    4|       m_axi|               gmem_in|       pointer|
|m_axi_gmem_in_ARUSER        |  out|    1|       m_axi|               gmem_in|       pointer|
|m_axi_gmem_in_RVALID        |   in|    1|       m_axi|               gmem_in|       pointer|
|m_axi_gmem_in_RREADY        |  out|    1|       m_axi|               gmem_in|       pointer|
|m_axi_gmem_in_RDATA         |   in|  256|       m_axi|               gmem_in|       pointer|
|m_axi_gmem_in_RLAST         |   in|    1|       m_axi|               gmem_in|       pointer|
|m_axi_gmem_in_RID           |   in|    1|       m_axi|               gmem_in|       pointer|
|m_axi_gmem_in_RUSER         |   in|    1|       m_axi|               gmem_in|       pointer|
|m_axi_gmem_in_RRESP         |   in|    2|       m_axi|               gmem_in|       pointer|
|m_axi_gmem_in_BVALID        |   in|    1|       m_axi|               gmem_in|       pointer|
|m_axi_gmem_in_BREADY        |  out|    1|       m_axi|               gmem_in|       pointer|
|m_axi_gmem_in_BRESP         |   in|    2|       m_axi|               gmem_in|       pointer|
|m_axi_gmem_in_BID           |   in|    1|       m_axi|               gmem_in|       pointer|
|m_axi_gmem_in_BUSER         |   in|    1|       m_axi|               gmem_in|       pointer|
|m_axi_gmem_weight_AWVALID   |  out|    1|       m_axi|           gmem_weight|       pointer|
|m_axi_gmem_weight_AWREADY   |   in|    1|       m_axi|           gmem_weight|       pointer|
|m_axi_gmem_weight_AWADDR    |  out|   64|       m_axi|           gmem_weight|       pointer|
|m_axi_gmem_weight_AWID      |  out|    1|       m_axi|           gmem_weight|       pointer|
|m_axi_gmem_weight_AWLEN     |  out|    8|       m_axi|           gmem_weight|       pointer|
|m_axi_gmem_weight_AWSIZE    |  out|    3|       m_axi|           gmem_weight|       pointer|
|m_axi_gmem_weight_AWBURST   |  out|    2|       m_axi|           gmem_weight|       pointer|
|m_axi_gmem_weight_AWLOCK    |  out|    2|       m_axi|           gmem_weight|       pointer|
|m_axi_gmem_weight_AWCACHE   |  out|    4|       m_axi|           gmem_weight|       pointer|
|m_axi_gmem_weight_AWPROT    |  out|    3|       m_axi|           gmem_weight|       pointer|
|m_axi_gmem_weight_AWQOS     |  out|    4|       m_axi|           gmem_weight|       pointer|
|m_axi_gmem_weight_AWREGION  |  out|    4|       m_axi|           gmem_weight|       pointer|
|m_axi_gmem_weight_AWUSER    |  out|    1|       m_axi|           gmem_weight|       pointer|
|m_axi_gmem_weight_WVALID    |  out|    1|       m_axi|           gmem_weight|       pointer|
|m_axi_gmem_weight_WREADY    |   in|    1|       m_axi|           gmem_weight|       pointer|
|m_axi_gmem_weight_WDATA     |  out|  256|       m_axi|           gmem_weight|       pointer|
|m_axi_gmem_weight_WSTRB     |  out|   32|       m_axi|           gmem_weight|       pointer|
|m_axi_gmem_weight_WLAST     |  out|    1|       m_axi|           gmem_weight|       pointer|
|m_axi_gmem_weight_WID       |  out|    1|       m_axi|           gmem_weight|       pointer|
|m_axi_gmem_weight_WUSER     |  out|    1|       m_axi|           gmem_weight|       pointer|
|m_axi_gmem_weight_ARVALID   |  out|    1|       m_axi|           gmem_weight|       pointer|
|m_axi_gmem_weight_ARREADY   |   in|    1|       m_axi|           gmem_weight|       pointer|
|m_axi_gmem_weight_ARADDR    |  out|   64|       m_axi|           gmem_weight|       pointer|
|m_axi_gmem_weight_ARID      |  out|    1|       m_axi|           gmem_weight|       pointer|
|m_axi_gmem_weight_ARLEN     |  out|    8|       m_axi|           gmem_weight|       pointer|
|m_axi_gmem_weight_ARSIZE    |  out|    3|       m_axi|           gmem_weight|       pointer|
|m_axi_gmem_weight_ARBURST   |  out|    2|       m_axi|           gmem_weight|       pointer|
|m_axi_gmem_weight_ARLOCK    |  out|    2|       m_axi|           gmem_weight|       pointer|
|m_axi_gmem_weight_ARCACHE   |  out|    4|       m_axi|           gmem_weight|       pointer|
|m_axi_gmem_weight_ARPROT    |  out|    3|       m_axi|           gmem_weight|       pointer|
|m_axi_gmem_weight_ARQOS     |  out|    4|       m_axi|           gmem_weight|       pointer|
|m_axi_gmem_weight_ARREGION  |  out|    4|       m_axi|           gmem_weight|       pointer|
|m_axi_gmem_weight_ARUSER    |  out|    1|       m_axi|           gmem_weight|       pointer|
|m_axi_gmem_weight_RVALID    |   in|    1|       m_axi|           gmem_weight|       pointer|
|m_axi_gmem_weight_RREADY    |  out|    1|       m_axi|           gmem_weight|       pointer|
|m_axi_gmem_weight_RDATA     |   in|  256|       m_axi|           gmem_weight|       pointer|
|m_axi_gmem_weight_RLAST     |   in|    1|       m_axi|           gmem_weight|       pointer|
|m_axi_gmem_weight_RID       |   in|    1|       m_axi|           gmem_weight|       pointer|
|m_axi_gmem_weight_RUSER     |   in|    1|       m_axi|           gmem_weight|       pointer|
|m_axi_gmem_weight_RRESP     |   in|    2|       m_axi|           gmem_weight|       pointer|
|m_axi_gmem_weight_BVALID    |   in|    1|       m_axi|           gmem_weight|       pointer|
|m_axi_gmem_weight_BREADY    |  out|    1|       m_axi|           gmem_weight|       pointer|
|m_axi_gmem_weight_BRESP     |   in|    2|       m_axi|           gmem_weight|       pointer|
|m_axi_gmem_weight_BID       |   in|    1|       m_axi|           gmem_weight|       pointer|
|m_axi_gmem_weight_BUSER     |   in|    1|       m_axi|           gmem_weight|       pointer|
|m_axi_gmem_param_AWVALID    |  out|    1|       m_axi|            gmem_param|       pointer|
|m_axi_gmem_param_AWREADY    |   in|    1|       m_axi|            gmem_param|       pointer|
|m_axi_gmem_param_AWADDR     |  out|   64|       m_axi|            gmem_param|       pointer|
|m_axi_gmem_param_AWID       |  out|    1|       m_axi|            gmem_param|       pointer|
|m_axi_gmem_param_AWLEN      |  out|    8|       m_axi|            gmem_param|       pointer|
|m_axi_gmem_param_AWSIZE     |  out|    3|       m_axi|            gmem_param|       pointer|
|m_axi_gmem_param_AWBURST    |  out|    2|       m_axi|            gmem_param|       pointer|
|m_axi_gmem_param_AWLOCK     |  out|    2|       m_axi|            gmem_param|       pointer|
|m_axi_gmem_param_AWCACHE    |  out|    4|       m_axi|            gmem_param|       pointer|
|m_axi_gmem_param_AWPROT     |  out|    3|       m_axi|            gmem_param|       pointer|
|m_axi_gmem_param_AWQOS      |  out|    4|       m_axi|            gmem_param|       pointer|
|m_axi_gmem_param_AWREGION   |  out|    4|       m_axi|            gmem_param|       pointer|
|m_axi_gmem_param_AWUSER     |  out|    1|       m_axi|            gmem_param|       pointer|
|m_axi_gmem_param_WVALID     |  out|    1|       m_axi|            gmem_param|       pointer|
|m_axi_gmem_param_WREADY     |   in|    1|       m_axi|            gmem_param|       pointer|
|m_axi_gmem_param_WDATA      |  out|  256|       m_axi|            gmem_param|       pointer|
|m_axi_gmem_param_WSTRB      |  out|   32|       m_axi|            gmem_param|       pointer|
|m_axi_gmem_param_WLAST      |  out|    1|       m_axi|            gmem_param|       pointer|
|m_axi_gmem_param_WID        |  out|    1|       m_axi|            gmem_param|       pointer|
|m_axi_gmem_param_WUSER      |  out|    1|       m_axi|            gmem_param|       pointer|
|m_axi_gmem_param_ARVALID    |  out|    1|       m_axi|            gmem_param|       pointer|
|m_axi_gmem_param_ARREADY    |   in|    1|       m_axi|            gmem_param|       pointer|
|m_axi_gmem_param_ARADDR     |  out|   64|       m_axi|            gmem_param|       pointer|
|m_axi_gmem_param_ARID       |  out|    1|       m_axi|            gmem_param|       pointer|
|m_axi_gmem_param_ARLEN      |  out|    8|       m_axi|            gmem_param|       pointer|
|m_axi_gmem_param_ARSIZE     |  out|    3|       m_axi|            gmem_param|       pointer|
|m_axi_gmem_param_ARBURST    |  out|    2|       m_axi|            gmem_param|       pointer|
|m_axi_gmem_param_ARLOCK     |  out|    2|       m_axi|            gmem_param|       pointer|
|m_axi_gmem_param_ARCACHE    |  out|    4|       m_axi|            gmem_param|       pointer|
|m_axi_gmem_param_ARPROT     |  out|    3|       m_axi|            gmem_param|       pointer|
|m_axi_gmem_param_ARQOS      |  out|    4|       m_axi|            gmem_param|       pointer|
|m_axi_gmem_param_ARREGION   |  out|    4|       m_axi|            gmem_param|       pointer|
|m_axi_gmem_param_ARUSER     |  out|    1|       m_axi|            gmem_param|       pointer|
|m_axi_gmem_param_RVALID     |   in|    1|       m_axi|            gmem_param|       pointer|
|m_axi_gmem_param_RREADY     |  out|    1|       m_axi|            gmem_param|       pointer|
|m_axi_gmem_param_RDATA      |   in|  256|       m_axi|            gmem_param|       pointer|
|m_axi_gmem_param_RLAST      |   in|    1|       m_axi|            gmem_param|       pointer|
|m_axi_gmem_param_RID        |   in|    1|       m_axi|            gmem_param|       pointer|
|m_axi_gmem_param_RUSER      |   in|    1|       m_axi|            gmem_param|       pointer|
|m_axi_gmem_param_RRESP      |   in|    2|       m_axi|            gmem_param|       pointer|
|m_axi_gmem_param_BVALID     |   in|    1|       m_axi|            gmem_param|       pointer|
|m_axi_gmem_param_BREADY     |  out|    1|       m_axi|            gmem_param|       pointer|
|m_axi_gmem_param_BRESP      |   in|    2|       m_axi|            gmem_param|       pointer|
|m_axi_gmem_param_BID        |   in|    1|       m_axi|            gmem_param|       pointer|
|m_axi_gmem_param_BUSER      |   in|    1|       m_axi|            gmem_param|       pointer|
|m_axi_gmem_out_AWVALID      |  out|    1|       m_axi|              gmem_out|       pointer|
|m_axi_gmem_out_AWREADY      |   in|    1|       m_axi|              gmem_out|       pointer|
|m_axi_gmem_out_AWADDR       |  out|   64|       m_axi|              gmem_out|       pointer|
|m_axi_gmem_out_AWID         |  out|    1|       m_axi|              gmem_out|       pointer|
|m_axi_gmem_out_AWLEN        |  out|    8|       m_axi|              gmem_out|       pointer|
|m_axi_gmem_out_AWSIZE       |  out|    3|       m_axi|              gmem_out|       pointer|
|m_axi_gmem_out_AWBURST      |  out|    2|       m_axi|              gmem_out|       pointer|
|m_axi_gmem_out_AWLOCK       |  out|    2|       m_axi|              gmem_out|       pointer|
|m_axi_gmem_out_AWCACHE      |  out|    4|       m_axi|              gmem_out|       pointer|
|m_axi_gmem_out_AWPROT       |  out|    3|       m_axi|              gmem_out|       pointer|
|m_axi_gmem_out_AWQOS        |  out|    4|       m_axi|              gmem_out|       pointer|
|m_axi_gmem_out_AWREGION     |  out|    4|       m_axi|              gmem_out|       pointer|
|m_axi_gmem_out_AWUSER       |  out|    1|       m_axi|              gmem_out|       pointer|
|m_axi_gmem_out_WVALID       |  out|    1|       m_axi|              gmem_out|       pointer|
|m_axi_gmem_out_WREADY       |   in|    1|       m_axi|              gmem_out|       pointer|
|m_axi_gmem_out_WDATA        |  out|  256|       m_axi|              gmem_out|       pointer|
|m_axi_gmem_out_WSTRB        |  out|   32|       m_axi|              gmem_out|       pointer|
|m_axi_gmem_out_WLAST        |  out|    1|       m_axi|              gmem_out|       pointer|
|m_axi_gmem_out_WID          |  out|    1|       m_axi|              gmem_out|       pointer|
|m_axi_gmem_out_WUSER        |  out|    1|       m_axi|              gmem_out|       pointer|
|m_axi_gmem_out_ARVALID      |  out|    1|       m_axi|              gmem_out|       pointer|
|m_axi_gmem_out_ARREADY      |   in|    1|       m_axi|              gmem_out|       pointer|
|m_axi_gmem_out_ARADDR       |  out|   64|       m_axi|              gmem_out|       pointer|
|m_axi_gmem_out_ARID         |  out|    1|       m_axi|              gmem_out|       pointer|
|m_axi_gmem_out_ARLEN        |  out|    8|       m_axi|              gmem_out|       pointer|
|m_axi_gmem_out_ARSIZE       |  out|    3|       m_axi|              gmem_out|       pointer|
|m_axi_gmem_out_ARBURST      |  out|    2|       m_axi|              gmem_out|       pointer|
|m_axi_gmem_out_ARLOCK       |  out|    2|       m_axi|              gmem_out|       pointer|
|m_axi_gmem_out_ARCACHE      |  out|    4|       m_axi|              gmem_out|       pointer|
|m_axi_gmem_out_ARPROT       |  out|    3|       m_axi|              gmem_out|       pointer|
|m_axi_gmem_out_ARQOS        |  out|    4|       m_axi|              gmem_out|       pointer|
|m_axi_gmem_out_ARREGION     |  out|    4|       m_axi|              gmem_out|       pointer|
|m_axi_gmem_out_ARUSER       |  out|    1|       m_axi|              gmem_out|       pointer|
|m_axi_gmem_out_RVALID       |   in|    1|       m_axi|              gmem_out|       pointer|
|m_axi_gmem_out_RREADY       |  out|    1|       m_axi|              gmem_out|       pointer|
|m_axi_gmem_out_RDATA        |   in|  256|       m_axi|              gmem_out|       pointer|
|m_axi_gmem_out_RLAST        |   in|    1|       m_axi|              gmem_out|       pointer|
|m_axi_gmem_out_RID          |   in|    1|       m_axi|              gmem_out|       pointer|
|m_axi_gmem_out_RUSER        |   in|    1|       m_axi|              gmem_out|       pointer|
|m_axi_gmem_out_RRESP        |   in|    2|       m_axi|              gmem_out|       pointer|
|m_axi_gmem_out_BVALID       |   in|    1|       m_axi|              gmem_out|       pointer|
|m_axi_gmem_out_BREADY       |  out|    1|       m_axi|              gmem_out|       pointer|
|m_axi_gmem_out_BRESP        |   in|    2|       m_axi|              gmem_out|       pointer|
|m_axi_gmem_out_BID          |   in|    1|       m_axi|              gmem_out|       pointer|
|m_axi_gmem_out_BUSER        |   in|    1|       m_axi|              gmem_out|       pointer|
+----------------------------+-----+-----+------------+----------------------+--------------+

============================================================
+ Verbose Summary: Synthesis Manager
============================================================
InlineROM: 1
ExposeGlobal: 0
============================================================
+ Verbose Summary: CDFG Model
============================================================
IsTopModel: 1
ResetActiveHigh: 1
IsCombinational: 2
IsDatapathOnly: 2
HasWiredReturn: 1
HasMFsm: 0
HasVarLatency: 1
IsPipeline: 0
IsRtlPipelined: 0
IsInstanceOverlapped: 0
IsDontTouch: 0
HasImplIP: 0
IsGatedGlobalClock: 0


============================================================
+ Verbose Summary: Schedule
============================================================
* Number of FSM states : 20
* Pipeline : 0
* Dataflow Pipeline: 0

* FSM state transitions: 
1 --> 2 
2 --> 3 
3 --> 4 
4 --> 5 
5 --> 6 
6 --> 7 
7 --> 8 
8 --> 9 
9 --> 10 
10 --> 11 
11 --> 12 
12 --> 13 
13 --> 14 
14 --> 15 20 
15 --> 16 
16 --> 17 
17 --> 18 
18 --> 19 
19 --> 14 
20 --> 

* FSM state operations: 

State 1 <SV = 0> <Delay = 2.08>
ST_1 : Operation 21 [1/1] (0.00ns)   --->   "%hi = alloca i32 1" [../gen/Hls_Layers_UpConv.tpp:305->../gen/upconv_core_top_ucb0.cpp:40]   --->   Operation 21 'alloca' 'hi' <Predicate = true> <Delay = 0.00>
ST_1 : Operation 22 [1/1] (0.00ns)   --->   "%indvar = alloca i32 1"   --->   Operation 22 'alloca' 'indvar' <Predicate = true> <Delay = 0.00>
ST_1 : Operation 23 [1/1] (1.00ns)   --->   "%epsilon_read = read i16 @_ssdm_op_Read.s_axilite.half, i16 %epsilon" [../gen/upconv_core_top_ucb0.cpp:11]   --->   Operation 23 'read' 'epsilon_read' <Predicate = true> <Delay = 1.00> <CoreInst = "s_axilite">   --->   Core 120 's_axilite' <Latency = 0> <II = 1> <Delay = 1.00> <Adapter> <Opcode : 'read' 'write'>
ST_1 : Operation 24 [1/1] (1.00ns)   --->   "%Y_read = read i64 @_ssdm_op_Read.s_axilite.i64, i64 %Y" [../gen/upconv_core_top_ucb0.cpp:11]   --->   Operation 24 'read' 'Y_read' <Predicate = true> <Delay = 1.00> <CoreInst = "s_axilite">   --->   Core 120 's_axilite' <Latency = 0> <II = 1> <Delay = 1.00> <Adapter> <Opcode : 'read' 'write'>
ST_1 : Operation 25 [1/1] (1.00ns)   --->   "%BE_read = read i64 @_ssdm_op_Read.s_axilite.i64, i64 %BE" [../gen/upconv_core_top_ucb0.cpp:11]   --->   Operation 25 'read' 'BE_read' <Predicate = true> <Delay = 1.00> <CoreInst = "s_axilite">   --->   Core 120 's_axilite' <Latency = 0> <II = 1> <Delay = 1.00> <Adapter> <Opcode : 'read' 'write'>
ST_1 : Operation 26 [1/1] (1.00ns)   --->   "%G_read = read i64 @_ssdm_op_Read.s_axilite.i64, i64 %G" [../gen/upconv_core_top_ucb0.cpp:11]   --->   Operation 26 'read' 'G_read' <Predicate = true> <Delay = 1.00> <CoreInst = "s_axilite">   --->   Core 120 's_axilite' <Latency = 0> <II = 1> <Delay = 1.00> <Adapter> <Opcode : 'read' 'write'>
ST_1 : Operation 27 [1/1] (1.00ns)   --->   "%B_read = read i64 @_ssdm_op_Read.s_axilite.i64, i64 %B" [../gen/upconv_core_top_ucb0.cpp:11]   --->   Operation 27 'read' 'B_read' <Predicate = true> <Delay = 1.00> <CoreInst = "s_axilite">   --->   Core 120 's_axilite' <Latency = 0> <II = 1> <Delay = 1.00> <Adapter> <Opcode : 'read' 'write'>
ST_1 : Operation 28 [1/1] (1.00ns)   --->   "%W_read = read i64 @_ssdm_op_Read.s_axilite.i64, i64 %W" [../gen/upconv_core_top_ucb0.cpp:11]   --->   Operation 28 'read' 'W_read' <Predicate = true> <Delay = 1.00> <CoreInst = "s_axilite">   --->   Core 120 's_axilite' <Latency = 0> <II = 1> <Delay = 1.00> <Adapter> <Opcode : 'read' 'write'>
ST_1 : Operation 29 [1/1] (1.00ns)   --->   "%X_read = read i64 @_ssdm_op_Read.s_axilite.i64, i64 %X" [../gen/upconv_core_top_ucb0.cpp:11]   --->   Operation 29 'read' 'X_read' <Predicate = true> <Delay = 1.00> <CoreInst = "s_axilite">   --->   Core 120 's_axilite' <Latency = 0> <II = 1> <Delay = 1.00> <Adapter> <Opcode : 'read' 'write'>
ST_1 : Operation 30 [1/1] (0.00ns)   --->   "%trunc_ln = partselect i59 @_ssdm_op_PartSelect.i59.i64.i32.i32, i64 %X_read, i32 5, i32 63" [../gen/Hls_Layers_UpConv.tpp:296->../gen/upconv_core_top_ucb0.cpp:40]   --->   Operation 30 'partselect' 'trunc_ln' <Predicate = true> <Delay = 0.00>
ST_1 : Operation 31 [1/1] (1.08ns)   --->   "%add_ln305 = add i64 %X_read, i64 30720" [../gen/Hls_Layers_UpConv.tpp:305->../gen/upconv_core_top_ucb0.cpp:40]   --->   Operation 31 'add' 'add_ln305' <Predicate = true> <Delay = 1.08> <CoreInst = "Adder">   --->   Core 1 'Adder' <Latency = 0> <II = 1> <Delay = 1.08> <FuncUnit> <Opcode : 'add' 'sub'> <InPorts = 2> <OutPorts = 1>
ST_1 : Operation 32 [1/1] (0.00ns)   --->   "%trunc_ln1 = partselect i59 @_ssdm_op_PartSelect.i59.i64.i32.i32, i64 %add_ln305, i32 5, i32 63" [../gen/Hls_Layers_UpConv.tpp:305->../gen/upconv_core_top_ucb0.cpp:40]   --->   Operation 32 'partselect' 'trunc_ln1' <Predicate = true> <Delay = 0.00>
ST_1 : Operation 33 [1/1] (0.42ns)   --->   "%store_ln0 = store i4 0, i4 %indvar"   --->   Operation 33 'store' 'store_ln0' <Predicate = true> <Delay = 0.42>
ST_1 : Operation 34 [1/1] (0.42ns)   --->   "%store_ln305 = store i5 1, i5 %hi" [../gen/Hls_Layers_UpConv.tpp:305->../gen/upconv_core_top_ucb0.cpp:40]   --->   Operation 34 'store' 'store_ln305' <Predicate = true> <Delay = 0.42>

State 2 <SV = 1> <Delay = 2.43>
ST_2 : Operation 35 [1/1] (0.00ns)   --->   "%sext_ln296 = sext i59 %trunc_ln" [../gen/Hls_Layers_UpConv.tpp:296->../gen/upconv_core_top_ucb0.cpp:40]   --->   Operation 35 'sext' 'sext_ln296' <Predicate = true> <Delay = 0.00>
ST_2 : Operation 36 [1/1] (0.00ns)   --->   "%gmem_in_addr = getelementptr i256 %gmem_in, i64 %sext_ln296" [../gen/Hls_Layers_UpConv.tpp:296->../gen/upconv_core_top_ucb0.cpp:40]   --->   Operation 36 'getelementptr' 'gmem_in_addr' <Predicate = true> <Delay = 0.00>
ST_2 : Operation 37 [8/8] (2.43ns)   --->   "%empty = readreq i1 @_ssdm_op_ReadReq.m_axi.p1i256, i64 %gmem_in_addr, i64 960" [../gen/Hls_Layers_UpConv.tpp:296->../gen/upconv_core_top_ucb0.cpp:40]   --->   Operation 37 'readreq' 'empty' <Predicate = true> <Delay = 2.43> <CoreInst = "m_axi">   --->   Core 119 'm_axi' <Latency = 6> <II = 1> <Delay = 1.00> <Adapter> <Opcode : 'read' 'write' 'readreq' 'writereq' 'writeresp'>

State 3 <SV = 2> <Delay = 2.43>
ST_3 : Operation 38 [7/8] (2.43ns)   --->   "%empty = readreq i1 @_ssdm_op_ReadReq.m_axi.p1i256, i64 %gmem_in_addr, i64 960" [../gen/Hls_Layers_UpConv.tpp:296->../gen/upconv_core_top_ucb0.cpp:40]   --->   Operation 38 'readreq' 'empty' <Predicate = true> <Delay = 2.43> <CoreInst = "m_axi">   --->   Core 119 'm_axi' <Latency = 6> <II = 1> <Delay = 1.00> <Adapter> <Opcode : 'read' 'write' 'readreq' 'writereq' 'writeresp'>

State 4 <SV = 3> <Delay = 2.43>
ST_4 : Operation 39 [6/8] (2.43ns)   --->   "%empty = readreq i1 @_ssdm_op_ReadReq.m_axi.p1i256, i64 %gmem_in_addr, i64 960" [../gen/Hls_Layers_UpConv.tpp:296->../gen/upconv_core_top_ucb0.cpp:40]   --->   Operation 39 'readreq' 'empty' <Predicate = true> <Delay = 2.43> <CoreInst = "m_axi">   --->   Core 119 'm_axi' <Latency = 6> <II = 1> <Delay = 1.00> <Adapter> <Opcode : 'read' 'write' 'readreq' 'writereq' 'writeresp'>

State 5 <SV = 4> <Delay = 2.43>
ST_5 : Operation 40 [5/8] (2.43ns)   --->   "%empty = readreq i1 @_ssdm_op_ReadReq.m_axi.p1i256, i64 %gmem_in_addr, i64 960" [../gen/Hls_Layers_UpConv.tpp:296->../gen/upconv_core_top_ucb0.cpp:40]   --->   Operation 40 'readreq' 'empty' <Predicate = true> <Delay = 2.43> <CoreInst = "m_axi">   --->   Core 119 'm_axi' <Latency = 6> <II = 1> <Delay = 1.00> <Adapter> <Opcode : 'read' 'write' 'readreq' 'writereq' 'writeresp'>

State 6 <SV = 5> <Delay = 2.43>
ST_6 : Operation 41 [4/8] (2.43ns)   --->   "%empty = readreq i1 @_ssdm_op_ReadReq.m_axi.p1i256, i64 %gmem_in_addr, i64 960" [../gen/Hls_Layers_UpConv.tpp:296->../gen/upconv_core_top_ucb0.cpp:40]   --->   Operation 41 'readreq' 'empty' <Predicate = true> <Delay = 2.43> <CoreInst = "m_axi">   --->   Core 119 'm_axi' <Latency = 6> <II = 1> <Delay = 1.00> <Adapter> <Opcode : 'read' 'write' 'readreq' 'writereq' 'writeresp'>

State 7 <SV = 6> <Delay = 2.43>
ST_7 : Operation 42 [3/8] (2.43ns)   --->   "%empty = readreq i1 @_ssdm_op_ReadReq.m_axi.p1i256, i64 %gmem_in_addr, i64 960" [../gen/Hls_Layers_UpConv.tpp:296->../gen/upconv_core_top_ucb0.cpp:40]   --->   Operation 42 'readreq' 'empty' <Predicate = true> <Delay = 2.43> <CoreInst = "m_axi">   --->   Core 119 'm_axi' <Latency = 6> <II = 1> <Delay = 1.00> <Adapter> <Opcode : 'read' 'write' 'readreq' 'writereq' 'writeresp'>

State 8 <SV = 7> <Delay = 2.43>
ST_8 : Operation 43 [2/8] (2.43ns)   --->   "%empty = readreq i1 @_ssdm_op_ReadReq.m_axi.p1i256, i64 %gmem_in_addr, i64 960" [../gen/Hls_Layers_UpConv.tpp:296->../gen/upconv_core_top_ucb0.cpp:40]   --->   Operation 43 'readreq' 'empty' <Predicate = true> <Delay = 2.43> <CoreInst = "m_axi">   --->   Core 119 'm_axi' <Latency = 6> <II = 1> <Delay = 1.00> <Adapter> <Opcode : 'read' 'write' 'readreq' 'writereq' 'writeresp'>

State 9 <SV = 8> <Delay = 2.43>
ST_9 : Operation 44 [1/8] (2.43ns)   --->   "%empty = readreq i1 @_ssdm_op_ReadReq.m_axi.p1i256, i64 %gmem_in_addr, i64 960" [../gen/Hls_Layers_UpConv.tpp:296->../gen/upconv_core_top_ucb0.cpp:40]   --->   Operation 44 'readreq' 'empty' <Predicate = true> <Delay = 2.43> <CoreInst = "m_axi">   --->   Core 119 'm_axi' <Latency = 6> <II = 1> <Delay = 1.00> <Adapter> <Opcode : 'read' 'write' 'readreq' 'writereq' 'writeresp'>

State 10 <SV = 9> <Delay = 0.00>
ST_10 : Operation 45 [2/2] (0.00ns)   --->   "%call_ln296 = call void @upconv_core_top_ucb0_Pipeline_LOAD_ROW0_VITIS_LOOP_297_1, i256 %gmem_in, i59 %trunc_ln, i256 %x_buf" [../gen/Hls_Layers_UpConv.tpp:296->../gen/upconv_core_top_ucb0.cpp:40]   --->   Operation 45 'call' 'call_ln296' <Predicate = true> <Delay = 0.00> <CoreType = "Generic">   --->   Generic Core

State 11 <SV = 10> <Delay = 0.00>
ST_11 : Operation 46 [1/2] (0.00ns)   --->   "%call_ln296 = call void @upconv_core_top_ucb0_Pipeline_LOAD_ROW0_VITIS_LOOP_297_1, i256 %gmem_in, i59 %trunc_ln, i256 %x_buf" [../gen/Hls_Layers_UpConv.tpp:296->../gen/upconv_core_top_ucb0.cpp:40]   --->   Operation 46 'call' 'call_ln296' <Predicate = true> <Delay = 0.00> <CoreType = "Generic">   --->   Generic Core

State 12 <SV = 11> <Delay = 1.53>
ST_12 : Operation 47 [2/2] (1.53ns)   --->   "%call_ln302 = call void @UpConv_Fused_Row<8, 16, 16, 960, 480>, i256 %gmem_weight, i64 %W_read, i256 %gmem_param, i64 %B_read, i64 %G_read, i64 %BE_read, i256 %gmem_out, i64 %Y_read, i16 %epsilon_read, i5 0, i16 %void_UpConv_Fused_Row_ap_uint_ap_uint_const_ap_uint_const_ap_uint_const_ap_u_9, i16 %void_UpConv_Fused_Row_ap_uint_ap_uint_const_ap_uint_const_ap_uint_const_ap_u_8, i16 %void_UpConv_Fused_Row_ap_uint_ap_uint_const_ap_uint_const_ap_uint_const_ap_u_7, i16 %void_UpConv_Fused_Row_ap_uint_ap_uint_const_ap_uint_const_ap_uint_const_ap_u_6, i16 %void_UpConv_Fused_Row_ap_uint_ap_uint_const_ap_uint_const_ap_uint_const_ap_u_5, i16 %void_UpConv_Fused_Row_ap_uint_ap_uint_const_ap_uint_const_ap_uint_const_ap_u_4, i16 %void_UpConv_Fused_Row_ap_uint_ap_uint_const_ap_uint_const_ap_uint_const_ap_u_3, i16 %void_UpConv_Fused_Row_ap_uint_ap_uint_const_ap_uint_const_ap_uint_const_ap_u_2, i16 %void_UpConv_Fused_Row_ap_uint_ap_uint_const_ap_uint_const_ap_uint_const_ap_u_1, i16 %void_UpConv_Fused_Row_ap_uint_ap_uint_const_ap_uint_const_ap_uint_const_ap_u, i16 %p_ZZ16UpConv_Fused_RowILi8ELi16ELi16ELi960ELi480EEvP7ap_uintILi256EEPKS1_S4_S4_S4_5, i16 %p_ZZ16UpConv_Fused_RowILi8ELi16ELi16ELi960ELi480EEvP7ap_uintILi256EEPKS1_S4_S4_S4_4, i16 %p_ZZ16UpConv_Fused_RowILi8ELi16ELi16ELi960ELi480EEvP7ap_uintILi256EEPKS1_S4_S4_S4_3, i16 %p_ZZ16UpConv_Fused_RowILi8ELi16ELi16ELi960ELi480EEvP7ap_uintILi256EEPKS1_S4_S4_S4_2, i16 %p_ZZ16UpConv_Fused_RowILi8ELi16ELi16ELi960ELi480EEvP7ap_uintILi256EEPKS1_S4_S4_S4_1, i16 %p_ZZ16UpConv_Fused_RowILi8ELi16ELi16ELi960ELi480EEvP7ap_uintILi256EEPKS1_S4_S4_S4, i256 %x_buf, i32 %mean_buf, i16 %inv_buf" [../gen/Hls_Layers_UpConv.tpp:302->../gen/upconv_core_top_ucb0.cpp:40]   --->   Operation 47 'call' 'call_ln302' <Predicate = true> <Delay = 1.53> <CoreType = "Generic">   --->   Generic Core

State 13 <SV = 12> <Delay = 0.00>
ST_13 : Operation 48 [1/1] (0.00ns)   --->   "%spectopmodule_ln10 = spectopmodule void @_ssdm_op_SpecTopModule, void @empty_139" [../gen/upconv_core_top_ucb0.cpp:10]   --->   Operation 48 'spectopmodule' 'spectopmodule_ln10' <Predicate = true> <Delay = 0.00>
ST_13 : Operation 49 [1/1] (0.00ns)   --->   "%specinterface_ln0 = specinterface void @_ssdm_op_SpecInterface, i256 %gmem_in, void @empty_109, i32 0, i32 0, void @empty_65, i32 0, i32 0, void @empty_111, void @empty_67, void @empty_65, i32 16, i32 16, i32 64, i32 16, void @empty_65, void @empty_65, i32 4294967295, i32 0, i32 0"   --->   Operation 49 'specinterface' 'specinterface_ln0' <Predicate = true> <Delay = 0.00>
ST_13 : Operation 50 [1/1] (0.00ns)   --->   "%specbitsmap_ln0 = specbitsmap void @_ssdm_op_SpecBitsMap, i256 %gmem_in"   --->   Operation 50 'specbitsmap' 'specbitsmap_ln0' <Predicate = true> <Delay = 0.00>
ST_13 : Operation 51 [1/1] (0.00ns)   --->   "%specinterface_ln0 = specinterface void @_ssdm_op_SpecInterface, i256 %gmem_weight, void @empty_109, i32 0, i32 0, void @empty_65, i32 0, i32 0, void @empty_134, void @empty_67, void @empty_65, i32 16, i32 16, i32 64, i32 16, void @empty_65, void @empty_65, i32 4294967295, i32 0, i32 0"   --->   Operation 51 'specinterface' 'specinterface_ln0' <Predicate = true> <Delay = 0.00>
ST_13 : Operation 52 [1/1] (0.00ns)   --->   "%specbitsmap_ln0 = specbitsmap void @_ssdm_op_SpecBitsMap, i256 %gmem_weight"   --->   Operation 52 'specbitsmap' 'specbitsmap_ln0' <Predicate = true> <Delay = 0.00>
ST_13 : Operation 53 [1/1] (0.00ns)   --->   "%specinterface_ln0 = specinterface void @_ssdm_op_SpecInterface, i256 %gmem_param, void @empty_109, i32 0, i32 0, void @empty_65, i32 0, i32 0, void @empty_118, void @empty_67, void @empty_65, i32 16, i32 16, i32 64, i32 16, void @empty_65, void @empty_65, i32 4294967295, i32 0, i32 0"   --->   Operation 53 'specinterface' 'specinterface_ln0' <Predicate = true> <Delay = 0.00>
ST_13 : Operation 54 [1/1] (0.00ns)   --->   "%specbitsmap_ln0 = specbitsmap void @_ssdm_op_SpecBitsMap, i256 %gmem_param"   --->   Operation 54 'specbitsmap' 'specbitsmap_ln0' <Predicate = true> <Delay = 0.00>
ST_13 : Operation 55 [1/1] (0.00ns)   --->   "%specinterface_ln0 = specinterface void @_ssdm_op_SpecInterface, i256 %gmem_out, void @empty_109, i32 0, i32 0, void @empty_65, i32 0, i32 0, void @empty_136, void @empty_67, void @empty_65, i32 16, i32 16, i32 16, i32 64, void @empty_65, void @empty_65, i32 4294967295, i32 0, i32 0"   --->   Operation 55 'specinterface' 'specinterface_ln0' <Predicate = true> <Delay = 0.00>
ST_13 : Operation 56 [1/1] (0.00ns)   --->   "%specbitsmap_ln0 = specbitsmap void @_ssdm_op_SpecBitsMap, i256 %gmem_out"   --->   Operation 56 'specbitsmap' 'specbitsmap_ln0' <Predicate = true> <Delay = 0.00>
ST_13 : Operation 57 [1/1] (0.00ns)   --->   "%specinterface_ln0 = specinterface void @_ssdm_op_SpecInterface, i64 %X, void @empty_138, i32 4294967295, i32 4294967295, void @empty_82, i32 0, i32 0, void @empty_83, void @empty_130, void @empty_65, i32 0, i32 0, i32 0, i32 0, void @empty_65, void @empty_52, i32 4294967295, i32 0, i32 0"   --->   Operation 57 'specinterface' 'specinterface_ln0' <Predicate = true> <Delay = 0.00>
ST_13 : Operation 58 [1/1] (0.00ns)   --->   "%specinterface_ln0 = specinterface void @_ssdm_op_SpecInterface, i64 %X, void @empty_141, i32 4294967295, i32 4294967295, void @empty_65, i32 0, i32 0, void @empty_65, void @empty_65, void @empty_65, i32 0, i32 0, i32 0, i32 0, void @empty_65, void @empty_52, i32 4294967295, i32 0, i32 0"   --->   Operation 58 'specinterface' 'specinterface_ln0' <Predicate = true> <Delay = 0.00>
ST_13 : Operation 59 [1/1] (0.00ns)   --->   "%specinterface_ln0 = specinterface void @_ssdm_op_SpecInterface, i64 %W, void @empty_138, i32 4294967295, i32 4294967295, void @empty_82, i32 0, i32 0, void @empty_83, void @empty_97, void @empty_65, i32 0, i32 0, i32 0, i32 0, void @empty_65, void @empty_52, i32 4294967295, i32 0, i32 0"   --->   Operation 59 'specinterface' 'specinterface_ln0' <Predicate = true> <Delay = 0.00>
ST_13 : Operation 60 [1/1] (0.00ns)   --->   "%specinterface_ln0 = specinterface void @_ssdm_op_SpecInterface, i64 %W, void @empty_141, i32 4294967295, i32 4294967295, void @empty_65, i32 0, i32 0, void @empty_65, void @empty_65, void @empty_65, i32 0, i32 0, i32 0, i32 0, void @empty_65, void @empty_52, i32 4294967295, i32 0, i32 0"   --->   Operation 60 'specinterface' 'specinterface_ln0' <Predicate = true> <Delay = 0.00>
ST_13 : Operation 61 [1/1] (0.00ns)   --->   "%specinterface_ln0 = specinterface void @_ssdm_op_SpecInterface, i64 %B, void @empty_138, i32 4294967295, i32 4294967295, void @empty_82, i32 0, i32 0, void @empty_83, void @empty_71, void @empty_65, i32 0, i32 0, i32 0, i32 0, void @empty_65, void @empty_52, i32 4294967295, i32 0, i32 0"   --->   Operation 61 'specinterface' 'specinterface_ln0' <Predicate = true> <Delay = 0.00>
ST_13 : Operation 62 [1/1] (0.00ns)   --->   "%specinterface_ln0 = specinterface void @_ssdm_op_SpecInterface, i64 %B, void @empty_141, i32 4294967295, i32 4294967295, void @empty_65, i32 0, i32 0, void @empty_65, void @empty_65, void @empty_65, i32 0, i32 0, i32 0, i32 0, void @empty_65, void @empty_52, i32 4294967295, i32 0, i32 0"   --->   Operation 62 'specinterface' 'specinterface_ln0' <Predicate = true> <Delay = 0.00>
ST_13 : Operation 63 [1/1] (0.00ns)   --->   "%specinterface_ln0 = specinterface void @_ssdm_op_SpecInterface, i64 %G, void @empty_138, i32 4294967295, i32 4294967295, void @empty_82, i32 0, i32 0, void @empty_83, void @empty_135, void @empty_65, i32 0, i32 0, i32 0, i32 0, void @empty_65, void @empty_52, i32 4294967295, i32 0, i32 0"   --->   Operation 63 'specinterface' 'specinterface_ln0' <Predicate = true> <Delay = 0.00>
ST_13 : Operation 64 [1/1] (0.00ns)   --->   "%specinterface_ln0 = specinterface void @_ssdm_op_SpecInterface, i64 %G, void @empty_141, i32 4294967295, i32 4294967295, void @empty_65, i32 0, i32 0, void @empty_65, void @empty_65, void @empty_65, i32 0, i32 0, i32 0, i32 0, void @empty_65, void @empty_52, i32 4294967295, i32 0, i32 0"   --->   Operation 64 'specinterface' 'specinterface_ln0' <Predicate = true> <Delay = 0.00>
ST_13 : Operation 65 [1/1] (0.00ns)   --->   "%specinterface_ln0 = specinterface void @_ssdm_op_SpecInterface, i64 %BE, void @empty_138, i32 4294967295, i32 4294967295, void @empty_82, i32 0, i32 0, void @empty_83, void @empty_80, void @empty_65, i32 0, i32 0, i32 0, i32 0, void @empty_65, void @empty_52, i32 4294967295, i32 0, i32 0"   --->   Operation 65 'specinterface' 'specinterface_ln0' <Predicate = true> <Delay = 0.00>
ST_13 : Operation 66 [1/1] (0.00ns)   --->   "%specinterface_ln0 = specinterface void @_ssdm_op_SpecInterface, i64 %BE, void @empty_141, i32 4294967295, i32 4294967295, void @empty_65, i32 0, i32 0, void @empty_65, void @empty_65, void @empty_65, i32 0, i32 0, i32 0, i32 0, void @empty_65, void @empty_52, i32 4294967295, i32 0, i32 0"   --->   Operation 66 'specinterface' 'specinterface_ln0' <Predicate = true> <Delay = 0.00>
ST_13 : Operation 67 [1/1] (0.00ns)   --->   "%specinterface_ln0 = specinterface void @_ssdm_op_SpecInterface, i64 %Y, void @empty_138, i32 4294967295, i32 4294967295, void @empty_82, i32 0, i32 0, void @empty_83, void @empty_137, void @empty_65, i32 0, i32 0, i32 0, i32 0, void @empty_65, void @empty_52, i32 4294967295, i32 0, i32 0"   --->   Operation 67 'specinterface' 'specinterface_ln0' <Predicate = true> <Delay = 0.00>
ST_13 : Operation 68 [1/1] (0.00ns)   --->   "%specinterface_ln0 = specinterface void @_ssdm_op_SpecInterface, i64 %Y, void @empty_141, i32 4294967295, i32 4294967295, void @empty_65, i32 0, i32 0, void @empty_65, void @empty_65, void @empty_65, i32 0, i32 0, i32 0, i32 0, void @empty_65, void @empty_52, i32 4294967295, i32 0, i32 0"   --->   Operation 68 'specinterface' 'specinterface_ln0' <Predicate = true> <Delay = 0.00>
ST_13 : Operation 69 [1/1] (0.00ns)   --->   "%specbitsmap_ln0 = specbitsmap void @_ssdm_op_SpecBitsMap, i16 %epsilon"   --->   Operation 69 'specbitsmap' 'specbitsmap_ln0' <Predicate = true> <Delay = 0.00>
ST_13 : Operation 70 [1/1] (0.00ns)   --->   "%specinterface_ln0 = specinterface void @_ssdm_op_SpecInterface, i16 %epsilon, void @empty_138, i32 4294967295, i32 4294967295, void @empty_82, i32 0, i32 0, void @empty_83, void @empty_81, void @empty_65, i32 0, i32 0, i32 0, i32 0, void @empty_65, void @empty_65, i32 4294967295, i32 0, i32 0"   --->   Operation 70 'specinterface' 'specinterface_ln0' <Predicate = true> <Delay = 0.00>
ST_13 : Operation 71 [1/1] (0.00ns)   --->   "%specinterface_ln0 = specinterface void @_ssdm_op_SpecInterface, i16 %epsilon, void @empty_141, i32 4294967295, i32 4294967295, void @empty_65, i32 0, i32 0, void @empty_65, void @empty_65, void @empty_65, i32 0, i32 0, i32 0, i32 0, void @empty_65, void @empty_65, i32 4294967295, i32 0, i32 0"   --->   Operation 71 'specinterface' 'specinterface_ln0' <Predicate = true> <Delay = 0.00>
ST_13 : Operation 72 [1/1] (0.00ns)   --->   "%specinterface_ln0 = specinterface void @_ssdm_op_SpecInterface, i32 0, void @empty_138, i32 0, i32 0, void @empty_65, i32 0, i32 0, void @empty_83, void @empty_65, void @empty_65, i32 0, i32 0, i32 0, i32 0, void @empty_65, void @empty_65, i32 4294967295, i32 0, i32 0"   --->   Operation 72 'specinterface' 'specinterface_ln0' <Predicate = true> <Delay = 0.00>
ST_13 : Operation 73 [1/1] (0.00ns)   --->   "%specmemcore_ln37 = specmemcore void @_ssdm_op_SpecMemCore, i256 %x_buf, i64 666, i64 31, i64 18446744073709551615" [../gen/upconv_core_top_ucb0.cpp:37]   --->   Operation 73 'specmemcore' 'specmemcore_ln37' <Predicate = true> <Delay = 0.00>
ST_13 : Operation 74 [1/2] (0.00ns)   --->   "%call_ln302 = call void @UpConv_Fused_Row<8, 16, 16, 960, 480>, i256 %gmem_weight, i64 %W_read, i256 %gmem_param, i64 %B_read, i64 %G_read, i64 %BE_read, i256 %gmem_out, i64 %Y_read, i16 %epsilon_read, i5 0, i16 %void_UpConv_Fused_Row_ap_uint_ap_uint_const_ap_uint_const_ap_uint_const_ap_u_9, i16 %void_UpConv_Fused_Row_ap_uint_ap_uint_const_ap_uint_const_ap_uint_const_ap_u_8, i16 %void_UpConv_Fused_Row_ap_uint_ap_uint_const_ap_uint_const_ap_uint_const_ap_u_7, i16 %void_UpConv_Fused_Row_ap_uint_ap_uint_const_ap_uint_const_ap_uint_const_ap_u_6, i16 %void_UpConv_Fused_Row_ap_uint_ap_uint_const_ap_uint_const_ap_uint_const_ap_u_5, i16 %void_UpConv_Fused_Row_ap_uint_ap_uint_const_ap_uint_const_ap_uint_const_ap_u_4, i16 %void_UpConv_Fused_Row_ap_uint_ap_uint_const_ap_uint_const_ap_uint_const_ap_u_3, i16 %void_UpConv_Fused_Row_ap_uint_ap_uint_const_ap_uint_const_ap_uint_const_ap_u_2, i16 %void_UpConv_Fused_Row_ap_uint_ap_uint_const_ap_uint_const_ap_uint_const_ap_u_1, i16 %void_UpConv_Fused_Row_ap_uint_ap_uint_const_ap_uint_const_ap_uint_const_ap_u, i16 %p_ZZ16UpConv_Fused_RowILi8ELi16ELi16ELi960ELi480EEvP7ap_uintILi256EEPKS1_S4_S4_S4_5, i16 %p_ZZ16UpConv_Fused_RowILi8ELi16ELi16ELi960ELi480EEvP7ap_uintILi256EEPKS1_S4_S4_S4_4, i16 %p_ZZ16UpConv_Fused_RowILi8ELi16ELi16ELi960ELi480EEvP7ap_uintILi256EEPKS1_S4_S4_S4_3, i16 %p_ZZ16UpConv_Fused_RowILi8ELi16ELi16ELi960ELi480EEvP7ap_uintILi256EEPKS1_S4_S4_S4_2, i16 %p_ZZ16UpConv_Fused_RowILi8ELi16ELi16ELi960ELi480EEvP7ap_uintILi256EEPKS1_S4_S4_S4_1, i16 %p_ZZ16UpConv_Fused_RowILi8ELi16ELi16ELi960ELi480EEvP7ap_uintILi256EEPKS1_S4_S4_S4, i256 %x_buf, i32 %mean_buf, i16 %inv_buf" [../gen/Hls_Layers_UpConv.tpp:302->../gen/upconv_core_top_ucb0.cpp:40]   --->   Operation 74 'call' 'call_ln302' <Predicate = true> <Delay = 0.00> <CoreType = "Generic">   --->   Generic Core
ST_13 : Operation 75 [1/1] (0.00ns)   --->   "%br_ln305 = br void %for.body17.i" [../gen/Hls_Layers_UpConv.tpp:305->../gen/upconv_core_top_ucb0.cpp:40]   --->   Operation 75 'br' 'br_ln305' <Predicate = true> <Delay = 0.00>

State 14 <SV = 13> <Delay = 2.31>
ST_14 : Operation 76 [1/1] (0.00ns)   --->   "%hi_1 = load i5 %hi" [../gen/Hls_Layers_UpConv.tpp:313->../gen/upconv_core_top_ucb0.cpp:40]   --->   Operation 76 'load' 'hi_1' <Predicate = true> <Delay = 0.00>
ST_14 : Operation 77 [1/1] (0.00ns)   --->   "%indvar_load = load i4 %indvar" [../gen/Hls_Layers_UpConv.tpp:305->../gen/upconv_core_top_ucb0.cpp:40]   --->   Operation 77 'load' 'indvar_load' <Predicate = true> <Delay = 0.00>
ST_14 : Operation 78 [1/1] (0.78ns)   --->   "%icmp_ln305 = icmp_eq  i5 %hi_1, i5 16" [../gen/Hls_Layers_UpConv.tpp:305->../gen/upconv_core_top_ucb0.cpp:40]   --->   Operation 78 'icmp' 'icmp_ln305' <Predicate = true> <Delay = 0.78> <CoreInst = "Cmp">   --->   Core 9 'Cmp' <Latency = 0> <II = 1> <Delay = 0.78> <FuncUnit> <Opcode : 'seteq' 'setne' 'setle' 'setge' 'setlt' 'setgt'> <InPorts = 2> <OutPorts = 1>
ST_14 : Operation 79 [1/1] (0.79ns)   --->   "%add_ln305_2 = add i4 %indvar_load, i4 1" [../gen/Hls_Layers_UpConv.tpp:305->../gen/upconv_core_top_ucb0.cpp:40]   --->   Operation 79 'add' 'add_ln305_2' <Predicate = true> <Delay = 0.79> <CoreInst = "Adder">   --->   Core 1 'Adder' <Latency = 0> <II = 1> <Delay = 0.79> <FuncUnit> <Opcode : 'add' 'sub'> <InPorts = 2> <OutPorts = 1>
ST_14 : Operation 80 [1/1] (0.00ns)   --->   "%br_ln305 = br i1 %icmp_ln305, void %for.body17.i.split, void %_Z16UpConv_Fused_TopILi8ELi16ELi16ELi960ELi480EEvP7ap_uintILi256EEPKS1_S4_S4_S4_S4_S2_Dh.exit" [../gen/Hls_Layers_UpConv.tpp:305->../gen/upconv_core_top_ucb0.cpp:40]   --->   Operation 80 'br' 'br_ln305' <Predicate = true> <Delay = 0.00>
ST_14 : Operation 81 [1/1] (0.00ns)   --->   "%p_shl = bitconcatenate i14 @_ssdm_op_BitConcatenate.i14.i4.i10, i4 %indvar_load, i10 0" [../gen/Hls_Layers_UpConv.tpp:306->../gen/upconv_core_top_ucb0.cpp:40]   --->   Operation 81 'bitconcatenate' 'p_shl' <Predicate = (!icmp_ln305)> <Delay = 0.00>
ST_14 : Operation 82 [1/1] (0.00ns)   --->   "%tmp = bitconcatenate i10 @_ssdm_op_BitConcatenate.i10.i4.i6, i4 %indvar_load, i6 0" [../gen/Hls_Layers_UpConv.tpp:306->../gen/upconv_core_top_ucb0.cpp:40]   --->   Operation 82 'bitconcatenate' 'tmp' <Predicate = (!icmp_ln305)> <Delay = 0.00>
ST_14 : Operation 83 [1/1] (0.00ns)   --->   "%zext_ln306 = zext i10 %tmp" [../gen/Hls_Layers_UpConv.tpp:306->../gen/upconv_core_top_ucb0.cpp:40]   --->   Operation 83 'zext' 'zext_ln306' <Predicate = (!icmp_ln305)> <Delay = 0.00>
ST_14 : Operation 84 [1/1] (0.83ns)   --->   "%sub_ln306 = sub i14 %p_shl, i14 %zext_ln306" [../gen/Hls_Layers_UpConv.tpp:306->../gen/upconv_core_top_ucb0.cpp:40]   --->   Operation 84 'sub' 'sub_ln306' <Predicate = (!icmp_ln305)> <Delay = 0.83> <CoreInst = "Adder">   --->   Core 1 'Adder' <Latency = 0> <II = 1> <Delay = 0.83> <FuncUnit> <Opcode : 'add' 'sub'> <InPorts = 2> <OutPorts = 1>
ST_14 : Operation 85 [1/1] (0.00ns)   --->   "%empty_174 = shl i5 %hi_1, i5 4" [../gen/Hls_Layers_UpConv.tpp:313->../gen/upconv_core_top_ucb0.cpp:40]   --->   Operation 85 'shl' 'empty_174' <Predicate = (!icmp_ln305)> <Delay = 0.00>
ST_14 : Operation 86 [2/2] (0.00ns)   --->   "%call_ln313 = call void @upconv_core_top_ucb0_Pipeline_LOAD_ROW_VITIS_LOOP_308_2, i256 %gmem_in, i5 %empty_174, i59 %trunc_ln1, i14 %sub_ln306, i256 %x_buf" [../gen/Hls_Layers_UpConv.tpp:313->../gen/upconv_core_top_ucb0.cpp:40]   --->   Operation 86 'call' 'call_ln313' <Predicate = (!icmp_ln305)> <Delay = 0.00> <CoreType = "Generic">   --->   Generic Core
ST_14 : Operation 87 [1/1] (0.78ns)   --->   "%add_ln305_1 = add i5 %hi_1, i5 1" [../gen/Hls_Layers_UpConv.tpp:305->../gen/upconv_core_top_ucb0.cpp:40]   --->   Operation 87 'add' 'add_ln305_1' <Predicate = (!icmp_ln305)> <Delay = 0.78> <CoreInst = "Adder">   --->   Core 1 'Adder' <Latency = 0> <II = 1> <Delay = 0.78> <FuncUnit> <Opcode : 'add' 'sub'> <InPorts = 2> <OutPorts = 1>
ST_14 : Operation 88 [1/1] (0.42ns)   --->   "%store_ln305 = store i4 %add_ln305_2, i4 %indvar" [../gen/Hls_Layers_UpConv.tpp:305->../gen/upconv_core_top_ucb0.cpp:40]   --->   Operation 88 'store' 'store_ln305' <Predicate = (!icmp_ln305)> <Delay = 0.42>
ST_14 : Operation 89 [1/1] (0.42ns)   --->   "%store_ln305 = store i5 %add_ln305_1, i5 %hi" [../gen/Hls_Layers_UpConv.tpp:305->../gen/upconv_core_top_ucb0.cpp:40]   --->   Operation 89 'store' 'store_ln305' <Predicate = (!icmp_ln305)> <Delay = 0.42>
ST_14 : Operation 90 [2/2] (1.53ns)   --->   "%call_ln318 = call void @UpConv_Fused_Row<8, 16, 16, 960, 480>, i256 %gmem_weight, i64 %W_read, i256 %gmem_param, i64 %B_read, i64 %G_read, i64 %BE_read, i256 %gmem_out, i64 %Y_read, i16 %epsilon_read, i5 31, i16 %void_UpConv_Fused_Row_ap_uint_ap_uint_const_ap_uint_const_ap_uint_const_ap_u_9, i16 %void_UpConv_Fused_Row_ap_uint_ap_uint_const_ap_uint_const_ap_uint_const_ap_u_8, i16 %void_UpConv_Fused_Row_ap_uint_ap_uint_const_ap_uint_const_ap_uint_const_ap_u_7, i16 %void_UpConv_Fused_Row_ap_uint_ap_uint_const_ap_uint_const_ap_uint_const_ap_u_6, i16 %void_UpConv_Fused_Row_ap_uint_ap_uint_const_ap_uint_const_ap_uint_const_ap_u_5, i16 %void_UpConv_Fused_Row_ap_uint_ap_uint_const_ap_uint_const_ap_uint_const_ap_u_4, i16 %void_UpConv_Fused_Row_ap_uint_ap_uint_const_ap_uint_const_ap_uint_const_ap_u_3, i16 %void_UpConv_Fused_Row_ap_uint_ap_uint_const_ap_uint_const_ap_uint_const_ap_u_2, i16 %void_UpConv_Fused_Row_ap_uint_ap_uint_const_ap_uint_const_ap_uint_const_ap_u_1, i16 %void_UpConv_Fused_Row_ap_uint_ap_uint_const_ap_uint_const_ap_uint_const_ap_u, i16 %p_ZZ16UpConv_Fused_RowILi8ELi16ELi16ELi960ELi480EEvP7ap_uintILi256EEPKS1_S4_S4_S4_5, i16 %p_ZZ16UpConv_Fused_RowILi8ELi16ELi16ELi960ELi480EEvP7ap_uintILi256EEPKS1_S4_S4_S4_4, i16 %p_ZZ16UpConv_Fused_RowILi8ELi16ELi16ELi960ELi480EEvP7ap_uintILi256EEPKS1_S4_S4_S4_3, i16 %p_ZZ16UpConv_Fused_RowILi8ELi16ELi16ELi960ELi480EEvP7ap_uintILi256EEPKS1_S4_S4_S4_2, i16 %p_ZZ16UpConv_Fused_RowILi8ELi16ELi16ELi960ELi480EEvP7ap_uintILi256EEPKS1_S4_S4_S4_1, i16 %p_ZZ16UpConv_Fused_RowILi8ELi16ELi16ELi960ELi480EEvP7ap_uintILi256EEPKS1_S4_S4_S4, i256 %x_buf, i32 %mean_buf, i16 %inv_buf" [../gen/Hls_Layers_UpConv.tpp:318->../gen/upconv_core_top_ucb0.cpp:40]   --->   Operation 90 'call' 'call_ln318' <Predicate = (icmp_ln305)> <Delay = 1.53> <CoreType = "Generic">   --->   Generic Core

State 15 <SV = 14> <Delay = 0.00>
ST_15 : Operation 91 [1/2] (0.00ns)   --->   "%call_ln313 = call void @upconv_core_top_ucb0_Pipeline_LOAD_ROW_VITIS_LOOP_308_2, i256 %gmem_in, i5 %empty_174, i59 %trunc_ln1, i14 %sub_ln306, i256 %x_buf" [../gen/Hls_Layers_UpConv.tpp:313->../gen/upconv_core_top_ucb0.cpp:40]   --->   Operation 91 'call' 'call_ln313' <Predicate = true> <Delay = 0.00> <CoreType = "Generic">   --->   Generic Core

State 16 <SV = 15> <Delay = 2.31>
ST_16 : Operation 92 [1/1] (0.00ns)   --->   "%shl_ln313 = shl i5 %hi_1, i5 1" [../gen/Hls_Layers_UpConv.tpp:313->../gen/upconv_core_top_ucb0.cpp:40]   --->   Operation 92 'shl' 'shl_ln313' <Predicate = true> <Delay = 0.00>
ST_16 : Operation 93 [1/1] (0.78ns)   --->   "%add_ln313 = add i5 %shl_ln313, i5 31" [../gen/Hls_Layers_UpConv.tpp:313->../gen/upconv_core_top_ucb0.cpp:40]   --->   Operation 93 'add' 'add_ln313' <Predicate = true> <Delay = 0.78> <CoreInst = "Adder">   --->   Core 1 'Adder' <Latency = 0> <II = 1> <Delay = 0.78> <FuncUnit> <Opcode : 'add' 'sub'> <InPorts = 2> <OutPorts = 1>
ST_16 : Operation 94 [2/2] (1.53ns)   --->   "%call_ln313 = call void @UpConv_Fused_Row<8, 16, 16, 960, 480>, i256 %gmem_weight, i64 %W_read, i256 %gmem_param, i64 %B_read, i64 %G_read, i64 %BE_read, i256 %gmem_out, i64 %Y_read, i16 %epsilon_read, i5 %add_ln313, i16 %void_UpConv_Fused_Row_ap_uint_ap_uint_const_ap_uint_const_ap_uint_const_ap_u_9, i16 %void_UpConv_Fused_Row_ap_uint_ap_uint_const_ap_uint_const_ap_uint_const_ap_u_8, i16 %void_UpConv_Fused_Row_ap_uint_ap_uint_const_ap_uint_const_ap_uint_const_ap_u_7, i16 %void_UpConv_Fused_Row_ap_uint_ap_uint_const_ap_uint_const_ap_uint_const_ap_u_6, i16 %void_UpConv_Fused_Row_ap_uint_ap_uint_const_ap_uint_const_ap_uint_const_ap_u_5, i16 %void_UpConv_Fused_Row_ap_uint_ap_uint_const_ap_uint_const_ap_uint_const_ap_u_4, i16 %void_UpConv_Fused_Row_ap_uint_ap_uint_const_ap_uint_const_ap_uint_const_ap_u_3, i16 %void_UpConv_Fused_Row_ap_uint_ap_uint_const_ap_uint_const_ap_uint_const_ap_u_2, i16 %void_UpConv_Fused_Row_ap_uint_ap_uint_const_ap_uint_const_ap_uint_const_ap_u_1, i16 %void_UpConv_Fused_Row_ap_uint_ap_uint_const_ap_uint_const_ap_uint_const_ap_u, i16 %p_ZZ16UpConv_Fused_RowILi8ELi16ELi16ELi960ELi480EEvP7ap_uintILi256EEPKS1_S4_S4_S4_5, i16 %p_ZZ16UpConv_Fused_RowILi8ELi16ELi16ELi960ELi480EEvP7ap_uintILi256EEPKS1_S4_S4_S4_4, i16 %p_ZZ16UpConv_Fused_RowILi8ELi16ELi16ELi960ELi480EEvP7ap_uintILi256EEPKS1_S4_S4_S4_3, i16 %p_ZZ16UpConv_Fused_RowILi8ELi16ELi16ELi960ELi480EEvP7ap_uintILi256EEPKS1_S4_S4_S4_2, i16 %p_ZZ16UpConv_Fused_RowILi8ELi16ELi16ELi960ELi480EEvP7ap_uintILi256EEPKS1_S4_S4_S4_1, i16 %p_ZZ16UpConv_Fused_RowILi8ELi16ELi16ELi960ELi480EEvP7ap_uintILi256EEPKS1_S4_S4_S4, i256 %x_buf, i32 %mean_buf, i16 %inv_buf" [../gen/Hls_Layers_UpConv.tpp:313->../gen/upconv_core_top_ucb0.cpp:40]   --->   Operation 94 'call' 'call_ln313' <Predicate = true> <Delay = 1.53> <CoreType = "Generic">   --->   Generic Core

State 17 <SV = 16> <Delay = 0.00>
ST_17 : Operation 95 [1/2] (0.00ns)   --->   "%call_ln313 = call void @UpConv_Fused_Row<8, 16, 16, 960, 480>, i256 %gmem_weight, i64 %W_read, i256 %gmem_param, i64 %B_read, i64 %G_read, i64 %BE_read, i256 %gmem_out, i64 %Y_read, i16 %epsilon_read, i5 %add_ln313, i16 %void_UpConv_Fused_Row_ap_uint_ap_uint_const_ap_uint_const_ap_uint_const_ap_u_9, i16 %void_UpConv_Fused_Row_ap_uint_ap_uint_const_ap_uint_const_ap_uint_const_ap_u_8, i16 %void_UpConv_Fused_Row_ap_uint_ap_uint_const_ap_uint_const_ap_uint_const_ap_u_7, i16 %void_UpConv_Fused_Row_ap_uint_ap_uint_const_ap_uint_const_ap_uint_const_ap_u_6, i16 %void_UpConv_Fused_Row_ap_uint_ap_uint_const_ap_uint_const_ap_uint_const_ap_u_5, i16 %void_UpConv_Fused_Row_ap_uint_ap_uint_const_ap_uint_const_ap_uint_const_ap_u_4, i16 %void_UpConv_Fused_Row_ap_uint_ap_uint_const_ap_uint_const_ap_uint_const_ap_u_3, i16 %void_UpConv_Fused_Row_ap_uint_ap_uint_const_ap_uint_const_ap_uint_const_ap_u_2, i16 %void_UpConv_Fused_Row_ap_uint_ap_uint_const_ap_uint_const_ap_uint_const_ap_u_1, i16 %void_UpConv_Fused_Row_ap_uint_ap_uint_const_ap_uint_const_ap_uint_const_ap_u, i16 %p_ZZ16UpConv_Fused_RowILi8ELi16ELi16ELi960ELi480EEvP7ap_uintILi256EEPKS1_S4_S4_S4_5, i16 %p_ZZ16UpConv_Fused_RowILi8ELi16ELi16ELi960ELi480EEvP7ap_uintILi256EEPKS1_S4_S4_S4_4, i16 %p_ZZ16UpConv_Fused_RowILi8ELi16ELi16ELi960ELi480EEvP7ap_uintILi256EEPKS1_S4_S4_S4_3, i16 %p_ZZ16UpConv_Fused_RowILi8ELi16ELi16ELi960ELi480EEvP7ap_uintILi256EEPKS1_S4_S4_S4_2, i16 %p_ZZ16UpConv_Fused_RowILi8ELi16ELi16ELi960ELi480EEvP7ap_uintILi256EEPKS1_S4_S4_S4_1, i16 %p_ZZ16UpConv_Fused_RowILi8ELi16ELi16ELi960ELi480EEvP7ap_uintILi256EEPKS1_S4_S4_S4, i256 %x_buf, i32 %mean_buf, i16 %inv_buf" [../gen/Hls_Layers_UpConv.tpp:313->../gen/upconv_core_top_ucb0.cpp:40]   --->   Operation 95 'call' 'call_ln313' <Predicate = true> <Delay = 0.00> <CoreType = "Generic">   --->   Generic Core

State 18 <SV = 17> <Delay = 1.53>
ST_18 : Operation 96 [2/2] (1.53ns)   --->   "%call_ln314 = call void @UpConv_Fused_Row<8, 16, 16, 960, 480>, i256 %gmem_weight, i64 %W_read, i256 %gmem_param, i64 %B_read, i64 %G_read, i64 %BE_read, i256 %gmem_out, i64 %Y_read, i16 %epsilon_read, i5 %shl_ln313, i16 %void_UpConv_Fused_Row_ap_uint_ap_uint_const_ap_uint_const_ap_uint_const_ap_u_9, i16 %void_UpConv_Fused_Row_ap_uint_ap_uint_const_ap_uint_const_ap_uint_const_ap_u_8, i16 %void_UpConv_Fused_Row_ap_uint_ap_uint_const_ap_uint_const_ap_uint_const_ap_u_7, i16 %void_UpConv_Fused_Row_ap_uint_ap_uint_const_ap_uint_const_ap_uint_const_ap_u_6, i16 %void_UpConv_Fused_Row_ap_uint_ap_uint_const_ap_uint_const_ap_uint_const_ap_u_5, i16 %void_UpConv_Fused_Row_ap_uint_ap_uint_const_ap_uint_const_ap_uint_const_ap_u_4, i16 %void_UpConv_Fused_Row_ap_uint_ap_uint_const_ap_uint_const_ap_uint_const_ap_u_3, i16 %void_UpConv_Fused_Row_ap_uint_ap_uint_const_ap_uint_const_ap_uint_const_ap_u_2, i16 %void_UpConv_Fused_Row_ap_uint_ap_uint_const_ap_uint_const_ap_uint_const_ap_u_1, i16 %void_UpConv_Fused_Row_ap_uint_ap_uint_const_ap_uint_const_ap_uint_const_ap_u, i16 %p_ZZ16UpConv_Fused_RowILi8ELi16ELi16ELi960ELi480EEvP7ap_uintILi256EEPKS1_S4_S4_S4_5, i16 %p_ZZ16UpConv_Fused_RowILi8ELi16ELi16ELi960ELi480EEvP7ap_uintILi256EEPKS1_S4_S4_S4_4, i16 %p_ZZ16UpConv_Fused_RowILi8ELi16ELi16ELi960ELi480EEvP7ap_uintILi256EEPKS1_S4_S4_S4_3, i16 %p_ZZ16UpConv_Fused_RowILi8ELi16ELi16ELi960ELi480EEvP7ap_uintILi256EEPKS1_S4_S4_S4_2, i16 %p_ZZ16UpConv_Fused_RowILi8ELi16ELi16ELi960ELi480EEvP7ap_uintILi256EEPKS1_S4_S4_S4_1, i16 %p_ZZ16UpConv_Fused_RowILi8ELi16ELi16ELi960ELi480EEvP7ap_uintILi256EEPKS1_S4_S4_S4, i256 %x_buf, i32 %mean_buf, i16 %inv_buf" [../gen/Hls_Layers_UpConv.tpp:314->../gen/upconv_core_top_ucb0.cpp:40]   --->   Operation 96 'call' 'call_ln314' <Predicate = true> <Delay = 1.53> <CoreType = "Generic">   --->   Generic Core

State 19 <SV = 18> <Delay = 0.00>
ST_19 : Operation 97 [1/1] (0.00ns)   --->   "%speclooptripcount_ln305 = speclooptripcount void @_ssdm_op_SpecLoopTripCount, i64 15, i64 15, i64 15" [../gen/Hls_Layers_UpConv.tpp:305->../gen/upconv_core_top_ucb0.cpp:40]   --->   Operation 97 'speclooptripcount' 'speclooptripcount_ln305' <Predicate = true> <Delay = 0.00>
ST_19 : Operation 98 [1/1] (0.00ns)   --->   "%specloopname_ln305 = specloopname void @_ssdm_op_SpecLoopName, void @empty_140" [../gen/Hls_Layers_UpConv.tpp:305->../gen/upconv_core_top_ucb0.cpp:40]   --->   Operation 98 'specloopname' 'specloopname_ln305' <Predicate = true> <Delay = 0.00>
ST_19 : Operation 99 [1/2] (0.00ns)   --->   "%call_ln314 = call void @UpConv_Fused_Row<8, 16, 16, 960, 480>, i256 %gmem_weight, i64 %W_read, i256 %gmem_param, i64 %B_read, i64 %G_read, i64 %BE_read, i256 %gmem_out, i64 %Y_read, i16 %epsilon_read, i5 %shl_ln313, i16 %void_UpConv_Fused_Row_ap_uint_ap_uint_const_ap_uint_const_ap_uint_const_ap_u_9, i16 %void_UpConv_Fused_Row_ap_uint_ap_uint_const_ap_uint_const_ap_uint_const_ap_u_8, i16 %void_UpConv_Fused_Row_ap_uint_ap_uint_const_ap_uint_const_ap_uint_const_ap_u_7, i16 %void_UpConv_Fused_Row_ap_uint_ap_uint_const_ap_uint_const_ap_uint_const_ap_u_6, i16 %void_UpConv_Fused_Row_ap_uint_ap_uint_const_ap_uint_const_ap_uint_const_ap_u_5, i16 %void_UpConv_Fused_Row_ap_uint_ap_uint_const_ap_uint_const_ap_uint_const_ap_u_4, i16 %void_UpConv_Fused_Row_ap_uint_ap_uint_const_ap_uint_const_ap_uint_const_ap_u_3, i16 %void_UpConv_Fused_Row_ap_uint_ap_uint_const_ap_uint_const_ap_uint_const_ap_u_2, i16 %void_UpConv_Fused_Row_ap_uint_ap_uint_const_ap_uint_const_ap_uint_const_ap_u_1, i16 %void_UpConv_Fused_Row_ap_uint_ap_uint_const_ap_uint_const_ap_uint_const_ap_u, i16 %p_ZZ16UpConv_Fused_RowILi8ELi16ELi16ELi960ELi480EEvP7ap_uintILi256EEPKS1_S4_S4_S4_5, i16 %p_ZZ16UpConv_Fused_RowILi8ELi16ELi16ELi960ELi480EEvP7ap_uintILi256EEPKS1_S4_S4_S4_4, i16 %p_ZZ16UpConv_Fused_RowILi8ELi16ELi16ELi960ELi480EEvP7ap_uintILi256EEPKS1_S4_S4_S4_3, i16 %p_ZZ16UpConv_Fused_RowILi8ELi16ELi16ELi960ELi480EEvP7ap_uintILi256EEPKS1_S4_S4_S4_2, i16 %p_ZZ16UpConv_Fused_RowILi8ELi16ELi16ELi960ELi480EEvP7ap_uintILi256EEPKS1_S4_S4_S4_1, i16 %p_ZZ16UpConv_Fused_RowILi8ELi16ELi16ELi960ELi480EEvP7ap_uintILi256EEPKS1_S4_S4_S4, i256 %x_buf, i32 %mean_buf, i16 %inv_buf" [../gen/Hls_Layers_UpConv.tpp:314->../gen/upconv_core_top_ucb0.cpp:40]   --->   Operation 99 'call' 'call_ln314' <Predicate = true> <Delay = 0.00> <CoreType = "Generic">   --->   Generic Core
ST_19 : Operation 100 [1/1] (0.00ns)   --->   "%br_ln305 = br void %for.body17.i" [../gen/Hls_Layers_UpConv.tpp:305->../gen/upconv_core_top_ucb0.cpp:40]   --->   Operation 100 'br' 'br_ln305' <Predicate = true> <Delay = 0.00>

State 20 <SV = 14> <Delay = 0.00>
ST_20 : Operation 101 [1/2] (0.00ns)   --->   "%call_ln318 = call void @UpConv_Fused_Row<8, 16, 16, 960, 480>, i256 %gmem_weight, i64 %W_read, i256 %gmem_param, i64 %B_read, i64 %G_read, i64 %BE_read, i256 %gmem_out, i64 %Y_read, i16 %epsilon_read, i5 31, i16 %void_UpConv_Fused_Row_ap_uint_ap_uint_const_ap_uint_const_ap_uint_const_ap_u_9, i16 %void_UpConv_Fused_Row_ap_uint_ap_uint_const_ap_uint_const_ap_uint_const_ap_u_8, i16 %void_UpConv_Fused_Row_ap_uint_ap_uint_const_ap_uint_const_ap_uint_const_ap_u_7, i16 %void_UpConv_Fused_Row_ap_uint_ap_uint_const_ap_uint_const_ap_uint_const_ap_u_6, i16 %void_UpConv_Fused_Row_ap_uint_ap_uint_const_ap_uint_const_ap_uint_const_ap_u_5, i16 %void_UpConv_Fused_Row_ap_uint_ap_uint_const_ap_uint_const_ap_uint_const_ap_u_4, i16 %void_UpConv_Fused_Row_ap_uint_ap_uint_const_ap_uint_const_ap_uint_const_ap_u_3, i16 %void_UpConv_Fused_Row_ap_uint_ap_uint_const_ap_uint_const_ap_uint_const_ap_u_2, i16 %void_UpConv_Fused_Row_ap_uint_ap_uint_const_ap_uint_const_ap_uint_const_ap_u_1, i16 %void_UpConv_Fused_Row_ap_uint_ap_uint_const_ap_uint_const_ap_uint_const_ap_u, i16 %p_ZZ16UpConv_Fused_RowILi8ELi16ELi16ELi960ELi480EEvP7ap_uintILi256EEPKS1_S4_S4_S4_5, i16 %p_ZZ16UpConv_Fused_RowILi8ELi16ELi16ELi960ELi480EEvP7ap_uintILi256EEPKS1_S4_S4_S4_4, i16 %p_ZZ16UpConv_Fused_RowILi8ELi16ELi16ELi960ELi480EEvP7ap_uintILi256EEPKS1_S4_S4_S4_3, i16 %p_ZZ16UpConv_Fused_RowILi8ELi16ELi16ELi960ELi480EEvP7ap_uintILi256EEPKS1_S4_S4_S4_2, i16 %p_ZZ16UpConv_Fused_RowILi8ELi16ELi16ELi960ELi480EEvP7ap_uintILi256EEPKS1_S4_S4_S4_1, i16 %p_ZZ16UpConv_Fused_RowILi8ELi16ELi16ELi960ELi480EEvP7ap_uintILi256EEPKS1_S4_S4_S4, i256 %x_buf, i32 %mean_buf, i16 %inv_buf" [../gen/Hls_Layers_UpConv.tpp:318->../gen/upconv_core_top_ucb0.cpp:40]   --->   Operation 101 'call' 'call_ln318' <Predicate = true> <Delay = 0.00> <CoreType = "Generic">   --->   Generic Core
ST_20 : Operation 102 [1/1] (0.00ns)   --->   "%ret_ln42 = ret" [../gen/upconv_core_top_ucb0.cpp:42]   --->   Operation 102 'ret' 'ret_ln42' <Predicate = true> <Delay = 0.00>


============================================================
+ Verbose Summary: Binding
============================================================
STG Binding: 
---------------- STG Properties BEGIN ----------------
- Is combinational: 0
- Is one-state seq: 0
- Is datapath-only: 0
- Is pipelined: 0
- Is top level: 1
Port [ Return ] is wired: 1; IO mode=ap_ctrl_hs:ce=0
Port [ gmem_in]:  wired=1; compound=1; hidden=0; nouse=0; global=0; static=0; extern=0; dir=0; type=4; pingpong=0; private_global=0; IO mode=m_axi:ce=0
Port [ gmem_weight]:  wired=1; compound=1; hidden=0; nouse=0; global=0; static=0; extern=0; dir=0; type=4; pingpong=0; private_global=0; IO mode=m_axi:ce=0
Port [ gmem_param]:  wired=1; compound=1; hidden=0; nouse=0; global=0; static=0; extern=0; dir=0; type=4; pingpong=0; private_global=0; IO mode=m_axi:ce=0
Port [ gmem_out]:  wired=1; compound=1; hidden=0; nouse=0; global=0; static=0; extern=0; dir=1; type=4; pingpong=0; private_global=0; IO mode=m_axi:ce=0
Port [ X]:  wired=1; compound=0; hidden=0; nouse=0; global=0; static=0; extern=0; dir=0; type=0; pingpong=0; private_global=0; IO mode=ap_none:ce=0
Port [ W]:  wired=1; compound=0; hidden=0; nouse=0; global=0; static=0; extern=0; dir=0; type=0; pingpong=0; private_global=0; IO mode=ap_none:ce=0
Port [ B]:  wired=1; compound=0; hidden=0; nouse=0; global=0; static=0; extern=0; dir=0; type=0; pingpong=0; private_global=0; IO mode=ap_none:ce=0
Port [ G]:  wired=1; compound=0; hidden=0; nouse=0; global=0; static=0; extern=0; dir=0; type=0; pingpong=0; private_global=0; IO mode=ap_none:ce=0
Port [ BE]:  wired=1; compound=0; hidden=0; nouse=0; global=0; static=0; extern=0; dir=0; type=0; pingpong=0; private_global=0; IO mode=ap_none:ce=0
Port [ Y]:  wired=1; compound=0; hidden=0; nouse=0; global=0; static=0; extern=0; dir=0; type=0; pingpong=0; private_global=0; IO mode=ap_none:ce=0
Port [ epsilon]:  wired=1; compound=0; hidden=0; nouse=0; global=0; static=0; extern=0; dir=0; type=0; pingpong=0; private_global=0; IO mode=ap_none:ce=0
Port [ x_buf]:  wired=0; compound=1; hidden=1; nouse=0; global=1; static=1; extern=0; dir=2; type=1; pingpong=0; private_global=1; MemPort=[23]; IO mode=ap_memory:ce=0
Port [ void_UpConv_Fused_Row_ap_uint_ap_uint_const_ap_uint_const_ap_uint_const_ap_u_9]:  wired=0; compound=1; hidden=1; nouse=1; global=1; static=1; extern=0; dir=2; type=1; pingpong=0; private_global=0; MemPort=[21]; IO mode=ap_memory:ce=0
Port [ void_UpConv_Fused_Row_ap_uint_ap_uint_const_ap_uint_const_ap_uint_const_ap_u_8]:  wired=0; compound=1; hidden=1; nouse=1; global=1; static=1; extern=0; dir=2; type=1; pingpong=0; private_global=0; MemPort=[21]; IO mode=ap_memory:ce=0
Port [ void_UpConv_Fused_Row_ap_uint_ap_uint_const_ap_uint_const_ap_uint_const_ap_u_7]:  wired=0; compound=1; hidden=1; nouse=1; global=1; static=1; extern=0; dir=2; type=1; pingpong=0; private_global=0; MemPort=[21]; IO mode=ap_memory:ce=0
Port [ void_UpConv_Fused_Row_ap_uint_ap_uint_const_ap_uint_const_ap_uint_const_ap_u_6]:  wired=0; compound=1; hidden=1; nouse=1; global=1; static=1; extern=0; dir=2; type=1; pingpong=0; private_global=0; MemPort=[21]; IO mode=ap_memory:ce=0
Port [ void_UpConv_Fused_Row_ap_uint_ap_uint_const_ap_uint_const_ap_uint_const_ap_u_5]:  wired=0; compound=1; hidden=1; nouse=1; global=1; static=1; extern=0; dir=2; type=1; pingpong=0; private_global=0; MemPort=[21]; IO mode=ap_memory:ce=0
Port [ void_UpConv_Fused_Row_ap_uint_ap_uint_const_ap_uint_const_ap_uint_const_ap_u_4]:  wired=0; compound=1; hidden=1; nouse=1; global=1; static=1; extern=0; dir=2; type=1; pingpong=0; private_global=0; MemPort=[21]; IO mode=ap_memory:ce=0
Port [ void_UpConv_Fused_Row_ap_uint_ap_uint_const_ap_uint_const_ap_uint_const_ap_u_3]:  wired=0; compound=1; hidden=1; nouse=1; global=1; static=1; extern=0; dir=2; type=1; pingpong=0; private_global=0; MemPort=[21]; IO mode=ap_memory:ce=0
Port [ void_UpConv_Fused_Row_ap_uint_ap_uint_const_ap_uint_const_ap_uint_const_ap_u_2]:  wired=0; compound=1; hidden=1; nouse=1; global=1; static=1; extern=0; dir=2; type=1; pingpong=0; private_global=0; MemPort=[21]; IO mode=ap_memory:ce=0
Port [ void_UpConv_Fused_Row_ap_uint_ap_uint_const_ap_uint_const_ap_uint_const_ap_u_1]:  wired=0; compound=1; hidden=1; nouse=1; global=1; static=1; extern=0; dir=2; type=1; pingpong=0; private_global=0; MemPort=[21]; IO mode=ap_memory:ce=0
Port [ void_UpConv_Fused_Row_ap_uint_ap_uint_const_ap_uint_const_ap_uint_const_ap_u]:  wired=0; compound=1; hidden=1; nouse=1; global=1; static=1; extern=0; dir=2; type=1; pingpong=0; private_global=0; MemPort=[21]; IO mode=ap_memory:ce=0
Port [ p_ZZ16UpConv_Fused_RowILi8ELi16ELi16ELi960ELi480EEvP7ap_uintILi256EEPKS1_S4_S4_S4_5]:  wired=0; compound=1; hidden=1; nouse=1; global=1; static=1; extern=0; dir=2; type=1; pingpong=0; private_global=0; MemPort=[21]; IO mode=ap_memory:ce=0
Port [ p_ZZ16UpConv_Fused_RowILi8ELi16ELi16ELi960ELi480EEvP7ap_uintILi256EEPKS1_S4_S4_S4_4]:  wired=0; compound=1; hidden=1; nouse=1; global=1; static=1; extern=0; dir=2; type=1; pingpong=0; private_global=0; MemPort=[21]; IO mode=ap_memory:ce=0
Port [ p_ZZ16UpConv_Fused_RowILi8ELi16ELi16ELi960ELi480EEvP7ap_uintILi256EEPKS1_S4_S4_S4_3]:  wired=0; compound=1; hidden=1; nouse=1; global=1; static=1; extern=0; dir=2; type=1; pingpong=0; private_global=0; MemPort=[21]; IO mode=ap_memory:ce=0
Port [ p_ZZ16UpConv_Fused_RowILi8ELi16ELi16ELi960ELi480EEvP7ap_uintILi256EEPKS1_S4_S4_S4_2]:  wired=0; compound=1; hidden=1; nouse=1; global=1; static=1; extern=0; dir=2; type=1; pingpong=0; private_global=0; MemPort=[21]; IO mode=ap_memory:ce=0
Port [ p_ZZ16UpConv_Fused_RowILi8ELi16ELi16ELi960ELi480EEvP7ap_uintILi256EEPKS1_S4_S4_S4_1]:  wired=0; compound=1; hidden=1; nouse=1; global=1; static=1; extern=0; dir=2; type=1; pingpong=0; private_global=0; MemPort=[21]; IO mode=ap_memory:ce=0
Port [ p_ZZ16UpConv_Fused_RowILi8ELi16ELi16ELi960ELi480EEvP7ap_uintILi256EEPKS1_S4_S4_S4]:  wired=0; compound=1; hidden=1; nouse=1; global=1; static=1; extern=0; dir=2; type=1; pingpong=0; private_global=0; MemPort=[21]; IO mode=ap_memory:ce=0
Port [ mean_buf]:  wired=0; compound=1; hidden=1; nouse=1; global=1; static=1; extern=0; dir=2; type=1; pingpong=0; private_global=0; MemPort=[10]; IO mode=ap_memory:ce=0
Port [ inv_buf]:  wired=0; compound=1; hidden=1; nouse=1; global=1; static=1; extern=0; dir=2; type=1; pingpong=0; private_global=0; MemPort=[10]; IO mode=ap_memory:ce=0
---------------- STG Properties END ------------------

---------------- Datapath Model BEGIN ----------------

<LifeTime>
<method=bitvector/>
hi                      (alloca           ) [ 011111111111111111110]
indvar                  (alloca           ) [ 011111111111111111110]
epsilon_read            (read             ) [ 001111111111111111111]
Y_read                  (read             ) [ 001111111111111111111]
BE_read                 (read             ) [ 001111111111111111111]
G_read                  (read             ) [ 001111111111111111111]
B_read                  (read             ) [ 001111111111111111111]
W_read                  (read             ) [ 001111111111111111111]
X_read                  (read             ) [ 000000000000000000000]
trunc_ln                (partselect       ) [ 001111111111000000000]
add_ln305               (add              ) [ 000000000000000000000]
trunc_ln1               (partselect       ) [ 001111111111111111110]
store_ln0               (store            ) [ 000000000000000000000]
store_ln305             (store            ) [ 000000000000000000000]
sext_ln296              (sext             ) [ 000000000000000000000]
gmem_in_addr            (getelementptr    ) [ 000111111100000000000]
empty                   (readreq          ) [ 000000000000000000000]
call_ln296              (call             ) [ 000000000000000000000]
spectopmodule_ln10      (spectopmodule    ) [ 000000000000000000000]
specinterface_ln0       (specinterface    ) [ 000000000000000000000]
specbitsmap_ln0         (specbitsmap      ) [ 000000000000000000000]
specinterface_ln0       (specinterface    ) [ 000000000000000000000]
specbitsmap_ln0         (specbitsmap      ) [ 000000000000000000000]
specinterface_ln0       (specinterface    ) [ 000000000000000000000]
specbitsmap_ln0         (specbitsmap      ) [ 000000000000000000000]
specinterface_ln0       (specinterface    ) [ 000000000000000000000]
specbitsmap_ln0         (specbitsmap      ) [ 000000000000000000000]
specinterface_ln0       (specinterface    ) [ 000000000000000000000]
specinterface_ln0       (specinterface    ) [ 000000000000000000000]
specinterface_ln0       (specinterface    ) [ 000000000000000000000]
specinterface_ln0       (specinterface    ) [ 000000000000000000000]
specinterface_ln0       (specinterface    ) [ 000000000000000000000]
specinterface_ln0       (specinterface    ) [ 000000000000000000000]
specinterface_ln0       (specinterface    ) [ 000000000000000000000]
specinterface_ln0       (specinterface    ) [ 000000000000000000000]
specinterface_ln0       (specinterface    ) [ 000000000000000000000]
specinterface_ln0       (specinterface    ) [ 000000000000000000000]
specinterface_ln0       (specinterface    ) [ 000000000000000000000]
specinterface_ln0       (specinterface    ) [ 000000000000000000000]
specbitsmap_ln0         (specbitsmap      ) [ 000000000000000000000]
specinterface_ln0       (specinterface    ) [ 000000000000000000000]
specinterface_ln0       (specinterface    ) [ 000000000000000000000]
specinterface_ln0       (specinterface    ) [ 000000000000000000000]
specmemcore_ln37        (specmemcore      ) [ 000000000000000000000]
call_ln302              (call             ) [ 000000000000000000000]
br_ln305                (br               ) [ 000000000000000000000]
hi_1                    (load             ) [ 000000000000000110000]
indvar_load             (load             ) [ 000000000000000000000]
icmp_ln305              (icmp             ) [ 000000000000001111110]
add_ln305_2             (add              ) [ 000000000000000000000]
br_ln305                (br               ) [ 000000000000000000000]
p_shl                   (bitconcatenate   ) [ 000000000000000000000]
tmp                     (bitconcatenate   ) [ 000000000000000000000]
zext_ln306              (zext             ) [ 000000000000000000000]
sub_ln306               (sub              ) [ 000000000000000100000]
empty_174               (shl              ) [ 000000000000000100000]
add_ln305_1             (add              ) [ 000000000000000000000]
store_ln305             (store            ) [ 000000000000000000000]
store_ln305             (store            ) [ 000000000000000000000]
call_ln313              (call             ) [ 000000000000000000000]
shl_ln313               (shl              ) [ 000000000000000001110]
add_ln313               (add              ) [ 000000000000000001000]
call_ln313              (call             ) [ 000000000000000000000]
speclooptripcount_ln305 (speclooptripcount) [ 000000000000000000000]
specloopname_ln305      (specloopname     ) [ 000000000000000000000]
call_ln314              (call             ) [ 000000000000000000000]
br_ln305                (br               ) [ 000000000000000000000]
call_ln318              (call             ) [ 000000000000000000000]
ret_ln42                (ret              ) [ 000000000000000000000]
</LifeTime>

<model>

<comp_list>
<comp id="0" class="1000" name="gmem_in">
<pin_list>
<pin id="1" dir="1" index="0" bw="1" slack="0"/>
</pin_list>
<bind>
<StgValue><ssdm name="gmem_in"/><MemPortTyVec>0 </MemPortTyVec>
</StgValue>
</bind>
</comp>

<comp id="2" class="1000" name="gmem_weight">
<pin_list>
<pin id="3" dir="1" index="0" bw="1" slack="0"/>
</pin_list>
<bind>
<StgValue><ssdm name="gmem_weight"/><MemPortTyVec>0 </MemPortTyVec>
</StgValue>
</bind>
</comp>

<comp id="4" class="1000" name="gmem_param">
<pin_list>
<pin id="5" dir="1" index="0" bw="1" slack="0"/>
</pin_list>
<bind>
<StgValue><ssdm name="gmem_param"/><MemPortTyVec>0 </MemPortTyVec>
</StgValue>
</bind>
</comp>

<comp id="6" class="1000" name="gmem_out">
<pin_list>
<pin id="7" dir="1" index="0" bw="1" slack="0"/>
</pin_list>
<bind>
<StgValue><ssdm name="gmem_out"/><MemPortTyVec>1 </MemPortTyVec>
</StgValue>
</bind>
</comp>

<comp id="8" class="1000" name="X">
<pin_list>
<pin id="9" dir="1" index="0" bw="1" slack="0"/>
</pin_list>
<bind>
<StgValue><ssdm name="X"/></StgValue>
</bind>
</comp>

<comp id="10" class="1000" name="W">
<pin_list>
<pin id="11" dir="1" index="0" bw="1" slack="0"/>
</pin_list>
<bind>
<StgValue><ssdm name="W"/></StgValue>
</bind>
</comp>

<comp id="12" class="1000" name="B">
<pin_list>
<pin id="13" dir="1" index="0" bw="1" slack="0"/>
</pin_list>
<bind>
<StgValue><ssdm name="B"/></StgValue>
</bind>
</comp>

<comp id="14" class="1000" name="G">
<pin_list>
<pin id="15" dir="1" index="0" bw="1" slack="0"/>
</pin_list>
<bind>
<StgValue><ssdm name="G"/></StgValue>
</bind>
</comp>

<comp id="16" class="1000" name="BE">
<pin_list>
<pin id="17" dir="1" index="0" bw="1" slack="0"/>
</pin_list>
<bind>
<StgValue><ssdm name="BE"/></StgValue>
</bind>
</comp>

<comp id="18" class="1000" name="Y">
<pin_list>
<pin id="19" dir="1" index="0" bw="1" slack="0"/>
</pin_list>
<bind>
<StgValue><ssdm name="Y"/></StgValue>
</bind>
</comp>

<comp id="20" class="1000" name="epsilon">
<pin_list>
<pin id="21" dir="1" index="0" bw="1" slack="0"/>
</pin_list>
<bind>
<StgValue><ssdm name="epsilon"/></StgValue>
</bind>
</comp>

<comp id="22" class="1000" name="x_buf">
<pin_list>
<pin id="23" dir="1" index="0" bw="1" slack="0"/>
</pin_list>
<bind>
<StgValue><ssdm name="x_buf"/><MemPortTyVec>2 3 </MemPortTyVec>
</StgValue>
</bind>
</comp>

<comp id="24" class="1000" name="void_UpConv_Fused_Row_ap_uint_ap_uint_const_ap_uint_const_ap_uint_const_ap_u_9">
<pin_list>
<pin id="25" dir="1" index="0" bw="1" slack="0"/>
</pin_list>
<bind>
<StgValue><ssdm name="void_UpConv_Fused_Row_ap_uint_ap_uint_const_ap_uint_const_ap_uint_const_ap_u_9"/><MemPortTyVec>2 1 </MemPortTyVec>
</StgValue>
</bind>
</comp>

<comp id="26" class="1000" name="void_UpConv_Fused_Row_ap_uint_ap_uint_const_ap_uint_const_ap_uint_const_ap_u_8">
<pin_list>
<pin id="27" dir="1" index="0" bw="1" slack="0"/>
</pin_list>
<bind>
<StgValue><ssdm name="void_UpConv_Fused_Row_ap_uint_ap_uint_const_ap_uint_const_ap_uint_const_ap_u_8"/><MemPortTyVec>2 1 </MemPortTyVec>
</StgValue>
</bind>
</comp>

<comp id="28" class="1000" name="void_UpConv_Fused_Row_ap_uint_ap_uint_const_ap_uint_const_ap_uint_const_ap_u_7">
<pin_list>
<pin id="29" dir="1" index="0" bw="1" slack="0"/>
</pin_list>
<bind>
<StgValue><ssdm name="void_UpConv_Fused_Row_ap_uint_ap_uint_const_ap_uint_const_ap_uint_const_ap_u_7"/><MemPortTyVec>2 1 </MemPortTyVec>
</StgValue>
</bind>
</comp>

<comp id="30" class="1000" name="void_UpConv_Fused_Row_ap_uint_ap_uint_const_ap_uint_const_ap_uint_const_ap_u_6">
<pin_list>
<pin id="31" dir="1" index="0" bw="1" slack="0"/>
</pin_list>
<bind>
<StgValue><ssdm name="void_UpConv_Fused_Row_ap_uint_ap_uint_const_ap_uint_const_ap_uint_const_ap_u_6"/><MemPortTyVec>2 1 </MemPortTyVec>
</StgValue>
</bind>
</comp>

<comp id="32" class="1000" name="void_UpConv_Fused_Row_ap_uint_ap_uint_const_ap_uint_const_ap_uint_const_ap_u_5">
<pin_list>
<pin id="33" dir="1" index="0" bw="1" slack="0"/>
</pin_list>
<bind>
<StgValue><ssdm name="void_UpConv_Fused_Row_ap_uint_ap_uint_const_ap_uint_const_ap_uint_const_ap_u_5"/><MemPortTyVec>2 1 </MemPortTyVec>
</StgValue>
</bind>
</comp>

<comp id="34" class="1000" name="void_UpConv_Fused_Row_ap_uint_ap_uint_const_ap_uint_const_ap_uint_const_ap_u_4">
<pin_list>
<pin id="35" dir="1" index="0" bw="1" slack="0"/>
</pin_list>
<bind>
<StgValue><ssdm name="void_UpConv_Fused_Row_ap_uint_ap_uint_const_ap_uint_const_ap_uint_const_ap_u_4"/><MemPortTyVec>2 1 </MemPortTyVec>
</StgValue>
</bind>
</comp>

<comp id="36" class="1000" name="void_UpConv_Fused_Row_ap_uint_ap_uint_const_ap_uint_const_ap_uint_const_ap_u_3">
<pin_list>
<pin id="37" dir="1" index="0" bw="1" slack="0"/>
</pin_list>
<bind>
<StgValue><ssdm name="void_UpConv_Fused_Row_ap_uint_ap_uint_const_ap_uint_const_ap_uint_const_ap_u_3"/><MemPortTyVec>2 1 </MemPortTyVec>
</StgValue>
</bind>
</comp>

<comp id="38" class="1000" name="void_UpConv_Fused_Row_ap_uint_ap_uint_const_ap_uint_const_ap_uint_const_ap_u_2">
<pin_list>
<pin id="39" dir="1" index="0" bw="1" slack="0"/>
</pin_list>
<bind>
<StgValue><ssdm name="void_UpConv_Fused_Row_ap_uint_ap_uint_const_ap_uint_const_ap_uint_const_ap_u_2"/><MemPortTyVec>2 1 </MemPortTyVec>
</StgValue>
</bind>
</comp>

<comp id="40" class="1000" name="void_UpConv_Fused_Row_ap_uint_ap_uint_const_ap_uint_const_ap_uint_const_ap_u_1">
<pin_list>
<pin id="41" dir="1" index="0" bw="1" slack="0"/>
</pin_list>
<bind>
<StgValue><ssdm name="void_UpConv_Fused_Row_ap_uint_ap_uint_const_ap_uint_const_ap_uint_const_ap_u_1"/><MemPortTyVec>2 1 </MemPortTyVec>
</StgValue>
</bind>
</comp>

<comp id="42" class="1000" name="void_UpConv_Fused_Row_ap_uint_ap_uint_const_ap_uint_const_ap_uint_const_ap_u">
<pin_list>
<pin id="43" dir="1" index="0" bw="1" slack="0"/>
</pin_list>
<bind>
<StgValue><ssdm name="void_UpConv_Fused_Row_ap_uint_ap_uint_const_ap_uint_const_ap_uint_const_ap_u"/><MemPortTyVec>2 1 </MemPortTyVec>
</StgValue>
</bind>
</comp>

<comp id="44" class="1000" name="p_ZZ16UpConv_Fused_RowILi8ELi16ELi16ELi960ELi480EEvP7ap_uintILi256EEPKS1_S4_S4_S4_5">
<pin_list>
<pin id="45" dir="1" index="0" bw="1" slack="0"/>
</pin_list>
<bind>
<StgValue><ssdm name="p_ZZ16UpConv_Fused_RowILi8ELi16ELi16ELi960ELi480EEvP7ap_uintILi256EEPKS1_S4_S4_S4_5"/><MemPortTyVec>2 1 </MemPortTyVec>
</StgValue>
</bind>
</comp>

<comp id="46" class="1000" name="p_ZZ16UpConv_Fused_RowILi8ELi16ELi16ELi960ELi480EEvP7ap_uintILi256EEPKS1_S4_S4_S4_4">
<pin_list>
<pin id="47" dir="1" index="0" bw="1" slack="0"/>
</pin_list>
<bind>
<StgValue><ssdm name="p_ZZ16UpConv_Fused_RowILi8ELi16ELi16ELi960ELi480EEvP7ap_uintILi256EEPKS1_S4_S4_S4_4"/><MemPortTyVec>2 1 </MemPortTyVec>
</StgValue>
</bind>
</comp>

<comp id="48" class="1000" name="p_ZZ16UpConv_Fused_RowILi8ELi16ELi16ELi960ELi480EEvP7ap_uintILi256EEPKS1_S4_S4_S4_3">
<pin_list>
<pin id="49" dir="1" index="0" bw="1" slack="0"/>
</pin_list>
<bind>
<StgValue><ssdm name="p_ZZ16UpConv_Fused_RowILi8ELi16ELi16ELi960ELi480EEvP7ap_uintILi256EEPKS1_S4_S4_S4_3"/><MemPortTyVec>2 1 </MemPortTyVec>
</StgValue>
</bind>
</comp>

<comp id="50" class="1000" name="p_ZZ16UpConv_Fused_RowILi8ELi16ELi16ELi960ELi480EEvP7ap_uintILi256EEPKS1_S4_S4_S4_2">
<pin_list>
<pin id="51" dir="1" index="0" bw="1" slack="0"/>
</pin_list>
<bind>
<StgValue><ssdm name="p_ZZ16UpConv_Fused_RowILi8ELi16ELi16ELi960ELi480EEvP7ap_uintILi256EEPKS1_S4_S4_S4_2"/><MemPortTyVec>2 1 </MemPortTyVec>
</StgValue>
</bind>
</comp>

<comp id="52" class="1000" name="p_ZZ16UpConv_Fused_RowILi8ELi16ELi16ELi960ELi480EEvP7ap_uintILi256EEPKS1_S4_S4_S4_1">
<pin_list>
<pin id="53" dir="1" index="0" bw="1" slack="0"/>
</pin_list>
<bind>
<StgValue><ssdm name="p_ZZ16UpConv_Fused_RowILi8ELi16ELi16ELi960ELi480EEvP7ap_uintILi256EEPKS1_S4_S4_S4_1"/><MemPortTyVec>2 1 </MemPortTyVec>
</StgValue>
</bind>
</comp>

<comp id="54" class="1000" name="p_ZZ16UpConv_Fused_RowILi8ELi16ELi16ELi960ELi480EEvP7ap_uintILi256EEPKS1_S4_S4_S4">
<pin_list>
<pin id="55" dir="1" index="0" bw="1" slack="0"/>
</pin_list>
<bind>
<StgValue><ssdm name="p_ZZ16UpConv_Fused_RowILi8ELi16ELi16ELi960ELi480EEvP7ap_uintILi256EEPKS1_S4_S4_S4"/><MemPortTyVec>2 1 </MemPortTyVec>
</StgValue>
</bind>
</comp>

<comp id="56" class="1000" name="mean_buf">
<pin_list>
<pin id="57" dir="1" index="0" bw="1" slack="0"/>
</pin_list>
<bind>
<StgValue><ssdm name="mean_buf"/><MemPortTyVec>1 0 </MemPortTyVec>
</StgValue>
</bind>
</comp>

<comp id="58" class="1000" name="inv_buf">
<pin_list>
<pin id="59" dir="1" index="0" bw="1" slack="0"/>
</pin_list>
<bind>
<StgValue><ssdm name="inv_buf"/><MemPortTyVec>1 0 </MemPortTyVec>
</StgValue>
</bind>
</comp>

<comp id="60" class="1001" name="const_60">
<pin_list>
<pin id="61" dir="1" index="0" bw="1" slack="0"/>
</pin_list>
<bind>
<StgValue><ssdm name=""/></StgValue>
</bind>
</comp>

<comp id="62" class="1001" name="const_62">
<pin_list>
<pin id="63" dir="1" index="0" bw="1" slack="0"/>
</pin_list>
<bind>
<StgValue><ssdm name="_ssdm_op_Read.s_axilite.half"/></StgValue>
</bind>
</comp>

<comp id="64" class="1001" name="const_64">
<pin_list>
<pin id="65" dir="1" index="0" bw="1" slack="0"/>
</pin_list>
<bind>
<StgValue><ssdm name="_ssdm_op_Read.s_axilite.i64"/></StgValue>
</bind>
</comp>

<comp id="66" class="1001" name="const_66">
<pin_list>
<pin id="67" dir="1" index="0" bw="1" slack="0"/>
</pin_list>
<bind>
<StgValue><ssdm name="_ssdm_op_PartSelect.i59.i64.i32.i32"/></StgValue>
</bind>
</comp>

<comp id="68" class="1001" name="const_68">
<pin_list>
<pin id="69" dir="1" index="0" bw="1" slack="0"/>
</pin_list>
<bind>
<StgValue><ssdm name=""/></StgValue>
</bind>
</comp>

<comp id="70" class="1001" name="const_70">
<pin_list>
<pin id="71" dir="1" index="0" bw="1" slack="0"/>
</pin_list>
<bind>
<StgValue><ssdm name=""/></StgValue>
</bind>
</comp>

<comp id="72" class="1001" name="const_72">
<pin_list>
<pin id="73" dir="1" index="0" bw="1" slack="0"/>
</pin_list>
<bind>
<StgValue><ssdm name=""/></StgValue>
</bind>
</comp>

<comp id="74" class="1001" name="const_74">
<pin_list>
<pin id="75" dir="1" index="0" bw="1" slack="0"/>
</pin_list>
<bind>
<StgValue><ssdm name=""/></StgValue>
</bind>
</comp>

<comp id="76" class="1001" name="const_76">
<pin_list>
<pin id="77" dir="1" index="0" bw="1" slack="0"/>
</pin_list>
<bind>
<StgValue><ssdm name=""/></StgValue>
</bind>
</comp>

<comp id="78" class="1001" name="const_78">
<pin_list>
<pin id="79" dir="1" index="0" bw="1" slack="0"/>
</pin_list>
<bind>
<StgValue><ssdm name="_ssdm_op_ReadReq.m_axi.p1i256"/></StgValue>
</bind>
</comp>

<comp id="80" class="1001" name="const_80">
<pin_list>
<pin id="81" dir="1" index="0" bw="1" slack="0"/>
</pin_list>
<bind>
<StgValue><ssdm name=""/></StgValue>
</bind>
</comp>

<comp id="82" class="1001" name="const_82">
<pin_list>
<pin id="83" dir="1" index="0" bw="1" slack="0"/>
</pin_list>
<bind>
<StgValue><ssdm name="upconv_core_top_ucb0_Pipeline_LOAD_ROW0_VITIS_LOOP_297_1"/></StgValue>
</bind>
</comp>

<comp id="84" class="1001" name="const_84">
<pin_list>
<pin id="85" dir="1" index="0" bw="1" slack="0"/>
</pin_list>
<bind>
<StgValue><ssdm name="UpConv_Fused_Row<8, 16, 16, 960, 480>"/></StgValue>
</bind>
</comp>

<comp id="86" class="1001" name="const_86">
<pin_list>
<pin id="87" dir="1" index="0" bw="1" slack="0"/>
</pin_list>
<bind>
<StgValue><ssdm name=""/></StgValue>
</bind>
</comp>

<comp id="88" class="1001" name="const_88">
<pin_list>
<pin id="89" dir="1" index="0" bw="1" slack="2147483647"/>
</pin_list>
<bind>
<StgValue><ssdm name="_ssdm_op_SpecTopModule"/></StgValue>
</bind>
</comp>

<comp id="90" class="1001" name="const_90">
<pin_list>
<pin id="91" dir="1" index="0" bw="1" slack="2147483647"/>
</pin_list>
<bind>
<StgValue><ssdm name="empty_139"/></StgValue>
</bind>
</comp>

<comp id="92" class="1001" name="const_92">
<pin_list>
<pin id="93" dir="1" index="0" bw="1" slack="2147483647"/>
</pin_list>
<bind>
<StgValue><ssdm name="_ssdm_op_SpecInterface"/></StgValue>
</bind>
</comp>

<comp id="94" class="1001" name="const_94">
<pin_list>
<pin id="95" dir="1" index="0" bw="1" slack="2147483647"/>
</pin_list>
<bind>
<StgValue><ssdm name="empty_109"/></StgValue>
</bind>
</comp>

<comp id="96" class="1001" name="const_96">
<pin_list>
<pin id="97" dir="1" index="0" bw="1" slack="2147483647"/>
</pin_list>
<bind>
<StgValue><ssdm name=""/></StgValue>
</bind>
</comp>

<comp id="98" class="1001" name="const_98">
<pin_list>
<pin id="99" dir="1" index="0" bw="1" slack="2147483647"/>
</pin_list>
<bind>
<StgValue><ssdm name="empty_65"/></StgValue>
</bind>
</comp>

<comp id="100" class="1001" name="const_100">
<pin_list>
<pin id="101" dir="1" index="0" bw="1" slack="2147483647"/>
</pin_list>
<bind>
<StgValue><ssdm name="empty_111"/></StgValue>
</bind>
</comp>

<comp id="102" class="1001" name="const_102">
<pin_list>
<pin id="103" dir="1" index="0" bw="1" slack="2147483647"/>
</pin_list>
<bind>
<StgValue><ssdm name="empty_67"/></StgValue>
</bind>
</comp>

<comp id="104" class="1001" name="const_104">
<pin_list>
<pin id="105" dir="1" index="0" bw="1" slack="2147483647"/>
</pin_list>
<bind>
<StgValue><ssdm name=""/></StgValue>
</bind>
</comp>

<comp id="106" class="1001" name="const_106">
<pin_list>
<pin id="107" dir="1" index="0" bw="1" slack="2147483647"/>
</pin_list>
<bind>
<StgValue><ssdm name=""/></StgValue>
</bind>
</comp>

<comp id="108" class="1001" name="const_108">
<pin_list>
<pin id="109" dir="1" index="0" bw="1" slack="2147483647"/>
</pin_list>
<bind>
<StgValue><ssdm name=""/></StgValue>
</bind>
</comp>

<comp id="110" class="1001" name="const_110">
<pin_list>
<pin id="111" dir="1" index="0" bw="1" slack="2147483647"/>
</pin_list>
<bind>
<StgValue><ssdm name="_ssdm_op_SpecBitsMap"/></StgValue>
</bind>
</comp>

<comp id="112" class="1001" name="const_112">
<pin_list>
<pin id="113" dir="1" index="0" bw="1" slack="2147483647"/>
</pin_list>
<bind>
<StgValue><ssdm name="empty_134"/></StgValue>
</bind>
</comp>

<comp id="114" class="1001" name="const_114">
<pin_list>
<pin id="115" dir="1" index="0" bw="1" slack="2147483647"/>
</pin_list>
<bind>
<StgValue><ssdm name="empty_118"/></StgValue>
</bind>
</comp>

<comp id="116" class="1001" name="const_116">
<pin_list>
<pin id="117" dir="1" index="0" bw="1" slack="2147483647"/>
</pin_list>
<bind>
<StgValue><ssdm name="empty_136"/></StgValue>
</bind>
</comp>

<comp id="118" class="1001" name="const_118">
<pin_list>
<pin id="119" dir="1" index="0" bw="1" slack="2147483647"/>
</pin_list>
<bind>
<StgValue><ssdm name="empty_138"/></StgValue>
</bind>
</comp>

<comp id="120" class="1001" name="const_120">
<pin_list>
<pin id="121" dir="1" index="0" bw="1" slack="2147483647"/>
</pin_list>
<bind>
<StgValue><ssdm name="empty_82"/></StgValue>
</bind>
</comp>

<comp id="122" class="1001" name="const_122">
<pin_list>
<pin id="123" dir="1" index="0" bw="1" slack="2147483647"/>
</pin_list>
<bind>
<StgValue><ssdm name="empty_83"/></StgValue>
</bind>
</comp>

<comp id="124" class="1001" name="const_124">
<pin_list>
<pin id="125" dir="1" index="0" bw="1" slack="2147483647"/>
</pin_list>
<bind>
<StgValue><ssdm name="empty_130"/></StgValue>
</bind>
</comp>

<comp id="126" class="1001" name="const_126">
<pin_list>
<pin id="127" dir="1" index="0" bw="1" slack="2147483647"/>
</pin_list>
<bind>
<StgValue><ssdm name="empty_52"/></StgValue>
</bind>
</comp>

<comp id="128" class="1001" name="const_128">
<pin_list>
<pin id="129" dir="1" index="0" bw="1" slack="2147483647"/>
</pin_list>
<bind>
<StgValue><ssdm name="empty_141"/></StgValue>
</bind>
</comp>

<comp id="130" class="1001" name="const_130">
<pin_list>
<pin id="131" dir="1" index="0" bw="1" slack="2147483647"/>
</pin_list>
<bind>
<StgValue><ssdm name="empty_97"/></StgValue>
</bind>
</comp>

<comp id="132" class="1001" name="const_132">
<pin_list>
<pin id="133" dir="1" index="0" bw="1" slack="2147483647"/>
</pin_list>
<bind>
<StgValue><ssdm name="empty_71"/></StgValue>
</bind>
</comp>

<comp id="134" class="1001" name="const_134">
<pin_list>
<pin id="135" dir="1" index="0" bw="1" slack="2147483647"/>
</pin_list>
<bind>
<StgValue><ssdm name="empty_135"/></StgValue>
</bind>
</comp>

<comp id="136" class="1001" name="const_136">
<pin_list>
<pin id="137" dir="1" index="0" bw="1" slack="2147483647"/>
</pin_list>
<bind>
<StgValue><ssdm name="empty_80"/></StgValue>
</bind>
</comp>

<comp id="138" class="1001" name="const_138">
<pin_list>
<pin id="139" dir="1" index="0" bw="1" slack="2147483647"/>
</pin_list>
<bind>
<StgValue><ssdm name="empty_137"/></StgValue>
</bind>
</comp>

<comp id="140" class="1001" name="const_140">
<pin_list>
<pin id="141" dir="1" index="0" bw="1" slack="2147483647"/>
</pin_list>
<bind>
<StgValue><ssdm name="empty_81"/></StgValue>
</bind>
</comp>

<comp id="142" class="1001" name="const_142">
<pin_list>
<pin id="143" dir="1" index="0" bw="1" slack="2147483647"/>
</pin_list>
<bind>
<StgValue><ssdm name="_ssdm_op_SpecMemCore"/></StgValue>
</bind>
</comp>

<comp id="144" class="1001" name="const_144">
<pin_list>
<pin id="145" dir="1" index="0" bw="1" slack="2147483647"/>
</pin_list>
<bind>
<StgValue><ssdm name=""/></StgValue>
</bind>
</comp>

<comp id="146" class="1001" name="const_146">
<pin_list>
<pin id="147" dir="1" index="0" bw="1" slack="2147483647"/>
</pin_list>
<bind>
<StgValue><ssdm name=""/></StgValue>
</bind>
</comp>

<comp id="148" class="1001" name="const_148">
<pin_list>
<pin id="149" dir="1" index="0" bw="1" slack="2147483647"/>
</pin_list>
<bind>
<StgValue><ssdm name=""/></StgValue>
</bind>
</comp>

<comp id="150" class="1001" name="const_150">
<pin_list>
<pin id="151" dir="1" index="0" bw="1" slack="0"/>
</pin_list>
<bind>
<StgValue><ssdm name=""/></StgValue>
</bind>
</comp>

<comp id="152" class="1001" name="const_152">
<pin_list>
<pin id="153" dir="1" index="0" bw="1" slack="0"/>
</pin_list>
<bind>
<StgValue><ssdm name=""/></StgValue>
</bind>
</comp>

<comp id="154" class="1001" name="const_154">
<pin_list>
<pin id="155" dir="1" index="0" bw="1" slack="0"/>
</pin_list>
<bind>
<StgValue><ssdm name="_ssdm_op_BitConcatenate.i14.i4.i10"/></StgValue>
</bind>
</comp>

<comp id="156" class="1001" name="const_156">
<pin_list>
<pin id="157" dir="1" index="0" bw="1" slack="0"/>
</pin_list>
<bind>
<StgValue><ssdm name=""/></StgValue>
</bind>
</comp>

<comp id="158" class="1001" name="const_158">
<pin_list>
<pin id="159" dir="1" index="0" bw="1" slack="0"/>
</pin_list>
<bind>
<StgValue><ssdm name="_ssdm_op_BitConcatenate.i10.i4.i6"/></StgValue>
</bind>
</comp>

<comp id="160" class="1001" name="const_160">
<pin_list>
<pin id="161" dir="1" index="0" bw="1" slack="0"/>
</pin_list>
<bind>
<StgValue><ssdm name=""/></StgValue>
</bind>
</comp>

<comp id="162" class="1001" name="const_162">
<pin_list>
<pin id="163" dir="1" index="0" bw="1" slack="0"/>
</pin_list>
<bind>
<StgValue><ssdm name=""/></StgValue>
</bind>
</comp>

<comp id="164" class="1001" name="const_164">
<pin_list>
<pin id="165" dir="1" index="0" bw="1" slack="0"/>
</pin_list>
<bind>
<StgValue><ssdm name="upconv_core_top_ucb0_Pipeline_LOAD_ROW_VITIS_LOOP_308_2"/></StgValue>
</bind>
</comp>

<comp id="166" class="1001" name="const_166">
<pin_list>
<pin id="167" dir="1" index="0" bw="1" slack="0"/>
</pin_list>
<bind>
<StgValue><ssdm name=""/></StgValue>
</bind>
</comp>

<comp id="168" class="1001" name="const_168">
<pin_list>
<pin id="169" dir="1" index="0" bw="1" slack="2147483647"/>
</pin_list>
<bind>
<StgValue><ssdm name="_ssdm_op_SpecLoopTripCount"/></StgValue>
</bind>
</comp>

<comp id="170" class="1001" name="const_170">
<pin_list>
<pin id="171" dir="1" index="0" bw="1" slack="2147483647"/>
</pin_list>
<bind>
<StgValue><ssdm name=""/></StgValue>
</bind>
</comp>

<comp id="172" class="1001" name="const_172">
<pin_list>
<pin id="173" dir="1" index="0" bw="1" slack="2147483647"/>
</pin_list>
<bind>
<StgValue><ssdm name="_ssdm_op_SpecLoopName"/></StgValue>
</bind>
</comp>

<comp id="174" class="1001" name="const_174">
<pin_list>
<pin id="175" dir="1" index="0" bw="1" slack="2147483647"/>
</pin_list>
<bind>
<StgValue><ssdm name="empty_140"/></StgValue>
</bind>
</comp>

<comp id="176" class="1004" name="hi_fu_176">
<pin_list>
<pin id="177" dir="0" index="0" bw="1" slack="0"/>
<pin id="178" dir="1" index="1" bw="5" slack="0"/>
</pin_list>
<bind>
<opcode="alloca(26) " fcode="alloca"/>
<opset="hi/1 "/>
</bind>
</comp>

<comp id="180" class="1004" name="indvar_fu_180">
<pin_list>
<pin id="181" dir="0" index="0" bw="1" slack="0"/>
<pin id="182" dir="1" index="1" bw="4" slack="0"/>
</pin_list>
<bind>
<opcode="alloca(26) " fcode="alloca"/>
<opset="indvar/1 "/>
</bind>
</comp>

<comp id="184" class="1004" name="epsilon_read_read_fu_184">
<pin_list>
<pin id="185" dir="0" index="0" bw="16" slack="0"/>
<pin id="186" dir="0" index="1" bw="16" slack="0"/>
<pin id="187" dir="1" index="2" bw="16" slack="11"/>
</pin_list>
<bind>
<opcode="read(1150) " fcode="read"/>
<opset="epsilon_read/1 "/>
</bind>
</comp>

<comp id="190" class="1004" name="Y_read_read_fu_190">
<pin_list>
<pin id="191" dir="0" index="0" bw="64" slack="0"/>
<pin id="192" dir="0" index="1" bw="64" slack="0"/>
<pin id="193" dir="1" index="2" bw="64" slack="11"/>
</pin_list>
<bind>
<opcode="read(1150) " fcode="read"/>
<opset="Y_read/1 "/>
</bind>
</comp>

<comp id="196" class="1004" name="BE_read_read_fu_196">
<pin_list>
<pin id="197" dir="0" index="0" bw="64" slack="0"/>
<pin id="198" dir="0" index="1" bw="64" slack="0"/>
<pin id="199" dir="1" index="2" bw="64" slack="11"/>
</pin_list>
<bind>
<opcode="read(1150) " fcode="read"/>
<opset="BE_read/1 "/>
</bind>
</comp>

<comp id="202" class="1004" name="G_read_read_fu_202">
<pin_list>
<pin id="203" dir="0" index="0" bw="64" slack="0"/>
<pin id="204" dir="0" index="1" bw="64" slack="0"/>
<pin id="205" dir="1" index="2" bw="64" slack="11"/>
</pin_list>
<bind>
<opcode="read(1150) " fcode="read"/>
<opset="G_read/1 "/>
</bind>
</comp>

<comp id="208" class="1004" name="B_read_read_fu_208">
<pin_list>
<pin id="209" dir="0" index="0" bw="64" slack="0"/>
<pin id="210" dir="0" index="1" bw="64" slack="0"/>
<pin id="211" dir="1" index="2" bw="64" slack="11"/>
</pin_list>
<bind>
<opcode="read(1150) " fcode="read"/>
<opset="B_read/1 "/>
</bind>
</comp>

<comp id="214" class="1004" name="W_read_read_fu_214">
<pin_list>
<pin id="215" dir="0" index="0" bw="64" slack="0"/>
<pin id="216" dir="0" index="1" bw="64" slack="0"/>
<pin id="217" dir="1" index="2" bw="64" slack="11"/>
</pin_list>
<bind>
<opcode="read(1150) " fcode="read"/>
<opset="W_read/1 "/>
</bind>
</comp>

<comp id="220" class="1004" name="X_read_read_fu_220">
<pin_list>
<pin id="221" dir="0" index="0" bw="64" slack="0"/>
<pin id="222" dir="0" index="1" bw="64" slack="0"/>
<pin id="223" dir="1" index="2" bw="64" slack="0"/>
</pin_list>
<bind>
<opcode="read(1150) " fcode="read"/>
<opset="X_read/1 "/>
</bind>
</comp>

<comp id="226" class="1004" name="grp_readreq_fu_226">
<pin_list>
<pin id="227" dir="0" index="0" bw="1" slack="0"/>
<pin id="228" dir="0" index="1" bw="256" slack="0"/>
<pin id="229" dir="0" index="2" bw="11" slack="0"/>
<pin id="230" dir="1" index="3" bw="1" slack="2147483647"/>
</pin_list>
<bind>
<opcode="readreq(1154) " fcode="readreq"/>
<opset="empty/2 "/>
</bind>
</comp>

<comp id="233" class="1004" name="grp_upconv_core_top_ucb0_Pipeline_LOAD_ROW0_VITIS_LOOP_297_1_fu_233">
<pin_list>
<pin id="234" dir="0" index="0" bw="0" slack="0"/>
<pin id="235" dir="0" index="1" bw="256" slack="0"/>
<pin id="236" dir="0" index="2" bw="59" slack="9"/>
<pin id="237" dir="0" index="3" bw="256" slack="0"/>
<pin id="238" dir="1" index="4" bw="0" slack="2147483647"/>
</pin_list>
<bind>
<opcode="call(48) " fcode="call"/>
<opset="call_ln296/10 "/>
</bind>
</comp>

<comp id="242" class="1004" name="grp_UpConv_Fused_Row_8_16_16_960_480_s_fu_242">
<pin_list>
<pin id="243" dir="0" index="0" bw="0" slack="0"/>
<pin id="244" dir="0" index="1" bw="256" slack="0"/>
<pin id="245" dir="0" index="2" bw="64" slack="11"/>
<pin id="246" dir="0" index="3" bw="256" slack="0"/>
<pin id="247" dir="0" index="4" bw="64" slack="11"/>
<pin id="248" dir="0" index="5" bw="64" slack="11"/>
<pin id="249" dir="0" index="6" bw="64" slack="11"/>
<pin id="250" dir="0" index="7" bw="256" slack="0"/>
<pin id="251" dir="0" index="8" bw="64" slack="11"/>
<pin id="252" dir="0" index="9" bw="16" slack="11"/>
<pin id="253" dir="0" index="10" bw="5" slack="0"/>
<pin id="254" dir="0" index="11" bw="16" slack="0"/>
<pin id="255" dir="0" index="12" bw="16" slack="0"/>
<pin id="256" dir="0" index="13" bw="16" slack="0"/>
<pin id="257" dir="0" index="14" bw="16" slack="0"/>
<pin id="258" dir="0" index="15" bw="16" slack="0"/>
<pin id="259" dir="0" index="16" bw="16" slack="0"/>
<pin id="260" dir="0" index="17" bw="16" slack="0"/>
<pin id="261" dir="0" index="18" bw="16" slack="0"/>
<pin id="262" dir="0" index="19" bw="16" slack="0"/>
<pin id="263" dir="0" index="20" bw="16" slack="0"/>
<pin id="264" dir="0" index="21" bw="16" slack="0"/>
<pin id="265" dir="0" index="22" bw="16" slack="0"/>
<pin id="266" dir="0" index="23" bw="16" slack="0"/>
<pin id="267" dir="0" index="24" bw="16" slack="0"/>
<pin id="268" dir="0" index="25" bw="16" slack="0"/>
<pin id="269" dir="0" index="26" bw="16" slack="0"/>
<pin id="270" dir="0" index="27" bw="256" slack="0"/>
<pin id="271" dir="0" index="28" bw="32" slack="0"/>
<pin id="272" dir="0" index="29" bw="16" slack="0"/>
<pin id="273" dir="1" index="30" bw="0" slack="2147483647"/>
</pin_list>
<bind>
<opcode="call(48) " fcode="call"/>
<opset="call_ln302/12 call_ln318/14 call_ln313/16 call_ln314/18 "/>
</bind>
</comp>

<comp id="299" class="1004" name="grp_upconv_core_top_ucb0_Pipeline_LOAD_ROW_VITIS_LOOP_308_2_fu_299">
<pin_list>
<pin id="300" dir="0" index="0" bw="0" slack="0"/>
<pin id="301" dir="0" index="1" bw="256" slack="0"/>
<pin id="302" dir="0" index="2" bw="5" slack="0"/>
<pin id="303" dir="0" index="3" bw="59" slack="13"/>
<pin id="304" dir="0" index="4" bw="14" slack="0"/>
<pin id="305" dir="0" index="5" bw="256" slack="0"/>
<pin id="306" dir="1" index="6" bw="0" slack="2147483647"/>
</pin_list>
<bind>
<opcode="call(48) " fcode="call"/>
<opset="call_ln313/14 "/>
</bind>
</comp>

<comp id="310" class="1004" name="trunc_ln_fu_310">
<pin_list>
<pin id="311" dir="0" index="0" bw="59" slack="0"/>
<pin id="312" dir="0" index="1" bw="64" slack="0"/>
<pin id="313" dir="0" index="2" bw="4" slack="0"/>
<pin id="314" dir="0" index="3" bw="7" slack="0"/>
<pin id="315" dir="1" index="4" bw="59" slack="1"/>
</pin_list>
<bind>
<opcode="partselect(1002) " fcode="partselect"/>
<opset="trunc_ln/1 "/>
</bind>
</comp>

<comp id="320" class="1004" name="add_ln305_fu_320">
<pin_list>
<pin id="321" dir="0" index="0" bw="64" slack="0"/>
<pin id="322" dir="0" index="1" bw="16" slack="0"/>
<pin id="323" dir="1" index="2" bw="64" slack="0"/>
</pin_list>
<bind>
<opcode="add(8) " fcode="add"/>
<opset="add_ln305/1 "/>
</bind>
</comp>

<comp id="326" class="1004" name="trunc_ln1_fu_326">
<pin_list>
<pin id="327" dir="0" index="0" bw="59" slack="0"/>
<pin id="328" dir="0" index="1" bw="64" slack="0"/>
<pin id="329" dir="0" index="2" bw="4" slack="0"/>
<pin id="330" dir="0" index="3" bw="7" slack="0"/>
<pin id="331" dir="1" index="4" bw="59" slack="13"/>
</pin_list>
<bind>
<opcode="partselect(1002) " fcode="partselect"/>
<opset="trunc_ln1/1 "/>
</bind>
</comp>

<comp id="336" class="1004" name="store_ln0_store_fu_336">
<pin_list>
<pin id="337" dir="0" index="0" bw="1" slack="0"/>
<pin id="338" dir="0" index="1" bw="4" slack="0"/>
<pin id="339" dir="1" index="2" bw="0" slack="2147483647"/>
</pin_list>
<bind>
<opcode="store(28) " fcode="store"/>
<opset="store_ln0/1 "/>
</bind>
</comp>

<comp id="341" class="1004" name="store_ln305_store_fu_341">
<pin_list>
<pin id="342" dir="0" index="0" bw="1" slack="0"/>
<pin id="343" dir="0" index="1" bw="5" slack="0"/>
<pin id="344" dir="1" index="2" bw="0" slack="2147483647"/>
</pin_list>
<bind>
<opcode="store(28) " fcode="store"/>
<opset="store_ln305/1 "/>
</bind>
</comp>

<comp id="346" class="1004" name="sext_ln296_fu_346">
<pin_list>
<pin id="347" dir="0" index="0" bw="59" slack="1"/>
<pin id="348" dir="1" index="1" bw="64" slack="0"/>
</pin_list>
<bind>
<opcode="sext(35) " fcode="sext"/>
<opset="sext_ln296/2 "/>
</bind>
</comp>

<comp id="349" class="1004" name="gmem_in_addr_fu_349">
<pin_list>
<pin id="350" dir="0" index="0" bw="64" slack="0"/>
<pin id="351" dir="0" index="1" bw="64" slack="0"/>
<pin id="352" dir="1" index="2" bw="64" slack="0"/>
</pin_list>
<bind>
<opcode="getelementptr(29) " fcode="getelementptr"/>
<opset="gmem_in_addr/2 "/>
</bind>
</comp>

<comp id="356" class="1004" name="hi_1_load_fu_356">
<pin_list>
<pin id="357" dir="0" index="0" bw="5" slack="13"/>
<pin id="358" dir="1" index="1" bw="5" slack="0"/>
</pin_list>
<bind>
<opcode="load(27) " fcode="load"/>
<opset="hi_1/14 "/>
</bind>
</comp>

<comp id="359" class="1004" name="indvar_load_load_fu_359">
<pin_list>
<pin id="360" dir="0" index="0" bw="4" slack="13"/>
<pin id="361" dir="1" index="1" bw="4" slack="0"/>
</pin_list>
<bind>
<opcode="load(27) " fcode="load"/>
<opset="indvar_load/14 "/>
</bind>
</comp>

<comp id="362" class="1004" name="icmp_ln305_fu_362">
<pin_list>
<pin id="363" dir="0" index="0" bw="5" slack="0"/>
<pin id="364" dir="0" index="1" bw="5" slack="0"/>
<pin id="365" dir="1" index="2" bw="1" slack="2147483647"/>
</pin_list>
<bind>
<opcode="icmp(45) " fcode="icmp"/>
<opset="icmp_ln305/14 "/>
</bind>
</comp>

<comp id="368" class="1004" name="add_ln305_2_fu_368">
<pin_list>
<pin id="369" dir="0" index="0" bw="4" slack="0"/>
<pin id="370" dir="0" index="1" bw="1" slack="0"/>
<pin id="371" dir="1" index="2" bw="4" slack="0"/>
</pin_list>
<bind>
<opcode="add(8) " fcode="add"/>
<opset="add_ln305_2/14 "/>
</bind>
</comp>

<comp id="374" class="1004" name="p_shl_fu_374">
<pin_list>
<pin id="375" dir="0" index="0" bw="14" slack="0"/>
<pin id="376" dir="0" index="1" bw="4" slack="0"/>
<pin id="377" dir="0" index="2" bw="1" slack="0"/>
<pin id="378" dir="1" index="3" bw="14" slack="0"/>
</pin_list>
<bind>
<opcode="bitconcatenate(1004) " fcode="bitconcatenate"/>
<opset="p_shl/14 "/>
</bind>
</comp>

<comp id="382" class="1004" name="tmp_fu_382">
<pin_list>
<pin id="383" dir="0" index="0" bw="10" slack="0"/>
<pin id="384" dir="0" index="1" bw="4" slack="0"/>
<pin id="385" dir="0" index="2" bw="1" slack="0"/>
<pin id="386" dir="1" index="3" bw="10" slack="0"/>
</pin_list>
<bind>
<opcode="bitconcatenate(1004) " fcode="bitconcatenate"/>
<opset="tmp/14 "/>
</bind>
</comp>

<comp id="390" class="1004" name="zext_ln306_fu_390">
<pin_list>
<pin id="391" dir="0" index="0" bw="10" slack="0"/>
<pin id="392" dir="1" index="1" bw="14" slack="0"/>
</pin_list>
<bind>
<opcode="zext(34) " fcode="zext"/>
<opset="zext_ln306/14 "/>
</bind>
</comp>

<comp id="394" class="1004" name="sub_ln306_fu_394">
<pin_list>
<pin id="395" dir="0" index="0" bw="14" slack="0"/>
<pin id="396" dir="0" index="1" bw="10" slack="0"/>
<pin id="397" dir="1" index="2" bw="14" slack="0"/>
</pin_list>
<bind>
<opcode="sub(10) " fcode="sub"/>
<opset="sub_ln306/14 "/>
</bind>
</comp>

<comp id="401" class="1004" name="empty_174_fu_401">
<pin_list>
<pin id="402" dir="0" index="0" bw="5" slack="0"/>
<pin id="403" dir="0" index="1" bw="4" slack="0"/>
<pin id="404" dir="1" index="2" bw="5" slack="0"/>
</pin_list>
<bind>
<opcode="shl(20) " fcode="shl"/>
<opset="empty_174/14 "/>
</bind>
</comp>

<comp id="408" class="1004" name="add_ln305_1_fu_408">
<pin_list>
<pin id="409" dir="0" index="0" bw="5" slack="0"/>
<pin id="410" dir="0" index="1" bw="1" slack="0"/>
<pin id="411" dir="1" index="2" bw="5" slack="0"/>
</pin_list>
<bind>
<opcode="add(8) " fcode="add"/>
<opset="add_ln305_1/14 "/>
</bind>
</comp>

<comp id="414" class="1004" name="store_ln305_store_fu_414">
<pin_list>
<pin id="415" dir="0" index="0" bw="4" slack="0"/>
<pin id="416" dir="0" index="1" bw="4" slack="13"/>
<pin id="417" dir="1" index="2" bw="0" slack="2147483647"/>
</pin_list>
<bind>
<opcode="store(28) " fcode="store"/>
<opset="store_ln305/14 "/>
</bind>
</comp>

<comp id="419" class="1004" name="store_ln305_store_fu_419">
<pin_list>
<pin id="420" dir="0" index="0" bw="5" slack="0"/>
<pin id="421" dir="0" index="1" bw="5" slack="13"/>
<pin id="422" dir="1" index="2" bw="0" slack="2147483647"/>
</pin_list>
<bind>
<opcode="store(28) " fcode="store"/>
<opset="store_ln305/14 "/>
</bind>
</comp>

<comp id="424" class="1004" name="shl_ln313_fu_424">
<pin_list>
<pin id="425" dir="0" index="0" bw="5" slack="2"/>
<pin id="426" dir="0" index="1" bw="1" slack="0"/>
<pin id="427" dir="1" index="2" bw="5" slack="0"/>
</pin_list>
<bind>
<opcode="shl(20) " fcode="shl"/>
<opset="shl_ln313/16 "/>
</bind>
</comp>

<comp id="429" class="1004" name="add_ln313_fu_429">
<pin_list>
<pin id="430" dir="0" index="0" bw="5" slack="0"/>
<pin id="431" dir="0" index="1" bw="1" slack="0"/>
<pin id="432" dir="1" index="2" bw="5" slack="0"/>
</pin_list>
<bind>
<opcode="add(8) " fcode="add"/>
<opset="add_ln313/16 "/>
</bind>
</comp>

<comp id="436" class="1005" name="hi_reg_436">
<pin_list>
<pin id="437" dir="0" index="0" bw="5" slack="0"/>
<pin id="438" dir="1" index="1" bw="5" slack="0"/>
</pin_list>
<bind>
<opset="hi "/>
</bind>
</comp>

<comp id="443" class="1005" name="indvar_reg_443">
<pin_list>
<pin id="444" dir="0" index="0" bw="4" slack="0"/>
<pin id="445" dir="1" index="1" bw="4" slack="0"/>
</pin_list>
<bind>
<opset="indvar "/>
</bind>
</comp>

<comp id="450" class="1005" name="epsilon_read_reg_450">
<pin_list>
<pin id="451" dir="0" index="0" bw="16" slack="11"/>
<pin id="452" dir="1" index="1" bw="16" slack="11"/>
</pin_list>
<bind>
<opset="epsilon_read "/>
</bind>
</comp>

<comp id="455" class="1005" name="Y_read_reg_455">
<pin_list>
<pin id="456" dir="0" index="0" bw="64" slack="11"/>
<pin id="457" dir="1" index="1" bw="64" slack="11"/>
</pin_list>
<bind>
<opset="Y_read "/>
</bind>
</comp>

<comp id="460" class="1005" name="BE_read_reg_460">
<pin_list>
<pin id="461" dir="0" index="0" bw="64" slack="11"/>
<pin id="462" dir="1" index="1" bw="64" slack="11"/>
</pin_list>
<bind>
<opset="BE_read "/>
</bind>
</comp>

<comp id="465" class="1005" name="G_read_reg_465">
<pin_list>
<pin id="466" dir="0" index="0" bw="64" slack="11"/>
<pin id="467" dir="1" index="1" bw="64" slack="11"/>
</pin_list>
<bind>
<opset="G_read "/>
</bind>
</comp>

<comp id="470" class="1005" name="B_read_reg_470">
<pin_list>
<pin id="471" dir="0" index="0" bw="64" slack="11"/>
<pin id="472" dir="1" index="1" bw="64" slack="11"/>
</pin_list>
<bind>
<opset="B_read "/>
</bind>
</comp>

<comp id="475" class="1005" name="W_read_reg_475">
<pin_list>
<pin id="476" dir="0" index="0" bw="64" slack="11"/>
<pin id="477" dir="1" index="1" bw="64" slack="11"/>
</pin_list>
<bind>
<opset="W_read "/>
</bind>
</comp>

<comp id="480" class="1005" name="trunc_ln_reg_480">
<pin_list>
<pin id="481" dir="0" index="0" bw="59" slack="1"/>
<pin id="482" dir="1" index="1" bw="59" slack="1"/>
</pin_list>
<bind>
<opset="trunc_ln "/>
</bind>
</comp>

<comp id="486" class="1005" name="trunc_ln1_reg_486">
<pin_list>
<pin id="487" dir="0" index="0" bw="59" slack="13"/>
<pin id="488" dir="1" index="1" bw="59" slack="13"/>
</pin_list>
<bind>
<opset="trunc_ln1 "/>
</bind>
</comp>

<comp id="491" class="1005" name="gmem_in_addr_reg_491">
<pin_list>
<pin id="492" dir="0" index="0" bw="256" slack="1"/>
<pin id="493" dir="1" index="1" bw="256" slack="1"/>
</pin_list>
<bind>
<opset="gmem_in_addr "/>
</bind>
</comp>

<comp id="496" class="1005" name="hi_1_reg_496">
<pin_list>
<pin id="497" dir="0" index="0" bw="5" slack="2"/>
<pin id="498" dir="1" index="1" bw="5" slack="2"/>
</pin_list>
<bind>
<opset="hi_1 "/>
</bind>
</comp>

<comp id="504" class="1005" name="sub_ln306_reg_504">
<pin_list>
<pin id="505" dir="0" index="0" bw="14" slack="1"/>
<pin id="506" dir="1" index="1" bw="14" slack="1"/>
</pin_list>
<bind>
<opset="sub_ln306 "/>
</bind>
</comp>

<comp id="509" class="1005" name="empty_174_reg_509">
<pin_list>
<pin id="510" dir="0" index="0" bw="5" slack="1"/>
<pin id="511" dir="1" index="1" bw="5" slack="1"/>
</pin_list>
<bind>
<opset="empty_174 "/>
</bind>
</comp>

<comp id="514" class="1005" name="shl_ln313_reg_514">
<pin_list>
<pin id="515" dir="0" index="0" bw="5" slack="2"/>
<pin id="516" dir="1" index="1" bw="5" slack="2"/>
</pin_list>
<bind>
<opset="shl_ln313 "/>
</bind>
</comp>

<comp id="519" class="1005" name="add_ln313_reg_519">
<pin_list>
<pin id="520" dir="0" index="0" bw="5" slack="1"/>
<pin id="521" dir="1" index="1" bw="5" slack="1"/>
</pin_list>
<bind>
<opset="add_ln313 "/>
</bind>
</comp>

</comp_list>

<net_list>
<net id="179"><net_src comp="60" pin="0"/><net_sink comp="176" pin=0"/></net>

<net id="183"><net_src comp="60" pin="0"/><net_sink comp="180" pin=0"/></net>

<net id="188"><net_src comp="62" pin="0"/><net_sink comp="184" pin=0"/></net>

<net id="189"><net_src comp="20" pin="0"/><net_sink comp="184" pin=1"/></net>

<net id="194"><net_src comp="64" pin="0"/><net_sink comp="190" pin=0"/></net>

<net id="195"><net_src comp="18" pin="0"/><net_sink comp="190" pin=1"/></net>

<net id="200"><net_src comp="64" pin="0"/><net_sink comp="196" pin=0"/></net>

<net id="201"><net_src comp="16" pin="0"/><net_sink comp="196" pin=1"/></net>

<net id="206"><net_src comp="64" pin="0"/><net_sink comp="202" pin=0"/></net>

<net id="207"><net_src comp="14" pin="0"/><net_sink comp="202" pin=1"/></net>

<net id="212"><net_src comp="64" pin="0"/><net_sink comp="208" pin=0"/></net>

<net id="213"><net_src comp="12" pin="0"/><net_sink comp="208" pin=1"/></net>

<net id="218"><net_src comp="64" pin="0"/><net_sink comp="214" pin=0"/></net>

<net id="219"><net_src comp="10" pin="0"/><net_sink comp="214" pin=1"/></net>

<net id="224"><net_src comp="64" pin="0"/><net_sink comp="220" pin=0"/></net>

<net id="225"><net_src comp="8" pin="0"/><net_sink comp="220" pin=1"/></net>

<net id="231"><net_src comp="78" pin="0"/><net_sink comp="226" pin=0"/></net>

<net id="232"><net_src comp="80" pin="0"/><net_sink comp="226" pin=2"/></net>

<net id="239"><net_src comp="82" pin="0"/><net_sink comp="233" pin=0"/></net>

<net id="240"><net_src comp="0" pin="0"/><net_sink comp="233" pin=1"/></net>

<net id="241"><net_src comp="22" pin="0"/><net_sink comp="233" pin=3"/></net>

<net id="274"><net_src comp="84" pin="0"/><net_sink comp="242" pin=0"/></net>

<net id="275"><net_src comp="2" pin="0"/><net_sink comp="242" pin=1"/></net>

<net id="276"><net_src comp="4" pin="0"/><net_sink comp="242" pin=3"/></net>

<net id="277"><net_src comp="6" pin="0"/><net_sink comp="242" pin=7"/></net>

<net id="278"><net_src comp="86" pin="0"/><net_sink comp="242" pin=10"/></net>

<net id="279"><net_src comp="24" pin="0"/><net_sink comp="242" pin=11"/></net>

<net id="280"><net_src comp="26" pin="0"/><net_sink comp="242" pin=12"/></net>

<net id="281"><net_src comp="28" pin="0"/><net_sink comp="242" pin=13"/></net>

<net id="282"><net_src comp="30" pin="0"/><net_sink comp="242" pin=14"/></net>

<net id="283"><net_src comp="32" pin="0"/><net_sink comp="242" pin=15"/></net>

<net id="284"><net_src comp="34" pin="0"/><net_sink comp="242" pin=16"/></net>

<net id="285"><net_src comp="36" pin="0"/><net_sink comp="242" pin=17"/></net>

<net id="286"><net_src comp="38" pin="0"/><net_sink comp="242" pin=18"/></net>

<net id="287"><net_src comp="40" pin="0"/><net_sink comp="242" pin=19"/></net>

<net id="288"><net_src comp="42" pin="0"/><net_sink comp="242" pin=20"/></net>

<net id="289"><net_src comp="44" pin="0"/><net_sink comp="242" pin=21"/></net>

<net id="290"><net_src comp="46" pin="0"/><net_sink comp="242" pin=22"/></net>

<net id="291"><net_src comp="48" pin="0"/><net_sink comp="242" pin=23"/></net>

<net id="292"><net_src comp="50" pin="0"/><net_sink comp="242" pin=24"/></net>

<net id="293"><net_src comp="52" pin="0"/><net_sink comp="242" pin=25"/></net>

<net id="294"><net_src comp="54" pin="0"/><net_sink comp="242" pin=26"/></net>

<net id="295"><net_src comp="22" pin="0"/><net_sink comp="242" pin=27"/></net>

<net id="296"><net_src comp="56" pin="0"/><net_sink comp="242" pin=28"/></net>

<net id="297"><net_src comp="58" pin="0"/><net_sink comp="242" pin=29"/></net>

<net id="298"><net_src comp="166" pin="0"/><net_sink comp="242" pin=10"/></net>

<net id="307"><net_src comp="164" pin="0"/><net_sink comp="299" pin=0"/></net>

<net id="308"><net_src comp="0" pin="0"/><net_sink comp="299" pin=1"/></net>

<net id="309"><net_src comp="22" pin="0"/><net_sink comp="299" pin=5"/></net>

<net id="316"><net_src comp="66" pin="0"/><net_sink comp="310" pin=0"/></net>

<net id="317"><net_src comp="220" pin="2"/><net_sink comp="310" pin=1"/></net>

<net id="318"><net_src comp="68" pin="0"/><net_sink comp="310" pin=2"/></net>

<net id="319"><net_src comp="70" pin="0"/><net_sink comp="310" pin=3"/></net>

<net id="324"><net_src comp="220" pin="2"/><net_sink comp="320" pin=0"/></net>

<net id="325"><net_src comp="72" pin="0"/><net_sink comp="320" pin=1"/></net>

<net id="332"><net_src comp="66" pin="0"/><net_sink comp="326" pin=0"/></net>

<net id="333"><net_src comp="320" pin="2"/><net_sink comp="326" pin=1"/></net>

<net id="334"><net_src comp="68" pin="0"/><net_sink comp="326" pin=2"/></net>

<net id="335"><net_src comp="70" pin="0"/><net_sink comp="326" pin=3"/></net>

<net id="340"><net_src comp="74" pin="0"/><net_sink comp="336" pin=0"/></net>

<net id="345"><net_src comp="76" pin="0"/><net_sink comp="341" pin=0"/></net>

<net id="353"><net_src comp="0" pin="0"/><net_sink comp="349" pin=0"/></net>

<net id="354"><net_src comp="346" pin="1"/><net_sink comp="349" pin=1"/></net>

<net id="355"><net_src comp="349" pin="2"/><net_sink comp="226" pin=1"/></net>

<net id="366"><net_src comp="356" pin="1"/><net_sink comp="362" pin=0"/></net>

<net id="367"><net_src comp="150" pin="0"/><net_sink comp="362" pin=1"/></net>

<net id="372"><net_src comp="359" pin="1"/><net_sink comp="368" pin=0"/></net>

<net id="373"><net_src comp="152" pin="0"/><net_sink comp="368" pin=1"/></net>

<net id="379"><net_src comp="154" pin="0"/><net_sink comp="374" pin=0"/></net>

<net id="380"><net_src comp="359" pin="1"/><net_sink comp="374" pin=1"/></net>

<net id="381"><net_src comp="156" pin="0"/><net_sink comp="374" pin=2"/></net>

<net id="387"><net_src comp="158" pin="0"/><net_sink comp="382" pin=0"/></net>

<net id="388"><net_src comp="359" pin="1"/><net_sink comp="382" pin=1"/></net>

<net id="389"><net_src comp="160" pin="0"/><net_sink comp="382" pin=2"/></net>

<net id="393"><net_src comp="382" pin="3"/><net_sink comp="390" pin=0"/></net>

<net id="398"><net_src comp="374" pin="3"/><net_sink comp="394" pin=0"/></net>

<net id="399"><net_src comp="390" pin="1"/><net_sink comp="394" pin=1"/></net>

<net id="400"><net_src comp="394" pin="2"/><net_sink comp="299" pin=4"/></net>

<net id="405"><net_src comp="356" pin="1"/><net_sink comp="401" pin=0"/></net>

<net id="406"><net_src comp="162" pin="0"/><net_sink comp="401" pin=1"/></net>

<net id="407"><net_src comp="401" pin="2"/><net_sink comp="299" pin=2"/></net>

<net id="412"><net_src comp="356" pin="1"/><net_sink comp="408" pin=0"/></net>

<net id="413"><net_src comp="76" pin="0"/><net_sink comp="408" pin=1"/></net>

<net id="418"><net_src comp="368" pin="2"/><net_sink comp="414" pin=0"/></net>

<net id="423"><net_src comp="408" pin="2"/><net_sink comp="419" pin=0"/></net>

<net id="428"><net_src comp="76" pin="0"/><net_sink comp="424" pin=1"/></net>

<net id="433"><net_src comp="424" pin="2"/><net_sink comp="429" pin=0"/></net>

<net id="434"><net_src comp="166" pin="0"/><net_sink comp="429" pin=1"/></net>

<net id="435"><net_src comp="429" pin="2"/><net_sink comp="242" pin=10"/></net>

<net id="439"><net_src comp="176" pin="1"/><net_sink comp="436" pin=0"/></net>

<net id="440"><net_src comp="436" pin="1"/><net_sink comp="341" pin=1"/></net>

<net id="441"><net_src comp="436" pin="1"/><net_sink comp="356" pin=0"/></net>

<net id="442"><net_src comp="436" pin="1"/><net_sink comp="419" pin=1"/></net>

<net id="446"><net_src comp="180" pin="1"/><net_sink comp="443" pin=0"/></net>

<net id="447"><net_src comp="443" pin="1"/><net_sink comp="336" pin=1"/></net>

<net id="448"><net_src comp="443" pin="1"/><net_sink comp="359" pin=0"/></net>

<net id="449"><net_src comp="443" pin="1"/><net_sink comp="414" pin=1"/></net>

<net id="453"><net_src comp="184" pin="2"/><net_sink comp="450" pin=0"/></net>

<net id="454"><net_src comp="450" pin="1"/><net_sink comp="242" pin=9"/></net>

<net id="458"><net_src comp="190" pin="2"/><net_sink comp="455" pin=0"/></net>

<net id="459"><net_src comp="455" pin="1"/><net_sink comp="242" pin=8"/></net>

<net id="463"><net_src comp="196" pin="2"/><net_sink comp="460" pin=0"/></net>

<net id="464"><net_src comp="460" pin="1"/><net_sink comp="242" pin=6"/></net>

<net id="468"><net_src comp="202" pin="2"/><net_sink comp="465" pin=0"/></net>

<net id="469"><net_src comp="465" pin="1"/><net_sink comp="242" pin=5"/></net>

<net id="473"><net_src comp="208" pin="2"/><net_sink comp="470" pin=0"/></net>

<net id="474"><net_src comp="470" pin="1"/><net_sink comp="242" pin=4"/></net>

<net id="478"><net_src comp="214" pin="2"/><net_sink comp="475" pin=0"/></net>

<net id="479"><net_src comp="475" pin="1"/><net_sink comp="242" pin=2"/></net>

<net id="483"><net_src comp="310" pin="4"/><net_sink comp="480" pin=0"/></net>

<net id="484"><net_src comp="480" pin="1"/><net_sink comp="346" pin=0"/></net>

<net id="485"><net_src comp="480" pin="1"/><net_sink comp="233" pin=2"/></net>

<net id="489"><net_src comp="326" pin="4"/><net_sink comp="486" pin=0"/></net>

<net id="490"><net_src comp="486" pin="1"/><net_sink comp="299" pin=3"/></net>

<net id="494"><net_src comp="349" pin="2"/><net_sink comp="491" pin=0"/></net>

<net id="495"><net_src comp="491" pin="1"/><net_sink comp="226" pin=1"/></net>

<net id="499"><net_src comp="356" pin="1"/><net_sink comp="496" pin=0"/></net>

<net id="500"><net_src comp="496" pin="1"/><net_sink comp="424" pin=0"/></net>

<net id="507"><net_src comp="394" pin="2"/><net_sink comp="504" pin=0"/></net>

<net id="508"><net_src comp="504" pin="1"/><net_sink comp="299" pin=4"/></net>

<net id="512"><net_src comp="401" pin="2"/><net_sink comp="509" pin=0"/></net>

<net id="513"><net_src comp="509" pin="1"/><net_sink comp="299" pin=2"/></net>

<net id="517"><net_src comp="424" pin="2"/><net_sink comp="514" pin=0"/></net>

<net id="518"><net_src comp="514" pin="1"/><net_sink comp="242" pin=10"/></net>

<net id="522"><net_src comp="429" pin="2"/><net_sink comp="519" pin=0"/></net>

<net id="523"><net_src comp="519" pin="1"/><net_sink comp="242" pin=10"/></net>

</net_list>

</model> 
---------------- Datapath Model END ------------------

* FSMD analyzer results:
  - Output states:
	Port: gmem_out | {12 13 14 16 17 18 19 20 }
	Port: x_buf | {10 11 14 15 }
	Port: void_UpConv_Fused_Row_ap_uint_ap_uint_const_ap_uint_const_ap_uint_const_ap_u_9 | {12 13 14 16 17 18 19 20 }
	Port: void_UpConv_Fused_Row_ap_uint_ap_uint_const_ap_uint_const_ap_uint_const_ap_u_8 | {12 13 14 16 17 18 19 20 }
	Port: void_UpConv_Fused_Row_ap_uint_ap_uint_const_ap_uint_const_ap_uint_const_ap_u_7 | {12 13 14 16 17 18 19 20 }
	Port: void_UpConv_Fused_Row_ap_uint_ap_uint_const_ap_uint_const_ap_uint_const_ap_u_6 | {12 13 14 16 17 18 19 20 }
	Port: void_UpConv_Fused_Row_ap_uint_ap_uint_const_ap_uint_const_ap_uint_const_ap_u_5 | {12 13 14 16 17 18 19 20 }
	Port: void_UpConv_Fused_Row_ap_uint_ap_uint_const_ap_uint_const_ap_uint_const_ap_u_4 | {12 13 14 16 17 18 19 20 }
	Port: void_UpConv_Fused_Row_ap_uint_ap_uint_const_ap_uint_const_ap_uint_const_ap_u_3 | {12 13 14 16 17 18 19 20 }
	Port: void_UpConv_Fused_Row_ap_uint_ap_uint_const_ap_uint_const_ap_uint_const_ap_u_2 | {12 13 14 16 17 18 19 20 }
	Port: void_UpConv_Fused_Row_ap_uint_ap_uint_const_ap_uint_const_ap_uint_const_ap_u_1 | {12 13 14 16 17 18 19 20 }
	Port: void_UpConv_Fused_Row_ap_uint_ap_uint_const_ap_uint_const_ap_uint_const_ap_u | {12 13 14 16 17 18 19 20 }
	Port: p_ZZ16UpConv_Fused_RowILi8ELi16ELi16ELi960ELi480EEvP7ap_uintILi256EEPKS1_S4_S4_S4_5 | {12 13 14 16 17 18 19 20 }
	Port: p_ZZ16UpConv_Fused_RowILi8ELi16ELi16ELi960ELi480EEvP7ap_uintILi256EEPKS1_S4_S4_S4_4 | {12 13 14 16 17 18 19 20 }
	Port: p_ZZ16UpConv_Fused_RowILi8ELi16ELi16ELi960ELi480EEvP7ap_uintILi256EEPKS1_S4_S4_S4_3 | {12 13 14 16 17 18 19 20 }
	Port: p_ZZ16UpConv_Fused_RowILi8ELi16ELi16ELi960ELi480EEvP7ap_uintILi256EEPKS1_S4_S4_S4_2 | {12 13 14 16 17 18 19 20 }
	Port: p_ZZ16UpConv_Fused_RowILi8ELi16ELi16ELi960ELi480EEvP7ap_uintILi256EEPKS1_S4_S4_S4_1 | {12 13 14 16 17 18 19 20 }
	Port: p_ZZ16UpConv_Fused_RowILi8ELi16ELi16ELi960ELi480EEvP7ap_uintILi256EEPKS1_S4_S4_S4 | {12 13 14 16 17 18 19 20 }
	Port: mean_buf | {12 13 14 16 17 18 19 20 }
	Port: inv_buf | {12 13 14 16 17 18 19 20 }
 - Input state : 
	Port: upconv_core_top_ucb0 : gmem_in | {2 3 4 5 6 7 8 9 10 11 14 15 }
	Port: upconv_core_top_ucb0 : gmem_weight | {12 13 14 16 17 18 19 20 }
	Port: upconv_core_top_ucb0 : gmem_param | {12 13 14 16 17 18 19 20 }
	Port: upconv_core_top_ucb0 : X | {1 }
	Port: upconv_core_top_ucb0 : W | {1 }
	Port: upconv_core_top_ucb0 : B | {1 }
	Port: upconv_core_top_ucb0 : G | {1 }
	Port: upconv_core_top_ucb0 : BE | {1 }
	Port: upconv_core_top_ucb0 : Y | {1 }
	Port: upconv_core_top_ucb0 : epsilon | {1 }
	Port: upconv_core_top_ucb0 : x_buf | {12 13 14 16 17 18 19 20 }
	Port: upconv_core_top_ucb0 : void_UpConv_Fused_Row_ap_uint_ap_uint_const_ap_uint_const_ap_uint_const_ap_u_9 | {12 13 14 16 17 18 19 20 }
	Port: upconv_core_top_ucb0 : void_UpConv_Fused_Row_ap_uint_ap_uint_const_ap_uint_const_ap_uint_const_ap_u_8 | {12 13 14 16 17 18 19 20 }
	Port: upconv_core_top_ucb0 : void_UpConv_Fused_Row_ap_uint_ap_uint_const_ap_uint_const_ap_uint_const_ap_u_7 | {12 13 14 16 17 18 19 20 }
	Port: upconv_core_top_ucb0 : void_UpConv_Fused_Row_ap_uint_ap_uint_const_ap_uint_const_ap_uint_const_ap_u_6 | {12 13 14 16 17 18 19 20 }
	Port: upconv_core_top_ucb0 : void_UpConv_Fused_Row_ap_uint_ap_uint_const_ap_uint_const_ap_uint_const_ap_u_5 | {12 13 14 16 17 18 19 20 }
	Port: upconv_core_top_ucb0 : void_UpConv_Fused_Row_ap_uint_ap_uint_const_ap_uint_const_ap_uint_const_ap_u_4 | {12 13 14 16 17 18 19 20 }
	Port: upconv_core_top_ucb0 : void_UpConv_Fused_Row_ap_uint_ap_uint_const_ap_uint_const_ap_uint_const_ap_u_3 | {12 13 14 16 17 18 19 20 }
	Port: upconv_core_top_ucb0 : void_UpConv_Fused_Row_ap_uint_ap_uint_const_ap_uint_const_ap_uint_const_ap_u_2 | {12 13 14 16 17 18 19 20 }
	Port: upconv_core_top_ucb0 : void_UpConv_Fused_Row_ap_uint_ap_uint_const_ap_uint_const_ap_uint_const_ap_u_1 | {12 13 14 16 17 18 19 20 }
	Port: upconv_core_top_ucb0 : void_UpConv_Fused_Row_ap_uint_ap_uint_const_ap_uint_const_ap_uint_const_ap_u | {12 13 14 16 17 18 19 20 }
	Port: upconv_core_top_ucb0 : p_ZZ16UpConv_Fused_RowILi8ELi16ELi16ELi960ELi480EEvP7ap_uintILi256EEPKS1_S4_S4_S4_5 | {12 13 14 16 17 18 19 20 }
	Port: upconv_core_top_ucb0 : p_ZZ16UpConv_Fused_RowILi8ELi16ELi16ELi960ELi480EEvP7ap_uintILi256EEPKS1_S4_S4_S4_4 | {12 13 14 16 17 18 19 20 }
	Port: upconv_core_top_ucb0 : p_ZZ16UpConv_Fused_RowILi8ELi16ELi16ELi960ELi480EEvP7ap_uintILi256EEPKS1_S4_S4_S4_3 | {12 13 14 16 17 18 19 20 }
	Port: upconv_core_top_ucb0 : p_ZZ16UpConv_Fused_RowILi8ELi16ELi16ELi960ELi480EEvP7ap_uintILi256EEPKS1_S4_S4_S4_2 | {12 13 14 16 17 18 19 20 }
	Port: upconv_core_top_ucb0 : p_ZZ16UpConv_Fused_RowILi8ELi16ELi16ELi960ELi480EEvP7ap_uintILi256EEPKS1_S4_S4_S4_1 | {12 13 14 16 17 18 19 20 }
	Port: upconv_core_top_ucb0 : p_ZZ16UpConv_Fused_RowILi8ELi16ELi16ELi960ELi480EEvP7ap_uintILi256EEPKS1_S4_S4_S4 | {12 13 14 16 17 18 19 20 }
	Port: upconv_core_top_ucb0 : mean_buf | {12 13 14 16 17 18 19 20 }
	Port: upconv_core_top_ucb0 : inv_buf | {12 13 14 16 17 18 19 20 }
  - Chain level:
	State 1
		trunc_ln1 : 1
		store_ln0 : 1
		store_ln305 : 1
	State 2
		gmem_in_addr : 1
		empty : 2
	State 3
	State 4
	State 5
	State 6
	State 7
	State 8
	State 9
	State 10
	State 11
	State 12
	State 13
	State 14
		icmp_ln305 : 1
		add_ln305_2 : 1
		br_ln305 : 2
		p_shl : 1
		tmp : 1
		zext_ln306 : 2
		sub_ln306 : 3
		empty_174 : 1
		call_ln313 : 4
		add_ln305_1 : 1
		store_ln305 : 2
		store_ln305 : 2
	State 15
	State 16
		call_ln313 : 1
	State 17
	State 18
	State 19
	State 20


============================================================
+ Verbose Summary: Datapath Resource usage 
============================================================

* Functional unit list:
|----------|---------------------------------------------------------------------|---------|---------|---------|---------|---------|---------|
| Operation|                           Functional Unit                           |   BRAM  |   DSP   |  Delay  |    FF   |   LUT   |   URAM  |
|----------|---------------------------------------------------------------------|---------|---------|---------|---------|---------|---------|
|          | grp_upconv_core_top_ucb0_Pipeline_LOAD_ROW0_VITIS_LOOP_297_1_fu_233 |    0    |    0    |    0    |   352   |   119   |    0    |
|   call   |            grp_UpConv_Fused_Row_8_16_16_960_480_s_fu_242            |    24   |   515   | 185.318 |  67211  |  59254  |    32   |
|          |  grp_upconv_core_top_ucb0_Pipeline_LOAD_ROW_VITIS_LOOP_308_2_fu_299 |    0    |    0    |  0.427  |   739   |   293   |    0    |
|----------|---------------------------------------------------------------------|---------|---------|---------|---------|---------|---------|
|          |                           add_ln305_fu_320                          |    0    |    0    |    0    |    0    |    71   |    0    |
|    add   |                          add_ln305_2_fu_368                         |    0    |    0    |    0    |    0    |    12   |    0    |
|          |                          add_ln305_1_fu_408                         |    0    |    0    |    0    |    0    |    12   |    0    |
|          |                           add_ln313_fu_429                          |    0    |    0    |    0    |    0    |    12   |    0    |
|----------|---------------------------------------------------------------------|---------|---------|---------|---------|---------|---------|
|    sub   |                           sub_ln306_fu_394                          |    0    |    0    |    0    |    0    |    21   |    0    |
|----------|---------------------------------------------------------------------|---------|---------|---------|---------|---------|---------|
|   icmp   |                          icmp_ln305_fu_362                          |    0    |    0    |    0    |    0    |    12   |    0    |
|----------|---------------------------------------------------------------------|---------|---------|---------|---------|---------|---------|
|          |                       epsilon_read_read_fu_184                      |    0    |    0    |    0    |    0    |    0    |    0    |
|          |                          Y_read_read_fu_190                         |    0    |    0    |    0    |    0    |    0    |    0    |
|          |                         BE_read_read_fu_196                         |    0    |    0    |    0    |    0    |    0    |    0    |
|   read   |                          G_read_read_fu_202                         |    0    |    0    |    0    |    0    |    0    |    0    |
|          |                          B_read_read_fu_208                         |    0    |    0    |    0    |    0    |    0    |    0    |
|          |                          W_read_read_fu_214                         |    0    |    0    |    0    |    0    |    0    |    0    |
|          |                          X_read_read_fu_220                         |    0    |    0    |    0    |    0    |    0    |    0    |
|----------|---------------------------------------------------------------------|---------|---------|---------|---------|---------|---------|
|  readreq |                          grp_readreq_fu_226                         |    0    |    0    |    0    |    0    |    0    |    0    |
|----------|---------------------------------------------------------------------|---------|---------|---------|---------|---------|---------|
|partselect|                           trunc_ln_fu_310                           |    0    |    0    |    0    |    0    |    0    |    0    |
|          |                           trunc_ln1_fu_326                          |    0    |    0    |    0    |    0    |    0    |    0    |
|----------|---------------------------------------------------------------------|---------|---------|---------|---------|---------|---------|
|   sext   |                          sext_ln296_fu_346                          |    0    |    0    |    0    |    0    |    0    |    0    |
|----------|---------------------------------------------------------------------|---------|---------|---------|---------|---------|---------|
|bitconcatenate|                             p_shl_fu_374                            |    0    |    0    |    0    |    0    |    0    |    0    |
|          |                              tmp_fu_382                             |    0    |    0    |    0    |    0    |    0    |    0    |
|----------|---------------------------------------------------------------------|---------|---------|---------|---------|---------|---------|
|   zext   |                          zext_ln306_fu_390                          |    0    |    0    |    0    |    0    |    0    |    0    |
|----------|---------------------------------------------------------------------|---------|---------|---------|---------|---------|---------|
|    shl   |                           empty_174_fu_401                          |    0    |    0    |    0    |    0    |    0    |    0    |
|          |                           shl_ln313_fu_424                          |    0    |    0    |    0    |    0    |    0    |    0    |
|----------|---------------------------------------------------------------------|---------|---------|---------|---------|---------|---------|
|   Total  |                                                                     |    24   |   515   | 185.745 |  68302  |  59806  |    32   |
|----------|---------------------------------------------------------------------|---------|---------|---------|---------|---------|---------|

Memories:
+-----------------------------------------------------------------------------------+--------+--------+--------+
|                                                                                   |   FF   |   LUT  |  URAM  |
+-----------------------------------------------------------------------------------+--------+--------+--------+
|                                      inv_buf                                      |   32   |    8   |    -   |
|                                      mean_buf                                     |   64   |   16   |    -   |
| p_ZZ16UpConv_Fused_RowILi8ELi16ELi16ELi960ELi480EEvP7ap_uintILi256EEPKS1_S4_S4_S4 |    0   |    0   |    1   |
|p_ZZ16UpConv_Fused_RowILi8ELi16ELi16ELi960ELi480EEvP7ap_uintILi256EEPKS1_S4_S4_S4_1|    0   |    0   |    1   |
|p_ZZ16UpConv_Fused_RowILi8ELi16ELi16ELi960ELi480EEvP7ap_uintILi256EEPKS1_S4_S4_S4_2|    0   |    0   |    1   |
|p_ZZ16UpConv_Fused_RowILi8ELi16ELi16ELi960ELi480EEvP7ap_uintILi256EEPKS1_S4_S4_S4_3|    0   |    0   |    1   |
|p_ZZ16UpConv_Fused_RowILi8ELi16ELi16ELi960ELi480EEvP7ap_uintILi256EEPKS1_S4_S4_S4_4|    0   |    0   |    1   |
|p_ZZ16UpConv_Fused_RowILi8ELi16ELi16ELi960ELi480EEvP7ap_uintILi256EEPKS1_S4_S4_S4_5|    0   |    0   |    1   |
|    void_UpConv_Fused_Row_ap_uint_ap_uint_const_ap_uint_const_ap_uint_const_ap_u   |    0   |    0   |    1   |
|   void_UpConv_Fused_Row_ap_uint_ap_uint_const_ap_uint_const_ap_uint_const_ap_u_1  |    0   |    0   |    1   |
|   void_UpConv_Fused_Row_ap_uint_ap_uint_const_ap_uint_const_ap_uint_const_ap_u_2  |    0   |    0   |    1   |
|   void_UpConv_Fused_Row_ap_uint_ap_uint_const_ap_uint_const_ap_uint_const_ap_u_3  |    0   |    0   |    1   |
|   void_UpConv_Fused_Row_ap_uint_ap_uint_const_ap_uint_const_ap_uint_const_ap_u_4  |    0   |    0   |    1   |
|   void_UpConv_Fused_Row_ap_uint_ap_uint_const_ap_uint_const_ap_uint_const_ap_u_5  |    0   |    0   |    1   |
|   void_UpConv_Fused_Row_ap_uint_ap_uint_const_ap_uint_const_ap_uint_const_ap_u_6  |    0   |    0   |    1   |
|   void_UpConv_Fused_Row_ap_uint_ap_uint_const_ap_uint_const_ap_uint_const_ap_u_7  |    0   |    0   |    1   |
|   void_UpConv_Fused_Row_ap_uint_ap_uint_const_ap_uint_const_ap_uint_const_ap_u_8  |    0   |    0   |    1   |
|   void_UpConv_Fused_Row_ap_uint_ap_uint_const_ap_uint_const_ap_uint_const_ap_u_9  |    0   |    0   |    1   |
|                                       x_buf                                       |    0   |    0   |    4   |
+-----------------------------------------------------------------------------------+--------+--------+--------+
|                                       Total                                       |   96   |   24   |   20   |
+-----------------------------------------------------------------------------------+--------+--------+--------+

* Register list:
+--------------------+--------+
|                    |   FF   |
+--------------------+--------+
|   BE_read_reg_460  |   64   |
|   B_read_reg_470   |   64   |
|   G_read_reg_465   |   64   |
|   W_read_reg_475   |   64   |
|   Y_read_reg_455   |   64   |
|  add_ln313_reg_519 |    5   |
|  empty_174_reg_509 |    5   |
|epsilon_read_reg_450|   16   |
|gmem_in_addr_reg_491|   256  |
|    hi_1_reg_496    |    5   |
|     hi_reg_436     |    5   |
|   indvar_reg_443   |    4   |
|  shl_ln313_reg_514 |    5   |
|  sub_ln306_reg_504 |   14   |
|  trunc_ln1_reg_486 |   59   |
|  trunc_ln_reg_480  |   59   |
+--------------------+--------+
|        Total       |   753  |
+--------------------+--------+

* Multiplexer (MUX) list: 
|--------------------------------------------------------------------|------|------|------|--------||---------||---------||---------|
|                                Comp                                |  Pin | Size |  BW  | S x BW ||  Delay  ||    FF   ||   LUT   |
|--------------------------------------------------------------------|------|------|------|--------||---------||---------||---------|
|                         grp_readreq_fu_226                         |  p1  |   2  |  256 |   512  ||    0    ||    9    |
|            grp_UpConv_Fused_Row_8_16_16_960_480_s_fu_242           |  p10 |   5  |   5  |   25   ||    0    ||    20   |
| grp_upconv_core_top_ucb0_Pipeline_LOAD_ROW_VITIS_LOOP_308_2_fu_299 |  p2  |   2  |   5  |   10   ||    0    ||    9    |
| grp_upconv_core_top_ucb0_Pipeline_LOAD_ROW_VITIS_LOOP_308_2_fu_299 |  p4  |   2  |  14  |   28   ||    0    ||    9    |
|--------------------------------------------------------------------|------|------|------|--------||---------||---------||---------|
|                                Total                               |      |      |      |   575  ||  1.855  ||    0    ||    47   |
|--------------------------------------------------------------------|------|------|------|--------||---------||---------||---------|



* Summary:
+-----------+--------+--------+--------+--------+--------+--------+
|           |  BRAM  |   DSP  |  Delay |   FF   |   LUT  |  URAM  |
+-----------+--------+--------+--------+--------+--------+--------+
|  Function |   24   |   515  |   185  |  68302 |  59806 |   32   |
|   Memory  |    -   |    -   |    -   |   96   |   24   |   20   |
|Multiplexer|    -   |    -   |    1   |    0   |   47   |    -   |
|  Register |    -   |    -   |    -   |   753  |    -   |    -   |
+-----------+--------+--------+--------+--------+--------+--------+
|   Total   |   24   |   515  |   187  |  69151 |  59877 |   52   |
+-----------+--------+--------+--------+--------+--------+--------+
