

================================================================
== Vitis HLS Report for 'uc_compute_tile_8_16_16_60_32_480_480_Pipeline_KW_LOOP_FLAT_LOOP'
================================================================
* Date:           Thu Jun 18 11:44:34 2026

* Version:        2024.2 (Build 5238294 on Nov  8 2024)
* Project:        upconv_block0
* Solution:       hls (Vivado IP Flow Target)
* Product family: zynquplus
* Target device:  xczu7ev-ffvc1156-2-e


================================================================
== Performance Estimates
================================================================
+ Timing: 
    * Summary: 
    +--------+---------+----------+------------+
    |  Clock |  Target | Estimated| Uncertainty|
    +--------+---------+----------+------------+
    |ap_clk  |  3.33 ns|  2.430 ns|     0.90 ns|
    +--------+---------+----------+------------+

+ Latency: 
    * Summary: 
    +---------+---------+----------+----------+------+------+------------------------------------------------+
    |  Latency (cycles) |  Latency (absolute) |   Interval  |                    Pipeline                    |
    |   min   |   max   |    min   |    max   |  min |  max |                      Type                      |
    +---------+---------+----------+----------+------+------+------------------------------------------------+
    |     2996|     2996|  9.986 us|  9.986 us|  2881|  2881|  loop auto-rewind stp (delay=0 clock cycles(s))|
    +---------+---------+----------+----------+------+------+------------------------------------------------+

    + Detail: 
        * Instance: 
        N/A

        * Loop: 
        +---------------------+---------+---------+----------+-----------+-----------+------+----------+
        |                     |  Latency (cycles) | Iteration|  Initiation Interval  | Trip |          |
        |      Loop Name      |   min   |   max   |  Latency |  achieved |   target  | Count| Pipelined|
        +---------------------+---------+---------+----------+-----------+-----------+------+----------+
        |- KW_LOOP_FLAT_LOOP  |     2994|     2994|       116|          1|          1|  2880|       yes|
        +---------------------+---------+---------+----------+-----------+-----------+------+----------+



================================================================
== Utilization Estimates
================================================================
* Summary: 
+-----------------+---------+------+--------+--------+-----+
|       Name      | BRAM_18K|  DSP |   FF   |   LUT  | URAM|
+-----------------+---------+------+--------+--------+-----+
|DSP              |        -|     -|       -|       -|    -|
|Expression       |        -|     -|       0|     773|    -|
|FIFO             |        -|     -|       -|       -|    -|
|Instance         |        -|   336|   32136|   41544|    -|
|Memory           |        -|     -|       -|       -|    -|
|Multiplexer      |        -|     -|       0|      77|    -|
|Register         |        -|     -|   18009|    4832|    -|
+-----------------+---------+------+--------+--------+-----+
|Total            |        0|   336|   50145|   47226|    0|
+-----------------+---------+------+--------+--------+-----+
|Available        |      624|  1728|  460800|  230400|   96|
+-----------------+---------+------+--------+--------+-----+
|Utilization (%)  |        0|    19|      10|      20|    0|
+-----------------+---------+------+--------+--------+-----+

+ Detail: 
    * Instance: 
    +-------------------------------------+--------------------------------+---------+----+-----+-----+-----+
    |               Instance              |             Module             | BRAM_18K| DSP|  FF | LUT | URAM|
    +-------------------------------------+--------------------------------+---------+----+-----+-----+-----+
    |hadd_16ns_16ns_16_5_full_dsp_1_U35   |hadd_16ns_16ns_16_5_full_dsp_1  |        0|   2|  109|  113|    0|
    |hadd_16ns_16ns_16_5_full_dsp_1_U36   |hadd_16ns_16ns_16_5_full_dsp_1  |        0|   2|  109|  113|    0|
    |hadd_16ns_16ns_16_5_full_dsp_1_U37   |hadd_16ns_16ns_16_5_full_dsp_1  |        0|   2|  109|  113|    0|
    |hadd_16ns_16ns_16_5_full_dsp_1_U38   |hadd_16ns_16ns_16_5_full_dsp_1  |        0|   2|  109|  113|    0|
    |hadd_16ns_16ns_16_5_full_dsp_1_U39   |hadd_16ns_16ns_16_5_full_dsp_1  |        0|   2|  109|  113|    0|
    |hadd_16ns_16ns_16_5_full_dsp_1_U40   |hadd_16ns_16ns_16_5_full_dsp_1  |        0|   2|  109|  113|    0|
    |hadd_16ns_16ns_16_5_full_dsp_1_U41   |hadd_16ns_16ns_16_5_full_dsp_1  |        0|   2|  109|  113|    0|
    |hadd_16ns_16ns_16_5_full_dsp_1_U42   |hadd_16ns_16ns_16_5_full_dsp_1  |        0|   2|  109|  113|    0|
    |hadd_16ns_16ns_16_5_full_dsp_1_U43   |hadd_16ns_16ns_16_5_full_dsp_1  |        0|   2|  109|  113|    0|
    |hadd_16ns_16ns_16_5_full_dsp_1_U44   |hadd_16ns_16ns_16_5_full_dsp_1  |        0|   2|  109|  113|    0|
    |hadd_16ns_16ns_16_5_full_dsp_1_U45   |hadd_16ns_16ns_16_5_full_dsp_1  |        0|   2|  109|  113|    0|
    |hadd_16ns_16ns_16_5_full_dsp_1_U46   |hadd_16ns_16ns_16_5_full_dsp_1  |        0|   2|  109|  113|    0|
    |hadd_16ns_16ns_16_5_full_dsp_1_U47   |hadd_16ns_16ns_16_5_full_dsp_1  |        0|   2|  109|  113|    0|
    |hadd_16ns_16ns_16_5_full_dsp_1_U48   |hadd_16ns_16ns_16_5_full_dsp_1  |        0|   2|  109|  113|    0|
    |hadd_16ns_16ns_16_5_full_dsp_1_U49   |hadd_16ns_16ns_16_5_full_dsp_1  |        0|   2|  109|  113|    0|
    |hadd_16ns_16ns_16_5_full_dsp_1_U50   |hadd_16ns_16ns_16_5_full_dsp_1  |        0|   2|  109|  113|    0|
    |hadd_16ns_16ns_16_5_full_dsp_1_U51   |hadd_16ns_16ns_16_5_full_dsp_1  |        0|   2|  109|  113|    0|
    |hadd_16ns_16ns_16_5_full_dsp_1_U52   |hadd_16ns_16ns_16_5_full_dsp_1  |        0|   2|  109|  113|    0|
    |hadd_16ns_16ns_16_5_full_dsp_1_U53   |hadd_16ns_16ns_16_5_full_dsp_1  |        0|   2|  109|  113|    0|
    |hadd_16ns_16ns_16_5_full_dsp_1_U54   |hadd_16ns_16ns_16_5_full_dsp_1  |        0|   2|  109|  113|    0|
    |hadd_16ns_16ns_16_5_full_dsp_1_U55   |hadd_16ns_16ns_16_5_full_dsp_1  |        0|   2|  109|  113|    0|
    |hadd_16ns_16ns_16_5_full_dsp_1_U56   |hadd_16ns_16ns_16_5_full_dsp_1  |        0|   2|  109|  113|    0|
    |hadd_16ns_16ns_16_5_full_dsp_1_U57   |hadd_16ns_16ns_16_5_full_dsp_1  |        0|   2|  109|  113|    0|
    |hadd_16ns_16ns_16_5_full_dsp_1_U58   |hadd_16ns_16ns_16_5_full_dsp_1  |        0|   2|  109|  113|    0|
    |hadd_16ns_16ns_16_5_full_dsp_1_U59   |hadd_16ns_16ns_16_5_full_dsp_1  |        0|   2|  109|  113|    0|
    |hadd_16ns_16ns_16_5_full_dsp_1_U60   |hadd_16ns_16ns_16_5_full_dsp_1  |        0|   2|  109|  113|    0|
    |hadd_16ns_16ns_16_5_full_dsp_1_U61   |hadd_16ns_16ns_16_5_full_dsp_1  |        0|   2|  109|  113|    0|
    |hadd_16ns_16ns_16_5_full_dsp_1_U62   |hadd_16ns_16ns_16_5_full_dsp_1  |        0|   2|  109|  113|    0|
    |hadd_16ns_16ns_16_5_full_dsp_1_U63   |hadd_16ns_16ns_16_5_full_dsp_1  |        0|   2|  109|  113|    0|
    |hadd_16ns_16ns_16_5_full_dsp_1_U64   |hadd_16ns_16ns_16_5_full_dsp_1  |        0|   2|  109|  113|    0|
    |hadd_16ns_16ns_16_5_full_dsp_1_U65   |hadd_16ns_16ns_16_5_full_dsp_1  |        0|   2|  109|  113|    0|
    |hadd_16ns_16ns_16_5_full_dsp_1_U66   |hadd_16ns_16ns_16_5_full_dsp_1  |        0|   2|  109|  113|    0|
    |hadd_16ns_16ns_16_5_full_dsp_1_U67   |hadd_16ns_16ns_16_5_full_dsp_1  |        0|   2|  109|  113|    0|
    |hadd_16ns_16ns_16_5_full_dsp_1_U68   |hadd_16ns_16ns_16_5_full_dsp_1  |        0|   2|  109|  113|    0|
    |hadd_16ns_16ns_16_5_full_dsp_1_U69   |hadd_16ns_16ns_16_5_full_dsp_1  |        0|   2|  109|  113|    0|
    |hadd_16ns_16ns_16_5_full_dsp_1_U70   |hadd_16ns_16ns_16_5_full_dsp_1  |        0|   2|  109|  113|    0|
    |hadd_16ns_16ns_16_5_full_dsp_1_U71   |hadd_16ns_16ns_16_5_full_dsp_1  |        0|   2|  109|  113|    0|
    |hadd_16ns_16ns_16_5_full_dsp_1_U72   |hadd_16ns_16ns_16_5_full_dsp_1  |        0|   2|  109|  113|    0|
    |hadd_16ns_16ns_16_5_full_dsp_1_U73   |hadd_16ns_16ns_16_5_full_dsp_1  |        0|   2|  109|  113|    0|
    |hadd_16ns_16ns_16_5_full_dsp_1_U74   |hadd_16ns_16ns_16_5_full_dsp_1  |        0|   2|  109|  113|    0|
    |hadd_16ns_16ns_16_5_full_dsp_1_U75   |hadd_16ns_16ns_16_5_full_dsp_1  |        0|   2|  109|  113|    0|
    |hadd_16ns_16ns_16_5_full_dsp_1_U76   |hadd_16ns_16ns_16_5_full_dsp_1  |        0|   2|  109|  113|    0|
    |hadd_16ns_16ns_16_5_full_dsp_1_U77   |hadd_16ns_16ns_16_5_full_dsp_1  |        0|   2|  109|  113|    0|
    |hadd_16ns_16ns_16_5_full_dsp_1_U78   |hadd_16ns_16ns_16_5_full_dsp_1  |        0|   2|  109|  113|    0|
    |hadd_16ns_16ns_16_5_full_dsp_1_U79   |hadd_16ns_16ns_16_5_full_dsp_1  |        0|   2|  109|  113|    0|
    |hadd_16ns_16ns_16_5_full_dsp_1_U80   |hadd_16ns_16ns_16_5_full_dsp_1  |        0|   2|  109|  113|    0|
    |hadd_16ns_16ns_16_5_full_dsp_1_U81   |hadd_16ns_16ns_16_5_full_dsp_1  |        0|   2|  109|  113|    0|
    |hadd_16ns_16ns_16_5_full_dsp_1_U82   |hadd_16ns_16ns_16_5_full_dsp_1  |        0|   2|  109|  113|    0|
    |hadd_16ns_16ns_16_5_full_dsp_1_U83   |hadd_16ns_16ns_16_5_full_dsp_1  |        0|   2|  109|  113|    0|
    |hadd_16ns_16ns_16_5_full_dsp_1_U84   |hadd_16ns_16ns_16_5_full_dsp_1  |        0|   2|  109|  113|    0|
    |hadd_16ns_16ns_16_5_full_dsp_1_U85   |hadd_16ns_16ns_16_5_full_dsp_1  |        0|   2|  109|  113|    0|
    |hadd_16ns_16ns_16_5_full_dsp_1_U86   |hadd_16ns_16ns_16_5_full_dsp_1  |        0|   2|  109|  113|    0|
    |hadd_16ns_16ns_16_5_full_dsp_1_U87   |hadd_16ns_16ns_16_5_full_dsp_1  |        0|   2|  109|  113|    0|
    |hadd_16ns_16ns_16_5_full_dsp_1_U88   |hadd_16ns_16ns_16_5_full_dsp_1  |        0|   2|  109|  113|    0|
    |hadd_16ns_16ns_16_5_full_dsp_1_U89   |hadd_16ns_16ns_16_5_full_dsp_1  |        0|   2|  109|  113|    0|
    |hadd_16ns_16ns_16_5_full_dsp_1_U90   |hadd_16ns_16ns_16_5_full_dsp_1  |        0|   2|  109|  113|    0|
    |hadd_16ns_16ns_16_5_full_dsp_1_U91   |hadd_16ns_16ns_16_5_full_dsp_1  |        0|   2|  109|  113|    0|
    |hadd_16ns_16ns_16_5_full_dsp_1_U92   |hadd_16ns_16ns_16_5_full_dsp_1  |        0|   2|  109|  113|    0|
    |hadd_16ns_16ns_16_5_full_dsp_1_U93   |hadd_16ns_16ns_16_5_full_dsp_1  |        0|   2|  109|  113|    0|
    |hadd_16ns_16ns_16_5_full_dsp_1_U94   |hadd_16ns_16ns_16_5_full_dsp_1  |        0|   2|  109|  113|    0|
    |hadd_16ns_16ns_16_5_full_dsp_1_U95   |hadd_16ns_16ns_16_5_full_dsp_1  |        0|   2|  109|  113|    0|
    |hadd_16ns_16ns_16_5_full_dsp_1_U96   |hadd_16ns_16ns_16_5_full_dsp_1  |        0|   2|  109|  113|    0|
    |hadd_16ns_16ns_16_5_full_dsp_1_U97   |hadd_16ns_16ns_16_5_full_dsp_1  |        0|   2|  109|  113|    0|
    |hadd_16ns_16ns_16_5_full_dsp_1_U98   |hadd_16ns_16ns_16_5_full_dsp_1  |        0|   2|  109|  113|    0|
    |hadd_16ns_16ns_16_5_full_dsp_1_U99   |hadd_16ns_16ns_16_5_full_dsp_1  |        0|   2|  109|  113|    0|
    |hadd_16ns_16ns_16_5_full_dsp_1_U100  |hadd_16ns_16ns_16_5_full_dsp_1  |        0|   2|  109|  113|    0|
    |hadd_16ns_16ns_16_5_full_dsp_1_U101  |hadd_16ns_16ns_16_5_full_dsp_1  |        0|   2|  109|  113|    0|
    |hadd_16ns_16ns_16_5_full_dsp_1_U102  |hadd_16ns_16ns_16_5_full_dsp_1  |        0|   2|  109|  113|    0|
    |hadd_16ns_16ns_16_5_full_dsp_1_U103  |hadd_16ns_16ns_16_5_full_dsp_1  |        0|   2|  109|  113|    0|
    |hadd_16ns_16ns_16_5_full_dsp_1_U104  |hadd_16ns_16ns_16_5_full_dsp_1  |        0|   2|  109|  113|    0|
    |hadd_16ns_16ns_16_5_full_dsp_1_U105  |hadd_16ns_16ns_16_5_full_dsp_1  |        0|   2|  109|  113|    0|
    |hadd_16ns_16ns_16_5_full_dsp_1_U106  |hadd_16ns_16ns_16_5_full_dsp_1  |        0|   2|  109|  113|    0|
    |hadd_16ns_16ns_16_5_full_dsp_1_U107  |hadd_16ns_16ns_16_5_full_dsp_1  |        0|   2|  109|  113|    0|
    |hadd_16ns_16ns_16_5_full_dsp_1_U108  |hadd_16ns_16ns_16_5_full_dsp_1  |        0|   2|  109|  113|    0|
    |hadd_16ns_16ns_16_5_full_dsp_1_U109  |hadd_16ns_16ns_16_5_full_dsp_1  |        0|   2|  109|  113|    0|
    |hadd_16ns_16ns_16_5_full_dsp_1_U110  |hadd_16ns_16ns_16_5_full_dsp_1  |        0|   2|  109|  113|    0|
    |hadd_16ns_16ns_16_5_full_dsp_1_U111  |hadd_16ns_16ns_16_5_full_dsp_1  |        0|   2|  109|  113|    0|
    |hadd_16ns_16ns_16_5_full_dsp_1_U112  |hadd_16ns_16ns_16_5_full_dsp_1  |        0|   2|  109|  113|    0|
    |hadd_16ns_16ns_16_5_full_dsp_1_U113  |hadd_16ns_16ns_16_5_full_dsp_1  |        0|   2|  109|  113|    0|
    |hadd_16ns_16ns_16_5_full_dsp_1_U114  |hadd_16ns_16ns_16_5_full_dsp_1  |        0|   2|  109|  113|    0|
    |hadd_16ns_16ns_16_5_full_dsp_1_U115  |hadd_16ns_16ns_16_5_full_dsp_1  |        0|   2|  109|  113|    0|
    |hadd_16ns_16ns_16_5_full_dsp_1_U116  |hadd_16ns_16ns_16_5_full_dsp_1  |        0|   2|  109|  113|    0|
    |hadd_16ns_16ns_16_5_full_dsp_1_U117  |hadd_16ns_16ns_16_5_full_dsp_1  |        0|   2|  109|  113|    0|
    |hadd_16ns_16ns_16_5_full_dsp_1_U118  |hadd_16ns_16ns_16_5_full_dsp_1  |        0|   2|  109|  113|    0|
    |hadd_16ns_16ns_16_5_full_dsp_1_U119  |hadd_16ns_16ns_16_5_full_dsp_1  |        0|   2|  109|  113|    0|
    |hadd_16ns_16ns_16_5_full_dsp_1_U120  |hadd_16ns_16ns_16_5_full_dsp_1  |        0|   2|  109|  113|    0|
    |hadd_16ns_16ns_16_5_full_dsp_1_U121  |hadd_16ns_16ns_16_5_full_dsp_1  |        0|   2|  109|  113|    0|
    |hadd_16ns_16ns_16_5_full_dsp_1_U122  |hadd_16ns_16ns_16_5_full_dsp_1  |        0|   2|  109|  113|    0|
    |hadd_16ns_16ns_16_5_full_dsp_1_U123  |hadd_16ns_16ns_16_5_full_dsp_1  |        0|   2|  109|  113|    0|
    |hadd_16ns_16ns_16_5_full_dsp_1_U124  |hadd_16ns_16ns_16_5_full_dsp_1  |        0|   2|  109|  113|    0|
    |hadd_16ns_16ns_16_5_full_dsp_1_U125  |hadd_16ns_16ns_16_5_full_dsp_1  |        0|   2|  109|  113|    0|
    |hadd_16ns_16ns_16_5_full_dsp_1_U126  |hadd_16ns_16ns_16_5_full_dsp_1  |        0|   2|  109|  113|    0|
    |hadd_16ns_16ns_16_5_full_dsp_1_U127  |hadd_16ns_16ns_16_5_full_dsp_1  |        0|   2|  109|  113|    0|
    |hadd_16ns_16ns_16_5_full_dsp_1_U128  |hadd_16ns_16ns_16_5_full_dsp_1  |        0|   2|  109|  113|    0|
    |hadd_16ns_16ns_16_5_full_dsp_1_U129  |hadd_16ns_16ns_16_5_full_dsp_1  |        0|   2|  109|  113|    0|
    |hadd_16ns_16ns_16_5_full_dsp_1_U130  |hadd_16ns_16ns_16_5_full_dsp_1  |        0|   2|  109|  113|    0|
    |hadd_16ns_16ns_16_5_full_dsp_1_U131  |hadd_16ns_16ns_16_5_full_dsp_1  |        0|   2|  109|  113|    0|
    |hadd_16ns_16ns_16_5_full_dsp_1_U132  |hadd_16ns_16ns_16_5_full_dsp_1  |        0|   2|  109|  113|    0|
    |hadd_16ns_16ns_16_5_full_dsp_1_U133  |hadd_16ns_16ns_16_5_full_dsp_1  |        0|   2|  109|  113|    0|
    |hadd_16ns_16ns_16_5_full_dsp_1_U134  |hadd_16ns_16ns_16_5_full_dsp_1  |        0|   2|  109|  113|    0|
    |hadd_16ns_16ns_16_5_full_dsp_1_U135  |hadd_16ns_16ns_16_5_full_dsp_1  |        0|   2|  109|  113|    0|
    |hadd_16ns_16ns_16_5_full_dsp_1_U136  |hadd_16ns_16ns_16_5_full_dsp_1  |        0|   2|  109|  113|    0|
    |hadd_16ns_16ns_16_5_full_dsp_1_U137  |hadd_16ns_16ns_16_5_full_dsp_1  |        0|   2|  109|  113|    0|
    |hadd_16ns_16ns_16_5_full_dsp_1_U138  |hadd_16ns_16ns_16_5_full_dsp_1  |        0|   2|  109|  113|    0|
    |hadd_16ns_16ns_16_5_full_dsp_1_U139  |hadd_16ns_16ns_16_5_full_dsp_1  |        0|   2|  109|  113|    0|
    |hadd_16ns_16ns_16_5_full_dsp_1_U140  |hadd_16ns_16ns_16_5_full_dsp_1  |        0|   2|  109|  113|    0|
    |hadd_16ns_16ns_16_5_full_dsp_1_U141  |hadd_16ns_16ns_16_5_full_dsp_1  |        0|   2|  109|  113|    0|
    |hadd_16ns_16ns_16_5_full_dsp_1_U142  |hadd_16ns_16ns_16_5_full_dsp_1  |        0|   2|  109|  113|    0|
    |hadd_16ns_16ns_16_5_full_dsp_1_U143  |hadd_16ns_16ns_16_5_full_dsp_1  |        0|   2|  109|  113|    0|
    |hadd_16ns_16ns_16_5_full_dsp_1_U144  |hadd_16ns_16ns_16_5_full_dsp_1  |        0|   2|  109|  113|    0|
    |hadd_16ns_16ns_16_5_full_dsp_1_U145  |hadd_16ns_16ns_16_5_full_dsp_1  |        0|   2|  109|  113|    0|
    |hadd_16ns_16ns_16_5_full_dsp_1_U146  |hadd_16ns_16ns_16_5_full_dsp_1  |        0|   2|  109|  113|    0|
    |hadd_16ns_16ns_16_5_full_dsp_1_U147  |hadd_16ns_16ns_16_5_full_dsp_1  |        0|   2|  109|  113|    0|
    |hadd_16ns_16ns_16_5_full_dsp_1_U148  |hadd_16ns_16ns_16_5_full_dsp_1  |        0|   2|  109|  113|    0|
    |hadd_16ns_16ns_16_5_full_dsp_1_U149  |hadd_16ns_16ns_16_5_full_dsp_1  |        0|   2|  109|  113|    0|
    |hadd_16ns_16ns_16_5_full_dsp_1_U150  |hadd_16ns_16ns_16_5_full_dsp_1  |        0|   2|  109|  113|    0|
    |hadd_16ns_16ns_16_5_full_dsp_1_U151  |hadd_16ns_16ns_16_5_full_dsp_1  |        0|   2|  109|  113|    0|
    |hadd_16ns_16ns_16_5_full_dsp_1_U152  |hadd_16ns_16ns_16_5_full_dsp_1  |        0|   2|  109|  113|    0|
    |hadd_16ns_16ns_16_5_full_dsp_1_U153  |hadd_16ns_16ns_16_5_full_dsp_1  |        0|   2|  109|  113|    0|
    |hadd_16ns_16ns_16_5_full_dsp_1_U154  |hadd_16ns_16ns_16_5_full_dsp_1  |        0|   2|  109|  113|    0|
    |hadd_16ns_16ns_16_5_full_dsp_1_U155  |hadd_16ns_16ns_16_5_full_dsp_1  |        0|   2|  109|  113|    0|
    |hadd_16ns_16ns_16_5_full_dsp_1_U156  |hadd_16ns_16ns_16_5_full_dsp_1  |        0|   2|  109|  113|    0|
    |hadd_16ns_16ns_16_5_full_dsp_1_U157  |hadd_16ns_16ns_16_5_full_dsp_1  |        0|   2|  109|  113|    0|
    |hadd_16ns_16ns_16_5_full_dsp_1_U158  |hadd_16ns_16ns_16_5_full_dsp_1  |        0|   2|  109|  113|    0|
    |hadd_16ns_16ns_16_5_full_dsp_1_U159  |hadd_16ns_16ns_16_5_full_dsp_1  |        0|   2|  109|  113|    0|
    |hadd_16ns_16ns_16_5_full_dsp_1_U160  |hadd_16ns_16ns_16_5_full_dsp_1  |        0|   2|  109|  113|    0|
    |hadd_16ns_16ns_16_5_full_dsp_1_U161  |hadd_16ns_16ns_16_5_full_dsp_1  |        0|   2|  109|  113|    0|
    |hadd_16ns_16ns_16_5_full_dsp_1_U162  |hadd_16ns_16ns_16_5_full_dsp_1  |        0|   2|  109|  113|    0|
    |hadd_16ns_16ns_16_5_full_dsp_1_U163  |hadd_16ns_16ns_16_5_full_dsp_1  |        0|   2|  109|  113|    0|
    |hadd_16ns_16ns_16_5_full_dsp_1_U164  |hadd_16ns_16ns_16_5_full_dsp_1  |        0|   2|  109|  113|    0|
    |hadd_16ns_16ns_16_5_full_dsp_1_U165  |hadd_16ns_16ns_16_5_full_dsp_1  |        0|   2|  109|  113|    0|
    |hadd_16ns_16ns_16_5_full_dsp_1_U166  |hadd_16ns_16ns_16_5_full_dsp_1  |        0|   2|  109|  113|    0|
    |hadd_16ns_16ns_16_5_full_dsp_1_U167  |hadd_16ns_16ns_16_5_full_dsp_1  |        0|   2|  109|  113|    0|
    |hadd_16ns_16ns_16_5_full_dsp_1_U168  |hadd_16ns_16ns_16_5_full_dsp_1  |        0|   2|  109|  113|    0|
    |hadd_16ns_16ns_16_5_full_dsp_1_U169  |hadd_16ns_16ns_16_5_full_dsp_1  |        0|   2|  109|  113|    0|
    |hadd_16ns_16ns_16_5_full_dsp_1_U170  |hadd_16ns_16ns_16_5_full_dsp_1  |        0|   2|  109|  113|    0|
    |hadd_16ns_16ns_16_5_full_dsp_1_U171  |hadd_16ns_16ns_16_5_full_dsp_1  |        0|   2|  109|  113|    0|
    |hadd_16ns_16ns_16_5_full_dsp_1_U172  |hadd_16ns_16ns_16_5_full_dsp_1  |        0|   2|  109|  113|    0|
    |hadd_16ns_16ns_16_5_full_dsp_1_U173  |hadd_16ns_16ns_16_5_full_dsp_1  |        0|   2|  109|  113|    0|
    |hadd_16ns_16ns_16_5_full_dsp_1_U174  |hadd_16ns_16ns_16_5_full_dsp_1  |        0|   2|  109|  113|    0|
    |hadd_16ns_16ns_16_5_full_dsp_1_U175  |hadd_16ns_16ns_16_5_full_dsp_1  |        0|   2|  109|  113|    0|
    |hadd_16ns_16ns_16_5_full_dsp_1_U176  |hadd_16ns_16ns_16_5_full_dsp_1  |        0|   2|  109|  113|    0|
    |hadd_16ns_16ns_16_5_full_dsp_1_U177  |hadd_16ns_16ns_16_5_full_dsp_1  |        0|   2|  109|  113|    0|
    |hadd_16ns_16ns_16_5_full_dsp_1_U178  |hadd_16ns_16ns_16_5_full_dsp_1  |        0|   2|  109|  113|    0|
    |hadd_16ns_16ns_16_5_full_dsp_1_U179  |hadd_16ns_16ns_16_5_full_dsp_1  |        0|   2|  109|  113|    0|
    |hadd_16ns_16ns_16_5_full_dsp_1_U180  |hadd_16ns_16ns_16_5_full_dsp_1  |        0|   2|  109|  113|    0|
    |hadd_16ns_16ns_16_5_full_dsp_1_U181  |hadd_16ns_16ns_16_5_full_dsp_1  |        0|   2|  109|  113|    0|
    |hadd_16ns_16ns_16_5_full_dsp_1_U182  |hadd_16ns_16ns_16_5_full_dsp_1  |        0|   2|  109|  113|    0|
    |hadd_16ns_16ns_16_5_full_dsp_1_U183  |hadd_16ns_16ns_16_5_full_dsp_1  |        0|   2|  109|  113|    0|
    |hadd_16ns_16ns_16_5_full_dsp_1_U184  |hadd_16ns_16ns_16_5_full_dsp_1  |        0|   2|  109|  113|    0|
    |hadd_16ns_16ns_16_5_full_dsp_1_U185  |hadd_16ns_16ns_16_5_full_dsp_1  |        0|   2|  109|  113|    0|
    |hadd_16ns_16ns_16_5_full_dsp_1_U186  |hadd_16ns_16ns_16_5_full_dsp_1  |        0|   2|  109|  113|    0|
    |hadd_16ns_16ns_16_5_full_dsp_1_U187  |hadd_16ns_16ns_16_5_full_dsp_1  |        0|   2|  109|  113|    0|
    |hadd_16ns_16ns_16_5_full_dsp_1_U188  |hadd_16ns_16ns_16_5_full_dsp_1  |        0|   2|  109|  113|    0|
    |hadd_16ns_16ns_16_5_full_dsp_1_U189  |hadd_16ns_16ns_16_5_full_dsp_1  |        0|   2|  109|  113|    0|
    |hadd_16ns_16ns_16_5_full_dsp_1_U190  |hadd_16ns_16ns_16_5_full_dsp_1  |        0|   2|  109|  113|    0|
    |hadd_16ns_16ns_16_5_full_dsp_1_U191  |hadd_16ns_16ns_16_5_full_dsp_1  |        0|   2|  109|  113|    0|
    |hadd_16ns_16ns_16_5_full_dsp_1_U192  |hadd_16ns_16ns_16_5_full_dsp_1  |        0|   2|  109|  113|    0|
    |hadd_16ns_16ns_16_5_full_dsp_1_U193  |hadd_16ns_16ns_16_5_full_dsp_1  |        0|   2|  109|  113|    0|
    |hadd_16ns_16ns_16_5_full_dsp_1_U194  |hadd_16ns_16ns_16_5_full_dsp_1  |        0|   2|  109|  113|    0|
    |hadd_16ns_16ns_16_5_full_dsp_1_U195  |hadd_16ns_16ns_16_5_full_dsp_1  |        0|   2|  109|  113|    0|
    |hadd_16ns_16ns_16_5_full_dsp_1_U196  |hadd_16ns_16ns_16_5_full_dsp_1  |        0|   2|  109|  113|    0|
    |hadd_16ns_16ns_16_5_full_dsp_1_U197  |hadd_16ns_16ns_16_5_full_dsp_1  |        0|   2|  109|  113|    0|
    |hadd_16ns_16ns_16_5_full_dsp_1_U198  |hadd_16ns_16ns_16_5_full_dsp_1  |        0|   2|  109|  113|    0|
    |hadd_16ns_16ns_16_5_full_dsp_1_U199  |hadd_16ns_16ns_16_5_full_dsp_1  |        0|   2|  109|  113|    0|
    |hadd_16ns_16ns_16_5_full_dsp_1_U200  |hadd_16ns_16ns_16_5_full_dsp_1  |        0|   2|  109|  113|    0|
    |hadd_16ns_16ns_16_5_full_dsp_1_U201  |hadd_16ns_16ns_16_5_full_dsp_1  |        0|   2|  109|  113|    0|
    |hadd_16ns_16ns_16_5_full_dsp_1_U202  |hadd_16ns_16ns_16_5_full_dsp_1  |        0|   2|  109|  113|    0|
    |hmul_16ns_16ns_16_4_no_dsp_1_U203    |hmul_16ns_16ns_16_4_no_dsp_1    |        0|   0|  108|  175|    0|
    |hmul_16ns_16ns_16_4_no_dsp_1_U204    |hmul_16ns_16ns_16_4_no_dsp_1    |        0|   0|  108|  175|    0|
    |hmul_16ns_16ns_16_4_no_dsp_1_U205    |hmul_16ns_16ns_16_4_no_dsp_1    |        0|   0|  108|  175|    0|
    |hmul_16ns_16ns_16_4_no_dsp_1_U206    |hmul_16ns_16ns_16_4_no_dsp_1    |        0|   0|  108|  175|    0|
    |hmul_16ns_16ns_16_4_no_dsp_1_U207    |hmul_16ns_16ns_16_4_no_dsp_1    |        0|   0|  108|  175|    0|
    |hmul_16ns_16ns_16_4_no_dsp_1_U208    |hmul_16ns_16ns_16_4_no_dsp_1    |        0|   0|  108|  175|    0|
    |hmul_16ns_16ns_16_4_no_dsp_1_U209    |hmul_16ns_16ns_16_4_no_dsp_1    |        0|   0|  108|  175|    0|
    |hmul_16ns_16ns_16_4_no_dsp_1_U210    |hmul_16ns_16ns_16_4_no_dsp_1    |        0|   0|  108|  175|    0|
    |hmul_16ns_16ns_16_4_no_dsp_1_U211    |hmul_16ns_16ns_16_4_no_dsp_1    |        0|   0|  108|  175|    0|
    |hmul_16ns_16ns_16_4_no_dsp_1_U212    |hmul_16ns_16ns_16_4_no_dsp_1    |        0|   0|  108|  175|    0|
    |hmul_16ns_16ns_16_4_no_dsp_1_U213    |hmul_16ns_16ns_16_4_no_dsp_1    |        0|   0|  108|  175|    0|
    |hmul_16ns_16ns_16_4_no_dsp_1_U214    |hmul_16ns_16ns_16_4_no_dsp_1    |        0|   0|  108|  175|    0|
    |hmul_16ns_16ns_16_4_no_dsp_1_U215    |hmul_16ns_16ns_16_4_no_dsp_1    |        0|   0|  108|  175|    0|
    |hmul_16ns_16ns_16_4_no_dsp_1_U216    |hmul_16ns_16ns_16_4_no_dsp_1    |        0|   0|  108|  175|    0|
    |hmul_16ns_16ns_16_4_no_dsp_1_U217    |hmul_16ns_16ns_16_4_no_dsp_1    |        0|   0|  108|  175|    0|
    |hmul_16ns_16ns_16_4_no_dsp_1_U218    |hmul_16ns_16ns_16_4_no_dsp_1    |        0|   0|  108|  175|    0|
    |hmul_16ns_16ns_16_4_no_dsp_1_U219    |hmul_16ns_16ns_16_4_no_dsp_1    |        0|   0|  108|  175|    0|
    |hmul_16ns_16ns_16_4_no_dsp_1_U220    |hmul_16ns_16ns_16_4_no_dsp_1    |        0|   0|  108|  175|    0|
    |hmul_16ns_16ns_16_4_no_dsp_1_U221    |hmul_16ns_16ns_16_4_no_dsp_1    |        0|   0|  108|  175|    0|
    |hmul_16ns_16ns_16_4_no_dsp_1_U222    |hmul_16ns_16ns_16_4_no_dsp_1    |        0|   0|  108|  175|    0|
    |hmul_16ns_16ns_16_4_no_dsp_1_U223    |hmul_16ns_16ns_16_4_no_dsp_1    |        0|   0|  108|  175|    0|
    |hmul_16ns_16ns_16_4_no_dsp_1_U224    |hmul_16ns_16ns_16_4_no_dsp_1    |        0|   0|  108|  175|    0|
    |hmul_16ns_16ns_16_4_no_dsp_1_U225    |hmul_16ns_16ns_16_4_no_dsp_1    |        0|   0|  108|  175|    0|
    |hmul_16ns_16ns_16_4_no_dsp_1_U226    |hmul_16ns_16ns_16_4_no_dsp_1    |        0|   0|  108|  175|    0|
    |hmul_16ns_16ns_16_4_no_dsp_1_U227    |hmul_16ns_16ns_16_4_no_dsp_1    |        0|   0|  108|  175|    0|
    |hmul_16ns_16ns_16_4_no_dsp_1_U228    |hmul_16ns_16ns_16_4_no_dsp_1    |        0|   0|  108|  175|    0|
    |hmul_16ns_16ns_16_4_no_dsp_1_U229    |hmul_16ns_16ns_16_4_no_dsp_1    |        0|   0|  108|  175|    0|
    |hmul_16ns_16ns_16_4_no_dsp_1_U230    |hmul_16ns_16ns_16_4_no_dsp_1    |        0|   0|  108|  175|    0|
    |hmul_16ns_16ns_16_4_no_dsp_1_U231    |hmul_16ns_16ns_16_4_no_dsp_1    |        0|   0|  108|  175|    0|
    |hmul_16ns_16ns_16_4_no_dsp_1_U232    |hmul_16ns_16ns_16_4_no_dsp_1    |        0|   0|  108|  175|    0|
    |hmul_16ns_16ns_16_4_no_dsp_1_U233    |hmul_16ns_16ns_16_4_no_dsp_1    |        0|   0|  108|  175|    0|
    |hmul_16ns_16ns_16_4_no_dsp_1_U234    |hmul_16ns_16ns_16_4_no_dsp_1    |        0|   0|  108|  175|    0|
    |hmul_16ns_16ns_16_4_no_dsp_1_U235    |hmul_16ns_16ns_16_4_no_dsp_1    |        0|   0|  108|  175|    0|
    |hmul_16ns_16ns_16_4_no_dsp_1_U236    |hmul_16ns_16ns_16_4_no_dsp_1    |        0|   0|  108|  175|    0|
    |hmul_16ns_16ns_16_4_no_dsp_1_U237    |hmul_16ns_16ns_16_4_no_dsp_1    |        0|   0|  108|  175|    0|
    |hmul_16ns_16ns_16_4_no_dsp_1_U238    |hmul_16ns_16ns_16_4_no_dsp_1    |        0|   0|  108|  175|    0|
    |hmul_16ns_16ns_16_4_no_dsp_1_U239    |hmul_16ns_16ns_16_4_no_dsp_1    |        0|   0|  108|  175|    0|
    |hmul_16ns_16ns_16_4_no_dsp_1_U240    |hmul_16ns_16ns_16_4_no_dsp_1    |        0|   0|  108|  175|    0|
    |hmul_16ns_16ns_16_4_no_dsp_1_U241    |hmul_16ns_16ns_16_4_no_dsp_1    |        0|   0|  108|  175|    0|
    |hmul_16ns_16ns_16_4_no_dsp_1_U242    |hmul_16ns_16ns_16_4_no_dsp_1    |        0|   0|  108|  175|    0|
    |hmul_16ns_16ns_16_4_no_dsp_1_U243    |hmul_16ns_16ns_16_4_no_dsp_1    |        0|   0|  108|  175|    0|
    |hmul_16ns_16ns_16_4_no_dsp_1_U244    |hmul_16ns_16ns_16_4_no_dsp_1    |        0|   0|  108|  175|    0|
    |hmul_16ns_16ns_16_4_no_dsp_1_U245    |hmul_16ns_16ns_16_4_no_dsp_1    |        0|   0|  108|  175|    0|
    |hmul_16ns_16ns_16_4_no_dsp_1_U246    |hmul_16ns_16ns_16_4_no_dsp_1    |        0|   0|  108|  175|    0|
    |hmul_16ns_16ns_16_4_no_dsp_1_U247    |hmul_16ns_16ns_16_4_no_dsp_1    |        0|   0|  108|  175|    0|
    |hmul_16ns_16ns_16_4_no_dsp_1_U248    |hmul_16ns_16ns_16_4_no_dsp_1    |        0|   0|  108|  175|    0|
    |hmul_16ns_16ns_16_4_no_dsp_1_U249    |hmul_16ns_16ns_16_4_no_dsp_1    |        0|   0|  108|  175|    0|
    |hmul_16ns_16ns_16_4_no_dsp_1_U250    |hmul_16ns_16ns_16_4_no_dsp_1    |        0|   0|  108|  175|    0|
    |hmul_16ns_16ns_16_4_no_dsp_1_U251    |hmul_16ns_16ns_16_4_no_dsp_1    |        0|   0|  108|  175|    0|
    |hmul_16ns_16ns_16_4_no_dsp_1_U252    |hmul_16ns_16ns_16_4_no_dsp_1    |        0|   0|  108|  175|    0|
    |hmul_16ns_16ns_16_4_no_dsp_1_U253    |hmul_16ns_16ns_16_4_no_dsp_1    |        0|   0|  108|  175|    0|
    |hmul_16ns_16ns_16_4_no_dsp_1_U254    |hmul_16ns_16ns_16_4_no_dsp_1    |        0|   0|  108|  175|    0|
    |hmul_16ns_16ns_16_4_no_dsp_1_U255    |hmul_16ns_16ns_16_4_no_dsp_1    |        0|   0|  108|  175|    0|
    |hmul_16ns_16ns_16_4_no_dsp_1_U256    |hmul_16ns_16ns_16_4_no_dsp_1    |        0|   0|  108|  175|    0|
    |hmul_16ns_16ns_16_4_no_dsp_1_U257    |hmul_16ns_16ns_16_4_no_dsp_1    |        0|   0|  108|  175|    0|
    |hmul_16ns_16ns_16_4_no_dsp_1_U258    |hmul_16ns_16ns_16_4_no_dsp_1    |        0|   0|  108|  175|    0|
    |hmul_16ns_16ns_16_4_no_dsp_1_U259    |hmul_16ns_16ns_16_4_no_dsp_1    |        0|   0|  108|  175|    0|
    |hmul_16ns_16ns_16_4_no_dsp_1_U260    |hmul_16ns_16ns_16_4_no_dsp_1    |        0|   0|  108|  175|    0|
    |hmul_16ns_16ns_16_4_no_dsp_1_U261    |hmul_16ns_16ns_16_4_no_dsp_1    |        0|   0|  108|  175|    0|
    |hmul_16ns_16ns_16_4_no_dsp_1_U262    |hmul_16ns_16ns_16_4_no_dsp_1    |        0|   0|  108|  175|    0|
    |hmul_16ns_16ns_16_4_no_dsp_1_U263    |hmul_16ns_16ns_16_4_no_dsp_1    |        0|   0|  108|  175|    0|
    |hmul_16ns_16ns_16_4_no_dsp_1_U264    |hmul_16ns_16ns_16_4_no_dsp_1    |        0|   0|  108|  175|    0|
    |hmul_16ns_16ns_16_4_no_dsp_1_U265    |hmul_16ns_16ns_16_4_no_dsp_1    |        0|   0|  108|  175|    0|
    |hmul_16ns_16ns_16_4_no_dsp_1_U266    |hmul_16ns_16ns_16_4_no_dsp_1    |        0|   0|  108|  175|    0|
    |hmul_16ns_16ns_16_4_no_dsp_1_U267    |hmul_16ns_16ns_16_4_no_dsp_1    |        0|   0|  108|  175|    0|
    |hmul_16ns_16ns_16_4_no_dsp_1_U268    |hmul_16ns_16ns_16_4_no_dsp_1    |        0|   0|  108|  175|    0|
    |hmul_16ns_16ns_16_4_no_dsp_1_U269    |hmul_16ns_16ns_16_4_no_dsp_1    |        0|   0|  108|  175|    0|
    |hmul_16ns_16ns_16_4_no_dsp_1_U270    |hmul_16ns_16ns_16_4_no_dsp_1    |        0|   0|  108|  175|    0|
    |hmul_16ns_16ns_16_4_no_dsp_1_U271    |hmul_16ns_16ns_16_4_no_dsp_1    |        0|   0|  108|  175|    0|
    |hmul_16ns_16ns_16_4_no_dsp_1_U272    |hmul_16ns_16ns_16_4_no_dsp_1    |        0|   0|  108|  175|    0|
    |hmul_16ns_16ns_16_4_no_dsp_1_U273    |hmul_16ns_16ns_16_4_no_dsp_1    |        0|   0|  108|  175|    0|
    |hmul_16ns_16ns_16_4_no_dsp_1_U274    |hmul_16ns_16ns_16_4_no_dsp_1    |        0|   0|  108|  175|    0|
    |hmul_16ns_16ns_16_4_no_dsp_1_U275    |hmul_16ns_16ns_16_4_no_dsp_1    |        0|   0|  108|  175|    0|
    |hmul_16ns_16ns_16_4_no_dsp_1_U276    |hmul_16ns_16ns_16_4_no_dsp_1    |        0|   0|  108|  175|    0|
    |hmul_16ns_16ns_16_4_no_dsp_1_U277    |hmul_16ns_16ns_16_4_no_dsp_1    |        0|   0|  108|  175|    0|
    |hmul_16ns_16ns_16_4_no_dsp_1_U278    |hmul_16ns_16ns_16_4_no_dsp_1    |        0|   0|  108|  175|    0|
    |hmul_16ns_16ns_16_4_no_dsp_1_U279    |hmul_16ns_16ns_16_4_no_dsp_1    |        0|   0|  108|  175|    0|
    |hmul_16ns_16ns_16_4_no_dsp_1_U280    |hmul_16ns_16ns_16_4_no_dsp_1    |        0|   0|  108|  175|    0|
    |hmul_16ns_16ns_16_4_no_dsp_1_U281    |hmul_16ns_16ns_16_4_no_dsp_1    |        0|   0|  108|  175|    0|
    |hmul_16ns_16ns_16_4_no_dsp_1_U282    |hmul_16ns_16ns_16_4_no_dsp_1    |        0|   0|  108|  175|    0|
    |hmul_16ns_16ns_16_4_no_dsp_1_U283    |hmul_16ns_16ns_16_4_no_dsp_1    |        0|   0|  108|  175|    0|
    |hmul_16ns_16ns_16_4_no_dsp_1_U284    |hmul_16ns_16ns_16_4_no_dsp_1    |        0|   0|  108|  175|    0|
    |hmul_16ns_16ns_16_4_no_dsp_1_U285    |hmul_16ns_16ns_16_4_no_dsp_1    |        0|   0|  108|  175|    0|
    |hmul_16ns_16ns_16_4_no_dsp_1_U286    |hmul_16ns_16ns_16_4_no_dsp_1    |        0|   0|  108|  175|    0|
    |hmul_16ns_16ns_16_4_no_dsp_1_U287    |hmul_16ns_16ns_16_4_no_dsp_1    |        0|   0|  108|  175|    0|
    |hmul_16ns_16ns_16_4_no_dsp_1_U288    |hmul_16ns_16ns_16_4_no_dsp_1    |        0|   0|  108|  175|    0|
    |hmul_16ns_16ns_16_4_no_dsp_1_U289    |hmul_16ns_16ns_16_4_no_dsp_1    |        0|   0|  108|  175|    0|
    |hmul_16ns_16ns_16_4_no_dsp_1_U290    |hmul_16ns_16ns_16_4_no_dsp_1    |        0|   0|  108|  175|    0|
    |hmul_16ns_16ns_16_4_no_dsp_1_U291    |hmul_16ns_16ns_16_4_no_dsp_1    |        0|   0|  108|  175|    0|
    |hmul_16ns_16ns_16_4_no_dsp_1_U292    |hmul_16ns_16ns_16_4_no_dsp_1    |        0|   0|  108|  175|    0|
    |hmul_16ns_16ns_16_4_no_dsp_1_U293    |hmul_16ns_16ns_16_4_no_dsp_1    |        0|   0|  108|  175|    0|
    |hmul_16ns_16ns_16_4_no_dsp_1_U294    |hmul_16ns_16ns_16_4_no_dsp_1    |        0|   0|  108|  175|    0|
    |hmul_16ns_16ns_16_4_no_dsp_1_U295    |hmul_16ns_16ns_16_4_no_dsp_1    |        0|   0|  108|  175|    0|
    |hmul_16ns_16ns_16_4_no_dsp_1_U296    |hmul_16ns_16ns_16_4_no_dsp_1    |        0|   0|  108|  175|    0|
    |hmul_16ns_16ns_16_4_no_dsp_1_U297    |hmul_16ns_16ns_16_4_no_dsp_1    |        0|   0|  108|  175|    0|
    |hmul_16ns_16ns_16_4_no_dsp_1_U298    |hmul_16ns_16ns_16_4_no_dsp_1    |        0|   0|  108|  175|    0|
    |hmul_16ns_16ns_16_4_no_dsp_1_U299    |hmul_16ns_16ns_16_4_no_dsp_1    |        0|   0|  108|  175|    0|
    |hmul_16ns_16ns_16_4_no_dsp_1_U300    |hmul_16ns_16ns_16_4_no_dsp_1    |        0|   0|  108|  175|    0|
    |hmul_16ns_16ns_16_4_no_dsp_1_U301    |hmul_16ns_16ns_16_4_no_dsp_1    |        0|   0|  108|  175|    0|
    |hmul_16ns_16ns_16_4_no_dsp_1_U302    |hmul_16ns_16ns_16_4_no_dsp_1    |        0|   0|  108|  175|    0|
    |hmul_16ns_16ns_16_4_no_dsp_1_U303    |hmul_16ns_16ns_16_4_no_dsp_1    |        0|   0|  108|  175|    0|
    |hmul_16ns_16ns_16_4_no_dsp_1_U304    |hmul_16ns_16ns_16_4_no_dsp_1    |        0|   0|  108|  175|    0|
    |hmul_16ns_16ns_16_4_no_dsp_1_U305    |hmul_16ns_16ns_16_4_no_dsp_1    |        0|   0|  108|  175|    0|
    |hmul_16ns_16ns_16_4_no_dsp_1_U306    |hmul_16ns_16ns_16_4_no_dsp_1    |        0|   0|  108|  175|    0|
    |hmul_16ns_16ns_16_4_no_dsp_1_U307    |hmul_16ns_16ns_16_4_no_dsp_1    |        0|   0|  108|  175|    0|
    |hmul_16ns_16ns_16_4_no_dsp_1_U308    |hmul_16ns_16ns_16_4_no_dsp_1    |        0|   0|  108|  175|    0|
    |hmul_16ns_16ns_16_4_no_dsp_1_U309    |hmul_16ns_16ns_16_4_no_dsp_1    |        0|   0|  108|  175|    0|
    |hmul_16ns_16ns_16_4_no_dsp_1_U310    |hmul_16ns_16ns_16_4_no_dsp_1    |        0|   0|  108|  175|    0|
    |hmul_16ns_16ns_16_4_no_dsp_1_U311    |hmul_16ns_16ns_16_4_no_dsp_1    |        0|   0|  108|  175|    0|
    |hmul_16ns_16ns_16_4_no_dsp_1_U312    |hmul_16ns_16ns_16_4_no_dsp_1    |        0|   0|  108|  175|    0|
    |hmul_16ns_16ns_16_4_no_dsp_1_U313    |hmul_16ns_16ns_16_4_no_dsp_1    |        0|   0|  108|  175|    0|
    |hmul_16ns_16ns_16_4_no_dsp_1_U314    |hmul_16ns_16ns_16_4_no_dsp_1    |        0|   0|  108|  175|    0|
    |hmul_16ns_16ns_16_4_no_dsp_1_U315    |hmul_16ns_16ns_16_4_no_dsp_1    |        0|   0|  108|  175|    0|
    |hmul_16ns_16ns_16_4_no_dsp_1_U316    |hmul_16ns_16ns_16_4_no_dsp_1    |        0|   0|  108|  175|    0|
    |hmul_16ns_16ns_16_4_no_dsp_1_U317    |hmul_16ns_16ns_16_4_no_dsp_1    |        0|   0|  108|  175|    0|
    |hmul_16ns_16ns_16_4_no_dsp_1_U318    |hmul_16ns_16ns_16_4_no_dsp_1    |        0|   0|  108|  175|    0|
    |hmul_16ns_16ns_16_4_no_dsp_1_U319    |hmul_16ns_16ns_16_4_no_dsp_1    |        0|   0|  108|  175|    0|
    |hmul_16ns_16ns_16_4_no_dsp_1_U320    |hmul_16ns_16ns_16_4_no_dsp_1    |        0|   0|  108|  175|    0|
    |hmul_16ns_16ns_16_4_no_dsp_1_U321    |hmul_16ns_16ns_16_4_no_dsp_1    |        0|   0|  108|  175|    0|
    |hmul_16ns_16ns_16_4_no_dsp_1_U322    |hmul_16ns_16ns_16_4_no_dsp_1    |        0|   0|  108|  175|    0|
    |hmul_16ns_16ns_16_4_no_dsp_1_U323    |hmul_16ns_16ns_16_4_no_dsp_1    |        0|   0|  108|  175|    0|
    |hmul_16ns_16ns_16_4_no_dsp_1_U324    |hmul_16ns_16ns_16_4_no_dsp_1    |        0|   0|  108|  175|    0|
    |hmul_16ns_16ns_16_4_no_dsp_1_U325    |hmul_16ns_16ns_16_4_no_dsp_1    |        0|   0|  108|  175|    0|
    |hmul_16ns_16ns_16_4_no_dsp_1_U326    |hmul_16ns_16ns_16_4_no_dsp_1    |        0|   0|  108|  175|    0|
    |hmul_16ns_16ns_16_4_no_dsp_1_U327    |hmul_16ns_16ns_16_4_no_dsp_1    |        0|   0|  108|  175|    0|
    |hmul_16ns_16ns_16_4_no_dsp_1_U328    |hmul_16ns_16ns_16_4_no_dsp_1    |        0|   0|  108|  175|    0|
    |hmul_16ns_16ns_16_4_no_dsp_1_U329    |hmul_16ns_16ns_16_4_no_dsp_1    |        0|   0|  108|  175|    0|
    |hmul_16ns_16ns_16_4_no_dsp_1_U330    |hmul_16ns_16ns_16_4_no_dsp_1    |        0|   0|  108|  175|    0|
    |sparsemux_9_2_16_1_1_U331            |sparsemux_9_2_16_1_1            |        0|   0|    0|   20|    0|
    |sparsemux_9_2_16_1_1_U332            |sparsemux_9_2_16_1_1            |        0|   0|    0|   20|    0|
    |sparsemux_9_2_16_1_1_U333            |sparsemux_9_2_16_1_1            |        0|   0|    0|   20|    0|
    |sparsemux_9_2_16_1_1_U334            |sparsemux_9_2_16_1_1            |        0|   0|    0|   20|    0|
    |sparsemux_9_2_16_1_1_U335            |sparsemux_9_2_16_1_1            |        0|   0|    0|   20|    0|
    |sparsemux_9_2_16_1_1_U336            |sparsemux_9_2_16_1_1            |        0|   0|    0|   20|    0|
    |sparsemux_9_2_16_1_1_U337            |sparsemux_9_2_16_1_1            |        0|   0|    0|   20|    0|
    |sparsemux_9_2_16_1_1_U338            |sparsemux_9_2_16_1_1            |        0|   0|    0|   20|    0|
    +-------------------------------------+--------------------------------+---------+----+-----+-----+-----+
    |Total                                |                                |        0| 336|32136|41544|    0|
    +-------------------------------------+--------------------------------+---------+----+-----+-----+-----+

    * DSP: 
    N/A

    * Memory: 
    N/A

    * FIFO: 
    N/A

    * Expression: 
    +---------------------------------------+----------+----+---+----+------------+------------+
    |             Variable Name             | Operation| DSP| FF| LUT| Bitwidth P0| Bitwidth P1|
    +---------------------------------------+----------+----+---+----+------------+------------+
    |add29_fu_2351_p2                       |         +|   0|  0|  18|          10|          10|
    |add_ln108_fu_2271_p2                   |         +|   0|  0|  17|          10|           1|
    |add_ln113_fu_2403_p2                   |         +|   0|  0|  18|          11|          11|
    |add_ln133_fu_4708_p2                   |         +|   0|  0|   9|           2|           2|
    |add_ln139_fu_4789_p2                   |         +|   0|  0|  18|          10|          10|
    |add_ln98_fu_2243_p2                    |         +|   0|  0|  19|          12|           1|
    |ci_w_1_fu_2379_p2                      |         +|   0|  0|  39|          32|           1|
    |k_fu_2312_p2                           |         +|   0|  0|  12|           4|           4|
    |kw_2_fu_2288_p2                        |         +|   0|  0|   9|           2|           1|
    |wi_1_fu_4858_p2                        |         +|   0|  0|  39|          32|           1|
    |wo_fu_4737_p2                          |         +|   0|  0|  39|          32|          32|
    |sub_ln139_fu_4783_p2                   |         -|   0|  0|  18|          10|          10|
    |w_off_fu_2337_p2                       |         -|   0|  0|  18|          10|          10|
    |ap_block_pp0                           |       and|   0|  0|   2|           1|           1|
    |ap_enable_state109_pp0_iter108_stage0  |       and|   0|  0|   2|           1|           1|
    |ap_enable_state110_pp0_iter109_stage0  |       and|   0|  0|   2|           1|           1|
    |ap_enable_state116_pp0_iter115_stage0  |       and|   0|  0|   2|           1|           1|
    |ap_predicate_op2392_load_state109      |       and|   0|  0|   2|           1|           1|
    |ap_predicate_op2393_load_state109      |       and|   0|  0|   2|           1|           1|
    |ap_predicate_op2416_load_state110      |       and|   0|  0|   2|           1|           1|
    |ap_predicate_op2417_load_state110      |       and|   0|  0|   2|           1|           1|
    |ap_predicate_op2487_store_state116     |       and|   0|  0|   2|           1|           1|
    |ap_predicate_op2489_store_state116     |       and|   0|  0|   2|           1|           1|
    |icmp157_fu_2367_p2                     |      icmp|   0|  0|  37|          30|           1|
    |icmp_ln108_fu_2257_p2                  |      icmp|   0|  0|  17|          10|           8|
    |icmp_ln132_fu_2373_p2                  |      icmp|   0|  0|  39|          32|           6|
    |icmp_ln134_fu_4753_p2                  |      icmp|   0|  0|  34|          27|           1|
    |icmp_ln98_fu_2237_p2                   |      icmp|   0|  0|  19|          12|          12|
    |psum_32_fu_4523_p3                     |    select|   0|  0|  16|           1|          16|
    |psum_33_fu_4528_p3                     |    select|   0|  0|  16|           1|          16|
    |psum_34_fu_4518_p3                     |    select|   0|  0|  16|           1|          16|
    |psum_35_fu_4533_p3                     |    select|   0|  0|  16|           1|          16|
    |psum_36_fu_4513_p3                     |    select|   0|  0|  16|           1|          16|
    |psum_37_fu_4538_p3                     |    select|   0|  0|  16|           1|          16|
    |psum_38_fu_4508_p3                     |    select|   0|  0|  16|           1|          16|
    |psum_39_fu_4543_p3                     |    select|   0|  0|  16|           1|          16|
    |select_ln139_1_fu_4959_p3              |    select|   0|  0|  16|           1|          16|
    |select_ln139_2_fu_4966_p3              |    select|   0|  0|  16|           1|          16|
    |select_ln139_3_fu_4973_p3              |    select|   0|  0|  16|           1|          16|
    |select_ln139_4_fu_4980_p3              |    select|   0|  0|  16|           1|          16|
    |select_ln139_5_fu_4987_p3              |    select|   0|  0|  16|           1|          16|
    |select_ln139_6_fu_4994_p3              |    select|   0|  0|  16|           1|          16|
    |select_ln139_7_fu_5001_p3              |    select|   0|  0|  16|           1|          16|
    |select_ln139_fu_4952_p3                |    select|   0|  0|  16|           1|          16|
    |select_ln98_1_fu_2294_p3               |    select|   0|  0|  32|           1|           1|
    |select_ln98_2_fu_4716_p3               |    select|   0|  0|  32|           1|           1|
    |select_ln98_3_fu_2301_p3               |    select|   0|  0|   2|           1|           2|
    |select_ln98_fu_2263_p3                 |    select|   0|  0|  10|           1|           1|
    |ap_enable_pp0                          |       xor|   0|  0|   2|           1|           2|
    +---------------------------------------+----------+----+---+----+------------+------------+
    |Total                                  |          |   0|  0| 773|         319|         395|
    +---------------------------------------+----------+----+---+----+------------+------------+

    * Multiplexer: 
    +--------------------------------------+----+-----------+-----+-----------+
    |                 Name                 | LUT| Input Size| Bits| Total Bits|
    +--------------------------------------+----+-----------+-----+-----------+
    |ap_done_int                           |   9|          2|    1|          2|
    |ap_enable_reg_pp0_iter1               |   9|          2|    1|          2|
    |ap_sig_allocacmp_indvar_flatten_load  |   9|          2|   12|         24|
    |ci_w_fu_452                           |   9|          2|   32|         64|
    |indvar_flatten_fu_464                 |   9|          2|   12|         24|
    |kw_fu_460                             |   9|          2|    2|          4|
    |m_fu_456                              |   9|          2|   10|         20|
    |wi_fu_448                             |  14|          3|   32|         96|
    +--------------------------------------+----+-----------+-----+-----------+
    |Total                                 |  77|         17|  102|        236|
    +--------------------------------------+----+-----------+-----+-----------+

    * Register: 
    +-----------------------------------------------------------------------------------------------+-----+----+-----+-----------+
    |                                              Name                                             |  FF | LUT| Bits| Const Bits|
    +-----------------------------------------------------------------------------------------------+-----+----+-----+-----------+
    |add29_reg_5329                                                                                 |   10|   0|   10|          0|
    |add2_reg_8275                                                                                  |   16|   0|   16|          0|
    |add3_reg_8409                                                                                  |   16|   0|   16|          0|
    |add4_reg_8489                                                                                  |   16|   0|   16|          0|
    |add57_1_reg_8280                                                                               |   16|   0|   16|          0|
    |add57_2_reg_8285                                                                               |   16|   0|   16|          0|
    |add57_3_reg_8290                                                                               |   16|   0|   16|          0|
    |add57_4_reg_8295                                                                               |   16|   0|   16|          0|
    |add57_5_reg_8300                                                                               |   16|   0|   16|          0|
    |add57_6_reg_8305                                                                               |   16|   0|   16|          0|
    |add57_7_reg_8310                                                                               |   16|   0|   16|          0|
    |add6_reg_8745                                                                                  |   16|   0|   16|          0|
    |add84_1_reg_8414                                                                               |   16|   0|   16|          0|
    |add84_2_reg_8419                                                                               |   16|   0|   16|          0|
    |add84_3_reg_8424                                                                               |   16|   0|   16|          0|
    |add84_4_reg_8429                                                                               |   16|   0|   16|          0|
    |add84_5_reg_8434                                                                               |   16|   0|   16|          0|
    |add84_6_reg_8439                                                                               |   16|   0|   16|          0|
    |add84_7_reg_8444                                                                               |   16|   0|   16|          0|
    |add88_1_reg_8494                                                                               |   16|   0|   16|          0|
    |add88_2_reg_8499                                                                               |   16|   0|   16|          0|
    |add88_3_reg_8504                                                                               |   16|   0|   16|          0|
    |add88_4_reg_8509                                                                               |   16|   0|   16|          0|
    |add88_5_reg_8514                                                                               |   16|   0|   16|          0|
    |add88_6_reg_8519                                                                               |   16|   0|   16|          0|
    |add88_7_reg_8524                                                                               |   16|   0|   16|          0|
    |add98_1_reg_8751                                                                               |   16|   0|   16|          0|
    |add98_2_reg_8757                                                                               |   16|   0|   16|          0|
    |add98_3_reg_8763                                                                               |   16|   0|   16|          0|
    |add98_4_reg_8769                                                                               |   16|   0|   16|          0|
    |add98_5_reg_8775                                                                               |   16|   0|   16|          0|
    |add98_6_reg_8781                                                                               |   16|   0|   16|          0|
    |add98_7_reg_8787                                                                               |   16|   0|   16|          0|
    |add_ln133_reg_8315                                                                             |    2|   0|    2|          0|
    |add_ln139_reg_8324                                                                             |   10|   0|   10|          0|
    |ap_CS_fsm                                                                                      |    1|   0|    1|          0|
    |ap_done_reg                                                                                    |    1|   0|    1|          0|
    |ap_enable_reg_pp0_iter1                                                                        |    1|   0|    1|          0|
    |ap_enable_reg_pp0_iter10                                                                       |    1|   0|    1|          0|
    |ap_enable_reg_pp0_iter100                                                                      |    1|   0|    1|          0|
    |ap_enable_reg_pp0_iter101                                                                      |    1|   0|    1|          0|
    |ap_enable_reg_pp0_iter102                                                                      |    1|   0|    1|          0|
    |ap_enable_reg_pp0_iter103                                                                      |    1|   0|    1|          0|
    |ap_enable_reg_pp0_iter104                                                                      |    1|   0|    1|          0|
    |ap_enable_reg_pp0_iter105                                                                      |    1|   0|    1|          0|
    |ap_enable_reg_pp0_iter106                                                                      |    1|   0|    1|          0|
    |ap_enable_reg_pp0_iter107                                                                      |    1|   0|    1|          0|
    |ap_enable_reg_pp0_iter108                                                                      |    1|   0|    1|          0|
    |ap_enable_reg_pp0_iter109                                                                      |    1|   0|    1|          0|
    |ap_enable_reg_pp0_iter11                                                                       |    1|   0|    1|          0|
    |ap_enable_reg_pp0_iter110                                                                      |    1|   0|    1|          0|
    |ap_enable_reg_pp0_iter111                                                                      |    1|   0|    1|          0|
    |ap_enable_reg_pp0_iter112                                                                      |    1|   0|    1|          0|
    |ap_enable_reg_pp0_iter113                                                                      |    1|   0|    1|          0|
    |ap_enable_reg_pp0_iter114                                                                      |    1|   0|    1|          0|
    |ap_enable_reg_pp0_iter115                                                                      |    1|   0|    1|          0|
    |ap_enable_reg_pp0_iter12                                                                       |    1|   0|    1|          0|
    |ap_enable_reg_pp0_iter13                                                                       |    1|   0|    1|          0|
    |ap_enable_reg_pp0_iter14                                                                       |    1|   0|    1|          0|
    |ap_enable_reg_pp0_iter15                                                                       |    1|   0|    1|          0|
    |ap_enable_reg_pp0_iter16                                                                       |    1|   0|    1|          0|
    |ap_enable_reg_pp0_iter17                                                                       |    1|   0|    1|          0|
    |ap_enable_reg_pp0_iter18                                                                       |    1|   0|    1|          0|
    |ap_enable_reg_pp0_iter19                                                                       |    1|   0|    1|          0|
    |ap_enable_reg_pp0_iter2                                                                        |    1|   0|    1|          0|
    |ap_enable_reg_pp0_iter20                                                                       |    1|   0|    1|          0|
    |ap_enable_reg_pp0_iter21                                                                       |    1|   0|    1|          0|
    |ap_enable_reg_pp0_iter22                                                                       |    1|   0|    1|          0|
    |ap_enable_reg_pp0_iter23                                                                       |    1|   0|    1|          0|
    |ap_enable_reg_pp0_iter24                                                                       |    1|   0|    1|          0|
    |ap_enable_reg_pp0_iter25                                                                       |    1|   0|    1|          0|
    |ap_enable_reg_pp0_iter26                                                                       |    1|   0|    1|          0|
    |ap_enable_reg_pp0_iter27                                                                       |    1|   0|    1|          0|
    |ap_enable_reg_pp0_iter28                                                                       |    1|   0|    1|          0|
    |ap_enable_reg_pp0_iter29                                                                       |    1|   0|    1|          0|
    |ap_enable_reg_pp0_iter3                                                                        |    1|   0|    1|          0|
    |ap_enable_reg_pp0_iter30                                                                       |    1|   0|    1|          0|
    |ap_enable_reg_pp0_iter31                                                                       |    1|   0|    1|          0|
    |ap_enable_reg_pp0_iter32                                                                       |    1|   0|    1|          0|
    |ap_enable_reg_pp0_iter33                                                                       |    1|   0|    1|          0|
    |ap_enable_reg_pp0_iter34                                                                       |    1|   0|    1|          0|
    |ap_enable_reg_pp0_iter35                                                                       |    1|   0|    1|          0|
    |ap_enable_reg_pp0_iter36                                                                       |    1|   0|    1|          0|
    |ap_enable_reg_pp0_iter37                                                                       |    1|   0|    1|          0|
    |ap_enable_reg_pp0_iter38                                                                       |    1|   0|    1|          0|
    |ap_enable_reg_pp0_iter39                                                                       |    1|   0|    1|          0|
    |ap_enable_reg_pp0_iter4                                                                        |    1|   0|    1|          0|
    |ap_enable_reg_pp0_iter40                                                                       |    1|   0|    1|          0|
    |ap_enable_reg_pp0_iter41                                                                       |    1|   0|    1|          0|
    |ap_enable_reg_pp0_iter42                                                                       |    1|   0|    1|          0|
    |ap_enable_reg_pp0_iter43                                                                       |    1|   0|    1|          0|
    |ap_enable_reg_pp0_iter44                                                                       |    1|   0|    1|          0|
    |ap_enable_reg_pp0_iter45                                                                       |    1|   0|    1|          0|
    |ap_enable_reg_pp0_iter46                                                                       |    1|   0|    1|          0|
    |ap_enable_reg_pp0_iter47                                                                       |    1|   0|    1|          0|
    |ap_enable_reg_pp0_iter48                                                                       |    1|   0|    1|          0|
    |ap_enable_reg_pp0_iter49                                                                       |    1|   0|    1|          0|
    |ap_enable_reg_pp0_iter5                                                                        |    1|   0|    1|          0|
    |ap_enable_reg_pp0_iter50                                                                       |    1|   0|    1|          0|
    |ap_enable_reg_pp0_iter51                                                                       |    1|   0|    1|          0|
    |ap_enable_reg_pp0_iter52                                                                       |    1|   0|    1|          0|
    |ap_enable_reg_pp0_iter53                                                                       |    1|   0|    1|          0|
    |ap_enable_reg_pp0_iter54                                                                       |    1|   0|    1|          0|
    |ap_enable_reg_pp0_iter55                                                                       |    1|   0|    1|          0|
    |ap_enable_reg_pp0_iter56                                                                       |    1|   0|    1|          0|
    |ap_enable_reg_pp0_iter57                                                                       |    1|   0|    1|          0|
    |ap_enable_reg_pp0_iter58                                                                       |    1|   0|    1|          0|
    |ap_enable_reg_pp0_iter59                                                                       |    1|   0|    1|          0|
    |ap_enable_reg_pp0_iter6                                                                        |    1|   0|    1|          0|
    |ap_enable_reg_pp0_iter60                                                                       |    1|   0|    1|          0|
    |ap_enable_reg_pp0_iter61                                                                       |    1|   0|    1|          0|
    |ap_enable_reg_pp0_iter62                                                                       |    1|   0|    1|          0|
    |ap_enable_reg_pp0_iter63                                                                       |    1|   0|    1|          0|
    |ap_enable_reg_pp0_iter64                                                                       |    1|   0|    1|          0|
    |ap_enable_reg_pp0_iter65                                                                       |    1|   0|    1|          0|
    |ap_enable_reg_pp0_iter66                                                                       |    1|   0|    1|          0|
    |ap_enable_reg_pp0_iter67                                                                       |    1|   0|    1|          0|
    |ap_enable_reg_pp0_iter68                                                                       |    1|   0|    1|          0|
    |ap_enable_reg_pp0_iter69                                                                       |    1|   0|    1|          0|
    |ap_enable_reg_pp0_iter7                                                                        |    1|   0|    1|          0|
    |ap_enable_reg_pp0_iter70                                                                       |    1|   0|    1|          0|
    |ap_enable_reg_pp0_iter71                                                                       |    1|   0|    1|          0|
    |ap_enable_reg_pp0_iter72                                                                       |    1|   0|    1|          0|
    |ap_enable_reg_pp0_iter73                                                                       |    1|   0|    1|          0|
    |ap_enable_reg_pp0_iter74                                                                       |    1|   0|    1|          0|
    |ap_enable_reg_pp0_iter75                                                                       |    1|   0|    1|          0|
    |ap_enable_reg_pp0_iter76                                                                       |    1|   0|    1|          0|
    |ap_enable_reg_pp0_iter77                                                                       |    1|   0|    1|          0|
    |ap_enable_reg_pp0_iter78                                                                       |    1|   0|    1|          0|
    |ap_enable_reg_pp0_iter79                                                                       |    1|   0|    1|          0|
    |ap_enable_reg_pp0_iter8                                                                        |    1|   0|    1|          0|
    |ap_enable_reg_pp0_iter80                                                                       |    1|   0|    1|          0|
    |ap_enable_reg_pp0_iter81                                                                       |    1|   0|    1|          0|
    |ap_enable_reg_pp0_iter82                                                                       |    1|   0|    1|          0|
    |ap_enable_reg_pp0_iter83                                                                       |    1|   0|    1|          0|
    |ap_enable_reg_pp0_iter84                                                                       |    1|   0|    1|          0|
    |ap_enable_reg_pp0_iter85                                                                       |    1|   0|    1|          0|
    |ap_enable_reg_pp0_iter86                                                                       |    1|   0|    1|          0|
    |ap_enable_reg_pp0_iter87                                                                       |    1|   0|    1|          0|
    |ap_enable_reg_pp0_iter88                                                                       |    1|   0|    1|          0|
    |ap_enable_reg_pp0_iter89                                                                       |    1|   0|    1|          0|
    |ap_enable_reg_pp0_iter9                                                                        |    1|   0|    1|          0|
    |ap_enable_reg_pp0_iter90                                                                       |    1|   0|    1|          0|
    |ap_enable_reg_pp0_iter91                                                                       |    1|   0|    1|          0|
    |ap_enable_reg_pp0_iter92                                                                       |    1|   0|    1|          0|
    |ap_enable_reg_pp0_iter93                                                                       |    1|   0|    1|          0|
    |ap_enable_reg_pp0_iter94                                                                       |    1|   0|    1|          0|
    |ap_enable_reg_pp0_iter95                                                                       |    1|   0|    1|          0|
    |ap_enable_reg_pp0_iter96                                                                       |    1|   0|    1|          0|
    |ap_enable_reg_pp0_iter97                                                                       |    1|   0|    1|          0|
    |ap_enable_reg_pp0_iter98                                                                       |    1|   0|    1|          0|
    |ap_enable_reg_pp0_iter99                                                                       |    1|   0|    1|          0|
    |ap_loop_exit_ready_pp0_iter100_reg                                                             |    1|   0|    1|          0|
    |ap_loop_exit_ready_pp0_iter101_reg                                                             |    1|   0|    1|          0|
    |ap_loop_exit_ready_pp0_iter102_reg                                                             |    1|   0|    1|          0|
    |ap_loop_exit_ready_pp0_iter103_reg                                                             |    1|   0|    1|          0|
    |ap_loop_exit_ready_pp0_iter104_reg                                                             |    1|   0|    1|          0|
    |ap_loop_exit_ready_pp0_iter105_reg                                                             |    1|   0|    1|          0|
    |ap_loop_exit_ready_pp0_iter106_reg                                                             |    1|   0|    1|          0|
    |ap_loop_exit_ready_pp0_iter107_reg                                                             |    1|   0|    1|          0|
    |ap_loop_exit_ready_pp0_iter108_reg                                                             |    1|   0|    1|          0|
    |ap_loop_exit_ready_pp0_iter109_reg                                                             |    1|   0|    1|          0|
    |ap_loop_exit_ready_pp0_iter10_reg                                                              |    1|   0|    1|          0|
    |ap_loop_exit_ready_pp0_iter110_reg                                                             |    1|   0|    1|          0|
    |ap_loop_exit_ready_pp0_iter111_reg                                                             |    1|   0|    1|          0|
    |ap_loop_exit_ready_pp0_iter112_reg                                                             |    1|   0|    1|          0|
    |ap_loop_exit_ready_pp0_iter113_reg                                                             |    1|   0|    1|          0|
    |ap_loop_exit_ready_pp0_iter114_reg                                                             |    1|   0|    1|          0|
    |ap_loop_exit_ready_pp0_iter11_reg                                                              |    1|   0|    1|          0|
    |ap_loop_exit_ready_pp0_iter12_reg                                                              |    1|   0|    1|          0|
    |ap_loop_exit_ready_pp0_iter13_reg                                                              |    1|   0|    1|          0|
    |ap_loop_exit_ready_pp0_iter14_reg                                                              |    1|   0|    1|          0|
    |ap_loop_exit_ready_pp0_iter15_reg                                                              |    1|   0|    1|          0|
    |ap_loop_exit_ready_pp0_iter16_reg                                                              |    1|   0|    1|          0|
    |ap_loop_exit_ready_pp0_iter17_reg                                                              |    1|   0|    1|          0|
    |ap_loop_exit_ready_pp0_iter18_reg                                                              |    1|   0|    1|          0|
    |ap_loop_exit_ready_pp0_iter19_reg                                                              |    1|   0|    1|          0|
    |ap_loop_exit_ready_pp0_iter1_reg                                                               |    1|   0|    1|          0|
    |ap_loop_exit_ready_pp0_iter20_reg                                                              |    1|   0|    1|          0|
    |ap_loop_exit_ready_pp0_iter21_reg                                                              |    1|   0|    1|          0|
    |ap_loop_exit_ready_pp0_iter22_reg                                                              |    1|   0|    1|          0|
    |ap_loop_exit_ready_pp0_iter23_reg                                                              |    1|   0|    1|          0|
    |ap_loop_exit_ready_pp0_iter24_reg                                                              |    1|   0|    1|          0|
    |ap_loop_exit_ready_pp0_iter25_reg                                                              |    1|   0|    1|          0|
    |ap_loop_exit_ready_pp0_iter26_reg                                                              |    1|   0|    1|          0|
    |ap_loop_exit_ready_pp0_iter27_reg                                                              |    1|   0|    1|          0|
    |ap_loop_exit_ready_pp0_iter28_reg                                                              |    1|   0|    1|          0|
    |ap_loop_exit_ready_pp0_iter29_reg                                                              |    1|   0|    1|          0|
    |ap_loop_exit_ready_pp0_iter2_reg                                                               |    1|   0|    1|          0|
    |ap_loop_exit_ready_pp0_iter30_reg                                                              |    1|   0|    1|          0|
    |ap_loop_exit_ready_pp0_iter31_reg                                                              |    1|   0|    1|          0|
    |ap_loop_exit_ready_pp0_iter32_reg                                                              |    1|   0|    1|          0|
    |ap_loop_exit_ready_pp0_iter33_reg                                                              |    1|   0|    1|          0|
    |ap_loop_exit_ready_pp0_iter34_reg                                                              |    1|   0|    1|          0|
    |ap_loop_exit_ready_pp0_iter35_reg                                                              |    1|   0|    1|          0|
    |ap_loop_exit_ready_pp0_iter36_reg                                                              |    1|   0|    1|          0|
    |ap_loop_exit_ready_pp0_iter37_reg                                                              |    1|   0|    1|          0|
    |ap_loop_exit_ready_pp0_iter38_reg                                                              |    1|   0|    1|          0|
    |ap_loop_exit_ready_pp0_iter39_reg                                                              |    1|   0|    1|          0|
    |ap_loop_exit_ready_pp0_iter3_reg                                                               |    1|   0|    1|          0|
    |ap_loop_exit_ready_pp0_iter40_reg                                                              |    1|   0|    1|          0|
    |ap_loop_exit_ready_pp0_iter41_reg                                                              |    1|   0|    1|          0|
    |ap_loop_exit_ready_pp0_iter42_reg                                                              |    1|   0|    1|          0|
    |ap_loop_exit_ready_pp0_iter43_reg                                                              |    1|   0|    1|          0|
    |ap_loop_exit_ready_pp0_iter44_reg                                                              |    1|   0|    1|          0|
    |ap_loop_exit_ready_pp0_iter45_reg                                                              |    1|   0|    1|          0|
    |ap_loop_exit_ready_pp0_iter46_reg                                                              |    1|   0|    1|          0|
    |ap_loop_exit_ready_pp0_iter47_reg                                                              |    1|   0|    1|          0|
    |ap_loop_exit_ready_pp0_iter48_reg                                                              |    1|   0|    1|          0|
    |ap_loop_exit_ready_pp0_iter49_reg                                                              |    1|   0|    1|          0|
    |ap_loop_exit_ready_pp0_iter4_reg                                                               |    1|   0|    1|          0|
    |ap_loop_exit_ready_pp0_iter50_reg                                                              |    1|   0|    1|          0|
    |ap_loop_exit_ready_pp0_iter51_reg                                                              |    1|   0|    1|          0|
    |ap_loop_exit_ready_pp0_iter52_reg                                                              |    1|   0|    1|          0|
    |ap_loop_exit_ready_pp0_iter53_reg                                                              |    1|   0|    1|          0|
    |ap_loop_exit_ready_pp0_iter54_reg                                                              |    1|   0|    1|          0|
    |ap_loop_exit_ready_pp0_iter55_reg                                                              |    1|   0|    1|          0|
    |ap_loop_exit_ready_pp0_iter56_reg                                                              |    1|   0|    1|          0|
    |ap_loop_exit_ready_pp0_iter57_reg                                                              |    1|   0|    1|          0|
    |ap_loop_exit_ready_pp0_iter58_reg                                                              |    1|   0|    1|          0|
    |ap_loop_exit_ready_pp0_iter59_reg                                                              |    1|   0|    1|          0|
    |ap_loop_exit_ready_pp0_iter5_reg                                                               |    1|   0|    1|          0|
    |ap_loop_exit_ready_pp0_iter60_reg                                                              |    1|   0|    1|          0|
    |ap_loop_exit_ready_pp0_iter61_reg                                                              |    1|   0|    1|          0|
    |ap_loop_exit_ready_pp0_iter62_reg                                                              |    1|   0|    1|          0|
    |ap_loop_exit_ready_pp0_iter63_reg                                                              |    1|   0|    1|          0|
    |ap_loop_exit_ready_pp0_iter64_reg                                                              |    1|   0|    1|          0|
    |ap_loop_exit_ready_pp0_iter65_reg                                                              |    1|   0|    1|          0|
    |ap_loop_exit_ready_pp0_iter66_reg                                                              |    1|   0|    1|          0|
    |ap_loop_exit_ready_pp0_iter67_reg                                                              |    1|   0|    1|          0|
    |ap_loop_exit_ready_pp0_iter68_reg                                                              |    1|   0|    1|          0|
    |ap_loop_exit_ready_pp0_iter69_reg                                                              |    1|   0|    1|          0|
    |ap_loop_exit_ready_pp0_iter6_reg                                                               |    1|   0|    1|          0|
    |ap_loop_exit_ready_pp0_iter70_reg                                                              |    1|   0|    1|          0|
    |ap_loop_exit_ready_pp0_iter71_reg                                                              |    1|   0|    1|          0|
    |ap_loop_exit_ready_pp0_iter72_reg                                                              |    1|   0|    1|          0|
    |ap_loop_exit_ready_pp0_iter73_reg                                                              |    1|   0|    1|          0|
    |ap_loop_exit_ready_pp0_iter74_reg                                                              |    1|   0|    1|          0|
    |ap_loop_exit_ready_pp0_iter75_reg                                                              |    1|   0|    1|          0|
    |ap_loop_exit_ready_pp0_iter76_reg                                                              |    1|   0|    1|          0|
    |ap_loop_exit_ready_pp0_iter77_reg                                                              |    1|   0|    1|          0|
    |ap_loop_exit_ready_pp0_iter78_reg                                                              |    1|   0|    1|          0|
    |ap_loop_exit_ready_pp0_iter79_reg                                                              |    1|   0|    1|          0|
    |ap_loop_exit_ready_pp0_iter7_reg                                                               |    1|   0|    1|          0|
    |ap_loop_exit_ready_pp0_iter80_reg                                                              |    1|   0|    1|          0|
    |ap_loop_exit_ready_pp0_iter81_reg                                                              |    1|   0|    1|          0|
    |ap_loop_exit_ready_pp0_iter82_reg                                                              |    1|   0|    1|          0|
    |ap_loop_exit_ready_pp0_iter83_reg                                                              |    1|   0|    1|          0|
    |ap_loop_exit_ready_pp0_iter84_reg                                                              |    1|   0|    1|          0|
    |ap_loop_exit_ready_pp0_iter85_reg                                                              |    1|   0|    1|          0|
    |ap_loop_exit_ready_pp0_iter86_reg                                                              |    1|   0|    1|          0|
    |ap_loop_exit_ready_pp0_iter87_reg                                                              |    1|   0|    1|          0|
    |ap_loop_exit_ready_pp0_iter88_reg                                                              |    1|   0|    1|          0|
    |ap_loop_exit_ready_pp0_iter89_reg                                                              |    1|   0|    1|          0|
    |ap_loop_exit_ready_pp0_iter8_reg                                                               |    1|   0|    1|          0|
    |ap_loop_exit_ready_pp0_iter90_reg                                                              |    1|   0|    1|          0|
    |ap_loop_exit_ready_pp0_iter91_reg                                                              |    1|   0|    1|          0|
    |ap_loop_exit_ready_pp0_iter92_reg                                                              |    1|   0|    1|          0|
    |ap_loop_exit_ready_pp0_iter93_reg                                                              |    1|   0|    1|          0|
    |ap_loop_exit_ready_pp0_iter94_reg                                                              |    1|   0|    1|          0|
    |ap_loop_exit_ready_pp0_iter95_reg                                                              |    1|   0|    1|          0|
    |ap_loop_exit_ready_pp0_iter96_reg                                                              |    1|   0|    1|          0|
    |ap_loop_exit_ready_pp0_iter97_reg                                                              |    1|   0|    1|          0|
    |ap_loop_exit_ready_pp0_iter98_reg                                                              |    1|   0|    1|          0|
    |ap_loop_exit_ready_pp0_iter99_reg                                                              |    1|   0|    1|          0|
    |ap_loop_exit_ready_pp0_iter9_reg                                                               |    1|   0|    1|          0|
    |ci_w_fu_452                                                                                    |   32|   0|   32|          0|
    |dot_100_reg_7817                                                                               |   16|   0|   16|          0|
    |dot_101_reg_7857                                                                               |   16|   0|   16|          0|
    |dot_102_reg_7897                                                                               |   16|   0|   16|          0|
    |dot_103_reg_7937                                                                               |   16|   0|   16|          0|
    |dot_104_reg_7977                                                                               |   16|   0|   16|          0|
    |dot_105_reg_8017                                                                               |   16|   0|   16|          0|
    |dot_106_reg_8057                                                                               |   16|   0|   16|          0|
    |dot_107_reg_8097                                                                               |   16|   0|   16|          0|
    |dot_108_reg_8137                                                                               |   16|   0|   16|          0|
    |dot_109_reg_8177                                                                               |   16|   0|   16|          0|
    |dot_10_reg_7987                                                                                |   16|   0|   16|          0|
    |dot_110_reg_8223                                                                               |   16|   0|   16|          0|
    |dot_111_reg_7622                                                                               |   16|   0|   16|          0|
    |dot_112_reg_7662                                                                               |   16|   0|   16|          0|
    |dot_113_reg_7702                                                                               |   16|   0|   16|          0|
    |dot_114_reg_7742                                                                               |   16|   0|   16|          0|
    |dot_115_reg_7782                                                                               |   16|   0|   16|          0|
    |dot_116_reg_7822                                                                               |   16|   0|   16|          0|
    |dot_117_reg_7862                                                                               |   16|   0|   16|          0|
    |dot_118_reg_7902                                                                               |   16|   0|   16|          0|
    |dot_119_reg_7942                                                                               |   16|   0|   16|          0|
    |dot_11_reg_8027                                                                                |   16|   0|   16|          0|
    |dot_120_reg_7982                                                                               |   16|   0|   16|          0|
    |dot_121_reg_8022                                                                               |   16|   0|   16|          0|
    |dot_122_reg_8062                                                                               |   16|   0|   16|          0|
    |dot_123_reg_8102                                                                               |   16|   0|   16|          0|
    |dot_124_reg_8142                                                                               |   16|   0|   16|          0|
    |dot_125_reg_8182                                                                               |   16|   0|   16|          0|
    |dot_126_reg_8229                                                                               |   16|   0|   16|          0|
    |dot_127_reg_7592                                                                               |   16|   0|   16|          0|
    |dot_12_reg_8067                                                                                |   16|   0|   16|          0|
    |dot_13_reg_8107                                                                                |   16|   0|   16|          0|
    |dot_14_reg_8147                                                                                |   16|   0|   16|          0|
    |dot_15_reg_8187                                                                                |   16|   0|   16|          0|
    |dot_16_reg_7632                                                                                |   16|   0|   16|          0|
    |dot_17_reg_7672                                                                                |   16|   0|   16|          0|
    |dot_18_reg_7712                                                                                |   16|   0|   16|          0|
    |dot_19_reg_7752                                                                                |   16|   0|   16|          0|
    |dot_1_reg_7627                                                                                 |   16|   0|   16|          0|
    |dot_20_reg_7792                                                                                |   16|   0|   16|          0|
    |dot_21_reg_7832                                                                                |   16|   0|   16|          0|
    |dot_22_reg_7872                                                                                |   16|   0|   16|          0|
    |dot_23_reg_7912                                                                                |   16|   0|   16|          0|
    |dot_24_reg_7952                                                                                |   16|   0|   16|          0|
    |dot_25_reg_7992                                                                                |   16|   0|   16|          0|
    |dot_26_reg_8032                                                                                |   16|   0|   16|          0|
    |dot_27_reg_8072                                                                                |   16|   0|   16|          0|
    |dot_28_reg_8112                                                                                |   16|   0|   16|          0|
    |dot_29_reg_8152                                                                                |   16|   0|   16|          0|
    |dot_2_reg_7667                                                                                 |   16|   0|   16|          0|
    |dot_30_reg_8193                                                                                |   16|   0|   16|          0|
    |dot_31_reg_7597                                                                                |   16|   0|   16|          0|
    |dot_32_reg_7637                                                                                |   16|   0|   16|          0|
    |dot_33_reg_7677                                                                                |   16|   0|   16|          0|
    |dot_34_reg_7717                                                                                |   16|   0|   16|          0|
    |dot_35_reg_7757                                                                                |   16|   0|   16|          0|
    |dot_36_reg_7797                                                                                |   16|   0|   16|          0|
    |dot_37_reg_7837                                                                                |   16|   0|   16|          0|
    |dot_38_reg_7877                                                                                |   16|   0|   16|          0|
    |dot_39_reg_7917                                                                                |   16|   0|   16|          0|
    |dot_3_reg_7707                                                                                 |   16|   0|   16|          0|
    |dot_40_reg_7957                                                                                |   16|   0|   16|          0|
    |dot_41_reg_7997                                                                                |   16|   0|   16|          0|
    |dot_42_reg_8037                                                                                |   16|   0|   16|          0|
    |dot_43_reg_8077                                                                                |   16|   0|   16|          0|
    |dot_44_reg_8117                                                                                |   16|   0|   16|          0|
    |dot_45_reg_8157                                                                                |   16|   0|   16|          0|
    |dot_46_reg_8199                                                                                |   16|   0|   16|          0|
    |dot_47_reg_7602                                                                                |   16|   0|   16|          0|
    |dot_48_reg_7642                                                                                |   16|   0|   16|          0|
    |dot_49_reg_7682                                                                                |   16|   0|   16|          0|
    |dot_4_reg_7747                                                                                 |   16|   0|   16|          0|
    |dot_50_reg_7722                                                                                |   16|   0|   16|          0|
    |dot_51_reg_7762                                                                                |   16|   0|   16|          0|
    |dot_52_reg_7802                                                                                |   16|   0|   16|          0|
    |dot_53_reg_7842                                                                                |   16|   0|   16|          0|
    |dot_54_reg_7882                                                                                |   16|   0|   16|          0|
    |dot_55_reg_7922                                                                                |   16|   0|   16|          0|
    |dot_56_reg_7962                                                                                |   16|   0|   16|          0|
    |dot_57_reg_8002                                                                                |   16|   0|   16|          0|
    |dot_58_reg_8042                                                                                |   16|   0|   16|          0|
    |dot_59_reg_8082                                                                                |   16|   0|   16|          0|
    |dot_5_reg_7787                                                                                 |   16|   0|   16|          0|
    |dot_60_reg_8122                                                                                |   16|   0|   16|          0|
    |dot_61_reg_8162                                                                                |   16|   0|   16|          0|
    |dot_62_reg_8205                                                                                |   16|   0|   16|          0|
    |dot_63_reg_7607                                                                                |   16|   0|   16|          0|
    |dot_64_reg_7647                                                                                |   16|   0|   16|          0|
    |dot_65_reg_7687                                                                                |   16|   0|   16|          0|
    |dot_66_reg_7727                                                                                |   16|   0|   16|          0|
    |dot_67_reg_7767                                                                                |   16|   0|   16|          0|
    |dot_68_reg_7807                                                                                |   16|   0|   16|          0|
    |dot_69_reg_7847                                                                                |   16|   0|   16|          0|
    |dot_6_reg_7827                                                                                 |   16|   0|   16|          0|
    |dot_70_reg_7887                                                                                |   16|   0|   16|          0|
    |dot_71_reg_7927                                                                                |   16|   0|   16|          0|
    |dot_72_reg_7967                                                                                |   16|   0|   16|          0|
    |dot_73_reg_8007                                                                                |   16|   0|   16|          0|
    |dot_74_reg_8047                                                                                |   16|   0|   16|          0|
    |dot_75_reg_8087                                                                                |   16|   0|   16|          0|
    |dot_76_reg_8127                                                                                |   16|   0|   16|          0|
    |dot_77_reg_8167                                                                                |   16|   0|   16|          0|
    |dot_78_reg_8211                                                                                |   16|   0|   16|          0|
    |dot_79_reg_7612                                                                                |   16|   0|   16|          0|
    |dot_7_reg_7867                                                                                 |   16|   0|   16|          0|
    |dot_80_reg_7652                                                                                |   16|   0|   16|          0|
    |dot_81_reg_7692                                                                                |   16|   0|   16|          0|
    |dot_82_reg_7732                                                                                |   16|   0|   16|          0|
    |dot_83_reg_7772                                                                                |   16|   0|   16|          0|
    |dot_84_reg_7812                                                                                |   16|   0|   16|          0|
    |dot_85_reg_7852                                                                                |   16|   0|   16|          0|
    |dot_86_reg_7892                                                                                |   16|   0|   16|          0|
    |dot_87_reg_7932                                                                                |   16|   0|   16|          0|
    |dot_88_reg_7972                                                                                |   16|   0|   16|          0|
    |dot_89_reg_8012                                                                                |   16|   0|   16|          0|
    |dot_8_reg_7907                                                                                 |   16|   0|   16|          0|
    |dot_90_reg_8052                                                                                |   16|   0|   16|          0|
    |dot_91_reg_8092                                                                                |   16|   0|   16|          0|
    |dot_92_reg_8132                                                                                |   16|   0|   16|          0|
    |dot_93_reg_8172                                                                                |   16|   0|   16|          0|
    |dot_94_reg_8217                                                                                |   16|   0|   16|          0|
    |dot_95_reg_7617                                                                                |   16|   0|   16|          0|
    |dot_96_reg_7657                                                                                |   16|   0|   16|          0|
    |dot_97_reg_7697                                                                                |   16|   0|   16|          0|
    |dot_98_reg_7737                                                                                |   16|   0|   16|          0|
    |dot_99_reg_7777                                                                                |   16|   0|   16|          0|
    |dot_9_reg_7947                                                                                 |   16|   0|   16|          0|
    |dot_reg_7587                                                                                   |   16|   0|   16|          0|
    |icmp157_reg_5334                                                                               |    1|   0|    1|          0|
    |icmp_ln108_reg_5300                                                                            |    1|   0|    1|          0|
    |icmp_ln132_reg_5346                                                                            |    1|   0|    1|          0|
    |icmp_ln134_reg_8320                                                                            |    1|   0|    1|          0|
    |indvar_flatten_fu_464                                                                          |   12|   0|   12|          0|
    |kw_fu_460                                                                                      |    2|   0|    2|          0|
    |m_fu_456                                                                                       |   10|   0|   10|          0|
    |mul13_cast_reg_5062                                                                            |    3|   0|    4|          1|
    |p_ZZ16UpConv_Fused_RowILi8ELi16ELi16ELi960ELi480EEvP7ap_uintILi256EEPKS1_S4_S4_S4_12_reg_8569  |   10|   0|   10|          0|
    |p_ZZ16UpConv_Fused_RowILi8ELi16ELi16ELi960ELi480EEvP7ap_uintILi256EEPKS1_S4_S4_S4_13_reg_8575  |   10|   0|   10|          0|
    |p_ZZ16UpConv_Fused_RowILi8ELi16ELi16ELi960ELi480EEvP7ap_uintILi256EEPKS1_S4_S4_S4_14_reg_8581  |   10|   0|   10|          0|
    |p_ZZ16UpConv_Fused_RowILi8ELi16ELi16ELi960ELi480EEvP7ap_uintILi256EEPKS1_S4_S4_S4_15_reg_8587  |   10|   0|   10|          0|
    |p_ZZ16UpConv_Fused_RowILi8ELi16ELi16ELi960ELi480EEvP7ap_uintILi256EEPKS1_S4_S4_S4_16_reg_8593  |   10|   0|   10|          0|
    |p_ZZ16UpConv_Fused_RowILi8ELi16ELi16ELi960ELi480EEvP7ap_uintILi256EEPKS1_S4_S4_S4_17_reg_8599  |   10|   0|   10|          0|
    |prod_100_reg_7452                                                                              |   16|   0|   16|          0|
    |prod_101_reg_7457                                                                              |   16|   0|   16|          0|
    |prod_102_reg_7462                                                                              |   16|   0|   16|          0|
    |prod_103_reg_7467                                                                              |   16|   0|   16|          0|
    |prod_104_reg_7472                                                                              |   16|   0|   16|          0|
    |prod_105_reg_7477                                                                              |   16|   0|   16|          0|
    |prod_106_reg_7482                                                                              |   16|   0|   16|          0|
    |prod_107_reg_7487                                                                              |   16|   0|   16|          0|
    |prod_108_reg_7492                                                                              |   16|   0|   16|          0|
    |prod_109_reg_7497                                                                              |   16|   0|   16|          0|
    |prod_10_reg_6997                                                                               |   16|   0|   16|          0|
    |prod_110_reg_7502                                                                              |   16|   0|   16|          0|
    |prod_111_reg_7507                                                                              |   16|   0|   16|          0|
    |prod_112_reg_7512                                                                              |   16|   0|   16|          0|
    |prod_113_reg_7517                                                                              |   16|   0|   16|          0|
    |prod_114_reg_7522                                                                              |   16|   0|   16|          0|
    |prod_115_reg_7527                                                                              |   16|   0|   16|          0|
    |prod_116_reg_7532                                                                              |   16|   0|   16|          0|
    |prod_117_reg_7537                                                                              |   16|   0|   16|          0|
    |prod_118_reg_7542                                                                              |   16|   0|   16|          0|
    |prod_119_reg_7547                                                                              |   16|   0|   16|          0|
    |prod_11_reg_7002                                                                               |   16|   0|   16|          0|
    |prod_120_reg_7552                                                                              |   16|   0|   16|          0|
    |prod_121_reg_7557                                                                              |   16|   0|   16|          0|
    |prod_122_reg_7562                                                                              |   16|   0|   16|          0|
    |prod_123_reg_7567                                                                              |   16|   0|   16|          0|
    |prod_124_reg_7572                                                                              |   16|   0|   16|          0|
    |prod_125_reg_7577                                                                              |   16|   0|   16|          0|
    |prod_126_reg_7582                                                                              |   16|   0|   16|          0|
    |prod_127_reg_7027                                                                              |   16|   0|   16|          0|
    |prod_12_reg_7007                                                                               |   16|   0|   16|          0|
    |prod_13_reg_7012                                                                               |   16|   0|   16|          0|
    |prod_14_reg_7017                                                                               |   16|   0|   16|          0|
    |prod_15_reg_7022                                                                               |   16|   0|   16|          0|
    |prod_16_reg_7032                                                                               |   16|   0|   16|          0|
    |prod_17_reg_7037                                                                               |   16|   0|   16|          0|
    |prod_18_reg_7042                                                                               |   16|   0|   16|          0|
    |prod_19_reg_7047                                                                               |   16|   0|   16|          0|
    |prod_1_reg_6952                                                                                |   16|   0|   16|          0|
    |prod_20_reg_7052                                                                               |   16|   0|   16|          0|
    |prod_21_reg_7057                                                                               |   16|   0|   16|          0|
    |prod_22_reg_7062                                                                               |   16|   0|   16|          0|
    |prod_23_reg_7067                                                                               |   16|   0|   16|          0|
    |prod_24_reg_7072                                                                               |   16|   0|   16|          0|
    |prod_25_reg_7077                                                                               |   16|   0|   16|          0|
    |prod_26_reg_7082                                                                               |   16|   0|   16|          0|
    |prod_27_reg_7087                                                                               |   16|   0|   16|          0|
    |prod_28_reg_7092                                                                               |   16|   0|   16|          0|
    |prod_29_reg_7097                                                                               |   16|   0|   16|          0|
    |prod_2_reg_6957                                                                                |   16|   0|   16|          0|
    |prod_30_reg_7102                                                                               |   16|   0|   16|          0|
    |prod_31_reg_7107                                                                               |   16|   0|   16|          0|
    |prod_32_reg_7112                                                                               |   16|   0|   16|          0|
    |prod_33_reg_7117                                                                               |   16|   0|   16|          0|
    |prod_34_reg_7122                                                                               |   16|   0|   16|          0|
    |prod_35_reg_7127                                                                               |   16|   0|   16|          0|
    |prod_36_reg_7132                                                                               |   16|   0|   16|          0|
    |prod_37_reg_7137                                                                               |   16|   0|   16|          0|
    |prod_38_reg_7142                                                                               |   16|   0|   16|          0|
    |prod_39_reg_7147                                                                               |   16|   0|   16|          0|
    |prod_3_reg_6962                                                                                |   16|   0|   16|          0|
    |prod_40_reg_7152                                                                               |   16|   0|   16|          0|
    |prod_41_reg_7157                                                                               |   16|   0|   16|          0|
    |prod_42_reg_7162                                                                               |   16|   0|   16|          0|
    |prod_43_reg_7167                                                                               |   16|   0|   16|          0|
    |prod_44_reg_7172                                                                               |   16|   0|   16|          0|
    |prod_45_reg_7177                                                                               |   16|   0|   16|          0|
    |prod_46_reg_7182                                                                               |   16|   0|   16|          0|
    |prod_47_reg_7187                                                                               |   16|   0|   16|          0|
    |prod_48_reg_7192                                                                               |   16|   0|   16|          0|
    |prod_49_reg_7197                                                                               |   16|   0|   16|          0|
    |prod_4_reg_6967                                                                                |   16|   0|   16|          0|
    |prod_50_reg_7202                                                                               |   16|   0|   16|          0|
    |prod_51_reg_7207                                                                               |   16|   0|   16|          0|
    |prod_52_reg_7212                                                                               |   16|   0|   16|          0|
    |prod_53_reg_7217                                                                               |   16|   0|   16|          0|
    |prod_54_reg_7222                                                                               |   16|   0|   16|          0|
    |prod_55_reg_7227                                                                               |   16|   0|   16|          0|
    |prod_56_reg_7232                                                                               |   16|   0|   16|          0|
    |prod_57_reg_7237                                                                               |   16|   0|   16|          0|
    |prod_58_reg_7242                                                                               |   16|   0|   16|          0|
    |prod_59_reg_7247                                                                               |   16|   0|   16|          0|
    |prod_5_reg_6972                                                                                |   16|   0|   16|          0|
    |prod_60_reg_7252                                                                               |   16|   0|   16|          0|
    |prod_61_reg_7257                                                                               |   16|   0|   16|          0|
    |prod_62_reg_7262                                                                               |   16|   0|   16|          0|
    |prod_63_reg_7267                                                                               |   16|   0|   16|          0|
    |prod_64_reg_7272                                                                               |   16|   0|   16|          0|
    |prod_65_reg_7277                                                                               |   16|   0|   16|          0|
    |prod_66_reg_7282                                                                               |   16|   0|   16|          0|
    |prod_67_reg_7287                                                                               |   16|   0|   16|          0|
    |prod_68_reg_7292                                                                               |   16|   0|   16|          0|
    |prod_69_reg_7297                                                                               |   16|   0|   16|          0|
    |prod_6_reg_6977                                                                                |   16|   0|   16|          0|
    |prod_70_reg_7302                                                                               |   16|   0|   16|          0|
    |prod_71_reg_7307                                                                               |   16|   0|   16|          0|
    |prod_72_reg_7312                                                                               |   16|   0|   16|          0|
    |prod_73_reg_7317                                                                               |   16|   0|   16|          0|
    |prod_74_reg_7322                                                                               |   16|   0|   16|          0|
    |prod_75_reg_7327                                                                               |   16|   0|   16|          0|
    |prod_76_reg_7332                                                                               |   16|   0|   16|          0|
    |prod_77_reg_7337                                                                               |   16|   0|   16|          0|
    |prod_78_reg_7342                                                                               |   16|   0|   16|          0|
    |prod_79_reg_7347                                                                               |   16|   0|   16|          0|
    |prod_7_reg_6982                                                                                |   16|   0|   16|          0|
    |prod_80_reg_7352                                                                               |   16|   0|   16|          0|
    |prod_81_reg_7357                                                                               |   16|   0|   16|          0|
    |prod_82_reg_7362                                                                               |   16|   0|   16|          0|
    |prod_83_reg_7367                                                                               |   16|   0|   16|          0|
    |prod_84_reg_7372                                                                               |   16|   0|   16|          0|
    |prod_85_reg_7377                                                                               |   16|   0|   16|          0|
    |prod_86_reg_7382                                                                               |   16|   0|   16|          0|
    |prod_87_reg_7387                                                                               |   16|   0|   16|          0|
    |prod_88_reg_7392                                                                               |   16|   0|   16|          0|
    |prod_89_reg_7397                                                                               |   16|   0|   16|          0|
    |prod_8_reg_6987                                                                                |   16|   0|   16|          0|
    |prod_90_reg_7402                                                                               |   16|   0|   16|          0|
    |prod_91_reg_7407                                                                               |   16|   0|   16|          0|
    |prod_92_reg_7412                                                                               |   16|   0|   16|          0|
    |prod_93_reg_7417                                                                               |   16|   0|   16|          0|
    |prod_94_reg_7422                                                                               |   16|   0|   16|          0|
    |prod_95_reg_7427                                                                               |   16|   0|   16|          0|
    |prod_96_reg_7432                                                                               |   16|   0|   16|          0|
    |prod_97_reg_7437                                                                               |   16|   0|   16|          0|
    |prod_98_reg_7442                                                                               |   16|   0|   16|          0|
    |prod_99_reg_7447                                                                               |   16|   0|   16|          0|
    |prod_9_reg_6992                                                                                |   16|   0|   16|          0|
    |prod_reg_6947                                                                                  |   16|   0|   16|          0|
    |psum_10_fu_552                                                                                 |   16|   0|   16|          0|
    |psum_11_fu_548                                                                                 |   16|   0|   16|          0|
    |psum_12_fu_544                                                                                 |   16|   0|   16|          0|
    |psum_13_fu_540                                                                                 |   16|   0|   16|          0|
    |psum_14_fu_536                                                                                 |   16|   0|   16|          0|
    |psum_15_fu_532                                                                                 |   16|   0|   16|          0|
    |psum_16_fu_528                                                                                 |   16|   0|   16|          0|
    |psum_17_fu_524                                                                                 |   16|   0|   16|          0|
    |psum_18_fu_520                                                                                 |   16|   0|   16|          0|
    |psum_19_fu_516                                                                                 |   16|   0|   16|          0|
    |psum_1_fu_588                                                                                  |   16|   0|   16|          0|
    |psum_20_fu_512                                                                                 |   16|   0|   16|          0|
    |psum_21_fu_508                                                                                 |   16|   0|   16|          0|
    |psum_22_fu_504                                                                                 |   16|   0|   16|          0|
    |psum_23_fu_500                                                                                 |   16|   0|   16|          0|
    |psum_24_fu_496                                                                                 |   16|   0|   16|          0|
    |psum_25_fu_492                                                                                 |   16|   0|   16|          0|
    |psum_26_fu_488                                                                                 |   16|   0|   16|          0|
    |psum_27_fu_484                                                                                 |   16|   0|   16|          0|
    |psum_28_fu_480                                                                                 |   16|   0|   16|          0|
    |psum_29_fu_476                                                                                 |   16|   0|   16|          0|
    |psum_2_fu_584                                                                                  |   16|   0|   16|          0|
    |psum_30_fu_472                                                                                 |   16|   0|   16|          0|
    |psum_31_fu_468                                                                                 |   16|   0|   16|          0|
    |psum_3_fu_580                                                                                  |   16|   0|   16|          0|
    |psum_4_fu_576                                                                                  |   16|   0|   16|          0|
    |psum_5_fu_572                                                                                  |   16|   0|   16|          0|
    |psum_6_fu_568                                                                                  |   16|   0|   16|          0|
    |psum_7_fu_564                                                                                  |   16|   0|   16|          0|
    |psum_8_fu_560                                                                                  |   16|   0|   16|          0|
    |psum_9_fu_556                                                                                  |   16|   0|   16|          0|
    |psum_fu_592                                                                                    |   16|   0|   16|          0|
    |select_ln139_1_reg_8680                                                                        |   16|   0|   16|          0|
    |select_ln139_2_reg_8690                                                                        |   16|   0|   16|          0|
    |select_ln139_3_reg_8700                                                                        |   16|   0|   16|          0|
    |select_ln139_4_reg_8710                                                                        |   16|   0|   16|          0|
    |select_ln139_5_reg_8720                                                                        |   16|   0|   16|          0|
    |select_ln139_6_reg_8730                                                                        |   16|   0|   16|          0|
    |select_ln139_7_reg_8740                                                                        |   16|   0|   16|          0|
    |select_ln139_reg_8670                                                                          |   16|   0|   16|          0|
    |select_ln98_3_reg_5312                                                                         |    2|   0|    2|          0|
    |select_ln98_reg_5307                                                                           |   10|   0|   10|          0|
    |select_ln98_reg_5307_pp0_iter2_reg                                                             |   10|   0|   10|          0|
    |tmp_1_reg_8245                                                                                 |   16|   0|   16|          0|
    |tmp_2_reg_8250                                                                                 |   16|   0|   16|          0|
    |tmp_3_reg_8255                                                                                 |   16|   0|   16|          0|
    |tmp_4_reg_8260                                                                                 |   16|   0|   16|          0|
    |tmp_5_reg_8265                                                                                 |   16|   0|   16|          0|
    |tmp_6_reg_8270                                                                                 |   16|   0|   16|          0|
    |tmp_reg_8240                                                                                   |   16|   0|   16|          0|
    |tmp_s_reg_8235                                                                                 |   16|   0|   16|          0|
    |total_1_reg_8675                                                                               |   16|   0|   16|          0|
    |total_2_reg_8685                                                                               |   16|   0|   16|          0|
    |total_3_reg_8695                                                                               |   16|   0|   16|          0|
    |total_4_reg_8705                                                                               |   16|   0|   16|          0|
    |total_5_reg_8715                                                                               |   16|   0|   16|          0|
    |total_6_reg_8725                                                                               |   16|   0|   16|          0|
    |total_7_reg_8735                                                                               |   16|   0|   16|          0|
    |total_reg_8665                                                                                 |   16|   0|   16|          0|
    |trunc_ln108_1_reg_5317                                                                         |    2|   0|    2|          0|
    |u_100_reg_5925                                                                                 |   16|   0|   16|          0|
    |u_101_reg_5930                                                                                 |   16|   0|   16|          0|
    |u_102_reg_5935                                                                                 |   16|   0|   16|          0|
    |u_103_reg_5940                                                                                 |   16|   0|   16|          0|
    |u_104_reg_5945                                                                                 |   16|   0|   16|          0|
    |u_105_reg_5950                                                                                 |   16|   0|   16|          0|
    |u_106_reg_5960                                                                                 |   16|   0|   16|          0|
    |u_107_reg_5965                                                                                 |   16|   0|   16|          0|
    |u_108_reg_5970                                                                                 |   16|   0|   16|          0|
    |u_109_reg_5975                                                                                 |   16|   0|   16|          0|
    |u_10_reg_5445                                                                                  |   16|   0|   16|          0|
    |u_110_reg_5980                                                                                 |   16|   0|   16|          0|
    |u_111_reg_5985                                                                                 |   16|   0|   16|          0|
    |u_112_reg_5990                                                                                 |   16|   0|   16|          0|
    |u_113_reg_5995                                                                                 |   16|   0|   16|          0|
    |u_114_reg_6000                                                                                 |   16|   0|   16|          0|
    |u_115_reg_6005                                                                                 |   16|   0|   16|          0|
    |u_116_reg_6010                                                                                 |   16|   0|   16|          0|
    |u_117_reg_6015                                                                                 |   16|   0|   16|          0|
    |u_118_reg_6020                                                                                 |   16|   0|   16|          0|
    |u_119_reg_6025                                                                                 |   16|   0|   16|          0|
    |u_11_reg_5450                                                                                  |   16|   0|   16|          0|
    |u_120_reg_6030                                                                                 |   16|   0|   16|          0|
    |u_121_reg_6040                                                                                 |   16|   0|   16|          0|
    |u_122_reg_6045                                                                                 |   16|   0|   16|          0|
    |u_123_reg_6050                                                                                 |   16|   0|   16|          0|
    |u_124_reg_6055                                                                                 |   16|   0|   16|          0|
    |u_125_reg_6060                                                                                 |   16|   0|   16|          0|
    |u_126_reg_6065                                                                                 |   16|   0|   16|          0|
    |u_127_reg_6070                                                                                 |   16|   0|   16|          0|
    |u_128_reg_6075                                                                                 |   16|   0|   16|          0|
    |u_129_reg_6080                                                                                 |   16|   0|   16|          0|
    |u_12_reg_5455                                                                                  |   16|   0|   16|          0|
    |u_130_reg_6085                                                                                 |   16|   0|   16|          0|
    |u_131_reg_6090                                                                                 |   16|   0|   16|          0|
    |u_132_reg_6095                                                                                 |   16|   0|   16|          0|
    |u_133_reg_6100                                                                                 |   16|   0|   16|          0|
    |u_134_reg_6105                                                                                 |   16|   0|   16|          0|
    |u_135_reg_6110                                                                                 |   16|   0|   16|          0|
    |u_136_reg_5555                                                                                 |   16|   0|   16|          0|
    |u_137_reg_5560                                                                                 |   16|   0|   16|          0|
    |u_138_reg_5635                                                                                 |   16|   0|   16|          0|
    |u_139_reg_5715                                                                                 |   16|   0|   16|          0|
    |u_13_reg_5460                                                                                  |   16|   0|   16|          0|
    |u_140_reg_5795                                                                                 |   16|   0|   16|          0|
    |u_141_reg_5875                                                                                 |   16|   0|   16|          0|
    |u_142_reg_5955                                                                                 |   16|   0|   16|          0|
    |u_143_reg_6035                                                                                 |   16|   0|   16|          0|
    |u_14_reg_5465                                                                                  |   16|   0|   16|          0|
    |u_15_reg_5470                                                                                  |   16|   0|   16|          0|
    |u_16_reg_5475                                                                                  |   16|   0|   16|          0|
    |u_17_reg_5480                                                                                  |   16|   0|   16|          0|
    |u_18_reg_5485                                                                                  |   16|   0|   16|          0|
    |u_19_reg_5490                                                                                  |   16|   0|   16|          0|
    |u_1_reg_5400                                                                                   |   16|   0|   16|          0|
    |u_20_reg_5495                                                                                  |   16|   0|   16|          0|
    |u_21_reg_5500                                                                                  |   16|   0|   16|          0|
    |u_22_reg_5505                                                                                  |   16|   0|   16|          0|
    |u_23_reg_5510                                                                                  |   16|   0|   16|          0|
    |u_24_reg_5515                                                                                  |   16|   0|   16|          0|
    |u_25_reg_5520                                                                                  |   16|   0|   16|          0|
    |u_26_reg_5525                                                                                  |   16|   0|   16|          0|
    |u_27_reg_5530                                                                                  |   16|   0|   16|          0|
    |u_28_reg_5535                                                                                  |   16|   0|   16|          0|
    |u_29_reg_5540                                                                                  |   16|   0|   16|          0|
    |u_2_reg_5405                                                                                   |   16|   0|   16|          0|
    |u_30_reg_5545                                                                                  |   16|   0|   16|          0|
    |u_31_reg_5550                                                                                  |   16|   0|   16|          0|
    |u_32_reg_5565                                                                                  |   16|   0|   16|          0|
    |u_33_reg_5570                                                                                  |   16|   0|   16|          0|
    |u_34_reg_5575                                                                                  |   16|   0|   16|          0|
    |u_35_reg_5580                                                                                  |   16|   0|   16|          0|
    |u_36_reg_5585                                                                                  |   16|   0|   16|          0|
    |u_37_reg_5590                                                                                  |   16|   0|   16|          0|
    |u_38_reg_5595                                                                                  |   16|   0|   16|          0|
    |u_39_reg_5600                                                                                  |   16|   0|   16|          0|
    |u_3_reg_5410                                                                                   |   16|   0|   16|          0|
    |u_40_reg_5605                                                                                  |   16|   0|   16|          0|
    |u_41_reg_5610                                                                                  |   16|   0|   16|          0|
    |u_42_reg_5615                                                                                  |   16|   0|   16|          0|
    |u_43_reg_5620                                                                                  |   16|   0|   16|          0|
    |u_44_reg_5625                                                                                  |   16|   0|   16|          0|
    |u_45_reg_5630                                                                                  |   16|   0|   16|          0|
    |u_46_reg_5640                                                                                  |   16|   0|   16|          0|
    |u_47_reg_5645                                                                                  |   16|   0|   16|          0|
    |u_48_reg_5650                                                                                  |   16|   0|   16|          0|
    |u_49_reg_5655                                                                                  |   16|   0|   16|          0|
    |u_4_reg_5415                                                                                   |   16|   0|   16|          0|
    |u_50_reg_5660                                                                                  |   16|   0|   16|          0|
    |u_51_reg_5665                                                                                  |   16|   0|   16|          0|
    |u_52_reg_5670                                                                                  |   16|   0|   16|          0|
    |u_53_reg_5675                                                                                  |   16|   0|   16|          0|
    |u_54_reg_5680                                                                                  |   16|   0|   16|          0|
    |u_55_reg_5685                                                                                  |   16|   0|   16|          0|
    |u_56_reg_5690                                                                                  |   16|   0|   16|          0|
    |u_57_reg_5695                                                                                  |   16|   0|   16|          0|
    |u_58_reg_5700                                                                                  |   16|   0|   16|          0|
    |u_59_reg_5705                                                                                  |   16|   0|   16|          0|
    |u_5_reg_5420                                                                                   |   16|   0|   16|          0|
    |u_60_reg_5710                                                                                  |   16|   0|   16|          0|
    |u_61_reg_5720                                                                                  |   16|   0|   16|          0|
    |u_62_reg_5725                                                                                  |   16|   0|   16|          0|
    |u_63_reg_5730                                                                                  |   16|   0|   16|          0|
    |u_64_reg_5735                                                                                  |   16|   0|   16|          0|
    |u_65_reg_5740                                                                                  |   16|   0|   16|          0|
    |u_66_reg_5745                                                                                  |   16|   0|   16|          0|
    |u_67_reg_5750                                                                                  |   16|   0|   16|          0|
    |u_68_reg_5755                                                                                  |   16|   0|   16|          0|
    |u_69_reg_5760                                                                                  |   16|   0|   16|          0|
    |u_6_reg_5425                                                                                   |   16|   0|   16|          0|
    |u_70_reg_5765                                                                                  |   16|   0|   16|          0|
    |u_71_reg_5770                                                                                  |   16|   0|   16|          0|
    |u_72_reg_5775                                                                                  |   16|   0|   16|          0|
    |u_73_reg_5780                                                                                  |   16|   0|   16|          0|
    |u_74_reg_5785                                                                                  |   16|   0|   16|          0|
    |u_75_reg_5790                                                                                  |   16|   0|   16|          0|
    |u_76_reg_5800                                                                                  |   16|   0|   16|          0|
    |u_77_reg_5805                                                                                  |   16|   0|   16|          0|
    |u_78_reg_5810                                                                                  |   16|   0|   16|          0|
    |u_79_reg_5815                                                                                  |   16|   0|   16|          0|
    |u_7_reg_5430                                                                                   |   16|   0|   16|          0|
    |u_80_reg_5820                                                                                  |   16|   0|   16|          0|
    |u_81_reg_5825                                                                                  |   16|   0|   16|          0|
    |u_82_reg_5830                                                                                  |   16|   0|   16|          0|
    |u_83_reg_5835                                                                                  |   16|   0|   16|          0|
    |u_84_reg_5840                                                                                  |   16|   0|   16|          0|
    |u_85_reg_5845                                                                                  |   16|   0|   16|          0|
    |u_86_reg_5850                                                                                  |   16|   0|   16|          0|
    |u_87_reg_5855                                                                                  |   16|   0|   16|          0|
    |u_88_reg_5860                                                                                  |   16|   0|   16|          0|
    |u_89_reg_5865                                                                                  |   16|   0|   16|          0|
    |u_8_reg_5435                                                                                   |   16|   0|   16|          0|
    |u_90_reg_5870                                                                                  |   16|   0|   16|          0|
    |u_91_reg_5880                                                                                  |   16|   0|   16|          0|
    |u_92_reg_5885                                                                                  |   16|   0|   16|          0|
    |u_93_reg_5890                                                                                  |   16|   0|   16|          0|
    |u_94_reg_5895                                                                                  |   16|   0|   16|          0|
    |u_95_reg_5900                                                                                  |   16|   0|   16|          0|
    |u_96_reg_5905                                                                                  |   16|   0|   16|          0|
    |u_97_reg_5910                                                                                  |   16|   0|   16|          0|
    |u_98_reg_5915                                                                                  |   16|   0|   16|          0|
    |u_99_reg_5920                                                                                  |   16|   0|   16|          0|
    |u_9_reg_5440                                                                                   |   16|   0|   16|          0|
    |u_reg_5395                                                                                     |   16|   0|   16|          0|
    |void_UpConv_Fused_Row_ap_uint_ap_uint_const_ap_uint_const_ap_uint_const_ap_u_18_reg_8605       |   10|   0|   10|          0|
    |void_UpConv_Fused_Row_ap_uint_ap_uint_const_ap_uint_const_ap_uint_const_ap_u_19_reg_8611       |   10|   0|   10|          0|
    |void_UpConv_Fused_Row_ap_uint_ap_uint_const_ap_uint_const_ap_uint_const_ap_u_20_reg_8617       |   10|   0|   10|          0|
    |void_UpConv_Fused_Row_ap_uint_ap_uint_const_ap_uint_const_ap_uint_const_ap_u_21_reg_8623       |   10|   0|   10|          0|
    |void_UpConv_Fused_Row_ap_uint_ap_uint_const_ap_uint_const_ap_uint_const_ap_u_22_reg_8629       |   10|   0|   10|          0|
    |void_UpConv_Fused_Row_ap_uint_ap_uint_const_ap_uint_const_ap_uint_const_ap_u_23_reg_8635       |   10|   0|   10|          0|
    |void_UpConv_Fused_Row_ap_uint_ap_uint_const_ap_uint_const_ap_uint_const_ap_u_24_reg_8641       |   10|   0|   10|          0|
    |void_UpConv_Fused_Row_ap_uint_ap_uint_const_ap_uint_const_ap_uint_const_ap_u_25_reg_8647       |   10|   0|   10|          0|
    |void_UpConv_Fused_Row_ap_uint_ap_uint_const_ap_uint_const_ap_uint_const_ap_u_26_reg_8653       |   10|   0|   10|          0|
    |void_UpConv_Fused_Row_ap_uint_ap_uint_const_ap_uint_const_ap_uint_const_ap_u_27_reg_8659       |   10|   0|   10|          0|
    |wi_fu_448                                                                                      |   32|   0|   32|          0|
    |zext_ln90_cast_reg_5067                                                                        |    5|   0|   10|          5|
    |add_ln139_reg_8324                                                                             |   64|  32|   10|          0|
    |dot_110_reg_8223                                                                               |   64|  32|   16|          0|
    |dot_126_reg_8229                                                                               |   64|  32|   16|          0|
    |dot_15_reg_8187                                                                                |   64|  32|   16|          0|
    |dot_30_reg_8193                                                                                |   64|  32|   16|          0|
    |dot_46_reg_8199                                                                                |   64|  32|   16|          0|
    |dot_62_reg_8205                                                                                |   64|  32|   16|          0|
    |dot_78_reg_8211                                                                                |   64|  32|   16|          0|
    |dot_94_reg_8217                                                                                |   64|  32|   16|          0|
    |icmp157_reg_5334                                                                               |   64|  32|    1|          0|
    |icmp_ln108_reg_5300                                                                            |   64|  32|    1|          0|
    |icmp_ln132_reg_5346                                                                            |   64|  32|    1|          0|
    |icmp_ln134_reg_8320                                                                            |   64|  32|    1|          0|
    |p_ZZ16UpConv_Fused_RowILi8ELi16ELi16ELi960ELi480EEvP7ap_uintILi256EEPKS1_S4_S4_S4_12_reg_8569  |   64|  32|   10|          0|
    |p_ZZ16UpConv_Fused_RowILi8ELi16ELi16ELi960ELi480EEvP7ap_uintILi256EEPKS1_S4_S4_S4_13_reg_8575  |   64|  32|   10|          0|
    |p_ZZ16UpConv_Fused_RowILi8ELi16ELi16ELi960ELi480EEvP7ap_uintILi256EEPKS1_S4_S4_S4_14_reg_8581  |   64|  32|   10|          0|
    |p_ZZ16UpConv_Fused_RowILi8ELi16ELi16ELi960ELi480EEvP7ap_uintILi256EEPKS1_S4_S4_S4_15_reg_8587  |   64|  32|   10|          0|
    |p_ZZ16UpConv_Fused_RowILi8ELi16ELi16ELi960ELi480EEvP7ap_uintILi256EEPKS1_S4_S4_S4_16_reg_8593  |   64|  32|   10|          0|
    |p_ZZ16UpConv_Fused_RowILi8ELi16ELi16ELi960ELi480EEvP7ap_uintILi256EEPKS1_S4_S4_S4_17_reg_8599  |   64|  32|   10|          0|
    |prod_100_reg_7452                                                                              |   64|  32|   16|          0|
    |prod_101_reg_7457                                                                              |   64|  32|   16|          0|
    |prod_102_reg_7462                                                                              |   64|  32|   16|          0|
    |prod_103_reg_7467                                                                              |   64|  32|   16|          0|
    |prod_104_reg_7472                                                                              |   64|  32|   16|          0|
    |prod_105_reg_7477                                                                              |   64|  32|   16|          0|
    |prod_106_reg_7482                                                                              |   64|  32|   16|          0|
    |prod_107_reg_7487                                                                              |   64|  32|   16|          0|
    |prod_108_reg_7492                                                                              |   64|  32|   16|          0|
    |prod_109_reg_7497                                                                              |   64|  32|   16|          0|
    |prod_10_reg_6997                                                                               |   64|  32|   16|          0|
    |prod_110_reg_7502                                                                              |   64|  32|   16|          0|
    |prod_112_reg_7512                                                                              |   64|  32|   16|          0|
    |prod_113_reg_7517                                                                              |   64|  32|   16|          0|
    |prod_114_reg_7522                                                                              |   64|  32|   16|          0|
    |prod_115_reg_7527                                                                              |   64|  32|   16|          0|
    |prod_116_reg_7532                                                                              |   64|  32|   16|          0|
    |prod_117_reg_7537                                                                              |   64|  32|   16|          0|
    |prod_118_reg_7542                                                                              |   64|  32|   16|          0|
    |prod_119_reg_7547                                                                              |   64|  32|   16|          0|
    |prod_11_reg_7002                                                                               |   64|  32|   16|          0|
    |prod_120_reg_7552                                                                              |   64|  32|   16|          0|
    |prod_121_reg_7557                                                                              |   64|  32|   16|          0|
    |prod_122_reg_7562                                                                              |   64|  32|   16|          0|
    |prod_123_reg_7567                                                                              |   64|  32|   16|          0|
    |prod_124_reg_7572                                                                              |   64|  32|   16|          0|
    |prod_125_reg_7577                                                                              |   64|  32|   16|          0|
    |prod_126_reg_7582                                                                              |   64|  32|   16|          0|
    |prod_12_reg_7007                                                                               |   64|  32|   16|          0|
    |prod_13_reg_7012                                                                               |   64|  32|   16|          0|
    |prod_14_reg_7017                                                                               |   64|  32|   16|          0|
    |prod_15_reg_7022                                                                               |   64|  32|   16|          0|
    |prod_16_reg_7032                                                                               |   64|  32|   16|          0|
    |prod_17_reg_7037                                                                               |   64|  32|   16|          0|
    |prod_18_reg_7042                                                                               |   64|  32|   16|          0|
    |prod_19_reg_7047                                                                               |   64|  32|   16|          0|
    |prod_1_reg_6952                                                                                |   64|  32|   16|          0|
    |prod_20_reg_7052                                                                               |   64|  32|   16|          0|
    |prod_21_reg_7057                                                                               |   64|  32|   16|          0|
    |prod_22_reg_7062                                                                               |   64|  32|   16|          0|
    |prod_23_reg_7067                                                                               |   64|  32|   16|          0|
    |prod_24_reg_7072                                                                               |   64|  32|   16|          0|
    |prod_25_reg_7077                                                                               |   64|  32|   16|          0|
    |prod_26_reg_7082                                                                               |   64|  32|   16|          0|
    |prod_27_reg_7087                                                                               |   64|  32|   16|          0|
    |prod_28_reg_7092                                                                               |   64|  32|   16|          0|
    |prod_29_reg_7097                                                                               |   64|  32|   16|          0|
    |prod_2_reg_6957                                                                                |   64|  32|   16|          0|
    |prod_30_reg_7102                                                                               |   64|  32|   16|          0|
    |prod_32_reg_7112                                                                               |   64|  32|   16|          0|
    |prod_33_reg_7117                                                                               |   64|  32|   16|          0|
    |prod_34_reg_7122                                                                               |   64|  32|   16|          0|
    |prod_35_reg_7127                                                                               |   64|  32|   16|          0|
    |prod_36_reg_7132                                                                               |   64|  32|   16|          0|
    |prod_37_reg_7137                                                                               |   64|  32|   16|          0|
    |prod_38_reg_7142                                                                               |   64|  32|   16|          0|
    |prod_39_reg_7147                                                                               |   64|  32|   16|          0|
    |prod_3_reg_6962                                                                                |   64|  32|   16|          0|
    |prod_40_reg_7152                                                                               |   64|  32|   16|          0|
    |prod_41_reg_7157                                                                               |   64|  32|   16|          0|
    |prod_42_reg_7162                                                                               |   64|  32|   16|          0|
    |prod_43_reg_7167                                                                               |   64|  32|   16|          0|
    |prod_44_reg_7172                                                                               |   64|  32|   16|          0|
    |prod_45_reg_7177                                                                               |   64|  32|   16|          0|
    |prod_46_reg_7182                                                                               |   64|  32|   16|          0|
    |prod_48_reg_7192                                                                               |   64|  32|   16|          0|
    |prod_49_reg_7197                                                                               |   64|  32|   16|          0|
    |prod_4_reg_6967                                                                                |   64|  32|   16|          0|
    |prod_50_reg_7202                                                                               |   64|  32|   16|          0|
    |prod_51_reg_7207                                                                               |   64|  32|   16|          0|
    |prod_52_reg_7212                                                                               |   64|  32|   16|          0|
    |prod_53_reg_7217                                                                               |   64|  32|   16|          0|
    |prod_54_reg_7222                                                                               |   64|  32|   16|          0|
    |prod_55_reg_7227                                                                               |   64|  32|   16|          0|
    |prod_56_reg_7232                                                                               |   64|  32|   16|          0|
    |prod_57_reg_7237                                                                               |   64|  32|   16|          0|
    |prod_58_reg_7242                                                                               |   64|  32|   16|          0|
    |prod_59_reg_7247                                                                               |   64|  32|   16|          0|
    |prod_5_reg_6972                                                                                |   64|  32|   16|          0|
    |prod_60_reg_7252                                                                               |   64|  32|   16|          0|
    |prod_61_reg_7257                                                                               |   64|  32|   16|          0|
    |prod_62_reg_7262                                                                               |   64|  32|   16|          0|
    |prod_64_reg_7272                                                                               |   64|  32|   16|          0|
    |prod_65_reg_7277                                                                               |   64|  32|   16|          0|
    |prod_66_reg_7282                                                                               |   64|  32|   16|          0|
    |prod_67_reg_7287                                                                               |   64|  32|   16|          0|
    |prod_68_reg_7292                                                                               |   64|  32|   16|          0|
    |prod_69_reg_7297                                                                               |   64|  32|   16|          0|
    |prod_6_reg_6977                                                                                |   64|  32|   16|          0|
    |prod_70_reg_7302                                                                               |   64|  32|   16|          0|
    |prod_71_reg_7307                                                                               |   64|  32|   16|          0|
    |prod_72_reg_7312                                                                               |   64|  32|   16|          0|
    |prod_73_reg_7317                                                                               |   64|  32|   16|          0|
    |prod_74_reg_7322                                                                               |   64|  32|   16|          0|
    |prod_75_reg_7327                                                                               |   64|  32|   16|          0|
    |prod_76_reg_7332                                                                               |   64|  32|   16|          0|
    |prod_77_reg_7337                                                                               |   64|  32|   16|          0|
    |prod_78_reg_7342                                                                               |   64|  32|   16|          0|
    |prod_7_reg_6982                                                                                |   64|  32|   16|          0|
    |prod_80_reg_7352                                                                               |   64|  32|   16|          0|
    |prod_81_reg_7357                                                                               |   64|  32|   16|          0|
    |prod_82_reg_7362                                                                               |   64|  32|   16|          0|
    |prod_83_reg_7367                                                                               |   64|  32|   16|          0|
    |prod_84_reg_7372                                                                               |   64|  32|   16|          0|
    |prod_85_reg_7377                                                                               |   64|  32|   16|          0|
    |prod_86_reg_7382                                                                               |   64|  32|   16|          0|
    |prod_87_reg_7387                                                                               |   64|  32|   16|          0|
    |prod_88_reg_7392                                                                               |   64|  32|   16|          0|
    |prod_89_reg_7397                                                                               |   64|  32|   16|          0|
    |prod_8_reg_6987                                                                                |   64|  32|   16|          0|
    |prod_90_reg_7402                                                                               |   64|  32|   16|          0|
    |prod_91_reg_7407                                                                               |   64|  32|   16|          0|
    |prod_92_reg_7412                                                                               |   64|  32|   16|          0|
    |prod_93_reg_7417                                                                               |   64|  32|   16|          0|
    |prod_94_reg_7422                                                                               |   64|  32|   16|          0|
    |prod_96_reg_7432                                                                               |   64|  32|   16|          0|
    |prod_97_reg_7437                                                                               |   64|  32|   16|          0|
    |prod_98_reg_7442                                                                               |   64|  32|   16|          0|
    |prod_99_reg_7447                                                                               |   64|  32|   16|          0|
    |prod_9_reg_6992                                                                                |   64|  32|   16|          0|
    |select_ln98_3_reg_5312                                                                         |   64|  32|    2|          0|
    |trunc_ln108_1_reg_5317                                                                         |   64|  32|    2|          0|
    |void_UpConv_Fused_Row_ap_uint_ap_uint_const_ap_uint_const_ap_uint_const_ap_u_18_reg_8605       |   64|  32|   10|          0|
    |void_UpConv_Fused_Row_ap_uint_ap_uint_const_ap_uint_const_ap_uint_const_ap_u_19_reg_8611       |   64|  32|   10|          0|
    |void_UpConv_Fused_Row_ap_uint_ap_uint_const_ap_uint_const_ap_uint_const_ap_u_20_reg_8617       |   64|  32|   10|          0|
    |void_UpConv_Fused_Row_ap_uint_ap_uint_const_ap_uint_const_ap_uint_const_ap_u_21_reg_8623       |   64|  32|   10|          0|
    |void_UpConv_Fused_Row_ap_uint_ap_uint_const_ap_uint_const_ap_uint_const_ap_u_22_reg_8629       |   64|  32|   10|          0|
    |void_UpConv_Fused_Row_ap_uint_ap_uint_const_ap_uint_const_ap_uint_const_ap_u_23_reg_8635       |   64|  32|   10|          0|
    |void_UpConv_Fused_Row_ap_uint_ap_uint_const_ap_uint_const_ap_uint_const_ap_u_24_reg_8641       |   64|  32|   10|          0|
    |void_UpConv_Fused_Row_ap_uint_ap_uint_const_ap_uint_const_ap_uint_const_ap_u_25_reg_8647       |   64|  32|   10|          0|
    |void_UpConv_Fused_Row_ap_uint_ap_uint_const_ap_uint_const_ap_uint_const_ap_u_26_reg_8653       |   64|  32|   10|          0|
    |void_UpConv_Fused_Row_ap_uint_ap_uint_const_ap_uint_const_ap_uint_const_ap_u_27_reg_8659       |   64|  32|   10|          0|
    +-----------------------------------------------------------------------------------------------+-----+----+-----+-----------+
    |Total                                                                                          |18009|4832|10577|          6|
    +-----------------------------------------------------------------------------------------------+-----+----+-----+-----------+



================================================================
== Interface
================================================================
* Summary: 
+----------------------------------------------------------------------------------------------+-----+-----+------------+-------------------------------------------------------------------------------------+--------------+
|                                           RTL Ports                                          | Dir | Bits|  Protocol  |                                    Source Object                                    |    C Type    |
+----------------------------------------------------------------------------------------------+-----+-----+------------+-------------------------------------------------------------------------------------+--------------+
|ap_clk                                                                                        |   in|    1|  ap_ctrl_hs|              uc_compute_tile<8, 16, 16, 60, 32, 480, 480>_Pipeline_KW_LOOP_FLAT_LOOP|  return value|
|ap_rst                                                                                        |   in|    1|  ap_ctrl_hs|              uc_compute_tile<8, 16, 16, 60, 32, 480, 480>_Pipeline_KW_LOOP_FLAT_LOOP|  return value|
|ap_start                                                                                      |   in|    1|  ap_ctrl_hs|              uc_compute_tile<8, 16, 16, 60, 32, 480, 480>_Pipeline_KW_LOOP_FLAT_LOOP|  return value|
|ap_done                                                                                       |  out|    1|  ap_ctrl_hs|              uc_compute_tile<8, 16, 16, 60, 32, 480, 480>_Pipeline_KW_LOOP_FLAT_LOOP|  return value|
|ap_idle                                                                                       |  out|    1|  ap_ctrl_hs|              uc_compute_tile<8, 16, 16, 60, 32, 480, 480>_Pipeline_KW_LOOP_FLAT_LOOP|  return value|
|ap_ready                                                                                      |  out|    1|  ap_ctrl_hs|              uc_compute_tile<8, 16, 16, 60, 32, 480, 480>_Pipeline_KW_LOOP_FLAT_LOOP|  return value|
|mul13                                                                                         |   in|    3|     ap_none|                                                                                mul13|        scalar|
|x_base                                                                                        |   in|   11|     ap_none|                                                                               x_base|        scalar|
|wbuf_0_address0                                                                               |  out|   10|   ap_memory|                                                                               wbuf_0|         array|
|wbuf_0_ce0                                                                                    |  out|    1|   ap_memory|                                                                               wbuf_0|         array|
|wbuf_0_q0                                                                                     |   in|  256|   ap_memory|                                                                               wbuf_0|         array|
|wbuf_1_address0                                                                               |  out|   10|   ap_memory|                                                                               wbuf_1|         array|
|wbuf_1_ce0                                                                                    |  out|    1|   ap_memory|                                                                               wbuf_1|         array|
|wbuf_1_q0                                                                                     |   in|  256|   ap_memory|                                                                               wbuf_1|         array|
|wbuf_2_address0                                                                               |  out|   10|   ap_memory|                                                                               wbuf_2|         array|
|wbuf_2_ce0                                                                                    |  out|    1|   ap_memory|                                                                               wbuf_2|         array|
|wbuf_2_q0                                                                                     |   in|  256|   ap_memory|                                                                               wbuf_2|         array|
|wbuf_3_address0                                                                               |  out|   10|   ap_memory|                                                                               wbuf_3|         array|
|wbuf_3_ce0                                                                                    |  out|    1|   ap_memory|                                                                               wbuf_3|         array|
|wbuf_3_q0                                                                                     |   in|  256|   ap_memory|                                                                               wbuf_3|         array|
|wbuf_4_address0                                                                               |  out|   10|   ap_memory|                                                                               wbuf_4|         array|
|wbuf_4_ce0                                                                                    |  out|    1|   ap_memory|                                                                               wbuf_4|         array|
|wbuf_4_q0                                                                                     |   in|  256|   ap_memory|                                                                               wbuf_4|         array|
|wbuf_5_address0                                                                               |  out|   10|   ap_memory|                                                                               wbuf_5|         array|
|wbuf_5_ce0                                                                                    |  out|    1|   ap_memory|                                                                               wbuf_5|         array|
|wbuf_5_q0                                                                                     |   in|  256|   ap_memory|                                                                               wbuf_5|         array|
|wbuf_6_address0                                                                               |  out|   10|   ap_memory|                                                                               wbuf_6|         array|
|wbuf_6_ce0                                                                                    |  out|    1|   ap_memory|                                                                               wbuf_6|         array|
|wbuf_6_q0                                                                                     |   in|  256|   ap_memory|                                                                               wbuf_6|         array|
|wbuf_7_address0                                                                               |  out|   10|   ap_memory|                                                                               wbuf_7|         array|
|wbuf_7_ce0                                                                                    |  out|    1|   ap_memory|                                                                               wbuf_7|         array|
|wbuf_7_q0                                                                                     |   in|  256|   ap_memory|                                                                               wbuf_7|         array|
|zext_ln90                                                                                     |   in|    5|     ap_none|                                                                            zext_ln90|        scalar|
|p_read                                                                                        |   in|    1|     ap_none|                                                                               p_read|        scalar|
|x_buf_address0                                                                                |  out|   11|   ap_memory|                                                                                x_buf|         array|
|x_buf_ce0                                                                                     |  out|    1|   ap_memory|                                                                                x_buf|         array|
|x_buf_q0                                                                                      |   in|  256|   ap_memory|                                                                                x_buf|         array|
|void_UpConv_Fused_Row_ap_uint_ap_uint_const_ap_uint_const_ap_uint_const_ap_u_2_address0       |  out|   10|   ap_memory|       void_UpConv_Fused_Row_ap_uint_ap_uint_const_ap_uint_const_ap_uint_const_ap_u_2|         array|
|void_UpConv_Fused_Row_ap_uint_ap_uint_const_ap_uint_const_ap_uint_const_ap_u_2_ce0            |  out|    1|   ap_memory|       void_UpConv_Fused_Row_ap_uint_ap_uint_const_ap_uint_const_ap_uint_const_ap_u_2|         array|
|void_UpConv_Fused_Row_ap_uint_ap_uint_const_ap_uint_const_ap_uint_const_ap_u_2_we0            |  out|    1|   ap_memory|       void_UpConv_Fused_Row_ap_uint_ap_uint_const_ap_uint_const_ap_uint_const_ap_u_2|         array|
|void_UpConv_Fused_Row_ap_uint_ap_uint_const_ap_uint_const_ap_uint_const_ap_u_2_d0             |  out|   16|   ap_memory|       void_UpConv_Fused_Row_ap_uint_ap_uint_const_ap_uint_const_ap_uint_const_ap_u_2|         array|
|void_UpConv_Fused_Row_ap_uint_ap_uint_const_ap_uint_const_ap_uint_const_ap_u_2_address1       |  out|   10|   ap_memory|       void_UpConv_Fused_Row_ap_uint_ap_uint_const_ap_uint_const_ap_uint_const_ap_u_2|         array|
|void_UpConv_Fused_Row_ap_uint_ap_uint_const_ap_uint_const_ap_uint_const_ap_u_2_ce1            |  out|    1|   ap_memory|       void_UpConv_Fused_Row_ap_uint_ap_uint_const_ap_uint_const_ap_uint_const_ap_u_2|         array|
|void_UpConv_Fused_Row_ap_uint_ap_uint_const_ap_uint_const_ap_uint_const_ap_u_2_q1             |   in|   16|   ap_memory|       void_UpConv_Fused_Row_ap_uint_ap_uint_const_ap_uint_const_ap_uint_const_ap_u_2|         array|
|p_ZZ16UpConv_Fused_RowILi8ELi16ELi16ELi960ELi480EEvP7ap_uintILi256EEPKS1_S4_S4_S4_address0    |  out|   10|   ap_memory|    p_ZZ16UpConv_Fused_RowILi8ELi16ELi16ELi960ELi480EEvP7ap_uintILi256EEPKS1_S4_S4_S4|         array|
|p_ZZ16UpConv_Fused_RowILi8ELi16ELi16ELi960ELi480EEvP7ap_uintILi256EEPKS1_S4_S4_S4_ce0         |  out|    1|   ap_memory|    p_ZZ16UpConv_Fused_RowILi8ELi16ELi16ELi960ELi480EEvP7ap_uintILi256EEPKS1_S4_S4_S4|         array|
|p_ZZ16UpConv_Fused_RowILi8ELi16ELi16ELi960ELi480EEvP7ap_uintILi256EEPKS1_S4_S4_S4_we0         |  out|    1|   ap_memory|    p_ZZ16UpConv_Fused_RowILi8ELi16ELi16ELi960ELi480EEvP7ap_uintILi256EEPKS1_S4_S4_S4|         array|
|p_ZZ16UpConv_Fused_RowILi8ELi16ELi16ELi960ELi480EEvP7ap_uintILi256EEPKS1_S4_S4_S4_d0          |  out|   16|   ap_memory|    p_ZZ16UpConv_Fused_RowILi8ELi16ELi16ELi960ELi480EEvP7ap_uintILi256EEPKS1_S4_S4_S4|         array|
|p_ZZ16UpConv_Fused_RowILi8ELi16ELi16ELi960ELi480EEvP7ap_uintILi256EEPKS1_S4_S4_S4_address1    |  out|   10|   ap_memory|    p_ZZ16UpConv_Fused_RowILi8ELi16ELi16ELi960ELi480EEvP7ap_uintILi256EEPKS1_S4_S4_S4|         array|
|p_ZZ16UpConv_Fused_RowILi8ELi16ELi16ELi960ELi480EEvP7ap_uintILi256EEPKS1_S4_S4_S4_ce1         |  out|    1|   ap_memory|    p_ZZ16UpConv_Fused_RowILi8ELi16ELi16ELi960ELi480EEvP7ap_uintILi256EEPKS1_S4_S4_S4|         array|
|p_ZZ16UpConv_Fused_RowILi8ELi16ELi16ELi960ELi480EEvP7ap_uintILi256EEPKS1_S4_S4_S4_q1          |   in|   16|   ap_memory|    p_ZZ16UpConv_Fused_RowILi8ELi16ELi16ELi960ELi480EEvP7ap_uintILi256EEPKS1_S4_S4_S4|         array|
|void_UpConv_Fused_Row_ap_uint_ap_uint_const_ap_uint_const_ap_uint_const_ap_u_3_address0       |  out|   10|   ap_memory|       void_UpConv_Fused_Row_ap_uint_ap_uint_const_ap_uint_const_ap_uint_const_ap_u_3|         array|
|void_UpConv_Fused_Row_ap_uint_ap_uint_const_ap_uint_const_ap_uint_const_ap_u_3_ce0            |  out|    1|   ap_memory|       void_UpConv_Fused_Row_ap_uint_ap_uint_const_ap_uint_const_ap_uint_const_ap_u_3|         array|
|void_UpConv_Fused_Row_ap_uint_ap_uint_const_ap_uint_const_ap_uint_const_ap_u_3_we0            |  out|    1|   ap_memory|       void_UpConv_Fused_Row_ap_uint_ap_uint_const_ap_uint_const_ap_uint_const_ap_u_3|         array|
|void_UpConv_Fused_Row_ap_uint_ap_uint_const_ap_uint_const_ap_uint_const_ap_u_3_d0             |  out|   16|   ap_memory|       void_UpConv_Fused_Row_ap_uint_ap_uint_const_ap_uint_const_ap_uint_const_ap_u_3|         array|
|void_UpConv_Fused_Row_ap_uint_ap_uint_const_ap_uint_const_ap_uint_const_ap_u_3_address1       |  out|   10|   ap_memory|       void_UpConv_Fused_Row_ap_uint_ap_uint_const_ap_uint_const_ap_uint_const_ap_u_3|         array|
|void_UpConv_Fused_Row_ap_uint_ap_uint_const_ap_uint_const_ap_uint_const_ap_u_3_ce1            |  out|    1|   ap_memory|       void_UpConv_Fused_Row_ap_uint_ap_uint_const_ap_uint_const_ap_uint_const_ap_u_3|         array|
|void_UpConv_Fused_Row_ap_uint_ap_uint_const_ap_uint_const_ap_uint_const_ap_u_3_q1             |   in|   16|   ap_memory|       void_UpConv_Fused_Row_ap_uint_ap_uint_const_ap_uint_const_ap_uint_const_ap_u_3|         array|
|p_ZZ16UpConv_Fused_RowILi8ELi16ELi16ELi960ELi480EEvP7ap_uintILi256EEPKS1_S4_S4_S4_1_address0  |  out|   10|   ap_memory|  p_ZZ16UpConv_Fused_RowILi8ELi16ELi16ELi960ELi480EEvP7ap_uintILi256EEPKS1_S4_S4_S4_1|         array|
|p_ZZ16UpConv_Fused_RowILi8ELi16ELi16ELi960ELi480EEvP7ap_uintILi256EEPKS1_S4_S4_S4_1_ce0       |  out|    1|   ap_memory|  p_ZZ16UpConv_Fused_RowILi8ELi16ELi16ELi960ELi480EEvP7ap_uintILi256EEPKS1_S4_S4_S4_1|         array|
|p_ZZ16UpConv_Fused_RowILi8ELi16ELi16ELi960ELi480EEvP7ap_uintILi256EEPKS1_S4_S4_S4_1_we0       |  out|    1|   ap_memory|  p_ZZ16UpConv_Fused_RowILi8ELi16ELi16ELi960ELi480EEvP7ap_uintILi256EEPKS1_S4_S4_S4_1|         array|
|p_ZZ16UpConv_Fused_RowILi8ELi16ELi16ELi960ELi480EEvP7ap_uintILi256EEPKS1_S4_S4_S4_1_d0        |  out|   16|   ap_memory|  p_ZZ16UpConv_Fused_RowILi8ELi16ELi16ELi960ELi480EEvP7ap_uintILi256EEPKS1_S4_S4_S4_1|         array|
|p_ZZ16UpConv_Fused_RowILi8ELi16ELi16ELi960ELi480EEvP7ap_uintILi256EEPKS1_S4_S4_S4_1_address1  |  out|   10|   ap_memory|  p_ZZ16UpConv_Fused_RowILi8ELi16ELi16ELi960ELi480EEvP7ap_uintILi256EEPKS1_S4_S4_S4_1|         array|
|p_ZZ16UpConv_Fused_RowILi8ELi16ELi16ELi960ELi480EEvP7ap_uintILi256EEPKS1_S4_S4_S4_1_ce1       |  out|    1|   ap_memory|  p_ZZ16UpConv_Fused_RowILi8ELi16ELi16ELi960ELi480EEvP7ap_uintILi256EEPKS1_S4_S4_S4_1|         array|
|p_ZZ16UpConv_Fused_RowILi8ELi16ELi16ELi960ELi480EEvP7ap_uintILi256EEPKS1_S4_S4_S4_1_q1        |   in|   16|   ap_memory|  p_ZZ16UpConv_Fused_RowILi8ELi16ELi16ELi960ELi480EEvP7ap_uintILi256EEPKS1_S4_S4_S4_1|         array|
|void_UpConv_Fused_Row_ap_uint_ap_uint_const_ap_uint_const_ap_uint_const_ap_u_4_address0       |  out|   10|   ap_memory|       void_UpConv_Fused_Row_ap_uint_ap_uint_const_ap_uint_const_ap_uint_const_ap_u_4|         array|
|void_UpConv_Fused_Row_ap_uint_ap_uint_const_ap_uint_const_ap_uint_const_ap_u_4_ce0            |  out|    1|   ap_memory|       void_UpConv_Fused_Row_ap_uint_ap_uint_const_ap_uint_const_ap_uint_const_ap_u_4|         array|
|void_UpConv_Fused_Row_ap_uint_ap_uint_const_ap_uint_const_ap_uint_const_ap_u_4_we0            |  out|    1|   ap_memory|       void_UpConv_Fused_Row_ap_uint_ap_uint_const_ap_uint_const_ap_uint_const_ap_u_4|         array|
|void_UpConv_Fused_Row_ap_uint_ap_uint_const_ap_uint_const_ap_uint_const_ap_u_4_d0             |  out|   16|   ap_memory|       void_UpConv_Fused_Row_ap_uint_ap_uint_const_ap_uint_const_ap_uint_const_ap_u_4|         array|
|void_UpConv_Fused_Row_ap_uint_ap_uint_const_ap_uint_const_ap_uint_const_ap_u_4_address1       |  out|   10|   ap_memory|       void_UpConv_Fused_Row_ap_uint_ap_uint_const_ap_uint_const_ap_uint_const_ap_u_4|         array|
|void_UpConv_Fused_Row_ap_uint_ap_uint_const_ap_uint_const_ap_uint_const_ap_u_4_ce1            |  out|    1|   ap_memory|       void_UpConv_Fused_Row_ap_uint_ap_uint_const_ap_uint_const_ap_uint_const_ap_u_4|         array|
|void_UpConv_Fused_Row_ap_uint_ap_uint_const_ap_uint_const_ap_uint_const_ap_u_4_q1             |   in|   16|   ap_memory|       void_UpConv_Fused_Row_ap_uint_ap_uint_const_ap_uint_const_ap_uint_const_ap_u_4|         array|
|p_ZZ16UpConv_Fused_RowILi8ELi16ELi16ELi960ELi480EEvP7ap_uintILi256EEPKS1_S4_S4_S4_2_address0  |  out|   10|   ap_memory|  p_ZZ16UpConv_Fused_RowILi8ELi16ELi16ELi960ELi480EEvP7ap_uintILi256EEPKS1_S4_S4_S4_2|         array|
|p_ZZ16UpConv_Fused_RowILi8ELi16ELi16ELi960ELi480EEvP7ap_uintILi256EEPKS1_S4_S4_S4_2_ce0       |  out|    1|   ap_memory|  p_ZZ16UpConv_Fused_RowILi8ELi16ELi16ELi960ELi480EEvP7ap_uintILi256EEPKS1_S4_S4_S4_2|         array|
|p_ZZ16UpConv_Fused_RowILi8ELi16ELi16ELi960ELi480EEvP7ap_uintILi256EEPKS1_S4_S4_S4_2_we0       |  out|    1|   ap_memory|  p_ZZ16UpConv_Fused_RowILi8ELi16ELi16ELi960ELi480EEvP7ap_uintILi256EEPKS1_S4_S4_S4_2|         array|
|p_ZZ16UpConv_Fused_RowILi8ELi16ELi16ELi960ELi480EEvP7ap_uintILi256EEPKS1_S4_S4_S4_2_d0        |  out|   16|   ap_memory|  p_ZZ16UpConv_Fused_RowILi8ELi16ELi16ELi960ELi480EEvP7ap_uintILi256EEPKS1_S4_S4_S4_2|         array|
|p_ZZ16UpConv_Fused_RowILi8ELi16ELi16ELi960ELi480EEvP7ap_uintILi256EEPKS1_S4_S4_S4_2_address1  |  out|   10|   ap_memory|  p_ZZ16UpConv_Fused_RowILi8ELi16ELi16ELi960ELi480EEvP7ap_uintILi256EEPKS1_S4_S4_S4_2|         array|
|p_ZZ16UpConv_Fused_RowILi8ELi16ELi16ELi960ELi480EEvP7ap_uintILi256EEPKS1_S4_S4_S4_2_ce1       |  out|    1|   ap_memory|  p_ZZ16UpConv_Fused_RowILi8ELi16ELi16ELi960ELi480EEvP7ap_uintILi256EEPKS1_S4_S4_S4_2|         array|
|p_ZZ16UpConv_Fused_RowILi8ELi16ELi16ELi960ELi480EEvP7ap_uintILi256EEPKS1_S4_S4_S4_2_q1        |   in|   16|   ap_memory|  p_ZZ16UpConv_Fused_RowILi8ELi16ELi16ELi960ELi480EEvP7ap_uintILi256EEPKS1_S4_S4_S4_2|         array|
|void_UpConv_Fused_Row_ap_uint_ap_uint_const_ap_uint_const_ap_uint_const_ap_u_5_address0       |  out|   10|   ap_memory|       void_UpConv_Fused_Row_ap_uint_ap_uint_const_ap_uint_const_ap_uint_const_ap_u_5|         array|
|void_UpConv_Fused_Row_ap_uint_ap_uint_const_ap_uint_const_ap_uint_const_ap_u_5_ce0            |  out|    1|   ap_memory|       void_UpConv_Fused_Row_ap_uint_ap_uint_const_ap_uint_const_ap_uint_const_ap_u_5|         array|
|void_UpConv_Fused_Row_ap_uint_ap_uint_const_ap_uint_const_ap_uint_const_ap_u_5_we0            |  out|    1|   ap_memory|       void_UpConv_Fused_Row_ap_uint_ap_uint_const_ap_uint_const_ap_uint_const_ap_u_5|         array|
|void_UpConv_Fused_Row_ap_uint_ap_uint_const_ap_uint_const_ap_uint_const_ap_u_5_d0             |  out|   16|   ap_memory|       void_UpConv_Fused_Row_ap_uint_ap_uint_const_ap_uint_const_ap_uint_const_ap_u_5|         array|
|void_UpConv_Fused_Row_ap_uint_ap_uint_const_ap_uint_const_ap_uint_const_ap_u_5_address1       |  out|   10|   ap_memory|       void_UpConv_Fused_Row_ap_uint_ap_uint_const_ap_uint_const_ap_uint_const_ap_u_5|         array|
|void_UpConv_Fused_Row_ap_uint_ap_uint_const_ap_uint_const_ap_uint_const_ap_u_5_ce1            |  out|    1|   ap_memory|       void_UpConv_Fused_Row_ap_uint_ap_uint_const_ap_uint_const_ap_uint_const_ap_u_5|         array|
|void_UpConv_Fused_Row_ap_uint_ap_uint_const_ap_uint_const_ap_uint_const_ap_u_5_q1             |   in|   16|   ap_memory|       void_UpConv_Fused_Row_ap_uint_ap_uint_const_ap_uint_const_ap_uint_const_ap_u_5|         array|
|p_ZZ16UpConv_Fused_RowILi8ELi16ELi16ELi960ELi480EEvP7ap_uintILi256EEPKS1_S4_S4_S4_3_address0  |  out|   10|   ap_memory|  p_ZZ16UpConv_Fused_RowILi8ELi16ELi16ELi960ELi480EEvP7ap_uintILi256EEPKS1_S4_S4_S4_3|         array|
|p_ZZ16UpConv_Fused_RowILi8ELi16ELi16ELi960ELi480EEvP7ap_uintILi256EEPKS1_S4_S4_S4_3_ce0       |  out|    1|   ap_memory|  p_ZZ16UpConv_Fused_RowILi8ELi16ELi16ELi960ELi480EEvP7ap_uintILi256EEPKS1_S4_S4_S4_3|         array|
|p_ZZ16UpConv_Fused_RowILi8ELi16ELi16ELi960ELi480EEvP7ap_uintILi256EEPKS1_S4_S4_S4_3_we0       |  out|    1|   ap_memory|  p_ZZ16UpConv_Fused_RowILi8ELi16ELi16ELi960ELi480EEvP7ap_uintILi256EEPKS1_S4_S4_S4_3|         array|
|p_ZZ16UpConv_Fused_RowILi8ELi16ELi16ELi960ELi480EEvP7ap_uintILi256EEPKS1_S4_S4_S4_3_d0        |  out|   16|   ap_memory|  p_ZZ16UpConv_Fused_RowILi8ELi16ELi16ELi960ELi480EEvP7ap_uintILi256EEPKS1_S4_S4_S4_3|         array|
|p_ZZ16UpConv_Fused_RowILi8ELi16ELi16ELi960ELi480EEvP7ap_uintILi256EEPKS1_S4_S4_S4_3_address1  |  out|   10|   ap_memory|  p_ZZ16UpConv_Fused_RowILi8ELi16ELi16ELi960ELi480EEvP7ap_uintILi256EEPKS1_S4_S4_S4_3|         array|
|p_ZZ16UpConv_Fused_RowILi8ELi16ELi16ELi960ELi480EEvP7ap_uintILi256EEPKS1_S4_S4_S4_3_ce1       |  out|    1|   ap_memory|  p_ZZ16UpConv_Fused_RowILi8ELi16ELi16ELi960ELi480EEvP7ap_uintILi256EEPKS1_S4_S4_S4_3|         array|
|p_ZZ16UpConv_Fused_RowILi8ELi16ELi16ELi960ELi480EEvP7ap_uintILi256EEPKS1_S4_S4_S4_3_q1        |   in|   16|   ap_memory|  p_ZZ16UpConv_Fused_RowILi8ELi16ELi16ELi960ELi480EEvP7ap_uintILi256EEPKS1_S4_S4_S4_3|         array|
|void_UpConv_Fused_Row_ap_uint_ap_uint_const_ap_uint_const_ap_uint_const_ap_u_6_address0       |  out|   10|   ap_memory|       void_UpConv_Fused_Row_ap_uint_ap_uint_const_ap_uint_const_ap_uint_const_ap_u_6|         array|
|void_UpConv_Fused_Row_ap_uint_ap_uint_const_ap_uint_const_ap_uint_const_ap_u_6_ce0            |  out|    1|   ap_memory|       void_UpConv_Fused_Row_ap_uint_ap_uint_const_ap_uint_const_ap_uint_const_ap_u_6|         array|
|void_UpConv_Fused_Row_ap_uint_ap_uint_const_ap_uint_const_ap_uint_const_ap_u_6_we0            |  out|    1|   ap_memory|       void_UpConv_Fused_Row_ap_uint_ap_uint_const_ap_uint_const_ap_uint_const_ap_u_6|         array|
|void_UpConv_Fused_Row_ap_uint_ap_uint_const_ap_uint_const_ap_uint_const_ap_u_6_d0             |  out|   16|   ap_memory|       void_UpConv_Fused_Row_ap_uint_ap_uint_const_ap_uint_const_ap_uint_const_ap_u_6|         array|
|void_UpConv_Fused_Row_ap_uint_ap_uint_const_ap_uint_const_ap_uint_const_ap_u_6_address1       |  out|   10|   ap_memory|       void_UpConv_Fused_Row_ap_uint_ap_uint_const_ap_uint_const_ap_uint_const_ap_u_6|         array|
|void_UpConv_Fused_Row_ap_uint_ap_uint_const_ap_uint_const_ap_uint_const_ap_u_6_ce1            |  out|    1|   ap_memory|       void_UpConv_Fused_Row_ap_uint_ap_uint_const_ap_uint_const_ap_uint_const_ap_u_6|         array|
|void_UpConv_Fused_Row_ap_uint_ap_uint_const_ap_uint_const_ap_uint_const_ap_u_6_q1             |   in|   16|   ap_memory|       void_UpConv_Fused_Row_ap_uint_ap_uint_const_ap_uint_const_ap_uint_const_ap_u_6|         array|
|p_ZZ16UpConv_Fused_RowILi8ELi16ELi16ELi960ELi480EEvP7ap_uintILi256EEPKS1_S4_S4_S4_4_address0  |  out|   10|   ap_memory|  p_ZZ16UpConv_Fused_RowILi8ELi16ELi16ELi960ELi480EEvP7ap_uintILi256EEPKS1_S4_S4_S4_4|         array|
|p_ZZ16UpConv_Fused_RowILi8ELi16ELi16ELi960ELi480EEvP7ap_uintILi256EEPKS1_S4_S4_S4_4_ce0       |  out|    1|   ap_memory|  p_ZZ16UpConv_Fused_RowILi8ELi16ELi16ELi960ELi480EEvP7ap_uintILi256EEPKS1_S4_S4_S4_4|         array|
|p_ZZ16UpConv_Fused_RowILi8ELi16ELi16ELi960ELi480EEvP7ap_uintILi256EEPKS1_S4_S4_S4_4_we0       |  out|    1|   ap_memory|  p_ZZ16UpConv_Fused_RowILi8ELi16ELi16ELi960ELi480EEvP7ap_uintILi256EEPKS1_S4_S4_S4_4|         array|
|p_ZZ16UpConv_Fused_RowILi8ELi16ELi16ELi960ELi480EEvP7ap_uintILi256EEPKS1_S4_S4_S4_4_d0        |  out|   16|   ap_memory|  p_ZZ16UpConv_Fused_RowILi8ELi16ELi16ELi960ELi480EEvP7ap_uintILi256EEPKS1_S4_S4_S4_4|         array|
|p_ZZ16UpConv_Fused_RowILi8ELi16ELi16ELi960ELi480EEvP7ap_uintILi256EEPKS1_S4_S4_S4_4_address1  |  out|   10|   ap_memory|  p_ZZ16UpConv_Fused_RowILi8ELi16ELi16ELi960ELi480EEvP7ap_uintILi256EEPKS1_S4_S4_S4_4|         array|
|p_ZZ16UpConv_Fused_RowILi8ELi16ELi16ELi960ELi480EEvP7ap_uintILi256EEPKS1_S4_S4_S4_4_ce1       |  out|    1|   ap_memory|  p_ZZ16UpConv_Fused_RowILi8ELi16ELi16ELi960ELi480EEvP7ap_uintILi256EEPKS1_S4_S4_S4_4|         array|
|p_ZZ16UpConv_Fused_RowILi8ELi16ELi16ELi960ELi480EEvP7ap_uintILi256EEPKS1_S4_S4_S4_4_q1        |   in|   16|   ap_memory|  p_ZZ16UpConv_Fused_RowILi8ELi16ELi16ELi960ELi480EEvP7ap_uintILi256EEPKS1_S4_S4_S4_4|         array|
|void_UpConv_Fused_Row_ap_uint_ap_uint_const_ap_uint_const_ap_uint_const_ap_u_7_address0       |  out|   10|   ap_memory|       void_UpConv_Fused_Row_ap_uint_ap_uint_const_ap_uint_const_ap_uint_const_ap_u_7|         array|
|void_UpConv_Fused_Row_ap_uint_ap_uint_const_ap_uint_const_ap_uint_const_ap_u_7_ce0            |  out|    1|   ap_memory|       void_UpConv_Fused_Row_ap_uint_ap_uint_const_ap_uint_const_ap_uint_const_ap_u_7|         array|
|void_UpConv_Fused_Row_ap_uint_ap_uint_const_ap_uint_const_ap_uint_const_ap_u_7_we0            |  out|    1|   ap_memory|       void_UpConv_Fused_Row_ap_uint_ap_uint_const_ap_uint_const_ap_uint_const_ap_u_7|         array|
|void_UpConv_Fused_Row_ap_uint_ap_uint_const_ap_uint_const_ap_uint_const_ap_u_7_d0             |  out|   16|   ap_memory|       void_UpConv_Fused_Row_ap_uint_ap_uint_const_ap_uint_const_ap_uint_const_ap_u_7|         array|
|void_UpConv_Fused_Row_ap_uint_ap_uint_const_ap_uint_const_ap_uint_const_ap_u_7_address1       |  out|   10|   ap_memory|       void_UpConv_Fused_Row_ap_uint_ap_uint_const_ap_uint_const_ap_uint_const_ap_u_7|         array|
|void_UpConv_Fused_Row_ap_uint_ap_uint_const_ap_uint_const_ap_uint_const_ap_u_7_ce1            |  out|    1|   ap_memory|       void_UpConv_Fused_Row_ap_uint_ap_uint_const_ap_uint_const_ap_uint_const_ap_u_7|         array|
|void_UpConv_Fused_Row_ap_uint_ap_uint_const_ap_uint_const_ap_uint_const_ap_u_7_q1             |   in|   16|   ap_memory|       void_UpConv_Fused_Row_ap_uint_ap_uint_const_ap_uint_const_ap_uint_const_ap_u_7|         array|
|p_ZZ16UpConv_Fused_RowILi8ELi16ELi16ELi960ELi480EEvP7ap_uintILi256EEPKS1_S4_S4_S4_5_address0  |  out|   10|   ap_memory|  p_ZZ16UpConv_Fused_RowILi8ELi16ELi16ELi960ELi480EEvP7ap_uintILi256EEPKS1_S4_S4_S4_5|         array|
|p_ZZ16UpConv_Fused_RowILi8ELi16ELi16ELi960ELi480EEvP7ap_uintILi256EEPKS1_S4_S4_S4_5_ce0       |  out|    1|   ap_memory|  p_ZZ16UpConv_Fused_RowILi8ELi16ELi16ELi960ELi480EEvP7ap_uintILi256EEPKS1_S4_S4_S4_5|         array|
|p_ZZ16UpConv_Fused_RowILi8ELi16ELi16ELi960ELi480EEvP7ap_uintILi256EEPKS1_S4_S4_S4_5_we0       |  out|    1|   ap_memory|  p_ZZ16UpConv_Fused_RowILi8ELi16ELi16ELi960ELi480EEvP7ap_uintILi256EEPKS1_S4_S4_S4_5|         array|
|p_ZZ16UpConv_Fused_RowILi8ELi16ELi16ELi960ELi480EEvP7ap_uintILi256EEPKS1_S4_S4_S4_5_d0        |  out|   16|   ap_memory|  p_ZZ16UpConv_Fused_RowILi8ELi16ELi16ELi960ELi480EEvP7ap_uintILi256EEPKS1_S4_S4_S4_5|         array|
|p_ZZ16UpConv_Fused_RowILi8ELi16ELi16ELi960ELi480EEvP7ap_uintILi256EEPKS1_S4_S4_S4_5_address1  |  out|   10|   ap_memory|  p_ZZ16UpConv_Fused_RowILi8ELi16ELi16ELi960ELi480EEvP7ap_uintILi256EEPKS1_S4_S4_S4_5|         array|
|p_ZZ16UpConv_Fused_RowILi8ELi16ELi16ELi960ELi480EEvP7ap_uintILi256EEPKS1_S4_S4_S4_5_ce1       |  out|    1|   ap_memory|  p_ZZ16UpConv_Fused_RowILi8ELi16ELi16ELi960ELi480EEvP7ap_uintILi256EEPKS1_S4_S4_S4_5|         array|
|p_ZZ16UpConv_Fused_RowILi8ELi16ELi16ELi960ELi480EEvP7ap_uintILi256EEPKS1_S4_S4_S4_5_q1        |   in|   16|   ap_memory|  p_ZZ16UpConv_Fused_RowILi8ELi16ELi16ELi960ELi480EEvP7ap_uintILi256EEPKS1_S4_S4_S4_5|         array|
|void_UpConv_Fused_Row_ap_uint_ap_uint_const_ap_uint_const_ap_uint_const_ap_u_8_address0       |  out|   10|   ap_memory|       void_UpConv_Fused_Row_ap_uint_ap_uint_const_ap_uint_const_ap_uint_const_ap_u_8|         array|
|void_UpConv_Fused_Row_ap_uint_ap_uint_const_ap_uint_const_ap_uint_const_ap_u_8_ce0            |  out|    1|   ap_memory|       void_UpConv_Fused_Row_ap_uint_ap_uint_const_ap_uint_const_ap_uint_const_ap_u_8|         array|
|void_UpConv_Fused_Row_ap_uint_ap_uint_const_ap_uint_const_ap_uint_const_ap_u_8_we0            |  out|    1|   ap_memory|       void_UpConv_Fused_Row_ap_uint_ap_uint_const_ap_uint_const_ap_uint_const_ap_u_8|         array|
|void_UpConv_Fused_Row_ap_uint_ap_uint_const_ap_uint_const_ap_uint_const_ap_u_8_d0             |  out|   16|   ap_memory|       void_UpConv_Fused_Row_ap_uint_ap_uint_const_ap_uint_const_ap_uint_const_ap_u_8|         array|
|void_UpConv_Fused_Row_ap_uint_ap_uint_const_ap_uint_const_ap_uint_const_ap_u_8_address1       |  out|   10|   ap_memory|       void_UpConv_Fused_Row_ap_uint_ap_uint_const_ap_uint_const_ap_uint_const_ap_u_8|         array|
|void_UpConv_Fused_Row_ap_uint_ap_uint_const_ap_uint_const_ap_uint_const_ap_u_8_ce1            |  out|    1|   ap_memory|       void_UpConv_Fused_Row_ap_uint_ap_uint_const_ap_uint_const_ap_uint_const_ap_u_8|         array|
|void_UpConv_Fused_Row_ap_uint_ap_uint_const_ap_uint_const_ap_uint_const_ap_u_8_q1             |   in|   16|   ap_memory|       void_UpConv_Fused_Row_ap_uint_ap_uint_const_ap_uint_const_ap_uint_const_ap_u_8|         array|
|void_UpConv_Fused_Row_ap_uint_ap_uint_const_ap_uint_const_ap_uint_const_ap_u_address0         |  out|   10|   ap_memory|         void_UpConv_Fused_Row_ap_uint_ap_uint_const_ap_uint_const_ap_uint_const_ap_u|         array|
|void_UpConv_Fused_Row_ap_uint_ap_uint_const_ap_uint_const_ap_uint_const_ap_u_ce0              |  out|    1|   ap_memory|         void_UpConv_Fused_Row_ap_uint_ap_uint_const_ap_uint_const_ap_uint_const_ap_u|         array|
|void_UpConv_Fused_Row_ap_uint_ap_uint_const_ap_uint_const_ap_uint_const_ap_u_we0              |  out|    1|   ap_memory|         void_UpConv_Fused_Row_ap_uint_ap_uint_const_ap_uint_const_ap_uint_const_ap_u|         array|
|void_UpConv_Fused_Row_ap_uint_ap_uint_const_ap_uint_const_ap_uint_const_ap_u_d0               |  out|   16|   ap_memory|         void_UpConv_Fused_Row_ap_uint_ap_uint_const_ap_uint_const_ap_uint_const_ap_u|         array|
|void_UpConv_Fused_Row_ap_uint_ap_uint_const_ap_uint_const_ap_uint_const_ap_u_address1         |  out|   10|   ap_memory|         void_UpConv_Fused_Row_ap_uint_ap_uint_const_ap_uint_const_ap_uint_const_ap_u|         array|
|void_UpConv_Fused_Row_ap_uint_ap_uint_const_ap_uint_const_ap_uint_const_ap_u_ce1              |  out|    1|   ap_memory|         void_UpConv_Fused_Row_ap_uint_ap_uint_const_ap_uint_const_ap_uint_const_ap_u|         array|
|void_UpConv_Fused_Row_ap_uint_ap_uint_const_ap_uint_const_ap_uint_const_ap_u_q1               |   in|   16|   ap_memory|         void_UpConv_Fused_Row_ap_uint_ap_uint_const_ap_uint_const_ap_uint_const_ap_u|         array|
|void_UpConv_Fused_Row_ap_uint_ap_uint_const_ap_uint_const_ap_uint_const_ap_u_9_address0       |  out|   10|   ap_memory|       void_UpConv_Fused_Row_ap_uint_ap_uint_const_ap_uint_const_ap_uint_const_ap_u_9|         array|
|void_UpConv_Fused_Row_ap_uint_ap_uint_const_ap_uint_const_ap_uint_const_ap_u_9_ce0            |  out|    1|   ap_memory|       void_UpConv_Fused_Row_ap_uint_ap_uint_const_ap_uint_const_ap_uint_const_ap_u_9|         array|
|void_UpConv_Fused_Row_ap_uint_ap_uint_const_ap_uint_const_ap_uint_const_ap_u_9_we0            |  out|    1|   ap_memory|       void_UpConv_Fused_Row_ap_uint_ap_uint_const_ap_uint_const_ap_uint_const_ap_u_9|         array|
|void_UpConv_Fused_Row_ap_uint_ap_uint_const_ap_uint_const_ap_uint_const_ap_u_9_d0             |  out|   16|   ap_memory|       void_UpConv_Fused_Row_ap_uint_ap_uint_const_ap_uint_const_ap_uint_const_ap_u_9|         array|
|void_UpConv_Fused_Row_ap_uint_ap_uint_const_ap_uint_const_ap_uint_const_ap_u_9_address1       |  out|   10|   ap_memory|       void_UpConv_Fused_Row_ap_uint_ap_uint_const_ap_uint_const_ap_uint_const_ap_u_9|         array|
|void_UpConv_Fused_Row_ap_uint_ap_uint_const_ap_uint_const_ap_uint_const_ap_u_9_ce1            |  out|    1|   ap_memory|       void_UpConv_Fused_Row_ap_uint_ap_uint_const_ap_uint_const_ap_uint_const_ap_u_9|         array|
|void_UpConv_Fused_Row_ap_uint_ap_uint_const_ap_uint_const_ap_uint_const_ap_u_9_q1             |   in|   16|   ap_memory|       void_UpConv_Fused_Row_ap_uint_ap_uint_const_ap_uint_const_ap_uint_const_ap_u_9|         array|
|void_UpConv_Fused_Row_ap_uint_ap_uint_const_ap_uint_const_ap_uint_const_ap_u_1_address0       |  out|   10|   ap_memory|       void_UpConv_Fused_Row_ap_uint_ap_uint_const_ap_uint_const_ap_uint_const_ap_u_1|         array|
|void_UpConv_Fused_Row_ap_uint_ap_uint_const_ap_uint_const_ap_uint_const_ap_u_1_ce0            |  out|    1|   ap_memory|       void_UpConv_Fused_Row_ap_uint_ap_uint_const_ap_uint_const_ap_uint_const_ap_u_1|         array|
|void_UpConv_Fused_Row_ap_uint_ap_uint_const_ap_uint_const_ap_uint_const_ap_u_1_we0            |  out|    1|   ap_memory|       void_UpConv_Fused_Row_ap_uint_ap_uint_const_ap_uint_const_ap_uint_const_ap_u_1|         array|
|void_UpConv_Fused_Row_ap_uint_ap_uint_const_ap_uint_const_ap_uint_const_ap_u_1_d0             |  out|   16|   ap_memory|       void_UpConv_Fused_Row_ap_uint_ap_uint_const_ap_uint_const_ap_uint_const_ap_u_1|         array|
|void_UpConv_Fused_Row_ap_uint_ap_uint_const_ap_uint_const_ap_uint_const_ap_u_1_address1       |  out|   10|   ap_memory|       void_UpConv_Fused_Row_ap_uint_ap_uint_const_ap_uint_const_ap_uint_const_ap_u_1|         array|
|void_UpConv_Fused_Row_ap_uint_ap_uint_const_ap_uint_const_ap_uint_const_ap_u_1_ce1            |  out|    1|   ap_memory|       void_UpConv_Fused_Row_ap_uint_ap_uint_const_ap_uint_const_ap_uint_const_ap_u_1|         array|
|void_UpConv_Fused_Row_ap_uint_ap_uint_const_ap_uint_const_ap_uint_const_ap_u_1_q1             |   in|   16|   ap_memory|       void_UpConv_Fused_Row_ap_uint_ap_uint_const_ap_uint_const_ap_uint_const_ap_u_1|         array|
+----------------------------------------------------------------------------------------------+-----+-----+------------+-------------------------------------------------------------------------------------+--------------+

