

================================================================
== Synthesis Summary Report of 'upconv_core_top_ucb0'
================================================================
+ General Information: 
    * Date:           Thu Jun 18 11:44:36 2026
    * Version:        2024.2 (Build 5238294 on Nov  8 2024)
    * Project:        upconv_block0
    * Solution:       hls (Vivado IP Flow Target)
    * Product family: zynquplus
    * Target device:  xczu7ev-ffvc1156-2-e
    

+ Performance & Resource Estimates: 
    
    PS: '+' for module; 'o' for loop; '*' for dataflow
    +---------------------------------------------------------------------------+--------+-------+----------+-----------+----------+----------+-------+----------+----------+-----------+-------------+-------------+----------+
    |                                  Modules                                  |  Issue |       | Latency  |  Latency  | Iteration|          |  Trip |          |          |           |             |             |          |
    |                                  & Loops                                  |  Type  | Slack | (cycles) |    (ns)   |  Latency | Interval | Count | Pipelined|   BRAM   |    DSP    |      FF     |     LUT     |   URAM   |
    +---------------------------------------------------------------------------+--------+-------+----------+-----------+----------+----------+-------+----------+----------+-----------+-------------+-------------+----------+
    |+ upconv_core_top_ucb0                                                     |  Timing|  -0.93|  17988270|  6.039e+07|         -|  17988271|      -|        no|  84 (13%)|  511 (29%)|  81881 (17%)|  71318 (30%)|  52 (54%)|
    | + upconv_core_top_ucb0_Pipeline_LOAD_ROW0_VITIS_LOOP_297_1                |  Timing|  -0.00|       963|  3.210e+03|         -|       963|      -|        no|         -|          -|    293 (~0%)|    188 (~0%)|         -|
    |  o LOAD_ROW0_VITIS_LOOP_297_1                                             |       -|   2.43|       961|  3.203e+03|         3|         1|    960|       yes|         -|          -|            -|            -|         -|
    | + UpConv_Fused_Row_8_16_16_960_480_s                                      |  Timing|  -0.93|    561644|  1.885e+06|         -|    561644|      -|        no|   24 (3%)|  511 (29%)|  75841 (16%)|  64912 (28%)|  48 (50%)|
    |  + UpConv_Fused_Row_8_16_16_960_480_Pipeline_RESET_ROW_ACC                |       -|   0.23|       962|  3.206e+03|         -|       962|      -|        no|         -|          -|     77 (~0%)|    307 (~0%)|         -|
    |   o RESET_ROW_ACC                                                         |       -|   2.43|       960|  3.200e+03|         2|         1|    960|       yes|         -|          -|            -|            -|         -|
    |  + UpConv_Fused_Row_8_16_16_960_480_Pipeline_LOAD_PARAMS                  |  Timing|  -0.00|       101|    336.633|         -|       101|      -|        no|         -|          -|   1238 (~0%)|    452 (~0%)|         -|
    |   o LOAD_PARAMS                                                           |      II|   2.43|        99|    329.967|        13|         3|     30|       yes|         -|          -|            -|            -|         -|
    |  + dataflow_parent_loop_proc                                              |  Timing|  -0.93|    544095|  1.827e+06|         -|    544095|      -|        no|         -|  337 (19%)|  51294 (11%)|  48435 (21%)|  32 (33%)|
    |   o TILE_LOOP                                                             |       -|   2.43|    544094|  1.827e+06|     13331|         -|     60|        no|         -|          -|            -|            -|         -|
    |    + dataflow_in_loop_TILE_LOOP_1*                                        |  Timing|  -0.93|     13329|  4.475e+04|         -|      8996|      -|  dataflow|         -|  337 (19%)|  51282 (11%)|  48379 (20%)|  32 (33%)|
    |     + uc_load_tile_8_480_60_s                                             |  Timing|  -0.93|      4333|  1.455e+04|         -|      4333|      -|        no|         -|    1 (~0%)|    902 (~0%)|    756 (~0%)|         -|
    |      o PRELOAD_W_W_FLAT                                                   |       -|   2.43|      4331|  1.454e+04|        13|         1|   4320|       yes|         -|          -|            -|            -|         -|
    |     + entry_proc                                                          |       -|   1.21|         0|      0.000|         -|         0|      -|        no|         -|          -|      2 (~0%)|     20 (~0%)|         -|
    |     + uc_compute_tile_8_16_16_60_32_480_480_s                             |  Timing|  -0.00|      8995|  2.998e+04|         -|      8995|      -|        no|         -|  336 (19%)|  50175 (10%)|  47400 (20%)|         -|
    |      o KH_LOOP                                                            |       -|   2.43|      8994|  2.998e+04|      2998|         -|      3|        no|         -|          -|            -|            -|         -|
    |       + uc_compute_tile_8_16_16_60_32_480_480_Pipeline_KW_LOOP_FLAT_LOOP  |  Timing|  -0.00|      2996|  9.986e+03|         -|      2996|      -|        no|         -|  336 (19%)|  50145 (10%)|  47226 (20%)|         -|
    |        o KW_LOOP_FLAT_LOOP                                                |       -|   2.43|      2994|  9.979e+03|       116|         1|   2880|       yes|         -|          -|            -|            -|         -|
    |  + UpConv_Fused_Row_8_16_16_960_480_Pipeline_PIXEL_STATS                  |       -|   0.01|     15590|  5.196e+04|         -|     15590|      -|        no|         -|    46 (2%)|   12492 (2%)|    6464 (2%)|         -|
    |   o PIXEL_STATS                                                           |       -|   2.43|     15588|  5.195e+04|       230|         1|  15360|       yes|         -|          -|            -|            -|         -|
    |  + UpConv_Fused_Row_8_16_16_960_480_Pipeline_PIXEL_NORM                   |  Timing|  -0.00|       990|  3.300e+03|         -|       990|      -|        no|         -|   126 (7%)|   10306 (2%)|    6881 (2%)|         -|
    |   o PIXEL_NORM                                                            |       -|   2.43|       988|  3.293e+03|        30|         1|    960|       yes|         -|          -|            -|            -|         -|
    | o ROW_LOOP                                                                |       -|   2.43|  16864005|  5.661e+07|   1124267|         -|     15|        no|         -|          -|            -|            -|         -|
    |  + upconv_core_top_ucb0_Pipeline_LOAD_ROW_VITIS_LOOP_308_2                |  Timing|  -0.00|       973|  3.243e+03|         -|       973|      -|        no|         -|          -|    585 (~0%)|    427 (~0%)|         -|
    |   o LOAD_ROW_VITIS_LOOP_308_2                                             |       -|   2.43|       971|  3.236e+03|        13|         1|    960|       yes|         -|          -|            -|            -|         -|
    +---------------------------------------------------------------------------+--------+-------+----------+-----------+----------+----------+-------+----------+----------+-----------+-------------+-------------+----------+


================================================================
== HW Interfaces
================================================================
* M_AXI
+-------------------+------------+------------+---------------+---------+--------+----------+-----------+--------------+--------------+-------------+-------------+-------------------+
| Interface         | Read/Write | Data Width | Address Width | Latency | Offset | Register | Max Widen | Max Read     | Max Write    | Num Read    | Num Write   | Resource Estimate |
|                   |            | (SW->HW)   |               |         |        |          | Bitwidth  | Burst Length | Burst Length | Outstanding | Outstanding |                   |
+-------------------+------------+------------+---------------+---------+--------+----------+-----------+--------------+--------------+-------------+-------------+-------------------+
| m_axi_gmem_in     | READ_ONLY  | 256 -> 256 | 64            | 0       | slave  | 0        | 0         | 64           | 16           | 16          | 16          | BRAM=15           |
| m_axi_gmem_out    | WRITE_ONLY | 256 -> 256 | 64            | 0       | slave  | 0        | 0         | 16           | 64           | 16          | 16          | BRAM=15           |
| m_axi_gmem_param  | READ_ONLY  | 256 -> 256 | 64            | 0       | slave  | 0        | 0         | 64           | 16           | 16          | 16          | BRAM=15           |
| m_axi_gmem_weight | READ_ONLY  | 256 -> 256 | 64            | 0       | slave  | 0        | 0         | 64           | 16           | 16          | 16          | BRAM=15           |
+-------------------+------------+------------+---------------+---------+--------+----------+-----------+--------------+--------------+-------------+-------------+-------------------+

* S_AXILITE Interfaces
+---------------+------------+---------------+--------+----------+
| Interface     | Data Width | Address Width | Offset | Register |
+---------------+------------+---------------+--------+----------+
| s_axi_control | 32         | 7             | 16     | 0        |
+---------------+------------+---------------+--------+----------+

* S_AXILITE Registers
+---------------+----------+--------+-------+--------+----------------------------------+----------------------------------------------------------------------+
| Interface     | Register | Offset | Width | Access | Description                      | Bit Fields                                                           |
+---------------+----------+--------+-------+--------+----------------------------------+----------------------------------------------------------------------+
| s_axi_control | CTRL     | 0x00   | 32    | RW     | Control signals                  | 0=AP_START 1=AP_DONE 2=AP_IDLE 3=AP_READY 7=AUTO_RESTART 9=INTERRUPT |
| s_axi_control | GIER     | 0x04   | 32    | RW     | Global Interrupt Enable Register | 0=Enable                                                             |
| s_axi_control | IP_IER   | 0x08   | 32    | RW     | IP Interrupt Enable Register     | 0=CHAN0_INT_EN 1=CHAN1_INT_EN                                        |
| s_axi_control | IP_ISR   | 0x0c   | 32    | RW     | IP Interrupt Status Register     | 0=CHAN0_INT_ST 1=CHAN1_INT_ST                                        |
| s_axi_control | X_1      | 0x10   | 32    | W      | Data signal of X                 |                                                                      |
| s_axi_control | X_2      | 0x14   | 32    | W      | Data signal of X                 |                                                                      |
| s_axi_control | W_1      | 0x1c   | 32    | W      | Data signal of W                 |                                                                      |
| s_axi_control | W_2      | 0x20   | 32    | W      | Data signal of W                 |                                                                      |
| s_axi_control | B_1      | 0x28   | 32    | W      | Data signal of B                 |                                                                      |
| s_axi_control | B_2      | 0x2c   | 32    | W      | Data signal of B                 |                                                                      |
| s_axi_control | G_1      | 0x34   | 32    | W      | Data signal of G                 |                                                                      |
| s_axi_control | G_2      | 0x38   | 32    | W      | Data signal of G                 |                                                                      |
| s_axi_control | BE_1     | 0x40   | 32    | W      | Data signal of BE                |                                                                      |
| s_axi_control | BE_2     | 0x44   | 32    | W      | Data signal of BE                |                                                                      |
| s_axi_control | Y_1      | 0x4c   | 32    | W      | Data signal of Y                 |                                                                      |
| s_axi_control | Y_2      | 0x50   | 32    | W      | Data signal of Y                 |                                                                      |
| s_axi_control | epsilon  | 0x58   | 32    | W      | Data signal of epsilon           |                                                                      |
+---------------+----------+--------+-------+--------+----------------------------------+----------------------------------------------------------------------+

* TOP LEVEL CONTROL
+-----------+------------+-----------+
| Interface | Type       | Ports     |
+-----------+------------+-----------+
| ap_clk    | clock      | ap_clk    |
| ap_rst_n  | reset      | ap_rst_n  |
| interrupt | interrupt  | interrupt |
| ap_ctrl   | ap_ctrl_hs |           |
+-----------+------------+-----------+


================================================================
== SW I/O Information
================================================================
* Top Function Arguments
+----------+-----------+----------------------+
| Argument | Direction | Datatype             |
+----------+-----------+----------------------+
| X        | in        | ap_uint<256> const * |
| W        | in        | ap_uint<256> const * |
| B        | in        | ap_uint<256> const * |
| G        | in        | ap_uint<256> const * |
| BE       | in        | ap_uint<256> const * |
| Y        | out       | ap_uint<256>*        |
| epsilon  | in        | __fp16               |
+----------+-----------+----------------------+

* SW-to-HW Mapping
+----------+-------------------+-----------+----------+-----------------------------------+
| Argument | HW Interface      | HW Type   | HW Usage | HW Info                           |
+----------+-------------------+-----------+----------+-----------------------------------+
| X        | m_axi_gmem_in     | interface |          | channel=0                         |
| X        | s_axi_control     | register  | offset   | name=X_1 offset=0x10 range=32     |
| X        | s_axi_control     | register  | offset   | name=X_2 offset=0x14 range=32     |
| W        | m_axi_gmem_weight | interface |          | channel=0                         |
| W        | s_axi_control     | register  | offset   | name=W_1 offset=0x1c range=32     |
| W        | s_axi_control     | register  | offset   | name=W_2 offset=0x20 range=32     |
| B        | m_axi_gmem_param  | interface |          | channel=0                         |
| B        | s_axi_control     | register  | offset   | name=B_1 offset=0x28 range=32     |
| B        | s_axi_control     | register  | offset   | name=B_2 offset=0x2c range=32     |
| G        | m_axi_gmem_param  | interface |          | channel=0                         |
| G        | s_axi_control     | register  | offset   | name=G_1 offset=0x34 range=32     |
| G        | s_axi_control     | register  | offset   | name=G_2 offset=0x38 range=32     |
| BE       | m_axi_gmem_param  | interface |          | channel=0                         |
| BE       | s_axi_control     | register  | offset   | name=BE_1 offset=0x40 range=32    |
| BE       | s_axi_control     | register  | offset   | name=BE_2 offset=0x44 range=32    |
| Y        | m_axi_gmem_out    | interface |          | channel=0                         |
| Y        | s_axi_control     | register  | offset   | name=Y_1 offset=0x4c range=32     |
| Y        | s_axi_control     | register  | offset   | name=Y_2 offset=0x50 range=32     |
| epsilon  | s_axi_control     | register  |          | name=epsilon offset=0x58 range=32 |
+----------+-------------------+-----------+----------+-----------------------------------+


================================================================
== M_AXI Burst Information
================================================================
 Note: All burst requests might be further partitioned into multiple requests during RTL generation based on max_read_burst_length or max_write_burst_length settings.

* Inferred Burst Summary
+-------------------+-----------+--------+-------+-----------+-------------------------------------+
| HW Interface      | Direction | Length | Width | Loop      | Loop Location                       |
+-------------------+-----------+--------+-------+-----------+-------------------------------------+
| m_axi_gmem_in     | read      | 960    | 256   | LOAD_ROW0 | ../gen/Hls_Layers_UpConv.tpp:296:16 |
| m_axi_gmem_weight | read      | 540    | 256   | W_FLAT    | ../gen/Hls_Layers_UpConv.tpp:75:21  |
+-------------------+-----------+--------+-------+-----------+-------------------------------------+

* All M_AXI Variable Accesses
+-------------------+----------+-------------------------------------+-----------+--------------+--------+------------------+-------------------------------------+------------+--------------------------------------------------------------------------------------------------------+
| HW Interface      | Variable | Access Location                     | Direction | Burst Status | Length | Loop             | Loop Location                       | Resolution | Problem                                                                                                |
+-------------------+----------+-------------------------------------+-----------+--------------+--------+------------------+-------------------------------------+------------+--------------------------------------------------------------------------------------------------------+
| m_axi_gmem_in     |          | ../gen/Hls_Layers_UpConv.tpp:209:15 | read      | Fail         |        |                  |                                     | 214-224    | Could not burst due to multiple potential reads to the same bundle in the same region.                 |
| m_axi_gmem_in     | X        | ../gen/Hls_Layers_UpConv.tpp:299:38 | read      | Widen Fail   |        | VITIS_LOOP_297_1 | ../gen/Hls_Layers_UpConv.tpp:297:27 | 214-353    | Could not widen since type i256 size is greater than or equal to the max_widen_bitwidth threshold of 0 |
| m_axi_gmem_in     | X        | ../gen/Hls_Layers_UpConv.tpp:299:38 | read      | Inferred     | 960    | LOAD_ROW0        | ../gen/Hls_Layers_UpConv.tpp:296:16 |            |                                                                                                        |
| m_axi_gmem_in     | X        | ../gen/Hls_Layers_UpConv.tpp:310:41 | read      | Widen Fail   |        | VITIS_LOOP_308_2 | ../gen/Hls_Layers_UpConv.tpp:308:31 | 214-353    | Could not widen since type i256 size is greater than or equal to the max_widen_bitwidth threshold of 0 |
| m_axi_gmem_in     | X        | ../gen/Hls_Layers_UpConv.tpp:310:41 | read      | Inferred     | 14400  | ROW_LOOP         | ../gen/Hls_Layers_UpConv.tpp:305:15 |            |                                                                                                        |
| m_axi_gmem_out    | Y        | ../gen/Hls_Layers_UpConv.tpp:273:50 | write     | Fail         |        | PIXEL_NORM       | ../gen/Hls_Layers_UpConv.tpp:258:17 | 214-229    | Could not analyze pattern                                                                              |
| m_axi_gmem_param  |          | ../gen/Hls_Layers_UpConv.tpp:209:15 | read      | Fail         |        |                  |                                     | 214-224    | Could not burst due to multiple potential reads to the same bundle in the same region.                 |
| m_axi_gmem_param  | B_ptr    | ../gen/Hls_Layers_UpConv.tpp:211:11 | read      | Widen Fail   |        | LOAD_PARAMS      | ../gen/Hls_Layers_UpConv.tpp:209:15 | 214-353    | Could not widen since type i256 size is greater than or equal to the max_widen_bitwidth threshold of 0 |
| m_axi_gmem_param  | B_ptr    | ../gen/Hls_Layers_UpConv.tpp:211:11 | read      | Inferred     | 30     | LOAD_PARAMS      | ../gen/Hls_Layers_UpConv.tpp:209:15 |            |                                                                                                        |
| m_axi_gmem_param  | G_ptr    | ../gen/Hls_Layers_UpConv.tpp:212:18 | read      | Widen Fail   |        | LOAD_PARAMS      | ../gen/Hls_Layers_UpConv.tpp:209:15 | 214-353    | Could not widen since type i256 size is greater than or equal to the max_widen_bitwidth threshold of 0 |
| m_axi_gmem_param  | G_ptr    | ../gen/Hls_Layers_UpConv.tpp:212:18 | read      | Inferred     | 30     | LOAD_PARAMS      | ../gen/Hls_Layers_UpConv.tpp:209:15 |            |                                                                                                        |
| m_axi_gmem_param  | BE_ptr   | ../gen/Hls_Layers_UpConv.tpp:213:19 | read      | Widen Fail   |        | LOAD_PARAMS      | ../gen/Hls_Layers_UpConv.tpp:209:15 | 214-353    | Could not widen since type i256 size is greater than or equal to the max_widen_bitwidth threshold of 0 |
| m_axi_gmem_param  | BE_ptr   | ../gen/Hls_Layers_UpConv.tpp:213:19 | read      | Inferred     | 30     | LOAD_PARAMS      | ../gen/Hls_Layers_UpConv.tpp:209:15 |            |                                                                                                        |
| m_axi_gmem_weight | W_ptr    | ../gen/Hls_Layers_UpConv.tpp:77:38  | read      | Inferred     | 540    | W_FLAT           | ../gen/Hls_Layers_UpConv.tpp:75:21  |            |                                                                                                        |
| m_axi_gmem_weight | W_ptr    | ../gen/Hls_Layers_UpConv.tpp:310:41 | read      | Widen Fail   |        | W_FLAT           | ../gen/Hls_Layers_UpConv.tpp:75:21  | 214-353    | Could not widen since type i256 size is greater than or equal to the max_widen_bitwidth threshold of 0 |
| m_axi_gmem_weight | W_ptr    | ../gen/Hls_Layers_UpConv.tpp:310:41 | read      | Fail         |        | PRELOAD_W        | ../gen/Hls_Layers_UpConv.tpp:71:16  | 214-232    | Access call is in the conditional branch                                                               |
+-------------------+----------+-------------------------------------+-----------+--------------+--------+------------------+-------------------------------------+------------+--------------------------------------------------------------------------------------------------------+

    * Resolution URL: docs.xilinx.com/access/sources/dita/topic?Doc_Version=2024.2%20English&url=ug1448-hls-guidance&resourceid=XXX-YYY.html (replace XXX-YYY with column value)

================================================================
== Bind Op Report
================================================================
+-------------------------------------------------------------------------+-----+--------+----------------+------------+--------------------------+---------+
| Name                                                                    | DSP | Pragma | Variable       | Op         | Impl                     | Latency |
+-------------------------------------------------------------------------+-----+--------+----------------+------------+--------------------------+---------+
| + upconv_core_top_ucb0                                                  | 511 |        |                |            |                          |         |
|   add_ln305_fu_320_p2                                                   |     |        | add_ln305      | add        | fabric                   | 0       |
|   icmp_ln305_fu_362_p2                                                  |     |        | icmp_ln305     | seteq      | auto                     | 0       |
|   add_ln305_2_fu_368_p2                                                 |     |        | add_ln305_2    | add        | fabric                   | 0       |
|   sub_ln306_fu_394_p2                                                   |     |        | sub_ln306      | sub        | fabric                   | 0       |
|   add_ln313_fu_429_p2                                                   |     |        | add_ln313      | add        | fabric                   | 0       |
|   add_ln305_1_fu_408_p2                                                 |     |        | add_ln305_1    | add        | fabric                   | 0       |
|  + upconv_core_top_ucb0_Pipeline_LOAD_ROW0_VITIS_LOOP_297_1             | 0   |        |                |            |                          |         |
|    icmp_ln296_fu_132_p2                                                 |     |        | icmp_ln296     | seteq      | auto                     | 0       |
|    add_ln296_1_fu_138_p2                                                |     |        | add_ln296_1    | add        | fabric                   | 0       |
|    add_ln296_fu_161_p2                                                  |     |        | add_ln296      | add        | fabric                   | 0       |
|    icmp_ln297_fu_167_p2                                                 |     |        | icmp_ln297     | seteq      | auto                     | 0       |
|    select_ln296_fu_173_p3                                               |     |        | select_ln296   | select     | auto_sel                 | 0       |
|    select_ln296_1_fu_181_p3                                             |     |        | select_ln296_1 | select     | auto_sel                 | 0       |
|    add_ln297_fu_229_p2                                                  |     |        | add_ln297      | add        | fabric                   | 0       |
|  + UpConv_Fused_Row_8_16_16_960_480_s                                   | 511 |        |                |            |                          |         |
|    hptosp_16ns_32_2_no_dsp_1_U617                                       |     |        | conv1          | hptosp     | auto                     | 1       |
|   + UpConv_Fused_Row_8_16_16_960_480_Pipeline_RESET_ROW_ACC             | 0   |        |                |            |                          |         |
|     icmp_ln185_fu_330_p2                                                |     |        | icmp_ln185     | seteq      | auto                     | 0       |
|     m_2_fu_336_p2                                                       |     |        | m_2            | add        | fabric                   | 0       |
|     icmp_ln191_fu_413_p2                                                |     |        | icmp_ln191     | seteq      | auto                     | 0       |
|     rw_1_fu_419_p2                                                      |     |        | rw_1           | add        | fabric                   | 0       |
|     rcw_1_fu_425_p2                                                     |     |        | rcw_1          | add        | fabric                   | 0       |
|     rw_2_fu_431_p3                                                      |     |        | rw_2           | select     | auto_sel                 | 0       |
|     rcw_2_fu_439_p3                                                     |     |        | rcw_2          | select     | auto_sel                 | 0       |
|   + UpConv_Fused_Row_8_16_16_960_480_Pipeline_LOAD_PARAMS               | 0   |        |                |            |                          |         |
|     icmp_ln209_fu_183_p2                                                |     |        | icmp_ln209     | seteq      | auto                     | 0       |
|     add_ln209_fu_189_p2                                                 |     |        | add_ln209      | add        | fabric                   | 0       |
|     add_ln211_fu_199_p2                                                 |     |        | add_ln211      | add        | fabric                   | 0       |
|     add_ln212_fu_220_p2                                                 |     |        | add_ln212      | add        | fabric                   | 0       |
|     add_ln213_fu_224_p2                                                 |     |        | add_ln213      | add        | fabric                   | 0       |
|   + dataflow_parent_loop_proc                                           | 337 |        |                |            |                          |         |
|    + dataflow_in_loop_TILE_LOOP_1                                       | 337 |        |                |            |                          |         |
|     + uc_load_tile_8_480_60_s                                           | 1   |        |                |            |                          |         |
|       add_ln71_2_fu_338_p2                                              |     |        | add_ln71_2     | add        | fabric                   | 0       |
|       or_ln71_fu_344_p2                                                 |     |        | or_ln71        | or         | auto                     | 0       |
|       tc_fu_350_p3                                                      |     |        | tc             | select     | auto_sel                 | 0       |
|       add_ln71_fu_362_p2                                                |     |        | add_ln71       | add        | fabric                   | 0       |
|       mul_9ns_16ns_24_1_1_U22                                           | 1   |        | mul_ln71       | mul        | auto                     | 0       |
|       add_ln71_1_fu_431_p2                                              |     |        | add_ln71_1     | add        | fabric                   | 0       |
|       add_ln71_3_fu_368_p2                                              |     |        | add_ln71_3     | add        | fabric                   | 0       |
|       select_ln71_1_fu_459_p3                                           |     |        | select_ln71_1  | select     | auto_sel                 | 0       |
|       select_ln71_2_fu_499_p3                                           |     |        | select_ln71_2  | select     | auto_sel                 | 0       |
|       ci_cnt_1_fu_471_p2                                                |     |        | ci_cnt_1       | add        | fabric                   | 0       |
|       icmp_ln79_fu_477_p2                                               |     |        | icmp_ln79      | setgt      | auto                     | 0       |
|       add_ln79_fu_542_p2                                                |     |        | add_ln79       | add        | fabric                   | 0       |
|       k_cnt_fu_548_p3                                                   |     |        | k_cnt          | select     | auto_sel                 | 0       |
|       ci_cnt_fu_483_p3                                                  |     |        | ci_cnt         | select     | auto_sel                 | 0       |
|       add_ln75_fu_378_p2                                                |     |        | add_ln75       | add        | fabric                   | 0       |
|       kci_fu_384_p3                                                     |     |        | kci            | select     | auto_sel                 | 0       |
|       icmp_ln75_fu_392_p2                                               |     |        | icmp_ln75      | seteq      | auto                     | 0       |
|       icmp_ln71_fu_398_p2                                               |     |        | icmp_ln71      | seteq      | auto                     | 0       |
|     + uc_compute_tile_8_16_16_60_32_480_480_s                           | 336 |        |                |            |                          |         |
|       add_fu_218_p2                                                     |     |        | add            | add        | fabric                   | 0       |
|       icmp_ln91_fu_236_p2                                               |     |        | icmp_ln91      | seteq      | auto                     | 0       |
|       kh_2_fu_242_p2                                                    |     |        | kh_2           | add        | fabric                   | 0       |
|       hpk_fu_252_p2                                                     |     |        | hpk            | sub        | fabric                   | 0       |
|       icmp_ln95_fu_279_p2                                               |     |        | icmp_ln95      | setne      | auto                     | 0       |
|       icmp_ln95_1_fu_295_p2                                             |     |        | icmp_ln95_1    | setne      | auto                     | 0       |
|       or_ln95_fu_301_p2                                                 |     |        | or_ln95        | or         | auto                     | 0       |
|       empty_178_fu_323_p2                                               |     |        | empty_178      | sub        | fabric                   | 0       |
|       x_base_fu_358_p2                                                  |     |        | x_base         | sub        | fabric                   | 0       |
|      + uc_compute_tile_8_16_16_60_32_480_480_Pipeline_KW_LOOP_FLAT_LOOP | 336 |        |                |            |                          |         |
|        icmp_ln98_fu_2237_p2                                             |     |        | icmp_ln98      | seteq      | auto                     | 0       |
|        add_ln98_fu_2243_p2                                              |     |        | add_ln98       | add        | fabric                   | 0       |
|        kw_2_fu_2288_p2                                                  |     |        | kw_2           | add        | fabric                   | 0       |
|        icmp_ln108_fu_2257_p2                                            |     |        | icmp_ln108     | seteq      | auto                     | 0       |
|        select_ln98_fu_2263_p3                                           |     |        | select_ln98    | select     | auto_sel                 | 0       |
|        select_ln98_1_fu_2294_p3                                         |     |        | select_ln98_1  | select     | auto_sel                 | 0       |
|        select_ln98_2_fu_4716_p3                                         |     |        | select_ln98_2  | select     | auto_sel                 | 0       |
|        select_ln98_3_fu_2301_p3                                         |     |        | select_ln98_3  | select     | auto_sel                 | 0       |
|        k_fu_2312_p2                                                     |     |        | k              | add        | fabric                   | 0       |
|        add_ln113_fu_2403_p2                                             |     |        | add_ln113      | add        | fabric                   | 0       |
|        icmp157_fu_2367_p2                                               |     |        | icmp157        | setlt      | auto                     | 0       |
|        hmul_16ns_16ns_16_4_no_dsp_1_U203                                |     | yes    | prod           | hmul       | fabric                   | 3       |
|        hadd_16ns_16ns_16_5_full_dsp_1_U35                               | 2   |        | dot            | hadd       | fulldsp                  | 4       |
|        hmul_16ns_16ns_16_4_no_dsp_1_U204                                |     | yes    | prod_1         | hmul       | fabric                   | 3       |
|        hadd_16ns_16ns_16_5_full_dsp_1_U43                               | 2   |        | dot_1          | hadd       | fulldsp                  | 4       |
|        hmul_16ns_16ns_16_4_no_dsp_1_U205                                |     | yes    | prod_2         | hmul       | fabric                   | 3       |
|        hadd_16ns_16ns_16_5_full_dsp_1_U51                               | 2   |        | dot_2          | hadd       | fulldsp                  | 4       |
|        hmul_16ns_16ns_16_4_no_dsp_1_U206                                |     | yes    | prod_3         | hmul       | fabric                   | 3       |
|        hadd_16ns_16ns_16_5_full_dsp_1_U59                               | 2   |        | dot_3          | hadd       | fulldsp                  | 4       |
|        hmul_16ns_16ns_16_4_no_dsp_1_U207                                |     | yes    | prod_4         | hmul       | fabric                   | 3       |
|        hadd_16ns_16ns_16_5_full_dsp_1_U67                               | 2   |        | dot_4          | hadd       | fulldsp                  | 4       |
|        hmul_16ns_16ns_16_4_no_dsp_1_U208                                |     | yes    | prod_5         | hmul       | fabric                   | 3       |
|        hadd_16ns_16ns_16_5_full_dsp_1_U75                               | 2   |        | dot_5          | hadd       | fulldsp                  | 4       |
|        hmul_16ns_16ns_16_4_no_dsp_1_U209                                |     | yes    | prod_6         | hmul       | fabric                   | 3       |
|        hadd_16ns_16ns_16_5_full_dsp_1_U83                               | 2   |        | dot_6          | hadd       | fulldsp                  | 4       |
|        hmul_16ns_16ns_16_4_no_dsp_1_U210                                |     | yes    | prod_7         | hmul       | fabric                   | 3       |
|        hadd_16ns_16ns_16_5_full_dsp_1_U91                               | 2   |        | dot_7          | hadd       | fulldsp                  | 4       |
|        hmul_16ns_16ns_16_4_no_dsp_1_U211                                |     | yes    | prod_8         | hmul       | fabric                   | 3       |
|        hadd_16ns_16ns_16_5_full_dsp_1_U99                               | 2   |        | dot_8          | hadd       | fulldsp                  | 4       |
|        hmul_16ns_16ns_16_4_no_dsp_1_U212                                |     | yes    | prod_9         | hmul       | fabric                   | 3       |
|        hadd_16ns_16ns_16_5_full_dsp_1_U107                              | 2   |        | dot_9          | hadd       | fulldsp                  | 4       |
|        hmul_16ns_16ns_16_4_no_dsp_1_U213                                |     | yes    | prod_10        | hmul       | fabric                   | 3       |
|        hadd_16ns_16ns_16_5_full_dsp_1_U115                              | 2   |        | dot_10         | hadd       | fulldsp                  | 4       |
|        hmul_16ns_16ns_16_4_no_dsp_1_U214                                |     | yes    | prod_11        | hmul       | fabric                   | 3       |
|        hadd_16ns_16ns_16_5_full_dsp_1_U123                              | 2   |        | dot_11         | hadd       | fulldsp                  | 4       |
|        hmul_16ns_16ns_16_4_no_dsp_1_U215                                |     | yes    | prod_12        | hmul       | fabric                   | 3       |
|        hadd_16ns_16ns_16_5_full_dsp_1_U131                              | 2   |        | dot_12         | hadd       | fulldsp                  | 4       |
|        hmul_16ns_16ns_16_4_no_dsp_1_U216                                |     | yes    | prod_13        | hmul       | fabric                   | 3       |
|        hadd_16ns_16ns_16_5_full_dsp_1_U139                              | 2   |        | dot_13         | hadd       | fulldsp                  | 4       |
|        hmul_16ns_16ns_16_4_no_dsp_1_U217                                |     | yes    | prod_14        | hmul       | fabric                   | 3       |
|        hadd_16ns_16ns_16_5_full_dsp_1_U147                              | 2   |        | dot_14         | hadd       | fulldsp                  | 4       |
|        hmul_16ns_16ns_16_4_no_dsp_1_U218                                |     | yes    | prod_15        | hmul       | fabric                   | 3       |
|        hadd_16ns_16ns_16_5_full_dsp_1_U155                              | 2   |        | dot_15         | hadd       | fulldsp                  | 4       |
|        hmul_16ns_16ns_16_4_no_dsp_1_U219                                |     | yes    | prod_127       | hmul       | fabric                   | 3       |
|        hadd_16ns_16ns_16_5_full_dsp_1_U36                               | 2   |        | dot_127        | hadd       | fulldsp                  | 4       |
|        hmul_16ns_16ns_16_4_no_dsp_1_U220                                |     | yes    | prod_16        | hmul       | fabric                   | 3       |
|        hadd_16ns_16ns_16_5_full_dsp_1_U44                               | 2   |        | dot_16         | hadd       | fulldsp                  | 4       |
|        hmul_16ns_16ns_16_4_no_dsp_1_U221                                |     | yes    | prod_17        | hmul       | fabric                   | 3       |
|        hadd_16ns_16ns_16_5_full_dsp_1_U52                               | 2   |        | dot_17         | hadd       | fulldsp                  | 4       |
|        hmul_16ns_16ns_16_4_no_dsp_1_U222                                |     | yes    | prod_18        | hmul       | fabric                   | 3       |
|        hadd_16ns_16ns_16_5_full_dsp_1_U60                               | 2   |        | dot_18         | hadd       | fulldsp                  | 4       |
|        hmul_16ns_16ns_16_4_no_dsp_1_U223                                |     | yes    | prod_19        | hmul       | fabric                   | 3       |
|        hadd_16ns_16ns_16_5_full_dsp_1_U68                               | 2   |        | dot_19         | hadd       | fulldsp                  | 4       |
|        hmul_16ns_16ns_16_4_no_dsp_1_U224                                |     | yes    | prod_20        | hmul       | fabric                   | 3       |
|        hadd_16ns_16ns_16_5_full_dsp_1_U76                               | 2   |        | dot_20         | hadd       | fulldsp                  | 4       |
|        hmul_16ns_16ns_16_4_no_dsp_1_U225                                |     | yes    | prod_21        | hmul       | fabric                   | 3       |
|        hadd_16ns_16ns_16_5_full_dsp_1_U84                               | 2   |        | dot_21         | hadd       | fulldsp                  | 4       |
|        hmul_16ns_16ns_16_4_no_dsp_1_U226                                |     | yes    | prod_22        | hmul       | fabric                   | 3       |
|        hadd_16ns_16ns_16_5_full_dsp_1_U92                               | 2   |        | dot_22         | hadd       | fulldsp                  | 4       |
|        hmul_16ns_16ns_16_4_no_dsp_1_U227                                |     | yes    | prod_23        | hmul       | fabric                   | 3       |
|        hadd_16ns_16ns_16_5_full_dsp_1_U100                              | 2   |        | dot_23         | hadd       | fulldsp                  | 4       |
|        hmul_16ns_16ns_16_4_no_dsp_1_U228                                |     | yes    | prod_24        | hmul       | fabric                   | 3       |
|        hadd_16ns_16ns_16_5_full_dsp_1_U108                              | 2   |        | dot_24         | hadd       | fulldsp                  | 4       |
|        hmul_16ns_16ns_16_4_no_dsp_1_U229                                |     | yes    | prod_25        | hmul       | fabric                   | 3       |
|        hadd_16ns_16ns_16_5_full_dsp_1_U116                              | 2   |        | dot_25         | hadd       | fulldsp                  | 4       |
|        hmul_16ns_16ns_16_4_no_dsp_1_U230                                |     | yes    | prod_26        | hmul       | fabric                   | 3       |
|        hadd_16ns_16ns_16_5_full_dsp_1_U124                              | 2   |        | dot_26         | hadd       | fulldsp                  | 4       |
|        hmul_16ns_16ns_16_4_no_dsp_1_U231                                |     | yes    | prod_27        | hmul       | fabric                   | 3       |
|        hadd_16ns_16ns_16_5_full_dsp_1_U132                              | 2   |        | dot_27         | hadd       | fulldsp                  | 4       |
|        hmul_16ns_16ns_16_4_no_dsp_1_U232                                |     | yes    | prod_28        | hmul       | fabric                   | 3       |
|        hadd_16ns_16ns_16_5_full_dsp_1_U140                              | 2   |        | dot_28         | hadd       | fulldsp                  | 4       |
|        hmul_16ns_16ns_16_4_no_dsp_1_U233                                |     | yes    | prod_29        | hmul       | fabric                   | 3       |
|        hadd_16ns_16ns_16_5_full_dsp_1_U148                              | 2   |        | dot_29         | hadd       | fulldsp                  | 4       |
|        hmul_16ns_16ns_16_4_no_dsp_1_U234                                |     | yes    | prod_30        | hmul       | fabric                   | 3       |
|        hadd_16ns_16ns_16_5_full_dsp_1_U156                              | 2   |        | dot_30         | hadd       | fulldsp                  | 4       |
|        hmul_16ns_16ns_16_4_no_dsp_1_U235                                |     | yes    | prod_31        | hmul       | fabric                   | 3       |
|        hadd_16ns_16ns_16_5_full_dsp_1_U37                               | 2   |        | dot_31         | hadd       | fulldsp                  | 4       |
|        hmul_16ns_16ns_16_4_no_dsp_1_U236                                |     | yes    | prod_32        | hmul       | fabric                   | 3       |
|        hadd_16ns_16ns_16_5_full_dsp_1_U45                               | 2   |        | dot_32         | hadd       | fulldsp                  | 4       |
|        hmul_16ns_16ns_16_4_no_dsp_1_U237                                |     | yes    | prod_33        | hmul       | fabric                   | 3       |
|        hadd_16ns_16ns_16_5_full_dsp_1_U53                               | 2   |        | dot_33         | hadd       | fulldsp                  | 4       |
|        hmul_16ns_16ns_16_4_no_dsp_1_U238                                |     | yes    | prod_34        | hmul       | fabric                   | 3       |
|        hadd_16ns_16ns_16_5_full_dsp_1_U61                               | 2   |        | dot_34         | hadd       | fulldsp                  | 4       |
|        hmul_16ns_16ns_16_4_no_dsp_1_U239                                |     | yes    | prod_35        | hmul       | fabric                   | 3       |
|        hadd_16ns_16ns_16_5_full_dsp_1_U69                               | 2   |        | dot_35         | hadd       | fulldsp                  | 4       |
|        hmul_16ns_16ns_16_4_no_dsp_1_U240                                |     | yes    | prod_36        | hmul       | fabric                   | 3       |
|        hadd_16ns_16ns_16_5_full_dsp_1_U77                               | 2   |        | dot_36         | hadd       | fulldsp                  | 4       |
|        hmul_16ns_16ns_16_4_no_dsp_1_U241                                |     | yes    | prod_37        | hmul       | fabric                   | 3       |
|        hadd_16ns_16ns_16_5_full_dsp_1_U85                               | 2   |        | dot_37         | hadd       | fulldsp                  | 4       |
|        hmul_16ns_16ns_16_4_no_dsp_1_U242                                |     | yes    | prod_38        | hmul       | fabric                   | 3       |
|        hadd_16ns_16ns_16_5_full_dsp_1_U93                               | 2   |        | dot_38         | hadd       | fulldsp                  | 4       |
|        hmul_16ns_16ns_16_4_no_dsp_1_U243                                |     | yes    | prod_39        | hmul       | fabric                   | 3       |
|        hadd_16ns_16ns_16_5_full_dsp_1_U101                              | 2   |        | dot_39         | hadd       | fulldsp                  | 4       |
|        hmul_16ns_16ns_16_4_no_dsp_1_U244                                |     | yes    | prod_40        | hmul       | fabric                   | 3       |
|        hadd_16ns_16ns_16_5_full_dsp_1_U109                              | 2   |        | dot_40         | hadd       | fulldsp                  | 4       |
|        hmul_16ns_16ns_16_4_no_dsp_1_U245                                |     | yes    | prod_41        | hmul       | fabric                   | 3       |
|        hadd_16ns_16ns_16_5_full_dsp_1_U117                              | 2   |        | dot_41         | hadd       | fulldsp                  | 4       |
|        hmul_16ns_16ns_16_4_no_dsp_1_U246                                |     | yes    | prod_42        | hmul       | fabric                   | 3       |
|        hadd_16ns_16ns_16_5_full_dsp_1_U125                              | 2   |        | dot_42         | hadd       | fulldsp                  | 4       |
|        hmul_16ns_16ns_16_4_no_dsp_1_U247                                |     | yes    | prod_43        | hmul       | fabric                   | 3       |
|        hadd_16ns_16ns_16_5_full_dsp_1_U133                              | 2   |        | dot_43         | hadd       | fulldsp                  | 4       |
|        hmul_16ns_16ns_16_4_no_dsp_1_U248                                |     | yes    | prod_44        | hmul       | fabric                   | 3       |
|        hadd_16ns_16ns_16_5_full_dsp_1_U141                              | 2   |        | dot_44         | hadd       | fulldsp                  | 4       |
|        hmul_16ns_16ns_16_4_no_dsp_1_U249                                |     | yes    | prod_45        | hmul       | fabric                   | 3       |
|        hadd_16ns_16ns_16_5_full_dsp_1_U149                              | 2   |        | dot_45         | hadd       | fulldsp                  | 4       |
|        hmul_16ns_16ns_16_4_no_dsp_1_U250                                |     | yes    | prod_46        | hmul       | fabric                   | 3       |
|        hadd_16ns_16ns_16_5_full_dsp_1_U157                              | 2   |        | dot_46         | hadd       | fulldsp                  | 4       |
|        hmul_16ns_16ns_16_4_no_dsp_1_U251                                |     | yes    | prod_47        | hmul       | fabric                   | 3       |
|        hadd_16ns_16ns_16_5_full_dsp_1_U38                               | 2   |        | dot_47         | hadd       | fulldsp                  | 4       |
|        hmul_16ns_16ns_16_4_no_dsp_1_U252                                |     | yes    | prod_48        | hmul       | fabric                   | 3       |
|        hadd_16ns_16ns_16_5_full_dsp_1_U46                               | 2   |        | dot_48         | hadd       | fulldsp                  | 4       |
|        hmul_16ns_16ns_16_4_no_dsp_1_U253                                |     | yes    | prod_49        | hmul       | fabric                   | 3       |
|        hadd_16ns_16ns_16_5_full_dsp_1_U54                               | 2   |        | dot_49         | hadd       | fulldsp                  | 4       |
|        hmul_16ns_16ns_16_4_no_dsp_1_U254                                |     | yes    | prod_50        | hmul       | fabric                   | 3       |
|        hadd_16ns_16ns_16_5_full_dsp_1_U62                               | 2   |        | dot_50         | hadd       | fulldsp                  | 4       |
|        hmul_16ns_16ns_16_4_no_dsp_1_U255                                |     | yes    | prod_51        | hmul       | fabric                   | 3       |
|        hadd_16ns_16ns_16_5_full_dsp_1_U70                               | 2   |        | dot_51         | hadd       | fulldsp                  | 4       |
|        hmul_16ns_16ns_16_4_no_dsp_1_U256                                |     | yes    | prod_52        | hmul       | fabric                   | 3       |
|        hadd_16ns_16ns_16_5_full_dsp_1_U78                               | 2   |        | dot_52         | hadd       | fulldsp                  | 4       |
|        hmul_16ns_16ns_16_4_no_dsp_1_U257                                |     | yes    | prod_53        | hmul       | fabric                   | 3       |
|        hadd_16ns_16ns_16_5_full_dsp_1_U86                               | 2   |        | dot_53         | hadd       | fulldsp                  | 4       |
|        hmul_16ns_16ns_16_4_no_dsp_1_U258                                |     | yes    | prod_54        | hmul       | fabric                   | 3       |
|        hadd_16ns_16ns_16_5_full_dsp_1_U94                               | 2   |        | dot_54         | hadd       | fulldsp                  | 4       |
|        hmul_16ns_16ns_16_4_no_dsp_1_U259                                |     | yes    | prod_55        | hmul       | fabric                   | 3       |
|        hadd_16ns_16ns_16_5_full_dsp_1_U102                              | 2   |        | dot_55         | hadd       | fulldsp                  | 4       |
|        hmul_16ns_16ns_16_4_no_dsp_1_U260                                |     | yes    | prod_56        | hmul       | fabric                   | 3       |
|        hadd_16ns_16ns_16_5_full_dsp_1_U110                              | 2   |        | dot_56         | hadd       | fulldsp                  | 4       |
|        hmul_16ns_16ns_16_4_no_dsp_1_U261                                |     | yes    | prod_57        | hmul       | fabric                   | 3       |
|        hadd_16ns_16ns_16_5_full_dsp_1_U118                              | 2   |        | dot_57         | hadd       | fulldsp                  | 4       |
|        hmul_16ns_16ns_16_4_no_dsp_1_U262                                |     | yes    | prod_58        | hmul       | fabric                   | 3       |
|        hadd_16ns_16ns_16_5_full_dsp_1_U126                              | 2   |        | dot_58         | hadd       | fulldsp                  | 4       |
|        hmul_16ns_16ns_16_4_no_dsp_1_U263                                |     | yes    | prod_59        | hmul       | fabric                   | 3       |
|        hadd_16ns_16ns_16_5_full_dsp_1_U134                              | 2   |        | dot_59         | hadd       | fulldsp                  | 4       |
|        hmul_16ns_16ns_16_4_no_dsp_1_U264                                |     | yes    | prod_60        | hmul       | fabric                   | 3       |
|        hadd_16ns_16ns_16_5_full_dsp_1_U142                              | 2   |        | dot_60         | hadd       | fulldsp                  | 4       |
|        hmul_16ns_16ns_16_4_no_dsp_1_U265                                |     | yes    | prod_61        | hmul       | fabric                   | 3       |
|        hadd_16ns_16ns_16_5_full_dsp_1_U150                              | 2   |        | dot_61         | hadd       | fulldsp                  | 4       |
|        hmul_16ns_16ns_16_4_no_dsp_1_U266                                |     | yes    | prod_62        | hmul       | fabric                   | 3       |
|        hadd_16ns_16ns_16_5_full_dsp_1_U158                              | 2   |        | dot_62         | hadd       | fulldsp                  | 4       |
|        hmul_16ns_16ns_16_4_no_dsp_1_U267                                |     | yes    | prod_63        | hmul       | fabric                   | 3       |
|        hadd_16ns_16ns_16_5_full_dsp_1_U39                               | 2   |        | dot_63         | hadd       | fulldsp                  | 4       |
|        hmul_16ns_16ns_16_4_no_dsp_1_U268                                |     | yes    | prod_64        | hmul       | fabric                   | 3       |
|        hadd_16ns_16ns_16_5_full_dsp_1_U47                               | 2   |        | dot_64         | hadd       | fulldsp                  | 4       |
|        hmul_16ns_16ns_16_4_no_dsp_1_U269                                |     | yes    | prod_65        | hmul       | fabric                   | 3       |
|        hadd_16ns_16ns_16_5_full_dsp_1_U55                               | 2   |        | dot_65         | hadd       | fulldsp                  | 4       |
|        hmul_16ns_16ns_16_4_no_dsp_1_U270                                |     | yes    | prod_66        | hmul       | fabric                   | 3       |
|        hadd_16ns_16ns_16_5_full_dsp_1_U63                               | 2   |        | dot_66         | hadd       | fulldsp                  | 4       |
|        hmul_16ns_16ns_16_4_no_dsp_1_U271                                |     | yes    | prod_67        | hmul       | fabric                   | 3       |
|        hadd_16ns_16ns_16_5_full_dsp_1_U71                               | 2   |        | dot_67         | hadd       | fulldsp                  | 4       |
|        hmul_16ns_16ns_16_4_no_dsp_1_U272                                |     | yes    | prod_68        | hmul       | fabric                   | 3       |
|        hadd_16ns_16ns_16_5_full_dsp_1_U79                               | 2   |        | dot_68         | hadd       | fulldsp                  | 4       |
|        hmul_16ns_16ns_16_4_no_dsp_1_U273                                |     | yes    | prod_69        | hmul       | fabric                   | 3       |
|        hadd_16ns_16ns_16_5_full_dsp_1_U87                               | 2   |        | dot_69         | hadd       | fulldsp                  | 4       |
|        hmul_16ns_16ns_16_4_no_dsp_1_U274                                |     | yes    | prod_70        | hmul       | fabric                   | 3       |
|        hadd_16ns_16ns_16_5_full_dsp_1_U95                               | 2   |        | dot_70         | hadd       | fulldsp                  | 4       |
|        hmul_16ns_16ns_16_4_no_dsp_1_U275                                |     | yes    | prod_71        | hmul       | fabric                   | 3       |
|        hadd_16ns_16ns_16_5_full_dsp_1_U103                              | 2   |        | dot_71         | hadd       | fulldsp                  | 4       |
|        hmul_16ns_16ns_16_4_no_dsp_1_U276                                |     | yes    | prod_72        | hmul       | fabric                   | 3       |
|        hadd_16ns_16ns_16_5_full_dsp_1_U111                              | 2   |        | dot_72         | hadd       | fulldsp                  | 4       |
|        hmul_16ns_16ns_16_4_no_dsp_1_U277                                |     | yes    | prod_73        | hmul       | fabric                   | 3       |
|        hadd_16ns_16ns_16_5_full_dsp_1_U119                              | 2   |        | dot_73         | hadd       | fulldsp                  | 4       |
|        hmul_16ns_16ns_16_4_no_dsp_1_U278                                |     | yes    | prod_74        | hmul       | fabric                   | 3       |
|        hadd_16ns_16ns_16_5_full_dsp_1_U127                              | 2   |        | dot_74         | hadd       | fulldsp                  | 4       |
|        hmul_16ns_16ns_16_4_no_dsp_1_U279                                |     | yes    | prod_75        | hmul       | fabric                   | 3       |
|        hadd_16ns_16ns_16_5_full_dsp_1_U135                              | 2   |        | dot_75         | hadd       | fulldsp                  | 4       |
|        hmul_16ns_16ns_16_4_no_dsp_1_U280                                |     | yes    | prod_76        | hmul       | fabric                   | 3       |
|        hadd_16ns_16ns_16_5_full_dsp_1_U143                              | 2   |        | dot_76         | hadd       | fulldsp                  | 4       |
|        hmul_16ns_16ns_16_4_no_dsp_1_U281                                |     | yes    | prod_77        | hmul       | fabric                   | 3       |
|        hadd_16ns_16ns_16_5_full_dsp_1_U151                              | 2   |        | dot_77         | hadd       | fulldsp                  | 4       |
|        hmul_16ns_16ns_16_4_no_dsp_1_U282                                |     | yes    | prod_78        | hmul       | fabric                   | 3       |
|        hadd_16ns_16ns_16_5_full_dsp_1_U159                              | 2   |        | dot_78         | hadd       | fulldsp                  | 4       |
|        hmul_16ns_16ns_16_4_no_dsp_1_U283                                |     | yes    | prod_79        | hmul       | fabric                   | 3       |
|        hadd_16ns_16ns_16_5_full_dsp_1_U40                               | 2   |        | dot_79         | hadd       | fulldsp                  | 4       |
|        hmul_16ns_16ns_16_4_no_dsp_1_U284                                |     | yes    | prod_80        | hmul       | fabric                   | 3       |
|        hadd_16ns_16ns_16_5_full_dsp_1_U48                               | 2   |        | dot_80         | hadd       | fulldsp                  | 4       |
|        hmul_16ns_16ns_16_4_no_dsp_1_U285                                |     | yes    | prod_81        | hmul       | fabric                   | 3       |
|        hadd_16ns_16ns_16_5_full_dsp_1_U56                               | 2   |        | dot_81         | hadd       | fulldsp                  | 4       |
|        hmul_16ns_16ns_16_4_no_dsp_1_U286                                |     | yes    | prod_82        | hmul       | fabric                   | 3       |
|        hadd_16ns_16ns_16_5_full_dsp_1_U64                               | 2   |        | dot_82         | hadd       | fulldsp                  | 4       |
|        hmul_16ns_16ns_16_4_no_dsp_1_U287                                |     | yes    | prod_83        | hmul       | fabric                   | 3       |
|        hadd_16ns_16ns_16_5_full_dsp_1_U72                               | 2   |        | dot_83         | hadd       | fulldsp                  | 4       |
|        hmul_16ns_16ns_16_4_no_dsp_1_U288                                |     | yes    | prod_84        | hmul       | fabric                   | 3       |
|        hadd_16ns_16ns_16_5_full_dsp_1_U80                               | 2   |        | dot_84         | hadd       | fulldsp                  | 4       |
|        hmul_16ns_16ns_16_4_no_dsp_1_U289                                |     | yes    | prod_85        | hmul       | fabric                   | 3       |
|        hadd_16ns_16ns_16_5_full_dsp_1_U88                               | 2   |        | dot_85         | hadd       | fulldsp                  | 4       |
|        hmul_16ns_16ns_16_4_no_dsp_1_U290                                |     | yes    | prod_86        | hmul       | fabric                   | 3       |
|        hadd_16ns_16ns_16_5_full_dsp_1_U96                               | 2   |        | dot_86         | hadd       | fulldsp                  | 4       |
|        hmul_16ns_16ns_16_4_no_dsp_1_U291                                |     | yes    | prod_87        | hmul       | fabric                   | 3       |
|        hadd_16ns_16ns_16_5_full_dsp_1_U104                              | 2   |        | dot_87         | hadd       | fulldsp                  | 4       |
|        hmul_16ns_16ns_16_4_no_dsp_1_U292                                |     | yes    | prod_88        | hmul       | fabric                   | 3       |
|        hadd_16ns_16ns_16_5_full_dsp_1_U112                              | 2   |        | dot_88         | hadd       | fulldsp                  | 4       |
|        hmul_16ns_16ns_16_4_no_dsp_1_U293                                |     | yes    | prod_89        | hmul       | fabric                   | 3       |
|        hadd_16ns_16ns_16_5_full_dsp_1_U120                              | 2   |        | dot_89         | hadd       | fulldsp                  | 4       |
|        hmul_16ns_16ns_16_4_no_dsp_1_U294                                |     | yes    | prod_90        | hmul       | fabric                   | 3       |
|        hadd_16ns_16ns_16_5_full_dsp_1_U128                              | 2   |        | dot_90         | hadd       | fulldsp                  | 4       |
|        hmul_16ns_16ns_16_4_no_dsp_1_U295                                |     | yes    | prod_91        | hmul       | fabric                   | 3       |
|        hadd_16ns_16ns_16_5_full_dsp_1_U136                              | 2   |        | dot_91         | hadd       | fulldsp                  | 4       |
|        hmul_16ns_16ns_16_4_no_dsp_1_U296                                |     | yes    | prod_92        | hmul       | fabric                   | 3       |
|        hadd_16ns_16ns_16_5_full_dsp_1_U144                              | 2   |        | dot_92         | hadd       | fulldsp                  | 4       |
|        hmul_16ns_16ns_16_4_no_dsp_1_U297                                |     | yes    | prod_93        | hmul       | fabric                   | 3       |
|        hadd_16ns_16ns_16_5_full_dsp_1_U152                              | 2   |        | dot_93         | hadd       | fulldsp                  | 4       |
|        hmul_16ns_16ns_16_4_no_dsp_1_U298                                |     | yes    | prod_94        | hmul       | fabric                   | 3       |
|        hadd_16ns_16ns_16_5_full_dsp_1_U160                              | 2   |        | dot_94         | hadd       | fulldsp                  | 4       |
|        hmul_16ns_16ns_16_4_no_dsp_1_U299                                |     | yes    | prod_95        | hmul       | fabric                   | 3       |
|        hadd_16ns_16ns_16_5_full_dsp_1_U41                               | 2   |        | dot_95         | hadd       | fulldsp                  | 4       |
|        hmul_16ns_16ns_16_4_no_dsp_1_U300                                |     | yes    | prod_96        | hmul       | fabric                   | 3       |
|        hadd_16ns_16ns_16_5_full_dsp_1_U49                               | 2   |        | dot_96         | hadd       | fulldsp                  | 4       |
|        hmul_16ns_16ns_16_4_no_dsp_1_U301                                |     | yes    | prod_97        | hmul       | fabric                   | 3       |
|        hadd_16ns_16ns_16_5_full_dsp_1_U57                               | 2   |        | dot_97         | hadd       | fulldsp                  | 4       |
|        hmul_16ns_16ns_16_4_no_dsp_1_U302                                |     | yes    | prod_98        | hmul       | fabric                   | 3       |
|        hadd_16ns_16ns_16_5_full_dsp_1_U65                               | 2   |        | dot_98         | hadd       | fulldsp                  | 4       |
|        hmul_16ns_16ns_16_4_no_dsp_1_U303                                |     | yes    | prod_99        | hmul       | fabric                   | 3       |
|        hadd_16ns_16ns_16_5_full_dsp_1_U73                               | 2   |        | dot_99         | hadd       | fulldsp                  | 4       |
|        hmul_16ns_16ns_16_4_no_dsp_1_U304                                |     | yes    | prod_100       | hmul       | fabric                   | 3       |
|        hadd_16ns_16ns_16_5_full_dsp_1_U81                               | 2   |        | dot_100        | hadd       | fulldsp                  | 4       |
|        hmul_16ns_16ns_16_4_no_dsp_1_U305                                |     | yes    | prod_101       | hmul       | fabric                   | 3       |
|        hadd_16ns_16ns_16_5_full_dsp_1_U89                               | 2   |        | dot_101        | hadd       | fulldsp                  | 4       |
|        hmul_16ns_16ns_16_4_no_dsp_1_U306                                |     | yes    | prod_102       | hmul       | fabric                   | 3       |
|        hadd_16ns_16ns_16_5_full_dsp_1_U97                               | 2   |        | dot_102        | hadd       | fulldsp                  | 4       |
|        hmul_16ns_16ns_16_4_no_dsp_1_U307                                |     | yes    | prod_103       | hmul       | fabric                   | 3       |
|        hadd_16ns_16ns_16_5_full_dsp_1_U105                              | 2   |        | dot_103        | hadd       | fulldsp                  | 4       |
|        hmul_16ns_16ns_16_4_no_dsp_1_U308                                |     | yes    | prod_104       | hmul       | fabric                   | 3       |
|        hadd_16ns_16ns_16_5_full_dsp_1_U113                              | 2   |        | dot_104        | hadd       | fulldsp                  | 4       |
|        hmul_16ns_16ns_16_4_no_dsp_1_U309                                |     | yes    | prod_105       | hmul       | fabric                   | 3       |
|        hadd_16ns_16ns_16_5_full_dsp_1_U121                              | 2   |        | dot_105        | hadd       | fulldsp                  | 4       |
|        hmul_16ns_16ns_16_4_no_dsp_1_U310                                |     | yes    | prod_106       | hmul       | fabric                   | 3       |
|        hadd_16ns_16ns_16_5_full_dsp_1_U129                              | 2   |        | dot_106        | hadd       | fulldsp                  | 4       |
|        hmul_16ns_16ns_16_4_no_dsp_1_U311                                |     | yes    | prod_107       | hmul       | fabric                   | 3       |
|        hadd_16ns_16ns_16_5_full_dsp_1_U137                              | 2   |        | dot_107        | hadd       | fulldsp                  | 4       |
|        hmul_16ns_16ns_16_4_no_dsp_1_U312                                |     | yes    | prod_108       | hmul       | fabric                   | 3       |
|        hadd_16ns_16ns_16_5_full_dsp_1_U145                              | 2   |        | dot_108        | hadd       | fulldsp                  | 4       |
|        hmul_16ns_16ns_16_4_no_dsp_1_U313                                |     | yes    | prod_109       | hmul       | fabric                   | 3       |
|        hadd_16ns_16ns_16_5_full_dsp_1_U153                              | 2   |        | dot_109        | hadd       | fulldsp                  | 4       |
|        hmul_16ns_16ns_16_4_no_dsp_1_U314                                |     | yes    | prod_110       | hmul       | fabric                   | 3       |
|        hadd_16ns_16ns_16_5_full_dsp_1_U161                              | 2   |        | dot_110        | hadd       | fulldsp                  | 4       |
|        hmul_16ns_16ns_16_4_no_dsp_1_U315                                |     | yes    | prod_111       | hmul       | fabric                   | 3       |
|        hadd_16ns_16ns_16_5_full_dsp_1_U42                               | 2   |        | dot_111        | hadd       | fulldsp                  | 4       |
|        hmul_16ns_16ns_16_4_no_dsp_1_U316                                |     | yes    | prod_112       | hmul       | fabric                   | 3       |
|        hadd_16ns_16ns_16_5_full_dsp_1_U50                               | 2   |        | dot_112        | hadd       | fulldsp                  | 4       |
|        hmul_16ns_16ns_16_4_no_dsp_1_U317                                |     | yes    | prod_113       | hmul       | fabric                   | 3       |
|        hadd_16ns_16ns_16_5_full_dsp_1_U58                               | 2   |        | dot_113        | hadd       | fulldsp                  | 4       |
|        hmul_16ns_16ns_16_4_no_dsp_1_U318                                |     | yes    | prod_114       | hmul       | fabric                   | 3       |
|        hadd_16ns_16ns_16_5_full_dsp_1_U66                               | 2   |        | dot_114        | hadd       | fulldsp                  | 4       |
|        hmul_16ns_16ns_16_4_no_dsp_1_U319                                |     | yes    | prod_115       | hmul       | fabric                   | 3       |
|        hadd_16ns_16ns_16_5_full_dsp_1_U74                               | 2   |        | dot_115        | hadd       | fulldsp                  | 4       |
|        hmul_16ns_16ns_16_4_no_dsp_1_U320                                |     | yes    | prod_116       | hmul       | fabric                   | 3       |
|        hadd_16ns_16ns_16_5_full_dsp_1_U82                               | 2   |        | dot_116        | hadd       | fulldsp                  | 4       |
|        hmul_16ns_16ns_16_4_no_dsp_1_U321                                |     | yes    | prod_117       | hmul       | fabric                   | 3       |
|        hadd_16ns_16ns_16_5_full_dsp_1_U90                               | 2   |        | dot_117        | hadd       | fulldsp                  | 4       |
|        hmul_16ns_16ns_16_4_no_dsp_1_U322                                |     | yes    | prod_118       | hmul       | fabric                   | 3       |
|        hadd_16ns_16ns_16_5_full_dsp_1_U98                               | 2   |        | dot_118        | hadd       | fulldsp                  | 4       |
|        hmul_16ns_16ns_16_4_no_dsp_1_U323                                |     | yes    | prod_119       | hmul       | fabric                   | 3       |
|        hadd_16ns_16ns_16_5_full_dsp_1_U106                              | 2   |        | dot_119        | hadd       | fulldsp                  | 4       |
|        hmul_16ns_16ns_16_4_no_dsp_1_U324                                |     | yes    | prod_120       | hmul       | fabric                   | 3       |
|        hadd_16ns_16ns_16_5_full_dsp_1_U114                              | 2   |        | dot_120        | hadd       | fulldsp                  | 4       |
|        hmul_16ns_16ns_16_4_no_dsp_1_U325                                |     | yes    | prod_121       | hmul       | fabric                   | 3       |
|        hadd_16ns_16ns_16_5_full_dsp_1_U122                              | 2   |        | dot_121        | hadd       | fulldsp                  | 4       |
|        hmul_16ns_16ns_16_4_no_dsp_1_U326                                |     | yes    | prod_122       | hmul       | fabric                   | 3       |
|        hadd_16ns_16ns_16_5_full_dsp_1_U130                              | 2   |        | dot_122        | hadd       | fulldsp                  | 4       |
|        hmul_16ns_16ns_16_4_no_dsp_1_U327                                |     | yes    | prod_123       | hmul       | fabric                   | 3       |
|        hadd_16ns_16ns_16_5_full_dsp_1_U138                              | 2   |        | dot_123        | hadd       | fulldsp                  | 4       |
|        hmul_16ns_16ns_16_4_no_dsp_1_U328                                |     | yes    | prod_124       | hmul       | fabric                   | 3       |
|        hadd_16ns_16ns_16_5_full_dsp_1_U146                              | 2   |        | dot_124        | hadd       | fulldsp                  | 4       |
|        hmul_16ns_16ns_16_4_no_dsp_1_U329                                |     | yes    | prod_125       | hmul       | fabric                   | 3       |
|        hadd_16ns_16ns_16_5_full_dsp_1_U154                              | 2   |        | dot_125        | hadd       | fulldsp                  | 4       |
|        hmul_16ns_16ns_16_4_no_dsp_1_U330                                |     | yes    | prod_126       | hmul       | fabric                   | 3       |
|        hadd_16ns_16ns_16_5_full_dsp_1_U162                              | 2   |        | dot_126        | hadd       | fulldsp                  | 4       |
|        sparsemux_9_2_16_1_1_U331                                        |     |        | tmp_s          | sparsemux  | compactencoding_dontcare | 0       |
|        hadd_16ns_16ns_16_5_full_dsp_1_U163                              | 2   |        | add2           | hadd       | fulldsp                  | 4       |
|        sparsemux_9_2_16_1_1_U332                                        |     |        | tmp            | sparsemux  | compactencoding_dontcare | 0       |
|        hadd_16ns_16ns_16_5_full_dsp_1_U164                              | 2   |        | add57_1        | hadd       | fulldsp                  | 4       |
|        sparsemux_9_2_16_1_1_U333                                        |     |        | tmp_1          | sparsemux  | compactencoding_dontcare | 0       |
|        hadd_16ns_16ns_16_5_full_dsp_1_U165                              | 2   |        | add57_2        | hadd       | fulldsp                  | 4       |
|        sparsemux_9_2_16_1_1_U334                                        |     |        | tmp_2          | sparsemux  | compactencoding_dontcare | 0       |
|        hadd_16ns_16ns_16_5_full_dsp_1_U166                              | 2   |        | add57_3        | hadd       | fulldsp                  | 4       |
|        sparsemux_9_2_16_1_1_U335                                        |     |        | tmp_3          | sparsemux  | compactencoding_dontcare | 0       |
|        hadd_16ns_16ns_16_5_full_dsp_1_U167                              | 2   |        | add57_4        | hadd       | fulldsp                  | 4       |
|        sparsemux_9_2_16_1_1_U336                                        |     |        | tmp_4          | sparsemux  | compactencoding_dontcare | 0       |
|        hadd_16ns_16ns_16_5_full_dsp_1_U168                              | 2   |        | add57_5        | hadd       | fulldsp                  | 4       |
|        sparsemux_9_2_16_1_1_U337                                        |     |        | tmp_5          | sparsemux  | compactencoding_dontcare | 0       |
|        hadd_16ns_16ns_16_5_full_dsp_1_U169                              | 2   |        | add57_6        | hadd       | fulldsp                  | 4       |
|        sparsemux_9_2_16_1_1_U338                                        |     |        | tmp_6          | sparsemux  | compactencoding_dontcare | 0       |
|        hadd_16ns_16ns_16_5_full_dsp_1_U170                              | 2   |        | add57_7        | hadd       | fulldsp                  | 4       |
|        psum_38_fu_4508_p3                                               |     |        | psum_38        | select     | auto_sel                 | 0       |
|        psum_36_fu_4513_p3                                               |     |        | psum_36        | select     | auto_sel                 | 0       |
|        psum_34_fu_4518_p3                                               |     |        | psum_34        | select     | auto_sel                 | 0       |
|        psum_32_fu_4523_p3                                               |     |        | psum_32        | select     | auto_sel                 | 0       |
|        psum_33_fu_4528_p3                                               |     |        | psum_33        | select     | auto_sel                 | 0       |
|        psum_35_fu_4533_p3                                               |     |        | psum_35        | select     | auto_sel                 | 0       |
|        psum_37_fu_4538_p3                                               |     |        | psum_37        | select     | auto_sel                 | 0       |
|        psum_39_fu_4543_p3                                               |     |        | psum_39        | select     | auto_sel                 | 0       |
|        icmp_ln132_fu_2373_p2                                            |     |        | icmp_ln132     | seteq      | auto                     | 0       |
|        ci_w_1_fu_2379_p2                                                |     |        | ci_w_1         | add        | fabric                   | 0       |
|        add_ln133_fu_4708_p2                                             |     |        | add_ln133      | add        | fabric                   | 0       |
|        wo_fu_4737_p2                                                    |     |        | wo             | add        | fabric                   | 0       |
|        icmp_ln134_fu_4753_p2                                            |     |        | icmp_ln134     | seteq      | auto                     | 0       |
|        hadd_16ns_16ns_16_5_full_dsp_1_U171                              | 2   |        | add3           | hadd       | fulldsp                  | 4       |
|        hadd_16ns_16ns_16_5_full_dsp_1_U179                              | 2   |        | add4           | hadd       | fulldsp                  | 4       |
|        hadd_16ns_16ns_16_5_full_dsp_1_U187                              | 2   |        | total          | hadd       | fulldsp                  | 4       |
|        select_ln139_fu_4952_p3                                          |     |        | select_ln139   | select     | auto_sel                 | 0       |
|        hadd_16ns_16ns_16_5_full_dsp_1_U195                              | 2   |        | add6           | hadd       | fulldsp                  | 4       |
|        hadd_16ns_16ns_16_5_full_dsp_1_U172                              | 2   |        | add84_1        | hadd       | fulldsp                  | 4       |
|        hadd_16ns_16ns_16_5_full_dsp_1_U180                              | 2   |        | add88_1        | hadd       | fulldsp                  | 4       |
|        hadd_16ns_16ns_16_5_full_dsp_1_U188                              | 2   |        | total_1        | hadd       | fulldsp                  | 4       |
|        select_ln139_1_fu_4959_p3                                        |     |        | select_ln139_1 | select     | auto_sel                 | 0       |
|        hadd_16ns_16ns_16_5_full_dsp_1_U196                              | 2   |        | add98_1        | hadd       | fulldsp                  | 4       |
|        hadd_16ns_16ns_16_5_full_dsp_1_U173                              | 2   |        | add84_2        | hadd       | fulldsp                  | 4       |
|        hadd_16ns_16ns_16_5_full_dsp_1_U181                              | 2   |        | add88_2        | hadd       | fulldsp                  | 4       |
|        hadd_16ns_16ns_16_5_full_dsp_1_U189                              | 2   |        | total_2        | hadd       | fulldsp                  | 4       |
|        select_ln139_2_fu_4966_p3                                        |     |        | select_ln139_2 | select     | auto_sel                 | 0       |
|        hadd_16ns_16ns_16_5_full_dsp_1_U197                              | 2   |        | add98_2        | hadd       | fulldsp                  | 4       |
|        hadd_16ns_16ns_16_5_full_dsp_1_U174                              | 2   |        | add84_3        | hadd       | fulldsp                  | 4       |
|        hadd_16ns_16ns_16_5_full_dsp_1_U182                              | 2   |        | add88_3        | hadd       | fulldsp                  | 4       |
|        hadd_16ns_16ns_16_5_full_dsp_1_U190                              | 2   |        | total_3        | hadd       | fulldsp                  | 4       |
|        select_ln139_3_fu_4973_p3                                        |     |        | select_ln139_3 | select     | auto_sel                 | 0       |
|        hadd_16ns_16ns_16_5_full_dsp_1_U198                              | 2   |        | add98_3        | hadd       | fulldsp                  | 4       |
|        hadd_16ns_16ns_16_5_full_dsp_1_U175                              | 2   |        | add84_4        | hadd       | fulldsp                  | 4       |
|        hadd_16ns_16ns_16_5_full_dsp_1_U183                              | 2   |        | add88_4        | hadd       | fulldsp                  | 4       |
|        hadd_16ns_16ns_16_5_full_dsp_1_U191                              | 2   |        | total_4        | hadd       | fulldsp                  | 4       |
|        select_ln139_4_fu_4980_p3                                        |     |        | select_ln139_4 | select     | auto_sel                 | 0       |
|        hadd_16ns_16ns_16_5_full_dsp_1_U199                              | 2   |        | add98_4        | hadd       | fulldsp                  | 4       |
|        hadd_16ns_16ns_16_5_full_dsp_1_U176                              | 2   |        | add84_5        | hadd       | fulldsp                  | 4       |
|        hadd_16ns_16ns_16_5_full_dsp_1_U184                              | 2   |        | add88_5        | hadd       | fulldsp                  | 4       |
|        hadd_16ns_16ns_16_5_full_dsp_1_U192                              | 2   |        | total_5        | hadd       | fulldsp                  | 4       |
|        select_ln139_5_fu_4987_p3                                        |     |        | select_ln139_5 | select     | auto_sel                 | 0       |
|        hadd_16ns_16ns_16_5_full_dsp_1_U200                              | 2   |        | add98_5        | hadd       | fulldsp                  | 4       |
|        hadd_16ns_16ns_16_5_full_dsp_1_U177                              | 2   |        | add84_6        | hadd       | fulldsp                  | 4       |
|        hadd_16ns_16ns_16_5_full_dsp_1_U185                              | 2   |        | add88_6        | hadd       | fulldsp                  | 4       |
|        hadd_16ns_16ns_16_5_full_dsp_1_U193                              | 2   |        | total_6        | hadd       | fulldsp                  | 4       |
|        select_ln139_6_fu_4994_p3                                        |     |        | select_ln139_6 | select     | auto_sel                 | 0       |
|        hadd_16ns_16ns_16_5_full_dsp_1_U201                              | 2   |        | add98_6        | hadd       | fulldsp                  | 4       |
|        hadd_16ns_16ns_16_5_full_dsp_1_U178                              | 2   |        | add84_7        | hadd       | fulldsp                  | 4       |
|        hadd_16ns_16ns_16_5_full_dsp_1_U186                              | 2   |        | add88_7        | hadd       | fulldsp                  | 4       |
|        hadd_16ns_16ns_16_5_full_dsp_1_U194                              | 2   |        | total_7        | hadd       | fulldsp                  | 4       |
|        select_ln139_7_fu_5001_p3                                        |     |        | select_ln139_7 | select     | auto_sel                 | 0       |
|        hadd_16ns_16ns_16_5_full_dsp_1_U202                              | 2   |        | add98_7        | hadd       | fulldsp                  | 4       |
|        wi_1_fu_4858_p2                                                  |     |        | wi_1           | add        | fabric                   | 0       |
|        add_ln108_fu_2271_p2                                             |     |        | add_ln108      | add        | fabric                   | 0       |
|   + UpConv_Fused_Row_8_16_16_960_480_Pipeline_PIXEL_STATS               | 46  |        |                |            |                          |         |
|     icmp_ln227_fu_733_p2                                                |     |        | icmp_ln227     | seteq      | auto                     | 0       |
|     m_3_fu_739_p2                                                       |     |        | m_3            | add        | fabric                   | 0       |
|     sub_ln233_fu_753_p2                                                 |     |        | sub_ln233      | sub        | fabric                   | 0       |
|     sub_ln233_1_fu_769_p2                                               |     |        | sub_ln233_1    | sub        | fabric                   | 0       |
|     select_ln233_fu_833_p3                                              |     |        | select_ln233   | select     | auto_sel                 | 0       |
|     sub_ln233_2_fu_845_p2                                               |     |        | sub_ln233_2    | sub        | fabric                   | 0       |
|     sub_ln233_3_fu_938_p2                                               |     |        | sub_ln233_3    | sub        | fabric                   | 0       |
|     select_ln233_1_fu_947_p3                                            |     |        | select_ln233_1 | select     | auto_sel                 | 0       |
|     partselect_16ns_256ns_32s_16_1_1_U478                               |     |        | u              | partselect | auto                     | 0       |
|     sparsemux_33_4_16_1_1_U479                                          |     |        | tmp            | sparsemux  | compactencoding_dontcare | 0       |
|     icmp_ln237_fu_915_p2                                                |     |        | icmp_ln237     | setlt      | auto                     | 0       |
|     fmul_32ns_32ns_32_7_max_dsp_1_U469                                  | 3   |        | mul            | fmul       | maxdsp                   | 6       |
|     sparsemux_17_3_32_1_1_U480                                          |     |        | tmp_s          | sparsemux  | compactencoding_dontcare | 0       |
|     fadd_32ns_32ns_32_11_full_dsp_1_U449                                | 2   |        | sum_rot_9      | fadd       | fulldsp                  | 10      |
|     sparsemux_17_3_32_1_1_U481                                          |     |        | tmp_1          | sparsemux  | compactencoding_dontcare | 0       |
|     fadd_32ns_32ns_32_11_full_dsp_1_U450                                | 2   |        | add8           | fadd       | fulldsp                  | 10      |
|     icmp_ln240_fu_775_p2                                                |     |        | icmp_ln240     | seteq      | auto                     | 0       |
|     cs_2_fu_781_p2                                                      |     |        | cs_2           | add        | fabric                   | 0       |
|     fadd_32ns_32ns_32_11_full_dsp_1_U451                                | 2   |        | sum            | fadd       | fulldsp                  | 10      |
|     fadd_32ns_32ns_32_11_full_dsp_1_U452                                | 2   |        | sumsq          | fadd       | fulldsp                  | 10      |
|     fadd_32ns_32ns_32_11_full_dsp_1_U453                                | 2   |        | sum_1          | fadd       | fulldsp                  | 10      |
|     fadd_32ns_32ns_32_11_full_dsp_1_U454                                | 2   |        | sumsq_1        | fadd       | fulldsp                  | 10      |
|     fadd_32ns_32ns_32_11_full_dsp_1_U455                                | 2   |        | sum_2          | fadd       | fulldsp                  | 10      |
|     fadd_32ns_32ns_32_11_full_dsp_1_U456                                | 2   |        | sumsq_2        | fadd       | fulldsp                  | 10      |
|     fadd_32ns_32ns_32_11_full_dsp_1_U457                                | 2   |        | sum_3          | fadd       | fulldsp                  | 10      |
|     fadd_32ns_32ns_32_11_full_dsp_1_U458                                | 2   |        | sumsq_3        | fadd       | fulldsp                  | 10      |
|     fadd_32ns_32ns_32_11_full_dsp_1_U459                                | 2   |        | sum_4          | fadd       | fulldsp                  | 10      |
|     fadd_32ns_32ns_32_11_full_dsp_1_U460                                | 2   |        | sumsq_4        | fadd       | fulldsp                  | 10      |
|     fadd_32ns_32ns_32_11_full_dsp_1_U461                                | 2   |        | sum_5          | fadd       | fulldsp                  | 10      |
|     fadd_32ns_32ns_32_11_full_dsp_1_U462                                | 2   |        | sumsq_5        | fadd       | fulldsp                  | 10      |
|     fadd_32ns_32ns_32_11_full_dsp_1_U463                                | 2   |        | sum_6          | fadd       | fulldsp                  | 10      |
|     fadd_32ns_32ns_32_11_full_dsp_1_U464                                | 2   |        | sumsq_6        | fadd       | fulldsp                  | 10      |
|     fadd_32ns_32ns_32_11_full_dsp_1_U465                                | 2   |        | sum_7          | fadd       | fulldsp                  | 10      |
|     fadd_32ns_32ns_32_11_full_dsp_1_U466                                | 2   |        | sumsq_7        | fadd       | fulldsp                  | 10      |
|     fdiv_32ns_32ns_32_30_no_dsp_1_U471                                  |     |        | mean           | fdiv       | fabric                   | 29      |
|     fdiv_32ns_32ns_32_30_no_dsp_1_U472                                  |     |        | div            | fdiv       | fabric                   | 29      |
|     fmul_32ns_32ns_32_7_max_dsp_1_U470                                  | 3   |        | mul3           | fmul       | maxdsp                   | 6       |
|     fsub_32ns_32ns_32_11_full_dsp_1_U467                                | 2   |        | var            | fsub       | fulldsp                  | 10      |
|     fadd_32ns_32ns_32_11_full_dsp_1_U468                                | 2   |        | x_assign       | fadd       | fulldsp                  | 10      |
|     fsqrt_32ns_32ns_32_28_no_dsp_1_U474                                 |     |        | tmp_2          | fsqrt      | fabric                   | 27      |
|     fdiv_32ns_32ns_32_30_no_dsp_1_U473                                  |     |        | div1           | fdiv       | fabric                   | 29      |
|     ws_1_fu_924_p2                                                      |     |        | ws_1           | add        | fabric                   | 0       |
|   + UpConv_Fused_Row_8_16_16_960_480_Pipeline_PIXEL_NORM                | 126 |        |                |            |                          |         |
|     icmp_ln258_fu_857_p2                                                |     |        | icmp_ln258     | seteq      | auto                     | 0       |
|     m_4_fu_863_p2                                                       |     |        | m_4            | add        | fabric                   | 0       |
|     icmp_ln266_fu_1236_p2                                               |     |        | icmp_ln266     | setlt      | auto                     | 0       |
|     hsub_16ns_16ns_16_5_full_dsp_1_U527                                 | 2   |        | sub1           | hsub       | fulldsp                  | 4       |
|     hmul_16ns_16ns_16_4_max_dsp_1_U543                                  | 2   |        | mul1           | hmul       | maxdsp                   | 3       |
|     hmul_16ns_16ns_16_4_max_dsp_1_U559                                  | 2   |        | mul2           | hmul       | maxdsp                   | 3       |
|     norm_fu_1622_p3                                                     |     |        | norm           | select     | auto_sel                 | 0       |
|     hcmp_16ns_16ns_1_2_no_dsp_1_U575                                    |     |        | cmp            | hcmp       | auto                     | 1       |
|     select_ln27_fu_1763_p3                                              |     |        | select_ln27    | select     | auto_sel                 | 0       |
|     icmp_ln266_1_fu_932_p2                                              |     |        | icmp_ln266_1   | setlt      | auto                     | 0       |
|     hsub_16ns_16ns_16_5_full_dsp_1_U528                                 | 2   |        | sub151_1       | hsub       | fulldsp                  | 4       |
|     hmul_16ns_16ns_16_4_max_dsp_1_U544                                  | 2   |        | mul152_1       | hmul       | maxdsp                   | 3       |
|     hmul_16ns_16ns_16_4_max_dsp_1_U560                                  | 2   |        | mul153_1       | hmul       | maxdsp                   | 3       |
|     hadd_16ns_16ns_16_5_full_dsp_1_U512                                 | 2   |        | add154_1       | hadd       | fulldsp                  | 4       |
|     norm_1_fu_1629_p3                                                   |     |        | norm_1         | select     | auto_sel                 | 0       |
|     hcmp_16ns_16ns_1_2_no_dsp_1_U576                                    |     |        | cmp158_1       | hcmp       | auto                     | 1       |
|     select_ln27_1_fu_1774_p3                                            |     |        | select_ln27_1  | select     | auto_sel                 | 0       |
|     icmp_ln266_2_fu_946_p2                                              |     |        | icmp_ln266_2   | setlt      | auto                     | 0       |
|     hsub_16ns_16ns_16_5_full_dsp_1_U529                                 | 2   |        | sub151_2       | hsub       | fulldsp                  | 4       |
|     hmul_16ns_16ns_16_4_max_dsp_1_U545                                  | 2   |        | mul152_2       | hmul       | maxdsp                   | 3       |
|     hmul_16ns_16ns_16_4_max_dsp_1_U561                                  | 2   |        | mul153_2       | hmul       | maxdsp                   | 3       |
|     hadd_16ns_16ns_16_5_full_dsp_1_U513                                 | 2   |        | add154_2       | hadd       | fulldsp                  | 4       |
|     norm_2_fu_1636_p3                                                   |     |        | norm_2         | select     | auto_sel                 | 0       |
|     hcmp_16ns_16ns_1_2_no_dsp_1_U577                                    |     |        | cmp158_2       | hcmp       | auto                     | 1       |
|     select_ln27_2_fu_1785_p3                                            |     |        | select_ln27_2  | select     | auto_sel                 | 0       |
|     icmp_ln266_3_fu_960_p2                                              |     |        | icmp_ln266_3   | setlt      | auto                     | 0       |
|     hsub_16ns_16ns_16_5_full_dsp_1_U530                                 | 2   |        | sub151_3       | hsub       | fulldsp                  | 4       |
|     hmul_16ns_16ns_16_4_max_dsp_1_U546                                  | 2   |        | mul152_3       | hmul       | maxdsp                   | 3       |
|     hmul_16ns_16ns_16_4_max_dsp_1_U562                                  | 2   |        | mul153_3       | hmul       | maxdsp                   | 3       |
|     hadd_16ns_16ns_16_5_full_dsp_1_U514                                 | 2   |        | add154_3       | hadd       | fulldsp                  | 4       |
|     norm_3_fu_1643_p3                                                   |     |        | norm_3         | select     | auto_sel                 | 0       |
|     hcmp_16ns_16ns_1_2_no_dsp_1_U578                                    |     |        | cmp158_3       | hcmp       | auto                     | 1       |
|     select_ln27_3_fu_1796_p3                                            |     |        | select_ln27_3  | select     | auto_sel                 | 0       |
|     icmp_ln266_4_fu_974_p2                                              |     |        | icmp_ln266_4   | setlt      | auto                     | 0       |
|     hsub_16ns_16ns_16_5_full_dsp_1_U531                                 | 2   |        | sub151_4       | hsub       | fulldsp                  | 4       |
|     hmul_16ns_16ns_16_4_max_dsp_1_U547                                  | 2   |        | mul152_4       | hmul       | maxdsp                   | 3       |
|     hmul_16ns_16ns_16_4_max_dsp_1_U563                                  | 2   |        | mul153_4       | hmul       | maxdsp                   | 3       |
|     hadd_16ns_16ns_16_5_full_dsp_1_U515                                 | 2   |        | add154_4       | hadd       | fulldsp                  | 4       |
|     norm_4_fu_1650_p3                                                   |     |        | norm_4         | select     | auto_sel                 | 0       |
|     hcmp_16ns_16ns_1_2_no_dsp_1_U579                                    |     |        | cmp158_4       | hcmp       | auto                     | 1       |
|     select_ln27_4_fu_1807_p3                                            |     |        | select_ln27_4  | select     | auto_sel                 | 0       |
|     icmp_ln266_5_fu_988_p2                                              |     |        | icmp_ln266_5   | setlt      | auto                     | 0       |
|     hsub_16ns_16ns_16_5_full_dsp_1_U532                                 | 2   |        | sub151_5       | hsub       | fulldsp                  | 4       |
|     hmul_16ns_16ns_16_4_max_dsp_1_U548                                  | 2   |        | mul152_5       | hmul       | maxdsp                   | 3       |
|     hmul_16ns_16ns_16_4_max_dsp_1_U564                                  | 2   |        | mul153_5       | hmul       | maxdsp                   | 3       |
|     hadd_16ns_16ns_16_5_full_dsp_1_U516                                 | 2   |        | add154_5       | hadd       | fulldsp                  | 4       |
|     norm_5_fu_1657_p3                                                   |     |        | norm_5         | select     | auto_sel                 | 0       |
|     hcmp_16ns_16ns_1_2_no_dsp_1_U580                                    |     |        | cmp158_5       | hcmp       | auto                     | 1       |
|     select_ln27_5_fu_1818_p3                                            |     |        | select_ln27_5  | select     | auto_sel                 | 0       |
|     icmp_ln266_6_fu_1002_p2                                             |     |        | icmp_ln266_6   | setlt      | auto                     | 0       |
|     hsub_16ns_16ns_16_5_full_dsp_1_U533                                 | 2   |        | sub151_6       | hsub       | fulldsp                  | 4       |
|     hmul_16ns_16ns_16_4_max_dsp_1_U549                                  | 2   |        | mul152_6       | hmul       | maxdsp                   | 3       |
|     hmul_16ns_16ns_16_4_max_dsp_1_U565                                  | 2   |        | mul153_6       | hmul       | maxdsp                   | 3       |
|     hadd_16ns_16ns_16_5_full_dsp_1_U517                                 | 2   |        | add154_6       | hadd       | fulldsp                  | 4       |
|     norm_6_fu_1664_p3                                                   |     |        | norm_6         | select     | auto_sel                 | 0       |
|     hcmp_16ns_16ns_1_2_no_dsp_1_U581                                    |     |        | cmp158_6       | hcmp       | auto                     | 1       |
|     select_ln27_6_fu_1829_p3                                            |     |        | select_ln27_6  | select     | auto_sel                 | 0       |
|     icmp_ln266_7_fu_1016_p2                                             |     |        | icmp_ln266_7   | setlt      | auto                     | 0       |
|     hsub_16ns_16ns_16_5_full_dsp_1_U534                                 | 2   |        | sub151_7       | hsub       | fulldsp                  | 4       |
|     hmul_16ns_16ns_16_4_max_dsp_1_U550                                  | 2   |        | mul152_7       | hmul       | maxdsp                   | 3       |
|     hmul_16ns_16ns_16_4_max_dsp_1_U566                                  | 2   |        | mul153_7       | hmul       | maxdsp                   | 3       |
|     hadd_16ns_16ns_16_5_full_dsp_1_U518                                 | 2   |        | add154_7       | hadd       | fulldsp                  | 4       |
|     norm_7_fu_1671_p3                                                   |     |        | norm_7         | select     | auto_sel                 | 0       |
|     hcmp_16ns_16ns_1_2_no_dsp_1_U582                                    |     |        | cmp158_7       | hcmp       | auto                     | 1       |
|     select_ln27_7_fu_1840_p3                                            |     |        | select_ln27_7  | select     | auto_sel                 | 0       |
|     icmp_ln266_8_fu_1030_p2                                             |     |        | icmp_ln266_8   | setlt      | auto                     | 0       |
|     hsub_16ns_16ns_16_5_full_dsp_1_U535                                 | 2   |        | sub151_8       | hsub       | fulldsp                  | 4       |
|     hmul_16ns_16ns_16_4_max_dsp_1_U551                                  | 2   |        | mul152_8       | hmul       | maxdsp                   | 3       |
|     hmul_16ns_16ns_16_4_max_dsp_1_U567                                  | 2   |        | mul153_8       | hmul       | maxdsp                   | 3       |
|     hadd_16ns_16ns_16_5_full_dsp_1_U519                                 | 2   |        | add154_8       | hadd       | fulldsp                  | 4       |
|     norm_8_fu_1678_p3                                                   |     |        | norm_8         | select     | auto_sel                 | 0       |
|     hcmp_16ns_16ns_1_2_no_dsp_1_U583                                    |     |        | cmp158_8       | hcmp       | auto                     | 1       |
|     select_ln27_8_fu_1851_p3                                            |     |        | select_ln27_8  | select     | auto_sel                 | 0       |
|     icmp_ln266_9_fu_1044_p2                                             |     |        | icmp_ln266_9   | setlt      | auto                     | 0       |
|     hsub_16ns_16ns_16_5_full_dsp_1_U536                                 | 2   |        | sub151_9       | hsub       | fulldsp                  | 4       |
|     hmul_16ns_16ns_16_4_max_dsp_1_U552                                  | 2   |        | mul152_9       | hmul       | maxdsp                   | 3       |
|     hmul_16ns_16ns_16_4_max_dsp_1_U568                                  | 2   |        | mul153_9       | hmul       | maxdsp                   | 3       |
|     hadd_16ns_16ns_16_5_full_dsp_1_U520                                 | 2   |        | add154_9       | hadd       | fulldsp                  | 4       |
|     norm_9_fu_1685_p3                                                   |     |        | norm_9         | select     | auto_sel                 | 0       |
|     hcmp_16ns_16ns_1_2_no_dsp_1_U584                                    |     |        | cmp158_9       | hcmp       | auto                     | 1       |
|     select_ln27_9_fu_1862_p3                                            |     |        | select_ln27_9  | select     | auto_sel                 | 0       |
|     icmp_ln266_10_fu_1058_p2                                            |     |        | icmp_ln266_10  | setlt      | auto                     | 0       |
|     hsub_16ns_16ns_16_5_full_dsp_1_U537                                 | 2   |        | sub151_s       | hsub       | fulldsp                  | 4       |
|     hmul_16ns_16ns_16_4_max_dsp_1_U553                                  | 2   |        | mul152_s       | hmul       | maxdsp                   | 3       |
|     hmul_16ns_16ns_16_4_max_dsp_1_U569                                  | 2   |        | mul153_s       | hmul       | maxdsp                   | 3       |
|     hadd_16ns_16ns_16_5_full_dsp_1_U521                                 | 2   |        | add154_s       | hadd       | fulldsp                  | 4       |
|     norm_10_fu_1692_p3                                                  |     |        | norm_10        | select     | auto_sel                 | 0       |
|     hcmp_16ns_16ns_1_2_no_dsp_1_U585                                    |     |        | cmp158_s       | hcmp       | auto                     | 1       |
|     select_ln27_10_fu_1873_p3                                           |     |        | select_ln27_10 | select     | auto_sel                 | 0       |
|     icmp_ln266_11_fu_1072_p2                                            |     |        | icmp_ln266_11  | setlt      | auto                     | 0       |
|     hsub_16ns_16ns_16_5_full_dsp_1_U538                                 | 2   |        | sub151_10      | hsub       | fulldsp                  | 4       |
|     hmul_16ns_16ns_16_4_max_dsp_1_U554                                  | 2   |        | mul152_10      | hmul       | maxdsp                   | 3       |
|     hmul_16ns_16ns_16_4_max_dsp_1_U570                                  | 2   |        | mul153_10      | hmul       | maxdsp                   | 3       |
|     hadd_16ns_16ns_16_5_full_dsp_1_U522                                 | 2   |        | add154_10      | hadd       | fulldsp                  | 4       |
|     norm_11_fu_1699_p3                                                  |     |        | norm_11        | select     | auto_sel                 | 0       |
|     hcmp_16ns_16ns_1_2_no_dsp_1_U586                                    |     |        | cmp158_10      | hcmp       | auto                     | 1       |
|     select_ln27_11_fu_1884_p3                                           |     |        | select_ln27_11 | select     | auto_sel                 | 0       |
|     icmp_ln266_12_fu_1086_p2                                            |     |        | icmp_ln266_12  | setlt      | auto                     | 0       |
|     hsub_16ns_16ns_16_5_full_dsp_1_U539                                 | 2   |        | sub151_11      | hsub       | fulldsp                  | 4       |
|     hmul_16ns_16ns_16_4_max_dsp_1_U555                                  | 2   |        | mul152_11      | hmul       | maxdsp                   | 3       |
|     hmul_16ns_16ns_16_4_max_dsp_1_U571                                  | 2   |        | mul153_11      | hmul       | maxdsp                   | 3       |
|     hadd_16ns_16ns_16_5_full_dsp_1_U523                                 | 2   |        | add154_11      | hadd       | fulldsp                  | 4       |
|     norm_12_fu_1706_p3                                                  |     |        | norm_12        | select     | auto_sel                 | 0       |
|     hcmp_16ns_16ns_1_2_no_dsp_1_U587                                    |     |        | cmp158_11      | hcmp       | auto                     | 1       |
|     select_ln27_12_fu_1895_p3                                           |     |        | select_ln27_12 | select     | auto_sel                 | 0       |
|     icmp_ln266_13_fu_1100_p2                                            |     |        | icmp_ln266_13  | setlt      | auto                     | 0       |
|     hsub_16ns_16ns_16_5_full_dsp_1_U540                                 | 2   |        | sub151_12      | hsub       | fulldsp                  | 4       |
|     hmul_16ns_16ns_16_4_max_dsp_1_U556                                  | 2   |        | mul152_12      | hmul       | maxdsp                   | 3       |
|     hmul_16ns_16ns_16_4_max_dsp_1_U572                                  | 2   |        | mul153_12      | hmul       | maxdsp                   | 3       |
|     hadd_16ns_16ns_16_5_full_dsp_1_U524                                 | 2   |        | add154_12      | hadd       | fulldsp                  | 4       |
|     norm_13_fu_1713_p3                                                  |     |        | norm_13        | select     | auto_sel                 | 0       |
|     hcmp_16ns_16ns_1_2_no_dsp_1_U588                                    |     |        | cmp158_12      | hcmp       | auto                     | 1       |
|     select_ln27_13_fu_1906_p3                                           |     |        | select_ln27_13 | select     | auto_sel                 | 0       |
|     icmp_ln266_14_fu_1114_p2                                            |     |        | icmp_ln266_14  | setlt      | auto                     | 0       |
|     hsub_16ns_16ns_16_5_full_dsp_1_U541                                 | 2   |        | sub151_13      | hsub       | fulldsp                  | 4       |
|     hmul_16ns_16ns_16_4_max_dsp_1_U557                                  | 2   |        | mul152_13      | hmul       | maxdsp                   | 3       |
|     hmul_16ns_16ns_16_4_max_dsp_1_U573                                  | 2   |        | mul153_13      | hmul       | maxdsp                   | 3       |
|     hadd_16ns_16ns_16_5_full_dsp_1_U525                                 | 2   |        | add154_13      | hadd       | fulldsp                  | 4       |
|     norm_14_fu_1720_p3                                                  |     |        | norm_14        | select     | auto_sel                 | 0       |
|     hcmp_16ns_16ns_1_2_no_dsp_1_U589                                    |     |        | cmp158_13      | hcmp       | auto                     | 1       |
|     select_ln27_14_fu_1917_p3                                           |     |        | select_ln27_14 | select     | auto_sel                 | 0       |
|     icmp_ln266_15_fu_1128_p2                                            |     |        | icmp_ln266_15  | setlt      | auto                     | 0       |
|     hsub_16ns_16ns_16_5_full_dsp_1_U542                                 | 2   |        | sub151_14      | hsub       | fulldsp                  | 4       |
|     hmul_16ns_16ns_16_4_max_dsp_1_U558                                  | 2   |        | mul152_14      | hmul       | maxdsp                   | 3       |
|     hmul_16ns_16ns_16_4_max_dsp_1_U574                                  | 2   |        | mul153_14      | hmul       | maxdsp                   | 3       |
|     hadd_16ns_16ns_16_5_full_dsp_1_U526                                 | 2   |        | add154_14      | hadd       | fulldsp                  | 4       |
|     norm_15_fu_1727_p3                                                  |     |        | norm_15        | select     | auto_sel                 | 0       |
|     hcmp_16ns_16ns_1_2_no_dsp_1_U590                                    |     |        | cmp158_14      | hcmp       | auto                     | 1       |
|     select_ln27_15_fu_1928_p3                                           |     |        | select_ln27_15 | select     | auto_sel                 | 0       |
|     add_ln273_fu_1134_p2                                                |     |        | add_ln273      | add        | fabric                   | 0       |
|     add_ln273_2_fu_1745_p2                                              |     |        | add_ln273_2    | add        | fabric                   | 0       |
|     icmp_ln274_fu_1163_p2                                               |     |        | icmp_ln274     | seteq      | auto                     | 0       |
|     wn_1_fu_1169_p2                                                     |     |        | wn_1           | add        | fabric                   | 0       |
|     cwn_1_fu_1175_p2                                                    |     |        | cwn_1          | add        | fabric                   | 0       |
|     wn_2_fu_1181_p3                                                     |     |        | wn_2           | select     | auto_sel                 | 0       |
|     cwn_2_fu_1189_p3                                                    |     |        | cwn_2          | select     | auto_sel                 | 0       |
|  + upconv_core_top_ucb0_Pipeline_LOAD_ROW_VITIS_LOOP_308_2              | 0   |        |                |            |                          |         |
|    icmp_ln307_fu_169_p2                                                 |     |        | icmp_ln307     | seteq      | auto                     | 0       |
|    add_ln307_1_fu_175_p2                                                |     |        | add_ln307_1    | add        | fabric                   | 0       |
|    add_ln307_fu_192_p2                                                  |     |        | add_ln307      | add        | fabric                   | 0       |
|    icmp_ln308_fu_198_p2                                                 |     |        | icmp_ln308     | seteq      | auto                     | 0       |
|    select_ln307_fu_204_p3                                               |     |        | select_ln307   | select     | auto_sel                 | 0       |
|    select_ln307_1_fu_212_p3                                             |     |        | select_ln307_1 | select     | auto_sel                 | 0       |
|    empty_172_fu_264_p2                                                  |     |        | empty_172      | add        | fabric                   | 0       |
|    add_ln308_fu_224_p2                                                  |     |        | add_ln308      | add        | fabric                   | 0       |
+-------------------------------------------------------------------------+-----+--------+----------------+------------+--------------------------+---------+


================================================================
== Storage Report
================================================================
+------------------------------------------------------------------------------------------+-----------------+-------------+------+------+--------+-------------------------------------------------------------------------------------+--------+---------+------------------+
| Name                                                                                     | Usage           | Type        | BRAM | URAM | Pragma | Variable                                                                            | Impl   | Latency | Bitwidth, Depth, |
|                                                                                          |                 |             |      |      |        |                                                                                     |        |         | Banks            |
+------------------------------------------------------------------------------------------+-----------------+-------------+------+------+--------+-------------------------------------------------------------------------------------+--------+---------+------------------+
| + upconv_core_top_ucb0                                                                   |                 |             | 84   | 52   |        |                                                                                     |        |         |                  |
|   control_s_axi_U                                                                        | interface       | s_axilite   |      |      |        |                                                                                     |        |         |                  |
|   gmem_in_m_axi_U                                                                        | interface       | m_axi       | 15   |      |        |                                                                                     |        |         |                  |
|   gmem_out_m_axi_U                                                                       | interface       | m_axi       | 15   |      |        |                                                                                     |        |         |                  |
|   gmem_param_m_axi_U                                                                     | interface       | m_axi       | 15   |      |        |                                                                                     |        |         |                  |
|   gmem_weight_m_axi_U                                                                    | interface       | m_axi       | 15   |      |        |                                                                                     |        |         |                  |
|   x_buf_U                                                                                | ram_t2p         |             |      | 4    | pragma | x_buf                                                                               | uram   | 1       | 256, 1920, 1     |
|  + UpConv_Fused_Row_8_16_16_960_480_s                                                    |                 |             | 24   | 48   |        |                                                                                     |        |         |                  |
|    b_buf_U                                                                               | ram_t2p array   |             | 8    |      | yes    | b_buf                                                                               | bram   | 1       | 256, 30, 1       |
|    g_buf_U                                                                               | ram_t2p array   |             | 8    |      | yes    | g_buf                                                                               | bram   | 1       | 256, 30, 1       |
|    be_buf_U                                                                              | ram_t2p array   |             | 8    |      | yes    | be_buf                                                                              | bram   | 1       | 256, 30, 1       |
|    void_UpConv_Fused_Row_ap_uint_ap_uint_const_ap_uint_const_ap_uint_const_ap_u_9_U      | ram_t2p         |             |      | 1    | pragma | void_UpConv_Fused_Row_ap_uint_ap_uint_const_ap_uint_const_ap_uint_const_ap_u_9      | uram   | 1       | 16, 960, 1       |
|    void_UpConv_Fused_Row_ap_uint_ap_uint_const_ap_uint_const_ap_uint_const_ap_u_8_U      | ram_t2p         |             |      | 1    | pragma | void_UpConv_Fused_Row_ap_uint_ap_uint_const_ap_uint_const_ap_uint_const_ap_u_8      | uram   | 1       | 16, 960, 1       |
|    void_UpConv_Fused_Row_ap_uint_ap_uint_const_ap_uint_const_ap_uint_const_ap_u_7_U      | ram_t2p         |             |      | 1    | pragma | void_UpConv_Fused_Row_ap_uint_ap_uint_const_ap_uint_const_ap_uint_const_ap_u_7      | uram   | 1       | 16, 960, 1       |
|    void_UpConv_Fused_Row_ap_uint_ap_uint_const_ap_uint_const_ap_uint_const_ap_u_6_U      | ram_t2p         |             |      | 1    | pragma | void_UpConv_Fused_Row_ap_uint_ap_uint_const_ap_uint_const_ap_uint_const_ap_u_6      | uram   | 1       | 16, 960, 1       |
|    void_UpConv_Fused_Row_ap_uint_ap_uint_const_ap_uint_const_ap_uint_const_ap_u_5_U      | ram_t2p         |             |      | 1    | pragma | void_UpConv_Fused_Row_ap_uint_ap_uint_const_ap_uint_const_ap_uint_const_ap_u_5      | uram   | 1       | 16, 960, 1       |
|    void_UpConv_Fused_Row_ap_uint_ap_uint_const_ap_uint_const_ap_uint_const_ap_u_4_U      | ram_t2p         |             |      | 1    | pragma | void_UpConv_Fused_Row_ap_uint_ap_uint_const_ap_uint_const_ap_uint_const_ap_u_4      | uram   | 1       | 16, 960, 1       |
|    void_UpConv_Fused_Row_ap_uint_ap_uint_const_ap_uint_const_ap_uint_const_ap_u_3_U      | ram_t2p         |             |      | 1    | pragma | void_UpConv_Fused_Row_ap_uint_ap_uint_const_ap_uint_const_ap_uint_const_ap_u_3      | uram   | 1       | 16, 960, 1       |
|    void_UpConv_Fused_Row_ap_uint_ap_uint_const_ap_uint_const_ap_uint_const_ap_u_2_U      | ram_t2p         |             |      | 1    | pragma | void_UpConv_Fused_Row_ap_uint_ap_uint_const_ap_uint_const_ap_uint_const_ap_u_2      | uram   | 1       | 16, 960, 1       |
|    void_UpConv_Fused_Row_ap_uint_ap_uint_const_ap_uint_const_ap_uint_const_ap_u_1_U      | ram_t2p         |             |      | 1    | pragma | void_UpConv_Fused_Row_ap_uint_ap_uint_const_ap_uint_const_ap_uint_const_ap_u_1      | uram   | 1       | 16, 960, 1       |
|    void_UpConv_Fused_Row_ap_uint_ap_uint_const_ap_uint_const_ap_uint_const_ap_u_U        | ram_t2p         |             |      | 1    | pragma | void_UpConv_Fused_Row_ap_uint_ap_uint_const_ap_uint_const_ap_uint_const_ap_u        | uram   | 1       | 16, 960, 1       |
|    p_ZZ16UpConv_Fused_RowILi8ELi16ELi16ELi960ELi480EEvP7ap_uintILi256EEPKS1_S4_S4_S4_5_U | ram_t2p         |             |      | 1    | pragma | p_ZZ16UpConv_Fused_RowILi8ELi16ELi16ELi960ELi480EEvP7ap_uintILi256EEPKS1_S4_S4_S4_5 | uram   | 1       | 16, 960, 1       |
|    p_ZZ16UpConv_Fused_RowILi8ELi16ELi16ELi960ELi480EEvP7ap_uintILi256EEPKS1_S4_S4_S4_4_U | ram_t2p         |             |      | 1    | pragma | p_ZZ16UpConv_Fused_RowILi8ELi16ELi16ELi960ELi480EEvP7ap_uintILi256EEPKS1_S4_S4_S4_4 | uram   | 1       | 16, 960, 1       |
|    p_ZZ16UpConv_Fused_RowILi8ELi16ELi16ELi960ELi480EEvP7ap_uintILi256EEPKS1_S4_S4_S4_3_U | ram_t2p         |             |      | 1    | pragma | p_ZZ16UpConv_Fused_RowILi8ELi16ELi16ELi960ELi480EEvP7ap_uintILi256EEPKS1_S4_S4_S4_3 | uram   | 1       | 16, 960, 1       |
|    p_ZZ16UpConv_Fused_RowILi8ELi16ELi16ELi960ELi480EEvP7ap_uintILi256EEPKS1_S4_S4_S4_2_U | ram_t2p         |             |      | 1    | pragma | p_ZZ16UpConv_Fused_RowILi8ELi16ELi16ELi960ELi480EEvP7ap_uintILi256EEPKS1_S4_S4_S4_2 | uram   | 1       | 16, 960, 1       |
|    p_ZZ16UpConv_Fused_RowILi8ELi16ELi16ELi960ELi480EEvP7ap_uintILi256EEPKS1_S4_S4_S4_1_U | ram_t2p         |             |      | 1    | pragma | p_ZZ16UpConv_Fused_RowILi8ELi16ELi16ELi960ELi480EEvP7ap_uintILi256EEPKS1_S4_S4_S4_1 | uram   | 1       | 16, 960, 1       |
|    p_ZZ16UpConv_Fused_RowILi8ELi16ELi16ELi960ELi480EEvP7ap_uintILi256EEPKS1_S4_S4_S4_U   | ram_t2p         |             |      | 1    | pragma | p_ZZ16UpConv_Fused_RowILi8ELi16ELi16ELi960ELi480EEvP7ap_uintILi256EEPKS1_S4_S4_S4   | uram   | 1       | 16, 960, 1       |
|    mean_buf_U                                                                            | ram_2p          |             |      |      | pragma | mean_buf                                                                            | lutram | 1       | 32, 32, 1        |
|    inv_buf_U                                                                             | ram_2p          |             |      |      | pragma | inv_buf                                                                             | lutram | 1       | 16, 32, 1        |
|   + dataflow_parent_loop_proc                                                            |                 |             | 0    | 32   |        |                                                                                     |        |         |                  |
|    + dataflow_in_loop_TILE_LOOP_1                                                        |                 |             | 0    | 32   |        |                                                                                     |        |         |                  |
|      ho_c_U                                                                              | fifo channel    | scalar prop |      |      |        | ho_c                                                                                | srl    | 0       | 5, 3, 1          |
|      wbuf_4_U                                                                            | ram_t2p channel | pipo        |      | 4    |        | wbuf_4                                                                              | uram   | 1       | 256, 540, 2      |
|      wbuf_1_U                                                                            | ram_t2p channel | pipo        |      | 4    |        | wbuf_1                                                                              | uram   | 1       | 256, 540, 2      |
|      wbuf_2_U                                                                            | ram_t2p channel | pipo        |      | 4    |        | wbuf_2                                                                              | uram   | 1       | 256, 540, 2      |
|      wbuf_3_U                                                                            | ram_t2p channel | pipo        |      | 4    |        | wbuf_3                                                                              | uram   | 1       | 256, 540, 2      |
|      wbuf_3_181_U                                                                        | ram_t2p channel | pipo        |      | 4    |        | wbuf_3_181                                                                          | uram   | 1       | 256, 540, 2      |
|      wbuf_2_180_U                                                                        | ram_t2p channel | pipo        |      | 4    |        | wbuf_2_180                                                                          | uram   | 1       | 256, 540, 2      |
|      wbuf_1_179_U                                                                        | ram_t2p channel | pipo        |      | 4    |        | wbuf_1_179                                                                          | uram   | 1       | 256, 540, 2      |
|      wbuf_U                                                                              | ram_t2p channel | pipo        |      | 4    |        | wbuf                                                                                | uram   | 1       | 256, 540, 2      |
|      tile_0_c_channel_U                                                                  | fifo channel    | task level  |      |      |        | tile_0_c_channel                                                                    | srl    | 0       | 6, 2, 1          |
+------------------------------------------------------------------------------------------+-----------------+-------------+------+------+--------+-------------------------------------------------------------------------------------+--------+---------+------------------+


================================================================
== Pragma Report
================================================================
* Valid Pragma Syntax
+-----------------+-----------------------------------------------------------------------+---------------------------------------------------------------------+
| Type            | Options                                                               | Location                                                            |
+-----------------+-----------------------------------------------------------------------+---------------------------------------------------------------------+
| inline          |                                                                       | ../gen/Hls_Layers_UpConv.tpp:23 in half_to_bits                     |
| inline          |                                                                       | ../gen/Hls_Layers_UpConv.tpp:39 in bits_to_half                     |
| inline          |                                                                       | ../gen/Hls_Layers_UpConv.tpp:53 in my_sqrt_f                        |
| inline          | off                                                                   | ../gen/Hls_Layers_UpConv.tpp:69 in uc_load_tile                     |
| pipeline        | II=1                                                                  | ../gen/Hls_Layers_UpConv.tpp:76 in uc_load_tile                     |
| inline          | off                                                                   | ../gen/Hls_Layers_UpConv.tpp:88 in uc_compute_tile                  |
| array_partition | variable=psum complete dim=0                                          | ../gen/Hls_Layers_UpConv.tpp:105 in uc_compute_tile, psum           |
| pipeline        | II=1                                                                  | ../gen/Hls_Layers_UpConv.tpp:109 in uc_compute_tile                 |
| dependence      | variable=psum type=inter false                                        | ../gen/Hls_Layers_UpConv.tpp:110 in uc_compute_tile, psum           |
| dependence      | variable=row_acc type=inter false                                     | ../gen/Hls_Layers_UpConv.tpp:111 in uc_compute_tile, row_acc        |
| unroll          |                                                                       | ../gen/Hls_Layers_UpConv.tpp:116 in uc_compute_tile                 |
| unroll          |                                                                       | ../gen/Hls_Layers_UpConv.tpp:120 in uc_compute_tile                 |
| bind_op         | variable=prod op=hmul impl=fabric                                     | ../gen/Hls_Layers_UpConv.tpp:124 in uc_compute_tile, prod           |
| unroll          |                                                                       | ../gen/Hls_Layers_UpConv.tpp:136 in uc_compute_tile                 |
| inline          | off                                                                   | ../gen/Hls_Layers_UpConv.tpp:163 in upconv_fused_row                |
| bind_storage    | variable=row_acc type=ram_t2p impl=uram                               | ../gen/Hls_Layers_UpConv.tpp:176 in upconv_fused_row, row_acc       |
| array_partition | variable=row_acc cyclic factor=16 dim=2                               | ../gen/Hls_Layers_UpConv.tpp:177 in upconv_fused_row, row_acc       |
| pipeline        | II=1                                                                  | ../gen/Hls_Layers_UpConv.tpp:186 in upconv_fused_row                |
| unroll          |                                                                       | ../gen/Hls_Layers_UpConv.tpp:188 in upconv_fused_row                |
| dataflow        |                                                                       | ../gen/Hls_Layers_UpConv.tpp:196 in upconv_fused_row                |
| bind_storage    | variable=wbuf type=ram_t2p impl=uram                                  | ../gen/Hls_Layers_UpConv.tpp:198 in upconv_fused_row, wbuf          |
| array_partition | variable=wbuf complete dim=1                                          | ../gen/Hls_Layers_UpConv.tpp:199 in upconv_fused_row, wbuf          |
| bind_storage    | variable=b_buf type=ram_t2p impl=bram                                 | ../gen/Hls_Layers_UpConv.tpp:205 in upconv_fused_row, b_buf         |
| bind_storage    | variable=g_buf type=ram_t2p impl=bram                                 | ../gen/Hls_Layers_UpConv.tpp:206 in upconv_fused_row, g_buf         |
| bind_storage    | variable=be_buf type=ram_t2p impl=bram                                | ../gen/Hls_Layers_UpConv.tpp:207 in upconv_fused_row, be_buf        |
| pipeline        | II=1                                                                  | ../gen/Hls_Layers_UpConv.tpp:210 in upconv_fused_row                |
| bind_storage    | variable=mean_buf type=ram_2p impl=lutram                             | ../gen/Hls_Layers_UpConv.tpp:219 in upconv_fused_row, mean_buf      |
| bind_storage    | variable=inv_buf type=ram_2p impl=lutram                              | ../gen/Hls_Layers_UpConv.tpp:220 in upconv_fused_row, inv_buf       |
| array_partition | variable=sum_rot complete                                             | ../gen/Hls_Layers_UpConv.tpp:223 in upconv_fused_row, sum_rot       |
| array_partition | variable=sumsq_rot complete                                           | ../gen/Hls_Layers_UpConv.tpp:224 in upconv_fused_row, sumsq_rot     |
| pipeline        | II=1                                                                  | ../gen/Hls_Layers_UpConv.tpp:228 in upconv_fused_row                |
| dependence      | variable=sum_rot type=inter false                                     | ../gen/Hls_Layers_UpConv.tpp:229 in upconv_fused_row, sum_rot       |
| dependence      | variable=sumsq_rot type=inter false                                   | ../gen/Hls_Layers_UpConv.tpp:230 in upconv_fused_row, sumsq_rot     |
| dependence      | variable=row_acc type=inter false                                     | ../gen/Hls_Layers_UpConv.tpp:231 in upconv_fused_row, row_acc       |
| unroll          |                                                                       | ../gen/Hls_Layers_UpConv.tpp:243 in upconv_fused_row                |
| pipeline        | II=1                                                                  | ../gen/Hls_Layers_UpConv.tpp:259 in upconv_fused_row                |
| unroll          |                                                                       | ../gen/Hls_Layers_UpConv.tpp:264 in upconv_fused_row                |
| inline          |                                                                       | ../gen/Hls_Layers_UpConv.tpp:292 in upconv_fused_top                |
| pipeline        | II=1                                                                  | ../gen/Hls_Layers_UpConv.tpp:298 in upconv_fused_top                |
| pipeline        | II=1                                                                  | ../gen/Hls_Layers_UpConv.tpp:309 in upconv_fused_top                |
| interface       | m_axi port=X offset=slave bundle=gmem_in max_read_burst_length=64     | ../gen/upconv_core_top_ucb0.cpp:19 in upconv_core_top_ucb0, X       |
| interface       | m_axi port=W offset=slave bundle=gmem_weight max_read_burst_length=64 | ../gen/upconv_core_top_ucb0.cpp:20 in upconv_core_top_ucb0, W       |
| interface       | m_axi port=B offset=slave bundle=gmem_param max_read_burst_length=64  | ../gen/upconv_core_top_ucb0.cpp:21 in upconv_core_top_ucb0, B       |
| interface       | m_axi port=G offset=slave bundle=gmem_param max_read_burst_length=64  | ../gen/upconv_core_top_ucb0.cpp:22 in upconv_core_top_ucb0, G       |
| interface       | m_axi port=BE offset=slave bundle=gmem_param max_read_burst_length=64 | ../gen/upconv_core_top_ucb0.cpp:23 in upconv_core_top_ucb0, BE      |
| interface       | m_axi port=Y offset=slave bundle=gmem_out max_write_burst_length=64   | ../gen/upconv_core_top_ucb0.cpp:24 in upconv_core_top_ucb0, Y       |
| interface       | s_axilite port=X bundle=control                                       | ../gen/upconv_core_top_ucb0.cpp:26 in upconv_core_top_ucb0, X       |
| interface       | s_axilite port=W bundle=control                                       | ../gen/upconv_core_top_ucb0.cpp:27 in upconv_core_top_ucb0, W       |
| interface       | s_axilite port=B bundle=control                                       | ../gen/upconv_core_top_ucb0.cpp:28 in upconv_core_top_ucb0, B       |
| interface       | s_axilite port=G bundle=control                                       | ../gen/upconv_core_top_ucb0.cpp:29 in upconv_core_top_ucb0, G       |
| interface       | s_axilite port=BE bundle=control                                      | ../gen/upconv_core_top_ucb0.cpp:30 in upconv_core_top_ucb0, BE      |
| interface       | s_axilite port=Y bundle=control                                       | ../gen/upconv_core_top_ucb0.cpp:31 in upconv_core_top_ucb0, Y       |
| interface       | s_axilite port=epsilon bundle=control                                 | ../gen/upconv_core_top_ucb0.cpp:32 in upconv_core_top_ucb0, epsilon |
| interface       | s_axilite port=return bundle=control                                  | ../gen/upconv_core_top_ucb0.cpp:33 in upconv_core_top_ucb0, return  |
| bind_storage    | variable=x_buf type=ram_t2p impl=uram                                 | ../gen/upconv_core_top_ucb0.cpp:37 in upconv_core_top_ucb0, x_buf   |
+-----------------+-----------------------------------------------------------------------+---------------------------------------------------------------------+


